inchikey,scaffold,partition,fold
AADNQPJZRQAMOD-OOHWJJMZSA-N,O=C(Cn1cnc2[nH]c(=O)[nH]c(=O)c21)Nc1csc(-c2ccc(N3CC4CC4C3)nc2)n1,0,2
AADPNBLFAHYYBS-VXGBXAGGSA-N,c1ccc(NC2CCCCC2)cc1,0,4
AAOJDMVYFBSKFT-UHFFFAOYSA-N,c1ccc(-c2cn3ccccc3n2)cc1,0,3
AARVTENEMZRJQO-VIZZQPHQSA-N,O=C(NCc1ccnc(-c2cncnc2)c1)C1CCCN1S(=O)(=O)c1ccccc1,0,0
AASDZFLETHTKKS-UHFFFAOYSA-N,O=C(Cn1ccc2[nH]c(=O)[nH]c(=O)c21)Nc1nc(-c2ccccc2)cs1,0,4
ABOASBRALGFDPQ-GJZGRUSLSA-N,O=c1c2[nH]cnc2ncn1Cc1nn(C2CCC(c3ccccc3)C2)c(=O)o1,0,4
ABQLUKILVQNPKZ-UHFFFAOYSA-N,O=C(Cn1cnc2[nH]c(=O)n(Cc3ccon3)c(=O)c21)Nc1ccccn1,0,2
ABYAAFDXQRWTJE-DOTOQJQBSA-N,O=c1c2cccc(=O)n2ccn1Cc1nc(C2COC(c3ccccc3)C2)no1,0,1
ADSGDRJGOSICMK-XJKSGUPXSA-N,O=c1c2cccc(=O)n2cnn1Cc1nc(C2COC(c3ccccc3)C2)no1,0,0
ADVULNQGSUGCCG-KXTWHKPSSA-N,O=c1c2[nH]cnc2ncn1Cc1nc(C2C3CN(c4cccc(-c5cccnc5)c4)CC32)no1,0,3
AFCFNPKLZQLKPK-APWZRJJASA-N,O=C(NCc1cnn(-c2ccccc2)c1)C1CCCN1S(=O)(=O)c1ccccc1,0,1
AGKMZNQCTOWDFF-ZDUSSCGKSA-N,O=C1NCCc2c1sc1ncn(Cc3nc(CCc4ccccc4)no3)c(=O)c21,0,2
AGPQIQSLJAQASS-GLJUWKHASA-N,O=c1c2[nH]cnc2ncn1Cc1nc(C2C3C=C(c4ccc5ncsc5c4)CC32)no1,0,3
AGXCNAPHYYLCHN-IBGZPJMESA-N,O=C(NCc1cn(-c2cccnc2)c(=O)[nH]c1=O)C1CCCN1S(=O)(=O)c1cc2cnccc2o1,0,3
AHHGHXFTQVZBPO-UHFFFAOYSA-N,c1ccc(Oc2nccc3ccccc23)cc1,0,3
AHJAJTHWNBFJBF-YCPHGPKFSA-N,O=c1c2[nH]cnc2ncn1Cc1nc(C2C3C=C(c4ccccc4)CC32)no1,0,3
AIAJJMJAXBVVRD-YABSGUDNSA-N,O=c1c2[nH]cnc2ncn1Cc1nc(C2C3CN(c4ccccn4)CC32)no1,0,4
AIWIRRGSGOLMQX-UHFFFAOYSA-N,O=c1c2ccncc2ncn1Cc1nn(CCc2ccccc2)c(=O)o1,0,2
AIXGIOZVDSOSEU-HWWDLCQESA-N,O=c1c2cccnc2ncn1Cc1nc(C2C3CN(c4ccccc4)CC32)no1,0,1
AJFUDTVIKFGQMS-UHFFFAOYSA-N,c1ccc(Oc2ncnc3[nH]ccc23)cc1,0,3
AJGIUAWWWVYNEY-ZDUSSCGKSA-N,O=C(Cn1cnc2[nH]c(=O)[nH]c(=O)c21)Nc1cccc(-c2cccnc2)n1,0,3
AKDLWVHAJCEAKD-ZDUSSCGKSA-N,O=C(Cn1cnc2[nH]c(=O)[nH]c(=O)c21)Nc1cccc(-c2cccnc2)n1,0,3
AKQMAZGMANPFFK-GOSISDBHSA-N,O=C(CNS(=O)(=O)c1ccccc1)NCC1CCCN(c2ccccc2)C1,0,0
AKQMAZGMANPFFK-SFHVURJKSA-N,O=C(CNS(=O)(=O)c1ccccc1)NCC1CCCN(c2ccccc2)C1,0,0
AKQMAZGMANPFFK-UHFFFAOYSA-N,O=C(CNS(=O)(=O)c1ccccc1)NCC1CCCN(c2ccccc2)C1,0,0
AKXYWNUSJTXEKI-NHAGDIPZSA-N,O=c1c2[nH]cnc2ncn1Cc1nc(C2C3CN(c4cccnc4)CC32)no1,0,4
AKZDACQLYHVVHF-WCQYABFASA-N,O=c1c2[nH]cnc2ncn1Cc1nc(C2COC(c3ccccc3)C2)no1,0,2
AKZZSBPAHSIOBC-XVDXERDNSA-N,O=c1c2[nH]cnc2ncn1Cc1nn(C2CC(c3ccccc3)C2)c(=O)o1,0,0
ALDVAWDTIJSMNO-ZDHWLGKOSA-N,c1ccccc1,0,1
ALEGZXFLOSZQFJ-OIPGSKEASA-N,c1ccccc1,0,1
ALPYZNHKWLPYPM-HDJSIYSDSA-N,O=c1c2[nH]cnc2ncn1Cc1nn(C2CC(c3ccccc3)C2)c(=O)o1,0,0
AMABIFVVCZYKIM-WCQYABFASA-N,O=c1c2[nH]nnc2ncn1Cc1nc(C2COC(c3ccccc3)C2)no1,0,2
AMMUKFMDWPZRHN-OOHWJJMZSA-N,O=C(Cn1cnc2[nH]c(=O)n(Cc3ncno3)c(=O)c21)Nc1cccc(-c2cnc(N3CC4CC4C3)nc2)n1,0,0
ANDQZSDRMVJBQS-UHFFFAOYSA-N,O=C(Cn1cnc2[nH]c(=O)n(Cc3ccon3)c(=O)c21)Nc1cccc(-c2cccnc2)n1,0,1
ANNUHVXNCFVLIP-GXTWGEPZSA-N,O=c1c2cncn2ncn1Cc1nc(C2COC(c3ccccc3)C2)no1,0,1
ANPQBLBZMKRGJT-UHFFFAOYSA-N,O=C(Cc1coc2[nH]c(=O)[nH]c(=O)c12)Nc1nc(-c2ccccc2)cs1,0,4
ANROYDNBUBEGHC-MQMHXKEQSA-N,O=c1c2cnoc2ncn1Cc1nn(C2CC(c3ccccc3)C2)c(=O)o1,0,3
ANSVBJGYIJAUDS-UHFFFAOYSA-N,O=C(Cn1ccc2[nH]c(=O)[nH]c(=O)c21)Nc1ccccc1,0,3
ANVHGHPKRCRGRV-UHFFFAOYSA-N,O=C(Cn1cnc2[nH]c(=O)[nH]c(=O)c21)Nc1cccc(-c2ccccc2)n1,0,4
AOHQOEYOFNJJNZ-XLIONFOSSA-N,O=C(NCc1cccc(-c2cncnc2)c1)C1CCCN1S(=O)(=O)c1ccccc1,0,1
AOZCJXPKMNJCQR-GGYDESQDSA-N,O=c1c2cccnc2ncn1Cc1nn(C2CC(c3ccccc3)C2)c(=O)o1,0,1
APBUNKVHHWMAAH-CHWSQXEVSA-N,c1ccc(NC2CCCCC2)cc1,0,4
APCBJCFILSRMRW-NQPRBDNZSA-N,c1ccccc1,0,1
APHAPQUZFADCCT-UHFFFAOYSA-N,c1ccc(Oc2ncnc3[nH]ccc23)cc1,0,3
APLQHKFABMHWHP-UHFFFAOYSA-N,O=C(NCSc1ccccc1)c1ccccc1,0,0
AQIGJCZBZXSONM-UHFFFAOYSA-N,O=C(Nc1ccccc1)c1cccs1,0,3
ARPWNFCYSNNAPW-UHFFFAOYSA-N,O=C(Cn1cnc2[nH]c(=O)n(Cc3ccccn3)c(=O)c21)Nc1cccc(-c2cncnc2)n1,0,1
ASHUQWDHMIZJFH-UHFFFAOYSA-N,O=C(Nc1cccc(NCc2ccccc2)c1)c1cccs1,0,1
ASRRTOJJNKDPOE-XLIONFOSSA-N,O=C(NCc1cccc(-c2cnccn2)c1)C1CCCN1S(=O)(=O)c1ccccc1,0,4
ATLHEWQHWGSHBX-AULYBMBSSA-N,O=c1c2[nH]cnc2ncn1Cc1nc(C2CC(Cc3ccccc3)C2)no1,0,0
AUHAKZCDXJXNIS-WCQYABFASA-N,O=c1c2[nH]cnc2ncn1Cc1nc(C2COC(c3ccccc3)C2)no1,0,2
AUNMQOCPGMEAST-ZFWWWQNUSA-N,O=C(Cn1cnc2[nH]c(=O)[nH]c(=O)c21)Nc1csc(-c2cnc(N3CCCC3)nc2)n1,0,4
AUVVPNQJMBEMDI-FOLVSLTJSA-N,O=c1c2[nH]cnc2ncn1Cc1nc(C2C3CN(c4ccccc4)CC32)no1,0,0
AVGRXCGZLZSSPC-UHFFFAOYSA-N,O=C(Cc1cccc2[nH]c(=O)[nH]c(=O)c12)Nc1nc(-c2ccc(C3CCCCC3)cc2)cs1,0,2
AVISJIJTLXTWET-LBPRGKRZSA-N,O=C(Cn1cnc2[nH]c(=O)n(Cc3ncon3)c(=O)c21)Nc1ccnc(-c2cccnc2)n1,0,0
AVMFNJJDFFARPS-IBGZPJMESA-N,O=C(NCc1cc(-c2cccnc2)ncn1)C1CCCN1S(=O)(=O)c1ccccc1,0,0
AVMYOZBHUDFCJI-AEFFLSMTSA-N,O=C(NCc1cccc(-c2cncs2)c1)C1CCCN1S(=O)(=O)c1ccccc1,0,4
AVZYAMPJJDVPDJ-UHFFFAOYSA-N,O=C1C2=C(NC(=S)NC2c2ccccc2)c2ccccc21,0,2
AWDCUIDEVZIBKR-UHFFFAOYSA-N,O=C(Cn1cnc2ccccc2c1=O)NCCc1ccccc1,0,4
AWJBWNUUODWOKQ-UHFFFAOYSA-N,O=c1c2[nH]cnc2ncn1Cc1nc(CCc2ccccc2)no1,0,1
AXFDPUXDIHEOAI-UHFFFAOYSA-N,O=C(Cn1cnc2[nH]c(=O)n(Cc3ccon3)c(=O)c21)Nc1cccc(N2CCCCC2)n1,0,3
AXIFMPBHMMMIKY-AULYBMBSSA-N,O=c1c2[nH]nnc2ncn1Cc1nn(C2CC(c3ccccc3)C2)c(=O)o1,0,4
AXPFEEJMCXUHQD-JTQLQIEISA-N,O=C(Cn1cnc2[nH]c(=O)[nH]c(=O)c21)Nc1cccc(-c2cncnc2)n1,0,0
AXRMPMIEMCXOTJ-VQFNDLOPSA-N,O=c1c2[nH]cnc2ncn1Cc1nc(C2C3CN(c4cccc(-c5ncco5)c4)CC32)no1,0,2
AXVJKWISWYSMEO-MOPGFXCFSA-N,O=C(NCc1cnn(-c2ccccc2)c1)C1CCC1S(=O)(=O)c1ccccc1,0,0
AXVJKWISWYSMEO-UHFFFAOYSA-N,O=C(NCc1cnn(-c2ccccc2)c1)C1CCC1S(=O)(=O)c1ccccc1,0,0
AXVWPJGJCGMVLQ-UHFFFAOYSA-N,O=c1c2cccnc2ncn1Cc1nnc(CCc2ccccc2)o1,0,0
AYPZAZPOYROADP-ZHACJKMWSA-N,C(=Cc1ccccc1)c1ccccc1,0,4
AZGCRXQGLDQGTA-KNQAVFIVSA-N,O=C(NCc1cccc(-c2ccccn2)c1)C1CCCN1S(=O)(=O)c1ccccc1,0,0
AZMMWBUQIXBLDU-UHFFFAOYSA-N,c1ccc(-c2ccc3[nH]ncc3c2)cc1,0,4
AZZRAZUXGHJAOV-WCQYABFASA-N,O=c1c2[nH]cnc2ncn1Cc1nc(C2COC(c3ccccc3)C2)no1,0,2
BAHAKPRBUNPURW-CMPLNLGQSA-N,c1cncc(CC2CCCCC2)c1,0,0
BANGFDNCERQQIE-CHWSQXEVSA-N,O=S(=O)(NC1CCCCC1)c1ccccc1,0,3
BAORHIGPTKNHRW-HBFSDRIKSA-N,O=c1c2[nH]cnc2ncn1Cc1nc(C2C3C=C(c4ccc5ccncc5c4)CC32)no1,0,2
BAORHIGPTKNHRW-NLWGTHIKSA-N,O=c1c2[nH]cnc2ncn1Cc1nc(C2C3C=C(c4ccc5ccncc5c4)CC32)no1,0,2
BAYFMGSXOKNAJZ-VXGBXAGGSA-N,c1ccc(OC2CCCCC2)cc1,0,2
BBCFRTHODCIVDP-VLIAUNLRSA-N,O=C(NCc1cc(-c2cccnc2)ncn1)C1CCCN1S(=O)(=O)c1ccccc1,0,0
BBCFRTHODCIVDP-XOBRGWDASA-N,O=C(NCc1cc(-c2cccnc2)ncn1)C1CCCN1S(=O)(=O)c1ccccc1,0,0
BBFDPQFELBFLCW-GXTWGEPZSA-N,O=c1c2[nH]cnc2ncn1Cc1nc(C2COC(c3ccc4ncsc4c3)C2)no1,0,4
BCKUYDODOWTDPH-XLIONFOSSA-N,O=C(NCc1cc(-c2cccnc2)ccn1)C1CCCN1S(=O)(=O)c1ccccc1,0,3
BCXNWQDMUUSORS-UHFFFAOYSA-N,c1ccc(-c2ccc3[nH]ncc3c2)cc1,0,4
BDMMXSHQKHUFKQ-GOSISDBHSA-N,O=C(c1cn2c(=O)n(Cc3ccccc3)c(=O)cc2s1)N1CCC(Oc2ccccc2)C1,0,1
BDMMXSHQKHUFKQ-SFHVURJKSA-N,O=C(c1cn2c(=O)n(Cc3ccccc3)c(=O)cc2s1)N1CCC(Oc2ccccc2)C1,0,1
BELXXIWFEWPMCV-UOIKSKOESA-N,O=c1c2cccnc2cnn1Cc1nc(C2C3CN(c4ccncc4)CC32)no1,0,3
BGJCZTPFRKSUHS-CMPLNLGQSA-N,O=c1c2scnc2ncn1Cc1nc(C2COC(c3ccccc3)C2)no1,0,4
BGQSZBPWPOXQTF-AWEZNQCLSA-N,O=C1C2=C(NC(=S)NC2c2ccccc2)c2ccccc21,0,2
BGQSZBPWPOXQTF-CQSZACIVSA-N,O=C1C2=C(NC(=S)NC2c2ccccc2)c2ccccc21,0,2
BGQSZBPWPOXQTF-UHFFFAOYSA-N,O=C1C2=C(NC(=S)NC2c2ccccc2)c2ccccc21,0,2
BGXHQWBKFTYLMO-UHFFFAOYSA-N,O=c1c2[nH]cnc2ncn1Cc1nn(CCc2ccccc2)c(=O)o1,0,1
BHLICBDDYVMRMM-UHFFFAOYSA-N,c1ccc(-c2ccc3[nH]ncc3c2)cc1,0,4
BITJIBOQHOBSEQ-PMACEKPBSA-N,O=C(NCc1cc(-c2cncnc2)ccn1)C1CCCN1S(=O)(=O)c1ccccc1,0,0
BIUMIQOEJSJTAM-QFIPXVFZSA-N,O=C(NCc1cc(-c2cccnc2)c[nH]c1=O)C1CCCN1S(=O)(=O)c1cc2ccccc2o1,0,2
BIWXFLAZRBTWMI-UHFFFAOYSA-N,c1ccc(-c2ccc3[nH]ncc3c2)cc1,0,4
BJGBIUYKSAKORC-FHERZECASA-N,O=C(Cn1cnc2[nH]c(=O)[nH]c(=O)c21)Nc1cncc(-c2cnc(N3CC4CC4C3)nc2)n1,0,0
BJNUBTRKMKILLA-DEOSSOPVSA-N,O=C(NCc1c[nH]c(=O)c(-c2ccccc2)c1)C1CCCN1S(=O)(=O)c1cc2ccccc2o1,0,1
BJZUYRRKPINCLY-UHFFFAOYSA-N,O=C(Nc1ccccc1)c1cccnc1,0,3
BKBDSVDSSWOBTQ-GXTWGEPZSA-N,O=c1c2[nH]cnc2ncn1Cc1nc(C2COC(c3ccccc3)C2)no1,0,2
BKDSPECIAKYFPT-XJKSGUPXSA-N,O=c1c2ccncc2ncn1Cc1nc(C2COC(c3ccccc3)C2)no1,0,4
BKTFMVDMGYGHGU-UHFFFAOYSA-N,O=C(NCc1cc(-c2cccnc2)ncn1)C1C2CCC(C2)N1S(=O)(=O)c1ccccc1,0,3
BLKRXSROXNOPPY-GGYDESQDSA-N,O=c1c2cccnc2ncn1Cc1nn(C2CC(c3ccccc3)C2)c(=O)o1,0,1
BMJPYMNIGZKPLS-LBPRGKRZSA-N,O=c1c2ccsc2ncn1Cc1nnn(CCc2cc3ccccc3o2)n1,0,2
BMPXPBSETVIDSP-UHFFFAOYSA-N,c1ccc(-c2ccc3[nH]ncc3c2)cc1,0,4
BOBRNSMQJNURJX-JEYLPNPQSA-N,O=C(Cn1cnc2[nH]c(=O)[nH]c(=O)c21)Nc1csc(-c2cnc(N3CC4CC4C3)nc2)n1,0,4
BOBUEKYDHRZMRK-UHFFFAOYSA-N,O=C1C2=C(NC(=S)NC2c2ccccc2)c2ccccc21,0,2
BONDEBJDVZGSIK-UHFFFAOYSA-N,O=C(Cn1cnc2[nH]c(=O)n(Cc3ccon3)c(=O)c21)Nc1cccc(N2CCCCC2)n1,0,3
BOXFETBEAMXCQH-DZGCQCFKSA-N,O=c1c2cncn2ncn1Cc1nc(C2COC(c3ccccc3)C2)no1,0,1
BPCZABOCGVZEBN-ZDUSSCGKSA-N,O=C(Cn1cnc2[nH]c(=O)n(Cc3ccon3)c(=O)c21)Nc1cncc(-c2cccnc2)n1,0,2
BPKDWFGRTCABEJ-FQEVSTJZSA-N,O=C(CNS(=O)(=O)c1ccccc1)NCC1CN(c2ccccc2)CCO1,0,3
BPKDWFGRTCABEJ-HXUWFJFHSA-N,O=C(CNS(=O)(=O)c1ccccc1)NCC1CN(c2ccccc2)CCO1,0,3
BPKDWFGRTCABEJ-UHFFFAOYSA-N,O=C(CNS(=O)(=O)c1ccccc1)NCC1CN(c2ccccc2)CCO1,0,3
BPLFISJMISZSMT-GXTWGEPZSA-N,O=c1[nH]c(=O)c2c(ncn2Cc2nc(C3COC(c4ccccc4)C3)no2)[nH]1,0,0
BPSURRHXFTVNPC-AWEZNQCLSA-N,O=C(Cn1cnc2[nH]c(=O)[nH]c(=O)c21)Nc1csc(-c2cncnc2)n1,0,2
BPWDLGXLIXBTPG-GXTWGEPZSA-N,O=c1c2cncn2ncn1Cc1nc(C2COC(c3ccccc3)C2)no1,0,1
BRBMIYHOFADQNK-RYRKJORJSA-N,O=c1c2[nH]cnc2ncn1Cc1nc(C2C3C=C(c4ccccc4)CC32)no1,0,3
BRNFYDHNQCOLDA-DEOSSOPVSA-N,O=C(NCc1cc(-c2ccccc2)c[nH]c1=O)C1CCCN1S(=O)(=O)c1cc2ccccc2o1,0,1
BSJPLCMGLSAERZ-APWZRJJASA-N,O=C(NCc1cc(-c2cncnc2)ccn1)C1CCCN1S(=O)(=O)c1ccccc1,0,0
BSXZECKVHWDHMU-UHFFFAOYSA-N,O=c1c2[nH]cnc2ncn1Cc1nn(CCc2ccccc2)c(=O)o1,0,1
BTGRJSKXOVCJGC-VIZZQPHQSA-N,O=C(NCc1cc(-c2cccnc2)ncn1)C1CCCN1S(=O)(=O)c1ccccc1,0,0
BTNUNVLIPAOCMM-LAQFHYBYSA-N,O=c1c2[nH]cnc2ncn1Cc1nc(C2C3CN(c4ccc5ocnc5c4)CC32)no1,0,1
BUIYVEPGAGPGLB-CTYIDZIISA-N,O=c1c2[nH]cnc2ncn1Cc1nc(C2CC(Oc3ccccc3)C2)no1,0,2
BUMGTYYOOSBBHW-UHFFFAOYSA-N,c1ccc(Oc2nccc3ccccc23)cc1,0,3
BUQGXZUGSBDOIZ-QFIPXVFZSA-N,O=C(NCc1cn(-c2ccccc2)c(=O)[nH]c1=O)C1CCCN1S(=O)(=O)c1cc2ccccc2o1,0,0
BUYFCKGCSXZWDP-MNZLEMJZSA-N,O=c1c2cccnc2ncn1Cc1nc(C2C3CN(c4ccccc4)CC32)no1,0,1
BUZFDVGJMBLEGQ-UHFFFAOYSA-N,c1ccc(CC2CCCCC2)cc1,0,2
BVMBHIKCHPFTIX-HDJSIYSDSA-N,O=c1c2[nH]cnc2ncn1Cc1nn(C2CC(c3ccccc3)C2)c(=O)o1,0,0
BWJKJXASLSRQNM-HDJSIYSDSA-N,O=c1c2cccnc2ncn1Cc1nc(C2CC(c3ccccc3)C2)no1,0,2
BWTWYFLHUIVVNP-WMLDXEAASA-N,O=c1c2cccnc2cnn1Cc1nc(C2COC(c3ccccc3)C2)no1,0,4
BXAPLRVODFEIFT-AWEZNQCLSA-N,O=C1NCCc2c1sc1ncn(Cc3nnn(CCc4ccccc4)n3)c(=O)c21,0,3
BXVDTIPLGIPGFG-WCQYABFASA-N,O=c1[nH]c2nc[nH]c2c(=O)n1Cc1nc(C2COC(c3ccccc3)C2)no1,0,3
BXWRYHWVMJYQDS-ZDUSSCGKSA-N,O=C1NCCc2c1sc1ncn(Cc3nnn(CCc4ccccc4)n3)c(=O)c21,0,3
BZFAADKUMJMAMD-QFIPXVFZSA-N,O=C(NCc1cn(-c2ccccc2)c(=O)[nH]c1=O)C1CCCN1S(=O)(=O)c1cc2ccccc2o1,0,0
BZTMKWCWKFEAKS-UHFFFAOYSA-N,c1ccc(-c2cc3cn[nH]c3cc2OCC2CC2)cc1,0,2
CANXPAGDHYDXAS-IYARVYRRSA-N,O=c1c2[nH]cnc2ncn1Cc1nn(C2CC(c3ccc4ccccc4c3)C2)c(=O)o1,0,1
CAURCPOFUZVLHO-FRQCXROJSA-N,O=c1c2[nH]cnc2ncn1Cc1nc(C2C3C=C(c4ccc5[nH]ncc5c4)CC32)no1,0,0
CBEQYPJASLPYCV-SVIJTADQSA-N,O=C(NCc1cc(-c2cncnc2)ccn1)C1CCCN1S(=O)(=O)c1ccccc1,0,0
CBSZTXHMDYXAMD-UHFFFAOYSA-N,O=C1C2=C(NC(=S)NC2c2ccccn2)c2ccccc21,0,4
CBZINAVQQWCRAE-ZDUSSCGKSA-N,O=c1c2ccsc2ncn1Cc1nc(CCc2ccccc2)no1,0,2
CCDZVVJMCCIMJK-NRFANRHFSA-N,O=C(NCc1cn(-c2ccccc2)c(=O)[nH]c1=O)C1CCCN1S(=O)(=O)c1cc2ccccc2o1,0,0
CCKDABRNCXXPNF-VXGBXAGGSA-N,c1ccc(NC2CCCCC2)cc1,0,4
CCUITVGIDVPEJI-UHFFFAOYSA-N,O=C(Cc1csc2[nH]c(=O)[nH]c(=O)c12)Nc1nc(-c2ccccc2)cs1,0,1
CCUWLJJJTXPUCI-HIFPTAJRSA-N,O=C(Cn1cnc2[nH]c(=O)[nH]c(=O)c21)Nc1csc(-c2cnc(N3CC4CC4C3)nc2)n1,0,4
CDIBRYDRWDNHKR-OFNKIYASSA-N,O=C(NCc1cccc(-c2ccccc2)c1)C1CCCN1S(=O)(=O)c1ccccc1,0,0
CDLPZSXOJZPUNZ-JOCHJYFZSA-N,O=C(NCc1cc(-c2cccnc2)ncn1)C1CCCN1S(=O)(=O)c1ccccc1,0,0
CEDDKVSCQBMJRG-UHFFFAOYSA-N,O=C(Cc1cccc2[nH]c(=O)[nH]c(=O)c12)Nc1ccn(-c2ccccc2)n1,0,2
CEHXVBLLORENHV-LAQFHYBYSA-N,O=c1c2[nH]cnc2ncn1Cc1nc(C2C3CN(c4ccc5ncsc5c4)CC32)no1,0,0
CENSBZQZRLLDCL-JOCQHMNTSA-N,O=c1c2[nH]cnc2ncn1Cc1nc(C2CC(c3ccccc3)C2)no1,0,3
CEOUAXRSPKQSPT-LBPRGKRZSA-N,O=C(Cn1cnc2[nH]c(=O)n(Cc3ncno3)c(=O)c21)Nc1ccnc(-c2cccnc2)n1,0,1
CERUYKDYVULSDG-SJORKVTESA-N,O=C(NCc1cnn(-c2cccnc2)c1)C1CCC1S(=O)(=O)c1ccccc1,0,3
CERUYKDYVULSDG-UHFFFAOYSA-N,O=C(NCc1cnn(-c2cccnc2)c1)C1CCC1S(=O)(=O)c1ccccc1,0,3
CGKGVIMZSQQQKI-MNZLEMJZSA-N,O=c1c2[nH]cnc2ncn1Cc1nc(C2C3CN(c4cc5ccccc5cn4)CC32)no1,0,3
CHJNLJDLILUZCU-WMLDXEAASA-N,O=c1c2ccncc2ncn1Cc1nc(C2COC(c3ccccc3)C2)no1,0,4
CHTXUMBCIKLCKW-GXTWGEPZSA-N,O=c1c2cn[nH]c2ncn1Cc1nc(C2COC(c3ccccc3)C2)no1,0,0
CIACKZWBHIJWSD-UHFFFAOYSA-N,c1ccc(-c2cc3cn[nH]c3cc2C2CC2)cc1,0,1
CIKWLRYNURTNGX-AWEZNQCLSA-N,O=C(Cn1cnc2[nH]c(=O)n(Cc3ccon3)c(=O)c21)Nc1cncc(-c2cccnc2)n1,0,2
CISHPMUQLTYQDL-UHFFFAOYSA-N,c1ccc(-c2ccc3[nH]ncc3c2)cc1,0,4
CIYDGMDZVSRZAF-RRFJBIMHSA-N,O=c1c2[nH]cnc2ncn1Cc1nn(C2CCC(c3ccccc3)C2)c(=O)o1,0,4
CJIFGBJDSODVOU-JTQLQIEISA-N,O=C(Cn1cnc2[nH]c(=O)[nH]c(=O)c21)Nc1csc(-c2ccccc2)n1,0,2
CKQMTXLABQTGQB-DHZHZOJOSA-N,O=C(C=Cc1ccccc1)Nc1ccccc1,0,3
CLALAOKNVZYDNB-HALDLXJZSA-N,O=c1c2[nH]cnc2ncn1Cc1nc(C2C3CN(c4ccccc4)CC32)no1,0,0
CLCRTUFFZNMHLS-LBPRGKRZSA-N,O=c1c2ccsc2ncn1Cc1nnn(CCc2cc3ccccc3o2)n1,0,2
CLDTYDWCLGHBRJ-UHFFFAOYSA-N,c1ccc(Nc2n[nH]c3ccccc23)cc1,0,3
CLZKMFVTJPNWFB-VQFNDLOPSA-N,O=c1c2cccnc2ncn1Cc1nc(C2C3CN(c4ccccc4)CC32)no1,0,1
CMKRUJONJACVHU-JOCHJYFZSA-N,O=C(NCc1cc(-c2cccnc2)ncn1)C1CCCN1S(=O)(=O)c1ccccc1,0,0
CMMHGQMDAWNUJF-NNUKFRKNSA-N,O=c1c2cccnc2ncn1Cc1nc(C2CC(Oc3ccccc3)C2)no1,0,1
CMPQQCSDOGJLLR-JOCHJYFZSA-N,O=C(NCc1cc(-c2cccnc2)ncn1)C1CCCN1S(=O)(=O)c1ccccc1,0,0
CMQWFYBXZLEOMA-FQEVSTJZSA-N,O=C(NCc1cc(-c2cccnc2)ncn1)C1CCCN1S(=O)(=O)c1ccccc1,0,0
CNBMUGGIAWLNKG-SHTZXODSSA-N,O=c1c2cccnc2ncn1Cc1nc(C2CC(c3ccccc3)C2)no1,0,2
CNMIUCDUEVFNKU-QHCPKHFHSA-N,O=C(NCc1cn(-c2ccccc2)c(=O)[nH]c1=O)C1CCCN1S(=O)(=O)c1cc2ccccc2o1,0,0
CNXACZHZGCZDBO-UHFFFAOYSA-N,O=c1c2[nH]cnc2ncn1Cc1nn(CCc2ccccc2)c(=O)o1,0,1
CNYDIRYGXDXINR-GCJKJVERSA-N,O=C(NCc1cccc(-c2ccccn2)c1)C1CCCN1S(=O)(=O)c1ccccc1,0,0
COEDYLGJVZYSIH-JTQLQIEISA-N,O=C(Cn1cnc2[nH]c(=O)[nH]c(=O)c21)Nc1csc(-c2cccnc2)n1,0,1
COUSNIYNXWRIMA-WQGACYEGSA-N,O=c1c2[nH]cnc2ncn1Cc1nc(C2C3C=C(c4ccccc4)CC32)no1,0,3
COWHGJLKSFLNRB-QLPKVWCKSA-N,O=c1c2[nH]cnc2ncn1Cc1nc(C2C3CN(c4ccccc4)CC32)no1,0,0
COWJGGFKTKTZOT-XJKSGUPXSA-N,O=c1c2[nH]cnc2ccn1Cc1nc(C2COC(c3ccccc3)C2)no1,0,0
CPOOXCQPULFHNM-YABSGUDNSA-N,O=c1c2[nH]nnc2ncn1Cc1nc(C2C3CN(c4ccccn4)CC32)no1,0,1
CPVYDKXZLWVTEE-GXFFZTMASA-N,O=c1c2ccnn2ncn1Cc1nc(C2COC(c3ccccc3)C2)no1,0,4
CQGSBWGNKKNJCP-RYRKJORJSA-N,O=c1c2[nH]cnc2ncn1Cc1nc(C2C3C=C(c4ccccc4)CC32)no1,0,3
CQQRVWPXVJWBRU-UHFFFAOYSA-N,O=c1c2[nH]cnc2ncn1Cc1noc(CCc2ccccc2)n1,0,3
CRANEYHZXMLJBS-SWLSCSKDSA-N,O=c1c2[nH]cnc2cnn1Cc1nc(C2COC(c3ccccc3)C2)no1,0,0
CRMCPZOEWQJMFS-LBPRGKRZSA-N,O=c1c2[nH]cnc2ncn1Cc1nn(CCc2ccccc2)c(=O)o1,0,1
CRVXZKHWEUVJFA-ZDUSSCGKSA-N,O=c1c2ccoc2ncn1Cc1nnn(CCc2ccccc2)n1,0,1
CSKJIIXTWHNKSV-UHFFFAOYSA-N,O=C(Nc1ccccc1)c1ccccc1,0,0
CSUMASYLFZPZKR-VFNWGFHPSA-N,O=C(NCc1cc(-c2ccccc2)ncn1)C1CCCN1S(=O)(=O)c1ccccc1,0,4
CSWZSXQZBCOVSJ-FQEVSTJZSA-N,O=C(Cn1cnc2[nH]c(=O)n(Cc3ccccn3)c(=O)c21)Nc1cccc(-c2cnc(N3CCCC3)nc2)n1,0,1
CTVDAKKIBPDSKS-HNNXBMFYSA-N,O=C(Cn1cnc2[nH]c(=O)n(Cc3ccon3)c(=O)c21)Nc1cccc(-c2cccnc2)n1,0,1
CUODMWHGYJSPRF-XJKSGUPXSA-N,O=c1c2cccnc2ncn1Cc1nc(C2COC(c3ccccc3)C2)no1,0,2
CUXROWBZAXBRIM-UHFFFAOYSA-N,O=C(CNS(=O)(=O)c1ccccc1)NCc1cccc(C2CC2)c1,0,1
CVQHMRPOOCQEKI-OOHWJJMZSA-N,O=C(Cn1cnc2[nH]c(=O)[nH]c(=O)c21)Nc1csc(-c2ccc(N3CC4CC4C3)nc2)n1,0,2
CWCODCHAQNOYLW-QFIPXVFZSA-N,O=C(NCc1cn(-c2ccccc2)c(=O)[nH]c1=O)C1CCCN1S(=O)(=O)c1cc2ccccc2o1,0,0
CXKWWEBSUNFLIN-UTKZUKDTSA-N,O=C(NCc1cc(-c2ccccc2)ncn1)C1CCCN1S(=O)(=O)c1ccccc1,0,4
CXQKCYMIGNQZOZ-UHFFFAOYSA-N,O=c1[nH]cnc2cnn(Cc3nc(CCc4ccccc4)no3)c12,0,2
CYNMROYWBACHTQ-XLIONFOSSA-N,O=C(NCc1cccc(-n2cccn2)c1)C1CCCN1S(=O)(=O)c1ccccc1,0,4
CYQZMMUPORHDSC-MRXNPFEDSA-N,O=S(=O)(c1ccccc1)N1CCCC1c1ccccc1,0,4
CYWFSLKYTRCPPA-MQMHXKEQSA-N,O=c1c2[nH]cnc2ncn1Cc1nn(C2CC(c3ccccc3)C2)c(=O)o1,0,0
CZLHDEMBLZTFGA-UMYLGFLZSA-N,c1ccsc1,0,4
CZSWXNBPJXPCFZ-GGYDESQDSA-N,O=c1c2cccnc2ncn1Cc1nn(C2CC(c3ccccc3)C2)c(=O)o1,0,1
CZWUSKMGGLHRBH-AWEZNQCLSA-N,O=C(Cn1cnc2[nH]c(=O)[nH]c(=O)c21)Nc1cccc(-c2cccnc2)n1,0,3
DBXCRZFXGYPTQJ-WCQYABFASA-N,O=c1c2[nH]cnc2nnn1Cc1nc(C2COC(c3ccccc3)C2)no1,0,0
DBZDCJRBMOZLQI-FUHWJXTLSA-N,O=S(=O)(c1ccccc1)N1CCCC1c1ccccc1,0,4
DCHZOOHTNLONBI-CMPLNLGQSA-N,O=c1c2[nH]nnc2ncn1Cc1nc(C2COC(c3ccccc3)C2)no1,0,2
DCIRNJZMAVZAQG-OOHWJJMZSA-N,O=C(Cn1cnc2[nH]c(=O)[nH]c(=O)c21)Nc1cccc(-c2cnc(N3CC4CC4C3)cn2)n1,0,0
DCVSFXIYOAFCQQ-ZHRRBRCNSA-N,O=C(NCc1cnn(-c2cccnc2)c1)C1CCCN1S(=O)(=O)c1ccccc1,0,3
DDBRUPZDWAODIC-AEFFLSMTSA-N,O=C(NCc1cncc(-c2cncnc2)c1)C1CCCN1S(=O)(=O)c1ccccc1,0,0
DDCBCYZFOVRVBY-UHFFFAOYSA-N,O=C(Cc1coc2[nH]c(=O)[nH]c(=O)c12)Nc1nc(-c2ccccc2)cs1,0,4
DEEKSQRKTYEQAN-QWHZDKJVSA-N,O=c1c2cccnc2ncn1Cc1nc(C2C3CN(c4ccc5ncsc5c4)CC32)no1,0,4
DEGUDXJXTJSIFF-GOSISDBHSA-N,c1ccc(CCN2CCCCC2)cc1,0,2
DEGUDXJXTJSIFF-SFHVURJKSA-N,c1ccc(CCN2CCCCC2)cc1,0,2
DEMKZLAVQYISIA-ZRWXNEIDSA-N,O=C1CC(c2ccc(OC3CCCCO3)cc2)Oc2ccccc21,0,4
DEOVWIPKRDTVPC-GTPINHCMSA-N,O=C(Cn1cnc2[nH]c(=O)[nH]c(=O)c21)Nc1cccc(-c2cnc(N3CC4CC4C3)cn2)n1,0,0
DEQOZQHMWLHJLS-UWVAXJGDSA-N,O=c1c2[nH]cnc2ncn1Cc1nc(C2C3C=C(c4ccccc4)CC32)no1,0,3
DFRRLTYRSAJCPA-UHFFFAOYSA-N,c1ccccc1,0,1
DGUJPXZEBMKLMM-LBPRGKRZSA-N,O=c1c2ccoc2ncn1Cc1nnn(CCc2cc3ccccc3o2)n1,0,3
DHGRAFMYKRWRSJ-VYDXJSESSA-N,O=c1c2[nH]cnc2ncn1Cc1nc(C2C3C=C(c4ccccc4)CC32)no1,0,3
DHGRAFMYKRWRSJ-ZMSDIMECSA-N,O=c1c2[nH]cnc2ncn1Cc1nc(C2C3C=C(c4ccccc4)CC32)no1,0,3
DHGUOHDVYXFMFQ-IYARVYRRSA-N,O=c1c2cccnc2ncn1Cc1nn(C2CC(c3ccc4ncccc4c3)C2)c(=O)o1,0,3
DIAYDLRDYDEHDA-XJKSGUPXSA-N,O=c1ccc2ncn(Cc3nc(C4COC(c5ccccc5)C4)no3)c(=O)c2[nH]1,0,0
DIIQAMTUZXBVMZ-BTYIYWSLSA-N,O=C(NCc1cnn(-c2ccccc2)c1)C1CCCN1S(=O)(=O)c1ccccc1,0,1
DIRMTWBVAUKNIW-UHFFFAOYSA-N,O=C(Cn1cnc2[nH]c(=O)n(Cc3ncon3)c(=O)c21)Nc1csc(-c2cccnc2)n1,0,1
DJDKJQHFJXTIKP-UHFFFAOYSA-N,O=C(Cc1coc2[nH]c(=O)[nH]c(=O)c12)Nc1nc(-c2ccccc2)cs1,0,4
DJJSNCWPZMUIPG-UHFFFAOYSA-N,c1ccc(CC2CCCCC2)cc1,0,2
DJYLSUHLHQFDOE-UHFFFAOYSA-N,c1ccc(Oc2nccc3ccccc23)cc1,0,3
DKBGJIILYWWMRH-UHFFFAOYSA-N,c1ccc(Oc2ncnc3ccccc23)cc1,0,3
DKIMBNVMKUFBST-WMLDXEAASA-N,O=S(=O)(c1ccccc1)N1CCCC1c1ccccc1,0,4
DKKPQUFSNQFNET-UHFFFAOYSA-N,O=C(CNC(=O)c1ccccc1)c1ccccc1,0,2
DKSDOKBELUNFIE-BJHJDKERSA-N,O=c1c2[nH]cnc2ncn1Cc1nc(C2CC(Cc3ccccc3)C2)no1,0,0
DKUIXNVMCXZCKN-UHFFFAOYSA-N,O=C(Cn1cnc2[nH]c(=O)n(Cc3ccccn3)c(=O)c21)Nc1cccc(-c2ccccc2)n1,0,0
DLPWZGVQCLYDHO-UHFFFAOYSA-N,O=C(Cn1cnc2[nH]c(=O)n(Cc3ccon3)c(=O)c21)Nc1cccc(N2CC3CC3C2)n1,0,3
DLXGKTWQOPDGDA-KWUMSVIQSA-N,O=c1c2cccnc2ncn1Cc1nc(C2CC(c3ccccc3)C2)no1,0,2
DMBRCJACORWWAQ-DEOSSOPVSA-N,O=C(NCc1cc(-c2ccccc2)c[nH]c1=O)C1CCCN1S(=O)(=O)c1cc2ccccc2o1,0,1
DMLDAUYAJBPNMF-VLIAUNLRSA-N,O=C(NCc1cc(-c2cccnc2)ccn1)C1CCCN1S(=O)(=O)c1ccccc1,0,3
DMVJOYDROMTHSO-NRFANRHFSA-N,O=C(NCc1cn(-c2ccccc2)c(=O)[nH]c1=O)C1CCCN1S(=O)(=O)c1cc2ccccc2o1,0,0
DMXZZBZXDMPWMC-VKTMSVCMSA-N,c1ccncc1,0,4
DNGBHFGCHWZAEK-JOCQHMNTSA-N,O=c1c2[nH]cnc2ncn1Cc1nc(C2CC(c3ccccc3)C2)no1,0,3
DNTIPHKVCXUYRM-UHFFFAOYSA-N,O=C(NCSc1ccccc1)c1ccccc1,0,0
DNUUOBAPXDXADD-HYEYJGRESA-N,O=c1c2[nH]cnc2ncn1Cc1nc(C2C3CN(c4ccccc4)CC32)no1,0,0
DOAZWVGOKGVJJR-FOLVSLTJSA-N,O=c1c2[nH]cnc2ncn1Cc1nc(C2C3CN(c4ccccc4)CC32)no1,0,0
DOBJBFNRWRRVBT-FHERZECASA-N,O=C(Cn1cnc2[nH]c(=O)[nH]c(=O)c21)Nc1cncc(-c2cnc(N3CC4CC4C3)nc2)n1,0,0
DOCJPRPOCLIJRE-YJYMSZOUSA-N,O=C(NCc1cc(-c2cnccn2)ccn1)C1CCCN1S(=O)(=O)c1ccccc1,0,1
DPAOKPJHCRBSPQ-UHFFFAOYSA-N,O=C(CNS(=O)(=O)c1ccccc1)NCc1cccc(N2CCCC2)c1,0,0
DPIVYZZBFLLVQT-UHFFFAOYSA-N,O=C1C2=C(NC(=S)NC2c2ccccc2)c2ccccc21,0,2
DPYKKSMHTFGSEZ-OOHWJJMZSA-N,O=C(Cn1cnc2[nH]c(=O)[nH]c(=O)c21)Nc1csc(-c2ccc(N3CC4CC4C3)nc2)n1,0,2
DQMKDVUGJCOEFB-DZFIZOCASA-N,O=c1c2[nH]cnc2ncn1Cc1nc(C2C3CN(c4ccc5ccncc5c4)CC32)no1,0,2
DRBIJLJBIZNBSI-OAHLLOKOSA-N,O=C1C2=C(NC(=S)NC2c2ccccc2)c2ccccc21,0,2
DRBIJLJBIZNBSI-UHFFFAOYSA-N,O=C1C2=C(NC(=S)NC2c2ccccc2)c2ccccc21,0,2
DRMGHQKJRKRAAE-UHFFFAOYSA-N,O=C(NCC(Cc1ccccc1)N1CCCCC1)C1(c2ccccc2)CCCC1,0,2
DTFHZFACWKUJPZ-JOCQHMNTSA-N,O=C(c1ccccc1)C1CC(c2noc(Cn3cnc4nc[nH]c4c3=O)n2)C1,0,4
DTPJIPPQGPABTK-LBPRGKRZSA-N,O=c1c2ccsc2ncn1Cc1nnn(CCc2ccccc2)n1,0,4
DTVXBNDIMDRBBV-GOSISDBHSA-N,O=C1C2=C(NC(=S)NC2c2ccccc2)c2ccccc21,0,2
DTVXBNDIMDRBBV-UHFFFAOYSA-N,O=C1C2=C(NC(=S)NC2c2ccccc2)c2ccccc21,0,2
DTXASEKLDRHEQO-UHFFFAOYSA-N,O=C(Cn1ccc2[nH]c(=O)[nH]c(=O)c21)Nc1nc(-c2ccccc2)cs1,0,4
DUAGJPVKZYTJQM-LBPRGKRZSA-N,O=C(Cn1cnc2[nH]c(=O)[nH]c(=O)c21)Nc1csc(-c2cccnc2)n1,0,1
DUDGVTZIXWMUJM-OOHWJJMZSA-N,O=C(Cn1cnc2[nH]c(=O)[nH]c(=O)c21)Nc1cccc(-c2ccc(N3CC4CC4C3)nc2)n1,0,0
DUKDOQAYUAMVIA-QJLMEOIESA-N,O=C(NCc1cc(C2CCCCC2)ncn1)C1CCCN1S(=O)(=O)c1ccccc1,0,4
DUKDOQAYUAMVIA-SZUSHISOSA-N,O=C(NCc1cc(C2CCCCC2)ncn1)C1CCCN1S(=O)(=O)c1ccccc1,0,4
DVSUUDQPYLXSED-IPVJXJPOSA-N,O=c1c2cccnc2ncn1Cc1nc(C2CC(c3ccccc3)C2)no1,0,2
DWAWIOKCMZJXGY-ZWKOTPCHSA-N,O=c1c2[nH]cnc2ncn1Cc1nc(C2COC(c3ccc4ccccc4c3)C2)no1,0,3
DWKWEXOFAGHGPU-PKOBYXMFSA-N,O=c1c2cnc(N3CCNCC3)n2ncn1Cc1nc(C2COC(c3ccccc3)C2)no1,0,4
DWKWGYFSYUEEDC-MXVIHJGJSA-N,O=c1c2cccnc2ncn1Cc1nc(C2CC(c3ccc4ccccc4c3)C2)no1,0,2
DWZFXFKEACEOBD-UHFFFAOYSA-N,O=C(Nc1ccccc1)c1ccccc1,0,0
DXPDEFAQERXWLM-QHCPKHFHSA-N,O=C(NCc1c[nH]c(=O)c(-c2ccccn2)c1)C1CCCN1S(=O)(=O)c1cc2ccccc2o1,0,3
DXPVSKMQMRRVIF-HSBZDZAISA-N,O=C(Cn1cnc2[nH]c(=O)[nH]c(=O)c21)Nc1csc(-c2cnc(N3CC4CC4C3)nc2)n1,0,4
DXWIIDPZTZPYBU-SMDDNHRTSA-N,O=C(NCc1nc(C2COC(c3ccccc3)C2)no1)c1cnn[nH]1,0,4
DZCRSQJSUHVSNU-AWEZNQCLSA-N,O=C(Cn1cnc2[nH]c(=O)n(Cc3ccccn3)c(=O)c21)Nc1cccc(-c2cncnc2)n1,0,1
DZQZOUCQQZZXDZ-QLPKVWCKSA-N,O=c1c2[nH]cnc2ncn1Cc1nc(C2C3CN(c4ccccc4)CC32)no1,0,0
DZUUKSOAPLTGHW-UHFFFAOYSA-N,O=C1C2=C(NC(=S)NC2c2cccc(OCc3cccnc3)c2)c2ccccc21,0,2
DZWTVPLPFLUECS-UHFFFAOYSA-N,O=C(CNS(=O)(=O)c1ccccc1)NCc1cc(N2CCCCC2)ncn1,0,2
DZZBEGYUYXZHDF-HKUYNNGSSA-N,O=C(NCc1ccnc(-c2cncnc2)c1)C1CCCN1S(=O)(=O)c1ccccc1,0,0
FATUHOJCYPAYKH-UHFFFAOYSA-N,O=C(Cc1coc2[nH]c(=O)[nH]c(=O)c12)Nc1nc(-c2ccccc2)cs1,0,4
FBSZSRPGDWDHLD-UHFFFAOYSA-N,O=C(Cn1cnc2[nH]c(=O)[nH]c(=O)c21)Nc1csc(-c2cccnc2)n1,0,1
FCFCSZPQFJTENQ-MQMHXKEQSA-N,O=c1c2[nH]cnc2ncn1Cc1nn(C2CC(c3ccccc3)C2)c(=O)o1,0,0
FCMUQGQOHDDBSQ-SUMWQHHRSA-N,O=c1c2c(ncn1Cc1nc(C3COC(c4ccccc4)C3)no1)CNCC2,0,3
FCOSPAMFCZKOMI-AWEZNQCLSA-N,O=C1NCCc2c1sc1ncn(Cc3nnn(CCc4ccccc4)n3)c(=O)c21,0,3
FCSBJUCLEMSROM-BEFAXECRSA-N,O=C(NCc1cc(-c2cnccn2)ccn1)C1CCCN1S(=O)(=O)c1ccccc1,0,1
FEDQIVSBCTYUSF-BUTPEJBISA-N,O=C1C2C=CN=CC2N=CN1Cc1nc(C2COC(c3ccccc3)C2)no1,0,1
FELFYFLOCBXASZ-UHFFFAOYSA-N,O=c1c2[nH]cnc2ncn1Cc1nc(CCc2ccccc2)no1,0,1
FFKHUSNRDZTBEK-UHFFFAOYSA-N,c1ccc2[nH]c(-c3n[nH]c4cccnc34)cc2c1,0,0
FFLBKZQHVGBNKP-UHFFFAOYSA-N,O=C(Cc1coc2[nH]c(=O)[nH]c(=O)c12)Nc1nc(-c2ccccc2)cs1,0,4
FGQHVSVCWJXATK-UHFFFAOYSA-N,c1ccc(-c2n[nH]c3ccccc23)cc1,0,4
FHTOBCAUNVYQCW-UTKZUKDTSA-N,O=C(NCc1cnn(-c2ccccc2)c1)C1CCCN1S(=O)(=O)c1ccccc1,0,1
FIBJEOLUMVIRIT-DZGCQCFKSA-N,O=c1c2[nH]cnc2ncn1Cc1nc(C2COC(c3ccccc3)C2)no1,0,2
FICCUPYHHFFCIM-JXMROGBWSA-N,O=C(C=Cc1ccccc1)Nc1ccccc1,0,3
FJBYXALKFQSAGN-APWZRJJASA-N,O=C(NCc1ccnc(-c2cncnc2)c1)C1CCCN1S(=O)(=O)c1ccccc1,0,0
FJEQNXSKGGBBDD-UHFFFAOYSA-N,O=C(Nc1ccccc1)c1ccccc1,0,0
FJNRQRRMZBASMG-GXTWGEPZSA-N,O=c1c2cncn2ncn1Cc1nc(C2COC(c3ccccc3)C2)no1,0,1
FJUZYWBVQVHTJI-SWLSCSKDSA-N,O=c1c2ccnnc2ncn1Cc1nc(C2COC(c3ccccc3)C2)no1,0,2
FKCJHLWKMWRKBM-LBPRGKRZSA-N,O=c1c2ccoc2ncn1Cc1nnn(CCc2cc3ccccc3s2)n1,0,1
FLIQYUIVRAOUGB-FUHWJXTLSA-N,O=c1c2cnc(N3CCC3)n2ncn1Cc1nc(C2COC(c3ccccc3)C2)no1,0,4
FLNSDZHQQBHXMR-UHFFFAOYSA-N,c1ccc(CC2CCCCC2)cc1,0,2
FLQOKJWUYDGZIT-VAWYXSNFSA-N,C(=Cc1ccccc1)c1ccccc1,0,4
FMAWUSSXGHYEJS-ZBFHGGJFSA-N,O=C(NCc1cnn(-c2cnccn2)c1)C1CCCN1S(=O)(=O)c1ccccc1,0,2
FMIIIXHTXHNZIP-UHFFFAOYSA-N,O=C(Cc1cccc2[nH]c(=O)[nH]c(=O)c12)Nc1nc(-c2ccccc2)cs1,0,3
FMQCHWYYJNLQTD-BEFAXECRSA-N,O=C(NCc1cc(-c2ccc3c(c2)OCO3)ncn1)C1CCCN1S(=O)(=O)c1ccccc1,0,4
FNDVNJLIBJSDBE-VMPITWQZSA-N,O=c1c2cccnc2ncn1Cc1noc(C=Cc2ccccc2)n1,0,1
FNJBEWJWLFLGLN-AWEZNQCLSA-N,O=C(Cn1cnc2[nH]c(=O)n(Cc3ccon3)c(=O)c21)Nc1cncc(-c2cccnc2)n1,0,2
FNUDQAYJJRTSII-QLPKVWCKSA-N,O=c1c2[nH]cnc2ncn1Cc1nc(C2C3CN(c4ccccc4)CC32)no1,0,0
FOXGCOKYWRDUFO-LBPRGKRZSA-N,O=c1c2ccsc2ncn1Cc1nc(CCc2ccc3c(c2)OCO3)no1,0,3
FPDWPLLJKZDDGE-HSBZDZAISA-N,O=C(Cn1cnc2[nH]c(=O)[nH]c(=O)c21)Nc1csc(-c2cnc(N3CC4CC4C3)nc2)n1,0,4
FPMULNOOMRYVLW-UYHGDYIZSA-N,c1ccccc1,0,1
FPWZCPBCLPFHEF-UHFFFAOYSA-N,O=c1c2c(ncn1Cc1nnn(CCc3ccccc3)n1)NNC2,0,2
FQZNADCLVNIQIS-AWEZNQCLSA-N,O=C(Cn1cnc2[nH]c(=O)n(Cc3ccon3)c(=O)c21)Nc1cccc(-c2cccnc2)n1,0,1
FSWCDZMHVSTAIJ-UHFFFAOYSA-N,O=C(Cn1cnc2[nH]c(=O)n(Cc3ccon3)c(=O)c21)Nc1cccc(-c2cccnc2)n1,0,1
FTOLOGKZFWYVKF-GJYPPUQNSA-N,O=c1c2cccnc2ncn1Cc1nc(C2C3C=C(c4ccccc4)CC32)no1,0,3
FTWYYMVJQQIIJU-HNNXBMFYSA-N,O=C(Cn1cnc2[nH]c(=O)n(Cc3ccon3)c(=O)c21)Nc1cccc(-c2ccccc2)n1,0,4
FUKPSYBHXMJTPH-UHFFFAOYSA-N,O=C(CNC(=O)c1cnoc1-c1ccccc1)c1ccccc1,0,0
FUWTZTWOKOCMSP-NPHXMPSESA-N,O=c1c2cccnc2cnn1Cc1nc(C2C3CN(c4cccc(-c5cn[nH]c5)c4)CC32)no1,0,2
FVEVYUOVLKEWMT-YJYMSZOUSA-N,O=C(NCc1cc(-c2cccnc2)ncn1)C1CCCN1S(=O)(=O)c1ccccc1,0,0
FVGOWAKUHJZKFK-GRTSSRMGSA-N,O=C(Cn1cnc2[nH]c(=O)[nH]c(=O)c21)Nc1cncc(-c2cnc(N3CC4CC4C3)nc2)n1,0,0
FVVAJPFKOPGRKI-UHFFFAOYSA-N,O=c1c2[nH]cnc2ncn1Cc1nn(CCc2ccccc2)c(=O)o1,0,1
FVXQEVATGMMNBT-UHFFFAOYSA-N,O=C(NCc1ccnc(-c2cncnc2)c1)C1C2CCC(C2)N1S(=O)(=O)c1ccccc1,0,4
FWEQDPBXQWFBRT-UHFFFAOYSA-N,O=c1c2cccnc2ncn1Cc1nn(CCc2ccccc2)c(=O)o1,0,1
FWYRYRIWMHHWCG-UHFFFAOYSA-N,O=c1c2cccnc2ncn1Cc1noc(CCc2ccccc2)n1,0,4
FXNIYZIWBXBVOE-OZXSUGGESA-N,O=C(NCc1c[nH]c(=O)c(-c2ccccc2)c1)C1CCCN1S(=O)(=O)c1cc2ccccc2o1,0,1
FYADCMMDOVGCKC-UHFFFAOYSA-N,O=c1c2[nH]cnc2ncn1Cc1nn(CCc2ccc3[nH]ccc3c2)c(=O)o1,0,0
FYEXAXFLKABKLW-XNWCZRBMSA-N,c1ccccc1,0,1
FYHWPNBNIBLVRG-UHFFFAOYSA-N,O=C(Cc1cccc2[nH]c(=O)[nH]c(=O)c12)Nc1nc(-c2ccccc2)cs1,0,3
FZPRJLYAQRPNJX-NZQKXSOJSA-N,O=C(NCc1cccc(-c2cccnn2)c1)C1CCCN1S(=O)(=O)c1ccccc1,0,2
FZWXVCHEVDMQEI-LBPRGKRZSA-N,O=C(Cn1cnc2[nH]c(=O)[nH]c(=O)c21)Nc1csc(-c2cccnc2)n1,0,1
FZXALJROWDXSCO-JEYLPNPQSA-N,O=C(Cn1cnc2[nH]c(=O)[nH]c(=O)c21)Nc1cccc(-c2cnc(N3CC4CC4C3)nc2)n1,0,1
FZZFOAXTJWRIME-UHFFFAOYSA-N,O=C(Cc1coc2[nH]c(=O)[nH]c(=O)c12)Nc1nc(-c2ccccc2)cs1,0,4
GAFGPIYXBBLFJI-YKSBVNFPSA-N,O=C(NCc1cc(-c2cccnc2)nc(-c2cccnc2)c1)C1CCCN1S(=O)(=O)c1ccccc1,0,1
GAJJEVVNFYSCQF-UHFFFAOYSA-N,O=C(Cc1cccc2[nH]c(=O)[nH]c(=O)c12)Nc1nc(-c2ccccc2)cs1,0,3
GAQUJPITFFKFQG-AWEZNQCLSA-N,O=C(Cn1cnc2[nH]c(=O)n(Cc3ccon3)c(=O)c21)Nc1ccnc(-c2cccnc2)n1,0,2
GASNKOLBLYALAK-OSPHWJPCSA-N,O=C(NCc1cc(-c2cccnc2)ccn1)C1CCCN1S(=O)(=O)c1ccccc1,0,3
GBLKNVFTITUYJG-UHFFFAOYSA-N,O=C(Cc1cccc2[nH]c(=O)[nH]c(=O)c12)Nc1nc(-c2ccccc2)cs1,0,3
GBLOYKHDXVMKKU-HNNXBMFYSA-N,O=C(CNS(=O)(=O)c1cc2ccccc2o1)NCc1cn(-c2ccccc2)c(=O)[nH]c1=O,0,0
GBWICTTWLYIICR-UHFFFAOYSA-N,O=C(Cc1cccc2[nH]c(=O)[nH]c(=O)c12)Nc1nc(-c2ccccc2)cs1,0,3
GBZVFJQASGJXPD-UHFFFAOYSA-N,O=c1[nH]c2ncn(Cc3nc(CCc4ccccc4)no3)c(=O)c2[nH]1,0,4
GCDVMFHLUVNJID-NFOMZHRRSA-N,O=C(Cn1cnc2[nH]c(=O)[nH]c(=O)c21)Nc1csc(-c2cnc(N3CC4CC4C3)nc2)n1,0,4
GCIFQXCKLWKXPI-UHFFFAOYSA-N,c1ccc(-c2ccc3[nH]ncc3c2)cc1,0,4
GDCSGNPQQSANAH-UHFFFAOYSA-N,O=C(CNC(=O)c1ccccc1)c1ccccc1,0,2
GDGPROVRKWVGIM-UHFFFAOYSA-N,O=C(Cc1coc2[nH]c(=O)[nH]c(=O)c12)Nc1nc(-c2ccccc2)cs1,0,4
GDJFZHALVYTABE-UHFFFAOYSA-N,O=c1c2cncn2ncn1Cc1nc(CCc2ccccc2)no1,0,1
GDLXALGRTUYOFU-ZDUSSCGKSA-N,O=c1c2ccsc2ncn1Cc1nnn(CCc2ccccc2)n1,0,4
GDMOZMAHCFBQEV-VIFPVBQESA-N,O=c1c2ccsc2ncn1Cc1nnn(CCc2cccs2)n1,0,4
GEKOFPRPTQXTLH-MNZLEMJZSA-N,O=c1c2[nH]cnc2ncn1Cc1nc(C2C3CN(c4ccc5ncccc5c4)CC32)no1,0,3
GFHCUBYZXBYPMA-LBPRGKRZSA-N,O=c1c2ccsc2ncn1Cc1nnn(CCc2ccccc2)n1,0,4
GFRTYOMOOHPBGT-WCQYABFASA-N,O=c1[nH]c2c(=O)n(Cc3nc(C4COC(c5ccccc5)C4)no3)cnc2o1,0,1
GFSKJMFCKOFCET-XOBRGWDASA-N,O=C(NCc1ccnc(-c2cncnc2)c1)C1CCCN1S(=O)(=O)c1ccccc1,0,0
GFYUYCDYLQUHQA-UHFFFAOYSA-N,O=C(Cn1cnc2[nH]c(=O)n(Cc3ccon3)c(=O)c21)Nc1cccc(-c2cccnc2)n1,0,1
GGDWDBYUQOQOCY-HALDLXJZSA-N,O=c1c2[nH]cnc2ncn1Cc1nc(C2C3CN(c4ccccc4)CC32)no1,0,0
GGEXZZTTYULMGE-NWDGAFQWSA-N,c1cc(CC2CCCCC2)ccn1,0,3
GGKRJWBWIAZWQO-GOEBONIOSA-N,O=c1c2cccnc2ncn1Cc1nc(C2COC(c3ccccc3)C2)no1,0,2
GGMKYOGJIQCBEX-CHWSQXEVSA-N,O=c1c2[nH]nnc2ncn1Cc1nc(C2CCC(c3ccccc3)C2)no1,0,3
GGXOOEKRZGSFIG-RXVVDRJESA-N,O=C(NCc1cccc(-c2cnccn2)c1)C1CCCN1S(=O)(=O)c1ccccc1,0,4
GHKCXTRPFPXNAI-YMHHLACNSA-N,O=C(NCc1cc(N2C3CCCC2CC3)ccn1)C1CCCN1S(=O)(=O)c1ccccc1,0,1
GHLWCNVHSZFICN-UTKZUKDTSA-N,O=C(NCc1cc(-c2ccccc2)ncn1)C1CCCN1S(=O)(=O)c1ccccc1,0,4
GINMVHRTUVVUGZ-VXGBXAGGSA-N,c1ccc(NC2CCCCC2)cc1,0,4
GKDOVEFNAJGSJG-ATCWAGBWSA-N,O=c1c2[nH]cnc2ncn1Cc1nc(C2C3CN(c4ccccc4)CC32)no1,0,0
GKIQKSVZYXCZPE-GXTWGEPZSA-N,O=c1c2cncn2ncn1Cc1nc(C2COC(c3ccccc3)C2)no1,0,1
GKJBGRQPKPMAEN-ZDUSSCGKSA-N,O=C(Cn1cnc2[nH]c(=O)n(Cc3ncno3)c(=O)c21)Nc1cccc(-c2cccnc2)n1,0,2
GKKQZEPQVLEGEB-SFHVURJKSA-N,O=C(NCc1cnn(-c2ccccc2)c1)C1CCN1S(=O)(=O)c1ccccc1,0,0
GKROVECUBNNFBQ-WEHONNDLSA-N,O=c1c2cccnc2ncn1Cc1nn(C2CC(c3ccccc3)C2)c(=O)o1,0,1
GKTBXBKXQXNSTC-UHFFFAOYSA-N,O=C(Nc1ccccc1)c1ccccc1,0,0
GLDSELZUQFTHCX-UZLBHIALSA-N,O=C(NCc1cc(-c2cccnc2)ncn1)C1CCCN1S(=O)(=O)c1ccccc1,0,0
GLTMCNDGYKDTAQ-UHFFFAOYSA-N,O=C(Cc1coc2[nH]c(=O)[nH]c(=O)c12)Nc1nc(-c2ccccc2)cs1,0,4
GLVKYOVHEGVODM-IYARVYRRSA-N,O=c1c2[nH]cnc2ncn1Cc1nc(C2CC(c3ccc4ccccc4c3)C2)no1,0,0
GLYGZIVKLCTOTJ-PGMBSLALSA-N,c1ccccc1,0,1
GMDDHFLYGBSDDB-KDOFPFPSSA-N,O=C(NCc1cc(-c2cncnc2)ncn1)C1CCCN1S(=O)(=O)c1ccccc1,0,0
GMHGSZNLCIEWAB-UHFFFAOYSA-N,c1ccc(-c2cn3ccccc3n2)cc1,0,3
GMKXACFKVYHBLC-YRNVUSSQSA-N,O=c1c2[nH]cnc2ncn1Cc1noc(C=Cc2ccccc2)n1,0,2
GMRLSGZVVKNZDY-UHFFFAOYSA-N,O=C(NCc1cc(-c2cccnc2)ncn1)C1(NS(=O)(=O)c2ccccc2)CC1,0,2
GMVVWDBILLJHLA-FPOVZHCZSA-N,O=C(NCc1cc(-c2ccccc2)ncn1)C1CCCN1S(=O)(=O)c1ccccc1,0,4
GMWFVFPCPWVMFQ-UHFFFAOYSA-N,O=C(NCC(Cc1ccccc1)N1CCCCC1)C1(c2ccccc2)CCCCC1,0,3
GNCGEPOTGKGMLT-KNQAVFIVSA-N,O=C(NCc1cc(-c2cccnc2)ccn1)C1CCCN1S(=O)(=O)c1ccccc1,0,3
GNHMXTAFCQXTQG-UHFFFAOYSA-N,c1ccc(-c2ccc3[nH]ncc3c2)cc1,0,4
GNNUMLYAKUEIDE-LDTOLXSISA-N,O=c1c2cccnc2ncn1Cc1nn(C2CC(c3ccccc3)C2)c(=O)o1,0,1
GNPIZTIQDCGSLH-ZDUSSCGKSA-N,O=C1NCCc2c1sc1ncn(Cc3nnn(CCc4cc5ccccc5o4)n3)c(=O)c21,0,1
GNRKNCPNDKATCH-UHFFFAOYSA-N,O=C(Cc1cccc2[nH]c(=O)[nH]c(=O)c12)Nc1nc(-c2ccccc2)cs1,0,3
GNTSRCHLMHYOEA-UHFFFAOYSA-N,O=C(Cn1cnc2[nH]c(=O)n(Cc3ccccn3)c(=O)c21)Nc1csc(-c2ccccc2)n1,0,4
GNYBHKXPQGYGCV-UHFFFAOYSA-N,c1cncc(Nc2n[nH]c3ccccc23)c1,0,1
GPSBTMRQCOOVOX-CVDCTZTESA-N,O=C(NCc1cn(-c2cccnc2)c(=O)[nH]c1=O)C1CCCN1S(=O)(=O)c1cc2ccccc2o1,0,1
GPYFHTOHAHTGAG-MOFZMDFASA-N,O=C(NCc1cc(-c2cnccn2)ncn1)C1CCCN1S(=O)(=O)c1ccccc1,0,2
GQPDGZDVPWDQGV-ZDUSSCGKSA-N,O=C(Cn1cnc2[nH]c(=O)[nH]c(=O)c21)Nc1cncc(-c2cccnc2)n1,0,1
GRUKRNSLJWUNIQ-GTPINHCMSA-N,O=C(Cn1cnc2[nH]c(=O)[nH]c(=O)c21)Nc1cccc(-c2cnc(N3CC4CC4C3)nc2)n1,0,1
GRXVMTIZBKWHSB-NFOMZHRRSA-N,O=C(Cn1cnc2[nH]c(=O)[nH]c(=O)c21)Nc1csc(-c2cnc(N3CC4CC4C3)nc2)n1,0,4
GRYCSQXMCQAXTH-KRWDZBQOSA-N,O=C(Cn1cnc2[nH]c(=O)[nH]c(=O)c21)Nc1cccc(-c2cnc(N3CCCC3)nc2)n1,0,1
GSFZIJJFUIHXEU-NSHDSACASA-N,O=C(Cn1cnc2[nH]c(=O)[nH]c(=O)c21)Nc1csc(-c2ccccc2)n1,0,2
GSUUYDCJJHXRLU-ATCWAGBWSA-N,O=c1c2[nH]cnc2ncn1Cc1nc(C2C3CN(c4ccccc4)CC32)no1,0,0
GTLRVPQNDNSVIG-VQFNDLOPSA-N,O=c1c2cccnc2ncn1Cc1nc(C2C3CN(c4ccccc4)CC32)no1,0,1
GUGRIVXZTJXLBP-AWEZNQCLSA-N,O=c1c2cccnc2ncn1Cc1nn(CCc2ccccc2)c(=O)o1,0,1
GUXDRJQXNCINLK-UHFFFAOYSA-N,O=C(Cc1coc2[nH]c(=O)[nH]c(=O)c12)Nc1nc(-c2ccccc2)cs1,0,4
GVAKPHBSBCNTNG-KBXCAEBGSA-N,O=c1c2c(ncn1Cc1nc(C3COC(c4ccccc4)C3)no1)CNCC2,0,3
GVDCWIWNLLLASC-IERDGZPVSA-N,O=C(NCc1cc(N2CCC3(CC2)CC3)ccn1)C1CCCN1S(=O)(=O)c1ccccc1,0,1
GVDZPSKDMZOKOZ-UHFFFAOYSA-N,O=c1c2[nH]ncc2ncn1Cc1nc(CCc2ccccc2)no1,0,0
GVIGRYHNIIYCLZ-FOLVSLTJSA-N,O=c1c2[nH]cnc2ncn1Cc1nc(C2C3CN(c4ccccc4)CC32)no1,0,0
GVIRLSFIPFVKML-HZAYCCFMSA-N,O=C(NCC(Cc1ccccc1)N1CCCCC1)C1CCCCC1,0,4
GVMNKKDSUMTDFH-TZOAMJEDSA-N,c1ccccc1,0,1
GWJPNUWHPLJRLG-IPVJXJPOSA-N,O=c1c2cccnc2ncn1Cc1nc(C2CC(c3ccccc3)C2)no1,0,2
GWVOHTDFXQAICX-UHFFFAOYSA-N,O=C(Cn1cnc2[nH]c(=O)[nH]c(=O)c21)Nc1cccc(-c2cnccn2)n1,0,2
GXEZRQFMWXWZKX-UHFFFAOYSA-N,O=C(Cn1cnc2[nH]c(=O)n(Cc3ncno3)c(=O)c21)Nc1csc(-c2cccnc2)n1,0,3
GXQZEMNKUGZVBX-SMDDNHRTSA-N,O=c1c2[nH]cnc2ncn1Cc1nc(C2COC(c3ccccc3)C2)no1,0,2
GXYVIPVHFLYGMR-RXVVDRJESA-N,O=C(NCc1cc(-c2ccccc2)ncn1)C1CCCN1S(=O)(=O)c1ccccc1,0,4
GXZJAPWOZROTCB-UHFFFAOYSA-N,O=C(Cc1coc2[nH]c(=O)[nH]c(=O)c12)Nc1nc(-c2ccccc2)cs1,0,4
GYHYZGTVOXUSCN-UHFFFAOYSA-N,O=c1c2cncn2ncn1Cc1nn(CCc2ccccc2)c(=O)o1,0,4
GYNDNTOIPROUCH-FPSMJMQUSA-N,O=C(NCc1cc(-c2cccnc2)ncn1)C1CCCN1S(=O)(=O)c1ccccc1,0,0
GZDAMVHUKQMRSK-UHFFFAOYSA-N,O=C(c1cn2c(=O)n(Cc3ccccc3)c(=O)cc2s1)N1CCC(c2ccccc2)CC1,0,0
GZRIVVUNKOLQTE-VXGBXAGGSA-N,c1ccc(NC2CCCCC2)cc1,0,4
HABYZPQFFRMXCH-UHFFFAOYSA-N,O=c1c2[nH]cnc2ncn1Cc1nn(CCc2ccccc2)c(=O)o1,0,1
HAVHLCLATHNKIR-HDJSIYSDSA-N,O=c1c2[nH]cnc2ncn1Cc1nc(C2CC(c3ccccc3)C2)no1,0,3
HBBABCXLFVDQFV-KOMQPUFPSA-N,O=c1c2cccnc2ncn1Cc1nn(C2CC(c3ccccc3)C2)c(=O)o1,0,1
HBHIXBYCEAGRAO-UHFFFAOYSA-N,O=C(Cc1cccc2[nH]c(=O)[nH]c(=O)c12)Nc1nc(-c2ccccc2)cs1,0,3
HBNRHCPABDWPQN-YEORSEQZSA-N,O=c1c2[nH]cnc2ncn1Cc1nc(C2CC(Oc3ccccc3)C2)no1,0,2
HBROHCUKWVIOIZ-XVDXERDNSA-N,O=c1c2[nH]cnc2ncn1Cc1nn(C2CC(c3ccccc3)C2)c(=O)o1,0,0
HDWOPDWWFVTQFQ-CVEARBPZSA-N,O=C(Cc1cnn(-c2cncnc2)c1)NC1CCC1S(=O)(=O)c1ccccc1,0,3
HEEMVJMUZDPBFI-UHFFFAOYSA-N,O=c1c2ccncc2ncn1Cc1nn(CCc2ccccc2)c(=O)o1,0,2
HEJBGQMISSCROI-KWUMSVIQSA-N,O=c1c2cccnc2cnn1Cc1nc(C2CC(c3ccccc3)C2)no1,0,2
HENUOPIBZLPYCJ-LBPRGKRZSA-N,O=c1c2ccsc2ncn1Cc1nnn(CCc2cc3ccccc3s2)n1,0,0
HEQDZPHDVAOBLN-UHFFFAOYSA-N,O=C(Cn1cnc2[nH]c(=O)[nH]c(=O)c21)Nc1ccccc1,0,3
HEUHRRGJNWTVSE-XLIONFOSSA-N,O=C(NCc1ccnc(-c2cncnc2)c1)C1CCCN1S(=O)(=O)c1ccccc1,0,0
HFBMXPXAVUATGY-UHFFFAOYSA-N,O=C(CN(c1ccccc1)S(=O)(=O)c1ccccc1)NCc1cc(-c2cccnc2)ncn1,0,0
HFJZCGUXBLVWRY-QFIPXVFZSA-N,O=C(NCc1cc(-c2ccccn2)ncn1)C1CCCN1S(=O)(=O)c1ccccc1,0,0
HFOXGYXSDJIWDB-XLIONFOSSA-N,O=C(NCc1ccnc(-c2cccnc2)c1)C1CCC1S(=O)(=O)c1ccccc1,0,1
HFTZDURZNKGJNR-UHFFFAOYSA-N,O=C(Cc1coc2[nH]c(=O)[nH]c(=O)c12)Nc1nc(-c2ccccc2)cs1,0,4
HFXXGXZWVDFVPZ-UHFFFAOYSA-N,O=C(Cc1coc2[nH]c(=O)[nH]c(=O)c12)Nc1nc(-c2ccccc2)cs1,0,4
HGDUOYYDKBPRCV-TUIFFPIZSA-N,O=C(NCc1ccnc(-c2cncnc2)c1)C1CCCN1S(=O)(=O)c1ccccc1,0,0
HGFRMZTUAVGPGZ-VGSWGCGISA-N,O=C(NCc1cc(N2CCC3(CC2)CC3)ccn1)C1CCCN1S(=O)(=O)c1ccccc1,0,1
HGJRJRKZFZNQMJ-UHFFFAOYSA-N,O=C(Cc1nsc2[nH]c(=O)[nH]c(=O)c12)Nc1nc(-c2ccccc2)cs1,0,3
HGJWNQHCAHMKIG-ZMSDIMECSA-N,O=c1c2[nH]cnc2ncn1Cc1nc(C2C3C=C(c4ccccc4)CC32)no1,0,3
HGLATSHXHZWSLR-LBPRGKRZSA-N,O=C(Cn1cnc2[nH]c(=O)[nH]c(=O)c21)Nc1csc(-c2cccnc2)n1,0,1
HGVCMBRPRZORGD-UHFFFAOYSA-N,O=c1[nH]cnc2ncn(Cc3nn(CCc4ccccc4)c(=O)o3)c12,0,3
HGWAQHCIDNYZGS-UHFFFAOYSA-N,c1ccc(Oc2nccc3occc23)cc1,0,2
HHCCDKWJHHNZND-UHFFFAOYSA-N,c1ccc(-c2ccc3[nH]ncc3c2)cc1,0,4
HHCLINDTOXIQSR-GXTWGEPZSA-N,O=c1c2[nH]cnc2ncn1Cc1nc(C2COC(c3ccccc3)C2)no1,0,2
HIDRCJZHDJXUMQ-MJGOQNOKSA-N,O=C(NCc1cncc(-c2cncnc2)c1)C1CCCN1S(=O)(=O)c1ccccc1,0,0
HJORVEMWTJKDDG-UHFFFAOYSA-N,O=C(Nc1ccccc1)c1cccs1,0,3
HKCKRSVNNCQBGV-KNMUDHKVSA-N,O=C(NCc1cc(-c2cncnc2)ccn1)C1CCCN1S(=O)(=O)c1ccccc1,0,0
HKIUSPTWBXDTFJ-UHFFFAOYSA-N,O=C(NCc1ccccc1)c1cn2c(=O)n(Cc3ccccc3)c(=O)cc2s1,0,0
HKROEBDHHKMNBZ-BYKJOZEVSA-N,c1ccccc1,0,1
HKROEBDHHKMNBZ-CHBKHGQFSA-N,c1ccccc1,0,1
HLNQWCKWTOEBQE-APWZRJJASA-N,O=C(NCc1ccnc(-c2cncnc2)c1)C1CCCN1S(=O)(=O)c1ccccc1,0,0
HNEVLTMGONUBIF-UHFFFAOYSA-N,O=C1NC2=C(C(=O)c3ccccc32)C(c2ccccc2)N1,0,3
HNSCERNLYMZCPA-UHFFFAOYSA-N,O=C(Cn1cnc2[nH]c(=O)n(Cc3ncno3)c(=O)c21)Nc1csc(-c2cccnc2)n1,0,3
HOGBUUUQWBIWPK-JAMMHHFISA-N,O=c1[nH]c2nc[nH]c2c(=O)n1CC1CCO1,0,2
HOLHRJJHGIWWPH-UHFFFAOYSA-N,c1ccc(Oc2ncnc3[nH]ccc23)cc1,0,3
HOZKRSNDULRMQU-NZQKXSOJSA-N,O=C(NCc1cccc(-c2cncnc2)c1)C1CCCN1S(=O)(=O)c1ccccc1,0,1
HPKPJVMZLTXAQJ-KRWDZBQOSA-N,O=C(Cn1cnc2[nH]c(=O)n(Cc3ccon3)c(=O)c21)Nc1cccc(-c2cncnc2)n1,0,4
HQKQCVCHHUAYQS-VIFPVBQESA-N,O=C1NCCc2c1sc1ncn(Cc3nnn(CCc4cccs4)n3)c(=O)c21,0,3
HQNAZTYNJXEWDA-UTKZUKDTSA-N,O=C(NCc1cc(-c2ccccn2)ccn1)C1CCCN1S(=O)(=O)c1ccccc1,0,3
HQOTZKAHXGIKLR-KEYYUXOJSA-N,O=c1c2[nH]cnc2ncn1Cc1nc(C2C3C=C(c4ccccc4)CC32)no1,0,3
HQVKTAXJLJKFMT-ZDUSSCGKSA-N,O=C(CNS(=O)(=O)c1cc2ccccc2o1)NCc1cn(-c2ccccc2)c(=O)[nH]c1=O,0,0
HQVRXJTUSZIFBP-HALDLXJZSA-N,O=c1c2cccnc2ncn1Cc1nc(C2C3CN(c4ccccn4)CC32)no1,0,3
HRAPYHSCUKKKMN-UHFFFAOYSA-N,O=C(NCc1cnn(-c2cccnc2)c1)C1CCCC1S(=O)(=O)c1ccccc1,0,3
HRMFIOUUYUFIRA-RTUWITSCSA-N,O=c1c2[nH]cnc2ncn1Cc1nc(C2C3CN(c4ccccn4)CC32)no1,0,4
HRPNHQBVYVNOBG-GTPINHCMSA-N,O=C(Cn1cnc2[nH]c(=O)[nH]c(=O)c21)Nc1cccc(-c2cnc(N3CC4CC4C3)cn2)n1,0,0
HSUWVFMQRSTCAD-QLPKVWCKSA-N,O=c1c2[nH]cnc2ncn1Cc1nc(C2C3CN(c4ccccc4)CC32)no1,0,0
HTAGBOVZPLQUDC-HWWDLCQESA-N,O=c1c2cccnc2ncn1Cc1nc(C2C3CN(c4ccccc4)CC32)no1,0,1
HTFLIVOZSFVGEJ-UHFFFAOYSA-N,O=C(Nc1ccccc1)c1ccccc1,0,0
HUHIIHFGNPALFZ-UOIKSKOESA-N,O=c1c2cccnc2cnn1Cc1nc(C2C3CN(c4ccccn4)CC32)no1,0,2
HVBOOIDXACFGEI-OAHLLOKOSA-N,S=C1Nc2c(oc3ncccc23)C(c2ccccc2)N1,0,1
HVDSOPBAZRASKA-DAXOMENPSA-N,c1ccc(NC2CCCC3CCCCC32)cc1,0,4
HWJFTZKKBTVRHJ-UHFFFAOYSA-N,O=C1C2=C(NC(=S)NC2c2cccc(OCc3ccccn3)c2)c2ccccc21,0,1
HWKOCGQYCSKFFR-DZGCQCFKSA-N,O=c1c2ccnn2ncn1Cc1nc(C2COC(c3ccccc3)C2)no1,0,4
HWNSMCOQLBDRFN-UTKZUKDTSA-N,O=C(NCc1cc(-c2cccnc2)ccn1)C1CCCN1S(=O)(=O)c1ccccc1,0,3
HXWIASAQIZZSJV-RXVVDRJESA-N,O=C(NCc1cc(-c2cccnc2)ccn1)C1CCCN1S(=O)(=O)c1ccccc1,0,3
HXYKQFXGQHGPRG-UHFFFAOYSA-N,O=C(Cc1coc2[nH]c(=O)[nH]c(=O)c12)Nc1nc(-c2ccccc2)cs1,0,4
HYIWRGKOWKOPHN-UHFFFAOYSA-N,O=C(Cn1ccc2[nH]c(=O)[nH]c(=O)c21)Nc1ccccc1,0,3
HYLZITOBNTZXNO-DZGCQCFKSA-N,O=c1c2ccnn2ncn1Cc1nc(C2COC(c3ccc4ncsc4c3)C2)no1,0,0
HYPBWVFTVULNBT-LAQFHYBYSA-N,O=c1c2cn[nH]c2ncn1Cc1nc(C2C3CN(c4ccccn4)CC32)no1,0,3
HYPZUSFAUMAFNR-UHFFFAOYSA-N,O=C(Cn1cnc2[nH]c(=O)n(Cc3ccon3)c(=O)c21)Nc1ccccn1,0,2
HZVARVKQUXVYIG-HAQNSBGRSA-N,O=c1c2[nH]cnc2ncn1Cc1nc(C2CC(c3ccccc3)C2)no1,0,3
IAHQHDGHWAXFMV-DPGVGJJJSA-N,O=C(Cn1cnc2[nH]c(=O)[nH]c(=O)c21)Nc1csc(-c2cnc(N3CC4CC4C3)nc2)n1,0,4
IAWHXDCOTSCDSA-QLPKVWCKSA-N,O=c1c2ccnn2ncn1Cc1nc(C2C3CN(c4ccccc4)CC32)no1,0,4
IBGTZIUMMBHLKD-ZDVGBALWSA-N,c1ccsc1,0,4
ICQQRJVVVVHYDQ-UHFFFAOYSA-N,O=C(Cn1cnc2[nH]c(=O)[nH]c(=O)c21)Nc1cccc(-c2ccccc2)n1,0,4
ICZZSPAOWPLMSA-UHFFFAOYSA-N,O=C(CNC(=O)N1CCc2ccccc2C1)c1ccccc1,0,3
IDLSECJBDCJDSS-APWZRJJASA-N,O=C(NCc1ccnc(-c2cccnc2)c1)C1CCCN1S(=O)(=O)c1ccccc1,0,0
IDPIVZXQDBCGRG-UHFFFAOYSA-N,O=C(CNS(=O)(=O)c1ccccc1)NCC1CN(c2ccccc2)CCO1,0,3
IECBTGJNZAMXMI-NFOMZHRRSA-N,O=C(Cn1cnc2[nH]c(=O)[nH]c(=O)c21)Nc1cncc(-c2cnc(N3CC4CC4C3)nc2)n1,0,0
IESAJAZKMLPVIB-VXGBXAGGSA-N,c1ccc(NC2CCCCC2)cc1,0,4
IEURSGBEYPEAGJ-UHFFFAOYSA-N,O=C(Cn1cnc2[nH]c(=O)n(Cc3ccon3)c(=O)c21)Nc1cccc(N2CCC2)n1,0,1
IEXGDENLKSBYPG-DIBXZPPDSA-N,O=C(Cc1csc2[nH]c(=O)[nH]c(=O)c12)N=c1[nH]c(-c2ccccc2)cs1,0,0
IFCINJLPGSPGOE-YEORSEQZSA-N,O=c1c2[nH]cnc2ncn1Cc1nc(C2CC(Oc3ccccc3)C2)no1,0,2
IFFMKKPSJXPRPX-LBPRGKRZSA-N,O=c1c2ccsc2ncn1Cc1nnn(CCc2cc3ccccc3o2)n1,0,2
IFOHXEDFEXQIFK-UHFFFAOYSA-N,O=C(Cn1cnc2[nH]c(=O)n(Cc3ccon3)c(=O)c21)Nc1csc(-c2cccnc2)n1,0,2
IFSNPBNBYFOKHI-GXTWGEPZSA-N,O=c1c2[nH]cnc2ncn1Cc1nc(C2COC(c3ccccc3)C2)no1,0,2
IGOGZZUWJQNUTI-AWEZNQCLSA-N,O=c1c2cccnc2ncn1Cc1nn(CCc2ccccc2)c(=O)o1,0,1
IHBZABBOIFBMSZ-LBPRGKRZSA-N,O=C(Cn1cnc2[nH]c(=O)[nH]c(=O)c21)Nc1cccc(-c2cncnc2)n1,0,0
IHDZQGCOLIBPFR-ZDUSSCGKSA-N,O=C(Cn1cnc2[nH]c(=O)[nH]c(=O)c21)Nc1cncc(-c2cccnc2)n1,0,1
IHTBJQAPPKVYEC-UHFFFAOYSA-N,O=C(Cn1cnc2cnccc2c1=O)NCCc1ccccc1,0,2
IIAWUZTWHPVGRK-JYAVWHMHSA-N,O=c1c2[nH]cnc2ncn1Cc1nc(C2C3CN(c4ccccn4)CC32)no1,0,4
IIBDKCBCABDETE-UHFFFAOYSA-N,O=C(NCC(Cc1ccccc1)N1CCCCC1)C1CC1,0,4
IIIJRZXOECPBNK-HBYGRHMLSA-N,O=c1c2[nH]cnc2ncn1Cc1nc(C2C3CN(c4ccncc4)CC32)no1,0,3
IIPLYINRVFDEAS-UHFFFAOYSA-N,O=C(Cn1cnc2ccccc2c1=O)NCCc1ccccc1,0,4
IISOYMVRUVZMSW-VIFPVBQESA-N,O=C(Cn1cnc2[nH]c(=O)[nH]c(=O)c21)Nc1cncc(-c2cncnc2)n1,0,1
IJPKZYJDZLPYGH-FHERZECASA-N,O=C(Cn1cnc2[nH]c(=O)[nH]c(=O)c21)Nc1csc(-c2cnc(N3CC4CC4C3)nc2)n1,0,4
IKEHUDLUNJCVIH-SMDDNHRTSA-N,O=c1c2[nH]cnc2ncn1Cc1nc(C2COC(c3ccccc3)C2)no1,0,2
IKFZDVUOUYRSJD-UHFFFAOYSA-N,O=C(Cn1cnc2[nH]c(=O)[nH]c(=O)c21)Nc1csc(-c2cccnc2)n1,0,1
IKGNKSVKPPXUGA-LBPRGKRZSA-N,O=C(Cn1cnc2[nH]c(=O)[nH]c(=O)c21)Nc1csc(-c2cccnc2)n1,0,1
IKWFTJKUSSBLMW-APWZRJJASA-N,O=C(NCc1cc(-c2cccnc2)ccn1)C1CCCN1S(=O)(=O)c1ccccc1,0,3
ILDMVQZTNFZDID-GFCCVEGCSA-N,O=c1c2[nH]cnc2ncn1Cc1nn(CCc2ccccc2)c(=O)o1,0,1
ILDMVQZTNFZDID-LBPRGKRZSA-N,O=c1c2[nH]cnc2ncn1Cc1nn(CCc2ccccc2)c(=O)o1,0,1
ILSIWKXOFBZDGE-YRNVUSSQSA-N,O=c1c2[nH]cnc2ncn1Cc1nc(C=Cc2ccccc2)no1,0,0
IMGWVWRMROWQGB-IGEOTXOUSA-N,O=C(Cn1cnc2[nH]c(=O)[nH]c(=O)c21)Nc1ccnc(-c2cnc(N3CC4CC4C3)nc2)n1,0,3
IMIIJHHHGZTGLU-UHFFFAOYSA-N,O=C(Cn1cnc2[nH]c(=O)n(Cc3ccon3)c(=O)c21)Nc1cccc(-c2cccnc2)n1,0,1
IMLKLPZAGJFMRK-NQIIRXRSSA-N,O=C(NCc1cccc(-c2cccnc2)c1)C1CCCN1S(=O)(=O)c1ccccc1,0,2
IMTJDDGNRNOFAJ-PKOBYXMFSA-N,O=S(=O)(c1ccccc1)N1CCCC1c1ccccc1,0,4
INBHLTYBRKASIZ-JXMROGBWSA-N,O=C(C=Cc1ccccc1)Nc1ccccc1,0,3
INCHZNJQYBISFT-UHFFFAOYSA-N,O=C(Cn1cnc2[nH]c(=O)[nH]c(=O)c21)Nc1cncc(-c2cccnc2)n1,0,1
INKFVRPSMUPBSU-GXSJLCMTSA-N,c1cc(CC2CCCCC2)cs1,0,2
INRPAICZXVSURJ-UKRRQHHQSA-N,O=c1c2[nH]cnc2ncn1Cc1nn(C2CCC(c3ccccc3)C2)c(=O)o1,0,4
IOISVRUOQIOJLG-IPVJXJPOSA-N,O=c1c2cccnc2ncn1Cc1nc(C2CC(c3ccccc3)C2)no1,0,2
IORSMGCJYPRZSZ-CSODHUTKSA-N,O=c1c2cccc(=O)n2ccn1Cc1nc(C2C3C=C(c4ccccc4)CC32)no1,0,4
IPESIZNXIXXPJK-UHFFFAOYSA-N,O=C(Cc1ccccc1)NCC(Cc1ccccc1)N1CCCCC1,0,3
IPJMGIPUWRMURN-LBPRGKRZSA-N,O=c1c2ccoc2ncn1Cc1nnn(CCc2cc3ccccc3o2)n1,0,3
IPTVTUDAXHBJAB-LBPRGKRZSA-N,O=c1c2ccsc2ncn1Cc1nnn(CCc2cc3ccccc3s2)n1,0,0
IPVHYPMVJBBJGY-ZIAGYGMSSA-N,O=c1c2[nH]cnc2ncn1Cc1nc(C2CCC(c3ccccc3)C2)no1,0,2
IPVJLUUYKAZERW-IERDGZPVSA-N,O=C(NCc1cc(-c2ccccc2)ncn1)C1CCCN1S(=O)(=O)c1ccccc1,0,4
IQOCOSWVNOLOJW-UHFFFAOYSA-N,O=C(CNS(=O)(=O)c1ccccc1)NCc1cc(N2CCCCC2)ncn1,0,2
IQZWGMBQRDGLEH-DZFIZOCASA-N,O=c1c2[nH]cnc2ncn1Cc1nc(C2C3CN(c4cccc(C5CC5)c4)CC32)no1,0,2
IRJZNJUTQUOZGW-UHFFFAOYSA-N,O=c1[nH]c(=O)c2[nH]cnc2[nH]1,0,1
IRVXOONVSOVGPT-RYRKJORJSA-N,O=c1c2[nH]cnc2ncn1Cc1nc(C2C3C=C(c4ccccc4)CC32)no1,0,3
IRXCYACJROUWCS-GXTWGEPZSA-N,O=c1c2[nH]cnc2ncn1Cc1nc(C2COC(c3ccccc3)C2)no1,0,2
ISIATOZGACZZRA-UHFFFAOYSA-N,c1ccc(Oc2nccc3[nH]ccc23)cc1,0,1
ISNWHBNGLQFCST-UHFFFAOYSA-N,O=C(Cn1cnc2[nH]c(=O)n(Cc3ccon3)c(=O)c21)Nc1ccccn1,0,2
ISWKUHZARATATJ-UHFFFAOYSA-N,O=C(Cc1coc2[nH]c(=O)[nH]c(=O)c12)Nc1nc(-c2ccccc2)cs1,0,4
ISXARGDWFYMWFH-LBPRGKRZSA-N,O=c1c2ccoc2ncn1Cc1nnn(CCc2cc3ccccc3o2)n1,0,3
IUPRZQNBHFNEGC-SJORKVTESA-N,O=C(Cc1cnn(-c2cncnc2)c1)NC1CCC1S(=O)(=O)c1ccccc1,0,3
IURHRSFVLQOGSW-GOEBONIOSA-N,O=c1c2cncn2ncn1Cc1nc(C2COC(c3ccccc3)C2)no1,0,1
IVSPLJZYCFTOCC-SUMWQHHRSA-N,O=c1c2ccncc2ncn1Cc1nc(C2COC(c3ccccc3)C2)no1,0,4
IVVHPAHILXWBMH-SUMWQHHRSA-N,O=c1c2c(cnn1Cc1nc(C3COC(c4ccccc4)C3)no1)CNCC2,0,1
IWBGPXPPPXQFFJ-NQZBTDCJSA-N,O=C(NCc1ccnc(-c2cncnc2)c1)C1CCCN1S(=O)(=O)c1ccccc1,0,0
IWGBQLFSWSPCBF-SMDDNHRTSA-N,O=c1c2[nH]cnc2ncn1Cc1nc(C2COC(c3ccccc3)C2)no1,0,2
IWSOJDYXNTZUGK-NVXWUHKLSA-N,O=S(=O)(c1ccccc1)N1CCCC1c1ccccc1,0,4
IWTIXSBYEURJEK-FMIVXFBMSA-N,O=c1c2cccnc2ncn1Cc1noc(C=Cc2ccccc2)n1,0,1
IXARYBWPLJADQF-LBPRGKRZSA-N,O=c1c2[nH]cnc2ncn1Cc1nn(CCc2ccccc2)c(=O)o1,0,1
IXKKQNMDGPZGKV-WCQYABFASA-N,O=c1c2[nH]cnc2ncn1Cc1nc(C2COC(c3ccccc3)C2)no1,0,2
IYMRWKNCZYWXPC-URXFXBBRSA-N,O=C(NCc1cn(-c2ccccc2)c(=O)[nH]c1=O)C1CCCN1S(=O)(=O)c1cc2ccccc2o1,0,0
IYPSSQMPIVZFBK-FQEVSTJZSA-N,O=C(NCc1cc(-c2cccnc2)ncn1)C1CCCCN1S(=O)(=O)c1ccccc1,0,4
IYXIXNIKYCFBDN-AWEZNQCLSA-N,O=C(Cn1cnc2[nH]c(=O)[nH]c(=O)c21)Nc1cccc(-c2cccnc2)n1,0,3
IZLFWDRMGMPZOG-UOXRKKOCSA-N,O=C(NCc1ccnc(-c2cncnc2)c1)C1CCCN1S(=O)(=O)c1ccccc1,0,0
JBIXZNRRVYTXMJ-NSHDSACASA-N,O=C(Cn1cnc2[nH]c(=O)[nH]c(=O)c21)Nc1cccc(-c2cncnc2)n1,0,0
JBYPWLUUGPQYAS-QFBILLFUSA-N,O=c1c2[nH]c(NCc3ccccn3)nc2ncn1Cc1nc(C2COC(c3ccccc3)C2)no1,0,1
JCFSCBLSEONLAZ-SWLSCSKDSA-N,O=c1c2[nH]nnc2ccn1Cc1nc(C2COC(c3ccccc3)C2)no1,0,3
JCGBVACYAGHPAM-STQMWFEESA-N,c1ccc(C2CCCCC2)cc1,0,3
JCHJBCPFIWXKDB-QLPKVWCKSA-N,O=c1c2[nH]cnc2ncn1Cc1nc(C2C3CN(c4ccccc4)CC32)no1,0,0
JCPXMGFJZJLKIN-LBPRGKRZSA-N,O=c1c2ccsc2ncn1Cc1nc(CCc2ccccc2)no1,0,2
JCWLFTBWOABNHA-UHFFFAOYSA-N,O=C(NCC(Cc1ccccc1)N1CCCCC1)C1(c2ccccc2)CCCC1,0,2
JEPYVPCCTJDATH-UHFFFAOYSA-N,O=C(Cc1nsc2[nH]c(=O)[nH]c(=O)c12)Nc1nc(-c2ccccc2)cs1,0,3
JEZYRPUMEHJVEN-UHFFFAOYSA-N,c1ccccc1,0,1
JFAQOFLDBXAXAQ-UHFFFAOYSA-N,O=C(Nc1ccccc1)c1ccncc1,0,4
JFBNNBIUJWKGPM-QGZVFWFLSA-N,O=S(=O)(c1ccccc1)N1CCCC1c1ccccc1,0,4
JFLCWGRYMUUJRW-YKSBVNFPSA-N,O=C(NCc1cc(-c2ccc(C3CC3)cc2)ncn1)C1CCCN1S(=O)(=O)c1ccccc1,0,2
JGBBKLTUEVDXPM-UHFFFAOYSA-N,O=C(NC(C(=O)c1ccccc1)C1CC1)c1ccccc1,0,1
JGFBRLGZGJYISU-NSHDSACASA-N,O=c1c2ccsc2ncn1Cc1nc(CCc2ccc3c(c2)OCO3)no1,0,3
JGPICCTXSJGRDH-UHFFFAOYSA-N,O=C(CNC(=O)c1ccccc1)c1ccccc1,0,2
JHGDJTAYURVRBX-UHFFFAOYSA-N,O=C(NCc1ccc2nsnc2c1)c1cn2c(=O)n(Cc3ccccc3)c(=O)cc2s1,0,4
JHXOWAOGHMUCFO-IDLMPWNNSA-N,O=C(NCc1cc(C2=CCCCC2)ncn1)C1CCCN1S(=O)(=O)c1ccccc1,0,0
JJIYFRHWAJSTRT-UHFFFAOYSA-N,O=C(Cn1ccc2[nH]c(=O)[nH]c(=O)c21)Nc1ccccc1,0,3
JJOTYXMTNZIMSZ-UHFFFAOYSA-N,O=C(Nc1ccccc1)c1cccs1,0,3
JJWIAVUKFHESIC-UHFFFAOYSA-N,O=C(CNS(=O)(=O)c1cc[nH]n1)NCc1cccc(-c2ccccc2)c1,0,1
JJXVVDMOIHAKHG-UGKGYDQZSA-N,O=C(NCc1ccnc(-c2cccnc2)c1)C1CCCN1S(=O)(=O)c1ccccc1,0,0
JKNJVPGBUGINLQ-LZLYRXPVSA-N,O=c1c2[nH]cnc2ncn1Cc1nc(C2C3C=C(c4ccccc4)CC32)no1,0,3
JKNJVPGBUGINLQ-RYRKJORJSA-N,O=c1c2[nH]cnc2ncn1Cc1nc(C2C3C=C(c4ccccc4)CC32)no1,0,3
JKROEASKFSYUDV-UHFFFAOYSA-N,O=C(CNC(=O)c1ccccc1)c1ccccc1,0,2
JKSIUQSXQUJUQN-LBPRGKRZSA-N,O=c1c2ccoc2ncn1Cc1nnn(CCc2ccccc2)n1,0,1
JKWXDKUVOQCWGK-NSHDSACASA-N,O=C(Cn1cnc2[nH]c(=O)n(Cc3ccon3)c(=O)c21)Nc1cncc(-c2cncnc2)n1,0,4
JLRDFDIVWVIADD-LSDHHAIUSA-N,O=c1c2[nH]cnc2ncn1Cc1nc(C2COC(c3ccccc3)C2)no1,0,2
JMPQCPPXHXSEIC-XJKSGUPXSA-N,O=c1c2cccnc2ncn1Cc1nc(C2COC(c3ccccc3)C2)no1,0,2
JNDWMJRPGXBLSS-FOLVSLTJSA-N,O=c1c2[nH]cnc2ncn1Cc1nc(C2C3CN(c4ccccc4)CC32)no1,0,0
JNFFYUYSPBYAOR-KNQAVFIVSA-N,O=C(NCc1cccc(-c2cccnc2)c1)C1CCCN1S(=O)(=O)c1ccccc1,0,2
JNKBSIPJIAHQTP-WOSRLPQWSA-N,O=c1c2[nH]cnc2ncn1Cc1nc(C2C3C=C(c4ccccn4)CC32)no1,0,0
JNKBSIPJIAHQTP-WWGRRREGSA-N,O=c1c2[nH]cnc2ncn1Cc1nc(C2C3C=C(c4ccccn4)CC32)no1,0,0
JOMJJSVRLDEKPU-JYAVWHMHSA-N,O=c1c2[nH]cnc2ncn1Cc1nc(C2C3CN(c4ccncc4)CC32)no1,0,3
JOVMFRRSFHVPLP-CTYIDZIISA-N,O=c1ccc2ncn(Cc3nn(C4CC(c5ccccc5)C4)c(=O)o3)c(=O)c2[nH]1,0,1
JROSFXIRTRVADR-UHFFFAOYSA-N,c1ccc(-c2ccc3[nH]ncc3c2)cc1,0,4
JSZBSUKOUVVBGY-UHFFFAOYSA-N,O=C(Cc1cccc2[nH]c(=O)[nH]c(=O)c12)Nc1nc(-c2ccccc2)cs1,0,3
JTICAAYOYZCRBJ-MCBXIFIFSA-N,O=c1ccc2ncn(Cc3nc(C4C5CN(c6ccccn6)CC54)no3)c(=O)c2[nH]1,0,4
JTULPMHYGMMBHH-QMMMGPOBSA-N,O=c1c2ccoc2ncn1Cc1nnn(CCc2cccs2)n1,0,2
JUEWLMSRGBZOJK-AOIWGVFYSA-N,O=c1c2cccnc2ncn1Cc1nc(C2C3C=C(c4ccccc4)CC32)no1,0,3
JUEWLMSRGBZOJK-YQVWRLOYSA-N,O=c1c2cccnc2ncn1Cc1nc(C2C3C=C(c4ccccc4)CC32)no1,0,3
JUUGPJIRMPHSLY-MQMHXKEQSA-N,O=c1c2[nH]cnc2ncn1Cc1nn(C2CC(c3ccccc3)C2)c(=O)o1,0,0
JVXGITYCCXGECN-UHFFFAOYSA-N,O=C(Cn1ccc2[nH]c(=O)[nH]c(=O)c21)Nc1ccccc1,0,3
JWEUHOBGYUINRR-RBZFPXEDSA-N,O=c1c2[nH]cnc2ncn1Cc1nc(C2COC3(Cc4ccccc43)C2)no1,0,4
JWKCOLSRXWLOLP-GLJUWKHASA-N,O=c1c2[nH]cnc2ncn1Cc1nc(C2C3C=C(c4ccc5scnc5c4)CC32)no1,0,4
JWKCOLSRXWLOLP-PMUMKWKESA-N,O=c1c2[nH]cnc2ncn1Cc1nc(C2C3C=C(c4ccc5scnc5c4)CC32)no1,0,4
JWNCZSYHJIVUEU-GUXCAODWSA-N,O=c1c2cccnc2ncn1Cc1nc(C2C3C=C(c4ccccc4)CC32)no1,0,3
JWNGUBDEKMTXIP-NHAGDIPZSA-N,O=c1c2[nH]cnc2ncn1Cc1nc(C2C3CN(c4cccnc4)CC32)no1,0,4
JWRZFUGWLNUYGD-UHFFFAOYSA-N,O=C(Cn1cnc2[nH]c(=O)[nH]c(=O)c21)Nc1cccc(-c2cncnc2)n1,0,0
JWYKVNCEXVVNTP-UHFFFAOYSA-N,c1ccc(NC2CCCCC2)cc1,0,4
JYCCDTYCMUOGBQ-LBPRGKRZSA-N,O=C(Cn1cnc2[nH]c(=O)[nH]c(=O)c21)Nc1csc(-c2cccnc2)n1,0,1
JYHBGHGDNGBHLR-LBPRGKRZSA-N,O=C(Cn1cnc2[nH]c(=O)n(Cc3ccon3)c(=O)c21)Nc1cncc(-c2cccnc2)n1,0,2
JYMGYVCGGDSUSP-IPVJXJPOSA-N,O=c1c2cccc(=O)n2ccn1Cc1nc(C2CC(c3ccccc3)C2)no1,0,0
JYQQTCCLMQYYSB-RYRKJORJSA-N,O=c1c2[nH]cnc2ncn1Cc1nc(C2C3C=C(c4ccccc4)CC32)no1,0,3
JYTFGJCBRILOIU-LBPRGKRZSA-N,O=c1c2[nH]cnc2ncn1Cc1nn(CC2CCc3ccccc32)c(=O)o1,0,4
JYVPQGZHLMFNTN-UHFFFAOYSA-N,c1ccncc1,0,4
JZBLZBUYBKFIGJ-CCKFTAQKSA-N,O=c1c2ccncc2ncn1Cc1nc(C2C3Cc4ccccc4C32)no1,0,0
JZBLZBUYBKFIGJ-GDIGMMSISA-N,O=c1c2ccncc2ncn1Cc1nc(C2C3Cc4ccccc4C32)no1,0,0
JZXXBEFFCKCRCF-IGOJGBNBSA-N,O=c1c2ccncc2ncn1Cc1nc(C2C3CN(c4ccccc4)CC32)no1,0,0
KAVXLDFMUNWDLX-GCJKJVERSA-N,O=C(NCc1ccnc(-c2ccccc2)c1)C1CCCN1S(=O)(=O)c1ccccc1,0,1
KBDWUWKNXJLWES-LLVKDONJSA-N,O=c1c2[nH]cnc2ncn1Cc1nn(CCc2ccccc2)c(=O)o1,0,1
KBDWUWKNXJLWES-NSHDSACASA-N,O=c1c2[nH]cnc2ncn1Cc1nn(CCc2ccccc2)c(=O)o1,0,1
KBGYHCULXCGUTB-YEORSEQZSA-N,O=c1c2[nH]cnc2ncn1Cc1nc(C2CC(Oc3ccccc3)C2)no1,0,2
KBJLJHMMMFHLOW-SMDDNHRTSA-N,O=c1c2[nH]nnc2cnn1Cc1nc(C2COC(c3ccccc3)C2)no1,0,2
KBZMFUUCCJSHOG-XLIONFOSSA-N,O=C(NCc1cccc(-c2cncnc2)c1)C1CCC1S(=O)(=O)c1ccccc1,0,3
KCBWYEIWBIVYQK-UHFFFAOYSA-N,O=c1c2cncn2ncn1Cc1nc(CCc2ccccc2)no1,0,1
KCBYJLXRAIWJKQ-MSOLQXFVSA-N,O=C(NCc1cnn(-c2cccnc2)c1)C1CCCC1S(=O)(=O)c1ccccc1,0,3
KCBYJLXRAIWJKQ-QNSVNVJESA-N,O=C(NCc1cnn(-c2cccnc2)c1)C1CCCC1S(=O)(=O)c1ccccc1,0,3
KDJIYOOVUNTKAJ-FUHWJXTLSA-N,O=c1c2cnc(N3CCNCC3)n2ncn1Cc1nc(C2COC(c3ccccc3)C2)no1,0,4
KDLVKFCBCTXDOW-SWKFRHMKSA-N,O=C(Cc1coc2[nH]c(=O)[nH]c(=O)c12)N=c1[nH]c(-c2ccccc2)cs1,0,0
KDMQTXGHOYJLOQ-NZQKXSOJSA-N,O=C(NCc1cccc(-c2cncnc2)c1)C1CCCN1S(=O)(=O)c1ccccc1,0,1
KDXRBPDHOHGHLI-GXFFZTMASA-N,O=c1c2cncn2ncn1Cc1nc(C2COC(c3ccccc3)C2)no1,0,1
KEABNWALVFPWDZ-ZDUSSCGKSA-N,O=c1c2ccsc2ncn1Cc1nc(CCc2ccccc2)no1,0,2
KEQCKEFNTDXKBN-UHFFFAOYSA-N,O=C(CNC(=O)c1ccccc1)c1ccccc1,0,2
KFLJBILIWFLJMW-SWLSCSKDSA-N,O=c1c2cccnc2ncn1Cc1nc(C2COC(c3ccccc3)C2)no1,0,2
KFPIBSJOVPWQQT-UHFFFAOYSA-N,O=C(Cc1cccc2[nH]c(=O)[nH]c(=O)c12)Nc1nc(-c2ccccc2)cs1,0,3
KFZGTVWNSIPNCQ-NRFANRHFSA-N,O=C(NCc1cn(-c2ccccc2)c(=O)[nH]c1=O)C1CCCN1S(=O)(=O)c1cc2cnccc2o1,0,4
KGDYRCIWRHRFPK-OWOJBTEDSA-N,C(=Cc1ccccc1)c1ccccc1,0,4
KGRANTXTMXDAIF-VYKXQCJSSA-N,C(=CCCC1CCCOO1)CCC1=CCCCC1,0,1
KGVMCKSYBGNOLM-IVMQYODDSA-N,O=C(Cn1cnc2[nH]c(=O)[nH]c(=O)c21)Nc1cccc(-c2ccc(N3CC4CC4C3)nc2)n1,0,0
KGZSYEIVIHQFAV-UHFFFAOYSA-N,O=C(Cc1nsc2[nH]c(=O)[nH]c(=O)c12)Nc1nc(-c2ccccc2)cs1,0,3
KHBHURZBJBAUPN-MBBMFPOLSA-N,c1ccccc1,0,1
KHBHURZBJBAUPN-MZRBSKCNSA-N,c1ccccc1,0,1
KHCMGMZHKZFVBB-KRWDZBQOSA-N,O=C(NCc1ccccc1)C1CCCN1S(=O)(=O)c1ccccc1,0,4
KHIPZNLPSJMFRQ-MNZLEMJZSA-N,O=c1c2cccnc2ncn1Cc1nc(C2C3CN(c4ccccc4)CC32)no1,0,1
KHKAWXWOIAMQMU-MOPGFXCFSA-N,O=C(Cc1cn(-c2cncnc2)nc1C1CC1)NC1CCC1S(=O)(=O)c1ccccc1,0,4
KHNKWIRXUWCUEJ-FOLVSLTJSA-N,O=c1c2[nH]cnc2ncn1Cc1nc(C2C3CN(c4ccccc4)CC32)no1,0,0
KHSABDQBZIWQTO-ZDUSSCGKSA-N,O=C(Cn1cnc2[nH]c(=O)n(Cc3ncno3)c(=O)c21)Nc1cccc(-c2cccnc2)n1,0,2
KHZLLVHHICAXLI-JYAVWHMHSA-N,O=c1c2[nH]cnc2ncn1Cc1nc(C2C3CN(c4ccccn4)CC32)no1,0,4
KIBRIXFLSAEWRD-MNNVXMFVSA-N,O=C(Cn1cnc2[nH]c(=O)[nH]c(=O)c21)Nc1cccc(-c2ccc(N3CC4CC4C3)nc2)n1,0,0
KISLLAVVUQSKFA-BEFAXECRSA-N,O=C(NCc1cc(-c2cccnc2)ncn1)C1CCCN1S(=O)(=O)c1ccccc1,0,0
KISLLAVVUQSKFA-KXBFYZLASA-N,O=C(NCc1cc(-c2cccnc2)ncn1)C1CCCN1S(=O)(=O)c1ccccc1,0,0
KKAXOBZHIMMGAT-GOEBONIOSA-N,O=c1n(Cc2nc(C3COC(c4ccccc4)C3)no2)nc2ccccn12,0,4
KKHGKGCIZAIQFF-QHCPKHFHSA-N,O=C(NCc1cc(-c2ccccn2)c[nH]c1=O)C1CCCN1S(=O)(=O)c1cc2ccccc2o1,0,1
KMNAEBCIGPEECD-UHFFFAOYSA-N,O=c1c2ccncc2ncn1Cc1nn(CCc2ccccc2)c(=O)o1,0,2
KNPPROPWZGMELQ-UTKZUKDTSA-N,O=C(NCc1cc(-c2ccccc2)ncn1)C1CCCN1S(=O)(=O)c1ccccc1,0,4
KOJGDUNEMGGIAC-UHFFFAOYSA-N,O=C(CCCCCCCCc1ccccc1)CCc1ccccc1,0,1
KOYSGBCDWRHDGA-QFIPXVFZSA-N,O=C(NCc1cc(-c2cccnc2)c[nH]c1=O)C1CCCN1S(=O)(=O)c1cc2ccccc2o1,0,2
KQDOMOCNSBRDDX-DZGCQCFKSA-N,O=c1c2cccnc2ncn1Cc1nc(C2COC(c3ccccc3)C2)no1,0,2
KQWPJWCPXVABPC-DEOSSOPVSA-N,O=C(NCc1c[nH]c(=O)c(-c2ccccc2)c1)C1CCCN1S(=O)(=O)c1cc2ccccc2o1,0,1
KRBDFQDQWIUJAV-ZDUSSCGKSA-N,O=C(Cn1cnc2[nH]c(=O)n(Cc3ccon3)c(=O)c21)Nc1cncc(-c2cccnc2)n1,0,2
KRKWCQHXZXSWFM-UHFFFAOYSA-N,c1ccc(Oc2ncnc3[nH]ccc23)cc1,0,3
KRWUIYYMASCNIU-JTQLQIEISA-N,O=c1c2ccsc2ncn1Cc1nnn(CCc2ccccc2)n1,0,4
KSJHONZXLRBUGV-UHFFFAOYSA-N,O=C(Cn1cnc2[nH]c(=O)[nH]c(=O)c21)Nc1cccc(-c2cccnc2)n1,0,3
KSLQPFSVJVQJTN-UHFFFAOYSA-N,O=C(Cc1ccnc2[nH]c(=O)[nH]c(=O)c12)Nc1nc(-c2ccccc2)cs1,0,2
KTXOJFRLLCSGST-ATCWAGBWSA-N,O=c1c2[nH]cnc2ncn1Cc1nc(C2C3CN(c4ccccc4)CC32)no1,0,0
KTXXTAMHYVKIKC-UHFFFAOYSA-N,O=C(NCc1ccc2[nH]ccc2c1)c1cn2c(=O)n(Cc3ccccc3)c(=O)cc2s1,0,3
KUCKGTYCUCCWBF-UHFFFAOYSA-N,O=C(NCC(Cc1ccccc1)N1CCCC1)C1(c2ccccc2)CCCC1,0,2
KUMFMRYNIVJBRS-UONOGXRCSA-N,O=c1c2[nH]cnc2ncn1Cc1nc(C2COC(c3ccccc3)C2)no1,0,2
KUOPDXDRBGFUSS-UHFFFAOYSA-N,O=C(CNC(=O)c1cnoc1)c1ccccc1,0,3
KUPHFKFESJUDAK-FQEVSTJZSA-N,O=C(NCc1cn(-c2cccnc2)c(=O)[nH]c1=O)C1CCCN1S(=O)(=O)c1cc2ccccc2o1,0,1
KUTXHEQBZVXQNL-UHFFFAOYSA-N,c1ccc(Oc2ncnc3[nH]ccc23)cc1,0,3
KUZQVDWAFOZJOE-QRWLVFNGSA-N,O=C(NCc1cc(N2CCCCC2)ccn1)C1CCCN1S(=O)(=O)c1ccccc1,0,3
KVBIZNGZPXTWQB-GXTWGEPZSA-N,O=c1[nH]cnc2ncn(Cc3nc(C4COC(c5ccccc5)C4)no3)c12,0,2
KVHIQQZLYJNLIF-SQGPQFPESA-N,O=c1c2[nH]cnc2ncn1Cc1nc(C2C3C=C(c4cccc(-c5cnco5)c4)CC32)no1,0,3
KVMFUOIFKMJGTE-IPVJXJPOSA-N,O=c1c2cccnc2ncn1Cc1nc(C2CC(c3ccccc3)C2)no1,0,2
KVPTURFWDARJNL-IGOJGBNBSA-N,O=c1c2ccncc2ncn1Cc1nc(C2C3CN(c4ccccc4)CC32)no1,0,0
KVSPYEYQFMGJNK-GXTWGEPZSA-N,O=c1c2[nH]cnc2ncn1Cc1nc(C2COC(c3ccccc3)C2)no1,0,2
KVVPUULMDPPTDH-SQWLQELKSA-N,O=c1c2[nH]cnc2ncn1Cc1nc(C2C3C=C(c4cccnc4)CC32)no1,0,4
KVVPUULMDPPTDH-YCPHGPKFSA-N,O=c1c2[nH]cnc2ncn1Cc1nc(C2C3C=C(c4cccnc4)CC32)no1,0,4
KWWJAPGGMKHGFX-UHFFFAOYSA-N,O=C(NCC(CC1CCOCC1)N1CCCCC1)C1(c2ccccc2)CCCC1,0,4
KXJKBRSZQXSODD-SWLSCSKDSA-N,c1ccc(C2CC(c3noc(Cn4cnc5cccnc54)n3)CO2)cc1,0,2
KXQHESILURTFDZ-OOHWJJMZSA-N,O=C(Cn1cnc2[nH]c(=O)[nH]c(=O)c21)Nc1cncc(-c2ccc(N3CC4CC4C3)nc2)n1,0,2
KXWZZRHVIAVSMX-UHFFFAOYSA-N,c1ccc(-c2ccc3[nH]ncc3c2)cc1,0,4
KXZXNLHJKUDAQF-UHFFFAOYSA-N,c1ccc(-c2ccc3[nH]ncc3c2)cc1,0,4
KYNKXOOLHDJDOZ-ATCWAGBWSA-N,O=c1c2[nH]cnc2ncn1Cc1nc(C2C3CN(c4ccccc4)CC32)no1,0,0
KZDJEUUOOISTHH-UHFFFAOYSA-N,O=C(NCc1ccncc1)c1cn2c(=O)n(Cc3ccccc3)c(=O)cc2s1,0,2
KZXZMTYISMCMQC-UZLBHIALSA-N,O=C(NCc1cc(-c2ccccn2)ccn1)C1CCCN1S(=O)(=O)c1ccccc1,0,3
KZYIBERUTGMWIW-WILYLXEWSA-N,O=C(NCc1cc(-c2cncnc2)ncn1)C1CCCN1S(=O)(=O)c1ccccc1,0,0
KZYMSANMAJGLBF-RCAAVWGTSA-N,c1ccncc1,0,4
LAMKDCIOIKOTRV-VQFNDLOPSA-N,O=c1c2cccnc2ncn1Cc1nc(C2C3CN(c4ccccc4)CC32)no1,0,1
LAOOFNIDAVFMLB-GXTWGEPZSA-N,O=c1c2[nH]cnc2ncn1Cc1nc(C2COC(c3ccccc3)C2)no1,0,2
LAZQLGQFJPMZPC-OFNKIYASSA-N,O=C(NCc1cccc(-c2cccnc2)c1)C1CCCN1S(=O)(=O)c1ccccc1,0,2
LBCLKSUDHMQCPT-UHFFFAOYSA-N,O=C(CNC(=O)c1cnoc1)c1ccccc1,0,3
LCHWALDJSLNZAF-UHFFFAOYSA-N,O=C(Cn1cnc2[nH]c(=O)n(Cc3ccon3)c(=O)c21)Nc1cccc(-c2cccnc2)n1,0,1
LCVAKFVAVVYVKP-XLIONFOSSA-N,O=C(NCc1cccc(-c2cncnc2)c1)C1CCCN1S(=O)(=O)c1ccccc1,0,1
LDLLVRCAPFWYTL-YWPYICTPSA-N,O=c1c2[nH]cnc2ncn1Cc1nc(C2C3C=C(c4ccccc4)CC32)no1,0,3
LDOFQBOPGCJOBN-NWANDNLSSA-N,O=c1c2[nH]cnc2ncn1Cc1nc(C2C3Cc4ccccc4C32)no1,0,2
LDOFQBOPGCJOBN-SNPRPXQTSA-N,O=c1c2[nH]cnc2ncn1Cc1nc(C2C3Cc4ccccc4C32)no1,0,2
LDWKVFAOUNQPHG-MAUKXSAKSA-N,O=S(=O)(c1ccccc1)N1CCCC1c1ccccc1,0,4
LEKRFJTXKXUQOH-WCQYABFASA-N,O=c1[nH]cnc2ncn(Cc3nc(C4COC(c5ccccc5)C4)no3)c12,0,2
LFAYPGINOVAESB-ATCWAGBWSA-N,O=c1c2[nH]cnc2ncn1Cc1nc(C2C3CN(c4ccccc4)CC32)no1,0,0
LFIARYKUQKQPHR-RUYXUALKSA-N,O=c1c2[nH]cnc2ncn1Cc1nc(C2C3CN(c4ccc5c(c4)CCCC5)CC32)no1,0,0
LFJLLZGVJMOKAN-YCPHGPKFSA-N,O=c1c2[nH]cnc2nnn1Cc1nc(C2C3C=C(c4ccccc4)CC32)no1,0,4
LFLLGOFAJPSJPA-NSHDSACASA-N,O=C1NCCc2c1sc1ncn(Cc3nnn(CCc4cccs4)n3)c(=O)c21,0,3
LFMJKUKQVYUFOI-SHTZXODSSA-N,O=c1c2cccnc2ncn1Cc1nc(C2CC(c3ccccc3)C2)no1,0,2
LFOVPEOOEVQMOM-UHFFFAOYSA-N,c1ccc(-c2ccc3[nH]ncc3c2)cc1,0,4
LFVOFPFXYXXTEY-UHFFFAOYSA-N,O=c1c2[nH]cnc2ncn1Cc1nn(CCCOc2ccccc2)c(=O)o1,0,0
LFYAILSQQZVGPM-ZDUSSCGKSA-N,O=c1ccc2ncn(Cc3nn(CCc4ccccc4)c(=O)o3)c(=O)c2[nH]1,0,2
LGDQCKVOXHGGTO-AWEZNQCLSA-N,O=c1c2cccnc2ncn1Cc1nn(CCc2ccccc2)c(=O)o1,0,1
LGDQCKVOXHGGTO-CQSZACIVSA-N,O=c1c2cccnc2ncn1Cc1nn(CCc2ccccc2)c(=O)o1,0,1
LGMMPJBTYVKDBK-SQWLQELKSA-N,O=c1c2[nH]cnc2ncn1Cc1nc(C2C3C=C(c4ccccc4)CC32)no1,0,3
LGVSQHZAKUBGAR-UHFFFAOYSA-N,O=C(NCc1cnn(-c2ccccc2)c1)C1CCCC1S(=O)(=O)c1ccccc1,0,4
LGVSQHZAKUBGAR-UXHICEINSA-N,O=C(NCc1cnn(-c2ccccc2)c1)C1CCCC1S(=O)(=O)c1ccccc1,0,4
LHKBWGFVZPWGQN-MNZLEMJZSA-N,O=c1c2ccncc2ncn1Cc1nc(C2C3CN(c4ccccc4)CC32)no1,0,0
LHZDFHPXUSASSO-IRLDBZIGSA-N,O=C(NCc1cccc(-c2cccnc2)c1)C1CCCN1S(=O)(=O)c1ccccc1,0,2
LHZORGBUTZZYPP-FHERZECASA-N,O=C(Cn1cnc2[nH]c(=O)[nH]c(=O)c21)Nc1cccc(-c2cnc(N3CC4CC4C3)nc2)n1,0,1
LHZORGBUTZZYPP-UHFFFAOYSA-N,O=C(Cn1cnc2[nH]c(=O)[nH]c(=O)c21)Nc1cccc(-c2cnc(N3CC4CC4C3)nc2)n1,0,1
LIFYIRBVSHHVHX-UHFFFAOYSA-N,O=C(Cn1cnc2[nH]c(=O)n(Cc3ccno3)c(=O)c21)Nc1cccc(-c2cccnc2)n1,0,2
LISYHIGPSGJBLO-GTPINHCMSA-N,O=C(Cn1cnc2[nH]c(=O)[nH]c(=O)c21)Nc1cncc(-c2cnc(N3CC4CC4C3)nc2)n1,0,0
LJNZMPRTKUDPDS-UHFFFAOYSA-N,O=c1c2[nH]cnc2ncn1Cc1nn(CCc2ccccc2)c(=O)o1,0,1
LJVBOYNVRPSCQX-UHFFFAOYSA-N,O=C(Cc1nsc2[nH]c(=O)[nH]c(=O)c12)Nc1nc(-c2ccccc2)cs1,0,3
LKBZHIMJQJYAHH-UHFFFAOYSA-N,O=C1C2=C(NC(=S)NC2c2ccccc2)c2ccccc21,0,2
LKFOIEUPHQVDAK-UHFFFAOYSA-N,c1ccc(Oc2cccc3[nH]ccc23)cc1,0,3
LKFWDDRPBOSQHO-NSHDSACASA-N,O=C(Cn1cnc2[nH]c(=O)[nH]c(=O)c21)Nc1cncc(-c2cncnc2)n1,0,1
LKGOYTNWKHESNU-UHFFFAOYSA-N,c1ccccc1,0,1
LLQYCVKVDILAKB-GXTWGEPZSA-N,S=c1c2[nH]cnc2ncn1Cc1nc(C2COC(c3ccccc3)C2)no1,0,2
LLRCPJPOJWCVFG-NXNVCVFFSA-N,O=c1c2[nH]cnc2ncn1Cc1nc(C2C3CCC(Oc4ccccc4)C32)no1,0,1
LMRCGSHKMMSQEV-SQWLQELKSA-N,O=c1c2[nH]cnc2ncn1Cc1nc(C2C3C=C(c4ccncc4)CC32)no1,0,0
LMRCGSHKMMSQEV-YCPHGPKFSA-N,O=c1c2[nH]cnc2ncn1Cc1nc(C2C3C=C(c4ccncc4)CC32)no1,0,0
LMRQHWNBPZIMFT-UHFFFAOYSA-N,O=C(Cn1cnc2[nH]c(=O)n(Cc3ccon3)c(=O)c21)Nc1ccccn1,0,2
LMTHLRLOCUUWOQ-UHFFFAOYSA-N,c1ccc(-c2ccc3[nH]ncc3c2)cc1,0,4
LMYBZPVFXTXZQG-FOLVSLTJSA-N,O=c1c2[nH]cnc2ncn1Cc1nc(C2C3CN(c4ccccc4)CC32)no1,0,0
LNHYIPIWVZDRTE-KOMQPUFPSA-N,O=c1c2cccc(=O)n2ccn1Cc1nn(C2CC(c3ccccc3)C2)c(=O)o1,0,0
LNPOPNHAJSGXPH-BEFAXECRSA-N,O=C(NCc1ccnc(-c2cncnc2)c1)C1CCCN1S(=O)(=O)c1ccccc1,0,0
LNRZVKYAWMXAPS-UHFFFAOYSA-N,O=C(CNC(=O)c1ccccc1)c1ccccc1,0,2
LNSIRIOINRHVCV-UHFFFAOYSA-N,c1ccc(Nc2n[nH]c3ccccc23)cc1,0,3
LOEVTFQCTSNTAC-IERDGZPVSA-N,O=C(NCc1cc(N2CCCCC2)ccn1)C1CCCN1S(=O)(=O)c1ccccc1,0,3
LORGNQOYVLGAGP-PMACEKPBSA-N,O=C(NCc1cccc(-c2cncnc2)c1)C1CCCN1S(=O)(=O)c1ccccc1,0,1
LOTBKQZXFAVCCV-ATCWAGBWSA-N,O=c1c2[nH]cnc2ncn1Cc1nc(C2C3CN(c4ccccc4)CC32)no1,0,0
LPCOIIXPRFJUPJ-JRZJBTRGSA-N,O=C(Cn1cnc2[nH]c(=O)[nH]c(=O)c21)Nc1cccc(-c2cnc(N3CCCC3)nc2)n1,0,1
LPLVBOWGFAEFOE-GDBMZVCRSA-N,O=c1c2cccnc2ncn1Cc1nn(C2CCC(c3ccccc3)C2)c(=O)o1,0,2
LQLOSOHAEWYAAN-RUYXUALKSA-N,O=c1c2[nH]cnc2ncn1Cc1nc(C2C3CN(c4ccc5ccccc5c4)CC32)no1,0,1
LRHYTZHUYICYOM-UHFFFAOYSA-N,O=C(Cc1coc2[nH]c(=O)[nH]c(=O)c12)Nc1nc(-c2ccccc2)cs1,0,4
LRLWBLKHOSPXAN-APWZRJJASA-N,O=C(NCc1cccc(-c2cscn2)c1)C1CCCN1S(=O)(=O)c1ccccc1,0,0
LRQGQNBGWAVMGR-WCQYABFASA-N,O=c1c2[nH]cnc2ncn1Cc1nc(C2COC(c3ccccc3)C2)no1,0,2
LRXFJLLAFBGRML-GRTSSRMGSA-N,O=C(Cn1cnc2[nH]c(=O)[nH]c(=O)c21)Nc1csc(-c2cnc(N3CC4CC4C3)nc2)n1,0,4
LRZQMDHWCOUOPM-SQWLQELKSA-N,O=c1c2[nH]nnc2ncn1Cc1nc(C2C3C=C(c4ccccc4)CC32)no1,0,0
LRZQMDHWCOUOPM-YCPHGPKFSA-N,O=c1c2[nH]nnc2ncn1Cc1nc(C2C3C=C(c4ccccc4)CC32)no1,0,0
LSUGPAVXOXLORK-JOCHJYFZSA-N,O=C(CNC(=O)N1CCN(c2ccccn2)CC1)c1ccccc1,0,4
LTAAZSNGZSIZQM-UHFFFAOYSA-N,O=C(NCc1ccccc1)c1cn2c(=O)n(Cc3ccccc3)c(=O)cc2s1,0,0
LTDJLTDLWIUUDL-NFOMZHRRSA-N,O=C(Cn1cnc2[nH]c(=O)[nH]c(=O)c21)Nc1ccnc(-c2cnc(N3CC4CC4C3)nc2)n1,0,3
LTWAIMIDHDTCGE-UHFFFAOYSA-N,c1cncc(-c2n[nH]c3ccccc23)c1,0,2
LTXRMKXVBGTLSA-UHFFFAOYSA-N,O=C(Cn1cnc2ncccc2c1=O)NCCc1ccccc1,0,3
LUBDIXHYIRNPIQ-UHFFFAOYSA-N,O=C(Cc1cccc2c1C(=O)NC2=O)Nc1nc(-c2ccccc2)cs1,0,0
LUKBXSAWLPMMSZ-OWOJBTEDSA-N,C(=Cc1ccccc1)c1ccccc1,0,4
LUOQKYCEQBFDOI-MNZLEMJZSA-N,O=c1c2[nH]cnc2ncn1Cc1nc(C2C3CN(c4cnc5ccccc5c4)CC32)no1,0,3
LUTWICAIXWFDLX-DZFIZOCASA-N,O=c1c2[nH]cnc2ncn1Cc1nc(C2C3CN(c4ccc5c(c4)CCC5)CC32)no1,0,4
LVGJWOUPWIVHGT-VKJFTORMSA-N,O=c1c2[nH]cnc2ncn1Cc1nc(C2C3C=C(c4ccc5[nH]ncc5c4)CC32)no1,0,0
LVNGBBYMWXDSCD-UHFFFAOYSA-N,O=C(Cc1ccnc2[nH]c(=O)[nH]c(=O)c12)Nc1nc(-c2ccccc2)cs1,0,2
LWHBTYBHTYESIQ-UHFFFAOYSA-N,c1ccc(Oc2ncnc3[nH]ccc23)cc1,0,3
LWLNRICWXNERKX-PANOFWHVSA-N,c1ccccc1,0,1
LWPXBBRIJUTOEP-ZDUSSCGKSA-N,O=c1c2ccsc2ncn1Cc1nc(CCc2ccccc2)no1,0,2
LXWUTCSZIGIMGQ-NRFANRHFSA-N,O=C(Cn1cnc2[nH]c(=O)n(Cc3ccccn3)c(=O)c21)Nc1cccc(-c2cnc(N3CCCC3)nc2)n1,0,1
LXYWSBOWXXFXME-QAPCUYQASA-N,O=C(NCc1cnn(-c2cccnc2)c1)C1CCCN1S(=O)(=O)c1ccccc1,0,3
LYNYBISSXARLGD-UHFFFAOYSA-N,O=C(Cc1cccc2[nH]c(=O)[nH]c(=O)c12)Nc1nc(-c2ccccc2)cs1,0,3
LYYSCYDFWXHSRF-LAQFHYBYSA-N,O=c1c2[nH]cnc2ncn1Cc1nc(C2C3CN(c4ccc5scnc5c4)CC32)no1,0,0
LZAWPGLJCUXQOP-UHFFFAOYSA-N,c1ccccc1,0,1
LZLVNQUCQLQASZ-UHFFFAOYSA-N,O=C(Cn1ccc2[nH]c(=O)[nH]c(=O)c21)Nc1ccccc1,0,3
LZRMYUSAULVNHO-WCQYABFASA-N,O=c1c2[nH]cnc2cnn1Cc1nc(C2COC(c3ccccc3)C2)no1,0,0
LZZAVIYOWBNZER-VYDXJSESSA-N,O=c1c2[nH]cnc2ncn1Cc1nc(C2C3C=C(c4ccccc4)CC32)no1,0,3
LZZAVIYOWBNZER-ZMSDIMECSA-N,O=c1c2[nH]cnc2ncn1Cc1nc(C2C3C=C(c4ccccc4)CC32)no1,0,3
MAAPLVMPZDDSFI-ZETCQYMHSA-N,O=c1[nH]c(=O)c2[nH]cnc2[nH]1,0,1
MALXQNURGIETDN-MOPGFXCFSA-N,O=C(NCc1cnn(-c2ccccc2)c1)C1CCC1S(=O)(=O)c1ccccc1,0,0
MALXQNURGIETDN-UHFFFAOYSA-N,O=C(NCc1cnn(-c2ccccc2)c1)C1CCC1S(=O)(=O)c1ccccc1,0,0
MANPXGYRIORUOE-GOEBONIOSA-N,O=c1c2cccnc2ncn1Cc1nc(C2COC(c3ccccc3)C2)no1,0,2
MARWGKHZVAMFRS-HNNXBMFYSA-N,O=C(Cn1cnc2[nH]c(=O)n(Cc3ccon3)c(=O)c21)Nc1cccc(-c2cccnc2)n1,0,1
MBEIRYJQOWMKGK-UHFFFAOYSA-N,O=C(Cn1cnc2[nH]c(=O)n(Cc3ncon3)c(=O)c21)Nc1cccc(-c2cccnc2)n1,0,0
MBFAPSKWPISCAC-OOAXWGSJSA-N,O=C(Cc1coc2[nH]c(=O)[nH]c(=O)c12)N=c1[nH]c(-c2ccccc2)cs1,0,0
MBHKUJMCEPPIEW-MNZLEMJZSA-N,O=c1c2[nH]cnc2ncn1Cc1nc(C2C3CN(c4cccc(-c5cnco5)c4)CC32)no1,0,0
MBQFITADUYCEOL-UHFFFAOYSA-N,O=C(Cn1cnc2[nH]c(=O)[nH]c(=O)c21)Nc1cccc(-c2cncnc2)n1,0,0
MCSVDEMEILTGTA-LURJTMIESA-N,O=c1[nH]c(=O)c2[nH]cnc2[nH]1,0,1
MDZCDAYNNUPZDO-NQZBTDCJSA-N,O=C(NCc1cc(-c2cncnc2)nc(C2CC2)n1)C1CCCN1S(=O)(=O)c1ccccc1,0,3
MESAZEZGAZMOOO-UHFFFAOYSA-N,O=C(Cc1cccc2[nH]c(=O)[nH]c(=O)c12)Nc1nc(-c2ccccc2)cs1,0,3
MFRZFIMXWVKZNR-UHFFFAOYSA-N,O=C(Cn1cnc2[nH]c(=O)[nH]c(=O)c21)Nc1cccc(-c2ccccc2)n1,0,4
MGGVBMYIXILZHA-UHFFFAOYSA-N,O=C(Cc1ccnc2[nH]c(=O)[nH]c(=O)c12)Nc1nc(-c2ccccc2)cs1,0,2
MHAHARMDLJOTNL-NSHDSACASA-N,O=C(Cn1cnc2[nH]c(=O)n(Cc3ncon3)c(=O)c21)Nc1csc(-c2cccnc2)n1,0,1
MHCWTBFSBKNAMQ-DCPHZVHLSA-N,O=C(NCc1ccnc(-c2cncnc2)c1)C1C2CC2CN1S(=O)(=O)c1ccccc1,0,3
MHTJEUOFLVQMCL-NJHPPEEMSA-N,c1ccccc1,0,1
MHTJEUOFLVQMCL-UFVXJIOISA-N,c1ccccc1,0,1
MHVONIOEJOVODB-UHFFFAOYSA-N,c1ccc(Oc2ncnc3[nH]ccc23)cc1,0,3
MJFAWSAGOMZKPI-RAXQPMNESA-N,O=C(Cc1coc2[nH]c(=O)[nH]c(=O)c12)N=c1[nH]c(-c2ccccc2)cs1,0,0
MJLDVLCZYBQYAL-UHFFFAOYSA-N,O=C(Cc1coc2[nH]c(=O)[nH]c(=O)c12)Nc1nc(-c2ccccc2)cs1,0,4
MJYWLKTXRPVKEZ-MSOLQXFVSA-N,O=C(Cc1cnn(-c2cccnc2)c1)NC1CCC1S(=O)(=O)c1ccccc1,0,1
MJYWLKTXRPVKEZ-UHFFFAOYSA-N,O=C(Cc1cnn(-c2cccnc2)c1)NC1CCC1S(=O)(=O)c1ccccc1,0,1
MJZFLVZBZCNKDO-LBPRGKRZSA-N,O=c1c2ccsc2ncn1Cc1nnn(CCc2cc3ccccc3o2)n1,0,2
MKBIZVCFJOWGMO-LSDHHAIUSA-N,O=c1c2[nH]cnc2ncn1Cc1nc(C2COC(c3ccccc3)C2)no1,0,2
MKFGBLWMDLQLDI-GRTSSRMGSA-N,O=C(Cn1cnc2[nH]c(=O)[nH]c(=O)c21)Nc1ccnc(-c2cnc(N3CC4CC4C3)nc2)n1,0,3
MKIKGQZGGGLNPU-LBPRGKRZSA-N,O=c1c2ccsc2ncn1Cc1nnn(CCc2cc3ccccc3o2)n1,0,2
MKOVVWJQLPYAMT-UHFFFAOYSA-N,c1ccc(-c2n[nH]c3ccccc23)cc1,0,4
MKZWVKSABWOAEC-UHFFFAOYSA-N,c1ccc(-c2cn3ccccc3n2)cc1,0,3
MLVMMKNPHXPAAR-SUMWQHHRSA-N,O=c1c2cccnc2cnn1Cc1nc(C2COC(c3ccccc3)C2)no1,0,4
MMEGDRGXGKDKMU-FOLVSLTJSA-N,O=c1[nH]c(=O)c2c(ncn2Cc2nc(C3C4CN(c5ccccc5)CC43)no2)[nH]1,0,4
MMNOSEAJUARMOD-OOHWJJMZSA-N,O=C(Cn1cnc2[nH]c(=O)[nH]c(=O)c21)Nc1cncc(-c2ccc(N3CC4CC4C3)nc2)n1,0,2
MMPAULQSJLVKHP-UHFFFAOYSA-N,c1ccc(-c2nnnn2Cc2cccnc2)cc1,0,1
MMRVTSMOSFLTST-UHFFFAOYSA-N,O=C(Cc1[nH]nc2[nH]c(=O)[nH]c(=O)c12)Nc1nc(-c2ccccc2)cs1,0,3
MNMZXKKNMFGYBW-ZDUSSCGKSA-N,O=C(Cn1cnc2[nH]c(=O)[nH]c(=O)c21)Nc1ccnc(-c2cccnc2)n1,0,4
MNWQVIWMYZQBRS-MQMHXKEQSA-N,O=c1c2[nH]cnc2ncn1Cc1nn(C2CC(Oc3ccccc3)C2)c(=O)o1,0,2
MOCHTZHSWMIZAF-UZLBHIALSA-N,O=C(NCc1ccnc(-c2cccnc2)c1)C1CCCN1S(=O)(=O)c1ccccc1,0,0
MQBRPGZLHZUVDU-UHFFFAOYSA-N,O=C(Cn1ccc2[nH]c(=O)[nH]c(=O)c21)Nc1nc(-c2ccccc2)cs1,0,4
MQPVCEGYFVTWDL-UHFFFAOYSA-N,O=C(Cc1coc2[nH]c(=O)[nH]c(=O)c12)Nc1nc(-c2ccccc2)cs1,0,4
MQUKIMHLRYIAML-HSZRJFAPSA-N,O=C(NCc1cc(-c2cccnc2)ncn1)C1CCCN1S(=O)(=O)c1ccccc1,0,0
MQWVXCFLFCEROX-INIZCTEOSA-N,O=C(NCc1cnn(-c2cccnc2)c1)C1CCN1S(=O)(=O)c1ccccc1,0,1
MRBQQESZUMBYBU-OXFYSEKESA-N,C1=C(CCC2CCCOO2)CCCC1,0,4
MRBQQESZUMBYBU-WRWLIDTKSA-N,C1=C(CCC2CCCOO2)CCCC1,0,4
MRHRRDRSFAZUKB-UHFFFAOYSA-N,c1ccc(-c2n[nH]c3cccnc23)cc1,0,1
MRIRDTYIRGDISF-UHFFFAOYSA-N,O=C(NCSc1ccccc1)c1ccccc1,0,0
MRJQAVHTQSPKOG-HALDLXJZSA-N,O=c1[nH]cnc2cnn(Cc3nc(C4C5CN(c6ccccc6)CC54)no3)c12,0,0
MRLQZWIORUYYAK-SWLSCSKDSA-N,O=c1c2[nH]cnc2cnn1Cc1nc(C2COC(c3ccccc3)C2)no1,0,0
MSAYCLQQORKAFC-UHFFFAOYSA-N,O=C(Cn1ccc2[nH]c(=O)[nH]c(=O)c21)Nc1nc(-c2ccccc2)cs1,0,4
MSLUZYJVJCAREX-CTNGQTDRSA-N,O=C(NCc1cc(-c2ccccc2)ncn1)C1CCC1S(=O)(=O)c1ccccc1,0,0
MSQPVCFZSCZFMD-UHFFFAOYSA-N,O=C(Cc1coc2[nH]c(=O)[nH]c(=O)c12)Nc1nc(-c2ccccc2)cs1,0,4
MSYGBWPPRVPMSJ-MRXNPFEDSA-N,O=S(=O)(c1ccccc1)N1CCCC1c1ccccc1,0,4
MSZQIMOHOGZARD-UHFFFAOYSA-N,c1ccc(-c2ccc3[nH]ncc3c2)cc1,0,4
MTGXVBRHBMNUOU-GXTWGEPZSA-N,O=c1c2[nH]cnc2ncn1Cc1nc(C2COC(c3ccccc3)C2)no1,0,2
MUOIGSUAOLUOMW-UHFFFAOYSA-N,O=c1[nH]c2nc[nH]c2c(=O)n1Cc1ncno1,0,3
MWEJPRYWFKNEQK-UHFFFAOYSA-N,O=C(CNC(=O)c1ccccc1)c1ccccc1,0,2
MWNYBDMBUNWRDN-UHFFFAOYSA-N,O=C(c1cn2c(=O)n(Cc3ccccc3)c(=O)cc2s1)N1CCC(Oc2ccccc2)CC1,0,0
MWVJVARWBHTASX-HUBLWGQQSA-N,O=c1c2[nH]cnc2ncn1Cc1nc(C2C3Oc4ccccc4C32)no1,0,3
MWVJVARWBHTASX-LALPHHSUSA-N,O=c1c2[nH]cnc2ncn1Cc1nc(C2C3Oc4ccccc4C32)no1,0,3
MXDJEHKNIKUPOY-CMPLNLGQSA-N,O=c1c2scnc2ncn1Cc1nc(C2COC(c3ccccc3)C2)no1,0,4
MYASRSUUBFDVPB-BEFAXECRSA-N,O=C(NCc1ccnc(-c2cncnc2)c1)C1CCCN1S(=O)(=O)c1ccccc1,0,0
MYBJZJMUOIRKIX-CYXPSIDGSA-N,C=C1CCCCC1CCC1CCCOO1,0,3
MYECAPLZRDMDEP-NRFANRHFSA-N,O=C(NCc1ccc(=O)n(-c2ccccc2)c1)C1CCCN1S(=O)(=O)c1cc2ccccc2o1,0,1
MYGMWKBCBYXEOU-UHFFFAOYSA-N,O=C(Cn1cnc2[nH]c(=O)[nH]c(=O)c21)Nc1cccc(-c2ccccc2)n1,0,4
MYIJPYOIQWNCTL-UHFFFAOYSA-N,O=C(Cc1cccc2c1C(=O)NC2=O)Nc1nc(-c2ccccc2)cs1,0,0
MYPMHHGCMJXXDR-NRFANRHFSA-N,O=C(NCc1ccc(=O)n(-c2ccccc2)c1)C1CCCN1S(=O)(=O)c1cc2ccccc2o1,0,1
MZBAUWHFVTWOCF-UHFFFAOYSA-N,c1ccc(-c2n[nH]c3cc(NC4CCN(CC5CC5)CC4)cnc23)cc1,0,3
MZDLKLCZJYQPTH-GOEBONIOSA-N,O=C(Cn1cnc2[nH]c(=O)[nH]c(=O)c21)Nc1csc(-c2cnc(N3CCCC3)nc2)n1,0,4
MZDLKLCZJYQPTH-HOCLYGCPSA-N,O=C(Cn1cnc2[nH]c(=O)[nH]c(=O)c21)Nc1csc(-c2cnc(N3CCCC3)nc2)n1,0,4
MZGUKCQKDCDZDA-NSHDSACASA-N,O=c1c2ccsc2ncn1Cc1nnn(CCc2ccc3c(c2)OCO3)n1,0,4
MZVLUJKMPFKSCI-UHFFFAOYSA-N,O=c1c2cncnc2ncn1Cc1nn(CCc2ccccc2)c(=O)o1,0,1
NAIFTAJHKHUWIN-NWANDNLSSA-N,O=c1c2[nH]cnc2ncn1Cc1nc(C2C3Cc4ccccc4C32)no1,0,2
NAIFTAJHKHUWIN-SNPRPXQTSA-N,O=c1c2[nH]cnc2ncn1Cc1nc(C2C3Cc4ccccc4C32)no1,0,2
NAIQURVKOAEMNP-UHFFFAOYSA-N,O=C(Cn1cnc2[nH]c(=O)[nH]c(=O)c21)Nc1cccc(-c2cccnc2)n1,0,3
NAOMZGKLBJKTAT-UHFFFAOYSA-N,O=c1c2nccnc2ncn1Cc1nc(CCc2ccccc2)no1,0,4
NASBLTGMHKILDI-LBPRGKRZSA-N,O=C(Cn1cnc2[nH]c(=O)[nH]c(=O)c21)Nc1csc(-c2cccnc2)n1,0,1
NBNOGVOWEZWSDX-UHFFFAOYSA-N,O=C(Cc1coc2[nH]c(=O)[nH]c(=O)c12)Nc1nc(-c2ccccc2)cs1,0,4
NBSLXNJLYUHGDR-IGOJGBNBSA-N,O=c1c2ccncc2ncn1Cc1nc(C2C3CN(c4ccccc4)CC32)no1,0,0
NBWWXTRHLDJUJO-UHFFFAOYSA-N,c1ccc(-c2cn3ccccc3n2)cc1,0,3
NCAMCMDMPZEGLJ-AWEZNQCLSA-N,O=C(Cn1cnc2[nH]c(=O)n(Cc3ccccn3)c(=O)c21)Nc1cncc(-c2cccnc2)n1,0,4
NCCUKKILHUYRJX-UXHICEINSA-N,O=C(Cn1cc(-c2ccccc2)cn1)NC1CCC1S(=O)(=O)c1ccccc1,0,1
NCURYYQHLSRXOT-UHFFFAOYSA-N,O=C(Cc1coc2[nH]c(=O)[nH]c(=O)c12)Nc1nc(-c2ccccc2)cs1,0,4
NDCBWQCTQSTKJY-UHFFFAOYSA-N,c1ccccc1,0,1
NERDQWNAJADUOY-CVDCTZTESA-N,O=C(NCc1cn(-c2ccccn2)c(=O)[nH]c1=O)C1CCCN1S(=O)(=O)c1cc2ccccc2o1,0,4
NETQTTFOIRBCDZ-AEFFLSMTSA-N,O=C(NCc1cccc(-c2nccs2)c1)C1CCCN1S(=O)(=O)c1ccccc1,0,1
NFNBZWYHKFLQAP-UHFFFAOYSA-N,O=C1C2=C(NC(=S)NC2c2ccccc2)c2ccccc21,0,2
NGORHOBBMAHQFE-LAQFHYBYSA-N,O=c1c2[nH]cnc2ncn1Cc1nc(C2C3CN(c4ccccc4)CC32)no1,0,0
NGVRXPJMFITBJX-AWEZNQCLSA-N,O=c1c2ccsc2ncn1Cc1nnn(CCc2ccccc2)n1,0,4
NHABUIFDSBXZLP-JEYLPNPQSA-N,O=C(Cn1cnc2[nH]c(=O)[nH]c(=O)c21)Nc1cncc(-c2ccc(N3CC4CC4C3)nc2)n1,0,2
NHFRFZWACDLIJO-GRTSSRMGSA-N,O=C(Cn1cnc2[nH]c(=O)n(Cc3ncno3)c(=O)c21)Nc1csc(-c2cnc(N3CC4CC4C3)nc2)n1,0,3
NHHOKCAEWOGISL-NFOMZHRRSA-N,O=C(Cn1cnc2[nH]c(=O)[nH]c(=O)c21)Nc1cncc(-c2cnc(N3CC4CC4C3)cn2)n1,0,3
NHXPTCSMIZELNE-UHFFFAOYSA-N,c1ccc(Oc2ncnc3[nH]ccc23)cc1,0,3
NIKXCFKCQIOJGE-IGEOTXOUSA-N,O=C(Cn1cnc2[nH]c(=O)[nH]c(=O)c21)Nc1csc(-c2ccc(N3CC4CC4C3)nc2)n1,0,2
NIVMPNIOANBDGM-UHFFFAOYSA-N,O=C(Cc1cccc2[nH]c(=O)[nH]c(=O)c12)Nc1nc(-c2ccccc2)cs1,0,3
NKQCFZYAGAXSEP-ORMTXKICSA-N,O=c1c2[nH]cnc2ncn1Cc1nc(C2C3CN(c4ccccc4)CC32)no1,0,0
NKUUKWCBPOPJIO-LBPRGKRZSA-N,O=c1c2[nH]cnc2ncn1Cc1nn(CC2CCc3ccccc32)c(=O)o1,0,4
NKZCJCIDAGEUIM-LBPRGKRZSA-N,O=C(Cn1cnc2[nH]c(=O)n(Cc3ncno3)c(=O)c21)Nc1cncc(-c2cccnc2)n1,0,2
NLNWNOMTEBKBKR-NSHDSACASA-N,O=C(Cn1cnc2[nH]c(=O)n(Cc3ncon3)c(=O)c21)Nc1cccc(-c2cncnc2)n1,0,4
NLOJJXVQKKKSMA-UHFFFAOYSA-N,O=C(Cc1[nH]nc2[nH]c(=O)[nH]c(=O)c12)Nc1nc(-c2ccccc2)cs1,0,3
NLWIALKJQZYZKG-UHFFFAOYSA-N,O=c1c2[nH]cnc2ncn1Cc1nn(CCc2ccccc2)c(=O)o1,0,1
NLZYLJKBFOAYMA-UHFFFAOYSA-N,O=C(Cc1coc2[nH]c(=O)[nH]c(=O)c12)Nc1nc(-c2ccccc2)cs1,0,4
NMCHHCFFFJAHSG-MIRVZWSXSA-N,O=c1c2cccnc2ncn1Cc1nn(C2CC(c3ccccc3)C2)c(=O)o1,0,1
NMXYAUFQQIWAEC-MQMHXKEQSA-N,O=c1c2[nH]cnc2ncn1Cc1nn(C2CC(Oc3ccccc3)C2)c(=O)o1,0,2
NNNQVSUPWVEWSZ-UHFFFAOYSA-N,O=C(Cc1cccc2[nH]c(=O)[nH]c(=O)c12)Nc1nc(-c2ccccc2)cs1,0,3
NNQHKCKPDGQFKO-DYXWJJEUSA-N,O=c1c2[nH]c(NC3CCOCC3)nc2ncn1Cc1nc(C2C3C=C(c4ccccc4)CC32)no1,0,4
NNSLKBVDAAEDLW-UHFFFAOYSA-N,O=C(Cc1nsc2[nH]c(=O)[nH]c(=O)c12)Nc1nc(-c2ccccc2)cs1,0,3
NNTSHWHAMWNNPN-CSKARUKUSA-N,O=C(C=Cc1ccccc1)Nc1ccccc1,0,3
NNTVXWSMKXIYQP-FMIVXFBMSA-N,c1ccccc1,0,1
NNTVXWSMKXIYQP-XFXZXTDPSA-N,c1ccccc1,0,1
NOOQUZUAODSSGX-HDMKZQKVSA-N,O=c1c2[nH]cnc2ncn1Cc1nc(C2C3C=C(c4ccc5oncc5c4)CC32)no1,0,4
NOXDIPWNQOTUAB-UHFFFAOYSA-N,O=C(NCSc1ccccc1)c1ccccc1,0,0
NPEFTSHDWRRIGK-QWHZDKJVSA-N,O=c1c2cccnc2ncn1Cc1nc(C2C3CN(c4ccccn4)CC32)no1,0,3
NPMWJMYXYACXRK-UHFFFAOYSA-N,O=c1[nH]c2nc[nH]c2c(=O)n1Cc1ccon1,0,4
NPTHNANPKCRKIP-VIKVFOODSA-N,O=c1c2ccnn2ncn1Cc1nc(C2C3CN(c4ccccn4)CC32)no1,0,0
NPUDHMAZVHROFR-WOSRLPQWSA-N,O=c1c2[nH]cnc2ncn1Cc1nc(C2C3C=C(c4ccccn4)CC32)no1,0,0
NPUDHMAZVHROFR-WWGRRREGSA-N,O=c1c2[nH]cnc2ncn1Cc1nc(C2C3C=C(c4ccccn4)CC32)no1,0,0
NQEUZZGRELLFAS-JJRVBVJISA-N,O=c1c2[nH]cnc2ncn1Cc1nc(C2C3C=C(c4ccccc4)CC32)no1,0,3
NQPPCJDUDWGYDN-MSRIBSCDSA-N,O=c1c2[nH]cnc2ncn1Cc1nc(C2C3CN(c4ccccc4)CC32)no1,0,0
NSCDYGWDPJENAZ-DLBZAZTESA-N,O=c1c2[nH]cnc2ncn1Cc1nc(C2COC(c3ccc(C4CC4)cc3)C2)no1,0,2
NSMVPLGFGKOGBJ-ZHRRBRCNSA-N,O=C(NCc1cc(-c2cccnc2)ncn1)C1CCCN1S(=O)(=O)c1ccccc1,0,0
NSOSVZCRYQUGJD-VIKVFOODSA-N,O=c1c2[nH]cnc2ncn1Cc1nc(C2C3CN(c4ccccn4)CC32)no1,0,4
NSPJVTHVINFJSX-JTQLQIEISA-N,O=c1c2ccsc2ncn1Cc1nc(CCc2ccc3c(c2)OCO3)no1,0,3
NSULWEQZEHFMNX-UHFFFAOYSA-N,O=C(NCC(Cc1ccccc1)N1CCCCC1)C1(c2ccccc2)CCCC1,0,2
NTFPIJYAGREYFB-UHFFFAOYSA-N,O=C(Cc1onc2[nH]c(=O)[nH]c(=O)c12)Nc1nc(-c2ccccc2)cs1,0,0
NTYRFIKFQBKXPB-JEYLPNPQSA-N,O=C(Cn1cnc2[nH]c(=O)[nH]c(=O)c21)Nc1cncc(-c2cnc(N3CC4CC4C3)nc2)n1,0,0
NUSGVFGBRJCICH-UHFFFAOYSA-N,O=C1C2=C(NC(=S)NC2c2ccccc2)c2ccccc21,0,2
NVJRTSJVHGFIRF-UHFFFAOYSA-N,c1ccc(-c2cn3ccccc3n2)cc1,0,3
NVQMCWJWKHEVQL-HPFXQQBRSA-N,O=c1c2[nH]cnc2ncn1Cc1nc(C2C3CN(CCc4ccccc4)CC32)no1,0,2
NWSIRYGEZSHVOK-JPYJTQIMSA-N,O=C(NCc1cc(-c2ccccc2)ncn1)C1CCCN1S(=O)(=O)c1ccccc1,0,4
NXFIEIXVSJMOQL-UHFFFAOYSA-N,c1ccc(-c2ccc3[nH]ncc3c2)cc1,0,4
NXHKYBGXKCFXET-UHFFFAOYSA-N,O=C(Nc1ccccc1)c1cccs1,0,3
NZKRDROSRYWYIZ-AOIWGVFYSA-N,O=c1c2[nH]c(NC3COC3)nc2ncn1Cc1nc(C2C3C=C(c4ccccc4)CC32)no1,0,0
OAFMAMFQRUUJFC-CHWSQXEVSA-N,c1ccc(NC2CCCCC2)cc1,0,4
OALGIPQKCNNGBC-SQWFFKJPSA-N,O=C1C=C(CCC=CCCC2CCCOO2)CCC1,0,3
OAMUBLNNGBSUNW-FQEVSTJZSA-N,O=C(NCc1cn(-c2ccccc2)c(=O)[nH]c1=O)C1CCCN1S(=O)(=O)c1cc2ccccc2o1,0,0
OARAWCIGFKPUOQ-UHFFFAOYSA-N,c1ccc(-c2ccc3[nH]ncc3c2)cc1,0,4
OBEVBOOBEWVPJL-OHOGDBNVSA-N,O=C(NCc1cc(-c2cccnc2)ncn1)C1C2CCC(C2)N1S(=O)(=O)c1ccccc1,0,3
OBHJVFPRSXFZMO-ATCWAGBWSA-N,O=c1c2[nH]cnc2ncn1Cc1nc(C2C3CN(c4ccccc4)CC32)no1,0,0
OCAGWVPJUUSEHZ-UHFFFAOYSA-N,O=C(NCSc1ccccc1)c1ccccc1,0,0
OCPANKWZNDYWSE-PBHICJAKSA-N,O=C(NCc1cnn(-c2cccnc2)c1)C1CCCN1S(=O)(=O)c1ccccc1,0,3
OCRMZDPHJXSESH-BXHXUVEDSA-N,O=c1c2[nH]cnc2ncn1Cc1nc(C2CC(c3ccccc3)C2)no1,0,3
OCTMHUCXAOCKDH-UHFFFAOYSA-N,O=c1c2[nH]cnc2ncn1Cc1nn(CCc2cccs2)c(=O)o1,0,1
ODCGQSLLUGLMSU-UHFFFAOYSA-N,O=C(Cc1nsc2[nH]c(=O)[nH]c(=O)c12)Nc1nc(-c2ccccc2)cs1,0,3
ODPZBRSHIVSPND-GXTWGEPZSA-N,O=c1ccncn1Cc1nc(C2COC(c3ccccc3)C2)no1,0,3
ODUIXUGXPFKQLG-QWRGUYRKSA-N,O=C(c1csc(Nc2ccccc2)n1)N1CCCCC1,0,4
OFCLMLWEVNQPIR-DZGCQCFKSA-N,O=C(Cn1cnc2[nH]c(=O)[nH]c(=O)c21)Nc1ccnc(-c2cnc(N3CCCC3)nc2)n1,0,4
OFCLMLWEVNQPIR-ZFWWWQNUSA-N,O=C(Cn1cnc2[nH]c(=O)[nH]c(=O)c21)Nc1ccnc(-c2cnc(N3CCCC3)nc2)n1,0,4
OFCROMUFKSLDNV-UHFFFAOYSA-N,O=C(Cn1cnc2[nH]c(=O)n(Cc3ccon3)c(=O)c21)Nc1ccc(N2CCCCC2)cn1,0,3
OGLFBGKKIABWEQ-DOTOQJQBSA-N,O=c1c2ccnn2ncn1Cc1nc(C2COC(c3ccc4cn[nH]c4c3)C2)no1,0,1
OGPFIYLORKWHNT-UHFFFAOYSA-N,c1ccc(Oc2ncnc3[nH]ccc23)cc1,0,3
OIMOSWUWUIXKEC-UTKZUKDTSA-N,O=C(NCc1cc(-c2ccccc2)ncn1)C1CCCN1S(=O)(=O)c1ccccc1,0,4
OJDPMUKHSHJUMB-UHFFFAOYSA-N,c1ccc(CC2CCCCC2)cc1,0,2
OJPPDEXGRGOSGZ-QRWLVFNGSA-N,O=C(NCc1cc(-c2ccccc2)ncn1)C1CCCN1S(=O)(=O)c1ccccc1,0,4
OKROUULIEINPBH-KXBFYZLASA-N,O=C(Cn1cnc2[nH]c(=O)n(Cc3ccon3)c(=O)c21)Nc1cncc(-c2cnc(N3CCCC3)nc2)n1,0,4
OKTCWLWVPKWVHH-UHFFFAOYSA-N,O=C(CNC(=O)c1ccccc1)c1ccccc1,0,2
OMAOTMMMFIUYGY-UHFFFAOYSA-N,O=C(Cn1cnc2ccccc2c1=O)NCCc1ccccc1,0,4
OMCPTRKQFMHMFO-BLLLJJGKSA-N,O=c1c2cccnc2cnn1Cc1nc(C2COC(c3ccccc3)C2)no1,0,4
OMMPJIYDEJHEFK-SWLSCSKDSA-N,O=c1c2[nH]ncc2ncn1Cc1nc(C2COC(c3ccccc3)C2)no1,0,2
OMTUXAGTVRSGHC-YQVWRLOYSA-N,O=c1c2[nH]cnc2ncn1Cc1nc(C2C3C=C(c4ccccc4)CC32)no1,0,3
OOABNTZYAYDDFY-WCQYABFASA-N,c1ccc(C2CC(c3noc(Cn4cnc5nccnc54)n3)CO2)cc1,0,2
OOEICVKLQRDYIY-UHFFFAOYSA-N,O=C(c1cn2c(=O)n(Cc3ccccc3)c(=O)cc2s1)N1CCC(Oc2ccccc2)CC1,0,0
OOIANJTYVKDXDO-ZLPCBKJTSA-N,O=C(Cn1cnc2[nH]c(=O)[nH]c(=O)c21)Nc1cncc(-c2ccc(N3CC4CC4C3)nc2)n1,0,2
OOILCLJLPGNGBY-XLIONFOSSA-N,O=C(NCc1ccnc(-c2cncnc2)c1)C1CCCN1S(=O)(=O)c1ccccc1,0,0
OOVNFOVAFVAUEB-FQEVSTJZSA-N,O=C(NCc1cn(-c2ccccn2)c(=O)[nH]c1=O)C1CCCN1S(=O)(=O)c1cc2ccccc2o1,0,4
OOYSDFNECMAJEG-UHFFFAOYSA-N,O=C(Nc1ccccc1)c1ccccc1,0,0
OOZCYHFVKYNNLY-UHFFFAOYSA-N,O=C(Cn1cnc2c1C(=O)NC1=NCCN12)Nc1nc(-c2ccccc2)cs1,0,3
OPLSBZPFTJOKSC-UHFFFAOYSA-N,c1ccc(Nc2n[nH]c3ccccc23)cc1,0,3
OPWGBOAEYGMIKX-UHFFFAOYSA-N,c1ccccc1,0,1
OPWGCVSCPKEDAN-UHFFFAOYSA-N,O=C(Nc1nnc(S(=O)(=O)Nc2ccccc2)s1)c1ccccc1,0,0
OQASTGYBPZQXHT-UHFFFAOYSA-N,c1csc(-c2n[nH]c3ccccc23)c1,0,3
ORDBIMJXWQFKSA-VFNWGFHPSA-N,O=C(NCc1cc(-c2ccccc2)ncn1)C1CCCN1S(=O)(=O)c1ccccc1,0,4
OSASTMYQPFYXAS-XLIONFOSSA-N,O=C(NCc1cn(-c2cccnc2)nc1C1CC1)C1CCCN1S(=O)(=O)c1ccccc1,0,4
OSBWGLVHJYXMNU-VYDXJSESSA-N,O=c1c2[nH]cnc2ncn1Cc1nc(C2C3C=C(c4ccccc4)CC32)no1,0,3
OSBWGLVHJYXMNU-ZMSDIMECSA-N,O=c1c2[nH]cnc2ncn1Cc1nc(C2C3C=C(c4ccccc4)CC32)no1,0,3
OSIHVFBKSGLNSB-UHFFFAOYSA-N,O=c1c2[nH]cnc2ncn1Cc1nn(CCc2ccccc2)c(=O)o1,0,1
OSRJLGOOPNGZRD-UHFFFAOYSA-N,O=C(CNC(=O)c1ccccc1)c1ccccc1,0,2
OSUPAEDILOOTGJ-DZGCQCFKSA-N,O=c1ccn2c(=O)n(Cc3nc(C4COC(c5ccccc5)C4)no3)ccc2n1,0,0
OSVVWQSAPRHYFQ-UHFFFAOYSA-N,c1ccc(Oc2ncnc3[nH]ccc23)cc1,0,3
OTONXOROEOKVFV-GXTWGEPZSA-N,O=c1c2ccnn2ncn1Cc1nc(C2COC(c3ccccc3)C2)no1,0,4
OUFMSVRFVDNVAQ-UHFFFAOYSA-N,O=c1c2[nH]cnc2ncn1Cc1nn(CCc2cccc(-c3ccccc3)c2)c(=O)o1,0,0
OUIWGZWQOLEJRB-QRIPLOBPSA-N,O=C(NCc1ccnc(-c2cccnc2)c1)C1CCCN1S(=O)(=O)c1ccccc1,0,0
OUKDYRGLICRORO-ATCWAGBWSA-N,O=c1c2[nH]ncc2ncn1Cc1nc(C2C3CN(c4ccccn4)CC32)no1,0,4
OUOCXXWHUVVIMO-UHFFFAOYSA-N,c1ccc(-c2nc3ccccn3c2NC2CC2)cc1,0,4
OUOJOESQQFDWPE-RZQQEMMASA-N,O=c1ccc2ncn(Cc3nc(C4C5C=C(c6ccccc6)CC54)no3)c(=O)c2[nH]1,0,0
OXAKNBOUQBFWOU-FQEVSTJZSA-N,O=C(CNS(=O)(=O)c1ccccc1)NCc1cccc(-c2cnc(N3CCCC3)nc2)c1,0,0
OXBAGLABLAJOLY-MIRVZWSXSA-N,O=c1c2cccnc2ncn1Cc1nn(C2CC(c3ccccc3)C2)c(=O)o1,0,1
OXJIXZHGSZCNBP-IERDGZPVSA-N,O=C(NCc1cc(-c2ccccc2)ncn1)C1CCCN1S(=O)(=O)c1ccccc1,0,4
OXKFPUAIKOJQRA-JYAVWHMHSA-N,O=c1c2[nH]cnc2ncn1Cc1nc(C2C3CN(c4ccncc4)CC32)no1,0,3
OYBNJIXRFLARRD-SWLSCSKDSA-N,O=c1c2cccnc2ncn1Cc1nc(C2COC(c3ccccc3)C2)no1,0,2
OYCZSQKUKRDHOU-UHFFFAOYSA-N,c1ccccc1,0,1
OYJMLCGZSMSIHK-UHFFFAOYSA-N,O=C(Cc1cccc2[nH]c(=O)[nH]c(=O)c12)Nc1nc(-c2ccccc2)cs1,0,3
OYTIHKVAZJQNDV-ZDUSSCGKSA-N,O=C(Cn1cnc2[nH]c(=O)n(Cc3ccon3)c(=O)c21)Nc1csc(-c2cccnc2)n1,0,2
OYUSSTRGYVQVEE-UHFFFAOYSA-N,c1ccc(-c2ccc3[nH]ncc3c2)cc1,0,4
OZYWCNZZAGZNJD-UHFFFAOYSA-N,O=C(Cc1coc2[nH]c(=O)[nH]c(=O)c12)Nc1nc(-c2ccccc2)cs1,0,4
PAEBEJVPSADOMC-HSZRJFAPSA-N,O=C(NCC(Cc1ccccc1)N1CCCCC1)C1(c2ccccc2)CCCC1,0,2
PAEBEJVPSADOMC-QHCPKHFHSA-N,O=C(NCC(Cc1ccccc1)N1CCCCC1)C1(c2ccccc2)CCCC1,0,2
PAEBEJVPSADOMC-UHFFFAOYSA-N,O=C(NCC(Cc1ccccc1)N1CCCCC1)C1(c2ccccc2)CCCC1,0,2
PBEOFMXPKRIFLC-JOCQHMNTSA-N,O=c1c2[nH]cnc2ncn1Cc1nc(C2CC(c3ccccc3)C2)no1,0,3
PCPHCZCRTIQJOL-UHFFFAOYSA-N,S=C1Nc2c(oc3ncccc23)C(c2cccc(OCc3cccnc3)c2)N1,0,2
PCRVYTLDPBCCDQ-QMMMGPOBSA-N,O=c1c2ccsc2ncn1Cc1nnn(CCc2cccs2)n1,0,4
PCZBLEDJUILZHT-DZGCQCFKSA-N,O=c1c2cn[nH]c2ncn1Cc1nc(C2COC(c3ccccc3)C2)no1,0,0
PDCHRYNMRDSNLJ-PBHICJAKSA-N,O=C(NCc1cnn(-c2cncnc2)c1)C1CCCN1S(=O)(=O)c1ccccc1,0,2
PDJKELJNZJFLOF-NRFANRHFSA-N,O=C(NCc1cn(-c2ccccc2)c(=O)[nH]c1=O)C1CCN1S(=O)(=O)c1cc2ccccc2o1,0,2
PDLRKEDIAZMXFA-DGCLKSJQSA-N,O=C(NC1CCCCC1)c1ccccc1,0,2
PDVLAYRROWUZQJ-UHFFFAOYSA-N,O=C(NCc1cccnc1)c1cn2c(=O)n(Cc3ccccc3)c(=O)cc2s1,0,1
PEFLRUKKGUWIBC-CMPLNLGQSA-N,O=c1c2scnc2ncn1Cc1nc(C2COC(c3ccccc3)C2)no1,0,4
PEHFNRMZSZUHCM-ZDUSSCGKSA-N,O=C(Cn1cnc2[nH]c(=O)n(Cc3ncon3)c(=O)c21)Nc1cccc(-c2cccnc2)n1,0,0
PFFILXROCXLMKU-QFIPXVFZSA-N,O=C(NCc1cn(-c2ccccc2)c(=O)[nH]c1=O)C1CCCN1S(=O)(=O)c1cc2ccccc2o1,0,0
PGOAAJHGHGCKOZ-UHFFFAOYSA-N,c1ccc(-c2n[nH]c3cccnc23)cc1,0,1
PGPPQKVBZGTYCD-FPOVZHCZSA-N,O=C(NCc1cc(-c2ccccc2)ncn1)C1CCCN1S(=O)(=O)c1ccccc1,0,4
PHGQTOSVXWSIQY-OAHLLOKOSA-N,O=S(=O)(c1ccccc1)N1CCCC1c1ccccc1,0,4
PHNSUXWWTIXLNZ-UHFFFAOYSA-N,O=C(CNC(=O)c1ccccc1)c1ccccc1,0,2
PHQJSLDTLKKGHV-FOLVSLTJSA-N,O=c1c2[nH]cnc2ncn1Cc1nc(C2C3CN(c4ccccc4)CC32)no1,0,0
PIERVTPSZKKBMN-QVDMIQRCSA-N,O=c1c2cccnc2cnn1Cc1nc(C2C3CN(c4ccc5ncsc5c4)CC32)no1,0,1
PIHLKVAETFVCON-UOXRKKOCSA-N,O=C(NCc1cc(-c2cncnc2)ccn1)C1CCCN1S(=O)(=O)c1ccccc1,0,0
PIJOIBMLUGHWEK-UHFFFAOYSA-N,O=C(NCc1ccccc1)c1cn2c(=O)n(Cc3ccccc3)c(=O)cc2s1,0,0
PIMAYQFCABRHBK-UHFFFAOYSA-N,O=c1c2cccnc2ncn1Cc1nc(CCc2ccccc2)no1,0,1
PIMPOWDMRUXOBB-QMMMGPOBSA-N,O=c1c2ccsc2ncn1Cc1nnn(CCc2cccs2)n1,0,4
PJLJDPJGWGMDSJ-UHFFFAOYSA-N,O=c1oc(Cn2ncc3nc[nH]c3c2=O)nn1CCc1ccccc1,0,1
PJMMWANXHNLCLA-UHFFFAOYSA-N,O=c1c2cccnc2ncn1Cc1nc(CCc2ccccc2)no1,0,1
PJRBIKOPYKCNRH-ZETCQYMHSA-N,O=c1[nH]c(=O)c2[nH]cnc2[nH]1,0,1
PJSGHCYHFOHJAO-MQMHXKEQSA-N,O=c1c2[nH]cnc2ncn1Cc1nn(C2CC(c3ccccc3)C2)c(=O)o1,0,0
PJYBQLCOMOPZIT-UHFFFAOYSA-N,c1ccc(-c2ccc3[nH]ncc3c2)cc1,0,4
PKBHAOIFDOPMHC-UHFFFAOYSA-N,O=C(NCc1cn(-c2ccccc2)c(=O)[nH]c1=O)C1(NS(=O)(=O)c2cc3ccccc3o2)CC1,0,1
PKKIGRUIKFFWQO-UHFFFAOYSA-N,O=C(Cc1csc2[nH]c(=O)[nH]c(=O)c12)Nc1nc(-c2ccccc2)cs1,0,1
PKSXAPBVYBUCIY-UHFFFAOYSA-N,c1ccc(-c2cn3ccccc3n2)cc1,0,3
PKZUAQKBDUQBKF-KLHPHEINSA-N,O=C1C2NC=NC2N=CN1Cc1nc(C2COC(c3ccccc3)C2)no1,0,4
PLCMBEBJCVWYCS-UHFFFAOYSA-N,O=C(Cc1cccc2c1C(=O)NC2=O)Nc1nc(-c2ccccc2)cs1,0,0
PLLCCTINGQUQCK-VGSWGCGISA-N,O=C(NCc1cc(-c2ccccc2)ccn1)C1CCCN1S(=O)(=O)c1ccccc1,0,2
PLOIHNZHFPANMY-BEFAXECRSA-N,O=C(NCc1ccnc(-c2cccnc2)c1)C1CCCN1S(=O)(=O)c1ccccc1,0,0
PMWFGSNDBSNHJI-ZDUSSCGKSA-N,O=C(Cn1cnc2[nH]c(=O)n(Cc3ccon3)c(=O)c21)Nc1csc(-c2cccnc2)n1,0,2
PMXSDPMOTVJQHZ-UHFFFAOYSA-N,O=C(Cn1cnc2[nH]c(=O)[nH]c(=O)c21)Nc1csc(-c2cccnc2)n1,0,1
POOZHORJSHQJIX-VYDXJSESSA-N,O=c1c2[nH]cnc2ncn1Cc1nc(C2C3C=C(c4ccccc4)CC32)no1,0,3
POOZHORJSHQJIX-ZMSDIMECSA-N,O=c1c2[nH]cnc2ncn1Cc1nc(C2C3C=C(c4ccccc4)CC32)no1,0,3
PPBOSWYXLDLTQR-NRFANRHFSA-N,O=C(NCc1cn(-c2ccccc2)c(=O)[nH]c1=O)C1CCCN1S(=O)(=O)c1cc2ccccc2o1,0,0
PPHJNQDDPYIFET-UHFFFAOYSA-N,c1ccc(-c2ccc3[nH]ncc3c2)cc1,0,4
PPPUCVVATHINGW-UHFFFAOYSA-N,O=C(CNS(=O)(=O)c1ccccc1)NCC1CCCN(c2ccccc2)C1,0,0
PQLZHXGPCNTDOI-GXTWGEPZSA-N,O=c1c2ccnn2ncn1Cc1nc(C2COC(c3ccccc3)C2)no1,0,4
PQNMHUNFLUYLPR-LBPRGKRZSA-N,O=C(Cn1cnc2[nH]c(=O)[nH]c(=O)c21)Nc1csc(-c2cccnc2)n1,0,1
PQPWYVUBQBVNIU-UHFFFAOYSA-N,O=C(NCC(Cc1ccccc1)N1CCCCC1)C1CCCCC1,0,4
PRCKQIDYJROCLA-HXOBKFHXSA-N,O=C(NCc1cccc(-c2cncnc2)c1)C12CC1CCN2S(=O)(=O)c1ccccc1,0,1
PRDXUIGUMMDGBL-UHFFFAOYSA-N,c1ccc(-c2ccc3[nH]ncc3c2)cc1,0,4
PTCXTLVNQCOOLJ-AAJLLMFJSA-N,O=c1c2[nH]cnc2ncn1Cc1nc(C2C3C=C(c4ccccc4)CC32)no1,0,3
PTLJHZYZENAFPY-ZLPCBKJTSA-N,O=C(Cn1cnc2[nH]c(=O)[nH]c(=O)c21)Nc1cncc(-c2ccc(N3CC4CC4C3)nc2)n1,0,2
PUBSTYZERDDJIW-UHFFFAOYSA-N,O=C1C2=C(NC(=S)NC2c2ccccc2)c2ccccc21,0,2
PUOGINDCHOJOMG-APWZRJJASA-N,O=C(NCc1cc(N2CCCCC2)ncn1)C1CCCN1S(=O)(=O)c1ccccc1,0,2
PVBIJCUQCJVLAL-UHFFFAOYSA-N,O=C(Cn1cnc2[nH]c(=O)n(Cc3ccccn3)c(=O)c21)Nc1csc(-c2cncnc2)n1,0,1
PVFZUNSYFRTUGN-OIBJUYFYSA-N,c1csc(CC2CCCCC2)n1,0,2
PVJKXHORDRYXDV-UHFFFAOYSA-N,O=c1c2[nH]ncc2ncn1Cc1nn(CCc2ccccc2)c(=O)o1,0,1
PVRXMDUFHCZPHZ-UHFFFAOYSA-N,c1ccc(-c2ccc3[nH]ncc3c2)cc1,0,4
PWBYWHFGCWTQNI-VQTJNVASSA-N,O=c1c2[nH]cnc2ncn1Cc1nc(C2COC(c3ccc(-c4ccccc4)cc3)C2)no1,0,1
PXCDDIGJGSYRSZ-FOLVSLTJSA-N,O=c1c2[nH]cnc2ncn1Cc1nc(C2C3CN(c4ccccc4)CC32)no1,0,0
PXCDDIGJGSYRSZ-MIFYACCESA-N,O=c1c2[nH]cnc2ncn1Cc1nc(C2C3CN(c4ccccc4)CC32)no1,0,0
PXDPFFKXKJQMBY-LBPRGKRZSA-N,O=c1c2ccoc2ncn1Cc1nnn(CCc2cc3ccccc3s2)n1,0,1
PXDWCZGBDFEEIA-DTCTWCMCSA-N,c1ccncc1,0,4
PXKKQBVIUIPCPW-NNGSBXSVSA-N,O=C(Cn1cnc2[nH]c(=O)[nH]c(=O)c21)Nc1cccc(-c2cnc(N3CC4CC4C3)nc2)n1,0,1
PXMFTABUBQFGMP-CTNGQTDRSA-N,O=C(NCc1cccc(-c2cccnc2)c1)C1CCCN1S(=O)(=O)c1ccccc1,0,2
PXSJGBKABVHIIW-CTNGQTDRSA-N,O=C(NCc1cc(-c2ccccc2)ncn1)C1CCC1S(=O)(=O)c1ccccc1,0,0
PXSQFGAZGBJIGE-ZRCAFCQKSA-N,O=C(NCc1cccc(-c2cncnc2)c1)C1C2CC2CN1S(=O)(=O)c1ccccc1,0,2
PYCVZEBMKNOBEX-MUWWLHTESA-N,O=c1c2[nH]nnc2ncn1Cc1nc(C2CC(c3ccccc3)C2)no1,0,2
PYFKLAFILPDHPW-JSGCOSHPSA-N,O=C(Cn1cnc2[nH]c(=O)[nH]c(=O)c21)Nc1ccnc(-c2cnc(N3CCCC3)nc2)n1,0,4
PYQZVIOQEOMABN-UHFFFAOYSA-N,O=C(Cc1nsc2[nH]c(=O)[nH]c(=O)c12)Nc1nc(-c2ccccc2)cs1,0,3
PYUVYRLBAXWGIL-UZLBHIALSA-N,O=C(NCc1cccc(-c2cnccn2)c1)C1CCCN1S(=O)(=O)c1ccccc1,0,4
PYVHWBPRXXCCKR-UHFFFAOYSA-N,c1ccc(Nc2n[nH]c3ccncc23)cc1,0,3
PYVKWHMGOQLKRH-ZHRRBRCNSA-N,O=C(NCc1cc(-c2ccccc2)ccn1)C1CCCN1S(=O)(=O)c1ccccc1,0,2
PZLMINJQTMOPFT-UHFFFAOYSA-N,O=c1c2cccnc2ncn1Cc1nn(CCc2ccccc2)c(=O)o1,0,1
PZZQZTSBVOVKIW-WCQYABFASA-N,O=c1c2[nH]cnc2ncn1Cc1nc(C2COC(c3ccccc3)C2)no1,0,2
QACBGXXAWHQEGV-CYGMFBECSA-N,O=C(NCc1cccc(C2CCCCN2)c1)C1CCCN1S(=O)(=O)c1ccccc1,0,3
QAGFMEUYWNRVKG-ZDUSSCGKSA-N,O=C(Cn1cnc2[nH]c(=O)n(Cc3ccccn3)c(=O)c21)Nc1ccnc(-c2cncnc2)n1,0,3
QANDLGIRCKMBGX-UHFFFAOYSA-N,O=C(Cc1cccc2[nH]c(=O)[nH]c(=O)c12)Nc1nc(-c2ccccc2)cs1,0,3
QAYYDMWAJXHPGT-GXFFZTMASA-N,O=c1c2[nH]cnc2ncn1Cc1nc(C2COC(c3ccccn3)C2)no1,0,3
QBTYAOFNADKROF-CMPLNLGQSA-N,c1cncc(CC2CCCCC2)c1,0,0
QBWAUZYYCCITQO-XLIONFOSSA-N,O=C(NCc1cc(-c2cncnc2)ccn1)C1CCCN1S(=O)(=O)c1ccccc1,0,0
QCMMBGNFTCWHKV-UHFFFAOYSA-N,O=C(Cn1cnc2[nH]c(=O)n(Cc3ccccn3)c(=O)c21)Nc1cccc(-c2ccccc2)n1,0,0
QCOUAXOJJUTRGN-HIFPTAJRSA-N,O=C(Cn1cnc2[nH]c(=O)[nH]c(=O)c21)Nc1csc(-c2cnc(N3CC4CC4C3)nc2)n1,0,4
QCPBLUBTTYBKFC-UTKZUKDTSA-N,O=C(NCc1cc(-c2cccnc2)ccn1)C1CCCN1S(=O)(=O)c1ccccc1,0,3
QEHXVVXHOKWNFT-SWLSCSKDSA-N,O=c1c2[nH]nnc2ccn1Cc1nc(C2COC(c3ccccc3)C2)no1,0,3
QEIWOHNHKVKLRF-UHFFFAOYSA-N,O=C(Cc1coc2[nH]c(=O)[nH]c(=O)c12)Nc1nc(-c2ccccc2)cs1,0,4
QFPHKALUCGSAJI-UHFFFAOYSA-N,O=c1c2cccnc2ncn1Cc1nc(CCc2cccnc2)no1,0,4
QGFCPNANNXPVLI-IPVJXJPOSA-N,O=c1c2ccncc2ncn1Cc1nc(C2CC(c3ccccc3)C2)no1,0,2
QGHXAKRXUBZBBB-DZGCQCFKSA-N,O=c1c2[nH]cnc2ncn1Cc1nc(C2COC(c3ccccc3)C2)no1,0,2
QGIXOJCLJSPCPO-UHFFFAOYSA-N,c1ccc(Nc2n[nH]c3cccnc23)cc1,0,3
QHVGCPFDRYRMLN-UHFFFAOYSA-N,c1ccc(-c2cn3ccccc3n2)cc1,0,3
QIFKHTVCZJXBND-JEYLPNPQSA-N,O=C(Cn1cnc2[nH]c(=O)[nH]c(=O)c21)Nc1csc(-c2ccc(N3CC4CC4C3)nc2)n1,0,2
QIGKWJVPNDRBKA-UHFFFAOYSA-N,O=C(Cn1cnc2[nH]c(=O)[nH]c(=O)c21)Nc1cccc(-c2cccnc2)n1,0,3
QIJQKBGRRGZXRH-SIKLNZKXSA-N,O=C(NCc1cc(-c2cccnc2)ncn1)C1CCCN1S(=O)(=O)c1ccccc1,0,0
QITDMZAZRQGDJZ-UHFFFAOYSA-N,c1ccc(Nc2n[nH]c3cccnc23)nc1,0,2
QJBLCHBIHYCOJP-UHFFFAOYSA-N,O=c1c2cccnc2ncn1Cc1noc(CCc2ccccc2)n1,0,4
QJJFPLPNPVMYFT-CTNGQTDRSA-N,O=C(NCc1cccc(-c2cccnc2)c1)C1CCCN1S(=O)(=O)c1ccccc1,0,2
QJUQOEKFYBXEIS-UHFFFAOYSA-N,O=c1c2[nH]cnc2ncn1Cc1nn(CCc2cccc(-c3ccccc3)c2)c(=O)o1,0,0
QJVZVWLHLYIOEK-GTPINHCMSA-N,O=C(Cn1cnc2[nH]c(=O)[nH]c(=O)c21)Nc1cccc(-c2cnc(N3CC4CC4C3)nc2)n1,0,1
QKSNPPVPWNLCLK-UHFFFAOYSA-N,O=C(Cn1ncc2[nH]c(=O)[nH]c(=O)c21)Nc1nc(-c2ccccc2)cs1,0,4
QLMOPODZXCOESC-UHFFFAOYSA-N,O=C(Cn1cnc2[nH]c(=O)[nH]c(=O)c21)Nc1csc(-c2cccnc2)n1,0,1
QLSIFRFNRJHECP-SMDDNHRTSA-N,O=c1c2[nH]cnc2ncn1Cc1nc(C2COC(c3ccccc3)C2)no1,0,2
QLZXIMYXMVOVAQ-NZQKXSOJSA-N,O=C(NCc1cccc(-c2cnccn2)c1)C1CCCN1S(=O)(=O)c1ccccc1,0,4
QMAFBTYWSLPNQI-DZGCQCFKSA-N,O=c1cc2c(=O)n(Cc3nc(C4COC(c5ccccc5)C4)no3)ncn2cn1,0,0
QMEGSSYRFUWZDE-GXTWGEPZSA-N,O=C(Cn1cnc2[nH]c(=O)[nH]c(=O)c21)Nc1csc(-c2cnc(N3CCCC3)nc2)n1,0,4
QMEGSSYRFUWZDE-JSGCOSHPSA-N,O=C(Cn1cnc2[nH]c(=O)[nH]c(=O)c21)Nc1csc(-c2cnc(N3CCCC3)nc2)n1,0,4
QMNDHOHVKPZQCS-HUUCEWRRSA-N,c1ccc(NC2CCCCC2)cc1,0,4
QNQAJPYYMAPRBO-UHFFFAOYSA-N,c1ccc(Nc2n[nH]c3ccccc23)cc1,0,3
QNSDSXCPSVTCKK-YBVWCTEOSA-N,O=C(NCc1cc(-c2ccccc2)ncn1)C1C2CCC(C2)N1S(=O)(=O)c1ccccc1,0,0
QNZGMOZJDBNRKF-LBPRGKRZSA-N,O=c1c2ccoc2ncn1Cc1nnn(CCc2cc3ccccc3o2)n1,0,3
QNZKHXHWRNJPBD-UHFFFAOYSA-N,c1ccccc1,0,1
QOENQLQNUIKJBK-UHFFFAOYSA-N,O=c1c2cccnc2ncn1Cc1nn(CCc2ccccc2)c(=O)o1,0,1
QOKKWJMBTXOPEN-UHFFFAOYSA-N,O=C(Cn1cnc2ccccc2c1=O)NCCc1ccccc1,0,4
QOZZBCIPYXNJCK-ZIAGYGMSSA-N,c1ccc2c(c1)CCN2C1CCCCC1,0,3
QPCKSJFZJVXDFA-LBPRGKRZSA-N,O=c1c2ccsc2ncn1Cc1nnn(CCc2ccccc2)n1,0,4
QQQSONYYTGJIQO-UHFFFAOYSA-N,O=C(CNS(=O)(=O)c1ccccc1)NCC1CN(c2ccccc2)CCO1,0,3
QQQXKVCQXDRDNX-RXVVDRJESA-N,O=C(NCc1cccc(-c2cnccn2)c1)C1CCCN1S(=O)(=O)c1ccccc1,0,4
QRBXPSUERQTHLC-DZFIZOCASA-N,O=c1c2[nH]cnc2ncn1Cc1nc(C2C3CN(c4cccc(-n5cccn5)c4)CC32)no1,0,3
QRHSEUYZXNXRAQ-QFIPXVFZSA-N,O=C(NCc1cn(-c2ccccc2)c(=O)[nH]c1=O)C1CCCN1S(=O)(=O)c1cc2ccccc2o1,0,0
QSBZGESBJYBOBP-UHFFFAOYSA-N,O=C(Cc1csc2[nH]c(=O)[nH]c(=O)c12)Nc1nc(-c2ccccc2)cs1,0,1
QSDHOQUBCGWXAS-SWLSCSKDSA-N,O=c1c2cccnc2ncn1Cc1nc(C2COC(c3ccccc3)C2)no1,0,2
QSIHJBAJXYRZEP-FXAWDEMLSA-N,O=c1c2cnc(NC3CCNCC3)n2ncn1Cc1nc(C2COC(c3ccccc3)C2)no1,0,1
QSJDMPUWLQMDRL-ZETCQYMHSA-N,O=c1[nH]c(=O)c2[nH]cnc2[nH]1,0,1
QTHSTPFEORYFGF-UHFFFAOYSA-N,O=C(Cn1cnc2ccccc2c1=O)NCCc1ccccc1,0,4
QTRILORKJOOALG-KWUMSVIQSA-N,O=c1c2ccncc2ncn1Cc1nc(C2CC(c3ccccc3)C2)no1,0,2
QUAFNALOLHHWGL-MDZDMXLPSA-N,O=C(C=Cc1ccccc1)Nc1ccccc1,0,3
QUCBMVALSQJJDY-WIBUTAKZSA-N,O=C1C=C(CCC2CCCOO2)CCC1,0,2
QUPNHARNJUEBBN-UHFFFAOYSA-N,O=C(Cn1cnc2[nH]c(=O)n(Cc3ncno3)c(=O)c21)Nc1cccc(-c2cncnc2)n1,0,0
QUTZFRWPAJBYPD-UHFFFAOYSA-N,O=C(Cn1cnc2[nH]c(=O)[nH]c(=O)c21)Nc1cncc(-c2cccnc2)n1,0,1
QVLFKDKVSWBVHB-LBPRGKRZSA-N,O=C(Cn1cnc2[nH]c(=O)n(Cc3ccon3)c(=O)c21)Nc1cncc(-c2cncnc2)n1,0,4
QVRQGKMJHZNDPL-SMDDNHRTSA-N,O=c1c2ccnn2ncn1Cc1nc(C2COC(c3ccccn3)C2)no1,0,1
QWBWILDFODWOBE-HUUCEWRRSA-N,O=c1c2[nH]cnc2ncn1Cc1nc(C2CCC(c3ccccc3)C2)no1,0,2
QWHBACLOOIUCGE-QGZVFWFLSA-N,S=C1Nc2c(oc3ccccc23)C(c2ccccc2)N1,0,4
QWJYOLGDDWGWEX-WOSRLPQWSA-N,O=c1c2[nH]cnc2ncn1Cc1nc(C2C3C=C(c4ccccc4)CC32)no1,0,3
QWLNQFWDSVBLQX-SWLSCSKDSA-N,O=c1c2cccnc2ncn1Cc1nc(C2COC(c3ccccc3)C2)no1,0,2
QWTDNAJECWPVJB-UHFFFAOYSA-N,c1ccc(-c2cn3ccccc3n2)cc1,0,3
QWTRKWBGKUSEGF-XLIONFOSSA-N,O=C(NCc1cnn(-c2ccccc2)c1)C1CCCN1S(=O)(=O)c1ccccc1,0,1
QXACEHWTBCFNSA-SFQUDFHCSA-N,c1ccccc1,0,1
QXBQEVYVRMWQJO-JQRITLKVSA-N,O=C(Cn1cnc2[nH]c(=O)[nH]c(=O)c21)Nc1csc(-c2cnc(N3CC4CC4C3)nc2)n1,0,4
QXBSEULNTNAFNO-UHFFFAOYSA-N,S=C1Nc2c(oc3ccccc23)C(c2ccccc2)N1,0,4
QXLPITFISDKGCL-LBPRGKRZSA-N,O=c1c2ccsc2ncn1Cc1nnn(CCc2cc3ccccc3s2)n1,0,0
QXOZMIUQRZZTIE-UHFFFAOYSA-N,O=C(CNC(=O)c1ccccc1)c1ccccc1,0,2
QXUVGAUHCZPSAQ-FOLVSLTJSA-N,O=c1c2[nH]cnc2ncn1Cc1nc(C2C3CN(c4ccccc4)CC32)no1,0,0
QYYUODQVSQCLPQ-BBRMVZONSA-N,O=C(Cn1cnc2[nH]c(=O)[nH]c(=O)c21)Nc1csc(-c2cnc(N3CCCC3)nc2)n1,0,4
QZGNCRICQIDMHW-UHFFFAOYSA-N,c1ccc(-c2cn3ccccc3n2)cc1,0,3
QZOIMDCJCAKBGQ-UHFFFAOYSA-N,O=C(CNC(=O)c1cn[nH]c1)c1ccc2nonc2c1,0,4
RAFUPNMBANCSLG-YEORSEQZSA-N,O=c1c2[nH]cnc2ncn1Cc1nc(C2CC(Oc3ccccc3)C2)no1,0,2
RAHSUIGYUWDUOC-UHFFFAOYSA-N,O=c1[nH]c(=O)c2[nH]cnc2[nH]1,0,1
RAQSTFBWMXLVQS-UHFFFAOYSA-N,c1ccccc1,0,1
RBMMABICGHVJIJ-AWEZNQCLSA-N,O=C(Cn1cnc2[nH]c(=O)n(Cc3ccon3)c(=O)c21)Nc1ccnc(-c2cccnc2)n1,0,2
RBQDBKBBFFUJHV-UHFFFAOYSA-N,O=c1c2[nH]cnc2ncn1Cc1nn(CCc2ccccc2)c(=O)o1,0,1
RBQQXOROSFEGNT-WCQYABFASA-N,O=c1c2[nH]cnc2ncn1Cc1nc(C2COC(c3ccccc3)C2)no1,0,2
RDUIENCYZRNFOI-UHFFFAOYSA-N,c1ccc2[nH]c(-c3n[nH]c4ccccc34)cc2c1,0,1
RDUWGQOSDSCPEY-DIBXZPPDSA-N,O=C(Cc1[nH]nc2[nH]c(=O)[nH]c(=O)c12)N=c1[nH]c(-c2ccccc2)cs1,0,1
RDZDOAHPYMGFTF-GOEBONIOSA-N,O=c1c2[nH]cnc2ncn1Cc1nc(C2COC(c3ccccc3)C2)no1,0,2
RELPPOJGGXOECP-UHFFFAOYSA-N,c1ccc(Oc2nccc3[nH]ccc23)cc1,0,1
REOZWEGFPHTFEI-JKSUJKDBSA-N,C1=CC(c2ccccc2)CCC1,0,0
REQIGSAIGZEBIL-HNNXBMFYSA-N,O=C(Cn1cnc2[nH]c(=O)n(Cc3ccon3)c(=O)c21)Nc1csc(-c2cncnc2)n1,0,3
REQRXYTVHDTROQ-QWPOMPHKSA-N,c1ccccc1,0,1
RFVGHGUGSAAXTQ-IERDGZPVSA-N,O=C(NCc1cc(N2CCCCC2)ccn1)C1CCCN1S(=O)(=O)c1ccccc1,0,3
RFWQIWOJUKZICG-UHFFFAOYSA-N,O=C(CNC(=O)c1ccccc1)c1ccccc1,0,2
RFXWMKXVVDBBLS-UHFFFAOYSA-N,O=c1c2[nH]ccc2ncn1Cc1nn(CCc2ccccc2)c(=O)o1,0,2
RGGJFJAOYSJEKN-JOCQHMNTSA-N,O=c1c2[nH]cnc2ncn1Cc1nc(C2CC(c3ccccc3)C2)no1,0,3
RGXNECXVRZKGGH-UOXRKKOCSA-N,O=C(NCc1ccnc(-c2cncnc2)c1)C1CCCN1S(=O)(=O)c1ccccc1,0,0
RHMHJTBKWCHRFJ-LBPRGKRZSA-N,O=C(Cn1cnc2[nH]c(=O)n(Cc3ncon3)c(=O)c21)Nc1cncc(-c2cccnc2)n1,0,1
RHXMMXJMSUZJGT-MNNVXMFVSA-N,O=C(Cn1cnc2[nH]c(=O)[nH]c(=O)c21)Nc1cccc(-c2ccc(N3CC4CC4C3)nc2)n1,0,0
RIIXXVBMCUBPDJ-SHTZXODSSA-N,O=c1c2cccnc2ncn1Cc1nc(C2CC(c3ccccc3)C2)no1,0,2
RIUFXWHYQAUEAO-UHFFFAOYSA-N,c1ccc(-c2n[nH]c3ccccc23)cc1,0,4
RJMWAUREFQUJOV-LBPRGKRZSA-N,O=c1c2ccsc2ncn1Cc1nnn(CCc2ccc3occc3c2)n1,0,2
RKBDDOAOYHMXHG-HDJSIYSDSA-N,O=c1c2cccnc2ncn1Cc1nc(C2CC(c3ccccc3)C2)no1,0,2
RKBSUEKOOGJZRP-KUHUBIRLSA-N,O=C(NCc1cc(-c2cncnc2)ccn1)C1CCCN1S(=O)(=O)c1ccccc1,0,0
RKGSVRATVWYWQZ-XLIONFOSSA-N,O=C(NCc1cc(-c2cccnc2)ccn1)C1CCCN1S(=O)(=O)c1ccccc1,0,3
RKUSVOSNDTWJFP-QFIPXVFZSA-N,O=C(NCc1c[nH]c(=O)c(-c2cccnc2)c1)C1CCCN1S(=O)(=O)c1cc2ccccc2o1,0,2
RLCFIKQUNAVFSB-UHFFFAOYSA-N,O=C(Cc1cccc2[nH]c(=O)[nH]c(=O)c12)Nc1nc(-c2ccccc2)cs1,0,3
RLSJFZMRRVZYOG-UHFFFAOYSA-N,O=C(Cc1cccc2[nH]c(=O)[nH]c(=O)c12)Nc1nc(-c2ccccc2)cs1,0,3
RMLPFNIHAZOFIL-SIKLNZKXSA-N,O=C(NCc1cc(-c2cccnc2)ncn1)C1CCCN1S(=O)(=O)c1ccccc1,0,0
RMPXORPOMZZYAM-UHFFFAOYSA-N,O=C(NCC(Cc1ccccc1)N1CCCCC1)c1nccs1,0,1
RMQZLRRVWCKZAT-UHFFFAOYSA-N,O=C(Cn1cnc2[nH]c(=O)n(Cc3ccon3)c(=O)c21)Nc1cccc(N2CC3CC3C2)n1,0,3
RNTNRGPOXWZFSV-HHCCDPJTSA-N,O=c1c2ccnn2ncn1Cc1nc(C2CC(c3ccccc3)C2)no1,0,4
RNUOFBBBPCXGHG-QLPKVWCKSA-N,O=c1c2[nH]cnc2ncn1Cc1nc(C2C3CN(c4ccccc4)CC32)no1,0,0
RONHBRICLKDFKA-CTYIDZIISA-N,O=c1c2cccnc2cnn1Cc1nn(C2CC(c3ccccc3)C2)c(=O)o1,0,3
ROPFVCZNOGJJTP-FOLVSLTJSA-N,O=c1c2[nH]cnc2ncn1Cc1nc(C2C3CN(c4ccccc4)CC32)no1,0,0
ROWLJZVZKLFWIP-ZDUSSCGKSA-N,O=C1NCCc2c1sc1ncn(Cc3nnn(CCc4cc5ccccc5o4)n3)c(=O)c21,0,1
RPCAQDVUXPFSNA-CDKJVOIVSA-N,c1ccccc1,0,1
RPYNGOUXKHDDOG-APWZRJJASA-N,O=C(NCc1cccc(-n2cccn2)c1)C1CCCN1S(=O)(=O)c1ccccc1,0,4
RQNFZQNZWILBEE-QUCCMNQESA-N,O=C(NCc1cccc(-c2cncnc2)c1)C1CCCN1S(=O)(=O)c1ccccc1,0,1
RQQAWKCHVMJSHO-MNZLEMJZSA-N,O=c1c2cccnc2cnn1Cc1nc(C2C3CN(c4ccccc4)CC32)no1,0,0
RQRSHGKVUVLTGC-SHTZXODSSA-N,O=c1c2cccnc2ncn1Cc1nc(C2CC(c3ccccc3)C2)no1,0,2
RQYJNYUPQSRKEX-ZDUSSCGKSA-N,O=C(Cn1cnc2[nH]c(=O)n(Cc3ccon3)c(=O)c21)Nc1cccc(-c2cncnc2)n1,0,4
RROFQCPRKWVHAS-UHFFFAOYSA-N,O=C(Cn1cnc2ccccc2c1=O)NCCc1ccccc1,0,4
RRTAHZNWVCULQP-UHFFFAOYSA-N,O=C(Nc1cccc(NCc2cccs2)c1)c1cccs1,0,2
RSEKKORVKIXWHN-BXHXUVEDSA-N,O=c1c2[nH]cnc2ncn1Cc1nc(C2CC(c3ccccc3)C2)no1,0,3
RSSHXKVUURRAKX-GFCCVEGCSA-N,O=c1c2[nH]cnc2ncn1Cc1nn(CCc2ccccc2)c(=O)o1,0,1
RSSHXKVUURRAKX-LBPRGKRZSA-N,O=c1c2[nH]cnc2ncn1Cc1nn(CCc2ccccc2)c(=O)o1,0,1
RTOPZEJDITVXGI-MNZLEMJZSA-N,O=c1c2cccnc2cnn1Cc1nc(C2C3CN(c4ccccc4)CC32)no1,0,0
RTYUVVPWNPBAAI-SIKLNZKXSA-N,O=C(NCc1cc(-c2cccnc2)ncn1)C1CC2(CC2)CN1S(=O)(=O)c1ccccc1,0,2
RUDSKJYIDUAKKF-HNNXBMFYSA-N,O=c1c2ccsc2ncn1Cc1nc(CCc2ccccc2)no1,0,2
RUTDIBPJABTBIH-JOCQHMNTSA-N,O=c1c2[nH]cnc2ncn1Cc1nc(C2CC(c3ccccc3)C2)no1,0,3
RVDABDCXJORPND-UHFFFAOYSA-N,O=c1oc(Cc2cnc3sccn3c2=O)nn1CCc1ccccc1,0,0
RVGJWMWMMBRESO-LBPRGKRZSA-N,O=c1c2ccsc2ncn1Cc1nc(CCc2ccccc2)no1,0,2
RVMLSWRWPJDAMD-UHFFFAOYSA-N,O=C(Cc1cccc2[nH]c(=O)[nH]c(=O)c12)Nc1nc(-c2ccccc2)cs1,0,3
RWCHXWRYBIRFNE-UHFFFAOYSA-N,O=C(Cc1coc2[nH]c(=O)[nH]c(=O)c12)Nc1nc(-c2ccccc2)cs1,0,4
RWIAKYVGVKDIRP-SWLSCSKDSA-N,c1ccc2c(CC3CCCCC3)c[nH]c2c1,0,4
RXBHBVLYZQAGOZ-KOMQPUFPSA-N,O=c1c2cccnc2ncn1Cc1nn(C2CC(c3ccccc3)C2)c(=O)o1,0,1
RXCHUXFWVPCBNN-UHFFFAOYSA-N,O=C(Cc1cccc2c1C(=O)NC2=O)Nc1nc(-c2ccccc2)cs1,0,0
RXDLQMSQKRAFKY-SWLSCSKDSA-N,O=c1ncn(Cc2nc(C3COC(c4ccccc4)C3)no2)c2ncccc12,0,1
RYOHHCGMNJEVIR-UHFFFAOYSA-N,O=C(Cn1cnc2[nH]c(=O)[nH]c(=O)c21)Nc1ccnc(-c2cnc(N3CC4CC4C3)nc2)n1,0,3
RYUCFDWWFHXUHD-UXHICEINSA-N,O=C(Cc1cnn(-c2ccccc2)c1)NC1CCC1S(=O)(=O)c1ccccc1,0,1
RZMBEUPDQABNNP-LSKLOWJMSA-N,O=C(NCc1ccnc(-c2cncnc2)c1)C1CCCN1S(=O)(=O)c1ccccc1,0,0
SABAYCWPZHQHKG-NFOMZHRRSA-N,O=C(Cn1cnc2[nH]c(=O)[nH]c(=O)c21)Nc1csc(-c2cnc(N3CC4CC4C3)nc2)n1,0,4
SAMJQPAXJHTPPP-UHFFFAOYSA-N,O=c1c2cccnc2ncn1Cc1nc(CCc2ccccc2)no1,0,1
SBACLEGKEWSXLI-UHFFFAOYSA-N,O=C(Cc1coc2[nH]c(=O)[nH]c(=O)c12)Nc1nc(-c2ccccc2)cs1,0,4
SBWZTTUKCJUALE-SWLSCSKDSA-N,O=c1c2cccnc2ncn1Cc1nc(C2COC(c3ccccc3)C2)no1,0,2
SCDFLVQWVCBTRY-UHFFFAOYSA-N,O=c1c2[nH]cnc2ncn1Cc1nn(CCc2ccc(-c3ccccc3)cc2)c(=O)o1,0,2
SCMGPSOKSOKBBN-XLIONFOSSA-N,O=C(NCc1cccc(-c2cccnn2)c1)C1CCCN1S(=O)(=O)c1ccccc1,0,2
SCPVZTYGMSQVAC-XMCHAPAWSA-N,O=C(NCc1cc(-c2cccnc2)ncn1)C1CC2CC2N1S(=O)(=O)c1ccccc1,0,3
SDKINESYISJNHI-UHFFFAOYSA-N,O=C(CNC(=O)c1ccccc1)c1ccccc1,0,2
SEGWTDQQCHLCHX-IRBZQWRBSA-N,O=C(NCc1cc(-c2ccccc2)ncn1)C1CC2COCC2N1S(=O)(=O)c1ccccc1,0,4
SEGWTDQQCHLCHX-XARZLDAJSA-N,O=C(NCc1cc(-c2ccccc2)ncn1)C1CC2COCC2N1S(=O)(=O)c1ccccc1,0,4
SELZLURRXNIGSN-JXFKEZNVSA-N,O=C(Cn1cnc2[nH]c(=O)n(Cc3ccon3)c(=O)c21)Nc1cccc(-c2cnc(N3CCCC3)nc2)n1,0,0
SEZSWZYJAHZVBQ-UHFFFAOYSA-N,O=C(Cc1cccc2[nH]c(=O)[nH]c(=O)c12)Nc1nc(-c2ccccc2)cs1,0,3
SFIQAZWEBFWFFD-JTQLQIEISA-N,O=C(Cn1cnc2[nH]c(=O)n(Cc3ncno3)c(=O)c21)Nc1cncc(-c2cncnc2)n1,0,2
SFQUEYCZYVQMRY-CTYIDZIISA-N,O=c1c2cccnc2ncn1Cc1nn(C2CC(c3ccccc3)C2)c(=O)o1,0,1
SFVBXBHHOGKJEW-RQJWMODNSA-N,O=C1C2NC=NC2N=CN1Cc1nc(C2COC(c3ccccc3)C2)no1,0,4
SGCZWBXKGMRYGM-XOIINTDNSA-N,O=c1c2[nH]cnc2ncn1Cc1nc(C2C3CC2CN(c2ccccc2)C3)no1,0,0
SGEZELHMEQVNFY-NRFANRHFSA-N,O=C(NCC(Cc1ccccc1)N1CCCCC1)C1(c2ccccc2)CC1,0,1
SGEZELHMEQVNFY-OAQYLSRUSA-N,O=C(NCC(Cc1ccccc1)N1CCCCC1)C1(c2ccccc2)CC1,0,1
SGEZELHMEQVNFY-UHFFFAOYSA-N,O=C(NCC(Cc1ccccc1)N1CCCCC1)C1(c2ccccc2)CC1,0,1
SHEZWPJUOWPXDN-UHFFFAOYSA-N,O=C(Cc1cccc2[nH]c(=O)[nH]c(=O)c12)Nc1nc(-c2ccccc2)cs1,0,3
SHLKDPMPLSENMB-UHFFFAOYSA-N,O=C(Cn1ccc2[nH]c(=O)[nH]c(=O)c21)Nc1nc(-c2ccccc2)cs1,0,4
SHSSNEIQZDUKEK-LISNJYIYSA-N,O=C(Cc1csc2[nH]c(=O)[nH]c(=O)c12)N=c1[nH]c(-c2ccccc2)cs1,0,0
SIHRXNYLUBLFFN-UZLBHIALSA-N,O=C(NCc1cccc(-c2cccnn2)c1)C1CCCN1S(=O)(=O)c1ccccc1,0,2
SILAPDUQPMKZOP-MQMHXKEQSA-N,O=c1c2[nH]cnc2cnn1Cc1nn(C2CC(c3ccccc3)C2)c(=O)o1,0,4
SIVFQWBIRYGTTL-GXTWGEPZSA-N,O=c1c2ccnn2ncn1Cc1nc(C2COC(c3ccccc3)C2)no1,0,4
SJAIVGYRWIRMMF-UHFFFAOYSA-N,O=C(CNC(=O)c1ccccc1)c1ccccc1,0,2
SJUCKSBEIQPXBE-IGCXYCKISA-N,O=c1c2[nH]cnc2ncn1Cc1nc(C2C3C=C(c4ccccc4)CC32)no1,0,3
SJUCKSBEIQPXBE-OGHNNQOOSA-N,O=c1c2[nH]cnc2ncn1Cc1nc(C2C3C=C(c4ccccc4)CC32)no1,0,3
SJYUOIRAPYIRKY-MQMHXKEQSA-N,O=c1c2[nH]cnc2ncn1Cc1nn(C2CC(c3ccccc3)C2)c(=O)o1,0,0
SKHDURSNHJWXRZ-UHFFFAOYSA-N,c1ccccc1,0,1
SKJSBHKZBFLKPZ-MNZLEMJZSA-N,O=c1c2[nH]cnc2ncn1Cc1nc(C2C3CN(c4ccc5[nH]ccc5c4)CC32)no1,0,1
SKLLQNALHJGISD-UKRRQHHQSA-N,O=c1c2[nH]cnc2ncn1Cc1nn(C2CCC(c3ccccc3)C2)c(=O)o1,0,4
SKTMPVUPTJNYLK-UHFFFAOYSA-N,c1ccc(-c2cn3ccccc3n2)cc1,0,3
SLALXZHBVOLRJL-PKOBYXMFSA-N,O=c1c2cnc(N3CCOCC3)n2ccn1Cc1nc(C2COC(c3ccccc3)C2)no1,0,0
SLNROIPXLUPVIJ-XLIONFOSSA-N,O=C(NCc1cnn(-c2ccccc2)c1)C1CCCN1S(=O)(=O)c1ccccc1,0,1
SLOODCSWMAVTSP-KWUMSVIQSA-N,O=c1c2cccnc2ncn1Cc1nc(C2CC(c3ccccc3)C2)no1,0,2
SLXXZLZVLVMTHQ-UHFFFAOYSA-N,O=C(Cn1ccc2[nH]c(=O)[nH]c(=O)c21)Nc1ccccc1,0,3
SMIMKERZYSZTRX-MNZLEMJZSA-N,O=c1c2cccnc2cnn1Cc1nc(C2C3CN(c4ccccc4)CC32)no1,0,0
SMINZQWEKSNLMB-UHFFFAOYSA-N,O=C(Nc1ccccc1)c1ccccc1,0,0
SMMFPASDMNZEDG-IERDGZPVSA-N,O=C(NCc1cc(-c2ccccc2)ncn1)C1CCCN1S(=O)(=O)c1ccccc1,0,4
SNLKVSGXSRSUAR-QFIPXVFZSA-N,O=C(NCc1cc(-c2cccnc2)ncn1)C1CCCN1S(=O)(=O)c1ccccc1,0,0
SNXTZGQKRRAGHG-HXOBKFHXSA-N,O=C(NCc1cccc(-c2cncnc2)c1)C12CC1CCN2S(=O)(=O)c1ccccc1,0,1
SOBJXYFMGNTIEM-JTQLQIEISA-N,O=c1c2ccsc2ncn1Cc1nc(CCc2ccccc2)no1,0,2
SOXPNOPOIIHWLL-APWZRJJASA-N,O=C(NCc1ccnc(-c2cccnc2)c1)C1CCCN1S(=O)(=O)c1ccccc1,0,0
SOYOXOXAXREIQP-UHFFFAOYSA-N,O=C1C2=C(NC(=S)NC2c2ccccc2)c2ccccc21,0,2
SPMLDYAYUULMCM-UHFFFAOYSA-N,c1ccc(Oc2nccc3ccccc23)cc1,0,3
SPQAQEDLUSSZTH-IPVJXJPOSA-N,O=c1c2cccnc2ncn1Cc1nc(C2CC(c3ccccc3)C2)no1,0,2
SPQGFWUNDMTMBR-UHFFFAOYSA-N,O=C(Cn1cnc2[nH]c(=O)n(Cc3ncno3)c(=O)c21)Nc1cccc(-c2cccnc2)n1,0,2
SQIWWIMCDCSDHP-ZDUSSCGKSA-N,O=C(Cn1cnc2[nH]c(=O)n(Cc3ccon3)c(=O)c21)Nc1cccc(-c2cccnc2)n1,0,1
SQNNYRWDFNZPBJ-CTTBUFIDSA-N,C=C1CCCC2C(CCC3CCCOO3)CCCC12,0,3
SRIXRPCMEOZYEY-UHFFFAOYSA-N,O=C(CCCCCCCCc1ccccc1)CCc1ccc2c(c1)OCO2,0,3
SRQGUJBYQSAYQR-CMPLNLGQSA-N,c1cc(CC2CCCCC2)cs1,0,2
SSFBTXCTOUIVNI-UHFFFAOYSA-N,O=C(NCc1cnn(-c2ccccc2)c1)C1CCCC1S(=O)(=O)c1ccccc1,0,4
SSJBHGRPQUDMCG-GXFFZTMASA-N,O=c1c2[nH]cnc2ncn1Cc1nc(C2COC(c3ccccc3)C2)no1,0,2
SSKORUNHYXULOP-SHTZXODSSA-N,O=c1c2[nH]cnc2ncn1Cc1nn(C2CC(c3ccccc3)C2)c(=O)o1,0,0
SSLPGGYMXROYIW-VYDXJSESSA-N,O=c1c2[nH]cnc2ncn1Cc1nc(C2C3C=C(c4ccccc4)CC32)no1,0,3
SSLPGGYMXROYIW-ZMSDIMECSA-N,O=c1c2[nH]cnc2ncn1Cc1nc(C2C3C=C(c4ccccc4)CC32)no1,0,3
SSONTNYBPYRIPQ-UHFFFAOYSA-N,c1ccccc1,0,1
SSRZLDGEGHSZEF-PANOFWHVSA-N,c1ccccc1,0,1
STVTVNLJAIJDGA-OOHWJJMZSA-N,O=C(Cn1cnc2[nH]c(=O)[nH]c(=O)c21)Nc1ccnc(-c2ccc(N3CC4CC4C3)nc2)n1,0,0
SUFJYKCRTUPWLF-JQRITLKVSA-N,O=C(Cn1cnc2[nH]c(=O)[nH]c(=O)c21)Nc1csc(-c2cnc(N3CC4CC4C3)nc2)n1,0,4
SUKMMEQGLYCHDO-WMLDXEAASA-N,O=c1c2ccncc2ncn1Cc1nc(C2COC(c3ccccc3)C2)no1,0,4
SUOFUNIWBNOTLX-UTKZUKDTSA-N,O=C(NCc1ccnc(-c2ccccc2)c1)C1CCCN1S(=O)(=O)c1ccccc1,0,1
SUQAOTIMESBARL-KDOFPFPSSA-N,O=C(NCc1cc(-c2cccnc2)ncn1)C1CCCN1S(=O)(=O)c1cccnc1,0,0
SUWXREOOEJAHMP-UHFFFAOYSA-N,O=C(Cn1cnc2[nH]c(=O)[nH]c(=O)c21)Nc1cncc(-c2cncnc2)n1,0,1
SVCDWQHTFLFQMQ-JTQLQIEISA-N,O=C(Cn1cnc2[nH]c(=O)[nH]c(=O)c21)Nc1cncc(-c2cncnc2)n1,0,1
SVTKBAIRFMXQQF-UHFFFAOYSA-N,c1ccc2c(c1)COc1ccccc1-2,0,2
SWYFCGPPXKEKNP-APWZRJJASA-N,O=C(NCc1ccnc(-c2cncnc2)c1)C1CCCN1S(=O)(=O)c1ccccc1,0,0
SXDANHSUZITSHM-GOEBONIOSA-N,O=c1ccn2c(=O)n(Cc3nc(C4COC(c5ccccc5)C4)no3)ccc2n1,0,0
SXGYZCMGVZKIPJ-GHMZBOCLSA-N,c1ccccc1,0,1
SXGYZCMGVZKIPJ-UHFFFAOYSA-N,c1ccccc1,0,1
SXJJZCCFGGSOJB-NLWGTHIKSA-N,O=c1c2cccnc2ncn1Cc1nc(C2C3C=C(c4ccccc4)CC32)no1,0,3
SXUKBNBSHRPWJJ-VFNWGFHPSA-N,O=C(NCc1cc(-c2ccccc2)ncn1)C1CCCN1S(=O)(=O)c1ccccc1,0,4
SYBZRZVYXNPFGS-UHFFFAOYSA-N,c1ccccc1,0,1
SZBPQYFWTGZAMC-NRFANRHFSA-N,O=C(NCc1cc(-c2cccnc2)ncn1)C1CCN1S(=O)(=O)c1ccccc1,0,4
SZCCBJJJEASGND-QLPKVWCKSA-N,O=c1c2[nH]cnc2ncn1Cc1nc(C2C3CN(c4ccccc4)CC32)no1,0,0
SZOFJGFPAKXGKY-UHFFFAOYSA-N,O=c1c2cncnc2ncn1Cc1nc(CCc2ccccc2)no1,0,0
TUAFGKSMMBBDOF-LBPRGKRZSA-N,O=c1c2ccsc2ncn1Cc1nc(CCc2ccccc2)no1,0,2
TUFNPZJUMAECBK-NQIIRXRSSA-N,O=C(NCc1ccnc(-c2cccnc2)c1)C1CCCN1S(=O)(=O)c1ccccc1,0,0
TUTNHPYHAJGPKX-VFNWGFHPSA-N,O=C(NCc1cc(-c2ccccc2)ncn1)C1CCCN1S(=O)(=O)c1ccccc1,0,4
TVAIIHSCCMEHLG-UHFFFAOYSA-N,c1ccc(-c2ccc3[nH]ncc3c2)cc1,0,4
TVVQCFOIOIBUOF-UTKZUKDTSA-N,O=C(NCc1cccc(-c2cnccn2)c1)C1CCCN1S(=O)(=O)c1ccccc1,0,4
TVXKFCWCHZXPPB-KWUMSVIQSA-N,O=c1c2cccnc2ncn1Cc1nc(C2CC(c3ccccc3)C2)no1,0,2
TVZRIJSXZCQZFN-SJORKVTESA-N,O=C(NCc1cnn(-c2cccnc2)c1)C1CCC1S(=O)(=O)c1ccccc1,0,3
TWBKIWUMAUJIEJ-UHFFFAOYSA-N,c1ccc(-c2cn3ccccc3n2)cc1,0,3
TWFOTSFGMLZRBL-ZDUSSCGKSA-N,O=C(Cn1cnc2[nH]c(=O)n(Cc3ccccn3)c(=O)c21)Nc1cncc(-c2cncnc2)n1,0,0
TXKNNFBWMGCAIH-UHFFFAOYSA-N,c1ccc(-c2ccc3[nH]ncc3c2)cc1,0,4
TXNGOQOPLKBABO-UHFFFAOYSA-N,O=C(Cn1cnc2[nH]c(=O)[nH]c(=O)c21)Nc1csc(-c2cccnc2)n1,0,1
TXPGGPGYHNTFCB-UHFFFAOYSA-N,O=C1C2=C(NC(=S)NC2c2cccc(Oc3ccccc3)c2)c2ccccc21,0,3
TYJQINOLZPZTBH-VYDXJSESSA-N,O=c1c2[nH]cnc2ncn1Cc1nc(C2C3C=C(c4ccccc4)CC32)no1,0,3
TYJQINOLZPZTBH-ZMSDIMECSA-N,O=c1c2[nH]cnc2ncn1Cc1nc(C2C3C=C(c4ccccc4)CC32)no1,0,3
TYQOZUXGSCBNIH-ZMSDIMECSA-N,O=c1c2[nH]cnc2ncn1Cc1nc(C2C3C=C(c4ccccc4)CC32)no1,0,3
TYULVTOTCDEHCJ-UHFFFAOYSA-N,O=C(Cc1cccc2[nH]c(=O)[nH]c(=O)c12)Nc1nc(-c2ccccc2)cs1,0,3
TYVAUHSKNIQPSU-UHFFFAOYSA-N,O=C(Cn1cnc2[nH]c(=O)[nH]c(=O)c21)Nc1cccc(-c2cccnc2)n1,0,3
TZBQKXVWVGUNKE-NSHDSACASA-N,O=C(Cn1cnc2[nH]c(=O)n(Cc3ccon3)c(=O)c21)Nc1csc(-c2cncnc2)n1,0,3
TZHDABLSSVGCNR-CPNJWEJPSA-N,c1ccc(-c2ncoc2-c2ccccc2)cc1,0,0
TZLVKUCIPMWSSF-UHFFFAOYSA-N,O=C(Nc1ccccc1)c1cccs1,0,3
TZSFNLCUZPGZPC-HSBZDZAISA-N,O=C(Cn1cnc2[nH]c(=O)[nH]c(=O)c21)Nc1csc(-c2cnc(N3CC4CC4C3)nc2)n1,0,4
UAFOQTDIOJYBAK-LBPRGKRZSA-N,O=c1c2ccsc2ncn1Cc1nnn(CCc2cc3ccccc3o2)n1,0,2
UALSWYBQKGDEMG-FOLVSLTJSA-N,O=c1c2[nH]cnc2ncn1Cc1nc(C2C3CN(c4ccccc4)CC32)no1,0,0
UATIZTLPJAFMBY-UHFFFAOYSA-N,c1ccc(NC2CCC2)nc1,0,3
UATUZHBLNDHYJN-UHFFFAOYSA-N,O=C1C2=C(NC(=S)NC2c2ccccc2)c2ccccc21,0,2
UBDMNODMLSWLJU-UHFFFAOYSA-N,O=C(Cn1cnc2[nH]c(=O)[nH]c(=O)c21)Nc1csc(-c2cccnc2)n1,0,1
UBIGLFMMKSHTCL-XYPYZODXSA-N,O=c1c2[nH]cnc2ncn1Cc1nc(C2CC(c3ccccc3)C2)no1,0,3
UBLPTRCPCBWBQJ-MWLCHTKSSA-N,c1ccc(NC2CCCCC2)nc1,0,0
UBMQUDZBOKUCFG-UHFFFAOYSA-N,O=C(CNS(=O)(=O)c1ccccc1)NCc1cc(C2=CCCCC2)ncn1,0,4
UBMSHZLMEPQAEO-UZLBHIALSA-N,O=C(NCc1cc(-c2cccnc2)ccn1)C1CCCN1S(=O)(=O)c1ccccc1,0,3
UBNFGYAHASKHBP-DPGVGJJJSA-N,O=C(Cn1cnc2[nH]c(=O)n(CC3CCO3)c(=O)c21)Nc1csc(-c2cnc(N3CC4CC4C3)nc2)n1,0,1
UBPCAFJGUWNEMN-UHFFFAOYSA-N,O=C1NC2=C(C(=O)c3ccccc32)C(c2ccccc2)N1,0,3
UBUXWCVQTXCIQO-CTNGQTDRSA-N,O=C(NCc1cccc(-c2cncnc2)c1)C1CCCN1S(=O)(=O)c1ccccc1,0,1
UCDSHIQKQTZWPG-HBYGRHMLSA-N,O=c1c2[nH]cnc2ncn1Cc1nc(C2C3CN(c4ccccc4)CC32)no1,0,0
UCEMIMKHNJNYGN-GXTWGEPZSA-N,O=c1c2ccnn2ncn1Cc1nc(C2COC(c3ccccc3)C2)no1,0,4
UCJIHDPETWQPQU-JYAVWHMHSA-N,O=c1c2[nH]cnc2ncn1Cc1nc(C2C3CN(c4ccccn4)CC32)no1,0,4
UCKXLBXZQVVGPI-SWLSCSKDSA-N,O=c1ccc2c(=O)n(Cc3nc(C4COC(c5ccccc5)C4)no3)cnc2[nH]1,0,1
UDAGLRCWWLUKSE-ZETCQYMHSA-N,O=c1[nH]c2nc[nH]c2c(=O)n1Cc1ccon1,0,4
UDPABTBYLOLUHD-RUYXUALKSA-N,O=c1c2[nH]cnc2ncn1Cc1nc(C2C3CN(c4cccc(-c5cn[nH]c5)c4)CC32)no1,0,2
UEHUSIYUKHFKRV-PXNSSMCTSA-N,O=C(NCc1cc(-c2cccnc2)ncn1)C1CCCN1S(=O)(=O)c1ccccc1,0,0
UEHUSIYUKHFKRV-XLIONFOSSA-N,O=C(NCc1cc(-c2cccnc2)ncn1)C1CCCN1S(=O)(=O)c1ccccc1,0,0
UEIQIVZEFKXGRU-DZGCQCFKSA-N,O=c1ncn(Cc2nc(C3COC(c4ccccc4)C3)no2)c2ncccc12,0,1
UENMERGMSLVGMM-UHFFFAOYSA-N,O=c1c2[nH]cnc2ncn1Cc1nn(CCCOc2ccccc2)c(=O)o1,0,0
UFGFONRIHSHSQK-UHFFFAOYSA-N,O=C(Cn1cnc2[nH]c(=O)[nH]c(=O)c21)Nc1cncc(-c2cccnc2)n1,0,1
UFPYGNKXLRNGEZ-LBPRGKRZSA-N,O=c1c2ccsc2ncn1Cc1nc(CCc2cc3ccccc3o2)no1,0,1
UFWFBUMHAHPWIR-QFIPXVFZSA-N,O=C(NCc1cn(-c2ccccc2)c(=O)[nH]c1=O)C1C=CCN1S(=O)(=O)c1cc2ccccc2o1,0,2
UGCWKTVXXQNBBB-QMMMGPOBSA-N,O=c1[nH]c2nc[nH]c2c(=O)n1Cc1ccon1,0,4
UGLQOTZNBCEHHB-GXTWGEPZSA-N,O=c1c2[nH]cnc2ncn1Cc1nc(C2COC(c3ccccc3)C2)no1,0,2
UGNITJJEQSWNLC-FQEVSTJZSA-N,O=C(NCc1cc(-c2cccnc2)ncn1)C1CC2(CC2)CN1S(=O)(=O)c1ccccc1,0,2
UHFTVWYXWVHSRU-DEOSSOPVSA-N,O=C(NCc1cn(-c2ccccc2)c(=O)n(C2CCOCC2)c1=O)C1CCCN1S(=O)(=O)c1cc2ccccc2o1,0,1
UHKWFAINYHCAGK-ZDUSSCGKSA-N,O=C(Cn1cnc2[nH]c(=O)[nH]c(=O)c21)Nc1cccc(-c2cncnc2)n1,0,0
UIGLXZWGNZLPBE-UHFFFAOYSA-N,c1ccc(Nc2n[nH]c3ccccc23)cc1,0,3
UIOBCEWGNQAZGR-LBPRGKRZSA-N,O=C(Cn1cnc2[nH]c(=O)[nH]c(=O)c21)Nc1cccc(-c2cncnc2)n1,0,0
UIRWKLHAJGYDII-HDJSIYSDSA-N,O=c1c2[nH]cnc2ncn1Cc1nc(C2CC(Cc3ccccc3)C2)no1,0,0
UJNIKPJDCKJXCL-SMDDNHRTSA-N,O=c1c2[nH]cnc2ncn1Cc1nc(C2COC(c3ccccc3)C2)no1,0,2
UJUTWGLLXLIFHF-XJKSGUPXSA-N,O=c1c2[nH]cnc2ccn1Cc1nc(C2COC(c3ccccc3)C2)no1,0,0
ULJYMNHMDLMTMC-JXMROGBWSA-N,O=C(C=Cc1ccccc1)Nc1ccccc1,0,3
ULKXMRSVFAZCMY-UHFFFAOYSA-N,c1ccc(Nc2n[nH]c3cc(-c4ccccc4)ccc23)cc1,0,1
ULMWCILOQZCGJY-UHFFFAOYSA-N,O=C(CNS(=O)(=O)c1ccccc1)NCC1CCN(c2ccccc2)C1,0,4
ULPYOGCEDACOBS-XXBNENTESA-N,O=C(NCc1cc(-c2ccccc2)ccn1)C1CCCN1S(=O)(=O)c1ccccc1,0,2
ULQKHUFRRFOYGH-VXGBXAGGSA-N,c1ccc(NC2CCCCC2)cc1,0,4
ULYAWZCWOGWOHO-MOPGFXCFSA-N,O=C(NCc1cnn(-c2cccnc2)c1)C1CCCC1S(=O)(=O)c1ccccc1,0,3
ULYAWZCWOGWOHO-UHFFFAOYSA-N,O=C(NCc1cnn(-c2cccnc2)c1)C1CCCC1S(=O)(=O)c1ccccc1,0,3
UMPKQOIERIFEBI-XLIONFOSSA-N,O=C(NCc1ccnc(-c2cncnc2)c1)C1CCCN1S(=O)(=O)c1ccccc1,0,0
UMRMICUACMEDEJ-NSHDSACASA-N,O=C(Cn1cnc2[nH]c(=O)n(Cc3ncno3)c(=O)c21)Nc1cccc(-c2cncnc2)n1,0,0
UNDOEYISHOZRKE-AWEZNQCLSA-N,O=c1c2cccnc2ncn1Cc1nn(CCc2ccccc2)c(=O)o1,0,1
UNUFMVKHNXLXDY-JTQLQIEISA-N,O=C(Cn1cnc2[nH]c(=O)[nH]c(=O)c21)Nc1csc(-c2cncnc2)n1,0,2
UPRRZFSNUVXMOP-UHFFFAOYSA-N,c1ccc(-c2ccc3[nH]ncc3c2)cc1,0,4
UQQKRMCYRSVYLO-SWLSCSKDSA-N,O=c1c2ccnn2ncn1Cc1nc(C2COC(c3ccccc3)C2)no1,0,4
URFBKMSDRKBRGT-UHFFFAOYSA-N,O=C(Cc1[nH]nc2[nH]c(=O)[nH]c(=O)c12)Nc1nc(-c2ccccc2)cs1,0,3
URFSQYMVDMFPDP-VQFNDLOPSA-N,O=c1c2[nH]cnc2ncn1Cc1nc(C2C3CN(c4ccccc4)CC32)no1,0,0
URUKHZGNVYMGRF-SUMWQHHRSA-N,O=c1c2cccnc2cnn1Cc1nc(C2COC(c3ccccc3)C2)no1,0,4
USAKNJFJFIOYMS-UHFFFAOYSA-N,O=C(CNS(=O)(=O)c1ccccc1)NCc1cc(-c2cccnc2)ncn1,0,3
USDCLRVAPBYPTA-UHFFFAOYSA-N,O=c1c2cccnc2ncn1Cc1nn(CCCOc2ccccc2)c(=O)o1,0,4
USIMINOHYGYKII-BLLLJJGKSA-N,O=c1c2cccnc2ncn1Cc1nc(C2COC(c3ccccc3)C2)no1,0,2
UTFLCXHCPNBVTF-OOHWJJMZSA-N,O=C(Cn1cnc2[nH]c(=O)[nH]c(=O)c21)Nc1ccnc(-c2ccc(N3CC4CC4C3)nc2)n1,0,0
UTHLYYCFCKJWHC-LBPRGKRZSA-N,O=c1c2ccsc2ncn1Cc1nc(CCc2ccccc2)no1,0,2
UTJXOPBNZMFOCR-UHFFFAOYSA-N,O=C(Cn1cnc2ccccc2c1=O)NCCc1ccccc1,0,4
UTKNJQPGTMVBMG-UOIKSKOESA-N,O=c1c2cccnc2cnn1Cc1nc(C2C3CN(c4ccccn4)CC32)no1,0,2
UTUGFRIYXHKDHB-UHFFFAOYSA-N,O=C(CNS(=O)(=O)c1ccccc1)NCC1CCN(c2ccccc2)C1,0,4
UTZJMYCMNMRQMT-UHFFFAOYSA-N,c1ccc(CC2CCCCC2)cc1,0,2
UUNIDFJRGJIJRR-KNQAVFIVSA-N,O=C(NCc1cccc(-c2ccccn2)c1)C1CCCN1S(=O)(=O)c1ccccc1,0,0
UVBNFRHQCIVIHZ-UHFFFAOYSA-N,O=C(Nc1cccc(NCCc2ccccc2)c1)c1cccs1,0,0
UVOLYTDXHDXWJU-UHFFFAOYSA-N,C1=Cc2ccccc2OC1,0,2
UVSNLHFJAUUNSA-UHFFFAOYSA-N,c1ccc(Oc2ncnc3ccccc23)cc1,0,3
UWDLUBUGDCCBFZ-UHFFFAOYSA-N,O=C(Cn1cnc2c1C(=O)NC1=NCCN12)Nc1nc(-c2ccccc2)cs1,0,3
UWMCTQWPZDKBJF-UHFFFAOYSA-N,O=C1C2=C(NC(=S)NC2c2ccccc2)c2ccccc21,0,2
UXBMNEVNXIVWQJ-UKRRQHHQSA-N,O=c1c2[nH]cnc2ncn1Cc1nn(C2CCC(c3ccccc3)C2)c(=O)o1,0,4
UXGWCMBTDPTQJV-UHFFFAOYSA-N,O=C(CNC(=O)c1cnoc1)c1ccccc1,0,3
UYKCJYVCQPMHNT-HWWDLCQESA-N,O=c1c2[nH]cnc2ncn1Cc1nc(C2C3CN(c4ccc5[nH]ncc5c4)CC32)no1,0,3
UZJUTLNJTZTLIT-DZGCQCFKSA-N,O=c1c2cncn2ncn1Cc1nc(C2COC(c3ccccc3)C2)no1,0,1
UZYVKXQRCHHNOU-UHFFFAOYSA-N,O=c1c2cccnc2ncn1Cc1nc(CCc2ccccc2)no1,0,1
VAMUXLNWFXEYKM-HDMKZQKVSA-N,O=c1c2[nH]cnc2ncn1Cc1nc(C2C3C=C(c4ccccc4)CC32)no1,0,3
VAQHWBGAUVOQKD-UHFFFAOYSA-N,O=c1c2[nH]cnc2ncn1Cc1nn(CCc2ccccc2)c(=O)o1,0,1
VATHVJGDHKTADD-WCQYABFASA-N,O=c1[nH]cnc2ncn(Cc3nc(C4COC(c5ccccc5)C4)no3)c12,0,2
VAUMAOIZDODPOE-WCQYABFASA-N,O=c1c2[nH]nnc2ncn1Cc1nc(C2COC(c3ccccc3)C2)no1,0,2
VAUVHMUBXCTTST-UHFFFAOYSA-N,O=C(Cn1cnc2[nH]c(=O)n(Cc3ccccn3)c(=O)c21)Nc1cccc(-c2ccccc2)n1,0,0
VAYDAGLRIHWYGW-QMMMGPOBSA-N,O=c1c2ccoc2ncn1Cc1nnn(CCc2cccs2)n1,0,2
VBAQWZDXFYJLPZ-KDOFPFPSSA-N,O=C(NCc1cc(-c2cccnc2)ccn1)C1CCCN1S(=O)(=O)c1ccccc1,0,3
VBARHQQFLPIUTB-UHFFFAOYSA-N,c1ccccc1,0,1
VBECZLUYZDGVPW-UHFFFAOYSA-N,O=C(NCc1cnn(-c2ccccc2)c1)C1CCC1S(=O)(=O)c1ccccc1,0,0
VBGLYOIFKLUMQG-UHFFFAOYSA-N,c1ccc2c(c1)COc1ccccc1-2,0,2
VBHUAEAMIBSWPP-BXHXUVEDSA-N,O=c1c2[nH]cnc2ncn1Cc1nc(C2CC(c3ccccc3)C2)no1,0,3
VCXGBNHNTXKUCT-UHFFFAOYSA-N,O=C(NCC(Cc1ccccc1)N1CCCCC1)C1(c2ccccc2)CCCC1,0,2
VDBSUBROLBYPGD-HDMKZQKVSA-N,O=c1c2cccnc2ncn1Cc1nc(C2C3C=C(c4ccccn4)CC32)no1,0,1
VDBSUBROLBYPGD-VKJFTORMSA-N,O=c1c2cccnc2ncn1Cc1nc(C2C3C=C(c4ccccn4)CC32)no1,0,1
VDCOJMKBACDIHW-UHFFFAOYSA-N,c1ccc(-c2cn3ccccc3n2)cc1,0,3
VDIXOYLZZZHDQJ-LBPRGKRZSA-N,O=c1c2ccoc2ncn1Cc1nnn(CCc2cc3ccccc3o2)n1,0,3
VEKRDFXHKYPUDM-JYAVWHMHSA-N,O=c1c2[nH]cnc2ncn1Cc1nc(C2C3CN(c4ccccn4)CC32)no1,0,4
VEMZHLOZTPSJFN-UHFFFAOYSA-N,O=c1c2[nH]nnc2ncn1Cc1nnn(CCc2ccccc2)n1,0,0
VFSLVUVIVLWMRP-QHCPKHFHSA-N,O=C(NCc1cc(-c2ccccn2)c[nH]c1=O)C1CCCN1S(=O)(=O)c1cc2ccccc2o1,0,1
VHFMFACYDKNZNT-UHFFFAOYSA-N,O=C1C2=C(NC(=S)NC2c2cccnc2)c2ccccc21,0,0
VHMBOLLMTSJADJ-UHFFFAOYSA-N,O=C(Cn1cnc2[nH]c(=O)n(Cc3ccccn3)c(=O)c21)Nc1cccc(-c2ccccc2)n1,0,0
VHUHAUBXPXCHGU-UHFFFAOYSA-N,O=C(Cc1cccc2[nH]c(=O)[nH]c(=O)c12)Nc1nc(-c2ccccc2)cs1,0,3
VHXGUMGNAHRKJN-GTPINHCMSA-N,O=C(Cn1cnc2[nH]c(=O)[nH]c(=O)c21)Nc1cccc(-c2cnc(N3CC4CC4C3)nc2)n1,0,1
VIBZVCTVDABVAD-UHFFFAOYSA-N,O=C(Cn1cnc2[nH]c(=O)n(Cc3ccon3)c(=O)c21)Nc1csc(-c2cccnc2)n1,0,2
VIGYQGXGPVTFTN-IPVJXJPOSA-N,O=c1c2cccnc2ncn1Cc1nc(C2CC(c3ccccc3)C2)no1,0,2
VIJLKGFAZJGZBA-JYAVWHMHSA-N,O=c1c2[nH]cnc2ncn1Cc1nc(C2C3CN(c4cccnc4)CC32)no1,0,4
VIKBLYZHPHWKGJ-CVEARBPZSA-N,O=C(NCc1cnn(-c2cncnc2)c1)C1CCC1S(=O)(=O)c1ccccc1,0,1
VILMMYYNTBYFJR-WOSRLPQWSA-N,O=c1c2[nH]cnc2ncn1Cc1nc(C2C3C=C(c4ccccn4)CC32)no1,0,0
VILMMYYNTBYFJR-WWGRRREGSA-N,O=c1c2[nH]cnc2ncn1Cc1nc(C2C3C=C(c4ccccn4)CC32)no1,0,0
VJCDMKPFUPJSKB-JOYOIKCWSA-N,c1ccc(CC2CCCCC2)nc1,0,4
VJONDNDXWADLLZ-XVAYZXCPSA-N,O=c1c2[nH]cnc2ncn1Cc1nc(C2C3CN(c4cccc(-c5ccccc5)c4)CC32)no1,0,2
VJUMGXLZSHPUNN-NQZBTDCJSA-N,O=C(NCc1ccnc(-c2cncnc2)c1)C1CCCN1Sc1ccccc1,0,0
VJXIKTQSMMQMOO-UHFFFAOYSA-N,O=C(Cn1ccc2[nH]c(=O)[nH]c(=O)c21)Nc1nc(-c2ccccc2)cs1,0,4
VKEJLWJCORBCGU-FOLVSLTJSA-N,O=c1c2[nH]cnc2ncn1Cc1nc(C2C3CN(c4ccccc4)CC32)no1,0,0
VKGALBIMDXIQFI-LBPRGKRZSA-N,O=c1c2ccsc2ncn1Cc1nnn(CCc2ccc3c(c2)OCO3)n1,0,4
VKKOCICLFSXEBL-ATCWAGBWSA-N,O=c1c2[nH]cnc2ncn1Cc1nc(C2C3CN(c4ccccc4)CC32)no1,0,0
VKWXCYKBWXMGFK-HKUYNNGSSA-N,O=C(NCc1cnn(-c2cccnc2)c1)C1CCCN1S(=O)(=O)c1ccccc1,0,3
VLDNGTWOASGEFF-MNZLEMJZSA-N,O=c1c2ccncc2ncn1Cc1nc(C2C3CN(c4ccccc4)CC32)no1,0,0
VMAXALUQDNFBND-WOSRLPQWSA-N,O=c1c2[nH]cnc2ncn1Cc1nc(C2C3C=C(c4ccccn4)CC32)no1,0,0
VMAXALUQDNFBND-WWGRRREGSA-N,O=c1c2[nH]cnc2ncn1Cc1nc(C2C3C=C(c4ccccn4)CC32)no1,0,0
VMBJLCVTNLJTJY-SMDDNHRTSA-N,O=c1c2[nH]cnc2ncn1Cc1nc(C2COC(c3ccccc3)C2)no1,0,2
VMNVUJVEHZEIDG-UHFFFAOYSA-N,O=C(CNC(=O)c1ccccc1)c1ccccc1,0,2
VMPWGDIXDVYPGX-MQMHXKEQSA-N,O=c1c2cccnc2ncn1Cc1nn(C2CC(c3ccccc3)C2)c(=O)o1,0,1
VNGNWQRJLQMWOH-NNGSBXSVSA-N,O=C(Cn1cnc2[nH]c(=O)[nH]c(=O)c21)Nc1ccnc(-c2ccc(N3CC4CC4C3)nc2)n1,0,0
VNJLGYMVCORAFF-ZLPCBKJTSA-N,O=C(Cn1cnc2[nH]c(=O)[nH]c(=O)c21)Nc1ccnc(-c2ccc(N3CC4CC4C3)nc2)n1,0,0
VNQKLEKERUCARK-UHFFFAOYSA-N,O=C(Cn1cnc2[nH]c(=O)n(Cc3ccon3)c(=O)c21)Nc1ccc(N2CCCCC2)cn1,0,3
VOGVDBAXZDBCON-GXTWGEPZSA-N,O=c1c2[nH]cnc2ncn1Cc1nc(C2COC(c3ccccc3)C2)no1,0,2
VOMFXUVVWBXJSA-LBPRGKRZSA-N,O=c1c2[nH]cnc2ncn1Cc1nn(CCc2ccccc2)c(=O)o1,0,1
VPDMFKCWLDVZER-MWTRTKDXSA-N,O=C(NCc1cc(-c2cccnc2)ccn1)C1CCCN1S(=O)(=O)c1ccccc1,0,3
VPEVJZHGWCCMBL-UHFFFAOYSA-N,c1ccc(-c2cn3ccccc3n2)cc1,0,3
VPKMJOYLVJNYJL-NQIIRXRSSA-N,O=C(NCc1cccc(-n2ccccc2=O)c1)C1CCCN1S(=O)(=O)c1ccccc1,0,2
VPRQKNRUPOPQIY-ZLPCBKJTSA-N,O=C(Cn1cnc2[nH]c(=O)[nH]c(=O)c21)Nc1cccc(-c2ccc(N3CC4CC4C3)nc2)n1,0,0
VPUPKQJXPYSPGR-UHFFFAOYSA-N,O=C(CNC(=O)c1cc2ccccc2[nH]1)c1ccccc1,0,1
VPYNPZTUFWXLRA-BEFAXECRSA-N,O=C(NCc1ccnc(-c2cnccn2)c1)C1CCCN1S(=O)(=O)c1ccccc1,0,2
VQFGKTDMHDUGMB-QHCPKHFHSA-N,O=C(NCc1c[nH]c(=O)c(-c2ccccc2)c1)C1CCCN1S(=O)(=O)c1cc2cnccc2o1,0,1
VRGTYOISGMRJHU-WMLDXEAASA-N,O=c1c2cnc(NC3CNC3)n2ncn1Cc1nc(C2COC(c3ccccc3)C2)no1,0,2
VRIIXYBJLRKPFF-UHFFFAOYSA-N,O=C(NCc1ccccc1)c1cn2c(=O)n(Cc3ccccc3)c(=O)cc2s1,0,0
VSBSCGNEPYTOEU-INIZCTEOSA-N,O=c1c2[nH]cnc2ncn1Cc1nn(CCc2ccc3ccccc3c2)c(=O)o1,0,0
VSBSCGNEPYTOEU-MRXNPFEDSA-N,O=c1c2[nH]cnc2ncn1Cc1nn(CCc2ccc3ccccc3c2)c(=O)o1,0,0
VSCCSUZOKQGWHC-UHFFFAOYSA-N,c1ccc(-c2cn3ccccc3n2)cc1,0,3
VSHDIFLHXQISHJ-IYVRIMFBSA-N,O=c1c2cccnc2ncn1Cc1nc(C2CC(c3ccccc3)C2)no1,0,2
VSNLJSZHSKJANJ-SWLSCSKDSA-N,O=c1c2cccnc2ncn1Cc1nc(C2COC(c3ccccc3)C2)no1,0,2
VSOGEYDZUOFVFT-WCQYABFASA-N,O=c1c2[nH]cnc2ncn1Cc1nc(C2COC(c3ccccc3)C2)no1,0,2
VSTBRXGRZBGLGG-CVEARBPZSA-N,O=C(Cc1cnn(-c2cncnc2)c1)NC1CCC1S(=O)(=O)c1ccccc1,0,3
VTGKGYFBEZNAEB-RBUKOAKNSA-N,c1ccc(CN2CCCC2c2ccccc2)cc1,0,2
VTNRBCCGYCMWJN-QAPCUYQASA-N,O=C(NCc1ccnc(-c2cncnc2)c1)C1CCCN1S(=O)(=O)c1ccccc1,0,0
VTRQWSXLXNAIDP-CVEARBPZSA-N,O=C(Cc1cnn(-c2cncnc2)c1)NC1CCC1S(=O)(=O)c1ccccc1,0,3
VTSOGNSWENHMHJ-ZDUSSCGKSA-N,O=C(Cn1cnc2[nH]c(=O)[nH]c(=O)c21)Nc1cccc(-c2cncnc2)n1,0,0
VTWUTVSNVHXAAN-QFIPXVFZSA-N,O=C(NCc1cn(-c2ccccc2)c(=O)[nH]c1=O)C1CCCN1S(=O)(=O)c1ccccc1,0,0
VULWTIVIQWVISE-ZDUSSCGKSA-N,O=c1c2ccsc2ncn1Cc1nc(CCc2ccccc2)no1,0,2
VUNVEPXLRREAJZ-QFIPXVFZSA-N,O=C(NCc1cn(-c2ccccc2)c(=O)[nH]c1=O)C1CCCN1S(=O)(=O)c1cc2ccccc2o1,0,0
VURKFVAAAJRATF-QHCPKHFHSA-N,O=C(NCc1c[nH]c(=O)c(-c2ccccn2)c1)C1CCCN1S(=O)(=O)c1cc2ccccc2o1,0,3
VUXIUBYPGSGYOG-NSHDSACASA-N,O=C(Cn1cnc2[nH]c(=O)[nH]c(=O)c21)Nc1csc(-c2ccccc2)n1,0,2
VVCPLJSSXGMPAM-JTQLQIEISA-N,O=C(Cn1cnc2[nH]c(=O)[nH]c(=O)c21)Nc1csc(-c2cccnc2)n1,0,1
VVHXXMHMQYUMOB-CSKARUKUSA-N,c1ccccc1,0,1
VXOZSZSKUPUEEM-DEOSSOPVSA-N,O=C(NCc1c[nH]c(=O)c(-c2ccccc2)c1)C1CCCN1S(=O)(=O)c1cc2ccccc2o1,0,1
VXQNLHFXPSARMB-UHFFFAOYSA-N,O=C(Cn1cnc2[nH]c(=O)n(Cc3ncon3)c(=O)c21)Nc1cccc(-c2cccnc2)n1,0,0
VXQZDEWJIDRLFT-FHERZECASA-N,O=C(Cn1cnc2[nH]c(=O)[nH]c(=O)c21)Nc1ccnc(-c2cnc(N3CC4CC4C3)nc2)n1,0,3
VYLZSBLGYLCVCW-UHFFFAOYSA-N,c1ccc(CCN2CCCCC2)cc1,0,2
VZODASFOEMYPIW-ZLPCBKJTSA-N,O=C(Cn1cnc2[nH]c(=O)[nH]c(=O)c21)Nc1cncc(-c2ccc(N3CC4CC4C3)nc2)n1,0,2
VZQJQNIXPKBELC-UHFFFAOYSA-N,O=C(Cc1cccc2[nH]c(=O)[nH]c(=O)c12)Nc1nc(-c2ccccc2)cs1,0,3
WANOURMQWPDLQC-CZIWCDLHSA-N,O=c1c2cccnc2ncn1Cc1nn(C2CC(c3ccccc3)C2)c(=O)o1,0,1
WAPBFSGWBDTJBA-DEOSSOPVSA-N,O=C(NCc1cc(-c2ccccc2)c[nH]c1=O)C1CCCN1S(=O)(=O)c1cc2ccccc2o1,0,1
WAQZJHCNMYVEFU-SHTZXODSSA-N,O=c1c2cccnc2ncn1Cc1nc(C2CC(c3ccccc3)C2)no1,0,2
WAYMWUNFXOUAAZ-NFOMZHRRSA-N,O=C(Cn1cnc2[nH]c(=O)[nH]c(=O)c21)Nc1csc(-c2cnc(N3CC4CC4C3)nc2)n1,0,4
WAZNEQRWKNTWPH-KEKNWZKVSA-N,O=C1NC(=O)C(c2ccccc2)C=C1CNC(=O)C1CCCN1S(=O)(=O)c1cc2cnccc2o1,0,1
WBVIPJUKXQYVQJ-CHBKHGQFSA-N,c1ccccc1,0,1
WDDRIHJTMRONAI-UHFFFAOYSA-N,O=C(Cn1cnc2[nH]c(=O)[nH]c(=O)c21)Nc1cccc(-c2cccnc2)n1,0,3
WDMXXUBLSSBLHB-XLIONFOSSA-N,O=C(NCc1cnn(-c2ccccc2)c1)C1CCCN1S(=O)(=O)c1ccccc1,0,1
WEALJYMFDYMJHE-SMDDNHRTSA-N,O=c1c2[nH]cnc2ncn1Cc1nc(C2COC(c3ccccc3)C2)no1,0,2
WEDVMUWMFDQGFT-UHFFFAOYSA-N,c1ccc(-c2ccc3[nH]ncc3c2)cc1,0,4
WEFIFVXGXRGPEV-RUYXUALKSA-N,O=c1c2[nH]cnc2ncn1Cc1nc(C2C3CN(c4cccc(-c5cn[nH]c5)c4)CC32)no1,0,2
WEUURVDRAOHVLV-UHFFFAOYSA-N,O=C(Cn1cnc2ccccc2c1=O)NCCc1ccccc1,0,4
WFRBOQVBZZCYFX-AWEZNQCLSA-N,O=C(Cn1cnc2[nH]c(=O)n(Cc3ccon3)c(=O)c21)Nc1cccc(-c2cccnc2)n1,0,1
WHCSBGLJMIAOLK-UHFFFAOYSA-N,c1ccc(Oc2nccc3ccoc23)cc1,0,4
WHEWGFMWWBERPN-LBPRGKRZSA-N,O=c1c2ccoc2ncn1Cc1nnn(CCc2cc3ccccc3s2)n1,0,1
WHIUHQPWEZUUHM-UHFFFAOYSA-N,O=c1c2[nH]cnc2ncn1Cc1nn(CCc2ccc3ccccc3c2)c(=O)o1,0,0
WHMQPBBEQUUJIS-UXHICEINSA-N,O=C(Cc1cnn(-c2ccccc2)c1)NC1CCC1S(=O)(=O)c1ccccc1,0,1
WHNBDATYZDNLNU-UZLBHIALSA-N,O=C(NCc1cc(-c2ccccc2)ncn1)C1CCCN1S(=O)(=O)c1cccnc1,0,1
WHRUWUNTYKZUED-QRWLVFNGSA-N,O=C(NCc1cc(-c2cccnc2)ccn1)C1CCCN1S(=O)(=O)c1ccccc1,0,3
WJDFEEOHLQQEHJ-MNZLEMJZSA-N,O=c1c2[nH]cnc2ncn1Cc1nc(C2C3CN(c4ccc(-c5cnco5)cc4)CC32)no1,0,0
WJPADCWRQZUXDF-JEYLPNPQSA-N,O=C(Cn1cnc2[nH]c(=O)[nH]c(=O)c21)Nc1cncc(-c2cnc(N3CC4CC4C3)cn2)n1,0,3
WJZDKUCGKVPPTC-ZDUSSCGKSA-N,O=C(Cn1cnc2[nH]c(=O)n(Cc3ccon3)c(=O)c21)Nc1cncc(-c2cccnc2)n1,0,2
WJZXCEKQIHMNMF-QAQDUYKDSA-N,O=c1c2cccnc2ncn1Cc1nn(C2CC(c3ccccc3)C2)c(=O)o1,0,1
WKEBOVLUILWQBJ-JEYLPNPQSA-N,O=C(Cn1cnc2[nH]c(=O)[nH]c(=O)c21)Nc1ccnc(-c2cnc(N3CC4CC4C3)nc2)n1,0,3
WKEGRPVOXGQXBX-UHFFFAOYSA-N,O=c1c2[nH]cnc2ncn1Cc1nc(CCc2ccccc2)no1,0,1
WKUPALPZCCQPCO-GXTWGEPZSA-N,O=c1c2[nH]cnc2ncn1Cc1nc(C2COC(c3ccccc3)C2)no1,0,2
WLECDKWIOLJXDF-UHFFFAOYSA-N,O=C(Cn1cnc2[nH]c(=O)n(Cc3ncon3)c(=O)c21)Nc1csc(-c2cccnc2)n1,0,1
WLIICQUGYWLQHL-MISXGVKJSA-N,O=c1c2[nH]cnc2ncn1Cc1nc(C2C3C=C(c4cnco4)CC32)no1,0,4
WLLMEIDDRLNDDG-UHFFFAOYSA-N,O=C(NCc1cnn(-c2cccnc2)c1)C1CCCC1S(=O)(=O)c1ccccc1,0,3
WMBOCUXXNSOQHM-FLIBITNWSA-N,C=C1OC(=O)c2ccccc21,0,4
WMCARGAXENGYJD-QMMMGPOBSA-N,O=c1[nH]c(=O)c2[nH]cnc2[nH]1,0,1
WMQGYUJRYHBKTK-OOHWJJMZSA-N,O=C(Cn1cnc2[nH]c(=O)[nH]c(=O)c21)Nc1cccc(-c2cnc(N3CC4CC4C3)nc2)n1,0,1
WNGOEYHEIHEHSY-NSHDSACASA-N,O=C(Cn1cnc2[nH]c(=O)n(Cc3ccon3)c(=O)c21)Nc1cccc(-c2ncon2)n1,0,0
WNIFMMBGRDWVSC-UHFFFAOYSA-N,O=C(CNS(=O)(=O)c1ccccc1)NCC1CN(c2ccccn2)CCO1,0,2
WOIUQWYXFIXJME-GXTWGEPZSA-N,O=c1[nH]cnc2ncn(Cc3nc(C4COC(c5ccccc5)C4)no3)c12,0,2
WOKJMDDDXREZDG-ZDUSSCGKSA-N,O=c1c2ccsc2ncn1Cc1nnn(CCc2ccccc2)n1,0,4
WPNNDKHQYVORDG-UHFFFAOYSA-N,c1ccc(-c2ccc3[nH]ncc3c2)cc1,0,4
WPTBYMVYHGHIDZ-CTYIDZIISA-N,O=c1c2[nH]cnc2ncn1Cc1nn(C2CC(Oc3ccccc3)C2)c(=O)o1,0,2
WPTCSNGQXKAVFR-UHFFFAOYSA-N,c1ccc(-c2cn3ccccc3n2)cc1,0,3
WPWRLCNFHLWQGC-UHFFFAOYSA-N,O=C(Cc1cccc2[nH]c(=O)[nH]c(=O)c12)Nc1nc(-c2ccccc2)cs1,0,3
WQGVDODKSWKQSI-WMLDXEAASA-N,O=c1c2cccc(=O)n2ccn1Cc1nc(C2COC(c3ccccc3)C2)no1,0,1
WRDLKTQRPOZITC-QWPOMPHKSA-N,c1ccccc1,0,1
WRJCSDBKLNHRAA-UKRRQHHQSA-N,O=c1c2[nH]cnc2ncn1Cc1nn(C2CCC(c3ccccc3)C2)c(=O)o1,0,4
WRZHLIPHQKQFBS-LBPRGKRZSA-N,O=c1c2ccoc2ncn1Cc1nnn(CCc2ccccc2)n1,0,1
WSCIGUKLFPKXFX-UHFFFAOYSA-N,O=c1c2[nH]cnc2ncn1Cc1nn(CCc2ccccc2)c(=O)o1,0,1
WSJBTMAJFBDGCQ-HALDLXJZSA-N,O=c1c2[nH]cnc2ncn1Cc1nc(C2C3CN(c4ccc5sncc5c4)CC32)no1,0,1
WSJNOMFLZGTWKZ-UHFFFAOYSA-N,O=C(NCC(Cc1ccccc1)N1CCCC1)C1(c2ccccc2)CCC1,0,1
WSKZYWSLEMVSGM-GXTWGEPZSA-N,O=c1[nH]c2ncn(Cc3nc(C4COC(c5ccccc5)C4)no3)c(=O)c2[nH]1,0,2
WTGZNWPLWZWQKH-GOEBONIOSA-N,O=c1c2ccnn2ncn1Cc1nc(C2COC(c3ccc4cn[nH]c4c3)C2)no1,0,1
WTULWADTNMDTBI-LAQFHYBYSA-N,O=c1c2[nH]cnc2ncn1Cc1nc(C2C3CN(c4ccccc4)CC32)no1,0,0
WVCGIOBBHJGFNT-AEFFLSMTSA-N,O=S(=O)(c1ccccc1)N1CCCC1c1ccccc1,0,4
WVKCCUFMMHZVRZ-QFIPXVFZSA-N,O=C(NCc1c[nH]c(=O)c(-c2cccnc2)c1)C1CCCN1S(=O)(=O)c1cc2ccccc2o1,0,2
WVPZXHRZPLFNOG-GCJKJVERSA-N,O=C(NCc1ccnc(-c2ccccc2)c1)C1CCCN1S(=O)(=O)c1ccccc1,0,1
WVSRIYBLNXSMHQ-UHFFFAOYSA-N,O=C(NCC(Cc1ccccc1)N1C2CCCC1CC2)C1(c2ccccc2)CCCC1,0,0
WWMLUCZLWNRNST-UHFFFAOYSA-N,O=C(CCCc1ccccc1)CCc1ccccc1,0,1
WWXUELOIDKMRSB-HSQYWUDLSA-N,O=C(NCc1cccc(-c2cncnc2)c1)C1C2CC2CN1S(=O)(=O)c1ccccc1,0,2
WXHSFVIZINIMIS-LAQFHYBYSA-N,O=c1c2[nH]cnc2ncn1Cc1nc(C2C3CN(c4ccc5ncoc5c4)CC32)no1,0,4
WXUGHBCPMLOGEV-WCQYABFASA-N,O=c1[nH]c2ncn(Cc3nc(C4COC(c5ccccc5)C4)no3)c(=O)c2[nH]1,0,2
WYUJVHUKAKUWIA-ZDUSSCGKSA-N,O=c1c2ccsc2ncn1Cc1nc(CCc2ccccc2)no1,0,2
WYUPYGSKFFBOSP-UHFFFAOYSA-N,O=C(Cn1cnc2[nH]c(=O)n(Cc3ccon3)c(=O)c21)Nc1ccc2ccccc2n1,0,3
WYXGQTJNYMMMLO-YJYMSZOUSA-N,O=C(NCc1cc(-c2cccnc2)ncn1)C1CCN1S(=O)(=O)c1ccccc1,0,4
WZFVQGWXJBTVEA-UHFFFAOYSA-N,O=C(Cc1coc2[nH]c(=O)[nH]c(=O)c12)Nc1nc(-c2ccccc2)cs1,0,4
WZQMWEAVTLSMOF-HBYGRHMLSA-N,O=c1c2[nH]cnc2ncn1Cc1nc(C2C3CN(c4ccccc4)CC32)no1,0,0
WZRMLPCUQNQCPB-LBPRGKRZSA-N,O=C(Cn1cnc2[nH]c(=O)[nH]c(=O)c21)Nc1csc(-c2cccnc2)n1,0,1
WZUBEZISDJUWBT-UHFFFAOYSA-N,c1ccc(-c2cn3ccccc3n2)cc1,0,3
XAPDVOAYLTUITQ-GOEBONIOSA-N,O=c1c2cncn2ncn1Cc1nc(C2COC(c3ccccc3)C2)no1,0,1
XAQVIFGRTKIRES-SHTZXODSSA-N,O=c1c2[nH]cnc2ncn1Cc1nc(C2CC(c3ccccc3)C2)no1,0,3
XATNITDFSRCWBI-HALDLXJZSA-N,O=c1c2cccnc2ncn1Cc1nc(C2C3CN(c4ccccn4)CC32)no1,0,3
XAUSPLMRLISGMX-DZGCQCFKSA-N,c1ccc(CC2CCCCC2)cc1,0,2
XBAHUCXUJNKOON-VIKVFOODSA-N,O=c1c2[nH]cnc2ncn1Cc1nc(C2C3CN(c4ccccn4)CC32)no1,0,4
XBDHVGWQURBFBB-VIKVFOODSA-N,O=c1c2cncn2ncn1Cc1nc(C2C3CN(c4ccccn4)CC32)no1,0,3
XBVPSHSACOJVOQ-BFYDXBDKSA-N,O=c1c2cccnc2ncn1Cc1nc(C2C3Oc4ccccc4C32)no1,0,0
XBWKDGVOHTXIQZ-KWUMSVIQSA-N,O=c1c2cccnc2ncn1Cc1nc(C2CC(c3ccccc3)C2)no1,0,2
XCCZAIUWVCKNCM-ATCWAGBWSA-N,O=c1c2[nH]cnc2ncn1Cc1nc(C2C3CN(c4ccccc4)CC32)no1,0,0
XCKMEJHQIGJSCX-NNGSBXSVSA-N,O=C(Cn1cnc2[nH]c(=O)[nH]c(=O)c21)Nc1cncc(-c2ccc(N3CC4CC4C3)nc2)n1,0,2
XCZDOORZBGHHNA-UHFFFAOYSA-N,O=C(Cc1nsc2[nH]c(=O)[nH]c(=O)c12)Nc1nc(-c2ccccc2)cs1,0,3
XCZHKBOHEHELPS-NHAGDIPZSA-N,O=c1c2[nH]cnc2ncn1Cc1nc(C2C3CN(c4cccnc4)CC32)no1,0,4
XEAVDNWRYBZHOZ-UHFFFAOYSA-N,O=C(Cc1cccc2[nH]c(=O)[nH]c(=O)c12)Nc1nc(-c2ccccc2)cs1,0,3
XEQNNSKBWZVZOZ-JPYJTQIMSA-N,O=C(NCc1cc(-c2ccc(C3CC3)nc2)ncn1)C1CCCN1S(=O)(=O)c1ccccc1,0,3
XFAKQJSOOQVAHX-UHFFFAOYSA-N,O=C(NCSc1ccccc1)c1ccccc1,0,0
XFEQHDMOKHJBAP-UHFFFAOYSA-N,O=C(Cn1cnc2[nH]c(=O)n(Cc3ccon3)c(=O)c21)Nc1cccc(N2CCNCC2)n1,0,2
XFZJKVPNNLXVDR-IGEOTXOUSA-N,O=C(Cn1cnc2[nH]c(=O)[nH]c(=O)c21)Nc1cncc(-c2cnc(N3CC4CC4C3)nc2)n1,0,0
XGHHYTJFVHPJRP-ZLPCBKJTSA-N,O=C(Cn1cnc2[nH]c(=O)[nH]c(=O)c21)Nc1cccc(-c2ccc(N3CC4CC4C3)nc2)n1,0,0
XGOIBVXKMMOVSQ-UHFFFAOYSA-N,O=c1c2ccnnc2ncn1Cc1nc(CCc2ccccc2)no1,0,3
XGOLSZDFWDNITO-PKOBYXMFSA-N,O=S(=O)(c1ccccc1)N1CCCC1c1ccccc1,0,4
XGTNKOQJOGMILW-HAQNSBGRSA-N,O=c1c2[nH]cnc2ncn1Cc1nn(C2CC(c3ccccc3)C2)c(=O)o1,0,0
XGTQXOATUIFTGC-WMLDXEAASA-N,O=C(Cn1cnc2[nH]c(=O)[nH]c(=O)c21)Nc1cccc(-c2cnc(N3CCCC3)nc2)n1,0,1
XGTQXOATUIFTGC-YOEHRIQHSA-N,O=C(Cn1cnc2[nH]c(=O)[nH]c(=O)c21)Nc1cccc(-c2cnc(N3CCCC3)nc2)n1,0,1
XHJBOXFNVSPYJI-KNQAVFIVSA-N,O=C(NCc1cccc(-c2cccnc2)c1)C1CCCN1S(=O)(=O)c1ccccc1,0,2
XHWHHZLLSITQCM-FOLVSLTJSA-N,O=c1c2[nH]cnc2ncn1Cc1nc(C2C3Cc4ccccc4CC32)no1,0,4
XIEDEBMSVCTSFI-HNNXBMFYSA-N,O=C(Cn1cnc2[nH]c(=O)n(Cc3ccon3)c(=O)c21)Nc1cccc(-c2cccnc2)n1,0,1
XIHLXICJADAAMG-UHFFFAOYSA-N,c1ccc(-c2n[nH]c3cccnc23)cc1,0,1
XIHULXIDONOQSG-HNNXBMFYSA-N,O=C(Cn1cnc2[nH]c(=O)n(Cc3ccccn3)c(=O)c21)Nc1cccc(-c2cccnc2)n1,0,2
XIJYTOIFEYRXLS-SMDDNHRTSA-N,O=c1c2[nH]ncc2ncn1Cc1nc(C2COC(c3ccccc3)C2)no1,0,2
XIOJQBVKDSTRPK-UHFFFAOYSA-N,O=C(NCC(Cc1ccccc1)N1CCCCC1)c1ccccn1,0,0
XIPWBPDWHQJWKK-IBGZPJMESA-N,O=C(NCc1cn(-c2ccccn2)c(=O)[nH]c1=O)C1CCCN1S(=O)(=O)c1cc2cnccc2o1,0,2
XJDHXLWQTXVSFO-VYDXJSESSA-N,O=c1c2[nH]cnc2ncn1Cc1nc(C2C3C=C(c4ccccc4)CC32)no1,0,3
XJJNUZPFNULXJQ-SWLSCSKDSA-N,O=c1[nH]cnc2cnn(Cc3nc(C4COC(c5ccccc5)C4)no3)c12,0,1
XKSIOBPDRWKTCJ-ZLPCBKJTSA-N,O=C(Cn1cnc2[nH]c(=O)[nH]c(=O)c21)Nc1ccnc(-c2ccc(N3CC4CC4C3)nc2)n1,0,0
XLGLEMZUTPMKLM-UHFFFAOYSA-N,O=C(Cn1cnc2[nH]c(=O)n(Cc3ccccn3)c(=O)c21)Nc1cccc(-c2cncnc2)n1,0,1
XLYRIZJMZGOPTK-UHFFFAOYSA-N,O=C(Cc1cccc2c1C(=O)NC2=O)Nc1nc(-c2ccccc2)cs1,0,0
XNHDIEBXXZHYPG-UHFFFAOYSA-N,c1ccc(-c2cn3ccccc3n2)cc1,0,3
XNPOFWWRLXGGEI-UHFFFAOYSA-N,O=C(CNC(=O)c1ccccc1)c1ccccc1,0,2
XOFOPCOUHWLPJL-UHFFFAOYSA-N,c1ccccc1,0,1
XOPMVFNBFICPDB-UHFFFAOYSA-N,O=C(Cc1csc2[nH]c(=O)[nH]c(=O)c12)Nc1nc(-c2ccccc2)cs1,0,1
XOQQYLAKAJMBHH-UHFFFAOYSA-N,c1ccc(-c2ccc3[nH]ncc3c2)cc1,0,4
XOTLDNAVQQZBGX-UHFFFAOYSA-N,c1ccc(CC2CCCCC2)cc1,0,2
XOVTWNLGYRCGFO-HHCCDPJTSA-N,O=c1c2ccnn2ncn1Cc1nc(C2CC(c3ccccc3)C2)no1,0,4
XOZUCURGTPFEPA-LURJTMIESA-N,O=c1[nH]c2nc[nH]c2c(=O)n1Cc1ncno1,0,3
XPKLLDXUIOXSSE-XGNXJENSSA-N,O=C(Cn1cnc2[nH]c(=O)[nH]c(=O)c21)Nc1csc(-c2cnc(N3CC4CC4C3)nc2)n1,0,4
XPZXRJASCMUGQL-UHFFFAOYSA-N,O=C(Cn1cnc2[nH]c(=O)n(Cc3ncno3)c(=O)c21)Nc1cccc(-c2cccnc2)n1,0,2
XQDBJRZGDIFZFV-OALUTQOASA-N,O=C(NCc1cc(-c2cncnc2)ccn1)C1CCCN1S(=O)(=O)c1ccccc1,0,0
XQGUQUOCTSQNDD-VIKVFOODSA-N,O=c1c2ccnn2ncn1Cc1nc(C2C3CN(c4ccccn4)CC32)no1,0,0
XQJHSTXORFDHJO-NHAGDIPZSA-N,O=c1c2[nH]cnc2ncn1Cc1nc(C2C3CN(c4cccnc4)CC32)no1,0,4
XQVDMHKTSFSEMQ-UHFFFAOYSA-N,O=c1c2[nH]cnc2ncn1Cc1nn(CCc2ccccc2)c(=O)o1,0,1
XRUHRUNQTJHPBY-UHFFFAOYSA-N,O=c1c2[nH]cnc2ncn1Cc1nn(CCc2ccccc2)c(=O)o1,0,1
XRWIKIYEWODHPQ-UHFFFAOYSA-N,O=C(Cc1cccc2[nH]c(=O)[nH]c(=O)c12)Nc1nc(-c2ccccc2)cs1,0,3
XSCCGKSIBNQWIP-UZLBHIALSA-N,O=C(NCc1ccnc(-c2cccnc2)c1)C1CCCN1S(=O)(=O)c1ccccc1,0,0
XSFCKBIGLBUTHE-QWHZDKJVSA-N,O=c1ccc2ncn(Cc3nc(C4C5CN(c6ccccc6)CC54)no3)c(=O)c2[nH]1,0,3
XSOWZVIQZNTLGC-HALDLXJZSA-N,O=c1c2cccnc2ncn1Cc1nc(C2C3CN(c4ccccn4)CC32)no1,0,3
XSVJDKKRVOFGLA-FKIZINRSSA-N,O=c1c2[nH]cnc2ncn1Cc1nc(C2COC(c3ccccc3)C2)no1,0,2
XSVRNWKQZYOFRS-IPVJXJPOSA-N,O=c1c2ccncc2ncn1Cc1nc(C2CC(c3ccccc3)C2)no1,0,2
XTCJBNJCHYEEHZ-DZGCQCFKSA-N,c1ccc(CC2CCCCC2)cc1,0,2
XTEOOQGHFDZVDI-UHFFFAOYSA-N,c1ccc(-c2ccc3[nH]ncc3c2)cc1,0,4
XTJCMZFNEXELMO-UHFFFAOYSA-N,O=C(Cn1ccc2[nH]c(=O)[nH]c(=O)c21)Nc1ccccc1,0,3
XUXZULDMSVLPDK-UHFFFAOYSA-N,O=C(CCCc1ccccc1)CCc1ccccc1,0,1
XVWJZNUBJBSIFR-FOLVSLTJSA-N,O=c1c2[nH]cnc2ncn1Cc1nc(C2C3CN(c4ccccc4)CC32)no1,0,0
XWGOPLIZWFRBIN-KWUMSVIQSA-N,O=c1c2cccnc2ncn1Cc1nc(C2CC(c3ccccc3)C2)no1,0,2
XWVQRBZZRNONCK-UHFFFAOYSA-N,O=c1c2[nH]cnc2ncn1Cc1nn(CCc2ccc3ccccc3c2)c(=O)o1,0,0
XWWLYDGDHPKEFD-UHFFFAOYSA-N,O=c1c2c[nH]nc2ncn1Cc1nc(CCc2ccccc2)no1,0,3
XWWPJKNCWPEFJS-SQGPQFPESA-N,O=c1c2cccnc2ncn1Cc1nc(C2C3C=C(c4ccccc4)CC32)no1,0,3
XWXZEVWJOGNSOD-YJBOKZPZSA-N,O=C(Cn1cnc2[nH]c(=O)n(Cc3ccon3)c(=O)c21)Nc1ccnc(-c2cnc(N3CCCC3)nc2)n1,0,3
XWYXLYCDZKRCAD-BQYQJAHWSA-N,C(=Cc1ccccc1)c1ccccc1,0,4
XXAJTWFMFVVGIN-UHFFFAOYSA-N,O=C(Cn1ccc2[nH]c(=O)[nH]c(=O)c21)Nc1nc(-c2ccccc2)cs1,0,4
XYGCJFPIVHXCSK-UHFFFAOYSA-N,O=C1C2=C(NC(=S)NC2c2ccccc2)c2ccccc21,0,2
XYGZAZHAXFGQPR-UHFFFAOYSA-N,c1ccc(-c2ccc3[nH]ncc3c2)cc1,0,4
XYHIUESBFSVNAX-LBPRGKRZSA-N,O=c1c2ccoc2ncn1Cc1nnn(CCc2ccccc2)n1,0,1
XYLBMXMFEPAIDX-UHFFFAOYSA-N,O=c1c2[nH]cnc2ncn1Cc1nn(CCc2ccc(C3CC3)cc2)c(=O)o1,0,4
XYLQLKFUIGUGMF-UHFFFAOYSA-N,O=C(Cc1coc2[nH]c(=O)[nH]c(=O)c12)Nc1nc(-c2ccccc2)cs1,0,4
XZMSFDWECPXXRJ-PKQUCIBFSA-N,C=C1CCCC2C(CCC3CCCOO3)CCCC12,0,3
YAAQSQALFNFFQV-UHFFFAOYSA-N,O=c1c2[nH]cnc2ncn1Cc1nn(CCc2ccccc2)c(=O)o1,0,1
YAVYGLIDOKYBIQ-UHFFFAOYSA-N,O=C(NCC(CC1CCNCC1)N1CCCCC1)C1(c2ccccc2)CCCC1,0,3
YAYQPACFPAHFBP-ZHACJKMWSA-N,O=C(C=Cc1ccccc1)Nc1ccccc1,0,3
YBPKDCWIZDLZLH-BLLLJJGKSA-N,O=S(=O)(c1ccccc1)N1CCCC1c1ccccc1,0,4
YBVLXHRURDNMHN-URXFXBBRSA-N,O=C(NCc1cn(-c2ccccc2)c(=O)[nH]c1=O)C1CCCN1S(=O)(=O)c1cc2ccccc2o1,0,0
YCPKIIGXUMZROC-MQMHXKEQSA-N,O=c1c2[nH]cnc2ncn1Cc1nn(C2CC(Oc3ccccc3)C2)c(=O)o1,0,2
YCSCTJKEBOGQEI-VXGBXAGGSA-N,c1ccc(NC2CCCCC2)cc1,0,4
YDBYOXUORMOOBQ-UHFFFAOYSA-N,O=C(Cc1coc2[nH]c(=O)[nH]c(=O)c12)Nc1nc(-c2ccccc2)cs1,0,4
YDXYNXLPDIGXAM-DZGCQCFKSA-N,O=c1c2cccnc2ncn1Cc1nc(C2COC(c3ccccc3)C2)no1,0,2
YEACVWXJCVFKBH-KUHUBIRLSA-N,O=C(NCc1cc(-c2cncnc2)ccn1)C1CCCN1S(=O)(=O)c1ccccc1,0,0
YEIMPNFNEMTFDM-UHFFFAOYSA-N,O=C(Cn1cnc2[nH]c(=O)n(Cc3ccon3)c(=O)c21)Nc1cccc(-c2cccnc2)n1,0,1
YETYETHLQCIHEE-UHFFFAOYSA-N,c1ccc(-c2ccc3[nH]ncc3c2)cc1,0,4
YFHGTPYEYFYGAH-BBQAJUCSSA-N,O=C(NCc1cc(-c2ccccc2)ncn1)C1CCCN1S(=O)(=O)c1ccccc1,0,4
YFYZCTDEXIQQLY-LBPRGKRZSA-N,O=C(Cn1cnc2[nH]c(=O)[nH]c(=O)c21)Nc1cncc(-c2cccnc2)n1,0,1
YGJKAILDLPIFCZ-UHFFFAOYSA-N,O=C(Cc1cccc2[nH]c(=O)[nH]c(=O)c12)Nc1nc(-c2ccccc2)cs1,0,3
YGOMVEIEVIZJFF-JKSUJKDBSA-N,O=c1c2ccnn2ncn1Cc1nc(C2COC(c3ccccc3)C2)no1,0,4
YHGYDTGBMKTLPH-NQIIRXRSSA-N,O=C(NCc1cccc(-c2cccnc2)c1)C1CCCN1S(=O)(=O)c1ccccc1,0,2
YIPSQHDECVTTIC-NNGSBXSVSA-N,O=C(Cn1cnc2[nH]c(=O)[nH]c(=O)c21)Nc1cccc(-c2cnc(N3CC4CC4C3)nc2)n1,0,1
YIXDWPGKRKLDML-AWEZNQCLSA-N,O=C(Cn1cnc2[nH]c(=O)n(Cc3ccon3)c(=O)c21)Nc1cncc(-c2cccnc2)n1,0,2
YJGBPDRSVXCGGG-DZGCQCFKSA-N,O=c1c2ccnn2ncn1Cc1nc(C2COC(c3ccccc3)C2)no1,0,4
YJZRVQKJIFHXBP-MXVIHJGJSA-N,O=c1c2ccncc2ncn1Cc1nc(C2CC(c3ccc4ccccc4c3)C2)no1,0,0
YKFSMOUFOXUQLG-UHFFFAOYSA-N,O=C(c1csc(Nc2ccccc2)n1)N1CCCCC1,0,4
YLCJLPKUVYAFRE-QLPKVWCKSA-N,O=c1c2[nH]cnc2ncn1Cc1nc(C2C3CN(c4ccccc4)CC32)no1,0,0
YLWILSVEXGUUFP-UHFFFAOYSA-N,O=c1c2ccnnc2ncn1Cc1nn(CCc2ccccc2)c(=O)o1,0,4
YMGBPWVLZQNQFK-LBPRGKRZSA-N,O=C(Cn1cnc2[nH]c(=O)n(Cc3ncno3)c(=O)c21)Nc1cncc(-c2cccnc2)n1,0,2
YMZSYLUBFOARLT-UHFFFAOYSA-N,O=C(Cc1cccc2[nH]c(=O)[nH]c(=O)c12)Nc1ccn(-c2ccccc2)n1,0,2
YNQDIELZBNNYMX-UHFFFAOYSA-N,O=C(Cc1coc2[nH]c(=O)[nH]c(=O)c12)Nc1nc(-c2ccccc2)cs1,0,4
YNURNKHUOKGJKQ-UHFFFAOYSA-N,O=C(NCc1ccncc1)c1cn2c(=O)n(Cc3ccccc3)c(=O)cc2s1,0,2
YODKHKXVAZNODR-UHFFFAOYSA-N,O=C(Cn1cnc2[nH]c(=O)[nH]c(=O)c21)Nc1cncc(-c2cccnc2)n1,0,1
YOTMUJXMGKBCJI-UHFFFAOYSA-N,c1ccc(Nc2n[nH]c3cccnc23)cc1,0,3
YQDBFFOLHOLZKQ-GTPINHCMSA-N,O=C(Cn1cnc2[nH]c(=O)[nH]c(=O)c21)Nc1ccnc(-c2cnc(N3CC4CC4C3)nc2)n1,0,3
YRFKNZJDKYZGGS-UHFFFAOYSA-N,O=C(Cn1cnc2[nH]c(=O)n(Cc3ccccn3)c(=O)c21)Nc1csc(-c2ccccc2)n1,0,4
YRXHHMUCQVXQQZ-PTSVWTKZSA-N,c1ccncc1,0,4
YRZSUCWXBWCSKC-BMGDILEWSA-N,O=c1c2cccnc2ncn1Cc1nc(C2C3Cc4ccccc4C32)no1,0,4
YRZSUCWXBWCSKC-JLSDUUJJSA-N,O=c1c2cccnc2ncn1Cc1nc(C2C3Cc4ccccc4C32)no1,0,4
YSAHIYORNYLDMN-JCNLHEQBSA-N,O=c1c2cccc(=O)n2ccn1Cc1nn(C2CC(c3ccccc3)C2)c(=O)o1,0,0
YSCRLJGELYZACN-QFIPXVFZSA-N,O=C(NCc1cn(-c2ccccc2)c(=O)[nH]c1=O)C1CCCN1S(=O)(=O)c1cc2ccccc2s1,0,3
YSKFGBAYHFLJPZ-JXMROGBWSA-N,O=C(C=Cc1ccccc1)Nc1ccccc1,0,3
YTRXZKNDLRUBRK-KWUMSVIQSA-N,O=c1c2cccnc2ncn1Cc1nc(C2CC(c3ccccc3)C2)no1,0,2
YTXJELCYXHBTEZ-LBAQZLPGSA-N,O=C1NC(=O)C(c2cccnc2)C=C1CNC(=O)C1CCCN1S(=O)(=O)c1cc2ccccc2o1,0,2
YUDTVULXQVYYNC-FOLVSLTJSA-N,O=c1c2[nH]cnc2ncn1Cc1nc(C2C3CN(c4ccccc4)CC32)no1,0,0
YUJMTTVCSDSBRX-ZDUSSCGKSA-N,O=c1c2ccoc2ncn1Cc1nnn(CCc2ccccc2)n1,0,1
YVRAGDOGHOFVAV-NHPVSCMHSA-N,O=c1c2cccnc2ncn1Cc1nc(C2CC(c3ccccc3)C2)no1,0,2
YVSODWPINHYMTB-WCQYABFASA-N,O=c1c2[nH]cnc2ncn1Cc1nc(C2COC(c3ccccc3)C2)no1,0,2
YVTXACLMSGWIHC-CMPLNLGQSA-N,O=c1c2scnc2ncn1Cc1nc(C2COC(c3ccccc3)C2)no1,0,4
YVYCTLLAVRNGEF-GXTWGEPZSA-N,O=c1c2[nH]cnc2ncn1Cc1nc(C2COC(c3ccccc3)C2)no1,0,2
YWKRPHSLBJKOAU-JEYLPNPQSA-N,O=C(Cn1cnc2[nH]c(=O)[nH]c(=O)c21)Nc1csc(-c2ccc(N3CC4CC4C3)nc2)n1,0,2
YWTNZWTWPXOTMS-UHFFFAOYSA-N,O=C(NCc1ccccn1)c1cn2c(=O)n(Cc3ccccc3)c(=O)cc2s1,0,0
YXACHAYJFVKEGM-YPMHNXCESA-N,c1ccc(CC2CCCCC2)cc1,0,2
YXGNKWWQBPNQGF-UHFFFAOYSA-N,O=C(Cn1cnc2[nH]c(=O)[nH]c(=O)c21)Nc1csc(-c2cccnc2)n1,0,1
YXGOBDAAYPMHSY-SWLSCSKDSA-N,O=C1CCc2c(ncn(Cc3nc(C4COC(c5ccccc5)C4)no3)c2=O)N1,0,0
YXJXMUOKXGOJSX-UTKZUKDTSA-N,O=C(NCc1ccnc(-c2ccccc2)c1)C1CCCN1S(=O)(=O)c1ccccc1,0,1
YXMXFIXCGYXMMH-LBPRGKRZSA-N,O=C(Cn1cnc2[nH]c(=O)n(Cc3ccon3)c(=O)c21)Nc1cccc(-c2cncnc2)n1,0,4
YXTJFYWQCCHXMG-WKILWMFISA-N,O=c1c2cccnc2ncn1Cc1nc(C2CC(c3ccccc3)C2)no1,0,2
ZAGOOYBFBXAWFI-UHFFFAOYSA-N,c1ccc(Oc2ncnc3[nH]ccc23)cc1,0,3
ZAGXFWMLCVBKQA-HALDLXJZSA-N,O=c1c2[nH]cnc2ncn1Cc1nc(C2C3CN(c4ccccc4)CC32)no1,0,0
ZAKRHAFBIBTPAZ-UOIKSKOESA-N,O=c1c2cccnc2ncn1Cc1nc(C2C3CN(c4ccccn4)CC32)no1,0,3
ZBIRHILYHCONPB-GXTWGEPZSA-N,O=c1c2cncn2ncn1Cc1nc(C2COC(c3ccccc3)C2)no1,0,1
ZBPBSDLPRVLCQI-BBRMVZONSA-N,O=C(Cn1cnc2[nH]c(=O)[nH]c(=O)c21)Nc1cncc(-c2cnc(N3CCCC3)nc2)n1,0,0
ZBPBSDLPRVLCQI-XJKSGUPXSA-N,O=C(Cn1cnc2[nH]c(=O)[nH]c(=O)c21)Nc1cncc(-c2cnc(N3CCCC3)nc2)n1,0,0
ZCIFHOGRCNHUOK-GXTWGEPZSA-N,O=c1c2cncn2ncn1Cc1nc(C2COC(c3ccccc3)C2)no1,0,1
ZCMKYTSUHVQDND-DOMZBBRYSA-N,O=C(NCc1nc(C2COC(c3ccccc3)C2)no1)c1cnc[nH]1,0,3
ZDSBAXBNBDORFX-IGEOTXOUSA-N,O=C(Cn1cnc2[nH]c(=O)[nH]c(=O)c21)Nc1csc(-c2ccc(N3CC4CC4C3)nc2)n1,0,2
ZEPHBHNMKKSYEJ-DYXDTQHNSA-N,O=C(NCc1cc(-c2cncnc2)ccn1)C1CCCN1S(=O)(=O)c1ccccc1,0,0
ZESGFLRFTSROCX-NVXWUHKLSA-N,O=c1c2cccnc2ncn1Cc1nn(C2CCC(c3ccccc3)C2)c(=O)o1,0,2
ZFDRQUMFPQAQNX-HBYGRHMLSA-N,O=c1c2[nH]cnc2ncn1Cc1nc(C2C3CN(c4ccccc4)CC32)no1,0,0
ZFYMVMUDHSAMSG-ATCWAGBWSA-N,O=c1c2cnoc2ncn1Cc1nc(C2C3CN(c4ccccn4)CC32)no1,0,2
ZGUQIIBJOCXMDV-UHFFFAOYSA-N,O=C(NCC(Cc1ccccc1)N1CCCCC1)C1(c2ccccc2)CC1,0,1
ZGWIQYQXDGDHMR-SFHVURJKSA-N,O=C(Cn1cnc2[nH]c(=O)[nH]c(=O)c21)Nc1cccc(-c2cnc(N3CCCC3)nc2)n1,0,1
ZICMCRZATKHWEO-FOLVSLTJSA-N,O=c1c2[nH]cnc2ncn1Cc1nc(C2C3CN(c4ccccc4)CC32)no1,0,0
ZIKZMIAHXLHIRK-NHAGDIPZSA-N,O=c1c2[nH]nnc2ncn1Cc1nc(C2C3CN(c4ccccc4)CC32)no1,0,2
ZIVPKPBELQYMFG-SFHVURJKSA-N,O=C(NCc1cn(-c2ccccc2)c(=O)[nH]c1=O)C1CCCN1S(=O)(=O)c1cccs1,0,1
ZJABEFARNCXQDZ-KRWDZBQOSA-N,O=C(Cn1cnc2[nH]c(=O)n(Cc3ccon3)c(=O)c21)Nc1cccc(-c2cccnc2)n1,0,1
ZJKZMXQQSDVDLA-NCFLSLSRSA-N,C(=CCCC1CCCOO1)CCC1=CCCCC1,0,1
ZJKZMXQQSDVDLA-RMXXGELBSA-N,C(=CCCC1CCCOO1)CCC1=CCCCC1,0,1
ZJLOTFNKTLOXQU-AWEZNQCLSA-N,O=C(Cn1cnc2[nH]c(=O)[nH]c(=O)c21)Nc1cccc(-c2cccnc2)n1,0,3
ZJLYAVZPZQXDIQ-UHFFFAOYSA-N,O=c1[nH]cnc2cnn(Cc3nn(CCc4ccccc4)c(=O)o3)c12,0,1
ZKGVGSMPJCRCOI-OFNKIYASSA-N,O=C(NCc1ccnc(-c2ccccc2)c1)C1CCCN1S(=O)(=O)c1ccccc1,0,1
ZKMARFBVNODTEA-MULNXWOJSA-N,O=C(NCc1cc(C23CCC(CC2)CC3)ncn1)C1CCCN1S(=O)(=O)c1ccccc1,0,4
ZKPBQRHUFMIQCM-ZLPCBKJTSA-N,O=C(Cn1cnc2[nH]c(=O)[nH]c(=O)c21)Nc1csc(-c2ccc(N3CC4CC4C3)nc2)n1,0,2
ZKTUMHFHLXSNAM-SFTDATJTSA-N,O=C(NCc1cccc(-c2cncnc2)c1)C1CCCN1S(=O)(=O)c1ccccc1,0,1
ZKVHRKRSQGNMIJ-UHFFFAOYSA-N,O=C(Cc1cccc2[nH]c(=O)[nH]c(=O)c12)Nc1nc(-c2ccccc2)cs1,0,3
ZLGGDXLEMLRCRT-UHFFFAOYSA-N,O=C(Cc1csc2[nH]c(=O)[nH]c(=O)c12)Nc1nc(-c2ccccc2)cs1,0,1
ZLQWHYXILIRZJA-NILFDRSVSA-N,O=c1c2[nH]cnc2ncn1Cc1nc(C2C3Cc4ccccc4C32)no1,0,2
ZLQWHYXILIRZJA-UGFHNGPFSA-N,O=c1c2[nH]cnc2ncn1Cc1nc(C2C3Cc4ccccc4C32)no1,0,2
ZLRQOPRFOLBNTA-UHFFFAOYSA-N,O=C(Cc1csc2[nH]c(=O)[nH]c(=O)c12)Nc1nc(-c2ccccc2)cs1,0,1
ZMFNOHRIULKSCC-UHFFFAOYSA-N,c1ccc(Nc2n[nH]c3ccccc23)cc1,0,3
ZNOZSVVROSWSRZ-WMLDXEAASA-N,O=c1c2cccc(=O)n2ccn1Cc1nc(C2COC(c3ccccc3)C2)no1,0,1
ZNZNLOPOYMLSDO-UHFFFAOYSA-N,O=c1[nH]cnc2cnn(Cc3nn(CCc4ccccc4)c(=O)o3)c12,0,1
ZOHYTOOFZMTKLL-JOCQHMNTSA-N,O=c1c2[nH]cnc2ncn1Cc1nn(C2CC(c3ccccc3)C2)c(=O)o1,0,0
ZPQGIOXLLCZONP-SFHVURJKSA-N,O=C(NCc1cc(-c2cccnc2)ncn1)C1CCN1S(=O)(=O)c1ccccc1,0,4
ZPWTWZBWZLSTLF-KBPBESRZSA-N,O=c1c2[nH]cnc2ncn1Cc1nc(C2CCC(c3ccccc3)C2)no1,0,2
ZPXMWXHOFAMXMI-FPOVZHCZSA-N,O=C(NCc1cc(-c2ccccn2)ccn1)C1CCCN1S(=O)(=O)c1ccccc1,0,3
ZPYIDLJKUISUIE-BEFAXECRSA-N,O=C(NCc1cc(-c2cccnc2)ncn1)C1CCCN1S(=O)(=O)c1ccccc1,0,0
ZPYQDEKCILEBNB-AWEZNQCLSA-N,O=C(Cn1cnc2[nH]c(=O)n(Cc3ccon3)c(=O)c21)Nc1cccc(-c2cccnc2)n1,0,1
ZQDXHKPYPKVBFP-DOMZBBRYSA-N,O=C(NCc1cc(-c2cccnc2)ncn1)C1CCCN1S(=O)(=O)c1cccs1,0,1
ZQPFWJOHVAEPBW-UHFFFAOYSA-N,O=C(Cc1ccnc2[nH]c(=O)[nH]c(=O)c12)Nc1nc(-c2ccccc2)cs1,0,2
ZROLHBHDLIHEMS-HUUCEWRRSA-N,C1=CC2c3ccccc3OCC2CC1,0,1
ZRVTVXBVIYQWKR-UHFFFAOYSA-N,O=c1c2cccnc2ncn1Cc1nc(C2Cc3ccccc3C2)no1,0,3
ZSBRAOYPHXSBBJ-GXTWGEPZSA-N,O=c1c2[nH]cnc2ncn1Cc1nc(C2COC(c3ccccc3)C2)no1,0,2
ZSDKCIXPAMDTMA-GCJKJVERSA-N,O=C(NCc1cc(-c2cncnc2)nc(-c2cncnc2)c1)C1CCCN1S(=O)(=O)c1ccccc1,0,3
ZSIJWXVPDONYJZ-NHPVSCMHSA-N,O=c1c2cccnc2ncn1Cc1nc(C2CC(c3ccccc3)C2)no1,0,2
ZTARYRCURIRMNQ-RUYXUALKSA-N,O=c1c2[nH]cnc2ncn1Cc1nc(C2C3CN(c4ccc(-c5cn[nH]c5)cc4)CC32)no1,0,4
ZUTUWJYMCADJHD-UHFFFAOYSA-N,O=C(Cn1cnc2[nH]c(=O)[nH]c(=O)c21)Nc1ccccc1,0,3
ZVRSTWIVTSZIGD-ZDUSSCGKSA-N,O=C(Cn1cnc2[nH]c(=O)n(Cc3ccon3)c(=O)c21)Nc1csc(-c2cccnc2)n1,0,2
ZVSPWYGMKXWYHG-UHFFFAOYSA-N,O=C(Cc1coc2[nH]c(=O)[nH]c(=O)c12)Nc1nc(-c2ccccc2)cs1,0,4
ZWTQJRZNKIYIOA-VIKVFOODSA-N,O=c1c2[nH]cnc2cnn1Cc1nc(C2C3CN(c4cccnc4)CC32)no1,0,3
ZXVAOQBQHVUZEJ-QFIPXVFZSA-N,O=C(NCc1cn(-c2ccccc2)c(=O)[nH]c1=O)C1CCCN1S(=O)(=O)c1cc2ccccc2o1,0,0
ZXWITAARDYYKLO-QRWLVFNGSA-N,O=C(NCc1cc(-c2cccnc2)ccn1)C1CCCN1S(=O)(=O)c1ccccc1,0,3
ZXZGHARNRVRJPP-MQMHXKEQSA-N,O=c1c2[nH]cnc2ncn1Cc1nn(C2CC(Oc3ccccc3)C2)c(=O)o1,0,2
ZYJXKCVDCJYPHV-FCRSSCQMSA-N,O=C(Cc1cnn(-c2cncnc2)c1)NC1CCC1[SH+]c1ccccc1,0,0
ZZJVCNLMLHLBLE-KXTWHKPSSA-N,O=c1c2[nH]cnc2ncn1Cc1nc(C2C3CN(c4cccc(-c5ccncc5)c4)CC32)no1,0,4
ZZJWYOJKUOWURA-FQEVSTJZSA-N,O=C(NCc1cn(-c2ccccn2)c(=O)[nH]c1=O)C1CCCN1S(=O)(=O)c1cc2ccccc2o1,0,4
ZZSYQYNHASLYPZ-FOLVSLTJSA-N,O=c1c2[nH]cnc2ncn1Cc1nc(C2C3CN(c4ccccc4)CC32)no1,0,0
AADNQPJZRQAMOD-OOHWJJMZSA-N,O=C(Cn1cnc2[nH]c(=O)[nH]c(=O)c21)Nc1csc(-c2ccc(N3CC4CC4C3)nc2)n1,1,0
AADPNBLFAHYYBS-VXGBXAGGSA-N,c1ccc(NC2CCCCC2)cc1,1,2
AAOJDMVYFBSKFT-UHFFFAOYSA-N,c1ccc(-c2cn3ccccc3n2)cc1,1,0
AARVTENEMZRJQO-VIZZQPHQSA-N,O=C(NCc1ccnc(-c2cncnc2)c1)C1CCCN1S(=O)(=O)c1ccccc1,1,3
AASDZFLETHTKKS-UHFFFAOYSA-N,O=C(Cn1ccc2[nH]c(=O)[nH]c(=O)c21)Nc1nc(-c2ccccc2)cs1,1,1
ABOASBRALGFDPQ-GJZGRUSLSA-N,O=c1c2[nH]cnc2ncn1Cc1nn(C2CCC(c3ccccc3)C2)c(=O)o1,1,2
ABQLUKILVQNPKZ-UHFFFAOYSA-N,O=C(Cn1cnc2[nH]c(=O)n(Cc3ccon3)c(=O)c21)Nc1ccccn1,1,4
ABYAAFDXQRWTJE-DOTOQJQBSA-N,O=c1c2cccc(=O)n2ccn1Cc1nc(C2COC(c3ccccc3)C2)no1,1,4
ADSGDRJGOSICMK-XJKSGUPXSA-N,O=c1c2cccc(=O)n2cnn1Cc1nc(C2COC(c3ccccc3)C2)no1,1,2
ADVULNQGSUGCCG-KXTWHKPSSA-N,O=c1c2[nH]cnc2ncn1Cc1nc(C2C3CN(c4cccc(-c5cccnc5)c4)CC32)no1,1,1
AFCFNPKLZQLKPK-APWZRJJASA-N,O=C(NCc1cnn(-c2ccccc2)c1)C1CCCN1S(=O)(=O)c1ccccc1,1,3
AGKMZNQCTOWDFF-ZDUSSCGKSA-N,O=C1NCCc2c1sc1ncn(Cc3nc(CCc4ccccc4)no3)c(=O)c21,1,1
AGPQIQSLJAQASS-GLJUWKHASA-N,O=c1c2[nH]cnc2ncn1Cc1nc(C2C3C=C(c4ccc5ncsc5c4)CC32)no1,1,1
AGXCNAPHYYLCHN-IBGZPJMESA-N,O=C(NCc1cn(-c2cccnc2)c(=O)[nH]c1=O)C1CCCN1S(=O)(=O)c1cc2cnccc2o1,1,3
AHHGHXFTQVZBPO-UHFFFAOYSA-N,c1ccc(Oc2nccc3ccccc23)cc1,1,1
AHJAJTHWNBFJBF-YCPHGPKFSA-N,O=c1c2[nH]cnc2ncn1Cc1nc(C2C3C=C(c4ccccc4)CC32)no1,1,3
AIAJJMJAXBVVRD-YABSGUDNSA-N,O=c1c2[nH]cnc2ncn1Cc1nc(C2C3CN(c4ccccn4)CC32)no1,1,1
AIWIRRGSGOLMQX-UHFFFAOYSA-N,O=c1c2ccncc2ncn1Cc1nn(CCc2ccccc2)c(=O)o1,1,4
AIXGIOZVDSOSEU-HWWDLCQESA-N,O=c1c2cccnc2ncn1Cc1nc(C2C3CN(c4ccccc4)CC32)no1,1,4
AJFUDTVIKFGQMS-UHFFFAOYSA-N,c1ccc(Oc2ncnc3[nH]ccc23)cc1,1,1
AJGIUAWWWVYNEY-ZDUSSCGKSA-N,O=C(Cn1cnc2[nH]c(=O)[nH]c(=O)c21)Nc1cccc(-c2cccnc2)n1,1,0
AKDLWVHAJCEAKD-ZDUSSCGKSA-N,O=C(Cn1cnc2[nH]c(=O)[nH]c(=O)c21)Nc1cccc(-c2cccnc2)n1,1,0
AKQMAZGMANPFFK-GOSISDBHSA-N,O=C(CNS(=O)(=O)c1ccccc1)NCC1CCCN(c2ccccc2)C1,1,3
AKQMAZGMANPFFK-SFHVURJKSA-N,O=C(CNS(=O)(=O)c1ccccc1)NCC1CCCN(c2ccccc2)C1,1,3
AKQMAZGMANPFFK-UHFFFAOYSA-N,O=C(CNS(=O)(=O)c1ccccc1)NCC1CCCN(c2ccccc2)C1,1,3
AKXYWNUSJTXEKI-NHAGDIPZSA-N,O=c1c2[nH]cnc2ncn1Cc1nc(C2C3CN(c4cccnc4)CC32)no1,1,4
AKZDACQLYHVVHF-WCQYABFASA-N,O=c1c2[nH]cnc2ncn1Cc1nc(C2COC(c3ccccc3)C2)no1,1,2
AKZZSBPAHSIOBC-XVDXERDNSA-N,O=c1c2[nH]cnc2ncn1Cc1nn(C2CC(c3ccccc3)C2)c(=O)o1,1,3
ALDVAWDTIJSMNO-ZDHWLGKOSA-N,c1ccccc1,1,1
ALEGZXFLOSZQFJ-OIPGSKEASA-N,c1ccccc1,1,1
ALPYZNHKWLPYPM-HDJSIYSDSA-N,O=c1c2[nH]cnc2ncn1Cc1nn(C2CC(c3ccccc3)C2)c(=O)o1,1,3
AMABIFVVCZYKIM-WCQYABFASA-N,O=c1c2[nH]nnc2ncn1Cc1nc(C2COC(c3ccccc3)C2)no1,1,1
AMMUKFMDWPZRHN-OOHWJJMZSA-N,O=C(Cn1cnc2[nH]c(=O)n(Cc3ncno3)c(=O)c21)Nc1cccc(-c2cnc(N3CC4CC4C3)nc2)n1,1,3
ANDQZSDRMVJBQS-UHFFFAOYSA-N,O=C(Cn1cnc2[nH]c(=O)n(Cc3ccon3)c(=O)c21)Nc1cccc(-c2cccnc2)n1,1,1
ANNUHVXNCFVLIP-GXTWGEPZSA-N,O=c1c2cncn2ncn1Cc1nc(C2COC(c3ccccc3)C2)no1,1,3
ANPQBLBZMKRGJT-UHFFFAOYSA-N,O=C(Cc1coc2[nH]c(=O)[nH]c(=O)c12)Nc1nc(-c2ccccc2)cs1,1,4
ANROYDNBUBEGHC-MQMHXKEQSA-N,O=c1c2cnoc2ncn1Cc1nn(C2CC(c3ccccc3)C2)c(=O)o1,1,1
ANSVBJGYIJAUDS-UHFFFAOYSA-N,O=C(Cn1ccc2[nH]c(=O)[nH]c(=O)c21)Nc1ccccc1,1,3
ANVHGHPKRCRGRV-UHFFFAOYSA-N,O=C(Cn1cnc2[nH]c(=O)[nH]c(=O)c21)Nc1cccc(-c2ccccc2)n1,1,4
AOHQOEYOFNJJNZ-XLIONFOSSA-N,O=C(NCc1cccc(-c2cncnc2)c1)C1CCCN1S(=O)(=O)c1ccccc1,1,1
AOZCJXPKMNJCQR-GGYDESQDSA-N,O=c1c2cccnc2ncn1Cc1nn(C2CC(c3ccccc3)C2)c(=O)o1,1,1
APBUNKVHHWMAAH-CHWSQXEVSA-N,c1ccc(NC2CCCCC2)cc1,1,2
APCBJCFILSRMRW-NQPRBDNZSA-N,c1ccccc1,1,1
APHAPQUZFADCCT-UHFFFAOYSA-N,c1ccc(Oc2ncnc3[nH]ccc23)cc1,1,1
APLQHKFABMHWHP-UHFFFAOYSA-N,O=C(NCSc1ccccc1)c1ccccc1,1,0
AQIGJCZBZXSONM-UHFFFAOYSA-N,O=C(Nc1ccccc1)c1cccs1,1,3
ARPWNFCYSNNAPW-UHFFFAOYSA-N,O=C(Cn1cnc2[nH]c(=O)n(Cc3ccccn3)c(=O)c21)Nc1cccc(-c2cncnc2)n1,1,2
ASHUQWDHMIZJFH-UHFFFAOYSA-N,O=C(Nc1cccc(NCc2ccccc2)c1)c1cccs1,1,0
ASRRTOJJNKDPOE-XLIONFOSSA-N,O=C(NCc1cccc(-c2cnccn2)c1)C1CCCN1S(=O)(=O)c1ccccc1,1,4
ATLHEWQHWGSHBX-AULYBMBSSA-N,O=c1c2[nH]cnc2ncn1Cc1nc(C2CC(Cc3ccccc3)C2)no1,1,0
AUHAKZCDXJXNIS-WCQYABFASA-N,O=c1c2[nH]cnc2ncn1Cc1nc(C2COC(c3ccccc3)C2)no1,1,2
AUNMQOCPGMEAST-ZFWWWQNUSA-N,O=C(Cn1cnc2[nH]c(=O)[nH]c(=O)c21)Nc1csc(-c2cnc(N3CCCC3)nc2)n1,1,1
AUVVPNQJMBEMDI-FOLVSLTJSA-N,O=c1c2[nH]cnc2ncn1Cc1nc(C2C3CN(c4ccccc4)CC32)no1,1,0
AVGRXCGZLZSSPC-UHFFFAOYSA-N,O=C(Cc1cccc2[nH]c(=O)[nH]c(=O)c12)Nc1nc(-c2ccc(C3CCCCC3)cc2)cs1,1,4
AVISJIJTLXTWET-LBPRGKRZSA-N,O=C(Cn1cnc2[nH]c(=O)n(Cc3ncon3)c(=O)c21)Nc1ccnc(-c2cccnc2)n1,1,1
AVMFNJJDFFARPS-IBGZPJMESA-N,O=C(NCc1cc(-c2cccnc2)ncn1)C1CCCN1S(=O)(=O)c1ccccc1,1,0
AVMYOZBHUDFCJI-AEFFLSMTSA-N,O=C(NCc1cccc(-c2cncs2)c1)C1CCCN1S(=O)(=O)c1ccccc1,1,3
AVZYAMPJJDVPDJ-UHFFFAOYSA-N,O=C1C2=C(NC(=S)NC2c2ccccc2)c2ccccc21,1,2
AWDCUIDEVZIBKR-UHFFFAOYSA-N,O=C(Cn1cnc2ccccc2c1=O)NCCc1ccccc1,1,4
AWJBWNUUODWOKQ-UHFFFAOYSA-N,O=c1c2[nH]cnc2ncn1Cc1nc(CCc2ccccc2)no1,1,3
AXFDPUXDIHEOAI-UHFFFAOYSA-N,O=C(Cn1cnc2[nH]c(=O)n(Cc3ccon3)c(=O)c21)Nc1cccc(N2CCCCC2)n1,1,4
AXIFMPBHMMMIKY-AULYBMBSSA-N,O=c1c2[nH]nnc2ncn1Cc1nn(C2CC(c3ccccc3)C2)c(=O)o1,1,0
AXPFEEJMCXUHQD-JTQLQIEISA-N,O=C(Cn1cnc2[nH]c(=O)[nH]c(=O)c21)Nc1cccc(-c2cncnc2)n1,1,0
AXRMPMIEMCXOTJ-VQFNDLOPSA-N,O=c1c2[nH]cnc2ncn1Cc1nc(C2C3CN(c4cccc(-c5ncco5)c4)CC32)no1,1,4
AXVJKWISWYSMEO-MOPGFXCFSA-N,O=C(NCc1cnn(-c2ccccc2)c1)C1CCC1S(=O)(=O)c1ccccc1,1,2
AXVJKWISWYSMEO-UHFFFAOYSA-N,O=C(NCc1cnn(-c2ccccc2)c1)C1CCC1S(=O)(=O)c1ccccc1,1,2
AXVWPJGJCGMVLQ-UHFFFAOYSA-N,O=c1c2cccnc2ncn1Cc1nnc(CCc2ccccc2)o1,1,0
AYPZAZPOYROADP-ZHACJKMWSA-N,C(=Cc1ccccc1)c1ccccc1,1,3
AZGCRXQGLDQGTA-KNQAVFIVSA-N,O=C(NCc1cccc(-c2ccccn2)c1)C1CCCN1S(=O)(=O)c1ccccc1,1,0
AZMMWBUQIXBLDU-UHFFFAOYSA-N,c1ccc(-c2ccc3[nH]ncc3c2)cc1,1,4
AZZRAZUXGHJAOV-WCQYABFASA-N,O=c1c2[nH]cnc2ncn1Cc1nc(C2COC(c3ccccc3)C2)no1,1,2
BAHAKPRBUNPURW-CMPLNLGQSA-N,c1cncc(CC2CCCCC2)c1,1,4
BANGFDNCERQQIE-CHWSQXEVSA-N,O=S(=O)(NC1CCCCC1)c1ccccc1,1,0
BAORHIGPTKNHRW-HBFSDRIKSA-N,O=c1c2[nH]cnc2ncn1Cc1nc(C2C3C=C(c4ccc5ccncc5c4)CC32)no1,1,1
BAORHIGPTKNHRW-NLWGTHIKSA-N,O=c1c2[nH]cnc2ncn1Cc1nc(C2C3C=C(c4ccc5ccncc5c4)CC32)no1,1,1
BAYFMGSXOKNAJZ-VXGBXAGGSA-N,c1ccc(OC2CCCCC2)cc1,1,3
BBCFRTHODCIVDP-VLIAUNLRSA-N,O=C(NCc1cc(-c2cccnc2)ncn1)C1CCCN1S(=O)(=O)c1ccccc1,1,0
BBCFRTHODCIVDP-XOBRGWDASA-N,O=C(NCc1cc(-c2cccnc2)ncn1)C1CCCN1S(=O)(=O)c1ccccc1,1,0
BBFDPQFELBFLCW-GXTWGEPZSA-N,O=c1c2[nH]cnc2ncn1Cc1nc(C2COC(c3ccc4ncsc4c3)C2)no1,1,1
BCKUYDODOWTDPH-XLIONFOSSA-N,O=C(NCc1cc(-c2cccnc2)ccn1)C1CCCN1S(=O)(=O)c1ccccc1,1,0
BCXNWQDMUUSORS-UHFFFAOYSA-N,c1ccc(-c2ccc3[nH]ncc3c2)cc1,1,4
BDMMXSHQKHUFKQ-GOSISDBHSA-N,O=C(c1cn2c(=O)n(Cc3ccccc3)c(=O)cc2s1)N1CCC(Oc2ccccc2)C1,1,3
BDMMXSHQKHUFKQ-SFHVURJKSA-N,O=C(c1cn2c(=O)n(Cc3ccccc3)c(=O)cc2s1)N1CCC(Oc2ccccc2)C1,1,3
BELXXIWFEWPMCV-UOIKSKOESA-N,O=c1c2cccnc2cnn1Cc1nc(C2C3CN(c4ccncc4)CC32)no1,1,2
BGJCZTPFRKSUHS-CMPLNLGQSA-N,O=c1c2scnc2ncn1Cc1nc(C2COC(c3ccccc3)C2)no1,1,1
BGQSZBPWPOXQTF-AWEZNQCLSA-N,O=C1C2=C(NC(=S)NC2c2ccccc2)c2ccccc21,1,2
BGQSZBPWPOXQTF-CQSZACIVSA-N,O=C1C2=C(NC(=S)NC2c2ccccc2)c2ccccc21,1,2
BGQSZBPWPOXQTF-UHFFFAOYSA-N,O=C1C2=C(NC(=S)NC2c2ccccc2)c2ccccc21,1,2
BGXHQWBKFTYLMO-UHFFFAOYSA-N,O=c1c2[nH]cnc2ncn1Cc1nn(CCc2ccccc2)c(=O)o1,1,2
BHLICBDDYVMRMM-UHFFFAOYSA-N,c1ccc(-c2ccc3[nH]ncc3c2)cc1,1,4
BITJIBOQHOBSEQ-PMACEKPBSA-N,O=C(NCc1cc(-c2cncnc2)ccn1)C1CCCN1S(=O)(=O)c1ccccc1,1,3
BIUMIQOEJSJTAM-QFIPXVFZSA-N,O=C(NCc1cc(-c2cccnc2)c[nH]c1=O)C1CCCN1S(=O)(=O)c1cc2ccccc2o1,1,4
BIWXFLAZRBTWMI-UHFFFAOYSA-N,c1ccc(-c2ccc3[nH]ncc3c2)cc1,1,4
BJGBIUYKSAKORC-FHERZECASA-N,O=C(Cn1cnc2[nH]c(=O)[nH]c(=O)c21)Nc1cncc(-c2cnc(N3CC4CC4C3)nc2)n1,1,1
BJNUBTRKMKILLA-DEOSSOPVSA-N,O=C(NCc1c[nH]c(=O)c(-c2ccccc2)c1)C1CCCN1S(=O)(=O)c1cc2ccccc2o1,1,2
BJZUYRRKPINCLY-UHFFFAOYSA-N,O=C(Nc1ccccc1)c1cccnc1,1,4
BKBDSVDSSWOBTQ-GXTWGEPZSA-N,O=c1c2[nH]cnc2ncn1Cc1nc(C2COC(c3ccccc3)C2)no1,1,2
BKDSPECIAKYFPT-XJKSGUPXSA-N,O=c1c2ccncc2ncn1Cc1nc(C2COC(c3ccccc3)C2)no1,1,2
BKTFMVDMGYGHGU-UHFFFAOYSA-N,O=C(NCc1cc(-c2cccnc2)ncn1)C1C2CCC(C2)N1S(=O)(=O)c1ccccc1,1,4
BLKRXSROXNOPPY-GGYDESQDSA-N,O=c1c2cccnc2ncn1Cc1nn(C2CC(c3ccccc3)C2)c(=O)o1,1,1
BMJPYMNIGZKPLS-LBPRGKRZSA-N,O=c1c2ccsc2ncn1Cc1nnn(CCc2cc3ccccc3o2)n1,1,1
BMPXPBSETVIDSP-UHFFFAOYSA-N,c1ccc(-c2ccc3[nH]ncc3c2)cc1,1,4
BOBRNSMQJNURJX-JEYLPNPQSA-N,O=C(Cn1cnc2[nH]c(=O)[nH]c(=O)c21)Nc1csc(-c2cnc(N3CC4CC4C3)nc2)n1,1,4
BOBUEKYDHRZMRK-UHFFFAOYSA-N,O=C1C2=C(NC(=S)NC2c2ccccc2)c2ccccc21,1,2
BONDEBJDVZGSIK-UHFFFAOYSA-N,O=C(Cn1cnc2[nH]c(=O)n(Cc3ccon3)c(=O)c21)Nc1cccc(N2CCCCC2)n1,1,4
BOXFETBEAMXCQH-DZGCQCFKSA-N,O=c1c2cncn2ncn1Cc1nc(C2COC(c3ccccc3)C2)no1,1,3
BPCZABOCGVZEBN-ZDUSSCGKSA-N,O=C(Cn1cnc2[nH]c(=O)n(Cc3ccon3)c(=O)c21)Nc1cncc(-c2cccnc2)n1,1,2
BPKDWFGRTCABEJ-FQEVSTJZSA-N,O=C(CNS(=O)(=O)c1ccccc1)NCC1CN(c2ccccc2)CCO1,1,2
BPKDWFGRTCABEJ-HXUWFJFHSA-N,O=C(CNS(=O)(=O)c1ccccc1)NCC1CN(c2ccccc2)CCO1,1,2
BPKDWFGRTCABEJ-UHFFFAOYSA-N,O=C(CNS(=O)(=O)c1ccccc1)NCC1CN(c2ccccc2)CCO1,1,2
BPLFISJMISZSMT-GXTWGEPZSA-N,O=c1[nH]c(=O)c2c(ncn2Cc2nc(C3COC(c4ccccc4)C3)no2)[nH]1,1,2
BPSURRHXFTVNPC-AWEZNQCLSA-N,O=C(Cn1cnc2[nH]c(=O)[nH]c(=O)c21)Nc1csc(-c2cncnc2)n1,1,3
BPWDLGXLIXBTPG-GXTWGEPZSA-N,O=c1c2cncn2ncn1Cc1nc(C2COC(c3ccccc3)C2)no1,1,3
BRBMIYHOFADQNK-RYRKJORJSA-N,O=c1c2[nH]cnc2ncn1Cc1nc(C2C3C=C(c4ccccc4)CC32)no1,1,3
BRNFYDHNQCOLDA-DEOSSOPVSA-N,O=C(NCc1cc(-c2ccccc2)c[nH]c1=O)C1CCCN1S(=O)(=O)c1cc2ccccc2o1,1,0
BSJPLCMGLSAERZ-APWZRJJASA-N,O=C(NCc1cc(-c2cncnc2)ccn1)C1CCCN1S(=O)(=O)c1ccccc1,1,3
BSXZECKVHWDHMU-UHFFFAOYSA-N,O=c1c2[nH]cnc2ncn1Cc1nn(CCc2ccccc2)c(=O)o1,1,2
BTGRJSKXOVCJGC-VIZZQPHQSA-N,O=C(NCc1cc(-c2cccnc2)ncn1)C1CCCN1S(=O)(=O)c1ccccc1,1,0
BTNUNVLIPAOCMM-LAQFHYBYSA-N,O=c1c2[nH]cnc2ncn1Cc1nc(C2C3CN(c4ccc5ocnc5c4)CC32)no1,1,1
BUIYVEPGAGPGLB-CTYIDZIISA-N,O=c1c2[nH]cnc2ncn1Cc1nc(C2CC(Oc3ccccc3)C2)no1,1,1
BUMGTYYOOSBBHW-UHFFFAOYSA-N,c1ccc(Oc2nccc3ccccc23)cc1,1,1
BUQGXZUGSBDOIZ-QFIPXVFZSA-N,O=C(NCc1cn(-c2ccccc2)c(=O)[nH]c1=O)C1CCCN1S(=O)(=O)c1cc2ccccc2o1,1,3
BUYFCKGCSXZWDP-MNZLEMJZSA-N,O=c1c2cccnc2ncn1Cc1nc(C2C3CN(c4ccccc4)CC32)no1,1,4
BUZFDVGJMBLEGQ-UHFFFAOYSA-N,c1ccc(CC2CCCCC2)cc1,1,1
BVMBHIKCHPFTIX-HDJSIYSDSA-N,O=c1c2[nH]cnc2ncn1Cc1nn(C2CC(c3ccccc3)C2)c(=O)o1,1,3
BWJKJXASLSRQNM-HDJSIYSDSA-N,O=c1c2cccnc2ncn1Cc1nc(C2CC(c3ccccc3)C2)no1,1,1
BWTWYFLHUIVVNP-WMLDXEAASA-N,O=c1c2cccnc2cnn1Cc1nc(C2COC(c3ccccc3)C2)no1,1,3
BXAPLRVODFEIFT-AWEZNQCLSA-N,O=C1NCCc2c1sc1ncn(Cc3nnn(CCc4ccccc4)n3)c(=O)c21,1,3
BXVDTIPLGIPGFG-WCQYABFASA-N,O=c1[nH]c2nc[nH]c2c(=O)n1Cc1nc(C2COC(c3ccccc3)C2)no1,1,4
BXWRYHWVMJYQDS-ZDUSSCGKSA-N,O=C1NCCc2c1sc1ncn(Cc3nnn(CCc4ccccc4)n3)c(=O)c21,1,3
BZFAADKUMJMAMD-QFIPXVFZSA-N,O=C(NCc1cn(-c2ccccc2)c(=O)[nH]c1=O)C1CCCN1S(=O)(=O)c1cc2ccccc2o1,1,3
BZTMKWCWKFEAKS-UHFFFAOYSA-N,c1ccc(-c2cc3cn[nH]c3cc2OCC2CC2)cc1,1,2
CANXPAGDHYDXAS-IYARVYRRSA-N,O=c1c2[nH]cnc2ncn1Cc1nn(C2CC(c3ccc4ccccc4c3)C2)c(=O)o1,1,2
CAURCPOFUZVLHO-FRQCXROJSA-N,O=c1c2[nH]cnc2ncn1Cc1nc(C2C3C=C(c4ccc5[nH]ncc5c4)CC32)no1,1,1
CBEQYPJASLPYCV-SVIJTADQSA-N,O=C(NCc1cc(-c2cncnc2)ccn1)C1CCCN1S(=O)(=O)c1ccccc1,1,3
CBSZTXHMDYXAMD-UHFFFAOYSA-N,O=C1C2=C(NC(=S)NC2c2ccccn2)c2ccccc21,1,4
CBZINAVQQWCRAE-ZDUSSCGKSA-N,O=c1c2ccsc2ncn1Cc1nc(CCc2ccccc2)no1,1,4
CCDZVVJMCCIMJK-NRFANRHFSA-N,O=C(NCc1cn(-c2ccccc2)c(=O)[nH]c1=O)C1CCCN1S(=O)(=O)c1cc2ccccc2o1,1,3
CCKDABRNCXXPNF-VXGBXAGGSA-N,c1ccc(NC2CCCCC2)cc1,1,2
CCUITVGIDVPEJI-UHFFFAOYSA-N,O=C(Cc1csc2[nH]c(=O)[nH]c(=O)c12)Nc1nc(-c2ccccc2)cs1,1,3
CCUWLJJJTXPUCI-HIFPTAJRSA-N,O=C(Cn1cnc2[nH]c(=O)[nH]c(=O)c21)Nc1csc(-c2cnc(N3CC4CC4C3)nc2)n1,1,4
CDIBRYDRWDNHKR-OFNKIYASSA-N,O=C(NCc1cccc(-c2ccccc2)c1)C1CCCN1S(=O)(=O)c1ccccc1,1,4
CDLPZSXOJZPUNZ-JOCHJYFZSA-N,O=C(NCc1cc(-c2cccnc2)ncn1)C1CCCN1S(=O)(=O)c1ccccc1,1,0
CEDDKVSCQBMJRG-UHFFFAOYSA-N,O=C(Cc1cccc2[nH]c(=O)[nH]c(=O)c12)Nc1ccn(-c2ccccc2)n1,1,2
CEHXVBLLORENHV-LAQFHYBYSA-N,O=c1c2[nH]cnc2ncn1Cc1nc(C2C3CN(c4ccc5ncsc5c4)CC32)no1,1,4
CENSBZQZRLLDCL-JOCQHMNTSA-N,O=c1c2[nH]cnc2ncn1Cc1nc(C2CC(c3ccccc3)C2)no1,1,4
CEOUAXRSPKQSPT-LBPRGKRZSA-N,O=C(Cn1cnc2[nH]c(=O)n(Cc3ncno3)c(=O)c21)Nc1ccnc(-c2cccnc2)n1,1,3
CERUYKDYVULSDG-SJORKVTESA-N,O=C(NCc1cnn(-c2cccnc2)c1)C1CCC1S(=O)(=O)c1ccccc1,1,2
CERUYKDYVULSDG-UHFFFAOYSA-N,O=C(NCc1cnn(-c2cccnc2)c1)C1CCC1S(=O)(=O)c1ccccc1,1,2
CGKGVIMZSQQQKI-MNZLEMJZSA-N,O=c1c2[nH]cnc2ncn1Cc1nc(C2C3CN(c4cc5ccccc5cn4)CC32)no1,1,0
CHJNLJDLILUZCU-WMLDXEAASA-N,O=c1c2ccncc2ncn1Cc1nc(C2COC(c3ccccc3)C2)no1,1,2
CHTXUMBCIKLCKW-GXTWGEPZSA-N,O=c1c2cn[nH]c2ncn1Cc1nc(C2COC(c3ccccc3)C2)no1,1,2
CIACKZWBHIJWSD-UHFFFAOYSA-N,c1ccc(-c2cc3cn[nH]c3cc2C2CC2)cc1,1,2
CIKWLRYNURTNGX-AWEZNQCLSA-N,O=C(Cn1cnc2[nH]c(=O)n(Cc3ccon3)c(=O)c21)Nc1cncc(-c2cccnc2)n1,1,2
CISHPMUQLTYQDL-UHFFFAOYSA-N,c1ccc(-c2ccc3[nH]ncc3c2)cc1,1,4
CIYDGMDZVSRZAF-RRFJBIMHSA-N,O=c1c2[nH]cnc2ncn1Cc1nn(C2CCC(c3ccccc3)C2)c(=O)o1,1,2
CJIFGBJDSODVOU-JTQLQIEISA-N,O=C(Cn1cnc2[nH]c(=O)[nH]c(=O)c21)Nc1csc(-c2ccccc2)n1,1,3
CKQMTXLABQTGQB-DHZHZOJOSA-N,O=C(C=Cc1ccccc1)Nc1ccccc1,1,2
CLALAOKNVZYDNB-HALDLXJZSA-N,O=c1c2[nH]cnc2ncn1Cc1nc(C2C3CN(c4ccccc4)CC32)no1,1,0
CLCRTUFFZNMHLS-LBPRGKRZSA-N,O=c1c2ccsc2ncn1Cc1nnn(CCc2cc3ccccc3o2)n1,1,1
CLDTYDWCLGHBRJ-UHFFFAOYSA-N,c1ccc(Nc2n[nH]c3ccccc23)cc1,1,4
CLZKMFVTJPNWFB-VQFNDLOPSA-N,O=c1c2cccnc2ncn1Cc1nc(C2C3CN(c4ccccc4)CC32)no1,1,4
CMKRUJONJACVHU-JOCHJYFZSA-N,O=C(NCc1cc(-c2cccnc2)ncn1)C1CCCN1S(=O)(=O)c1ccccc1,1,0
CMMHGQMDAWNUJF-NNUKFRKNSA-N,O=c1c2cccnc2ncn1Cc1nc(C2CC(Oc3ccccc3)C2)no1,1,3
CMPQQCSDOGJLLR-JOCHJYFZSA-N,O=C(NCc1cc(-c2cccnc2)ncn1)C1CCCN1S(=O)(=O)c1ccccc1,1,0
CMQWFYBXZLEOMA-FQEVSTJZSA-N,O=C(NCc1cc(-c2cccnc2)ncn1)C1CCCN1S(=O)(=O)c1ccccc1,1,0
CNBMUGGIAWLNKG-SHTZXODSSA-N,O=c1c2cccnc2ncn1Cc1nc(C2CC(c3ccccc3)C2)no1,1,1
CNMIUCDUEVFNKU-QHCPKHFHSA-N,O=C(NCc1cn(-c2ccccc2)c(=O)[nH]c1=O)C1CCCN1S(=O)(=O)c1cc2ccccc2o1,1,3
CNXACZHZGCZDBO-UHFFFAOYSA-N,O=c1c2[nH]cnc2ncn1Cc1nn(CCc2ccccc2)c(=O)o1,1,2
CNYDIRYGXDXINR-GCJKJVERSA-N,O=C(NCc1cccc(-c2ccccn2)c1)C1CCCN1S(=O)(=O)c1ccccc1,1,0
COEDYLGJVZYSIH-JTQLQIEISA-N,O=C(Cn1cnc2[nH]c(=O)[nH]c(=O)c21)Nc1csc(-c2cccnc2)n1,1,1
COUSNIYNXWRIMA-WQGACYEGSA-N,O=c1c2[nH]cnc2ncn1Cc1nc(C2C3C=C(c4ccccc4)CC32)no1,1,3
COWHGJLKSFLNRB-QLPKVWCKSA-N,O=c1c2[nH]cnc2ncn1Cc1nc(C2C3CN(c4ccccc4)CC32)no1,1,0
COWJGGFKTKTZOT-XJKSGUPXSA-N,O=c1c2[nH]cnc2ccn1Cc1nc(C2COC(c3ccccc3)C2)no1,1,4
CPOOXCQPULFHNM-YABSGUDNSA-N,O=c1c2[nH]nnc2ncn1Cc1nc(C2C3CN(c4ccccn4)CC32)no1,1,3
CPVYDKXZLWVTEE-GXFFZTMASA-N,O=c1c2ccnn2ncn1Cc1nc(C2COC(c3ccccc3)C2)no1,1,2
CQGSBWGNKKNJCP-RYRKJORJSA-N,O=c1c2[nH]cnc2ncn1Cc1nc(C2C3C=C(c4ccccc4)CC32)no1,1,3
CQQRVWPXVJWBRU-UHFFFAOYSA-N,O=c1c2[nH]cnc2ncn1Cc1noc(CCc2ccccc2)n1,1,3
CRANEYHZXMLJBS-SWLSCSKDSA-N,O=c1c2[nH]cnc2cnn1Cc1nc(C2COC(c3ccccc3)C2)no1,1,2
CRMCPZOEWQJMFS-LBPRGKRZSA-N,O=c1c2[nH]cnc2ncn1Cc1nn(CCc2ccccc2)c(=O)o1,1,2
CRVXZKHWEUVJFA-ZDUSSCGKSA-N,O=c1c2ccoc2ncn1Cc1nnn(CCc2ccccc2)n1,1,0
CSKJIIXTWHNKSV-UHFFFAOYSA-N,O=C(Nc1ccccc1)c1ccccc1,1,1
CSUMASYLFZPZKR-VFNWGFHPSA-N,O=C(NCc1cc(-c2ccccc2)ncn1)C1CCCN1S(=O)(=O)c1ccccc1,1,4
CSWZSXQZBCOVSJ-FQEVSTJZSA-N,O=C(Cn1cnc2[nH]c(=O)n(Cc3ccccn3)c(=O)c21)Nc1cccc(-c2cnc(N3CCCC3)nc2)n1,1,4
CTVDAKKIBPDSKS-HNNXBMFYSA-N,O=C(Cn1cnc2[nH]c(=O)n(Cc3ccon3)c(=O)c21)Nc1cccc(-c2cccnc2)n1,1,1
CUODMWHGYJSPRF-XJKSGUPXSA-N,O=c1c2cccnc2ncn1Cc1nc(C2COC(c3ccccc3)C2)no1,1,2
CUXROWBZAXBRIM-UHFFFAOYSA-N,O=C(CNS(=O)(=O)c1ccccc1)NCc1cccc(C2CC2)c1,1,0
CVQHMRPOOCQEKI-OOHWJJMZSA-N,O=C(Cn1cnc2[nH]c(=O)[nH]c(=O)c21)Nc1csc(-c2ccc(N3CC4CC4C3)nc2)n1,1,0
CWCODCHAQNOYLW-QFIPXVFZSA-N,O=C(NCc1cn(-c2ccccc2)c(=O)[nH]c1=O)C1CCCN1S(=O)(=O)c1cc2ccccc2o1,1,3
CXKWWEBSUNFLIN-UTKZUKDTSA-N,O=C(NCc1cc(-c2ccccc2)ncn1)C1CCCN1S(=O)(=O)c1ccccc1,1,4
CXQKCYMIGNQZOZ-UHFFFAOYSA-N,O=c1[nH]cnc2cnn(Cc3nc(CCc4ccccc4)no3)c12,1,4
CYNMROYWBACHTQ-XLIONFOSSA-N,O=C(NCc1cccc(-n2cccn2)c1)C1CCCN1S(=O)(=O)c1ccccc1,1,4
CYQZMMUPORHDSC-MRXNPFEDSA-N,O=S(=O)(c1ccccc1)N1CCCC1c1ccccc1,1,0
CYWFSLKYTRCPPA-MQMHXKEQSA-N,O=c1c2[nH]cnc2ncn1Cc1nn(C2CC(c3ccccc3)C2)c(=O)o1,1,3
CZLHDEMBLZTFGA-UMYLGFLZSA-N,c1ccsc1,1,1
CZSWXNBPJXPCFZ-GGYDESQDSA-N,O=c1c2cccnc2ncn1Cc1nn(C2CC(c3ccccc3)C2)c(=O)o1,1,1
CZWUSKMGGLHRBH-AWEZNQCLSA-N,O=C(Cn1cnc2[nH]c(=O)[nH]c(=O)c21)Nc1cccc(-c2cccnc2)n1,1,0
DBXCRZFXGYPTQJ-WCQYABFASA-N,O=c1c2[nH]cnc2nnn1Cc1nc(C2COC(c3ccccc3)C2)no1,1,0
DBZDCJRBMOZLQI-FUHWJXTLSA-N,O=S(=O)(c1ccccc1)N1CCCC1c1ccccc1,1,0
DCHZOOHTNLONBI-CMPLNLGQSA-N,O=c1c2[nH]nnc2ncn1Cc1nc(C2COC(c3ccccc3)C2)no1,1,1
DCIRNJZMAVZAQG-OOHWJJMZSA-N,O=C(Cn1cnc2[nH]c(=O)[nH]c(=O)c21)Nc1cccc(-c2cnc(N3CC4CC4C3)cn2)n1,1,2
DCVSFXIYOAFCQQ-ZHRRBRCNSA-N,O=C(NCc1cnn(-c2cccnc2)c1)C1CCCN1S(=O)(=O)c1ccccc1,1,1
DDBRUPZDWAODIC-AEFFLSMTSA-N,O=C(NCc1cncc(-c2cncnc2)c1)C1CCCN1S(=O)(=O)c1ccccc1,1,0
DDCBCYZFOVRVBY-UHFFFAOYSA-N,O=C(Cc1coc2[nH]c(=O)[nH]c(=O)c12)Nc1nc(-c2ccccc2)cs1,1,4
DEEKSQRKTYEQAN-QWHZDKJVSA-N,O=c1c2cccnc2ncn1Cc1nc(C2C3CN(c4ccc5ncsc5c4)CC32)no1,1,1
DEGUDXJXTJSIFF-GOSISDBHSA-N,c1ccc(CCN2CCCCC2)cc1,1,2
DEGUDXJXTJSIFF-SFHVURJKSA-N,c1ccc(CCN2CCCCC2)cc1,1,2
DEMKZLAVQYISIA-ZRWXNEIDSA-N,O=C1CC(c2ccc(OC3CCCCO3)cc2)Oc2ccccc21,1,2
DEOVWIPKRDTVPC-GTPINHCMSA-N,O=C(Cn1cnc2[nH]c(=O)[nH]c(=O)c21)Nc1cccc(-c2cnc(N3CC4CC4C3)cn2)n1,1,2
DEQOZQHMWLHJLS-UWVAXJGDSA-N,O=c1c2[nH]cnc2ncn1Cc1nc(C2C3C=C(c4ccccc4)CC32)no1,1,3
DFRRLTYRSAJCPA-UHFFFAOYSA-N,c1ccccc1,1,1
DGUJPXZEBMKLMM-LBPRGKRZSA-N,O=c1c2ccoc2ncn1Cc1nnn(CCc2cc3ccccc3o2)n1,1,4
DHGRAFMYKRWRSJ-VYDXJSESSA-N,O=c1c2[nH]cnc2ncn1Cc1nc(C2C3C=C(c4ccccc4)CC32)no1,1,3
DHGRAFMYKRWRSJ-ZMSDIMECSA-N,O=c1c2[nH]cnc2ncn1Cc1nc(C2C3C=C(c4ccccc4)CC32)no1,1,3
DHGUOHDVYXFMFQ-IYARVYRRSA-N,O=c1c2cccnc2ncn1Cc1nn(C2CC(c3ccc4ncccc4c3)C2)c(=O)o1,1,1
DIAYDLRDYDEHDA-XJKSGUPXSA-N,O=c1ccc2ncn(Cc3nc(C4COC(c5ccccc5)C4)no3)c(=O)c2[nH]1,1,3
DIIQAMTUZXBVMZ-BTYIYWSLSA-N,O=C(NCc1cnn(-c2ccccc2)c1)C1CCCN1S(=O)(=O)c1ccccc1,1,3
DIRMTWBVAUKNIW-UHFFFAOYSA-N,O=C(Cn1cnc2[nH]c(=O)n(Cc3ncon3)c(=O)c21)Nc1csc(-c2cccnc2)n1,1,2
DJDKJQHFJXTIKP-UHFFFAOYSA-N,O=C(Cc1coc2[nH]c(=O)[nH]c(=O)c12)Nc1nc(-c2ccccc2)cs1,1,4
DJJSNCWPZMUIPG-UHFFFAOYSA-N,c1ccc(CC2CCCCC2)cc1,1,1
DJYLSUHLHQFDOE-UHFFFAOYSA-N,c1ccc(Oc2nccc3ccccc23)cc1,1,1
DKBGJIILYWWMRH-UHFFFAOYSA-N,c1ccc(Oc2ncnc3ccccc23)cc1,1,2
DKIMBNVMKUFBST-WMLDXEAASA-N,O=S(=O)(c1ccccc1)N1CCCC1c1ccccc1,1,0
DKKPQUFSNQFNET-UHFFFAOYSA-N,O=C(CNC(=O)c1ccccc1)c1ccccc1,1,2
DKSDOKBELUNFIE-BJHJDKERSA-N,O=c1c2[nH]cnc2ncn1Cc1nc(C2CC(Cc3ccccc3)C2)no1,1,0
DKUIXNVMCXZCKN-UHFFFAOYSA-N,O=C(Cn1cnc2[nH]c(=O)n(Cc3ccccn3)c(=O)c21)Nc1cccc(-c2ccccc2)n1,1,2
DLPWZGVQCLYDHO-UHFFFAOYSA-N,O=C(Cn1cnc2[nH]c(=O)n(Cc3ccon3)c(=O)c21)Nc1cccc(N2CC3CC3C2)n1,1,4
DLXGKTWQOPDGDA-KWUMSVIQSA-N,O=c1c2cccnc2ncn1Cc1nc(C2CC(c3ccccc3)C2)no1,1,1
DMBRCJACORWWAQ-DEOSSOPVSA-N,O=C(NCc1cc(-c2ccccc2)c[nH]c1=O)C1CCCN1S(=O)(=O)c1cc2ccccc2o1,1,0
DMLDAUYAJBPNMF-VLIAUNLRSA-N,O=C(NCc1cc(-c2cccnc2)ccn1)C1CCCN1S(=O)(=O)c1ccccc1,1,0
DMVJOYDROMTHSO-NRFANRHFSA-N,O=C(NCc1cn(-c2ccccc2)c(=O)[nH]c1=O)C1CCCN1S(=O)(=O)c1cc2ccccc2o1,1,3
DMXZZBZXDMPWMC-VKTMSVCMSA-N,c1ccncc1,1,4
DNGBHFGCHWZAEK-JOCQHMNTSA-N,O=c1c2[nH]cnc2ncn1Cc1nc(C2CC(c3ccccc3)C2)no1,1,4
DNTIPHKVCXUYRM-UHFFFAOYSA-N,O=C(NCSc1ccccc1)c1ccccc1,1,0
DNUUOBAPXDXADD-HYEYJGRESA-N,O=c1c2[nH]cnc2ncn1Cc1nc(C2C3CN(c4ccccc4)CC32)no1,1,0
DOAZWVGOKGVJJR-FOLVSLTJSA-N,O=c1c2[nH]cnc2ncn1Cc1nc(C2C3CN(c4ccccc4)CC32)no1,1,0
DOBJBFNRWRRVBT-FHERZECASA-N,O=C(Cn1cnc2[nH]c(=O)[nH]c(=O)c21)Nc1cncc(-c2cnc(N3CC4CC4C3)nc2)n1,1,1
DOCJPRPOCLIJRE-YJYMSZOUSA-N,O=C(NCc1cc(-c2cnccn2)ccn1)C1CCCN1S(=O)(=O)c1ccccc1,1,1
DPAOKPJHCRBSPQ-UHFFFAOYSA-N,O=C(CNS(=O)(=O)c1ccccc1)NCc1cccc(N2CCCC2)c1,1,2
DPIVYZZBFLLVQT-UHFFFAOYSA-N,O=C1C2=C(NC(=S)NC2c2ccccc2)c2ccccc21,1,2
DPYKKSMHTFGSEZ-OOHWJJMZSA-N,O=C(Cn1cnc2[nH]c(=O)[nH]c(=O)c21)Nc1csc(-c2ccc(N3CC4CC4C3)nc2)n1,1,0
DQMKDVUGJCOEFB-DZFIZOCASA-N,O=c1c2[nH]cnc2ncn1Cc1nc(C2C3CN(c4ccc5ccncc5c4)CC32)no1,1,0
DRBIJLJBIZNBSI-OAHLLOKOSA-N,O=C1C2=C(NC(=S)NC2c2ccccc2)c2ccccc21,1,2
DRBIJLJBIZNBSI-UHFFFAOYSA-N,O=C1C2=C(NC(=S)NC2c2ccccc2)c2ccccc21,1,2
DRMGHQKJRKRAAE-UHFFFAOYSA-N,O=C(NCC(Cc1ccccc1)N1CCCCC1)C1(c2ccccc2)CCCC1,1,3
DTFHZFACWKUJPZ-JOCQHMNTSA-N,O=C(c1ccccc1)C1CC(c2noc(Cn3cnc4nc[nH]c4c3=O)n2)C1,1,2
DTPJIPPQGPABTK-LBPRGKRZSA-N,O=c1c2ccsc2ncn1Cc1nnn(CCc2ccccc2)n1,1,2
DTVXBNDIMDRBBV-GOSISDBHSA-N,O=C1C2=C(NC(=S)NC2c2ccccc2)c2ccccc21,1,2
DTVXBNDIMDRBBV-UHFFFAOYSA-N,O=C1C2=C(NC(=S)NC2c2ccccc2)c2ccccc21,1,2
DTXASEKLDRHEQO-UHFFFAOYSA-N,O=C(Cn1ccc2[nH]c(=O)[nH]c(=O)c21)Nc1nc(-c2ccccc2)cs1,1,1
DUAGJPVKZYTJQM-LBPRGKRZSA-N,O=C(Cn1cnc2[nH]c(=O)[nH]c(=O)c21)Nc1csc(-c2cccnc2)n1,1,1
DUDGVTZIXWMUJM-OOHWJJMZSA-N,O=C(Cn1cnc2[nH]c(=O)[nH]c(=O)c21)Nc1cccc(-c2ccc(N3CC4CC4C3)nc2)n1,1,2
DUKDOQAYUAMVIA-QJLMEOIESA-N,O=C(NCc1cc(C2CCCCC2)ncn1)C1CCCN1S(=O)(=O)c1ccccc1,1,0
DUKDOQAYUAMVIA-SZUSHISOSA-N,O=C(NCc1cc(C2CCCCC2)ncn1)C1CCCN1S(=O)(=O)c1ccccc1,1,0
DVSUUDQPYLXSED-IPVJXJPOSA-N,O=c1c2cccnc2ncn1Cc1nc(C2CC(c3ccccc3)C2)no1,1,1
DWAWIOKCMZJXGY-ZWKOTPCHSA-N,O=c1c2[nH]cnc2ncn1Cc1nc(C2COC(c3ccc4ccccc4c3)C2)no1,1,2
DWKWEXOFAGHGPU-PKOBYXMFSA-N,O=c1c2cnc(N3CCNCC3)n2ncn1Cc1nc(C2COC(c3ccccc3)C2)no1,1,2
DWKWGYFSYUEEDC-MXVIHJGJSA-N,O=c1c2cccnc2ncn1Cc1nc(C2CC(c3ccc4ccccc4c3)C2)no1,1,4
DWZFXFKEACEOBD-UHFFFAOYSA-N,O=C(Nc1ccccc1)c1ccccc1,1,1
DXPDEFAQERXWLM-QHCPKHFHSA-N,O=C(NCc1c[nH]c(=O)c(-c2ccccn2)c1)C1CCCN1S(=O)(=O)c1cc2ccccc2o1,1,4
DXPVSKMQMRRVIF-HSBZDZAISA-N,O=C(Cn1cnc2[nH]c(=O)[nH]c(=O)c21)Nc1csc(-c2cnc(N3CC4CC4C3)nc2)n1,1,4
DXWIIDPZTZPYBU-SMDDNHRTSA-N,O=C(NCc1nc(C2COC(c3ccccc3)C2)no1)c1cnn[nH]1,1,3
DZCRSQJSUHVSNU-AWEZNQCLSA-N,O=C(Cn1cnc2[nH]c(=O)n(Cc3ccccn3)c(=O)c21)Nc1cccc(-c2cncnc2)n1,1,2
DZQZOUCQQZZXDZ-QLPKVWCKSA-N,O=c1c2[nH]cnc2ncn1Cc1nc(C2C3CN(c4ccccc4)CC32)no1,1,0
DZUUKSOAPLTGHW-UHFFFAOYSA-N,O=C1C2=C(NC(=S)NC2c2cccc(OCc3cccnc3)c2)c2ccccc21,1,2
DZWTVPLPFLUECS-UHFFFAOYSA-N,O=C(CNS(=O)(=O)c1ccccc1)NCc1cc(N2CCCCC2)ncn1,1,3
DZZBEGYUYXZHDF-HKUYNNGSSA-N,O=C(NCc1ccnc(-c2cncnc2)c1)C1CCCN1S(=O)(=O)c1ccccc1,1,3
FATUHOJCYPAYKH-UHFFFAOYSA-N,O=C(Cc1coc2[nH]c(=O)[nH]c(=O)c12)Nc1nc(-c2ccccc2)cs1,1,4
FBSZSRPGDWDHLD-UHFFFAOYSA-N,O=C(Cn1cnc2[nH]c(=O)[nH]c(=O)c21)Nc1csc(-c2cccnc2)n1,1,1
FCFCSZPQFJTENQ-MQMHXKEQSA-N,O=c1c2[nH]cnc2ncn1Cc1nn(C2CC(c3ccccc3)C2)c(=O)o1,1,3
FCMUQGQOHDDBSQ-SUMWQHHRSA-N,O=c1c2c(ncn1Cc1nc(C3COC(c4ccccc4)C3)no1)CNCC2,1,3
FCOSPAMFCZKOMI-AWEZNQCLSA-N,O=C1NCCc2c1sc1ncn(Cc3nnn(CCc4ccccc4)n3)c(=O)c21,1,3
FCSBJUCLEMSROM-BEFAXECRSA-N,O=C(NCc1cc(-c2cnccn2)ccn1)C1CCCN1S(=O)(=O)c1ccccc1,1,1
FEDQIVSBCTYUSF-BUTPEJBISA-N,O=C1C2C=CN=CC2N=CN1Cc1nc(C2COC(c3ccccc3)C2)no1,1,2
FELFYFLOCBXASZ-UHFFFAOYSA-N,O=c1c2[nH]cnc2ncn1Cc1nc(CCc2ccccc2)no1,1,3
FFKHUSNRDZTBEK-UHFFFAOYSA-N,c1ccc2[nH]c(-c3n[nH]c4cccnc34)cc2c1,1,3
FFLBKZQHVGBNKP-UHFFFAOYSA-N,O=C(Cc1coc2[nH]c(=O)[nH]c(=O)c12)Nc1nc(-c2ccccc2)cs1,1,4
FGQHVSVCWJXATK-UHFFFAOYSA-N,c1ccc(-c2n[nH]c3ccccc23)cc1,1,3
FHTOBCAUNVYQCW-UTKZUKDTSA-N,O=C(NCc1cnn(-c2ccccc2)c1)C1CCCN1S(=O)(=O)c1ccccc1,1,3
FIBJEOLUMVIRIT-DZGCQCFKSA-N,O=c1c2[nH]cnc2ncn1Cc1nc(C2COC(c3ccccc3)C2)no1,1,2
FICCUPYHHFFCIM-JXMROGBWSA-N,O=C(C=Cc1ccccc1)Nc1ccccc1,1,2
FJBYXALKFQSAGN-APWZRJJASA-N,O=C(NCc1ccnc(-c2cncnc2)c1)C1CCCN1S(=O)(=O)c1ccccc1,1,3
FJEQNXSKGGBBDD-UHFFFAOYSA-N,O=C(Nc1ccccc1)c1ccccc1,1,1
FJNRQRRMZBASMG-GXTWGEPZSA-N,O=c1c2cncn2ncn1Cc1nc(C2COC(c3ccccc3)C2)no1,1,3
FJUZYWBVQVHTJI-SWLSCSKDSA-N,O=c1c2ccnnc2ncn1Cc1nc(C2COC(c3ccccc3)C2)no1,1,2
FKCJHLWKMWRKBM-LBPRGKRZSA-N,O=c1c2ccoc2ncn1Cc1nnn(CCc2cc3ccccc3s2)n1,1,4
FLIQYUIVRAOUGB-FUHWJXTLSA-N,O=c1c2cnc(N3CCC3)n2ncn1Cc1nc(C2COC(c3ccccc3)C2)no1,1,2
FLNSDZHQQBHXMR-UHFFFAOYSA-N,c1ccc(CC2CCCCC2)cc1,1,1
FLQOKJWUYDGZIT-VAWYXSNFSA-N,C(=Cc1ccccc1)c1ccccc1,1,3
FMAWUSSXGHYEJS-ZBFHGGJFSA-N,O=C(NCc1cnn(-c2cnccn2)c1)C1CCCN1S(=O)(=O)c1ccccc1,1,3
FMIIIXHTXHNZIP-UHFFFAOYSA-N,O=C(Cc1cccc2[nH]c(=O)[nH]c(=O)c12)Nc1nc(-c2ccccc2)cs1,1,3
FMQCHWYYJNLQTD-BEFAXECRSA-N,O=C(NCc1cc(-c2ccc3c(c2)OCO3)ncn1)C1CCCN1S(=O)(=O)c1ccccc1,1,3
FNDVNJLIBJSDBE-VMPITWQZSA-N,O=c1c2cccnc2ncn1Cc1noc(C=Cc2ccccc2)n1,1,0
FNJBEWJWLFLGLN-AWEZNQCLSA-N,O=C(Cn1cnc2[nH]c(=O)n(Cc3ccon3)c(=O)c21)Nc1cncc(-c2cccnc2)n1,1,2
FNUDQAYJJRTSII-QLPKVWCKSA-N,O=c1c2[nH]cnc2ncn1Cc1nc(C2C3CN(c4ccccc4)CC32)no1,1,0
FOXGCOKYWRDUFO-LBPRGKRZSA-N,O=c1c2ccsc2ncn1Cc1nc(CCc2ccc3c(c2)OCO3)no1,1,3
FPDWPLLJKZDDGE-HSBZDZAISA-N,O=C(Cn1cnc2[nH]c(=O)[nH]c(=O)c21)Nc1csc(-c2cnc(N3CC4CC4C3)nc2)n1,1,4
FPMULNOOMRYVLW-UYHGDYIZSA-N,c1ccccc1,1,1
FPWZCPBCLPFHEF-UHFFFAOYSA-N,O=c1c2c(ncn1Cc1nnn(CCc3ccccc3)n1)NNC2,1,3
FQZNADCLVNIQIS-AWEZNQCLSA-N,O=C(Cn1cnc2[nH]c(=O)n(Cc3ccon3)c(=O)c21)Nc1cccc(-c2cccnc2)n1,1,1
FSWCDZMHVSTAIJ-UHFFFAOYSA-N,O=C(Cn1cnc2[nH]c(=O)n(Cc3ccon3)c(=O)c21)Nc1cccc(-c2cccnc2)n1,1,1
FTOLOGKZFWYVKF-GJYPPUQNSA-N,O=c1c2cccnc2ncn1Cc1nc(C2C3C=C(c4ccccc4)CC32)no1,1,3
FTWYYMVJQQIIJU-HNNXBMFYSA-N,O=C(Cn1cnc2[nH]c(=O)n(Cc3ccon3)c(=O)c21)Nc1cccc(-c2ccccc2)n1,1,2
FUKPSYBHXMJTPH-UHFFFAOYSA-N,O=C(CNC(=O)c1cnoc1-c1ccccc1)c1ccccc1,1,4
FUWTZTWOKOCMSP-NPHXMPSESA-N,O=c1c2cccnc2cnn1Cc1nc(C2C3CN(c4cccc(-c5cn[nH]c5)c4)CC32)no1,1,1
FVEVYUOVLKEWMT-YJYMSZOUSA-N,O=C(NCc1cc(-c2cccnc2)ncn1)C1CCCN1S(=O)(=O)c1ccccc1,1,0
FVGOWAKUHJZKFK-GRTSSRMGSA-N,O=C(Cn1cnc2[nH]c(=O)[nH]c(=O)c21)Nc1cncc(-c2cnc(N3CC4CC4C3)nc2)n1,1,1
FVVAJPFKOPGRKI-UHFFFAOYSA-N,O=c1c2[nH]cnc2ncn1Cc1nn(CCc2ccccc2)c(=O)o1,1,2
FVXQEVATGMMNBT-UHFFFAOYSA-N,O=C(NCc1ccnc(-c2cncnc2)c1)C1C2CCC(C2)N1S(=O)(=O)c1ccccc1,1,4
FWEQDPBXQWFBRT-UHFFFAOYSA-N,O=c1c2cccnc2ncn1Cc1nn(CCc2ccccc2)c(=O)o1,1,4
FWYRYRIWMHHWCG-UHFFFAOYSA-N,O=c1c2cccnc2ncn1Cc1noc(CCc2ccccc2)n1,1,4
FXNIYZIWBXBVOE-OZXSUGGESA-N,O=C(NCc1c[nH]c(=O)c(-c2ccccc2)c1)C1CCCN1S(=O)(=O)c1cc2ccccc2o1,1,2
FYADCMMDOVGCKC-UHFFFAOYSA-N,O=c1c2[nH]cnc2ncn1Cc1nn(CCc2ccc3[nH]ccc3c2)c(=O)o1,1,0
FYEXAXFLKABKLW-XNWCZRBMSA-N,c1ccccc1,1,1
FYHWPNBNIBLVRG-UHFFFAOYSA-N,O=C(Cc1cccc2[nH]c(=O)[nH]c(=O)c12)Nc1nc(-c2ccccc2)cs1,1,3
FZPRJLYAQRPNJX-NZQKXSOJSA-N,O=C(NCc1cccc(-c2cccnn2)c1)C1CCCN1S(=O)(=O)c1ccccc1,1,0
FZWXVCHEVDMQEI-LBPRGKRZSA-N,O=C(Cn1cnc2[nH]c(=O)[nH]c(=O)c21)Nc1csc(-c2cccnc2)n1,1,1
FZXALJROWDXSCO-JEYLPNPQSA-N,O=C(Cn1cnc2[nH]c(=O)[nH]c(=O)c21)Nc1cccc(-c2cnc(N3CC4CC4C3)nc2)n1,1,4
FZZFOAXTJWRIME-UHFFFAOYSA-N,O=C(Cc1coc2[nH]c(=O)[nH]c(=O)c12)Nc1nc(-c2ccccc2)cs1,1,4
GAFGPIYXBBLFJI-YKSBVNFPSA-N,O=C(NCc1cc(-c2cccnc2)nc(-c2cccnc2)c1)C1CCCN1S(=O)(=O)c1ccccc1,1,2
GAJJEVVNFYSCQF-UHFFFAOYSA-N,O=C(Cc1cccc2[nH]c(=O)[nH]c(=O)c12)Nc1nc(-c2ccccc2)cs1,1,3
GAQUJPITFFKFQG-AWEZNQCLSA-N,O=C(Cn1cnc2[nH]c(=O)n(Cc3ccon3)c(=O)c21)Nc1ccnc(-c2cccnc2)n1,1,3
GASNKOLBLYALAK-OSPHWJPCSA-N,O=C(NCc1cc(-c2cccnc2)ccn1)C1CCCN1S(=O)(=O)c1ccccc1,1,0
GBLKNVFTITUYJG-UHFFFAOYSA-N,O=C(Cc1cccc2[nH]c(=O)[nH]c(=O)c12)Nc1nc(-c2ccccc2)cs1,1,3
GBLOYKHDXVMKKU-HNNXBMFYSA-N,O=C(CNS(=O)(=O)c1cc2ccccc2o1)NCc1cn(-c2ccccc2)c(=O)[nH]c1=O,1,3
GBWICTTWLYIICR-UHFFFAOYSA-N,O=C(Cc1cccc2[nH]c(=O)[nH]c(=O)c12)Nc1nc(-c2ccccc2)cs1,1,3
GBZVFJQASGJXPD-UHFFFAOYSA-N,O=c1[nH]c2ncn(Cc3nc(CCc4ccccc4)no3)c(=O)c2[nH]1,1,0
GCDVMFHLUVNJID-NFOMZHRRSA-N,O=C(Cn1cnc2[nH]c(=O)[nH]c(=O)c21)Nc1csc(-c2cnc(N3CC4CC4C3)nc2)n1,1,4
GCIFQXCKLWKXPI-UHFFFAOYSA-N,c1ccc(-c2ccc3[nH]ncc3c2)cc1,1,4
GDCSGNPQQSANAH-UHFFFAOYSA-N,O=C(CNC(=O)c1ccccc1)c1ccccc1,1,2
GDGPROVRKWVGIM-UHFFFAOYSA-N,O=C(Cc1coc2[nH]c(=O)[nH]c(=O)c12)Nc1nc(-c2ccccc2)cs1,1,4
GDJFZHALVYTABE-UHFFFAOYSA-N,O=c1c2cncn2ncn1Cc1nc(CCc2ccccc2)no1,1,3
GDLXALGRTUYOFU-ZDUSSCGKSA-N,O=c1c2ccsc2ncn1Cc1nnn(CCc2ccccc2)n1,1,2
GDMOZMAHCFBQEV-VIFPVBQESA-N,O=c1c2ccsc2ncn1Cc1nnn(CCc2cccs2)n1,1,2
GEKOFPRPTQXTLH-MNZLEMJZSA-N,O=c1c2[nH]cnc2ncn1Cc1nc(C2C3CN(c4ccc5ncccc5c4)CC32)no1,1,2
GFHCUBYZXBYPMA-LBPRGKRZSA-N,O=c1c2ccsc2ncn1Cc1nnn(CCc2ccccc2)n1,1,2
GFRTYOMOOHPBGT-WCQYABFASA-N,O=c1[nH]c2c(=O)n(Cc3nc(C4COC(c5ccccc5)C4)no3)cnc2o1,1,2
GFSKJMFCKOFCET-XOBRGWDASA-N,O=C(NCc1ccnc(-c2cncnc2)c1)C1CCCN1S(=O)(=O)c1ccccc1,1,3
GFYUYCDYLQUHQA-UHFFFAOYSA-N,O=C(Cn1cnc2[nH]c(=O)n(Cc3ccon3)c(=O)c21)Nc1cccc(-c2cccnc2)n1,1,1
GGDWDBYUQOQOCY-HALDLXJZSA-N,O=c1c2[nH]cnc2ncn1Cc1nc(C2C3CN(c4ccccc4)CC32)no1,1,0
GGEXZZTTYULMGE-NWDGAFQWSA-N,c1cc(CC2CCCCC2)ccn1,1,2
GGKRJWBWIAZWQO-GOEBONIOSA-N,O=c1c2cccnc2ncn1Cc1nc(C2COC(c3ccccc3)C2)no1,1,2
GGMKYOGJIQCBEX-CHWSQXEVSA-N,O=c1c2[nH]nnc2ncn1Cc1nc(C2CCC(c3ccccc3)C2)no1,1,1
GGXOOEKRZGSFIG-RXVVDRJESA-N,O=C(NCc1cccc(-c2cnccn2)c1)C1CCCN1S(=O)(=O)c1ccccc1,1,4
GHKCXTRPFPXNAI-YMHHLACNSA-N,O=C(NCc1cc(N2C3CCCC2CC3)ccn1)C1CCCN1S(=O)(=O)c1ccccc1,1,4
GHLWCNVHSZFICN-UTKZUKDTSA-N,O=C(NCc1cc(-c2ccccc2)ncn1)C1CCCN1S(=O)(=O)c1ccccc1,1,4
GINMVHRTUVVUGZ-VXGBXAGGSA-N,c1ccc(NC2CCCCC2)cc1,1,2
GKDOVEFNAJGSJG-ATCWAGBWSA-N,O=c1c2[nH]cnc2ncn1Cc1nc(C2C3CN(c4ccccc4)CC32)no1,1,0
GKIQKSVZYXCZPE-GXTWGEPZSA-N,O=c1c2cncn2ncn1Cc1nc(C2COC(c3ccccc3)C2)no1,1,3
GKJBGRQPKPMAEN-ZDUSSCGKSA-N,O=C(Cn1cnc2[nH]c(=O)n(Cc3ncno3)c(=O)c21)Nc1cccc(-c2cccnc2)n1,1,0
GKKQZEPQVLEGEB-SFHVURJKSA-N,O=C(NCc1cnn(-c2ccccc2)c1)C1CCN1S(=O)(=O)c1ccccc1,1,2
GKROVECUBNNFBQ-WEHONNDLSA-N,O=c1c2cccnc2ncn1Cc1nn(C2CC(c3ccccc3)C2)c(=O)o1,1,1
GKTBXBKXQXNSTC-UHFFFAOYSA-N,O=C(Nc1ccccc1)c1ccccc1,1,1
GLDSELZUQFTHCX-UZLBHIALSA-N,O=C(NCc1cc(-c2cccnc2)ncn1)C1CCCN1S(=O)(=O)c1ccccc1,1,0
GLTMCNDGYKDTAQ-UHFFFAOYSA-N,O=C(Cc1coc2[nH]c(=O)[nH]c(=O)c12)Nc1nc(-c2ccccc2)cs1,1,4
GLVKYOVHEGVODM-IYARVYRRSA-N,O=c1c2[nH]cnc2ncn1Cc1nc(C2CC(c3ccc4ccccc4c3)C2)no1,1,2
GLYGZIVKLCTOTJ-PGMBSLALSA-N,c1ccccc1,1,1
GMDDHFLYGBSDDB-KDOFPFPSSA-N,O=C(NCc1cc(-c2cncnc2)ncn1)C1CCCN1S(=O)(=O)c1ccccc1,1,2
GMHGSZNLCIEWAB-UHFFFAOYSA-N,c1ccc(-c2cn3ccccc3n2)cc1,1,0
GMKXACFKVYHBLC-YRNVUSSQSA-N,O=c1c2[nH]cnc2ncn1Cc1noc(C=Cc2ccccc2)n1,1,1
GMRLSGZVVKNZDY-UHFFFAOYSA-N,O=C(NCc1cc(-c2cccnc2)ncn1)C1(NS(=O)(=O)c2ccccc2)CC1,1,0
GMVVWDBILLJHLA-FPOVZHCZSA-N,O=C(NCc1cc(-c2ccccc2)ncn1)C1CCCN1S(=O)(=O)c1ccccc1,1,4
GMWFVFPCPWVMFQ-UHFFFAOYSA-N,O=C(NCC(Cc1ccccc1)N1CCCCC1)C1(c2ccccc2)CCCCC1,1,0
GNCGEPOTGKGMLT-KNQAVFIVSA-N,O=C(NCc1cc(-c2cccnc2)ccn1)C1CCCN1S(=O)(=O)c1ccccc1,1,0
GNHMXTAFCQXTQG-UHFFFAOYSA-N,c1ccc(-c2ccc3[nH]ncc3c2)cc1,1,4
GNNUMLYAKUEIDE-LDTOLXSISA-N,O=c1c2cccnc2ncn1Cc1nn(C2CC(c3ccccc3)C2)c(=O)o1,1,1
GNPIZTIQDCGSLH-ZDUSSCGKSA-N,O=C1NCCc2c1sc1ncn(Cc3nnn(CCc4cc5ccccc5o4)n3)c(=O)c21,1,3
GNRKNCPNDKATCH-UHFFFAOYSA-N,O=C(Cc1cccc2[nH]c(=O)[nH]c(=O)c12)Nc1nc(-c2ccccc2)cs1,1,3
GNTSRCHLMHYOEA-UHFFFAOYSA-N,O=C(Cn1cnc2[nH]c(=O)n(Cc3ccccn3)c(=O)c21)Nc1csc(-c2ccccc2)n1,1,4
GNYBHKXPQGYGCV-UHFFFAOYSA-N,c1cncc(Nc2n[nH]c3ccccc23)c1,1,3
GPSBTMRQCOOVOX-CVDCTZTESA-N,O=C(NCc1cn(-c2cccnc2)c(=O)[nH]c1=O)C1CCCN1S(=O)(=O)c1cc2ccccc2o1,1,1
GPYFHTOHAHTGAG-MOFZMDFASA-N,O=C(NCc1cc(-c2cnccn2)ncn1)C1CCCN1S(=O)(=O)c1ccccc1,1,1
GQPDGZDVPWDQGV-ZDUSSCGKSA-N,O=C(Cn1cnc2[nH]c(=O)[nH]c(=O)c21)Nc1cncc(-c2cccnc2)n1,1,4
GRUKRNSLJWUNIQ-GTPINHCMSA-N,O=C(Cn1cnc2[nH]c(=O)[nH]c(=O)c21)Nc1cccc(-c2cnc(N3CC4CC4C3)nc2)n1,1,4
GRXVMTIZBKWHSB-NFOMZHRRSA-N,O=C(Cn1cnc2[nH]c(=O)[nH]c(=O)c21)Nc1csc(-c2cnc(N3CC4CC4C3)nc2)n1,1,4
GRYCSQXMCQAXTH-KRWDZBQOSA-N,O=C(Cn1cnc2[nH]c(=O)[nH]c(=O)c21)Nc1cccc(-c2cnc(N3CCCC3)nc2)n1,1,3
GSFZIJJFUIHXEU-NSHDSACASA-N,O=C(Cn1cnc2[nH]c(=O)[nH]c(=O)c21)Nc1csc(-c2ccccc2)n1,1,3
GSUUYDCJJHXRLU-ATCWAGBWSA-N,O=c1c2[nH]cnc2ncn1Cc1nc(C2C3CN(c4ccccc4)CC32)no1,1,0
GTLRVPQNDNSVIG-VQFNDLOPSA-N,O=c1c2cccnc2ncn1Cc1nc(C2C3CN(c4ccccc4)CC32)no1,1,4
GUGRIVXZTJXLBP-AWEZNQCLSA-N,O=c1c2cccnc2ncn1Cc1nn(CCc2ccccc2)c(=O)o1,1,4
GUXDRJQXNCINLK-UHFFFAOYSA-N,O=C(Cc1coc2[nH]c(=O)[nH]c(=O)c12)Nc1nc(-c2ccccc2)cs1,1,4
GVAKPHBSBCNTNG-KBXCAEBGSA-N,O=c1c2c(ncn1Cc1nc(C3COC(c4ccccc4)C3)no1)CNCC2,1,3
GVDCWIWNLLLASC-IERDGZPVSA-N,O=C(NCc1cc(N2CCC3(CC2)CC3)ccn1)C1CCCN1S(=O)(=O)c1ccccc1,1,3
GVDZPSKDMZOKOZ-UHFFFAOYSA-N,O=c1c2[nH]ncc2ncn1Cc1nc(CCc2ccccc2)no1,1,3
GVIGRYHNIIYCLZ-FOLVSLTJSA-N,O=c1c2[nH]cnc2ncn1Cc1nc(C2C3CN(c4ccccc4)CC32)no1,1,0
GVIRLSFIPFVKML-HZAYCCFMSA-N,O=C(NCC(Cc1ccccc1)N1CCCCC1)C1CCCCC1,1,0
GVMNKKDSUMTDFH-TZOAMJEDSA-N,c1ccccc1,1,1
GWJPNUWHPLJRLG-IPVJXJPOSA-N,O=c1c2cccnc2ncn1Cc1nc(C2CC(c3ccccc3)C2)no1,1,1
GWVOHTDFXQAICX-UHFFFAOYSA-N,O=C(Cn1cnc2[nH]c(=O)[nH]c(=O)c21)Nc1cccc(-c2cnccn2)n1,1,4
GXEZRQFMWXWZKX-UHFFFAOYSA-N,O=C(Cn1cnc2[nH]c(=O)n(Cc3ncno3)c(=O)c21)Nc1csc(-c2cccnc2)n1,1,4
GXQZEMNKUGZVBX-SMDDNHRTSA-N,O=c1c2[nH]cnc2ncn1Cc1nc(C2COC(c3ccccc3)C2)no1,1,2
GXYVIPVHFLYGMR-RXVVDRJESA-N,O=C(NCc1cc(-c2ccccc2)ncn1)C1CCCN1S(=O)(=O)c1ccccc1,1,4
GXZJAPWOZROTCB-UHFFFAOYSA-N,O=C(Cc1coc2[nH]c(=O)[nH]c(=O)c12)Nc1nc(-c2ccccc2)cs1,1,4
GYHYZGTVOXUSCN-UHFFFAOYSA-N,O=c1c2cncn2ncn1Cc1nn(CCc2ccccc2)c(=O)o1,1,0
GYNDNTOIPROUCH-FPSMJMQUSA-N,O=C(NCc1cc(-c2cccnc2)ncn1)C1CCCN1S(=O)(=O)c1ccccc1,1,0
GZDAMVHUKQMRSK-UHFFFAOYSA-N,O=C(c1cn2c(=O)n(Cc3ccccc3)c(=O)cc2s1)N1CCC(c2ccccc2)CC1,1,2
GZRIVVUNKOLQTE-VXGBXAGGSA-N,c1ccc(NC2CCCCC2)cc1,1,2
HABYZPQFFRMXCH-UHFFFAOYSA-N,O=c1c2[nH]cnc2ncn1Cc1nn(CCc2ccccc2)c(=O)o1,1,2
HAVHLCLATHNKIR-HDJSIYSDSA-N,O=c1c2[nH]cnc2ncn1Cc1nc(C2CC(c3ccccc3)C2)no1,1,4
HBBABCXLFVDQFV-KOMQPUFPSA-N,O=c1c2cccnc2ncn1Cc1nn(C2CC(c3ccccc3)C2)c(=O)o1,1,1
HBHIXBYCEAGRAO-UHFFFAOYSA-N,O=C(Cc1cccc2[nH]c(=O)[nH]c(=O)c12)Nc1nc(-c2ccccc2)cs1,1,3
HBNRHCPABDWPQN-YEORSEQZSA-N,O=c1c2[nH]cnc2ncn1Cc1nc(C2CC(Oc3ccccc3)C2)no1,1,1
HBROHCUKWVIOIZ-XVDXERDNSA-N,O=c1c2[nH]cnc2ncn1Cc1nn(C2CC(c3ccccc3)C2)c(=O)o1,1,3
HDWOPDWWFVTQFQ-CVEARBPZSA-N,O=C(Cc1cnn(-c2cncnc2)c1)NC1CCC1S(=O)(=O)c1ccccc1,1,4
HEEMVJMUZDPBFI-UHFFFAOYSA-N,O=c1c2ccncc2ncn1Cc1nn(CCc2ccccc2)c(=O)o1,1,4
HEJBGQMISSCROI-KWUMSVIQSA-N,O=c1c2cccnc2cnn1Cc1nc(C2CC(c3ccccc3)C2)no1,1,4
HENUOPIBZLPYCJ-LBPRGKRZSA-N,O=c1c2ccsc2ncn1Cc1nnn(CCc2cc3ccccc3s2)n1,1,3
HEQDZPHDVAOBLN-UHFFFAOYSA-N,O=C(Cn1cnc2[nH]c(=O)[nH]c(=O)c21)Nc1ccccc1,1,0
HEUHRRGJNWTVSE-XLIONFOSSA-N,O=C(NCc1ccnc(-c2cncnc2)c1)C1CCCN1S(=O)(=O)c1ccccc1,1,3
HFBMXPXAVUATGY-UHFFFAOYSA-N,O=C(CN(c1ccccc1)S(=O)(=O)c1ccccc1)NCc1cc(-c2cccnc2)ncn1,1,3
HFJZCGUXBLVWRY-QFIPXVFZSA-N,O=C(NCc1cc(-c2ccccn2)ncn1)C1CCCN1S(=O)(=O)c1ccccc1,1,0
HFOXGYXSDJIWDB-XLIONFOSSA-N,O=C(NCc1ccnc(-c2cccnc2)c1)C1CCC1S(=O)(=O)c1ccccc1,1,0
HFTZDURZNKGJNR-UHFFFAOYSA-N,O=C(Cc1coc2[nH]c(=O)[nH]c(=O)c12)Nc1nc(-c2ccccc2)cs1,1,4
HFXXGXZWVDFVPZ-UHFFFAOYSA-N,O=C(Cc1coc2[nH]c(=O)[nH]c(=O)c12)Nc1nc(-c2ccccc2)cs1,1,4
HGDUOYYDKBPRCV-TUIFFPIZSA-N,O=C(NCc1ccnc(-c2cncnc2)c1)C1CCCN1S(=O)(=O)c1ccccc1,1,3
HGFRMZTUAVGPGZ-VGSWGCGISA-N,O=C(NCc1cc(N2CCC3(CC2)CC3)ccn1)C1CCCN1S(=O)(=O)c1ccccc1,1,3
HGJRJRKZFZNQMJ-UHFFFAOYSA-N,O=C(Cc1nsc2[nH]c(=O)[nH]c(=O)c12)Nc1nc(-c2ccccc2)cs1,1,2
HGJWNQHCAHMKIG-ZMSDIMECSA-N,O=c1c2[nH]cnc2ncn1Cc1nc(C2C3C=C(c4ccccc4)CC32)no1,1,3
HGLATSHXHZWSLR-LBPRGKRZSA-N,O=C(Cn1cnc2[nH]c(=O)[nH]c(=O)c21)Nc1csc(-c2cccnc2)n1,1,1
HGVCMBRPRZORGD-UHFFFAOYSA-N,O=c1[nH]cnc2ncn(Cc3nn(CCc4ccccc4)c(=O)o3)c12,1,0
HGWAQHCIDNYZGS-UHFFFAOYSA-N,c1ccc(Oc2nccc3occc23)cc1,1,4
HHCCDKWJHHNZND-UHFFFAOYSA-N,c1ccc(-c2ccc3[nH]ncc3c2)cc1,1,4
HHCLINDTOXIQSR-GXTWGEPZSA-N,O=c1c2[nH]cnc2ncn1Cc1nc(C2COC(c3ccccc3)C2)no1,1,2
HIDRCJZHDJXUMQ-MJGOQNOKSA-N,O=C(NCc1cncc(-c2cncnc2)c1)C1CCCN1S(=O)(=O)c1ccccc1,1,0
HJORVEMWTJKDDG-UHFFFAOYSA-N,O=C(Nc1ccccc1)c1cccs1,1,3
HKCKRSVNNCQBGV-KNMUDHKVSA-N,O=C(NCc1cc(-c2cncnc2)ccn1)C1CCCN1S(=O)(=O)c1ccccc1,1,3
HKIUSPTWBXDTFJ-UHFFFAOYSA-N,O=C(NCc1ccccc1)c1cn2c(=O)n(Cc3ccccc3)c(=O)cc2s1,1,0
HKROEBDHHKMNBZ-BYKJOZEVSA-N,c1ccccc1,1,1
HKROEBDHHKMNBZ-CHBKHGQFSA-N,c1ccccc1,1,1
HLNQWCKWTOEBQE-APWZRJJASA-N,O=C(NCc1ccnc(-c2cncnc2)c1)C1CCCN1S(=O)(=O)c1ccccc1,1,3
HNEVLTMGONUBIF-UHFFFAOYSA-N,O=C1NC2=C(C(=O)c3ccccc32)C(c2ccccc2)N1,1,0
HNSCERNLYMZCPA-UHFFFAOYSA-N,O=C(Cn1cnc2[nH]c(=O)n(Cc3ncno3)c(=O)c21)Nc1csc(-c2cccnc2)n1,1,4
HOGBUUUQWBIWPK-JAMMHHFISA-N,O=c1[nH]c2nc[nH]c2c(=O)n1CC1CCO1,1,3
HOLHRJJHGIWWPH-UHFFFAOYSA-N,c1ccc(Oc2ncnc3[nH]ccc23)cc1,1,1
HOZKRSNDULRMQU-NZQKXSOJSA-N,O=C(NCc1cccc(-c2cncnc2)c1)C1CCCN1S(=O)(=O)c1ccccc1,1,1
HPKPJVMZLTXAQJ-KRWDZBQOSA-N,O=C(Cn1cnc2[nH]c(=O)n(Cc3ccon3)c(=O)c21)Nc1cccc(-c2cncnc2)n1,1,0
HQKQCVCHHUAYQS-VIFPVBQESA-N,O=C1NCCc2c1sc1ncn(Cc3nnn(CCc4cccs4)n3)c(=O)c21,1,0
HQNAZTYNJXEWDA-UTKZUKDTSA-N,O=C(NCc1cc(-c2ccccn2)ccn1)C1CCCN1S(=O)(=O)c1ccccc1,1,1
HQOTZKAHXGIKLR-KEYYUXOJSA-N,O=c1c2[nH]cnc2ncn1Cc1nc(C2C3C=C(c4ccccc4)CC32)no1,1,3
HQVKTAXJLJKFMT-ZDUSSCGKSA-N,O=C(CNS(=O)(=O)c1cc2ccccc2o1)NCc1cn(-c2ccccc2)c(=O)[nH]c1=O,1,3
HQVRXJTUSZIFBP-HALDLXJZSA-N,O=c1c2cccnc2ncn1Cc1nc(C2C3CN(c4ccccn4)CC32)no1,1,0
HRAPYHSCUKKKMN-UHFFFAOYSA-N,O=C(NCc1cnn(-c2cccnc2)c1)C1CCCC1S(=O)(=O)c1ccccc1,1,0
HRMFIOUUYUFIRA-RTUWITSCSA-N,O=c1c2[nH]cnc2ncn1Cc1nc(C2C3CN(c4ccccn4)CC32)no1,1,1
HRPNHQBVYVNOBG-GTPINHCMSA-N,O=C(Cn1cnc2[nH]c(=O)[nH]c(=O)c21)Nc1cccc(-c2cnc(N3CC4CC4C3)cn2)n1,1,2
HSUWVFMQRSTCAD-QLPKVWCKSA-N,O=c1c2[nH]cnc2ncn1Cc1nc(C2C3CN(c4ccccc4)CC32)no1,1,0
HTAGBOVZPLQUDC-HWWDLCQESA-N,O=c1c2cccnc2ncn1Cc1nc(C2C3CN(c4ccccc4)CC32)no1,1,4
HTFLIVOZSFVGEJ-UHFFFAOYSA-N,O=C(Nc1ccccc1)c1ccccc1,1,1
HUHIIHFGNPALFZ-UOIKSKOESA-N,O=c1c2cccnc2cnn1Cc1nc(C2C3CN(c4ccccn4)CC32)no1,1,3
HVBOOIDXACFGEI-OAHLLOKOSA-N,S=C1Nc2c(oc3ncccc23)C(c2ccccc2)N1,1,4
HVDSOPBAZRASKA-DAXOMENPSA-N,c1ccc(NC2CCCC3CCCCC32)cc1,1,0
HWJFTZKKBTVRHJ-UHFFFAOYSA-N,O=C1C2=C(NC(=S)NC2c2cccc(OCc3ccccn3)c2)c2ccccc21,1,1
HWKOCGQYCSKFFR-DZGCQCFKSA-N,O=c1c2ccnn2ncn1Cc1nc(C2COC(c3ccccc3)C2)no1,1,2
HWNSMCOQLBDRFN-UTKZUKDTSA-N,O=C(NCc1cc(-c2cccnc2)ccn1)C1CCCN1S(=O)(=O)c1ccccc1,1,0
HXWIASAQIZZSJV-RXVVDRJESA-N,O=C(NCc1cc(-c2cccnc2)ccn1)C1CCCN1S(=O)(=O)c1ccccc1,1,0
HXYKQFXGQHGPRG-UHFFFAOYSA-N,O=C(Cc1coc2[nH]c(=O)[nH]c(=O)c12)Nc1nc(-c2ccccc2)cs1,1,4
HYIWRGKOWKOPHN-UHFFFAOYSA-N,O=C(Cn1ccc2[nH]c(=O)[nH]c(=O)c21)Nc1ccccc1,1,3
HYLZITOBNTZXNO-DZGCQCFKSA-N,O=c1c2ccnn2ncn1Cc1nc(C2COC(c3ccc4ncsc4c3)C2)no1,1,0
HYPBWVFTVULNBT-LAQFHYBYSA-N,O=c1c2cn[nH]c2ncn1Cc1nc(C2C3CN(c4ccccn4)CC32)no1,1,3
HYPZUSFAUMAFNR-UHFFFAOYSA-N,O=C(Cn1cnc2[nH]c(=O)n(Cc3ccon3)c(=O)c21)Nc1ccccn1,1,4
HZVARVKQUXVYIG-HAQNSBGRSA-N,O=c1c2[nH]cnc2ncn1Cc1nc(C2CC(c3ccccc3)C2)no1,1,4
IAHQHDGHWAXFMV-DPGVGJJJSA-N,O=C(Cn1cnc2[nH]c(=O)[nH]c(=O)c21)Nc1csc(-c2cnc(N3CC4CC4C3)nc2)n1,1,4
IAWHXDCOTSCDSA-QLPKVWCKSA-N,O=c1c2ccnn2ncn1Cc1nc(C2C3CN(c4ccccc4)CC32)no1,1,3
IBGTZIUMMBHLKD-ZDVGBALWSA-N,c1ccsc1,1,1
ICQQRJVVVVHYDQ-UHFFFAOYSA-N,O=C(Cn1cnc2[nH]c(=O)[nH]c(=O)c21)Nc1cccc(-c2ccccc2)n1,1,4
ICZZSPAOWPLMSA-UHFFFAOYSA-N,O=C(CNC(=O)N1CCc2ccccc2C1)c1ccccc1,1,4
IDLSECJBDCJDSS-APWZRJJASA-N,O=C(NCc1ccnc(-c2cccnc2)c1)C1CCCN1S(=O)(=O)c1ccccc1,1,0
IDPIVZXQDBCGRG-UHFFFAOYSA-N,O=C(CNS(=O)(=O)c1ccccc1)NCC1CN(c2ccccc2)CCO1,1,2
IECBTGJNZAMXMI-NFOMZHRRSA-N,O=C(Cn1cnc2[nH]c(=O)[nH]c(=O)c21)Nc1cncc(-c2cnc(N3CC4CC4C3)nc2)n1,1,1
IESAJAZKMLPVIB-VXGBXAGGSA-N,c1ccc(NC2CCCCC2)cc1,1,2
IEURSGBEYPEAGJ-UHFFFAOYSA-N,O=C(Cn1cnc2[nH]c(=O)n(Cc3ccon3)c(=O)c21)Nc1cccc(N2CCC2)n1,1,4
IEXGDENLKSBYPG-DIBXZPPDSA-N,O=C(Cc1csc2[nH]c(=O)[nH]c(=O)c12)N=c1[nH]c(-c2ccccc2)cs1,1,1
IFCINJLPGSPGOE-YEORSEQZSA-N,O=c1c2[nH]cnc2ncn1Cc1nc(C2CC(Oc3ccccc3)C2)no1,1,1
IFFMKKPSJXPRPX-LBPRGKRZSA-N,O=c1c2ccsc2ncn1Cc1nnn(CCc2cc3ccccc3o2)n1,1,1
IFOHXEDFEXQIFK-UHFFFAOYSA-N,O=C(Cn1cnc2[nH]c(=O)n(Cc3ccon3)c(=O)c21)Nc1csc(-c2cccnc2)n1,1,3
IFSNPBNBYFOKHI-GXTWGEPZSA-N,O=c1c2[nH]cnc2ncn1Cc1nc(C2COC(c3ccccc3)C2)no1,1,2
IGOGZZUWJQNUTI-AWEZNQCLSA-N,O=c1c2cccnc2ncn1Cc1nn(CCc2ccccc2)c(=O)o1,1,4
IHBZABBOIFBMSZ-LBPRGKRZSA-N,O=C(Cn1cnc2[nH]c(=O)[nH]c(=O)c21)Nc1cccc(-c2cncnc2)n1,1,0
IHDZQGCOLIBPFR-ZDUSSCGKSA-N,O=C(Cn1cnc2[nH]c(=O)[nH]c(=O)c21)Nc1cncc(-c2cccnc2)n1,1,4
IHTBJQAPPKVYEC-UHFFFAOYSA-N,O=C(Cn1cnc2cnccc2c1=O)NCCc1ccccc1,1,4
IIAWUZTWHPVGRK-JYAVWHMHSA-N,O=c1c2[nH]cnc2ncn1Cc1nc(C2C3CN(c4ccccn4)CC32)no1,1,1
IIBDKCBCABDETE-UHFFFAOYSA-N,O=C(NCC(Cc1ccccc1)N1CCCCC1)C1CC1,1,2
IIIJRZXOECPBNK-HBYGRHMLSA-N,O=c1c2[nH]cnc2ncn1Cc1nc(C2C3CN(c4ccncc4)CC32)no1,1,1
IIPLYINRVFDEAS-UHFFFAOYSA-N,O=C(Cn1cnc2ccccc2c1=O)NCCc1ccccc1,1,4
IISOYMVRUVZMSW-VIFPVBQESA-N,O=C(Cn1cnc2[nH]c(=O)[nH]c(=O)c21)Nc1cncc(-c2cncnc2)n1,1,0
IJPKZYJDZLPYGH-FHERZECASA-N,O=C(Cn1cnc2[nH]c(=O)[nH]c(=O)c21)Nc1csc(-c2cnc(N3CC4CC4C3)nc2)n1,1,4
IKEHUDLUNJCVIH-SMDDNHRTSA-N,O=c1c2[nH]cnc2ncn1Cc1nc(C2COC(c3ccccc3)C2)no1,1,2
IKFZDVUOUYRSJD-UHFFFAOYSA-N,O=C(Cn1cnc2[nH]c(=O)[nH]c(=O)c21)Nc1csc(-c2cccnc2)n1,1,1
IKGNKSVKPPXUGA-LBPRGKRZSA-N,O=C(Cn1cnc2[nH]c(=O)[nH]c(=O)c21)Nc1csc(-c2cccnc2)n1,1,1
IKWFTJKUSSBLMW-APWZRJJASA-N,O=C(NCc1cc(-c2cccnc2)ccn1)C1CCCN1S(=O)(=O)c1ccccc1,1,0
ILDMVQZTNFZDID-GFCCVEGCSA-N,O=c1c2[nH]cnc2ncn1Cc1nn(CCc2ccccc2)c(=O)o1,1,2
ILDMVQZTNFZDID-LBPRGKRZSA-N,O=c1c2[nH]cnc2ncn1Cc1nn(CCc2ccccc2)c(=O)o1,1,2
ILSIWKXOFBZDGE-YRNVUSSQSA-N,O=c1c2[nH]cnc2ncn1Cc1nc(C=Cc2ccccc2)no1,1,1
IMGWVWRMROWQGB-IGEOTXOUSA-N,O=C(Cn1cnc2[nH]c(=O)[nH]c(=O)c21)Nc1ccnc(-c2cnc(N3CC4CC4C3)nc2)n1,1,2
IMIIJHHHGZTGLU-UHFFFAOYSA-N,O=C(Cn1cnc2[nH]c(=O)n(Cc3ccon3)c(=O)c21)Nc1cccc(-c2cccnc2)n1,1,1
IMLKLPZAGJFMRK-NQIIRXRSSA-N,O=C(NCc1cccc(-c2cccnc2)c1)C1CCCN1S(=O)(=O)c1ccccc1,1,3
IMTJDDGNRNOFAJ-PKOBYXMFSA-N,O=S(=O)(c1ccccc1)N1CCCC1c1ccccc1,1,0
INBHLTYBRKASIZ-JXMROGBWSA-N,O=C(C=Cc1ccccc1)Nc1ccccc1,1,2
INCHZNJQYBISFT-UHFFFAOYSA-N,O=C(Cn1cnc2[nH]c(=O)[nH]c(=O)c21)Nc1cncc(-c2cccnc2)n1,1,4
INKFVRPSMUPBSU-GXSJLCMTSA-N,c1cc(CC2CCCCC2)cs1,1,1
INRPAICZXVSURJ-UKRRQHHQSA-N,O=c1c2[nH]cnc2ncn1Cc1nn(C2CCC(c3ccccc3)C2)c(=O)o1,1,2
IOISVRUOQIOJLG-IPVJXJPOSA-N,O=c1c2cccnc2ncn1Cc1nc(C2CC(c3ccccc3)C2)no1,1,1
IORSMGCJYPRZSZ-CSODHUTKSA-N,O=c1c2cccc(=O)n2ccn1Cc1nc(C2C3C=C(c4ccccc4)CC32)no1,1,3
IPESIZNXIXXPJK-UHFFFAOYSA-N,O=C(Cc1ccccc1)NCC(Cc1ccccc1)N1CCCCC1,1,3
IPJMGIPUWRMURN-LBPRGKRZSA-N,O=c1c2ccoc2ncn1Cc1nnn(CCc2cc3ccccc3o2)n1,1,4
IPTVTUDAXHBJAB-LBPRGKRZSA-N,O=c1c2ccsc2ncn1Cc1nnn(CCc2cc3ccccc3s2)n1,1,3
IPVHYPMVJBBJGY-ZIAGYGMSSA-N,O=c1c2[nH]cnc2ncn1Cc1nc(C2CCC(c3ccccc3)C2)no1,1,1
IPVJLUUYKAZERW-IERDGZPVSA-N,O=C(NCc1cc(-c2ccccc2)ncn1)C1CCCN1S(=O)(=O)c1ccccc1,1,4
IQOCOSWVNOLOJW-UHFFFAOYSA-N,O=C(CNS(=O)(=O)c1ccccc1)NCc1cc(N2CCCCC2)ncn1,1,3
IQZWGMBQRDGLEH-DZFIZOCASA-N,O=c1c2[nH]cnc2ncn1Cc1nc(C2C3CN(c4cccc(C5CC5)c4)CC32)no1,1,4
IRJZNJUTQUOZGW-UHFFFAOYSA-N,O=c1[nH]c(=O)c2[nH]cnc2[nH]1,1,0
IRVXOONVSOVGPT-RYRKJORJSA-N,O=c1c2[nH]cnc2ncn1Cc1nc(C2C3C=C(c4ccccc4)CC32)no1,1,3
IRXCYACJROUWCS-GXTWGEPZSA-N,O=c1c2[nH]cnc2ncn1Cc1nc(C2COC(c3ccccc3)C2)no1,1,2
ISIATOZGACZZRA-UHFFFAOYSA-N,c1ccc(Oc2nccc3[nH]ccc23)cc1,1,1
ISNWHBNGLQFCST-UHFFFAOYSA-N,O=C(Cn1cnc2[nH]c(=O)n(Cc3ccon3)c(=O)c21)Nc1ccccn1,1,4
ISWKUHZARATATJ-UHFFFAOYSA-N,O=C(Cc1coc2[nH]c(=O)[nH]c(=O)c12)Nc1nc(-c2ccccc2)cs1,1,4
ISXARGDWFYMWFH-LBPRGKRZSA-N,O=c1c2ccoc2ncn1Cc1nnn(CCc2cc3ccccc3o2)n1,1,4
IUPRZQNBHFNEGC-SJORKVTESA-N,O=C(Cc1cnn(-c2cncnc2)c1)NC1CCC1S(=O)(=O)c1ccccc1,1,4
IURHRSFVLQOGSW-GOEBONIOSA-N,O=c1c2cncn2ncn1Cc1nc(C2COC(c3ccccc3)C2)no1,1,3
IVSPLJZYCFTOCC-SUMWQHHRSA-N,O=c1c2ccncc2ncn1Cc1nc(C2COC(c3ccccc3)C2)no1,1,2
IVVHPAHILXWBMH-SUMWQHHRSA-N,O=c1c2c(cnn1Cc1nc(C3COC(c4ccccc4)C3)no1)CNCC2,1,4
IWBGPXPPPXQFFJ-NQZBTDCJSA-N,O=C(NCc1ccnc(-c2cncnc2)c1)C1CCCN1S(=O)(=O)c1ccccc1,1,3
IWGBQLFSWSPCBF-SMDDNHRTSA-N,O=c1c2[nH]cnc2ncn1Cc1nc(C2COC(c3ccccc3)C2)no1,1,2
IWSOJDYXNTZUGK-NVXWUHKLSA-N,O=S(=O)(c1ccccc1)N1CCCC1c1ccccc1,1,0
IWTIXSBYEURJEK-FMIVXFBMSA-N,O=c1c2cccnc2ncn1Cc1noc(C=Cc2ccccc2)n1,1,0
IXARYBWPLJADQF-LBPRGKRZSA-N,O=c1c2[nH]cnc2ncn1Cc1nn(CCc2ccccc2)c(=O)o1,1,2
IXKKQNMDGPZGKV-WCQYABFASA-N,O=c1c2[nH]cnc2ncn1Cc1nc(C2COC(c3ccccc3)C2)no1,1,2
IYMRWKNCZYWXPC-URXFXBBRSA-N,O=C(NCc1cn(-c2ccccc2)c(=O)[nH]c1=O)C1CCCN1S(=O)(=O)c1cc2ccccc2o1,1,3
IYPSSQMPIVZFBK-FQEVSTJZSA-N,O=C(NCc1cc(-c2cccnc2)ncn1)C1CCCCN1S(=O)(=O)c1ccccc1,1,2
IYXIXNIKYCFBDN-AWEZNQCLSA-N,O=C(Cn1cnc2[nH]c(=O)[nH]c(=O)c21)Nc1cccc(-c2cccnc2)n1,1,0
IZLFWDRMGMPZOG-UOXRKKOCSA-N,O=C(NCc1ccnc(-c2cncnc2)c1)C1CCCN1S(=O)(=O)c1ccccc1,1,3
JBIXZNRRVYTXMJ-NSHDSACASA-N,O=C(Cn1cnc2[nH]c(=O)[nH]c(=O)c21)Nc1cccc(-c2cncnc2)n1,1,0
JBYPWLUUGPQYAS-QFBILLFUSA-N,O=c1c2[nH]c(NCc3ccccn3)nc2ncn1Cc1nc(C2COC(c3ccccc3)C2)no1,1,0
JCFSCBLSEONLAZ-SWLSCSKDSA-N,O=c1c2[nH]nnc2ccn1Cc1nc(C2COC(c3ccccc3)C2)no1,1,3
JCGBVACYAGHPAM-STQMWFEESA-N,c1ccc(C2CCCCC2)cc1,1,1
JCHJBCPFIWXKDB-QLPKVWCKSA-N,O=c1c2[nH]cnc2ncn1Cc1nc(C2C3CN(c4ccccc4)CC32)no1,1,0
JCPXMGFJZJLKIN-LBPRGKRZSA-N,O=c1c2ccsc2ncn1Cc1nc(CCc2ccccc2)no1,1,4
JCWLFTBWOABNHA-UHFFFAOYSA-N,O=C(NCC(Cc1ccccc1)N1CCCCC1)C1(c2ccccc2)CCCC1,1,3
JEPYVPCCTJDATH-UHFFFAOYSA-N,O=C(Cc1nsc2[nH]c(=O)[nH]c(=O)c12)Nc1nc(-c2ccccc2)cs1,1,2
JEZYRPUMEHJVEN-UHFFFAOYSA-N,c1ccccc1,1,1
JFAQOFLDBXAXAQ-UHFFFAOYSA-N,O=C(Nc1ccccc1)c1ccncc1,1,3
JFBNNBIUJWKGPM-QGZVFWFLSA-N,O=S(=O)(c1ccccc1)N1CCCC1c1ccccc1,1,0
JFLCWGRYMUUJRW-YKSBVNFPSA-N,O=C(NCc1cc(-c2ccc(C3CC3)cc2)ncn1)C1CCCN1S(=O)(=O)c1ccccc1,1,1
JGBBKLTUEVDXPM-UHFFFAOYSA-N,O=C(NC(C(=O)c1ccccc1)C1CC1)c1ccccc1,1,1
JGFBRLGZGJYISU-NSHDSACASA-N,O=c1c2ccsc2ncn1Cc1nc(CCc2ccc3c(c2)OCO3)no1,1,3
JGPICCTXSJGRDH-UHFFFAOYSA-N,O=C(CNC(=O)c1ccccc1)c1ccccc1,1,2
JHGDJTAYURVRBX-UHFFFAOYSA-N,O=C(NCc1ccc2nsnc2c1)c1cn2c(=O)n(Cc3ccccc3)c(=O)cc2s1,1,3
JHXOWAOGHMUCFO-IDLMPWNNSA-N,O=C(NCc1cc(C2=CCCCC2)ncn1)C1CCCN1S(=O)(=O)c1ccccc1,1,4
JJIYFRHWAJSTRT-UHFFFAOYSA-N,O=C(Cn1ccc2[nH]c(=O)[nH]c(=O)c21)Nc1ccccc1,1,3
JJOTYXMTNZIMSZ-UHFFFAOYSA-N,O=C(Nc1ccccc1)c1cccs1,1,3
JJWIAVUKFHESIC-UHFFFAOYSA-N,O=C(CNS(=O)(=O)c1cc[nH]n1)NCc1cccc(-c2ccccc2)c1,1,3
JJXVVDMOIHAKHG-UGKGYDQZSA-N,O=C(NCc1ccnc(-c2cccnc2)c1)C1CCCN1S(=O)(=O)c1ccccc1,1,0
JKNJVPGBUGINLQ-LZLYRXPVSA-N,O=c1c2[nH]cnc2ncn1Cc1nc(C2C3C=C(c4ccccc4)CC32)no1,1,3
JKNJVPGBUGINLQ-RYRKJORJSA-N,O=c1c2[nH]cnc2ncn1Cc1nc(C2C3C=C(c4ccccc4)CC32)no1,1,3
JKROEASKFSYUDV-UHFFFAOYSA-N,O=C(CNC(=O)c1ccccc1)c1ccccc1,1,2
JKSIUQSXQUJUQN-LBPRGKRZSA-N,O=c1c2ccoc2ncn1Cc1nnn(CCc2ccccc2)n1,1,0
JKWXDKUVOQCWGK-NSHDSACASA-N,O=C(Cn1cnc2[nH]c(=O)n(Cc3ccon3)c(=O)c21)Nc1cncc(-c2cncnc2)n1,1,1
JLRDFDIVWVIADD-LSDHHAIUSA-N,O=c1c2[nH]cnc2ncn1Cc1nc(C2COC(c3ccccc3)C2)no1,1,2
JMPQCPPXHXSEIC-XJKSGUPXSA-N,O=c1c2cccnc2ncn1Cc1nc(C2COC(c3ccccc3)C2)no1,1,2
JNDWMJRPGXBLSS-FOLVSLTJSA-N,O=c1c2[nH]cnc2ncn1Cc1nc(C2C3CN(c4ccccc4)CC32)no1,1,0
JNFFYUYSPBYAOR-KNQAVFIVSA-N,O=C(NCc1cccc(-c2cccnc2)c1)C1CCCN1S(=O)(=O)c1ccccc1,1,3
JNKBSIPJIAHQTP-WOSRLPQWSA-N,O=c1c2[nH]cnc2ncn1Cc1nc(C2C3C=C(c4ccccn4)CC32)no1,1,3
JNKBSIPJIAHQTP-WWGRRREGSA-N,O=c1c2[nH]cnc2ncn1Cc1nc(C2C3C=C(c4ccccn4)CC32)no1,1,3
JOMJJSVRLDEKPU-JYAVWHMHSA-N,O=c1c2[nH]cnc2ncn1Cc1nc(C2C3CN(c4ccncc4)CC32)no1,1,1
JOVMFRRSFHVPLP-CTYIDZIISA-N,O=c1ccc2ncn(Cc3nn(C4CC(c5ccccc5)C4)c(=O)o3)c(=O)c2[nH]1,1,3
JROSFXIRTRVADR-UHFFFAOYSA-N,c1ccc(-c2ccc3[nH]ncc3c2)cc1,1,4
JSZBSUKOUVVBGY-UHFFFAOYSA-N,O=C(Cc1cccc2[nH]c(=O)[nH]c(=O)c12)Nc1nc(-c2ccccc2)cs1,1,3
JTICAAYOYZCRBJ-MCBXIFIFSA-N,O=c1ccc2ncn(Cc3nc(C4C5CN(c6ccccn6)CC54)no3)c(=O)c2[nH]1,1,1
JTULPMHYGMMBHH-QMMMGPOBSA-N,O=c1c2ccoc2ncn1Cc1nnn(CCc2cccs2)n1,1,3
JUEWLMSRGBZOJK-AOIWGVFYSA-N,O=c1c2cccnc2ncn1Cc1nc(C2C3C=C(c4ccccc4)CC32)no1,1,3
JUEWLMSRGBZOJK-YQVWRLOYSA-N,O=c1c2cccnc2ncn1Cc1nc(C2C3C=C(c4ccccc4)CC32)no1,1,3
JUUGPJIRMPHSLY-MQMHXKEQSA-N,O=c1c2[nH]cnc2ncn1Cc1nn(C2CC(c3ccccc3)C2)c(=O)o1,1,3
JVXGITYCCXGECN-UHFFFAOYSA-N,O=C(Cn1ccc2[nH]c(=O)[nH]c(=O)c21)Nc1ccccc1,1,3
JWEUHOBGYUINRR-RBZFPXEDSA-N,O=c1c2[nH]cnc2ncn1Cc1nc(C2COC3(Cc4ccccc43)C2)no1,1,0
JWKCOLSRXWLOLP-GLJUWKHASA-N,O=c1c2[nH]cnc2ncn1Cc1nc(C2C3C=C(c4ccc5scnc5c4)CC32)no1,1,2
JWKCOLSRXWLOLP-PMUMKWKESA-N,O=c1c2[nH]cnc2ncn1Cc1nc(C2C3C=C(c4ccc5scnc5c4)CC32)no1,1,2
JWNCZSYHJIVUEU-GUXCAODWSA-N,O=c1c2cccnc2ncn1Cc1nc(C2C3C=C(c4ccccc4)CC32)no1,1,3
JWNGUBDEKMTXIP-NHAGDIPZSA-N,O=c1c2[nH]cnc2ncn1Cc1nc(C2C3CN(c4cccnc4)CC32)no1,1,4
JWRZFUGWLNUYGD-UHFFFAOYSA-N,O=C(Cn1cnc2[nH]c(=O)[nH]c(=O)c21)Nc1cccc(-c2cncnc2)n1,1,0
JWYKVNCEXVVNTP-UHFFFAOYSA-N,c1ccc(NC2CCCCC2)cc1,1,2
JYCCDTYCMUOGBQ-LBPRGKRZSA-N,O=C(Cn1cnc2[nH]c(=O)[nH]c(=O)c21)Nc1csc(-c2cccnc2)n1,1,1
JYHBGHGDNGBHLR-LBPRGKRZSA-N,O=C(Cn1cnc2[nH]c(=O)n(Cc3ccon3)c(=O)c21)Nc1cncc(-c2cccnc2)n1,1,2
JYMGYVCGGDSUSP-IPVJXJPOSA-N,O=c1c2cccc(=O)n2ccn1Cc1nc(C2CC(c3ccccc3)C2)no1,1,3
JYQQTCCLMQYYSB-RYRKJORJSA-N,O=c1c2[nH]cnc2ncn1Cc1nc(C2C3C=C(c4ccccc4)CC32)no1,1,3
JYTFGJCBRILOIU-LBPRGKRZSA-N,O=c1c2[nH]cnc2ncn1Cc1nn(CC2CCc3ccccc32)c(=O)o1,1,4
JYVPQGZHLMFNTN-UHFFFAOYSA-N,c1ccncc1,1,4
JZBLZBUYBKFIGJ-CCKFTAQKSA-N,O=c1c2ccncc2ncn1Cc1nc(C2C3Cc4ccccc4C32)no1,1,2
JZBLZBUYBKFIGJ-GDIGMMSISA-N,O=c1c2ccncc2ncn1Cc1nc(C2C3Cc4ccccc4C32)no1,1,2
JZXXBEFFCKCRCF-IGOJGBNBSA-N,O=c1c2ccncc2ncn1Cc1nc(C2C3CN(c4ccccc4)CC32)no1,1,0
KAVXLDFMUNWDLX-GCJKJVERSA-N,O=C(NCc1ccnc(-c2ccccc2)c1)C1CCCN1S(=O)(=O)c1ccccc1,1,1
KBDWUWKNXJLWES-LLVKDONJSA-N,O=c1c2[nH]cnc2ncn1Cc1nn(CCc2ccccc2)c(=O)o1,1,2
KBDWUWKNXJLWES-NSHDSACASA-N,O=c1c2[nH]cnc2ncn1Cc1nn(CCc2ccccc2)c(=O)o1,1,2
KBGYHCULXCGUTB-YEORSEQZSA-N,O=c1c2[nH]cnc2ncn1Cc1nc(C2CC(Oc3ccccc3)C2)no1,1,1
KBJLJHMMMFHLOW-SMDDNHRTSA-N,O=c1c2[nH]nnc2cnn1Cc1nc(C2COC(c3ccccc3)C2)no1,1,3
KBZMFUUCCJSHOG-XLIONFOSSA-N,O=C(NCc1cccc(-c2cncnc2)c1)C1CCC1S(=O)(=O)c1ccccc1,1,2
KCBWYEIWBIVYQK-UHFFFAOYSA-N,O=c1c2cncn2ncn1Cc1nc(CCc2ccccc2)no1,1,3
KCBYJLXRAIWJKQ-MSOLQXFVSA-N,O=C(NCc1cnn(-c2cccnc2)c1)C1CCCC1S(=O)(=O)c1ccccc1,1,0
KCBYJLXRAIWJKQ-QNSVNVJESA-N,O=C(NCc1cnn(-c2cccnc2)c1)C1CCCC1S(=O)(=O)c1ccccc1,1,0
KDJIYOOVUNTKAJ-FUHWJXTLSA-N,O=c1c2cnc(N3CCNCC3)n2ncn1Cc1nc(C2COC(c3ccccc3)C2)no1,1,2
KDLVKFCBCTXDOW-SWKFRHMKSA-N,O=C(Cc1coc2[nH]c(=O)[nH]c(=O)c12)N=c1[nH]c(-c2ccccc2)cs1,1,1
KDMQTXGHOYJLOQ-NZQKXSOJSA-N,O=C(NCc1cccc(-c2cncnc2)c1)C1CCCN1S(=O)(=O)c1ccccc1,1,1
KDXRBPDHOHGHLI-GXFFZTMASA-N,O=c1c2cncn2ncn1Cc1nc(C2COC(c3ccccc3)C2)no1,1,3
KEABNWALVFPWDZ-ZDUSSCGKSA-N,O=c1c2ccsc2ncn1Cc1nc(CCc2ccccc2)no1,1,4
KEQCKEFNTDXKBN-UHFFFAOYSA-N,O=C(CNC(=O)c1ccccc1)c1ccccc1,1,2
KFLJBILIWFLJMW-SWLSCSKDSA-N,O=c1c2cccnc2ncn1Cc1nc(C2COC(c3ccccc3)C2)no1,1,2
KFPIBSJOVPWQQT-UHFFFAOYSA-N,O=C(Cc1cccc2[nH]c(=O)[nH]c(=O)c12)Nc1nc(-c2ccccc2)cs1,1,3
KFZGTVWNSIPNCQ-NRFANRHFSA-N,O=C(NCc1cn(-c2ccccc2)c(=O)[nH]c1=O)C1CCCN1S(=O)(=O)c1cc2cnccc2o1,1,3
KGDYRCIWRHRFPK-OWOJBTEDSA-N,C(=Cc1ccccc1)c1ccccc1,1,3
KGRANTXTMXDAIF-VYKXQCJSSA-N,C(=CCCC1CCCOO1)CCC1=CCCCC1,1,3
KGVMCKSYBGNOLM-IVMQYODDSA-N,O=C(Cn1cnc2[nH]c(=O)[nH]c(=O)c21)Nc1cccc(-c2ccc(N3CC4CC4C3)nc2)n1,1,2
KGZSYEIVIHQFAV-UHFFFAOYSA-N,O=C(Cc1nsc2[nH]c(=O)[nH]c(=O)c12)Nc1nc(-c2ccccc2)cs1,1,2
KHBHURZBJBAUPN-MBBMFPOLSA-N,c1ccccc1,1,1
KHBHURZBJBAUPN-MZRBSKCNSA-N,c1ccccc1,1,1
KHCMGMZHKZFVBB-KRWDZBQOSA-N,O=C(NCc1ccccc1)C1CCCN1S(=O)(=O)c1ccccc1,1,2
KHIPZNLPSJMFRQ-MNZLEMJZSA-N,O=c1c2cccnc2ncn1Cc1nc(C2C3CN(c4ccccc4)CC32)no1,1,4
KHKAWXWOIAMQMU-MOPGFXCFSA-N,O=C(Cc1cn(-c2cncnc2)nc1C1CC1)NC1CCC1S(=O)(=O)c1ccccc1,1,4
KHNKWIRXUWCUEJ-FOLVSLTJSA-N,O=c1c2[nH]cnc2ncn1Cc1nc(C2C3CN(c4ccccc4)CC32)no1,1,0
KHSABDQBZIWQTO-ZDUSSCGKSA-N,O=C(Cn1cnc2[nH]c(=O)n(Cc3ncno3)c(=O)c21)Nc1cccc(-c2cccnc2)n1,1,0
KHZLLVHHICAXLI-JYAVWHMHSA-N,O=c1c2[nH]cnc2ncn1Cc1nc(C2C3CN(c4ccccn4)CC32)no1,1,1
KIBRIXFLSAEWRD-MNNVXMFVSA-N,O=C(Cn1cnc2[nH]c(=O)[nH]c(=O)c21)Nc1cccc(-c2ccc(N3CC4CC4C3)nc2)n1,1,2
KISLLAVVUQSKFA-BEFAXECRSA-N,O=C(NCc1cc(-c2cccnc2)ncn1)C1CCCN1S(=O)(=O)c1ccccc1,1,0
KISLLAVVUQSKFA-KXBFYZLASA-N,O=C(NCc1cc(-c2cccnc2)ncn1)C1CCCN1S(=O)(=O)c1ccccc1,1,0
KKAXOBZHIMMGAT-GOEBONIOSA-N,O=c1n(Cc2nc(C3COC(c4ccccc4)C3)no2)nc2ccccn12,1,2
KKHGKGCIZAIQFF-QHCPKHFHSA-N,O=C(NCc1cc(-c2ccccn2)c[nH]c1=O)C1CCCN1S(=O)(=O)c1cc2ccccc2o1,1,0
KMNAEBCIGPEECD-UHFFFAOYSA-N,O=c1c2ccncc2ncn1Cc1nn(CCc2ccccc2)c(=O)o1,1,4
KNPPROPWZGMELQ-UTKZUKDTSA-N,O=C(NCc1cc(-c2ccccc2)ncn1)C1CCCN1S(=O)(=O)c1ccccc1,1,4
KOJGDUNEMGGIAC-UHFFFAOYSA-N,O=C(CCCCCCCCc1ccccc1)CCc1ccccc1,1,2
KOYSGBCDWRHDGA-QFIPXVFZSA-N,O=C(NCc1cc(-c2cccnc2)c[nH]c1=O)C1CCCN1S(=O)(=O)c1cc2ccccc2o1,1,4
KQDOMOCNSBRDDX-DZGCQCFKSA-N,O=c1c2cccnc2ncn1Cc1nc(C2COC(c3ccccc3)C2)no1,1,2
KQWPJWCPXVABPC-DEOSSOPVSA-N,O=C(NCc1c[nH]c(=O)c(-c2ccccc2)c1)C1CCCN1S(=O)(=O)c1cc2ccccc2o1,1,2
KRBDFQDQWIUJAV-ZDUSSCGKSA-N,O=C(Cn1cnc2[nH]c(=O)n(Cc3ccon3)c(=O)c21)Nc1cncc(-c2cccnc2)n1,1,2
KRKWCQHXZXSWFM-UHFFFAOYSA-N,c1ccc(Oc2ncnc3[nH]ccc23)cc1,1,1
KRWUIYYMASCNIU-JTQLQIEISA-N,O=c1c2ccsc2ncn1Cc1nnn(CCc2ccccc2)n1,1,2
KSJHONZXLRBUGV-UHFFFAOYSA-N,O=C(Cn1cnc2[nH]c(=O)[nH]c(=O)c21)Nc1cccc(-c2cccnc2)n1,1,0
KSLQPFSVJVQJTN-UHFFFAOYSA-N,O=C(Cc1ccnc2[nH]c(=O)[nH]c(=O)c12)Nc1nc(-c2ccccc2)cs1,1,0
KTXOJFRLLCSGST-ATCWAGBWSA-N,O=c1c2[nH]cnc2ncn1Cc1nc(C2C3CN(c4ccccc4)CC32)no1,1,0
KTXXTAMHYVKIKC-UHFFFAOYSA-N,O=C(NCc1ccc2[nH]ccc2c1)c1cn2c(=O)n(Cc3ccccc3)c(=O)cc2s1,1,3
KUCKGTYCUCCWBF-UHFFFAOYSA-N,O=C(NCC(Cc1ccccc1)N1CCCC1)C1(c2ccccc2)CCCC1,1,1
KUMFMRYNIVJBRS-UONOGXRCSA-N,O=c1c2[nH]cnc2ncn1Cc1nc(C2COC(c3ccccc3)C2)no1,1,2
KUOPDXDRBGFUSS-UHFFFAOYSA-N,O=C(CNC(=O)c1cnoc1)c1ccccc1,1,3
KUPHFKFESJUDAK-FQEVSTJZSA-N,O=C(NCc1cn(-c2cccnc2)c(=O)[nH]c1=O)C1CCCN1S(=O)(=O)c1cc2ccccc2o1,1,1
KUTXHEQBZVXQNL-UHFFFAOYSA-N,c1ccc(Oc2ncnc3[nH]ccc23)cc1,1,1
KUZQVDWAFOZJOE-QRWLVFNGSA-N,O=C(NCc1cc(N2CCCCC2)ccn1)C1CCCN1S(=O)(=O)c1ccccc1,1,2
KVBIZNGZPXTWQB-GXTWGEPZSA-N,O=c1[nH]cnc2ncn(Cc3nc(C4COC(c5ccccc5)C4)no3)c12,1,2
KVHIQQZLYJNLIF-SQGPQFPESA-N,O=c1c2[nH]cnc2ncn1Cc1nc(C2C3C=C(c4cccc(-c5cnco5)c4)CC32)no1,1,1
KVMFUOIFKMJGTE-IPVJXJPOSA-N,O=c1c2cccnc2ncn1Cc1nc(C2CC(c3ccccc3)C2)no1,1,1
KVPTURFWDARJNL-IGOJGBNBSA-N,O=c1c2ccncc2ncn1Cc1nc(C2C3CN(c4ccccc4)CC32)no1,1,0
KVSPYEYQFMGJNK-GXTWGEPZSA-N,O=c1c2[nH]cnc2ncn1Cc1nc(C2COC(c3ccccc3)C2)no1,1,2
KVVPUULMDPPTDH-SQWLQELKSA-N,O=c1c2[nH]cnc2ncn1Cc1nc(C2C3C=C(c4cccnc4)CC32)no1,1,2
KVVPUULMDPPTDH-YCPHGPKFSA-N,O=c1c2[nH]cnc2ncn1Cc1nc(C2C3C=C(c4cccnc4)CC32)no1,1,2
KWWJAPGGMKHGFX-UHFFFAOYSA-N,O=C(NCC(CC1CCOCC1)N1CCCCC1)C1(c2ccccc2)CCCC1,1,0
KXJKBRSZQXSODD-SWLSCSKDSA-N,c1ccc(C2CC(c3noc(Cn4cnc5cccnc54)n3)CO2)cc1,1,3
KXQHESILURTFDZ-OOHWJJMZSA-N,O=C(Cn1cnc2[nH]c(=O)[nH]c(=O)c21)Nc1cncc(-c2ccc(N3CC4CC4C3)nc2)n1,1,0
KXWZZRHVIAVSMX-UHFFFAOYSA-N,c1ccc(-c2ccc3[nH]ncc3c2)cc1,1,4
KXZXNLHJKUDAQF-UHFFFAOYSA-N,c1ccc(-c2ccc3[nH]ncc3c2)cc1,1,4
KYNKXOOLHDJDOZ-ATCWAGBWSA-N,O=c1c2[nH]cnc2ncn1Cc1nc(C2C3CN(c4ccccc4)CC32)no1,1,0
KZDJEUUOOISTHH-UHFFFAOYSA-N,O=C(NCc1ccncc1)c1cn2c(=O)n(Cc3ccccc3)c(=O)cc2s1,1,2
KZXZMTYISMCMQC-UZLBHIALSA-N,O=C(NCc1cc(-c2ccccn2)ccn1)C1CCCN1S(=O)(=O)c1ccccc1,1,1
KZYIBERUTGMWIW-WILYLXEWSA-N,O=C(NCc1cc(-c2cncnc2)ncn1)C1CCCN1S(=O)(=O)c1ccccc1,1,2
KZYMSANMAJGLBF-RCAAVWGTSA-N,c1ccncc1,1,4
LAMKDCIOIKOTRV-VQFNDLOPSA-N,O=c1c2cccnc2ncn1Cc1nc(C2C3CN(c4ccccc4)CC32)no1,1,4
LAOOFNIDAVFMLB-GXTWGEPZSA-N,O=c1c2[nH]cnc2ncn1Cc1nc(C2COC(c3ccccc3)C2)no1,1,2
LAZQLGQFJPMZPC-OFNKIYASSA-N,O=C(NCc1cccc(-c2cccnc2)c1)C1CCCN1S(=O)(=O)c1ccccc1,1,3
LBCLKSUDHMQCPT-UHFFFAOYSA-N,O=C(CNC(=O)c1cnoc1)c1ccccc1,1,3
LCHWALDJSLNZAF-UHFFFAOYSA-N,O=C(Cn1cnc2[nH]c(=O)n(Cc3ccon3)c(=O)c21)Nc1cccc(-c2cccnc2)n1,1,1
LCVAKFVAVVYVKP-XLIONFOSSA-N,O=C(NCc1cccc(-c2cncnc2)c1)C1CCCN1S(=O)(=O)c1ccccc1,1,1
LDLLVRCAPFWYTL-YWPYICTPSA-N,O=c1c2[nH]cnc2ncn1Cc1nc(C2C3C=C(c4ccccc4)CC32)no1,1,3
LDOFQBOPGCJOBN-NWANDNLSSA-N,O=c1c2[nH]cnc2ncn1Cc1nc(C2C3Cc4ccccc4C32)no1,1,4
LDOFQBOPGCJOBN-SNPRPXQTSA-N,O=c1c2[nH]cnc2ncn1Cc1nc(C2C3Cc4ccccc4C32)no1,1,4
LDWKVFAOUNQPHG-MAUKXSAKSA-N,O=S(=O)(c1ccccc1)N1CCCC1c1ccccc1,1,0
LEKRFJTXKXUQOH-WCQYABFASA-N,O=c1[nH]cnc2ncn(Cc3nc(C4COC(c5ccccc5)C4)no3)c12,1,2
LFAYPGINOVAESB-ATCWAGBWSA-N,O=c1c2[nH]cnc2ncn1Cc1nc(C2C3CN(c4ccccc4)CC32)no1,1,0
LFIARYKUQKQPHR-RUYXUALKSA-N,O=c1c2[nH]cnc2ncn1Cc1nc(C2C3CN(c4ccc5c(c4)CCCC5)CC32)no1,1,0
LFJLLZGVJMOKAN-YCPHGPKFSA-N,O=c1c2[nH]cnc2nnn1Cc1nc(C2C3C=C(c4ccccc4)CC32)no1,1,1
LFLLGOFAJPSJPA-NSHDSACASA-N,O=C1NCCc2c1sc1ncn(Cc3nnn(CCc4cccs4)n3)c(=O)c21,1,0
LFMJKUKQVYUFOI-SHTZXODSSA-N,O=c1c2cccnc2ncn1Cc1nc(C2CC(c3ccccc3)C2)no1,1,1
LFOVPEOOEVQMOM-UHFFFAOYSA-N,c1ccc(-c2ccc3[nH]ncc3c2)cc1,1,4
LFVOFPFXYXXTEY-UHFFFAOYSA-N,O=c1c2[nH]cnc2ncn1Cc1nn(CCCOc2ccccc2)c(=O)o1,1,2
LFYAILSQQZVGPM-ZDUSSCGKSA-N,O=c1ccc2ncn(Cc3nn(CCc4ccccc4)c(=O)o3)c(=O)c2[nH]1,1,0
LGDQCKVOXHGGTO-AWEZNQCLSA-N,O=c1c2cccnc2ncn1Cc1nn(CCc2ccccc2)c(=O)o1,1,4
LGDQCKVOXHGGTO-CQSZACIVSA-N,O=c1c2cccnc2ncn1Cc1nn(CCc2ccccc2)c(=O)o1,1,4
LGMMPJBTYVKDBK-SQWLQELKSA-N,O=c1c2[nH]cnc2ncn1Cc1nc(C2C3C=C(c4ccccc4)CC32)no1,1,3
LGVSQHZAKUBGAR-UHFFFAOYSA-N,O=C(NCc1cnn(-c2ccccc2)c1)C1CCCC1S(=O)(=O)c1ccccc1,1,0
LGVSQHZAKUBGAR-UXHICEINSA-N,O=C(NCc1cnn(-c2ccccc2)c1)C1CCCC1S(=O)(=O)c1ccccc1,1,0
LHKBWGFVZPWGQN-MNZLEMJZSA-N,O=c1c2ccncc2ncn1Cc1nc(C2C3CN(c4ccccc4)CC32)no1,1,0
LHZDFHPXUSASSO-IRLDBZIGSA-N,O=C(NCc1cccc(-c2cccnc2)c1)C1CCCN1S(=O)(=O)c1ccccc1,1,3
LHZORGBUTZZYPP-FHERZECASA-N,O=C(Cn1cnc2[nH]c(=O)[nH]c(=O)c21)Nc1cccc(-c2cnc(N3CC4CC4C3)nc2)n1,1,4
LHZORGBUTZZYPP-UHFFFAOYSA-N,O=C(Cn1cnc2[nH]c(=O)[nH]c(=O)c21)Nc1cccc(-c2cnc(N3CC4CC4C3)nc2)n1,1,4
LIFYIRBVSHHVHX-UHFFFAOYSA-N,O=C(Cn1cnc2[nH]c(=O)n(Cc3ccno3)c(=O)c21)Nc1cccc(-c2cccnc2)n1,1,2
LISYHIGPSGJBLO-GTPINHCMSA-N,O=C(Cn1cnc2[nH]c(=O)[nH]c(=O)c21)Nc1cncc(-c2cnc(N3CC4CC4C3)nc2)n1,1,1
LJNZMPRTKUDPDS-UHFFFAOYSA-N,O=c1c2[nH]cnc2ncn1Cc1nn(CCc2ccccc2)c(=O)o1,1,2
LJVBOYNVRPSCQX-UHFFFAOYSA-N,O=C(Cc1nsc2[nH]c(=O)[nH]c(=O)c12)Nc1nc(-c2ccccc2)cs1,1,2
LKBZHIMJQJYAHH-UHFFFAOYSA-N,O=C1C2=C(NC(=S)NC2c2ccccc2)c2ccccc21,1,2
LKFOIEUPHQVDAK-UHFFFAOYSA-N,c1ccc(Oc2cccc3[nH]ccc23)cc1,1,0
LKFWDDRPBOSQHO-NSHDSACASA-N,O=C(Cn1cnc2[nH]c(=O)[nH]c(=O)c21)Nc1cncc(-c2cncnc2)n1,1,0
LKGOYTNWKHESNU-UHFFFAOYSA-N,c1ccccc1,1,1
LLQYCVKVDILAKB-GXTWGEPZSA-N,S=c1c2[nH]cnc2ncn1Cc1nc(C2COC(c3ccccc3)C2)no1,1,1
LLRCPJPOJWCVFG-NXNVCVFFSA-N,O=c1c2[nH]cnc2ncn1Cc1nc(C2C3CCC(Oc4ccccc4)C32)no1,1,0
LMRCGSHKMMSQEV-SQWLQELKSA-N,O=c1c2[nH]cnc2ncn1Cc1nc(C2C3C=C(c4ccncc4)CC32)no1,1,1
LMRCGSHKMMSQEV-YCPHGPKFSA-N,O=c1c2[nH]cnc2ncn1Cc1nc(C2C3C=C(c4ccncc4)CC32)no1,1,1
LMRQHWNBPZIMFT-UHFFFAOYSA-N,O=C(Cn1cnc2[nH]c(=O)n(Cc3ccon3)c(=O)c21)Nc1ccccn1,1,4
LMTHLRLOCUUWOQ-UHFFFAOYSA-N,c1ccc(-c2ccc3[nH]ncc3c2)cc1,1,4
LMYBZPVFXTXZQG-FOLVSLTJSA-N,O=c1c2[nH]cnc2ncn1Cc1nc(C2C3CN(c4ccccc4)CC32)no1,1,0
LNHYIPIWVZDRTE-KOMQPUFPSA-N,O=c1c2cccc(=O)n2ccn1Cc1nn(C2CC(c3ccccc3)C2)c(=O)o1,1,4
LNPOPNHAJSGXPH-BEFAXECRSA-N,O=C(NCc1ccnc(-c2cncnc2)c1)C1CCCN1S(=O)(=O)c1ccccc1,1,3
LNRZVKYAWMXAPS-UHFFFAOYSA-N,O=C(CNC(=O)c1ccccc1)c1ccccc1,1,2
LNSIRIOINRHVCV-UHFFFAOYSA-N,c1ccc(Nc2n[nH]c3ccccc23)cc1,1,4
LOEVTFQCTSNTAC-IERDGZPVSA-N,O=C(NCc1cc(N2CCCCC2)ccn1)C1CCCN1S(=O)(=O)c1ccccc1,1,2
LORGNQOYVLGAGP-PMACEKPBSA-N,O=C(NCc1cccc(-c2cncnc2)c1)C1CCCN1S(=O)(=O)c1ccccc1,1,1
LOTBKQZXFAVCCV-ATCWAGBWSA-N,O=c1c2[nH]cnc2ncn1Cc1nc(C2C3CN(c4ccccc4)CC32)no1,1,0
LPCOIIXPRFJUPJ-JRZJBTRGSA-N,O=C(Cn1cnc2[nH]c(=O)[nH]c(=O)c21)Nc1cccc(-c2cnc(N3CCCC3)nc2)n1,1,3
LPLVBOWGFAEFOE-GDBMZVCRSA-N,O=c1c2cccnc2ncn1Cc1nn(C2CCC(c3ccccc3)C2)c(=O)o1,1,1
LQLOSOHAEWYAAN-RUYXUALKSA-N,O=c1c2[nH]cnc2ncn1Cc1nc(C2C3CN(c4ccc5ccccc5c4)CC32)no1,1,4
LRHYTZHUYICYOM-UHFFFAOYSA-N,O=C(Cc1coc2[nH]c(=O)[nH]c(=O)c12)Nc1nc(-c2ccccc2)cs1,1,4
LRLWBLKHOSPXAN-APWZRJJASA-N,O=C(NCc1cccc(-c2cscn2)c1)C1CCCN1S(=O)(=O)c1ccccc1,1,0
LRQGQNBGWAVMGR-WCQYABFASA-N,O=c1c2[nH]cnc2ncn1Cc1nc(C2COC(c3ccccc3)C2)no1,1,2
LRXFJLLAFBGRML-GRTSSRMGSA-N,O=C(Cn1cnc2[nH]c(=O)[nH]c(=O)c21)Nc1csc(-c2cnc(N3CC4CC4C3)nc2)n1,1,4
LRZQMDHWCOUOPM-SQWLQELKSA-N,O=c1c2[nH]nnc2ncn1Cc1nc(C2C3C=C(c4ccccc4)CC32)no1,1,0
LRZQMDHWCOUOPM-YCPHGPKFSA-N,O=c1c2[nH]nnc2ncn1Cc1nc(C2C3C=C(c4ccccc4)CC32)no1,1,0
LSUGPAVXOXLORK-JOCHJYFZSA-N,O=C(CNC(=O)N1CCN(c2ccccn2)CC1)c1ccccc1,1,1
LTAAZSNGZSIZQM-UHFFFAOYSA-N,O=C(NCc1ccccc1)c1cn2c(=O)n(Cc3ccccc3)c(=O)cc2s1,1,0
LTDJLTDLWIUUDL-NFOMZHRRSA-N,O=C(Cn1cnc2[nH]c(=O)[nH]c(=O)c21)Nc1ccnc(-c2cnc(N3CC4CC4C3)nc2)n1,1,2
LTWAIMIDHDTCGE-UHFFFAOYSA-N,c1cncc(-c2n[nH]c3ccccc23)c1,1,3
LTXRMKXVBGTLSA-UHFFFAOYSA-N,O=C(Cn1cnc2ncccc2c1=O)NCCc1ccccc1,1,1
LUBDIXHYIRNPIQ-UHFFFAOYSA-N,O=C(Cc1cccc2c1C(=O)NC2=O)Nc1nc(-c2ccccc2)cs1,1,0
LUKBXSAWLPMMSZ-OWOJBTEDSA-N,C(=Cc1ccccc1)c1ccccc1,1,3
LUOQKYCEQBFDOI-MNZLEMJZSA-N,O=c1c2[nH]cnc2ncn1Cc1nc(C2C3CN(c4cnc5ccccc5c4)CC32)no1,1,2
LUTWICAIXWFDLX-DZFIZOCASA-N,O=c1c2[nH]cnc2ncn1Cc1nc(C2C3CN(c4ccc5c(c4)CCC5)CC32)no1,1,1
LVGJWOUPWIVHGT-VKJFTORMSA-N,O=c1c2[nH]cnc2ncn1Cc1nc(C2C3C=C(c4ccc5[nH]ncc5c4)CC32)no1,1,1
LVNGBBYMWXDSCD-UHFFFAOYSA-N,O=C(Cc1ccnc2[nH]c(=O)[nH]c(=O)c12)Nc1nc(-c2ccccc2)cs1,1,0
LWHBTYBHTYESIQ-UHFFFAOYSA-N,c1ccc(Oc2ncnc3[nH]ccc23)cc1,1,1
LWLNRICWXNERKX-PANOFWHVSA-N,c1ccccc1,1,1
LWPXBBRIJUTOEP-ZDUSSCGKSA-N,O=c1c2ccsc2ncn1Cc1nc(CCc2ccccc2)no1,1,4
LXWUTCSZIGIMGQ-NRFANRHFSA-N,O=C(Cn1cnc2[nH]c(=O)n(Cc3ccccn3)c(=O)c21)Nc1cccc(-c2cnc(N3CCCC3)nc2)n1,1,4
LXYWSBOWXXFXME-QAPCUYQASA-N,O=C(NCc1cnn(-c2cccnc2)c1)C1CCCN1S(=O)(=O)c1ccccc1,1,1
LYNYBISSXARLGD-UHFFFAOYSA-N,O=C(Cc1cccc2[nH]c(=O)[nH]c(=O)c12)Nc1nc(-c2ccccc2)cs1,1,3
LYYSCYDFWXHSRF-LAQFHYBYSA-N,O=c1c2[nH]cnc2ncn1Cc1nc(C2C3CN(c4ccc5scnc5c4)CC32)no1,1,2
LZAWPGLJCUXQOP-UHFFFAOYSA-N,c1ccccc1,1,1
LZLVNQUCQLQASZ-UHFFFAOYSA-N,O=C(Cn1ccc2[nH]c(=O)[nH]c(=O)c21)Nc1ccccc1,1,3
LZRMYUSAULVNHO-WCQYABFASA-N,O=c1c2[nH]cnc2cnn1Cc1nc(C2COC(c3ccccc3)C2)no1,1,2
LZZAVIYOWBNZER-VYDXJSESSA-N,O=c1c2[nH]cnc2ncn1Cc1nc(C2C3C=C(c4ccccc4)CC32)no1,1,3
LZZAVIYOWBNZER-ZMSDIMECSA-N,O=c1c2[nH]cnc2ncn1Cc1nc(C2C3C=C(c4ccccc4)CC32)no1,1,3
MAAPLVMPZDDSFI-ZETCQYMHSA-N,O=c1[nH]c(=O)c2[nH]cnc2[nH]1,1,0
MALXQNURGIETDN-MOPGFXCFSA-N,O=C(NCc1cnn(-c2ccccc2)c1)C1CCC1S(=O)(=O)c1ccccc1,1,2
MALXQNURGIETDN-UHFFFAOYSA-N,O=C(NCc1cnn(-c2ccccc2)c1)C1CCC1S(=O)(=O)c1ccccc1,1,2
MANPXGYRIORUOE-GOEBONIOSA-N,O=c1c2cccnc2ncn1Cc1nc(C2COC(c3ccccc3)C2)no1,1,2
MARWGKHZVAMFRS-HNNXBMFYSA-N,O=C(Cn1cnc2[nH]c(=O)n(Cc3ccon3)c(=O)c21)Nc1cccc(-c2cccnc2)n1,1,1
MBEIRYJQOWMKGK-UHFFFAOYSA-N,O=C(Cn1cnc2[nH]c(=O)n(Cc3ncon3)c(=O)c21)Nc1cccc(-c2cccnc2)n1,1,0
MBFAPSKWPISCAC-OOAXWGSJSA-N,O=C(Cc1coc2[nH]c(=O)[nH]c(=O)c12)N=c1[nH]c(-c2ccccc2)cs1,1,1
MBHKUJMCEPPIEW-MNZLEMJZSA-N,O=c1c2[nH]cnc2ncn1Cc1nc(C2C3CN(c4cccc(-c5cnco5)c4)CC32)no1,1,2
MBQFITADUYCEOL-UHFFFAOYSA-N,O=C(Cn1cnc2[nH]c(=O)[nH]c(=O)c21)Nc1cccc(-c2cncnc2)n1,1,0
MCSVDEMEILTGTA-LURJTMIESA-N,O=c1[nH]c(=O)c2[nH]cnc2[nH]1,1,0
MDZCDAYNNUPZDO-NQZBTDCJSA-N,O=C(NCc1cc(-c2cncnc2)nc(C2CC2)n1)C1CCCN1S(=O)(=O)c1ccccc1,1,1
MESAZEZGAZMOOO-UHFFFAOYSA-N,O=C(Cc1cccc2[nH]c(=O)[nH]c(=O)c12)Nc1nc(-c2ccccc2)cs1,1,3
MFRZFIMXWVKZNR-UHFFFAOYSA-N,O=C(Cn1cnc2[nH]c(=O)[nH]c(=O)c21)Nc1cccc(-c2ccccc2)n1,1,4
MGGVBMYIXILZHA-UHFFFAOYSA-N,O=C(Cc1ccnc2[nH]c(=O)[nH]c(=O)c12)Nc1nc(-c2ccccc2)cs1,1,0
MHAHARMDLJOTNL-NSHDSACASA-N,O=C(Cn1cnc2[nH]c(=O)n(Cc3ncon3)c(=O)c21)Nc1csc(-c2cccnc2)n1,1,2
MHCWTBFSBKNAMQ-DCPHZVHLSA-N,O=C(NCc1ccnc(-c2cncnc2)c1)C1C2CC2CN1S(=O)(=O)c1ccccc1,1,2
MHTJEUOFLVQMCL-NJHPPEEMSA-N,c1ccccc1,1,1
MHTJEUOFLVQMCL-UFVXJIOISA-N,c1ccccc1,1,1
MHVONIOEJOVODB-UHFFFAOYSA-N,c1ccc(Oc2ncnc3[nH]ccc23)cc1,1,1
MJFAWSAGOMZKPI-RAXQPMNESA-N,O=C(Cc1coc2[nH]c(=O)[nH]c(=O)c12)N=c1[nH]c(-c2ccccc2)cs1,1,1
MJLDVLCZYBQYAL-UHFFFAOYSA-N,O=C(Cc1coc2[nH]c(=O)[nH]c(=O)c12)Nc1nc(-c2ccccc2)cs1,1,4
MJYWLKTXRPVKEZ-MSOLQXFVSA-N,O=C(Cc1cnn(-c2cccnc2)c1)NC1CCC1S(=O)(=O)c1ccccc1,1,0
MJYWLKTXRPVKEZ-UHFFFAOYSA-N,O=C(Cc1cnn(-c2cccnc2)c1)NC1CCC1S(=O)(=O)c1ccccc1,1,0
MJZFLVZBZCNKDO-LBPRGKRZSA-N,O=c1c2ccsc2ncn1Cc1nnn(CCc2cc3ccccc3o2)n1,1,1
MKBIZVCFJOWGMO-LSDHHAIUSA-N,O=c1c2[nH]cnc2ncn1Cc1nc(C2COC(c3ccccc3)C2)no1,1,2
MKFGBLWMDLQLDI-GRTSSRMGSA-N,O=C(Cn1cnc2[nH]c(=O)[nH]c(=O)c21)Nc1ccnc(-c2cnc(N3CC4CC4C3)nc2)n1,1,2
MKIKGQZGGGLNPU-LBPRGKRZSA-N,O=c1c2ccsc2ncn1Cc1nnn(CCc2cc3ccccc3o2)n1,1,1
MKOVVWJQLPYAMT-UHFFFAOYSA-N,c1ccc(-c2n[nH]c3ccccc23)cc1,1,3
MKZWVKSABWOAEC-UHFFFAOYSA-N,c1ccc(-c2cn3ccccc3n2)cc1,1,0
MLVMMKNPHXPAAR-SUMWQHHRSA-N,O=c1c2cccnc2cnn1Cc1nc(C2COC(c3ccccc3)C2)no1,1,3
MMEGDRGXGKDKMU-FOLVSLTJSA-N,O=c1[nH]c(=O)c2c(ncn2Cc2nc(C3C4CN(c5ccccc5)CC43)no2)[nH]1,1,3
MMNOSEAJUARMOD-OOHWJJMZSA-N,O=C(Cn1cnc2[nH]c(=O)[nH]c(=O)c21)Nc1cncc(-c2ccc(N3CC4CC4C3)nc2)n1,1,0
MMPAULQSJLVKHP-UHFFFAOYSA-N,c1ccc(-c2nnnn2Cc2cccnc2)cc1,1,4
MMRVTSMOSFLTST-UHFFFAOYSA-N,O=C(Cc1[nH]nc2[nH]c(=O)[nH]c(=O)c12)Nc1nc(-c2ccccc2)cs1,1,4
MNMZXKKNMFGYBW-ZDUSSCGKSA-N,O=C(Cn1cnc2[nH]c(=O)[nH]c(=O)c21)Nc1ccnc(-c2cccnc2)n1,1,1
MNWQVIWMYZQBRS-MQMHXKEQSA-N,O=c1c2[nH]cnc2ncn1Cc1nn(C2CC(Oc3ccccc3)C2)c(=O)o1,1,2
MOCHTZHSWMIZAF-UZLBHIALSA-N,O=C(NCc1ccnc(-c2cccnc2)c1)C1CCCN1S(=O)(=O)c1ccccc1,1,0
MQBRPGZLHZUVDU-UHFFFAOYSA-N,O=C(Cn1ccc2[nH]c(=O)[nH]c(=O)c21)Nc1nc(-c2ccccc2)cs1,1,1
MQPVCEGYFVTWDL-UHFFFAOYSA-N,O=C(Cc1coc2[nH]c(=O)[nH]c(=O)c12)Nc1nc(-c2ccccc2)cs1,1,4
MQUKIMHLRYIAML-HSZRJFAPSA-N,O=C(NCc1cc(-c2cccnc2)ncn1)C1CCCN1S(=O)(=O)c1ccccc1,1,0
MQWVXCFLFCEROX-INIZCTEOSA-N,O=C(NCc1cnn(-c2cccnc2)c1)C1CCN1S(=O)(=O)c1ccccc1,1,3
MRBQQESZUMBYBU-OXFYSEKESA-N,C1=C(CCC2CCCOO2)CCCC1,1,4
MRBQQESZUMBYBU-WRWLIDTKSA-N,C1=C(CCC2CCCOO2)CCCC1,1,4
MRHRRDRSFAZUKB-UHFFFAOYSA-N,c1ccc(-c2n[nH]c3cccnc23)cc1,1,4
MRIRDTYIRGDISF-UHFFFAOYSA-N,O=C(NCSc1ccccc1)c1ccccc1,1,0
MRJQAVHTQSPKOG-HALDLXJZSA-N,O=c1[nH]cnc2cnn(Cc3nc(C4C5CN(c6ccccc6)CC54)no3)c12,1,2
MRLQZWIORUYYAK-SWLSCSKDSA-N,O=c1c2[nH]cnc2cnn1Cc1nc(C2COC(c3ccccc3)C2)no1,1,2
MSAYCLQQORKAFC-UHFFFAOYSA-N,O=C(Cn1ccc2[nH]c(=O)[nH]c(=O)c21)Nc1nc(-c2ccccc2)cs1,1,1
MSLUZYJVJCAREX-CTNGQTDRSA-N,O=C(NCc1cc(-c2ccccc2)ncn1)C1CCC1S(=O)(=O)c1ccccc1,1,1
MSQPVCFZSCZFMD-UHFFFAOYSA-N,O=C(Cc1coc2[nH]c(=O)[nH]c(=O)c12)Nc1nc(-c2ccccc2)cs1,1,4
MSYGBWPPRVPMSJ-MRXNPFEDSA-N,O=S(=O)(c1ccccc1)N1CCCC1c1ccccc1,1,0
MSZQIMOHOGZARD-UHFFFAOYSA-N,c1ccc(-c2ccc3[nH]ncc3c2)cc1,1,4
MTGXVBRHBMNUOU-GXTWGEPZSA-N,O=c1c2[nH]cnc2ncn1Cc1nc(C2COC(c3ccccc3)C2)no1,1,2
MUOIGSUAOLUOMW-UHFFFAOYSA-N,O=c1[nH]c2nc[nH]c2c(=O)n1Cc1ncno1,1,1
MWEJPRYWFKNEQK-UHFFFAOYSA-N,O=C(CNC(=O)c1ccccc1)c1ccccc1,1,2
MWNYBDMBUNWRDN-UHFFFAOYSA-N,O=C(c1cn2c(=O)n(Cc3ccccc3)c(=O)cc2s1)N1CCC(Oc2ccccc2)CC1,1,4
MWVJVARWBHTASX-HUBLWGQQSA-N,O=c1c2[nH]cnc2ncn1Cc1nc(C2C3Oc4ccccc4C32)no1,1,4
MWVJVARWBHTASX-LALPHHSUSA-N,O=c1c2[nH]cnc2ncn1Cc1nc(C2C3Oc4ccccc4C32)no1,1,4
MXDJEHKNIKUPOY-CMPLNLGQSA-N,O=c1c2scnc2ncn1Cc1nc(C2COC(c3ccccc3)C2)no1,1,1
MYASRSUUBFDVPB-BEFAXECRSA-N,O=C(NCc1ccnc(-c2cncnc2)c1)C1CCCN1S(=O)(=O)c1ccccc1,1,3
MYBJZJMUOIRKIX-CYXPSIDGSA-N,C=C1CCCCC1CCC1CCCOO1,1,2
MYECAPLZRDMDEP-NRFANRHFSA-N,O=C(NCc1ccc(=O)n(-c2ccccc2)c1)C1CCCN1S(=O)(=O)c1cc2ccccc2o1,1,0
MYGMWKBCBYXEOU-UHFFFAOYSA-N,O=C(Cn1cnc2[nH]c(=O)[nH]c(=O)c21)Nc1cccc(-c2ccccc2)n1,1,4
MYIJPYOIQWNCTL-UHFFFAOYSA-N,O=C(Cc1cccc2c1C(=O)NC2=O)Nc1nc(-c2ccccc2)cs1,1,0
MYPMHHGCMJXXDR-NRFANRHFSA-N,O=C(NCc1ccc(=O)n(-c2ccccc2)c1)C1CCCN1S(=O)(=O)c1cc2ccccc2o1,1,0
MZBAUWHFVTWOCF-UHFFFAOYSA-N,c1ccc(-c2n[nH]c3cc(NC4CCN(CC5CC5)CC4)cnc23)cc1,1,1
MZDLKLCZJYQPTH-GOEBONIOSA-N,O=C(Cn1cnc2[nH]c(=O)[nH]c(=O)c21)Nc1csc(-c2cnc(N3CCCC3)nc2)n1,1,1
MZDLKLCZJYQPTH-HOCLYGCPSA-N,O=C(Cn1cnc2[nH]c(=O)[nH]c(=O)c21)Nc1csc(-c2cnc(N3CCCC3)nc2)n1,1,1
MZGUKCQKDCDZDA-NSHDSACASA-N,O=c1c2ccsc2ncn1Cc1nnn(CCc2ccc3c(c2)OCO3)n1,1,0
MZVLUJKMPFKSCI-UHFFFAOYSA-N,O=c1c2cncnc2ncn1Cc1nn(CCc2ccccc2)c(=O)o1,1,1
NAIFTAJHKHUWIN-NWANDNLSSA-N,O=c1c2[nH]cnc2ncn1Cc1nc(C2C3Cc4ccccc4C32)no1,1,4
NAIFTAJHKHUWIN-SNPRPXQTSA-N,O=c1c2[nH]cnc2ncn1Cc1nc(C2C3Cc4ccccc4C32)no1,1,4
NAIQURVKOAEMNP-UHFFFAOYSA-N,O=C(Cn1cnc2[nH]c(=O)[nH]c(=O)c21)Nc1cccc(-c2cccnc2)n1,1,0
NAOMZGKLBJKTAT-UHFFFAOYSA-N,O=c1c2nccnc2ncn1Cc1nc(CCc2ccccc2)no1,1,3
NASBLTGMHKILDI-LBPRGKRZSA-N,O=C(Cn1cnc2[nH]c(=O)[nH]c(=O)c21)Nc1csc(-c2cccnc2)n1,1,1
NBNOGVOWEZWSDX-UHFFFAOYSA-N,O=C(Cc1coc2[nH]c(=O)[nH]c(=O)c12)Nc1nc(-c2ccccc2)cs1,1,4
NBSLXNJLYUHGDR-IGOJGBNBSA-N,O=c1c2ccncc2ncn1Cc1nc(C2C3CN(c4ccccc4)CC32)no1,1,0
NBWWXTRHLDJUJO-UHFFFAOYSA-N,c1ccc(-c2cn3ccccc3n2)cc1,1,0
NCAMCMDMPZEGLJ-AWEZNQCLSA-N,O=C(Cn1cnc2[nH]c(=O)n(Cc3ccccn3)c(=O)c21)Nc1cncc(-c2cccnc2)n1,1,4
NCCUKKILHUYRJX-UXHICEINSA-N,O=C(Cn1cc(-c2ccccc2)cn1)NC1CCC1S(=O)(=O)c1ccccc1,1,4
NCURYYQHLSRXOT-UHFFFAOYSA-N,O=C(Cc1coc2[nH]c(=O)[nH]c(=O)c12)Nc1nc(-c2ccccc2)cs1,1,4
NDCBWQCTQSTKJY-UHFFFAOYSA-N,c1ccccc1,1,1
NERDQWNAJADUOY-CVDCTZTESA-N,O=C(NCc1cn(-c2ccccn2)c(=O)[nH]c1=O)C1CCCN1S(=O)(=O)c1cc2ccccc2o1,1,1
NETQTTFOIRBCDZ-AEFFLSMTSA-N,O=C(NCc1cccc(-c2nccs2)c1)C1CCCN1S(=O)(=O)c1ccccc1,1,1
NFNBZWYHKFLQAP-UHFFFAOYSA-N,O=C1C2=C(NC(=S)NC2c2ccccc2)c2ccccc21,1,2
NGORHOBBMAHQFE-LAQFHYBYSA-N,O=c1c2[nH]cnc2ncn1Cc1nc(C2C3CN(c4ccccc4)CC32)no1,1,0
NGVRXPJMFITBJX-AWEZNQCLSA-N,O=c1c2ccsc2ncn1Cc1nnn(CCc2ccccc2)n1,1,2
NHABUIFDSBXZLP-JEYLPNPQSA-N,O=C(Cn1cnc2[nH]c(=O)[nH]c(=O)c21)Nc1cncc(-c2ccc(N3CC4CC4C3)nc2)n1,1,0
NHFRFZWACDLIJO-GRTSSRMGSA-N,O=C(Cn1cnc2[nH]c(=O)n(Cc3ncno3)c(=O)c21)Nc1csc(-c2cnc(N3CC4CC4C3)nc2)n1,1,3
NHHOKCAEWOGISL-NFOMZHRRSA-N,O=C(Cn1cnc2[nH]c(=O)[nH]c(=O)c21)Nc1cncc(-c2cnc(N3CC4CC4C3)cn2)n1,1,3
NHXPTCSMIZELNE-UHFFFAOYSA-N,c1ccc(Oc2ncnc3[nH]ccc23)cc1,1,1
NIKXCFKCQIOJGE-IGEOTXOUSA-N,O=C(Cn1cnc2[nH]c(=O)[nH]c(=O)c21)Nc1csc(-c2ccc(N3CC4CC4C3)nc2)n1,1,0
NIVMPNIOANBDGM-UHFFFAOYSA-N,O=C(Cc1cccc2[nH]c(=O)[nH]c(=O)c12)Nc1nc(-c2ccccc2)cs1,1,3
NKQCFZYAGAXSEP-ORMTXKICSA-N,O=c1c2[nH]cnc2ncn1Cc1nc(C2C3CN(c4ccccc4)CC32)no1,1,0
NKUUKWCBPOPJIO-LBPRGKRZSA-N,O=c1c2[nH]cnc2ncn1Cc1nn(CC2CCc3ccccc32)c(=O)o1,1,4
NKZCJCIDAGEUIM-LBPRGKRZSA-N,O=C(Cn1cnc2[nH]c(=O)n(Cc3ncno3)c(=O)c21)Nc1cncc(-c2cccnc2)n1,1,0
NLNWNOMTEBKBKR-NSHDSACASA-N,O=C(Cn1cnc2[nH]c(=O)n(Cc3ncon3)c(=O)c21)Nc1cccc(-c2cncnc2)n1,1,3
NLOJJXVQKKKSMA-UHFFFAOYSA-N,O=C(Cc1[nH]nc2[nH]c(=O)[nH]c(=O)c12)Nc1nc(-c2ccccc2)cs1,1,4
NLWIALKJQZYZKG-UHFFFAOYSA-N,O=c1c2[nH]cnc2ncn1Cc1nn(CCc2ccccc2)c(=O)o1,1,2
NLZYLJKBFOAYMA-UHFFFAOYSA-N,O=C(Cc1coc2[nH]c(=O)[nH]c(=O)c12)Nc1nc(-c2ccccc2)cs1,1,4
NMCHHCFFFJAHSG-MIRVZWSXSA-N,O=c1c2cccnc2ncn1Cc1nn(C2CC(c3ccccc3)C2)c(=O)o1,1,1
NMXYAUFQQIWAEC-MQMHXKEQSA-N,O=c1c2[nH]cnc2ncn1Cc1nn(C2CC(Oc3ccccc3)C2)c(=O)o1,1,2
NNNQVSUPWVEWSZ-UHFFFAOYSA-N,O=C(Cc1cccc2[nH]c(=O)[nH]c(=O)c12)Nc1nc(-c2ccccc2)cs1,1,3
NNQHKCKPDGQFKO-DYXWJJEUSA-N,O=c1c2[nH]c(NC3CCOCC3)nc2ncn1Cc1nc(C2C3C=C(c4ccccc4)CC32)no1,1,1
NNSLKBVDAAEDLW-UHFFFAOYSA-N,O=C(Cc1nsc2[nH]c(=O)[nH]c(=O)c12)Nc1nc(-c2ccccc2)cs1,1,2
NNTSHWHAMWNNPN-CSKARUKUSA-N,O=C(C=Cc1ccccc1)Nc1ccccc1,1,2
NNTVXWSMKXIYQP-FMIVXFBMSA-N,c1ccccc1,1,1
NNTVXWSMKXIYQP-XFXZXTDPSA-N,c1ccccc1,1,1
NOOQUZUAODSSGX-HDMKZQKVSA-N,O=c1c2[nH]cnc2ncn1Cc1nc(C2C3C=C(c4ccc5oncc5c4)CC32)no1,1,4
NOXDIPWNQOTUAB-UHFFFAOYSA-N,O=C(NCSc1ccccc1)c1ccccc1,1,0
NPEFTSHDWRRIGK-QWHZDKJVSA-N,O=c1c2cccnc2ncn1Cc1nc(C2C3CN(c4ccccn4)CC32)no1,1,0
NPMWJMYXYACXRK-UHFFFAOYSA-N,O=c1[nH]c2nc[nH]c2c(=O)n1Cc1ccon1,1,0
NPTHNANPKCRKIP-VIKVFOODSA-N,O=c1c2ccnn2ncn1Cc1nc(C2C3CN(c4ccccn4)CC32)no1,1,1
NPUDHMAZVHROFR-WOSRLPQWSA-N,O=c1c2[nH]cnc2ncn1Cc1nc(C2C3C=C(c4ccccn4)CC32)no1,1,3
NPUDHMAZVHROFR-WWGRRREGSA-N,O=c1c2[nH]cnc2ncn1Cc1nc(C2C3C=C(c4ccccn4)CC32)no1,1,3
NQEUZZGRELLFAS-JJRVBVJISA-N,O=c1c2[nH]cnc2ncn1Cc1nc(C2C3C=C(c4ccccc4)CC32)no1,1,3
NQPPCJDUDWGYDN-MSRIBSCDSA-N,O=c1c2[nH]cnc2ncn1Cc1nc(C2C3CN(c4ccccc4)CC32)no1,1,0
NSCDYGWDPJENAZ-DLBZAZTESA-N,O=c1c2[nH]cnc2ncn1Cc1nc(C2COC(c3ccc(C4CC4)cc3)C2)no1,1,1
NSMVPLGFGKOGBJ-ZHRRBRCNSA-N,O=C(NCc1cc(-c2cccnc2)ncn1)C1CCCN1S(=O)(=O)c1ccccc1,1,0
NSOSVZCRYQUGJD-VIKVFOODSA-N,O=c1c2[nH]cnc2ncn1Cc1nc(C2C3CN(c4ccccn4)CC32)no1,1,1
NSPJVTHVINFJSX-JTQLQIEISA-N,O=c1c2ccsc2ncn1Cc1nc(CCc2ccc3c(c2)OCO3)no1,1,3
NSULWEQZEHFMNX-UHFFFAOYSA-N,O=C(NCC(Cc1ccccc1)N1CCCCC1)C1(c2ccccc2)CCCC1,1,3
NTFPIJYAGREYFB-UHFFFAOYSA-N,O=C(Cc1onc2[nH]c(=O)[nH]c(=O)c12)Nc1nc(-c2ccccc2)cs1,1,0
NTYRFIKFQBKXPB-JEYLPNPQSA-N,O=C(Cn1cnc2[nH]c(=O)[nH]c(=O)c21)Nc1cncc(-c2cnc(N3CC4CC4C3)nc2)n1,1,1
NUSGVFGBRJCICH-UHFFFAOYSA-N,O=C1C2=C(NC(=S)NC2c2ccccc2)c2ccccc21,1,2
NVJRTSJVHGFIRF-UHFFFAOYSA-N,c1ccc(-c2cn3ccccc3n2)cc1,1,0
NVQMCWJWKHEVQL-HPFXQQBRSA-N,O=c1c2[nH]cnc2ncn1Cc1nc(C2C3CN(CCc4ccccc4)CC32)no1,1,0
NWSIRYGEZSHVOK-JPYJTQIMSA-N,O=C(NCc1cc(-c2ccccc2)ncn1)C1CCCN1S(=O)(=O)c1ccccc1,1,4
NXFIEIXVSJMOQL-UHFFFAOYSA-N,c1ccc(-c2ccc3[nH]ncc3c2)cc1,1,4
NXHKYBGXKCFXET-UHFFFAOYSA-N,O=C(Nc1ccccc1)c1cccs1,1,3
NZKRDROSRYWYIZ-AOIWGVFYSA-N,O=c1c2[nH]c(NC3COC3)nc2ncn1Cc1nc(C2C3C=C(c4ccccc4)CC32)no1,1,2
OAFMAMFQRUUJFC-CHWSQXEVSA-N,c1ccc(NC2CCCCC2)cc1,1,2
OALGIPQKCNNGBC-SQWFFKJPSA-N,O=C1C=C(CCC=CCCC2CCCOO2)CCC1,1,1
OAMUBLNNGBSUNW-FQEVSTJZSA-N,O=C(NCc1cn(-c2ccccc2)c(=O)[nH]c1=O)C1CCCN1S(=O)(=O)c1cc2ccccc2o1,1,3
OARAWCIGFKPUOQ-UHFFFAOYSA-N,c1ccc(-c2ccc3[nH]ncc3c2)cc1,1,4
OBEVBOOBEWVPJL-OHOGDBNVSA-N,O=C(NCc1cc(-c2cccnc2)ncn1)C1C2CCC(C2)N1S(=O)(=O)c1ccccc1,1,4
OBHJVFPRSXFZMO-ATCWAGBWSA-N,O=c1c2[nH]cnc2ncn1Cc1nc(C2C3CN(c4ccccc4)CC32)no1,1,0
OCAGWVPJUUSEHZ-UHFFFAOYSA-N,O=C(NCSc1ccccc1)c1ccccc1,1,0
OCPANKWZNDYWSE-PBHICJAKSA-N,O=C(NCc1cnn(-c2cccnc2)c1)C1CCCN1S(=O)(=O)c1ccccc1,1,1
OCRMZDPHJXSESH-BXHXUVEDSA-N,O=c1c2[nH]cnc2ncn1Cc1nc(C2CC(c3ccccc3)C2)no1,1,4
OCTMHUCXAOCKDH-UHFFFAOYSA-N,O=c1c2[nH]cnc2ncn1Cc1nn(CCc2cccs2)c(=O)o1,1,0
ODCGQSLLUGLMSU-UHFFFAOYSA-N,O=C(Cc1nsc2[nH]c(=O)[nH]c(=O)c12)Nc1nc(-c2ccccc2)cs1,1,2
ODPZBRSHIVSPND-GXTWGEPZSA-N,O=c1ccncn1Cc1nc(C2COC(c3ccccc3)C2)no1,1,0
ODUIXUGXPFKQLG-QWRGUYRKSA-N,O=C(c1csc(Nc2ccccc2)n1)N1CCCCC1,1,3
OFCLMLWEVNQPIR-DZGCQCFKSA-N,O=C(Cn1cnc2[nH]c(=O)[nH]c(=O)c21)Nc1ccnc(-c2cnc(N3CCCC3)nc2)n1,1,1
OFCLMLWEVNQPIR-ZFWWWQNUSA-N,O=C(Cn1cnc2[nH]c(=O)[nH]c(=O)c21)Nc1ccnc(-c2cnc(N3CCCC3)nc2)n1,1,1
OFCROMUFKSLDNV-UHFFFAOYSA-N,O=C(Cn1cnc2[nH]c(=O)n(Cc3ccon3)c(=O)c21)Nc1ccc(N2CCCCC2)cn1,1,2
OGLFBGKKIABWEQ-DOTOQJQBSA-N,O=c1c2ccnn2ncn1Cc1nc(C2COC(c3ccc4cn[nH]c4c3)C2)no1,1,1
OGPFIYLORKWHNT-UHFFFAOYSA-N,c1ccc(Oc2ncnc3[nH]ccc23)cc1,1,1
OIMOSWUWUIXKEC-UTKZUKDTSA-N,O=C(NCc1cc(-c2ccccc2)ncn1)C1CCCN1S(=O)(=O)c1ccccc1,1,4
OJDPMUKHSHJUMB-UHFFFAOYSA-N,c1ccc(CC2CCCCC2)cc1,1,1
OJPPDEXGRGOSGZ-QRWLVFNGSA-N,O=C(NCc1cc(-c2ccccc2)ncn1)C1CCCN1S(=O)(=O)c1ccccc1,1,4
OKROUULIEINPBH-KXBFYZLASA-N,O=C(Cn1cnc2[nH]c(=O)n(Cc3ccon3)c(=O)c21)Nc1cncc(-c2cnc(N3CCCC3)nc2)n1,1,3
OKTCWLWVPKWVHH-UHFFFAOYSA-N,O=C(CNC(=O)c1ccccc1)c1ccccc1,1,2
OMAOTMMMFIUYGY-UHFFFAOYSA-N,O=C(Cn1cnc2ccccc2c1=O)NCCc1ccccc1,1,4
OMCPTRKQFMHMFO-BLLLJJGKSA-N,O=c1c2cccnc2cnn1Cc1nc(C2COC(c3ccccc3)C2)no1,1,3
OMMPJIYDEJHEFK-SWLSCSKDSA-N,O=c1c2[nH]ncc2ncn1Cc1nc(C2COC(c3ccccc3)C2)no1,1,1
OMTUXAGTVRSGHC-YQVWRLOYSA-N,O=c1c2[nH]cnc2ncn1Cc1nc(C2C3C=C(c4ccccc4)CC32)no1,1,3
OOABNTZYAYDDFY-WCQYABFASA-N,c1ccc(C2CC(c3noc(Cn4cnc5nccnc54)n3)CO2)cc1,1,2
OOEICVKLQRDYIY-UHFFFAOYSA-N,O=C(c1cn2c(=O)n(Cc3ccccc3)c(=O)cc2s1)N1CCC(Oc2ccccc2)CC1,1,4
OOIANJTYVKDXDO-ZLPCBKJTSA-N,O=C(Cn1cnc2[nH]c(=O)[nH]c(=O)c21)Nc1cncc(-c2ccc(N3CC4CC4C3)nc2)n1,1,0
OOILCLJLPGNGBY-XLIONFOSSA-N,O=C(NCc1ccnc(-c2cncnc2)c1)C1CCCN1S(=O)(=O)c1ccccc1,1,3
OOVNFOVAFVAUEB-FQEVSTJZSA-N,O=C(NCc1cn(-c2ccccn2)c(=O)[nH]c1=O)C1CCCN1S(=O)(=O)c1cc2ccccc2o1,1,1
OOYSDFNECMAJEG-UHFFFAOYSA-N,O=C(Nc1ccccc1)c1ccccc1,1,1
OOZCYHFVKYNNLY-UHFFFAOYSA-N,O=C(Cn1cnc2c1C(=O)NC1=NCCN12)Nc1nc(-c2ccccc2)cs1,1,2
OPLSBZPFTJOKSC-UHFFFAOYSA-N,c1ccc(Nc2n[nH]c3ccccc23)cc1,1,4
OPWGBOAEYGMIKX-UHFFFAOYSA-N,c1ccccc1,1,1
OPWGCVSCPKEDAN-UHFFFAOYSA-N,O=C(Nc1nnc(S(=O)(=O)Nc2ccccc2)s1)c1ccccc1,1,1
OQASTGYBPZQXHT-UHFFFAOYSA-N,c1csc(-c2n[nH]c3ccccc23)c1,1,1
ORDBIMJXWQFKSA-VFNWGFHPSA-N,O=C(NCc1cc(-c2ccccc2)ncn1)C1CCCN1S(=O)(=O)c1ccccc1,1,4
OSASTMYQPFYXAS-XLIONFOSSA-N,O=C(NCc1cn(-c2cccnc2)nc1C1CC1)C1CCCN1S(=O)(=O)c1ccccc1,1,4
OSBWGLVHJYXMNU-VYDXJSESSA-N,O=c1c2[nH]cnc2ncn1Cc1nc(C2C3C=C(c4ccccc4)CC32)no1,1,3
OSBWGLVHJYXMNU-ZMSDIMECSA-N,O=c1c2[nH]cnc2ncn1Cc1nc(C2C3C=C(c4ccccc4)CC32)no1,1,3
OSIHVFBKSGLNSB-UHFFFAOYSA-N,O=c1c2[nH]cnc2ncn1Cc1nn(CCc2ccccc2)c(=O)o1,1,2
OSRJLGOOPNGZRD-UHFFFAOYSA-N,O=C(CNC(=O)c1ccccc1)c1ccccc1,1,2
OSUPAEDILOOTGJ-DZGCQCFKSA-N,O=c1ccn2c(=O)n(Cc3nc(C4COC(c5ccccc5)C4)no3)ccc2n1,1,0
OSVVWQSAPRHYFQ-UHFFFAOYSA-N,c1ccc(Oc2ncnc3[nH]ccc23)cc1,1,1
OTONXOROEOKVFV-GXTWGEPZSA-N,O=c1c2ccnn2ncn1Cc1nc(C2COC(c3ccccc3)C2)no1,1,2
OUFMSVRFVDNVAQ-UHFFFAOYSA-N,O=c1c2[nH]cnc2ncn1Cc1nn(CCc2cccc(-c3ccccc3)c2)c(=O)o1,1,1
OUIWGZWQOLEJRB-QRIPLOBPSA-N,O=C(NCc1ccnc(-c2cccnc2)c1)C1CCCN1S(=O)(=O)c1ccccc1,1,0
OUKDYRGLICRORO-ATCWAGBWSA-N,O=c1c2[nH]ncc2ncn1Cc1nc(C2C3CN(c4ccccn4)CC32)no1,1,0
OUOCXXWHUVVIMO-UHFFFAOYSA-N,c1ccc(-c2nc3ccccn3c2NC2CC2)cc1,1,1
OUOJOESQQFDWPE-RZQQEMMASA-N,O=c1ccc2ncn(Cc3nc(C4C5C=C(c6ccccc6)CC54)no3)c(=O)c2[nH]1,1,4
OXAKNBOUQBFWOU-FQEVSTJZSA-N,O=C(CNS(=O)(=O)c1ccccc1)NCc1cccc(-c2cnc(N3CCCC3)nc2)c1,1,0
OXBAGLABLAJOLY-MIRVZWSXSA-N,O=c1c2cccnc2ncn1Cc1nn(C2CC(c3ccccc3)C2)c(=O)o1,1,1
OXJIXZHGSZCNBP-IERDGZPVSA-N,O=C(NCc1cc(-c2ccccc2)ncn1)C1CCCN1S(=O)(=O)c1ccccc1,1,4
OXKFPUAIKOJQRA-JYAVWHMHSA-N,O=c1c2[nH]cnc2ncn1Cc1nc(C2C3CN(c4ccncc4)CC32)no1,1,1
OYBNJIXRFLARRD-SWLSCSKDSA-N,O=c1c2cccnc2ncn1Cc1nc(C2COC(c3ccccc3)C2)no1,1,2
OYCZSQKUKRDHOU-UHFFFAOYSA-N,c1ccccc1,1,1
OYJMLCGZSMSIHK-UHFFFAOYSA-N,O=C(Cc1cccc2[nH]c(=O)[nH]c(=O)c12)Nc1nc(-c2ccccc2)cs1,1,3
OYTIHKVAZJQNDV-ZDUSSCGKSA-N,O=C(Cn1cnc2[nH]c(=O)n(Cc3ccon3)c(=O)c21)Nc1csc(-c2cccnc2)n1,1,3
OYUSSTRGYVQVEE-UHFFFAOYSA-N,c1ccc(-c2ccc3[nH]ncc3c2)cc1,1,4
OZYWCNZZAGZNJD-UHFFFAOYSA-N,O=C(Cc1coc2[nH]c(=O)[nH]c(=O)c12)Nc1nc(-c2ccccc2)cs1,1,4
PAEBEJVPSADOMC-HSZRJFAPSA-N,O=C(NCC(Cc1ccccc1)N1CCCCC1)C1(c2ccccc2)CCCC1,1,3
PAEBEJVPSADOMC-QHCPKHFHSA-N,O=C(NCC(Cc1ccccc1)N1CCCCC1)C1(c2ccccc2)CCCC1,1,3
PAEBEJVPSADOMC-UHFFFAOYSA-N,O=C(NCC(Cc1ccccc1)N1CCCCC1)C1(c2ccccc2)CCCC1,1,3
PBEOFMXPKRIFLC-JOCQHMNTSA-N,O=c1c2[nH]cnc2ncn1Cc1nc(C2CC(c3ccccc3)C2)no1,1,4
PCPHCZCRTIQJOL-UHFFFAOYSA-N,S=C1Nc2c(oc3ncccc23)C(c2cccc(OCc3cccnc3)c2)N1,1,4
PCRVYTLDPBCCDQ-QMMMGPOBSA-N,O=c1c2ccsc2ncn1Cc1nnn(CCc2cccs2)n1,1,2
PCZBLEDJUILZHT-DZGCQCFKSA-N,O=c1c2cn[nH]c2ncn1Cc1nc(C2COC(c3ccccc3)C2)no1,1,2
PDCHRYNMRDSNLJ-PBHICJAKSA-N,O=C(NCc1cnn(-c2cncnc2)c1)C1CCCN1S(=O)(=O)c1ccccc1,1,3
PDJKELJNZJFLOF-NRFANRHFSA-N,O=C(NCc1cn(-c2ccccc2)c(=O)[nH]c1=O)C1CCN1S(=O)(=O)c1cc2ccccc2o1,1,4
PDLRKEDIAZMXFA-DGCLKSJQSA-N,O=C(NC1CCCCC1)c1ccccc1,1,0
PDVLAYRROWUZQJ-UHFFFAOYSA-N,O=C(NCc1cccnc1)c1cn2c(=O)n(Cc3ccccc3)c(=O)cc2s1,1,0
PEFLRUKKGUWIBC-CMPLNLGQSA-N,O=c1c2scnc2ncn1Cc1nc(C2COC(c3ccccc3)C2)no1,1,1
PEHFNRMZSZUHCM-ZDUSSCGKSA-N,O=C(Cn1cnc2[nH]c(=O)n(Cc3ncon3)c(=O)c21)Nc1cccc(-c2cccnc2)n1,1,0
PFFILXROCXLMKU-QFIPXVFZSA-N,O=C(NCc1cn(-c2ccccc2)c(=O)[nH]c1=O)C1CCCN1S(=O)(=O)c1cc2ccccc2o1,1,3
PGOAAJHGHGCKOZ-UHFFFAOYSA-N,c1ccc(-c2n[nH]c3cccnc23)cc1,1,4
PGPPQKVBZGTYCD-FPOVZHCZSA-N,O=C(NCc1cc(-c2ccccc2)ncn1)C1CCCN1S(=O)(=O)c1ccccc1,1,4
PHGQTOSVXWSIQY-OAHLLOKOSA-N,O=S(=O)(c1ccccc1)N1CCCC1c1ccccc1,1,0
PHNSUXWWTIXLNZ-UHFFFAOYSA-N,O=C(CNC(=O)c1ccccc1)c1ccccc1,1,2
PHQJSLDTLKKGHV-FOLVSLTJSA-N,O=c1c2[nH]cnc2ncn1Cc1nc(C2C3CN(c4ccccc4)CC32)no1,1,0
PIERVTPSZKKBMN-QVDMIQRCSA-N,O=c1c2cccnc2cnn1Cc1nc(C2C3CN(c4ccc5ncsc5c4)CC32)no1,1,3
PIHLKVAETFVCON-UOXRKKOCSA-N,O=C(NCc1cc(-c2cncnc2)ccn1)C1CCCN1S(=O)(=O)c1ccccc1,1,3
PIJOIBMLUGHWEK-UHFFFAOYSA-N,O=C(NCc1ccccc1)c1cn2c(=O)n(Cc3ccccc3)c(=O)cc2s1,1,0
PIMAYQFCABRHBK-UHFFFAOYSA-N,O=c1c2cccnc2ncn1Cc1nc(CCc2ccccc2)no1,1,4
PIMPOWDMRUXOBB-QMMMGPOBSA-N,O=c1c2ccsc2ncn1Cc1nnn(CCc2cccs2)n1,1,2
PJLJDPJGWGMDSJ-UHFFFAOYSA-N,O=c1oc(Cn2ncc3nc[nH]c3c2=O)nn1CCc1ccccc1,1,2
PJMMWANXHNLCLA-UHFFFAOYSA-N,O=c1c2cccnc2ncn1Cc1nc(CCc2ccccc2)no1,1,4
PJRBIKOPYKCNRH-ZETCQYMHSA-N,O=c1[nH]c(=O)c2[nH]cnc2[nH]1,1,0
PJSGHCYHFOHJAO-MQMHXKEQSA-N,O=c1c2[nH]cnc2ncn1Cc1nn(C2CC(c3ccccc3)C2)c(=O)o1,1,3
PJYBQLCOMOPZIT-UHFFFAOYSA-N,c1ccc(-c2ccc3[nH]ncc3c2)cc1,1,4
PKBHAOIFDOPMHC-UHFFFAOYSA-N,O=C(NCc1cn(-c2ccccc2)c(=O)[nH]c1=O)C1(NS(=O)(=O)c2cc3ccccc3o2)CC1,1,4
PKKIGRUIKFFWQO-UHFFFAOYSA-N,O=C(Cc1csc2[nH]c(=O)[nH]c(=O)c12)Nc1nc(-c2ccccc2)cs1,1,3
PKSXAPBVYBUCIY-UHFFFAOYSA-N,c1ccc(-c2cn3ccccc3n2)cc1,1,0
PKZUAQKBDUQBKF-KLHPHEINSA-N,O=C1C2NC=NC2N=CN1Cc1nc(C2COC(c3ccccc3)C2)no1,1,3
PLCMBEBJCVWYCS-UHFFFAOYSA-N,O=C(Cc1cccc2c1C(=O)NC2=O)Nc1nc(-c2ccccc2)cs1,1,0
PLLCCTINGQUQCK-VGSWGCGISA-N,O=C(NCc1cc(-c2ccccc2)ccn1)C1CCCN1S(=O)(=O)c1ccccc1,1,1
PLOIHNZHFPANMY-BEFAXECRSA-N,O=C(NCc1ccnc(-c2cccnc2)c1)C1CCCN1S(=O)(=O)c1ccccc1,1,0
PMWFGSNDBSNHJI-ZDUSSCGKSA-N,O=C(Cn1cnc2[nH]c(=O)n(Cc3ccon3)c(=O)c21)Nc1csc(-c2cccnc2)n1,1,3
PMXSDPMOTVJQHZ-UHFFFAOYSA-N,O=C(Cn1cnc2[nH]c(=O)[nH]c(=O)c21)Nc1csc(-c2cccnc2)n1,1,1
POOZHORJSHQJIX-VYDXJSESSA-N,O=c1c2[nH]cnc2ncn1Cc1nc(C2C3C=C(c4ccccc4)CC32)no1,1,3
POOZHORJSHQJIX-ZMSDIMECSA-N,O=c1c2[nH]cnc2ncn1Cc1nc(C2C3C=C(c4ccccc4)CC32)no1,1,3
PPBOSWYXLDLTQR-NRFANRHFSA-N,O=C(NCc1cn(-c2ccccc2)c(=O)[nH]c1=O)C1CCCN1S(=O)(=O)c1cc2ccccc2o1,1,3
PPHJNQDDPYIFET-UHFFFAOYSA-N,c1ccc(-c2ccc3[nH]ncc3c2)cc1,1,4
PPPUCVVATHINGW-UHFFFAOYSA-N,O=C(CNS(=O)(=O)c1ccccc1)NCC1CCCN(c2ccccc2)C1,1,3
PQLZHXGPCNTDOI-GXTWGEPZSA-N,O=c1c2ccnn2ncn1Cc1nc(C2COC(c3ccccc3)C2)no1,1,2
PQNMHUNFLUYLPR-LBPRGKRZSA-N,O=C(Cn1cnc2[nH]c(=O)[nH]c(=O)c21)Nc1csc(-c2cccnc2)n1,1,1
PQPWYVUBQBVNIU-UHFFFAOYSA-N,O=C(NCC(Cc1ccccc1)N1CCCCC1)C1CCCCC1,1,0
PRCKQIDYJROCLA-HXOBKFHXSA-N,O=C(NCc1cccc(-c2cncnc2)c1)C12CC1CCN2S(=O)(=O)c1ccccc1,1,2
PRDXUIGUMMDGBL-UHFFFAOYSA-N,c1ccc(-c2ccc3[nH]ncc3c2)cc1,1,4
PTCXTLVNQCOOLJ-AAJLLMFJSA-N,O=c1c2[nH]cnc2ncn1Cc1nc(C2C3C=C(c4ccccc4)CC32)no1,1,3
PTLJHZYZENAFPY-ZLPCBKJTSA-N,O=C(Cn1cnc2[nH]c(=O)[nH]c(=O)c21)Nc1cncc(-c2ccc(N3CC4CC4C3)nc2)n1,1,0
PUBSTYZERDDJIW-UHFFFAOYSA-N,O=C1C2=C(NC(=S)NC2c2ccccc2)c2ccccc21,1,2
PUOGINDCHOJOMG-APWZRJJASA-N,O=C(NCc1cc(N2CCCCC2)ncn1)C1CCCN1S(=O)(=O)c1ccccc1,1,1
PVBIJCUQCJVLAL-UHFFFAOYSA-N,O=C(Cn1cnc2[nH]c(=O)n(Cc3ccccn3)c(=O)c21)Nc1csc(-c2cncnc2)n1,1,1
PVFZUNSYFRTUGN-OIBJUYFYSA-N,c1csc(CC2CCCCC2)n1,1,0
PVJKXHORDRYXDV-UHFFFAOYSA-N,O=c1c2[nH]ncc2ncn1Cc1nn(CCc2ccccc2)c(=O)o1,1,2
PVRXMDUFHCZPHZ-UHFFFAOYSA-N,c1ccc(-c2ccc3[nH]ncc3c2)cc1,1,4
PWBYWHFGCWTQNI-VQTJNVASSA-N,O=c1c2[nH]cnc2ncn1Cc1nc(C2COC(c3ccc(-c4ccccc4)cc3)C2)no1,1,1
PXCDDIGJGSYRSZ-FOLVSLTJSA-N,O=c1c2[nH]cnc2ncn1Cc1nc(C2C3CN(c4ccccc4)CC32)no1,1,0
PXCDDIGJGSYRSZ-MIFYACCESA-N,O=c1c2[nH]cnc2ncn1Cc1nc(C2C3CN(c4ccccc4)CC32)no1,1,0
PXDPFFKXKJQMBY-LBPRGKRZSA-N,O=c1c2ccoc2ncn1Cc1nnn(CCc2cc3ccccc3s2)n1,1,4
PXDWCZGBDFEEIA-DTCTWCMCSA-N,c1ccncc1,1,4
PXKKQBVIUIPCPW-NNGSBXSVSA-N,O=C(Cn1cnc2[nH]c(=O)[nH]c(=O)c21)Nc1cccc(-c2cnc(N3CC4CC4C3)nc2)n1,1,4
PXMFTABUBQFGMP-CTNGQTDRSA-N,O=C(NCc1cccc(-c2cccnc2)c1)C1CCCN1S(=O)(=O)c1ccccc1,1,3
PXSJGBKABVHIIW-CTNGQTDRSA-N,O=C(NCc1cc(-c2ccccc2)ncn1)C1CCC1S(=O)(=O)c1ccccc1,1,1
PXSQFGAZGBJIGE-ZRCAFCQKSA-N,O=C(NCc1cccc(-c2cncnc2)c1)C1C2CC2CN1S(=O)(=O)c1ccccc1,1,4
PYCVZEBMKNOBEX-MUWWLHTESA-N,O=c1c2[nH]nnc2ncn1Cc1nc(C2CC(c3ccccc3)C2)no1,1,4
PYFKLAFILPDHPW-JSGCOSHPSA-N,O=C(Cn1cnc2[nH]c(=O)[nH]c(=O)c21)Nc1ccnc(-c2cnc(N3CCCC3)nc2)n1,1,1
PYQZVIOQEOMABN-UHFFFAOYSA-N,O=C(Cc1nsc2[nH]c(=O)[nH]c(=O)c12)Nc1nc(-c2ccccc2)cs1,1,2
PYUVYRLBAXWGIL-UZLBHIALSA-N,O=C(NCc1cccc(-c2cnccn2)c1)C1CCCN1S(=O)(=O)c1ccccc1,1,4
PYVHWBPRXXCCKR-UHFFFAOYSA-N,c1ccc(Nc2n[nH]c3ccncc23)cc1,1,4
PYVKWHMGOQLKRH-ZHRRBRCNSA-N,O=C(NCc1cc(-c2ccccc2)ccn1)C1CCCN1S(=O)(=O)c1ccccc1,1,1
PZLMINJQTMOPFT-UHFFFAOYSA-N,O=c1c2cccnc2ncn1Cc1nn(CCc2ccccc2)c(=O)o1,1,4
PZZQZTSBVOVKIW-WCQYABFASA-N,O=c1c2[nH]cnc2ncn1Cc1nc(C2COC(c3ccccc3)C2)no1,1,2
QACBGXXAWHQEGV-CYGMFBECSA-N,O=C(NCc1cccc(C2CCCCN2)c1)C1CCCN1S(=O)(=O)c1ccccc1,1,1
QAGFMEUYWNRVKG-ZDUSSCGKSA-N,O=C(Cn1cnc2[nH]c(=O)n(Cc3ccccn3)c(=O)c21)Nc1ccnc(-c2cncnc2)n1,1,2
QANDLGIRCKMBGX-UHFFFAOYSA-N,O=C(Cc1cccc2[nH]c(=O)[nH]c(=O)c12)Nc1nc(-c2ccccc2)cs1,1,3
QAYYDMWAJXHPGT-GXFFZTMASA-N,O=c1c2[nH]cnc2ncn1Cc1nc(C2COC(c3ccccn3)C2)no1,1,3
QBTYAOFNADKROF-CMPLNLGQSA-N,c1cncc(CC2CCCCC2)c1,1,4
QBWAUZYYCCITQO-XLIONFOSSA-N,O=C(NCc1cc(-c2cncnc2)ccn1)C1CCCN1S(=O)(=O)c1ccccc1,1,3
QCMMBGNFTCWHKV-UHFFFAOYSA-N,O=C(Cn1cnc2[nH]c(=O)n(Cc3ccccn3)c(=O)c21)Nc1cccc(-c2ccccc2)n1,1,2
QCOUAXOJJUTRGN-HIFPTAJRSA-N,O=C(Cn1cnc2[nH]c(=O)[nH]c(=O)c21)Nc1csc(-c2cnc(N3CC4CC4C3)nc2)n1,1,4
QCPBLUBTTYBKFC-UTKZUKDTSA-N,O=C(NCc1cc(-c2cccnc2)ccn1)C1CCCN1S(=O)(=O)c1ccccc1,1,0
QEHXVVXHOKWNFT-SWLSCSKDSA-N,O=c1c2[nH]nnc2ccn1Cc1nc(C2COC(c3ccccc3)C2)no1,1,3
QEIWOHNHKVKLRF-UHFFFAOYSA-N,O=C(Cc1coc2[nH]c(=O)[nH]c(=O)c12)Nc1nc(-c2ccccc2)cs1,1,4
QFPHKALUCGSAJI-UHFFFAOYSA-N,O=c1c2cccnc2ncn1Cc1nc(CCc2cccnc2)no1,1,0
QGFCPNANNXPVLI-IPVJXJPOSA-N,O=c1c2ccncc2ncn1Cc1nc(C2CC(c3ccccc3)C2)no1,1,4
QGHXAKRXUBZBBB-DZGCQCFKSA-N,O=c1c2[nH]cnc2ncn1Cc1nc(C2COC(c3ccccc3)C2)no1,1,2
QGIXOJCLJSPCPO-UHFFFAOYSA-N,c1ccc(Nc2n[nH]c3cccnc23)cc1,1,0
QHVGCPFDRYRMLN-UHFFFAOYSA-N,c1ccc(-c2cn3ccccc3n2)cc1,1,0
QIFKHTVCZJXBND-JEYLPNPQSA-N,O=C(Cn1cnc2[nH]c(=O)[nH]c(=O)c21)Nc1csc(-c2ccc(N3CC4CC4C3)nc2)n1,1,0
QIGKWJVPNDRBKA-UHFFFAOYSA-N,O=C(Cn1cnc2[nH]c(=O)[nH]c(=O)c21)Nc1cccc(-c2cccnc2)n1,1,0
QIJQKBGRRGZXRH-SIKLNZKXSA-N,O=C(NCc1cc(-c2cccnc2)ncn1)C1CCCN1S(=O)(=O)c1ccccc1,1,0
QITDMZAZRQGDJZ-UHFFFAOYSA-N,c1ccc(Nc2n[nH]c3cccnc23)nc1,1,0
QJBLCHBIHYCOJP-UHFFFAOYSA-N,O=c1c2cccnc2ncn1Cc1noc(CCc2ccccc2)n1,1,4
QJJFPLPNPVMYFT-CTNGQTDRSA-N,O=C(NCc1cccc(-c2cccnc2)c1)C1CCCN1S(=O)(=O)c1ccccc1,1,3
QJUQOEKFYBXEIS-UHFFFAOYSA-N,O=c1c2[nH]cnc2ncn1Cc1nn(CCc2cccc(-c3ccccc3)c2)c(=O)o1,1,1
QJVZVWLHLYIOEK-GTPINHCMSA-N,O=C(Cn1cnc2[nH]c(=O)[nH]c(=O)c21)Nc1cccc(-c2cnc(N3CC4CC4C3)nc2)n1,1,4
QKSNPPVPWNLCLK-UHFFFAOYSA-N,O=C(Cn1ncc2[nH]c(=O)[nH]c(=O)c21)Nc1nc(-c2ccccc2)cs1,1,2
QLMOPODZXCOESC-UHFFFAOYSA-N,O=C(Cn1cnc2[nH]c(=O)[nH]c(=O)c21)Nc1csc(-c2cccnc2)n1,1,1
QLSIFRFNRJHECP-SMDDNHRTSA-N,O=c1c2[nH]cnc2ncn1Cc1nc(C2COC(c3ccccc3)C2)no1,1,2
QLZXIMYXMVOVAQ-NZQKXSOJSA-N,O=C(NCc1cccc(-c2cnccn2)c1)C1CCCN1S(=O)(=O)c1ccccc1,1,4
QMAFBTYWSLPNQI-DZGCQCFKSA-N,O=c1cc2c(=O)n(Cc3nc(C4COC(c5ccccc5)C4)no3)ncn2cn1,1,2
QMEGSSYRFUWZDE-GXTWGEPZSA-N,O=C(Cn1cnc2[nH]c(=O)[nH]c(=O)c21)Nc1csc(-c2cnc(N3CCCC3)nc2)n1,1,1
QMEGSSYRFUWZDE-JSGCOSHPSA-N,O=C(Cn1cnc2[nH]c(=O)[nH]c(=O)c21)Nc1csc(-c2cnc(N3CCCC3)nc2)n1,1,1
QMNDHOHVKPZQCS-HUUCEWRRSA-N,c1ccc(NC2CCCCC2)cc1,1,2
QNQAJPYYMAPRBO-UHFFFAOYSA-N,c1ccc(Nc2n[nH]c3ccccc23)cc1,1,4
QNSDSXCPSVTCKK-YBVWCTEOSA-N,O=C(NCc1cc(-c2ccccc2)ncn1)C1C2CCC(C2)N1S(=O)(=O)c1ccccc1,1,4
QNZGMOZJDBNRKF-LBPRGKRZSA-N,O=c1c2ccoc2ncn1Cc1nnn(CCc2cc3ccccc3o2)n1,1,4
QNZKHXHWRNJPBD-UHFFFAOYSA-N,c1ccccc1,1,1
QOENQLQNUIKJBK-UHFFFAOYSA-N,O=c1c2cccnc2ncn1Cc1nn(CCc2ccccc2)c(=O)o1,1,4
QOKKWJMBTXOPEN-UHFFFAOYSA-N,O=C(Cn1cnc2ccccc2c1=O)NCCc1ccccc1,1,4
QOZZBCIPYXNJCK-ZIAGYGMSSA-N,c1ccc2c(c1)CCN2C1CCCCC1,1,1
QPCKSJFZJVXDFA-LBPRGKRZSA-N,O=c1c2ccsc2ncn1Cc1nnn(CCc2ccccc2)n1,1,2
QQQSONYYTGJIQO-UHFFFAOYSA-N,O=C(CNS(=O)(=O)c1ccccc1)NCC1CN(c2ccccc2)CCO1,1,2
QQQXKVCQXDRDNX-RXVVDRJESA-N,O=C(NCc1cccc(-c2cnccn2)c1)C1CCCN1S(=O)(=O)c1ccccc1,1,4
QRBXPSUERQTHLC-DZFIZOCASA-N,O=c1c2[nH]cnc2ncn1Cc1nc(C2C3CN(c4cccc(-n5cccn5)c4)CC32)no1,1,1
QRHSEUYZXNXRAQ-QFIPXVFZSA-N,O=C(NCc1cn(-c2ccccc2)c(=O)[nH]c1=O)C1CCCN1S(=O)(=O)c1cc2ccccc2o1,1,3
QSBZGESBJYBOBP-UHFFFAOYSA-N,O=C(Cc1csc2[nH]c(=O)[nH]c(=O)c12)Nc1nc(-c2ccccc2)cs1,1,3
QSDHOQUBCGWXAS-SWLSCSKDSA-N,O=c1c2cccnc2ncn1Cc1nc(C2COC(c3ccccc3)C2)no1,1,2
QSIHJBAJXYRZEP-FXAWDEMLSA-N,O=c1c2cnc(NC3CCNCC3)n2ncn1Cc1nc(C2COC(c3ccccc3)C2)no1,1,3
QSJDMPUWLQMDRL-ZETCQYMHSA-N,O=c1[nH]c(=O)c2[nH]cnc2[nH]1,1,0
QTHSTPFEORYFGF-UHFFFAOYSA-N,O=C(Cn1cnc2ccccc2c1=O)NCCc1ccccc1,1,4
QTRILORKJOOALG-KWUMSVIQSA-N,O=c1c2ccncc2ncn1Cc1nc(C2CC(c3ccccc3)C2)no1,1,4
QUAFNALOLHHWGL-MDZDMXLPSA-N,O=C(C=Cc1ccccc1)Nc1ccccc1,1,2
QUCBMVALSQJJDY-WIBUTAKZSA-N,O=C1C=C(CCC2CCCOO2)CCC1,1,4
QUPNHARNJUEBBN-UHFFFAOYSA-N,O=C(Cn1cnc2[nH]c(=O)n(Cc3ncno3)c(=O)c21)Nc1cccc(-c2cncnc2)n1,1,2
QUTZFRWPAJBYPD-UHFFFAOYSA-N,O=C(Cn1cnc2[nH]c(=O)[nH]c(=O)c21)Nc1cncc(-c2cccnc2)n1,1,4
QVLFKDKVSWBVHB-LBPRGKRZSA-N,O=C(Cn1cnc2[nH]c(=O)n(Cc3ccon3)c(=O)c21)Nc1cncc(-c2cncnc2)n1,1,1
QVRQGKMJHZNDPL-SMDDNHRTSA-N,O=c1c2ccnn2ncn1Cc1nc(C2COC(c3ccccn3)C2)no1,1,3
QWBWILDFODWOBE-HUUCEWRRSA-N,O=c1c2[nH]cnc2ncn1Cc1nc(C2CCC(c3ccccc3)C2)no1,1,1
QWHBACLOOIUCGE-QGZVFWFLSA-N,S=C1Nc2c(oc3ccccc23)C(c2ccccc2)N1,1,2
QWJYOLGDDWGWEX-WOSRLPQWSA-N,O=c1c2[nH]cnc2ncn1Cc1nc(C2C3C=C(c4ccccc4)CC32)no1,1,3
QWLNQFWDSVBLQX-SWLSCSKDSA-N,O=c1c2cccnc2ncn1Cc1nc(C2COC(c3ccccc3)C2)no1,1,2
QWTDNAJECWPVJB-UHFFFAOYSA-N,c1ccc(-c2cn3ccccc3n2)cc1,1,0
QWTRKWBGKUSEGF-XLIONFOSSA-N,O=C(NCc1cnn(-c2ccccc2)c1)C1CCCN1S(=O)(=O)c1ccccc1,1,3
QXACEHWTBCFNSA-SFQUDFHCSA-N,c1ccccc1,1,1
QXBQEVYVRMWQJO-JQRITLKVSA-N,O=C(Cn1cnc2[nH]c(=O)[nH]c(=O)c21)Nc1csc(-c2cnc(N3CC4CC4C3)nc2)n1,1,4
QXBSEULNTNAFNO-UHFFFAOYSA-N,S=C1Nc2c(oc3ccccc23)C(c2ccccc2)N1,1,2
QXLPITFISDKGCL-LBPRGKRZSA-N,O=c1c2ccsc2ncn1Cc1nnn(CCc2cc3ccccc3s2)n1,1,3
QXOZMIUQRZZTIE-UHFFFAOYSA-N,O=C(CNC(=O)c1ccccc1)c1ccccc1,1,2
QXUVGAUHCZPSAQ-FOLVSLTJSA-N,O=c1c2[nH]cnc2ncn1Cc1nc(C2C3CN(c4ccccc4)CC32)no1,1,0
QYYUODQVSQCLPQ-BBRMVZONSA-N,O=C(Cn1cnc2[nH]c(=O)[nH]c(=O)c21)Nc1csc(-c2cnc(N3CCCC3)nc2)n1,1,1
QZGNCRICQIDMHW-UHFFFAOYSA-N,c1ccc(-c2cn3ccccc3n2)cc1,1,0
QZOIMDCJCAKBGQ-UHFFFAOYSA-N,O=C(CNC(=O)c1cn[nH]c1)c1ccc2nonc2c1,1,3
RAFUPNMBANCSLG-YEORSEQZSA-N,O=c1c2[nH]cnc2ncn1Cc1nc(C2CC(Oc3ccccc3)C2)no1,1,1
RAHSUIGYUWDUOC-UHFFFAOYSA-N,O=c1[nH]c(=O)c2[nH]cnc2[nH]1,1,0
RAQSTFBWMXLVQS-UHFFFAOYSA-N,c1ccccc1,1,1
RBMMABICGHVJIJ-AWEZNQCLSA-N,O=C(Cn1cnc2[nH]c(=O)n(Cc3ccon3)c(=O)c21)Nc1ccnc(-c2cccnc2)n1,1,3
RBQDBKBBFFUJHV-UHFFFAOYSA-N,O=c1c2[nH]cnc2ncn1Cc1nn(CCc2ccccc2)c(=O)o1,1,2
RBQQXOROSFEGNT-WCQYABFASA-N,O=c1c2[nH]cnc2ncn1Cc1nc(C2COC(c3ccccc3)C2)no1,1,2
RDUIENCYZRNFOI-UHFFFAOYSA-N,c1ccc2[nH]c(-c3n[nH]c4ccccc34)cc2c1,1,1
RDUWGQOSDSCPEY-DIBXZPPDSA-N,O=C(Cc1[nH]nc2[nH]c(=O)[nH]c(=O)c12)N=c1[nH]c(-c2ccccc2)cs1,1,4
RDZDOAHPYMGFTF-GOEBONIOSA-N,O=c1c2[nH]cnc2ncn1Cc1nc(C2COC(c3ccccc3)C2)no1,1,2
RELPPOJGGXOECP-UHFFFAOYSA-N,c1ccc(Oc2nccc3[nH]ccc23)cc1,1,1
REOZWEGFPHTFEI-JKSUJKDBSA-N,C1=CC(c2ccccc2)CCC1,1,4
REQIGSAIGZEBIL-HNNXBMFYSA-N,O=C(Cn1cnc2[nH]c(=O)n(Cc3ccon3)c(=O)c21)Nc1csc(-c2cncnc2)n1,1,2
REQRXYTVHDTROQ-QWPOMPHKSA-N,c1ccccc1,1,1
RFVGHGUGSAAXTQ-IERDGZPVSA-N,O=C(NCc1cc(N2CCCCC2)ccn1)C1CCCN1S(=O)(=O)c1ccccc1,1,2
RFWQIWOJUKZICG-UHFFFAOYSA-N,O=C(CNC(=O)c1ccccc1)c1ccccc1,1,2
RFXWMKXVVDBBLS-UHFFFAOYSA-N,O=c1c2[nH]ccc2ncn1Cc1nn(CCc2ccccc2)c(=O)o1,1,1
RGGJFJAOYSJEKN-JOCQHMNTSA-N,O=c1c2[nH]cnc2ncn1Cc1nc(C2CC(c3ccccc3)C2)no1,1,4
RGXNECXVRZKGGH-UOXRKKOCSA-N,O=C(NCc1ccnc(-c2cncnc2)c1)C1CCCN1S(=O)(=O)c1ccccc1,1,3
RHMHJTBKWCHRFJ-LBPRGKRZSA-N,O=C(Cn1cnc2[nH]c(=O)n(Cc3ncon3)c(=O)c21)Nc1cncc(-c2cccnc2)n1,1,0
RHXMMXJMSUZJGT-MNNVXMFVSA-N,O=C(Cn1cnc2[nH]c(=O)[nH]c(=O)c21)Nc1cccc(-c2ccc(N3CC4CC4C3)nc2)n1,1,2
RIIXXVBMCUBPDJ-SHTZXODSSA-N,O=c1c2cccnc2ncn1Cc1nc(C2CC(c3ccccc3)C2)no1,1,1
RIUFXWHYQAUEAO-UHFFFAOYSA-N,c1ccc(-c2n[nH]c3ccccc23)cc1,1,3
RJMWAUREFQUJOV-LBPRGKRZSA-N,O=c1c2ccsc2ncn1Cc1nnn(CCc2ccc3occc3c2)n1,1,1
RKBDDOAOYHMXHG-HDJSIYSDSA-N,O=c1c2cccnc2ncn1Cc1nc(C2CC(c3ccccc3)C2)no1,1,1
RKBSUEKOOGJZRP-KUHUBIRLSA-N,O=C(NCc1cc(-c2cncnc2)ccn1)C1CCCN1S(=O)(=O)c1ccccc1,1,3
RKGSVRATVWYWQZ-XLIONFOSSA-N,O=C(NCc1cc(-c2cccnc2)ccn1)C1CCCN1S(=O)(=O)c1ccccc1,1,0
RKUSVOSNDTWJFP-QFIPXVFZSA-N,O=C(NCc1c[nH]c(=O)c(-c2cccnc2)c1)C1CCCN1S(=O)(=O)c1cc2ccccc2o1,1,0
RLCFIKQUNAVFSB-UHFFFAOYSA-N,O=C(Cc1cccc2[nH]c(=O)[nH]c(=O)c12)Nc1nc(-c2ccccc2)cs1,1,3
RLSJFZMRRVZYOG-UHFFFAOYSA-N,O=C(Cc1cccc2[nH]c(=O)[nH]c(=O)c12)Nc1nc(-c2ccccc2)cs1,1,3
RMLPFNIHAZOFIL-SIKLNZKXSA-N,O=C(NCc1cc(-c2cccnc2)ncn1)C1CCCN1S(=O)(=O)c1ccccc1,1,0
RMPXORPOMZZYAM-UHFFFAOYSA-N,O=C(NCC(Cc1ccccc1)N1CCCCC1)c1nccs1,1,1
RMQZLRRVWCKZAT-UHFFFAOYSA-N,O=C(Cn1cnc2[nH]c(=O)n(Cc3ccon3)c(=O)c21)Nc1cccc(N2CC3CC3C2)n1,1,4
RNTNRGPOXWZFSV-HHCCDPJTSA-N,O=c1c2ccnn2ncn1Cc1nc(C2CC(c3ccccc3)C2)no1,1,3
RNUOFBBBPCXGHG-QLPKVWCKSA-N,O=c1c2[nH]cnc2ncn1Cc1nc(C2C3CN(c4ccccc4)CC32)no1,1,0
RONHBRICLKDFKA-CTYIDZIISA-N,O=c1c2cccnc2cnn1Cc1nn(C2CC(c3ccccc3)C2)c(=O)o1,1,0
ROPFVCZNOGJJTP-FOLVSLTJSA-N,O=c1c2[nH]cnc2ncn1Cc1nc(C2C3CN(c4ccccc4)CC32)no1,1,0
ROWLJZVZKLFWIP-ZDUSSCGKSA-N,O=C1NCCc2c1sc1ncn(Cc3nnn(CCc4cc5ccccc5o4)n3)c(=O)c21,1,3
RPCAQDVUXPFSNA-CDKJVOIVSA-N,c1ccccc1,1,1
RPYNGOUXKHDDOG-APWZRJJASA-N,O=C(NCc1cccc(-n2cccn2)c1)C1CCCN1S(=O)(=O)c1ccccc1,1,4
RQNFZQNZWILBEE-QUCCMNQESA-N,O=C(NCc1cccc(-c2cncnc2)c1)C1CCCN1S(=O)(=O)c1ccccc1,1,1
RQQAWKCHVMJSHO-MNZLEMJZSA-N,O=c1c2cccnc2cnn1Cc1nc(C2C3CN(c4ccccc4)CC32)no1,1,4
RQRSHGKVUVLTGC-SHTZXODSSA-N,O=c1c2cccnc2ncn1Cc1nc(C2CC(c3ccccc3)C2)no1,1,1
RQYJNYUPQSRKEX-ZDUSSCGKSA-N,O=C(Cn1cnc2[nH]c(=O)n(Cc3ccon3)c(=O)c21)Nc1cccc(-c2cncnc2)n1,1,0
RROFQCPRKWVHAS-UHFFFAOYSA-N,O=C(Cn1cnc2ccccc2c1=O)NCCc1ccccc1,1,4
RRTAHZNWVCULQP-UHFFFAOYSA-N,O=C(Nc1cccc(NCc2cccs2)c1)c1cccs1,1,0
RSEKKORVKIXWHN-BXHXUVEDSA-N,O=c1c2[nH]cnc2ncn1Cc1nc(C2CC(c3ccccc3)C2)no1,1,4
RSSHXKVUURRAKX-GFCCVEGCSA-N,O=c1c2[nH]cnc2ncn1Cc1nn(CCc2ccccc2)c(=O)o1,1,2
RSSHXKVUURRAKX-LBPRGKRZSA-N,O=c1c2[nH]cnc2ncn1Cc1nn(CCc2ccccc2)c(=O)o1,1,2
RTOPZEJDITVXGI-MNZLEMJZSA-N,O=c1c2cccnc2cnn1Cc1nc(C2C3CN(c4ccccc4)CC32)no1,1,4
RTYUVVPWNPBAAI-SIKLNZKXSA-N,O=C(NCc1cc(-c2cccnc2)ncn1)C1CC2(CC2)CN1S(=O)(=O)c1ccccc1,1,0
RUDSKJYIDUAKKF-HNNXBMFYSA-N,O=c1c2ccsc2ncn1Cc1nc(CCc2ccccc2)no1,1,4
RUTDIBPJABTBIH-JOCQHMNTSA-N,O=c1c2[nH]cnc2ncn1Cc1nc(C2CC(c3ccccc3)C2)no1,1,4
RVDABDCXJORPND-UHFFFAOYSA-N,O=c1oc(Cc2cnc3sccn3c2=O)nn1CCc1ccccc1,1,4
RVGJWMWMMBRESO-LBPRGKRZSA-N,O=c1c2ccsc2ncn1Cc1nc(CCc2ccccc2)no1,1,4
RVMLSWRWPJDAMD-UHFFFAOYSA-N,O=C(Cc1cccc2[nH]c(=O)[nH]c(=O)c12)Nc1nc(-c2ccccc2)cs1,1,3
RWCHXWRYBIRFNE-UHFFFAOYSA-N,O=C(Cc1coc2[nH]c(=O)[nH]c(=O)c12)Nc1nc(-c2ccccc2)cs1,1,4
RWIAKYVGVKDIRP-SWLSCSKDSA-N,c1ccc2c(CC3CCCCC3)c[nH]c2c1,1,0
RXBHBVLYZQAGOZ-KOMQPUFPSA-N,O=c1c2cccnc2ncn1Cc1nn(C2CC(c3ccccc3)C2)c(=O)o1,1,1
RXCHUXFWVPCBNN-UHFFFAOYSA-N,O=C(Cc1cccc2c1C(=O)NC2=O)Nc1nc(-c2ccccc2)cs1,1,0
RXDLQMSQKRAFKY-SWLSCSKDSA-N,O=c1ncn(Cc2nc(C3COC(c4ccccc4)C3)no2)c2ncccc12,1,4
RYOHHCGMNJEVIR-UHFFFAOYSA-N,O=C(Cn1cnc2[nH]c(=O)[nH]c(=O)c21)Nc1ccnc(-c2cnc(N3CC4CC4C3)nc2)n1,1,2
RYUCFDWWFHXUHD-UXHICEINSA-N,O=C(Cc1cnn(-c2ccccc2)c1)NC1CCC1S(=O)(=O)c1ccccc1,1,2
RZMBEUPDQABNNP-LSKLOWJMSA-N,O=C(NCc1ccnc(-c2cncnc2)c1)C1CCCN1S(=O)(=O)c1ccccc1,1,3
SABAYCWPZHQHKG-NFOMZHRRSA-N,O=C(Cn1cnc2[nH]c(=O)[nH]c(=O)c21)Nc1csc(-c2cnc(N3CC4CC4C3)nc2)n1,1,4
SAMJQPAXJHTPPP-UHFFFAOYSA-N,O=c1c2cccnc2ncn1Cc1nc(CCc2ccccc2)no1,1,4
SBACLEGKEWSXLI-UHFFFAOYSA-N,O=C(Cc1coc2[nH]c(=O)[nH]c(=O)c12)Nc1nc(-c2ccccc2)cs1,1,4
SBWZTTUKCJUALE-SWLSCSKDSA-N,O=c1c2cccnc2ncn1Cc1nc(C2COC(c3ccccc3)C2)no1,1,2
SCDFLVQWVCBTRY-UHFFFAOYSA-N,O=c1c2[nH]cnc2ncn1Cc1nn(CCc2ccc(-c3ccccc3)cc2)c(=O)o1,1,4
SCMGPSOKSOKBBN-XLIONFOSSA-N,O=C(NCc1cccc(-c2cccnn2)c1)C1CCCN1S(=O)(=O)c1ccccc1,1,0
SCPVZTYGMSQVAC-XMCHAPAWSA-N,O=C(NCc1cc(-c2cccnc2)ncn1)C1CC2CC2N1S(=O)(=O)c1ccccc1,1,0
SDKINESYISJNHI-UHFFFAOYSA-N,O=C(CNC(=O)c1ccccc1)c1ccccc1,1,2
SEGWTDQQCHLCHX-IRBZQWRBSA-N,O=C(NCc1cc(-c2ccccc2)ncn1)C1CC2COCC2N1S(=O)(=O)c1ccccc1,1,3
SEGWTDQQCHLCHX-XARZLDAJSA-N,O=C(NCc1cc(-c2ccccc2)ncn1)C1CC2COCC2N1S(=O)(=O)c1ccccc1,1,3
SELZLURRXNIGSN-JXFKEZNVSA-N,O=C(Cn1cnc2[nH]c(=O)n(Cc3ccon3)c(=O)c21)Nc1cccc(-c2cnc(N3CCCC3)nc2)n1,1,4
SEZSWZYJAHZVBQ-UHFFFAOYSA-N,O=C(Cc1cccc2[nH]c(=O)[nH]c(=O)c12)Nc1nc(-c2ccccc2)cs1,1,3
SFIQAZWEBFWFFD-JTQLQIEISA-N,O=C(Cn1cnc2[nH]c(=O)n(Cc3ncno3)c(=O)c21)Nc1cncc(-c2cncnc2)n1,1,2
SFQUEYCZYVQMRY-CTYIDZIISA-N,O=c1c2cccnc2ncn1Cc1nn(C2CC(c3ccccc3)C2)c(=O)o1,1,1
SFVBXBHHOGKJEW-RQJWMODNSA-N,O=C1C2NC=NC2N=CN1Cc1nc(C2COC(c3ccccc3)C2)no1,1,3
SGCZWBXKGMRYGM-XOIINTDNSA-N,O=c1c2[nH]cnc2ncn1Cc1nc(C2C3CC2CN(c2ccccc2)C3)no1,1,0
SGEZELHMEQVNFY-NRFANRHFSA-N,O=C(NCC(Cc1ccccc1)N1CCCCC1)C1(c2ccccc2)CC1,1,1
SGEZELHMEQVNFY-OAQYLSRUSA-N,O=C(NCC(Cc1ccccc1)N1CCCCC1)C1(c2ccccc2)CC1,1,1
SGEZELHMEQVNFY-UHFFFAOYSA-N,O=C(NCC(Cc1ccccc1)N1CCCCC1)C1(c2ccccc2)CC1,1,1
SHEZWPJUOWPXDN-UHFFFAOYSA-N,O=C(Cc1cccc2[nH]c(=O)[nH]c(=O)c12)Nc1nc(-c2ccccc2)cs1,1,3
SHLKDPMPLSENMB-UHFFFAOYSA-N,O=C(Cn1ccc2[nH]c(=O)[nH]c(=O)c21)Nc1nc(-c2ccccc2)cs1,1,1
SHSSNEIQZDUKEK-LISNJYIYSA-N,O=C(Cc1csc2[nH]c(=O)[nH]c(=O)c12)N=c1[nH]c(-c2ccccc2)cs1,1,1
SIHRXNYLUBLFFN-UZLBHIALSA-N,O=C(NCc1cccc(-c2cccnn2)c1)C1CCCN1S(=O)(=O)c1ccccc1,1,0
SILAPDUQPMKZOP-MQMHXKEQSA-N,O=c1c2[nH]cnc2cnn1Cc1nn(C2CC(c3ccccc3)C2)c(=O)o1,1,2
SIVFQWBIRYGTTL-GXTWGEPZSA-N,O=c1c2ccnn2ncn1Cc1nc(C2COC(c3ccccc3)C2)no1,1,2
SJAIVGYRWIRMMF-UHFFFAOYSA-N,O=C(CNC(=O)c1ccccc1)c1ccccc1,1,2
SJUCKSBEIQPXBE-IGCXYCKISA-N,O=c1c2[nH]cnc2ncn1Cc1nc(C2C3C=C(c4ccccc4)CC32)no1,1,3
SJUCKSBEIQPXBE-OGHNNQOOSA-N,O=c1c2[nH]cnc2ncn1Cc1nc(C2C3C=C(c4ccccc4)CC32)no1,1,3
SJYUOIRAPYIRKY-MQMHXKEQSA-N,O=c1c2[nH]cnc2ncn1Cc1nn(C2CC(c3ccccc3)C2)c(=O)o1,1,3
SKHDURSNHJWXRZ-UHFFFAOYSA-N,c1ccccc1,1,1
SKJSBHKZBFLKPZ-MNZLEMJZSA-N,O=c1c2[nH]cnc2ncn1Cc1nc(C2C3CN(c4ccc5[nH]ccc5c4)CC32)no1,1,0
SKLLQNALHJGISD-UKRRQHHQSA-N,O=c1c2[nH]cnc2ncn1Cc1nn(C2CCC(c3ccccc3)C2)c(=O)o1,1,2
SKTMPVUPTJNYLK-UHFFFAOYSA-N,c1ccc(-c2cn3ccccc3n2)cc1,1,0
SLALXZHBVOLRJL-PKOBYXMFSA-N,O=c1c2cnc(N3CCOCC3)n2ccn1Cc1nc(C2COC(c3ccccc3)C2)no1,1,3
SLNROIPXLUPVIJ-XLIONFOSSA-N,O=C(NCc1cnn(-c2ccccc2)c1)C1CCCN1S(=O)(=O)c1ccccc1,1,3
SLOODCSWMAVTSP-KWUMSVIQSA-N,O=c1c2cccnc2ncn1Cc1nc(C2CC(c3ccccc3)C2)no1,1,1
SLXXZLZVLVMTHQ-UHFFFAOYSA-N,O=C(Cn1ccc2[nH]c(=O)[nH]c(=O)c21)Nc1ccccc1,1,3
SMIMKERZYSZTRX-MNZLEMJZSA-N,O=c1c2cccnc2cnn1Cc1nc(C2C3CN(c4ccccc4)CC32)no1,1,4
SMINZQWEKSNLMB-UHFFFAOYSA-N,O=C(Nc1ccccc1)c1ccccc1,1,1
SMMFPASDMNZEDG-IERDGZPVSA-N,O=C(NCc1cc(-c2ccccc2)ncn1)C1CCCN1S(=O)(=O)c1ccccc1,1,4
SNLKVSGXSRSUAR-QFIPXVFZSA-N,O=C(NCc1cc(-c2cccnc2)ncn1)C1CCCN1S(=O)(=O)c1ccccc1,1,0
SNXTZGQKRRAGHG-HXOBKFHXSA-N,O=C(NCc1cccc(-c2cncnc2)c1)C12CC1CCN2S(=O)(=O)c1ccccc1,1,2
SOBJXYFMGNTIEM-JTQLQIEISA-N,O=c1c2ccsc2ncn1Cc1nc(CCc2ccccc2)no1,1,4
SOXPNOPOIIHWLL-APWZRJJASA-N,O=C(NCc1ccnc(-c2cccnc2)c1)C1CCCN1S(=O)(=O)c1ccccc1,1,0
SOYOXOXAXREIQP-UHFFFAOYSA-N,O=C1C2=C(NC(=S)NC2c2ccccc2)c2ccccc21,1,2
SPMLDYAYUULMCM-UHFFFAOYSA-N,c1ccc(Oc2nccc3ccccc23)cc1,1,1
SPQAQEDLUSSZTH-IPVJXJPOSA-N,O=c1c2cccnc2ncn1Cc1nc(C2CC(c3ccccc3)C2)no1,1,1
SPQGFWUNDMTMBR-UHFFFAOYSA-N,O=C(Cn1cnc2[nH]c(=O)n(Cc3ncno3)c(=O)c21)Nc1cccc(-c2cccnc2)n1,1,0
SQIWWIMCDCSDHP-ZDUSSCGKSA-N,O=C(Cn1cnc2[nH]c(=O)n(Cc3ccon3)c(=O)c21)Nc1cccc(-c2cccnc2)n1,1,1
SQNNYRWDFNZPBJ-CTTBUFIDSA-N,C=C1CCCC2C(CCC3CCCOO3)CCCC12,1,0
SRIXRPCMEOZYEY-UHFFFAOYSA-N,O=C(CCCCCCCCc1ccccc1)CCc1ccc2c(c1)OCO2,1,4
SRQGUJBYQSAYQR-CMPLNLGQSA-N,c1cc(CC2CCCCC2)cs1,1,1
SSFBTXCTOUIVNI-UHFFFAOYSA-N,O=C(NCc1cnn(-c2ccccc2)c1)C1CCCC1S(=O)(=O)c1ccccc1,1,0
SSJBHGRPQUDMCG-GXFFZTMASA-N,O=c1c2[nH]cnc2ncn1Cc1nc(C2COC(c3ccccc3)C2)no1,1,2
SSKORUNHYXULOP-SHTZXODSSA-N,O=c1c2[nH]cnc2ncn1Cc1nn(C2CC(c3ccccc3)C2)c(=O)o1,1,3
SSLPGGYMXROYIW-VYDXJSESSA-N,O=c1c2[nH]cnc2ncn1Cc1nc(C2C3C=C(c4ccccc4)CC32)no1,1,3
SSLPGGYMXROYIW-ZMSDIMECSA-N,O=c1c2[nH]cnc2ncn1Cc1nc(C2C3C=C(c4ccccc4)CC32)no1,1,3
SSONTNYBPYRIPQ-UHFFFAOYSA-N,c1ccccc1,1,1
SSRZLDGEGHSZEF-PANOFWHVSA-N,c1ccccc1,1,1
STVTVNLJAIJDGA-OOHWJJMZSA-N,O=C(Cn1cnc2[nH]c(=O)[nH]c(=O)c21)Nc1ccnc(-c2ccc(N3CC4CC4C3)nc2)n1,1,1
SUFJYKCRTUPWLF-JQRITLKVSA-N,O=C(Cn1cnc2[nH]c(=O)[nH]c(=O)c21)Nc1csc(-c2cnc(N3CC4CC4C3)nc2)n1,1,4
SUKMMEQGLYCHDO-WMLDXEAASA-N,O=c1c2ccncc2ncn1Cc1nc(C2COC(c3ccccc3)C2)no1,1,2
SUOFUNIWBNOTLX-UTKZUKDTSA-N,O=C(NCc1ccnc(-c2ccccc2)c1)C1CCCN1S(=O)(=O)c1ccccc1,1,1
SUQAOTIMESBARL-KDOFPFPSSA-N,O=C(NCc1cc(-c2cccnc2)ncn1)C1CCCN1S(=O)(=O)c1cccnc1,1,2
SUWXREOOEJAHMP-UHFFFAOYSA-N,O=C(Cn1cnc2[nH]c(=O)[nH]c(=O)c21)Nc1cncc(-c2cncnc2)n1,1,0
SVCDWQHTFLFQMQ-JTQLQIEISA-N,O=C(Cn1cnc2[nH]c(=O)[nH]c(=O)c21)Nc1cncc(-c2cncnc2)n1,1,0
SVTKBAIRFMXQQF-UHFFFAOYSA-N,c1ccc2c(c1)COc1ccccc1-2,1,2
SWYFCGPPXKEKNP-APWZRJJASA-N,O=C(NCc1ccnc(-c2cncnc2)c1)C1CCCN1S(=O)(=O)c1ccccc1,1,3
SXDANHSUZITSHM-GOEBONIOSA-N,O=c1ccn2c(=O)n(Cc3nc(C4COC(c5ccccc5)C4)no3)ccc2n1,1,0
SXGYZCMGVZKIPJ-GHMZBOCLSA-N,c1ccccc1,1,1
SXGYZCMGVZKIPJ-UHFFFAOYSA-N,c1ccccc1,1,1
SXJJZCCFGGSOJB-NLWGTHIKSA-N,O=c1c2cccnc2ncn1Cc1nc(C2C3C=C(c4ccccc4)CC32)no1,1,3
SXUKBNBSHRPWJJ-VFNWGFHPSA-N,O=C(NCc1cc(-c2ccccc2)ncn1)C1CCCN1S(=O)(=O)c1ccccc1,1,4
SYBZRZVYXNPFGS-UHFFFAOYSA-N,c1ccccc1,1,1
SZBPQYFWTGZAMC-NRFANRHFSA-N,O=C(NCc1cc(-c2cccnc2)ncn1)C1CCN1S(=O)(=O)c1ccccc1,1,4
SZCCBJJJEASGND-QLPKVWCKSA-N,O=c1c2[nH]cnc2ncn1Cc1nc(C2C3CN(c4ccccc4)CC32)no1,1,0
SZOFJGFPAKXGKY-UHFFFAOYSA-N,O=c1c2cncnc2ncn1Cc1nc(CCc2ccccc2)no1,1,4
TUAFGKSMMBBDOF-LBPRGKRZSA-N,O=c1c2ccsc2ncn1Cc1nc(CCc2ccccc2)no1,1,4
TUFNPZJUMAECBK-NQIIRXRSSA-N,O=C(NCc1ccnc(-c2cccnc2)c1)C1CCCN1S(=O)(=O)c1ccccc1,1,0
TUTNHPYHAJGPKX-VFNWGFHPSA-N,O=C(NCc1cc(-c2ccccc2)ncn1)C1CCCN1S(=O)(=O)c1ccccc1,1,4
TVAIIHSCCMEHLG-UHFFFAOYSA-N,c1ccc(-c2ccc3[nH]ncc3c2)cc1,1,4
TVVQCFOIOIBUOF-UTKZUKDTSA-N,O=C(NCc1cccc(-c2cnccn2)c1)C1CCCN1S(=O)(=O)c1ccccc1,1,4
TVXKFCWCHZXPPB-KWUMSVIQSA-N,O=c1c2cccnc2ncn1Cc1nc(C2CC(c3ccccc3)C2)no1,1,1
TVZRIJSXZCQZFN-SJORKVTESA-N,O=C(NCc1cnn(-c2cccnc2)c1)C1CCC1S(=O)(=O)c1ccccc1,1,2
TWBKIWUMAUJIEJ-UHFFFAOYSA-N,c1ccc(-c2cn3ccccc3n2)cc1,1,0
TWFOTSFGMLZRBL-ZDUSSCGKSA-N,O=C(Cn1cnc2[nH]c(=O)n(Cc3ccccn3)c(=O)c21)Nc1cncc(-c2cncnc2)n1,1,3
TXKNNFBWMGCAIH-UHFFFAOYSA-N,c1ccc(-c2ccc3[nH]ncc3c2)cc1,1,4
TXNGOQOPLKBABO-UHFFFAOYSA-N,O=C(Cn1cnc2[nH]c(=O)[nH]c(=O)c21)Nc1csc(-c2cccnc2)n1,1,1
TXPGGPGYHNTFCB-UHFFFAOYSA-N,O=C1C2=C(NC(=S)NC2c2cccc(Oc3ccccc3)c2)c2ccccc21,1,0
TYJQINOLZPZTBH-VYDXJSESSA-N,O=c1c2[nH]cnc2ncn1Cc1nc(C2C3C=C(c4ccccc4)CC32)no1,1,3
TYJQINOLZPZTBH-ZMSDIMECSA-N,O=c1c2[nH]cnc2ncn1Cc1nc(C2C3C=C(c4ccccc4)CC32)no1,1,3
TYQOZUXGSCBNIH-ZMSDIMECSA-N,O=c1c2[nH]cnc2ncn1Cc1nc(C2C3C=C(c4ccccc4)CC32)no1,1,3
TYULVTOTCDEHCJ-UHFFFAOYSA-N,O=C(Cc1cccc2[nH]c(=O)[nH]c(=O)c12)Nc1nc(-c2ccccc2)cs1,1,3
TYVAUHSKNIQPSU-UHFFFAOYSA-N,O=C(Cn1cnc2[nH]c(=O)[nH]c(=O)c21)Nc1cccc(-c2cccnc2)n1,1,0
TZBQKXVWVGUNKE-NSHDSACASA-N,O=C(Cn1cnc2[nH]c(=O)n(Cc3ccon3)c(=O)c21)Nc1csc(-c2cncnc2)n1,1,2
TZHDABLSSVGCNR-CPNJWEJPSA-N,c1ccc(-c2ncoc2-c2ccccc2)cc1,1,0
TZLVKUCIPMWSSF-UHFFFAOYSA-N,O=C(Nc1ccccc1)c1cccs1,1,3
TZSFNLCUZPGZPC-HSBZDZAISA-N,O=C(Cn1cnc2[nH]c(=O)[nH]c(=O)c21)Nc1csc(-c2cnc(N3CC4CC4C3)nc2)n1,1,4
UAFOQTDIOJYBAK-LBPRGKRZSA-N,O=c1c2ccsc2ncn1Cc1nnn(CCc2cc3ccccc3o2)n1,1,1
UALSWYBQKGDEMG-FOLVSLTJSA-N,O=c1c2[nH]cnc2ncn1Cc1nc(C2C3CN(c4ccccc4)CC32)no1,1,0
UATIZTLPJAFMBY-UHFFFAOYSA-N,c1ccc(NC2CCC2)nc1,1,4
UATUZHBLNDHYJN-UHFFFAOYSA-N,O=C1C2=C(NC(=S)NC2c2ccccc2)c2ccccc21,1,2
UBDMNODMLSWLJU-UHFFFAOYSA-N,O=C(Cn1cnc2[nH]c(=O)[nH]c(=O)c21)Nc1csc(-c2cccnc2)n1,1,1
UBIGLFMMKSHTCL-XYPYZODXSA-N,O=c1c2[nH]cnc2ncn1Cc1nc(C2CC(c3ccccc3)C2)no1,1,4
UBLPTRCPCBWBQJ-MWLCHTKSSA-N,c1ccc(NC2CCCCC2)nc1,1,4
UBMQUDZBOKUCFG-UHFFFAOYSA-N,O=C(CNS(=O)(=O)c1ccccc1)NCc1cc(C2=CCCCC2)ncn1,1,2
UBMSHZLMEPQAEO-UZLBHIALSA-N,O=C(NCc1cc(-c2cccnc2)ccn1)C1CCCN1S(=O)(=O)c1ccccc1,1,0
UBNFGYAHASKHBP-DPGVGJJJSA-N,O=C(Cn1cnc2[nH]c(=O)n(CC3CCO3)c(=O)c21)Nc1csc(-c2cnc(N3CC4CC4C3)nc2)n1,1,0
UBPCAFJGUWNEMN-UHFFFAOYSA-N,O=C1NC2=C(C(=O)c3ccccc32)C(c2ccccc2)N1,1,0
UBUXWCVQTXCIQO-CTNGQTDRSA-N,O=C(NCc1cccc(-c2cncnc2)c1)C1CCCN1S(=O)(=O)c1ccccc1,1,1
UCDSHIQKQTZWPG-HBYGRHMLSA-N,O=c1c2[nH]cnc2ncn1Cc1nc(C2C3CN(c4ccccc4)CC32)no1,1,0
UCEMIMKHNJNYGN-GXTWGEPZSA-N,O=c1c2ccnn2ncn1Cc1nc(C2COC(c3ccccc3)C2)no1,1,2
UCJIHDPETWQPQU-JYAVWHMHSA-N,O=c1c2[nH]cnc2ncn1Cc1nc(C2C3CN(c4ccccn4)CC32)no1,1,1
UCKXLBXZQVVGPI-SWLSCSKDSA-N,O=c1ccc2c(=O)n(Cc3nc(C4COC(c5ccccc5)C4)no3)cnc2[nH]1,1,2
UDAGLRCWWLUKSE-ZETCQYMHSA-N,O=c1[nH]c2nc[nH]c2c(=O)n1Cc1ccon1,1,0
UDPABTBYLOLUHD-RUYXUALKSA-N,O=c1c2[nH]cnc2ncn1Cc1nc(C2C3CN(c4cccc(-c5cn[nH]c5)c4)CC32)no1,1,2
UEHUSIYUKHFKRV-PXNSSMCTSA-N,O=C(NCc1cc(-c2cccnc2)ncn1)C1CCCN1S(=O)(=O)c1ccccc1,1,0
UEHUSIYUKHFKRV-XLIONFOSSA-N,O=C(NCc1cc(-c2cccnc2)ncn1)C1CCCN1S(=O)(=O)c1ccccc1,1,0
UEIQIVZEFKXGRU-DZGCQCFKSA-N,O=c1ncn(Cc2nc(C3COC(c4ccccc4)C3)no2)c2ncccc12,1,4
UENMERGMSLVGMM-UHFFFAOYSA-N,O=c1c2[nH]cnc2ncn1Cc1nn(CCCOc2ccccc2)c(=O)o1,1,2
UFGFONRIHSHSQK-UHFFFAOYSA-N,O=C(Cn1cnc2[nH]c(=O)[nH]c(=O)c21)Nc1cncc(-c2cccnc2)n1,1,4
UFPYGNKXLRNGEZ-LBPRGKRZSA-N,O=c1c2ccsc2ncn1Cc1nc(CCc2cc3ccccc3o2)no1,1,1
UFWFBUMHAHPWIR-QFIPXVFZSA-N,O=C(NCc1cn(-c2ccccc2)c(=O)[nH]c1=O)C1C=CCN1S(=O)(=O)c1cc2ccccc2o1,1,1
UGCWKTVXXQNBBB-QMMMGPOBSA-N,O=c1[nH]c2nc[nH]c2c(=O)n1Cc1ccon1,1,0
UGLQOTZNBCEHHB-GXTWGEPZSA-N,O=c1c2[nH]cnc2ncn1Cc1nc(C2COC(c3ccccc3)C2)no1,1,2
UGNITJJEQSWNLC-FQEVSTJZSA-N,O=C(NCc1cc(-c2cccnc2)ncn1)C1CC2(CC2)CN1S(=O)(=O)c1ccccc1,1,0
UHFTVWYXWVHSRU-DEOSSOPVSA-N,O=C(NCc1cn(-c2ccccc2)c(=O)n(C2CCOCC2)c1=O)C1CCCN1S(=O)(=O)c1cc2ccccc2o1,1,2
UHKWFAINYHCAGK-ZDUSSCGKSA-N,O=C(Cn1cnc2[nH]c(=O)[nH]c(=O)c21)Nc1cccc(-c2cncnc2)n1,1,0
UIGLXZWGNZLPBE-UHFFFAOYSA-N,c1ccc(Nc2n[nH]c3ccccc23)cc1,1,4
UIOBCEWGNQAZGR-LBPRGKRZSA-N,O=C(Cn1cnc2[nH]c(=O)[nH]c(=O)c21)Nc1cccc(-c2cncnc2)n1,1,0
UIRWKLHAJGYDII-HDJSIYSDSA-N,O=c1c2[nH]cnc2ncn1Cc1nc(C2CC(Cc3ccccc3)C2)no1,1,0
UJNIKPJDCKJXCL-SMDDNHRTSA-N,O=c1c2[nH]cnc2ncn1Cc1nc(C2COC(c3ccccc3)C2)no1,1,2
UJUTWGLLXLIFHF-XJKSGUPXSA-N,O=c1c2[nH]cnc2ccn1Cc1nc(C2COC(c3ccccc3)C2)no1,1,4
ULJYMNHMDLMTMC-JXMROGBWSA-N,O=C(C=Cc1ccccc1)Nc1ccccc1,1,2
ULKXMRSVFAZCMY-UHFFFAOYSA-N,c1ccc(Nc2n[nH]c3cc(-c4ccccc4)ccc23)cc1,1,1
ULMWCILOQZCGJY-UHFFFAOYSA-N,O=C(CNS(=O)(=O)c1ccccc1)NCC1CCN(c2ccccc2)C1,1,0
ULPYOGCEDACOBS-XXBNENTESA-N,O=C(NCc1cc(-c2ccccc2)ccn1)C1CCCN1S(=O)(=O)c1ccccc1,1,1
ULQKHUFRRFOYGH-VXGBXAGGSA-N,c1ccc(NC2CCCCC2)cc1,1,2
ULYAWZCWOGWOHO-MOPGFXCFSA-N,O=C(NCc1cnn(-c2cccnc2)c1)C1CCCC1S(=O)(=O)c1ccccc1,1,0
ULYAWZCWOGWOHO-UHFFFAOYSA-N,O=C(NCc1cnn(-c2cccnc2)c1)C1CCCC1S(=O)(=O)c1ccccc1,1,0
UMPKQOIERIFEBI-XLIONFOSSA-N,O=C(NCc1ccnc(-c2cncnc2)c1)C1CCCN1S(=O)(=O)c1ccccc1,1,3
UMRMICUACMEDEJ-NSHDSACASA-N,O=C(Cn1cnc2[nH]c(=O)n(Cc3ncno3)c(=O)c21)Nc1cccc(-c2cncnc2)n1,1,2
UNDOEYISHOZRKE-AWEZNQCLSA-N,O=c1c2cccnc2ncn1Cc1nn(CCc2ccccc2)c(=O)o1,1,4
UNUFMVKHNXLXDY-JTQLQIEISA-N,O=C(Cn1cnc2[nH]c(=O)[nH]c(=O)c21)Nc1csc(-c2cncnc2)n1,1,3
UPRRZFSNUVXMOP-UHFFFAOYSA-N,c1ccc(-c2ccc3[nH]ncc3c2)cc1,1,4
UQQKRMCYRSVYLO-SWLSCSKDSA-N,O=c1c2ccnn2ncn1Cc1nc(C2COC(c3ccccc3)C2)no1,1,2
URFBKMSDRKBRGT-UHFFFAOYSA-N,O=C(Cc1[nH]nc2[nH]c(=O)[nH]c(=O)c12)Nc1nc(-c2ccccc2)cs1,1,4
URFSQYMVDMFPDP-VQFNDLOPSA-N,O=c1c2[nH]cnc2ncn1Cc1nc(C2C3CN(c4ccccc4)CC32)no1,1,0
URUKHZGNVYMGRF-SUMWQHHRSA-N,O=c1c2cccnc2cnn1Cc1nc(C2COC(c3ccccc3)C2)no1,1,3
USAKNJFJFIOYMS-UHFFFAOYSA-N,O=C(CNS(=O)(=O)c1ccccc1)NCc1cc(-c2cccnc2)ncn1,1,4
USDCLRVAPBYPTA-UHFFFAOYSA-N,O=c1c2cccnc2ncn1Cc1nn(CCCOc2ccccc2)c(=O)o1,1,2
USIMINOHYGYKII-BLLLJJGKSA-N,O=c1c2cccnc2ncn1Cc1nc(C2COC(c3ccccc3)C2)no1,1,2
UTFLCXHCPNBVTF-OOHWJJMZSA-N,O=C(Cn1cnc2[nH]c(=O)[nH]c(=O)c21)Nc1ccnc(-c2ccc(N3CC4CC4C3)nc2)n1,1,1
UTHLYYCFCKJWHC-LBPRGKRZSA-N,O=c1c2ccsc2ncn1Cc1nc(CCc2ccccc2)no1,1,4
UTJXOPBNZMFOCR-UHFFFAOYSA-N,O=C(Cn1cnc2ccccc2c1=O)NCCc1ccccc1,1,4
UTKNJQPGTMVBMG-UOIKSKOESA-N,O=c1c2cccnc2cnn1Cc1nc(C2C3CN(c4ccccn4)CC32)no1,1,3
UTUGFRIYXHKDHB-UHFFFAOYSA-N,O=C(CNS(=O)(=O)c1ccccc1)NCC1CCN(c2ccccc2)C1,1,0
UTZJMYCMNMRQMT-UHFFFAOYSA-N,c1ccc(CC2CCCCC2)cc1,1,1
UUNIDFJRGJIJRR-KNQAVFIVSA-N,O=C(NCc1cccc(-c2ccccn2)c1)C1CCCN1S(=O)(=O)c1ccccc1,1,0
UVBNFRHQCIVIHZ-UHFFFAOYSA-N,O=C(Nc1cccc(NCCc2ccccc2)c1)c1cccs1,1,3
UVOLYTDXHDXWJU-UHFFFAOYSA-N,C1=Cc2ccccc2OC1,1,2
UVSNLHFJAUUNSA-UHFFFAOYSA-N,c1ccc(Oc2ncnc3ccccc23)cc1,1,2
UWDLUBUGDCCBFZ-UHFFFAOYSA-N,O=C(Cn1cnc2c1C(=O)NC1=NCCN12)Nc1nc(-c2ccccc2)cs1,1,2
UWMCTQWPZDKBJF-UHFFFAOYSA-N,O=C1C2=C(NC(=S)NC2c2ccccc2)c2ccccc21,1,2
UXBMNEVNXIVWQJ-UKRRQHHQSA-N,O=c1c2[nH]cnc2ncn1Cc1nn(C2CCC(c3ccccc3)C2)c(=O)o1,1,2
UXGWCMBTDPTQJV-UHFFFAOYSA-N,O=C(CNC(=O)c1cnoc1)c1ccccc1,1,3
UYKCJYVCQPMHNT-HWWDLCQESA-N,O=c1c2[nH]cnc2ncn1Cc1nc(C2C3CN(c4ccc5[nH]ncc5c4)CC32)no1,1,4
UZJUTLNJTZTLIT-DZGCQCFKSA-N,O=c1c2cncn2ncn1Cc1nc(C2COC(c3ccccc3)C2)no1,1,3
UZYVKXQRCHHNOU-UHFFFAOYSA-N,O=c1c2cccnc2ncn1Cc1nc(CCc2ccccc2)no1,1,4
VAMUXLNWFXEYKM-HDMKZQKVSA-N,O=c1c2[nH]cnc2ncn1Cc1nc(C2C3C=C(c4ccccc4)CC32)no1,1,3
VAQHWBGAUVOQKD-UHFFFAOYSA-N,O=c1c2[nH]cnc2ncn1Cc1nn(CCc2ccccc2)c(=O)o1,1,2
VATHVJGDHKTADD-WCQYABFASA-N,O=c1[nH]cnc2ncn(Cc3nc(C4COC(c5ccccc5)C4)no3)c12,1,2
VAUMAOIZDODPOE-WCQYABFASA-N,O=c1c2[nH]nnc2ncn1Cc1nc(C2COC(c3ccccc3)C2)no1,1,1
VAUVHMUBXCTTST-UHFFFAOYSA-N,O=C(Cn1cnc2[nH]c(=O)n(Cc3ccccn3)c(=O)c21)Nc1cccc(-c2ccccc2)n1,1,2
VAYDAGLRIHWYGW-QMMMGPOBSA-N,O=c1c2ccoc2ncn1Cc1nnn(CCc2cccs2)n1,1,3
VBAQWZDXFYJLPZ-KDOFPFPSSA-N,O=C(NCc1cc(-c2cccnc2)ccn1)C1CCCN1S(=O)(=O)c1ccccc1,1,0
VBARHQQFLPIUTB-UHFFFAOYSA-N,c1ccccc1,1,1
VBECZLUYZDGVPW-UHFFFAOYSA-N,O=C(NCc1cnn(-c2ccccc2)c1)C1CCC1S(=O)(=O)c1ccccc1,1,2
VBGLYOIFKLUMQG-UHFFFAOYSA-N,c1ccc2c(c1)COc1ccccc1-2,1,2
VBHUAEAMIBSWPP-BXHXUVEDSA-N,O=c1c2[nH]cnc2ncn1Cc1nc(C2CC(c3ccccc3)C2)no1,1,4
VCXGBNHNTXKUCT-UHFFFAOYSA-N,O=C(NCC(Cc1ccccc1)N1CCCCC1)C1(c2ccccc2)CCCC1,1,3
VDBSUBROLBYPGD-HDMKZQKVSA-N,O=c1c2cccnc2ncn1Cc1nc(C2C3C=C(c4ccccn4)CC32)no1,1,1
VDBSUBROLBYPGD-VKJFTORMSA-N,O=c1c2cccnc2ncn1Cc1nc(C2C3C=C(c4ccccn4)CC32)no1,1,1
VDCOJMKBACDIHW-UHFFFAOYSA-N,c1ccc(-c2cn3ccccc3n2)cc1,1,0
VDIXOYLZZZHDQJ-LBPRGKRZSA-N,O=c1c2ccoc2ncn1Cc1nnn(CCc2cc3ccccc3o2)n1,1,4
VEKRDFXHKYPUDM-JYAVWHMHSA-N,O=c1c2[nH]cnc2ncn1Cc1nc(C2C3CN(c4ccccn4)CC32)no1,1,1
VEMZHLOZTPSJFN-UHFFFAOYSA-N,O=c1c2[nH]nnc2ncn1Cc1nnn(CCc2ccccc2)n1,1,1
VFSLVUVIVLWMRP-QHCPKHFHSA-N,O=C(NCc1cc(-c2ccccn2)c[nH]c1=O)C1CCCN1S(=O)(=O)c1cc2ccccc2o1,1,0
VHFMFACYDKNZNT-UHFFFAOYSA-N,O=C1C2=C(NC(=S)NC2c2cccnc2)c2ccccc21,1,0
VHMBOLLMTSJADJ-UHFFFAOYSA-N,O=C(Cn1cnc2[nH]c(=O)n(Cc3ccccn3)c(=O)c21)Nc1cccc(-c2ccccc2)n1,1,2
VHUHAUBXPXCHGU-UHFFFAOYSA-N,O=C(Cc1cccc2[nH]c(=O)[nH]c(=O)c12)Nc1nc(-c2ccccc2)cs1,1,3
VHXGUMGNAHRKJN-GTPINHCMSA-N,O=C(Cn1cnc2[nH]c(=O)[nH]c(=O)c21)Nc1cccc(-c2cnc(N3CC4CC4C3)nc2)n1,1,4
VIBZVCTVDABVAD-UHFFFAOYSA-N,O=C(Cn1cnc2[nH]c(=O)n(Cc3ccon3)c(=O)c21)Nc1csc(-c2cccnc2)n1,1,3
VIGYQGXGPVTFTN-IPVJXJPOSA-N,O=c1c2cccnc2ncn1Cc1nc(C2CC(c3ccccc3)C2)no1,1,1
VIJLKGFAZJGZBA-JYAVWHMHSA-N,O=c1c2[nH]cnc2ncn1Cc1nc(C2C3CN(c4cccnc4)CC32)no1,1,4
VIKBLYZHPHWKGJ-CVEARBPZSA-N,O=C(NCc1cnn(-c2cncnc2)c1)C1CCC1S(=O)(=O)c1ccccc1,1,3
VILMMYYNTBYFJR-WOSRLPQWSA-N,O=c1c2[nH]cnc2ncn1Cc1nc(C2C3C=C(c4ccccn4)CC32)no1,1,3
VILMMYYNTBYFJR-WWGRRREGSA-N,O=c1c2[nH]cnc2ncn1Cc1nc(C2C3C=C(c4ccccn4)CC32)no1,1,3
VJCDMKPFUPJSKB-JOYOIKCWSA-N,c1ccc(CC2CCCCC2)nc1,1,2
VJONDNDXWADLLZ-XVAYZXCPSA-N,O=c1c2[nH]cnc2ncn1Cc1nc(C2C3CN(c4cccc(-c5ccccc5)c4)CC32)no1,1,2
VJUMGXLZSHPUNN-NQZBTDCJSA-N,O=C(NCc1ccnc(-c2cncnc2)c1)C1CCCN1Sc1ccccc1,1,4
VJXIKTQSMMQMOO-UHFFFAOYSA-N,O=C(Cn1ccc2[nH]c(=O)[nH]c(=O)c21)Nc1nc(-c2ccccc2)cs1,1,1
VKEJLWJCORBCGU-FOLVSLTJSA-N,O=c1c2[nH]cnc2ncn1Cc1nc(C2C3CN(c4ccccc4)CC32)no1,1,0
VKGALBIMDXIQFI-LBPRGKRZSA-N,O=c1c2ccsc2ncn1Cc1nnn(CCc2ccc3c(c2)OCO3)n1,1,0
VKKOCICLFSXEBL-ATCWAGBWSA-N,O=c1c2[nH]cnc2ncn1Cc1nc(C2C3CN(c4ccccc4)CC32)no1,1,0
VKWXCYKBWXMGFK-HKUYNNGSSA-N,O=C(NCc1cnn(-c2cccnc2)c1)C1CCCN1S(=O)(=O)c1ccccc1,1,1
VLDNGTWOASGEFF-MNZLEMJZSA-N,O=c1c2ccncc2ncn1Cc1nc(C2C3CN(c4ccccc4)CC32)no1,1,0
VMAXALUQDNFBND-WOSRLPQWSA-N,O=c1c2[nH]cnc2ncn1Cc1nc(C2C3C=C(c4ccccn4)CC32)no1,1,3
VMAXALUQDNFBND-WWGRRREGSA-N,O=c1c2[nH]cnc2ncn1Cc1nc(C2C3C=C(c4ccccn4)CC32)no1,1,3
VMBJLCVTNLJTJY-SMDDNHRTSA-N,O=c1c2[nH]cnc2ncn1Cc1nc(C2COC(c3ccccc3)C2)no1,1,2
VMNVUJVEHZEIDG-UHFFFAOYSA-N,O=C(CNC(=O)c1ccccc1)c1ccccc1,1,2
VMPWGDIXDVYPGX-MQMHXKEQSA-N,O=c1c2cccnc2ncn1Cc1nn(C2CC(c3ccccc3)C2)c(=O)o1,1,1
VNGNWQRJLQMWOH-NNGSBXSVSA-N,O=C(Cn1cnc2[nH]c(=O)[nH]c(=O)c21)Nc1ccnc(-c2ccc(N3CC4CC4C3)nc2)n1,1,1
VNJLGYMVCORAFF-ZLPCBKJTSA-N,O=C(Cn1cnc2[nH]c(=O)[nH]c(=O)c21)Nc1ccnc(-c2ccc(N3CC4CC4C3)nc2)n1,1,1
VNQKLEKERUCARK-UHFFFAOYSA-N,O=C(Cn1cnc2[nH]c(=O)n(Cc3ccon3)c(=O)c21)Nc1ccc(N2CCCCC2)cn1,1,2
VOGVDBAXZDBCON-GXTWGEPZSA-N,O=c1c2[nH]cnc2ncn1Cc1nc(C2COC(c3ccccc3)C2)no1,1,2
VOMFXUVVWBXJSA-LBPRGKRZSA-N,O=c1c2[nH]cnc2ncn1Cc1nn(CCc2ccccc2)c(=O)o1,1,2
VPDMFKCWLDVZER-MWTRTKDXSA-N,O=C(NCc1cc(-c2cccnc2)ccn1)C1CCCN1S(=O)(=O)c1ccccc1,1,0
VPEVJZHGWCCMBL-UHFFFAOYSA-N,c1ccc(-c2cn3ccccc3n2)cc1,1,0
VPKMJOYLVJNYJL-NQIIRXRSSA-N,O=C(NCc1cccc(-n2ccccc2=O)c1)C1CCCN1S(=O)(=O)c1ccccc1,1,0
VPRQKNRUPOPQIY-ZLPCBKJTSA-N,O=C(Cn1cnc2[nH]c(=O)[nH]c(=O)c21)Nc1cccc(-c2ccc(N3CC4CC4C3)nc2)n1,1,2
VPUPKQJXPYSPGR-UHFFFAOYSA-N,O=C(CNC(=O)c1cc2ccccc2[nH]1)c1ccccc1,1,3
VPYNPZTUFWXLRA-BEFAXECRSA-N,O=C(NCc1ccnc(-c2cnccn2)c1)C1CCCN1S(=O)(=O)c1ccccc1,1,4
VQFGKTDMHDUGMB-QHCPKHFHSA-N,O=C(NCc1c[nH]c(=O)c(-c2ccccc2)c1)C1CCCN1S(=O)(=O)c1cc2cnccc2o1,1,1
VRGTYOISGMRJHU-WMLDXEAASA-N,O=c1c2cnc(NC3CNC3)n2ncn1Cc1nc(C2COC(c3ccccc3)C2)no1,1,4
VRIIXYBJLRKPFF-UHFFFAOYSA-N,O=C(NCc1ccccc1)c1cn2c(=O)n(Cc3ccccc3)c(=O)cc2s1,1,0
VSBSCGNEPYTOEU-INIZCTEOSA-N,O=c1c2[nH]cnc2ncn1Cc1nn(CCc2ccc3ccccc3c2)c(=O)o1,1,3
VSBSCGNEPYTOEU-MRXNPFEDSA-N,O=c1c2[nH]cnc2ncn1Cc1nn(CCc2ccc3ccccc3c2)c(=O)o1,1,3
VSCCSUZOKQGWHC-UHFFFAOYSA-N,c1ccc(-c2cn3ccccc3n2)cc1,1,0
VSHDIFLHXQISHJ-IYVRIMFBSA-N,O=c1c2cccnc2ncn1Cc1nc(C2CC(c3ccccc3)C2)no1,1,1
VSNLJSZHSKJANJ-SWLSCSKDSA-N,O=c1c2cccnc2ncn1Cc1nc(C2COC(c3ccccc3)C2)no1,1,2
VSOGEYDZUOFVFT-WCQYABFASA-N,O=c1c2[nH]cnc2ncn1Cc1nc(C2COC(c3ccccc3)C2)no1,1,2
VSTBRXGRZBGLGG-CVEARBPZSA-N,O=C(Cc1cnn(-c2cncnc2)c1)NC1CCC1S(=O)(=O)c1ccccc1,1,4
VTGKGYFBEZNAEB-RBUKOAKNSA-N,c1ccc(CN2CCCC2c2ccccc2)cc1,1,3
VTNRBCCGYCMWJN-QAPCUYQASA-N,O=C(NCc1ccnc(-c2cncnc2)c1)C1CCCN1S(=O)(=O)c1ccccc1,1,3
VTRQWSXLXNAIDP-CVEARBPZSA-N,O=C(Cc1cnn(-c2cncnc2)c1)NC1CCC1S(=O)(=O)c1ccccc1,1,4
VTSOGNSWENHMHJ-ZDUSSCGKSA-N,O=C(Cn1cnc2[nH]c(=O)[nH]c(=O)c21)Nc1cccc(-c2cncnc2)n1,1,0
VTWUTVSNVHXAAN-QFIPXVFZSA-N,O=C(NCc1cn(-c2ccccc2)c(=O)[nH]c1=O)C1CCCN1S(=O)(=O)c1ccccc1,1,3
VULWTIVIQWVISE-ZDUSSCGKSA-N,O=c1c2ccsc2ncn1Cc1nc(CCc2ccccc2)no1,1,4
VUNVEPXLRREAJZ-QFIPXVFZSA-N,O=C(NCc1cn(-c2ccccc2)c(=O)[nH]c1=O)C1CCCN1S(=O)(=O)c1cc2ccccc2o1,1,3
VURKFVAAAJRATF-QHCPKHFHSA-N,O=C(NCc1c[nH]c(=O)c(-c2ccccn2)c1)C1CCCN1S(=O)(=O)c1cc2ccccc2o1,1,4
VUXIUBYPGSGYOG-NSHDSACASA-N,O=C(Cn1cnc2[nH]c(=O)[nH]c(=O)c21)Nc1csc(-c2ccccc2)n1,1,3
VVCPLJSSXGMPAM-JTQLQIEISA-N,O=C(Cn1cnc2[nH]c(=O)[nH]c(=O)c21)Nc1csc(-c2cccnc2)n1,1,1
VVHXXMHMQYUMOB-CSKARUKUSA-N,c1ccccc1,1,1
VXOZSZSKUPUEEM-DEOSSOPVSA-N,O=C(NCc1c[nH]c(=O)c(-c2ccccc2)c1)C1CCCN1S(=O)(=O)c1cc2ccccc2o1,1,2
VXQNLHFXPSARMB-UHFFFAOYSA-N,O=C(Cn1cnc2[nH]c(=O)n(Cc3ncon3)c(=O)c21)Nc1cccc(-c2cccnc2)n1,1,0
VXQZDEWJIDRLFT-FHERZECASA-N,O=C(Cn1cnc2[nH]c(=O)[nH]c(=O)c21)Nc1ccnc(-c2cnc(N3CC4CC4C3)nc2)n1,1,2
VYLZSBLGYLCVCW-UHFFFAOYSA-N,c1ccc(CCN2CCCCC2)cc1,1,2
VZODASFOEMYPIW-ZLPCBKJTSA-N,O=C(Cn1cnc2[nH]c(=O)[nH]c(=O)c21)Nc1cncc(-c2ccc(N3CC4CC4C3)nc2)n1,1,0
VZQJQNIXPKBELC-UHFFFAOYSA-N,O=C(Cc1cccc2[nH]c(=O)[nH]c(=O)c12)Nc1nc(-c2ccccc2)cs1,1,3
WANOURMQWPDLQC-CZIWCDLHSA-N,O=c1c2cccnc2ncn1Cc1nn(C2CC(c3ccccc3)C2)c(=O)o1,1,1
WAPBFSGWBDTJBA-DEOSSOPVSA-N,O=C(NCc1cc(-c2ccccc2)c[nH]c1=O)C1CCCN1S(=O)(=O)c1cc2ccccc2o1,1,0
WAQZJHCNMYVEFU-SHTZXODSSA-N,O=c1c2cccnc2ncn1Cc1nc(C2CC(c3ccccc3)C2)no1,1,1
WAYMWUNFXOUAAZ-NFOMZHRRSA-N,O=C(Cn1cnc2[nH]c(=O)[nH]c(=O)c21)Nc1csc(-c2cnc(N3CC4CC4C3)nc2)n1,1,4
WAZNEQRWKNTWPH-KEKNWZKVSA-N,O=C1NC(=O)C(c2ccccc2)C=C1CNC(=O)C1CCCN1S(=O)(=O)c1cc2cnccc2o1,1,1
WBVIPJUKXQYVQJ-CHBKHGQFSA-N,c1ccccc1,1,1
WDDRIHJTMRONAI-UHFFFAOYSA-N,O=C(Cn1cnc2[nH]c(=O)[nH]c(=O)c21)Nc1cccc(-c2cccnc2)n1,1,0
WDMXXUBLSSBLHB-XLIONFOSSA-N,O=C(NCc1cnn(-c2ccccc2)c1)C1CCCN1S(=O)(=O)c1ccccc1,1,3
WEALJYMFDYMJHE-SMDDNHRTSA-N,O=c1c2[nH]cnc2ncn1Cc1nc(C2COC(c3ccccc3)C2)no1,1,2
WEDVMUWMFDQGFT-UHFFFAOYSA-N,c1ccc(-c2ccc3[nH]ncc3c2)cc1,1,4
WEFIFVXGXRGPEV-RUYXUALKSA-N,O=c1c2[nH]cnc2ncn1Cc1nc(C2C3CN(c4cccc(-c5cn[nH]c5)c4)CC32)no1,1,2
WEUURVDRAOHVLV-UHFFFAOYSA-N,O=C(Cn1cnc2ccccc2c1=O)NCCc1ccccc1,1,4
WFRBOQVBZZCYFX-AWEZNQCLSA-N,O=C(Cn1cnc2[nH]c(=O)n(Cc3ccon3)c(=O)c21)Nc1cccc(-c2cccnc2)n1,1,1
WHCSBGLJMIAOLK-UHFFFAOYSA-N,c1ccc(Oc2nccc3ccoc23)cc1,1,1
WHEWGFMWWBERPN-LBPRGKRZSA-N,O=c1c2ccoc2ncn1Cc1nnn(CCc2cc3ccccc3s2)n1,1,4
WHIUHQPWEZUUHM-UHFFFAOYSA-N,O=c1c2[nH]cnc2ncn1Cc1nn(CCc2ccc3ccccc3c2)c(=O)o1,1,3
WHMQPBBEQUUJIS-UXHICEINSA-N,O=C(Cc1cnn(-c2ccccc2)c1)NC1CCC1S(=O)(=O)c1ccccc1,1,2
WHNBDATYZDNLNU-UZLBHIALSA-N,O=C(NCc1cc(-c2ccccc2)ncn1)C1CCCN1S(=O)(=O)c1cccnc1,1,4
WHRUWUNTYKZUED-QRWLVFNGSA-N,O=C(NCc1cc(-c2cccnc2)ccn1)C1CCCN1S(=O)(=O)c1ccccc1,1,0
WJDFEEOHLQQEHJ-MNZLEMJZSA-N,O=c1c2[nH]cnc2ncn1Cc1nc(C2C3CN(c4ccc(-c5cnco5)cc4)CC32)no1,1,2
WJPADCWRQZUXDF-JEYLPNPQSA-N,O=C(Cn1cnc2[nH]c(=O)[nH]c(=O)c21)Nc1cncc(-c2cnc(N3CC4CC4C3)cn2)n1,1,3
WJZDKUCGKVPPTC-ZDUSSCGKSA-N,O=C(Cn1cnc2[nH]c(=O)n(Cc3ccon3)c(=O)c21)Nc1cncc(-c2cccnc2)n1,1,2
WJZXCEKQIHMNMF-QAQDUYKDSA-N,O=c1c2cccnc2ncn1Cc1nn(C2CC(c3ccccc3)C2)c(=O)o1,1,1
WKEBOVLUILWQBJ-JEYLPNPQSA-N,O=C(Cn1cnc2[nH]c(=O)[nH]c(=O)c21)Nc1ccnc(-c2cnc(N3CC4CC4C3)nc2)n1,1,2
WKEGRPVOXGQXBX-UHFFFAOYSA-N,O=c1c2[nH]cnc2ncn1Cc1nc(CCc2ccccc2)no1,1,3
WKUPALPZCCQPCO-GXTWGEPZSA-N,O=c1c2[nH]cnc2ncn1Cc1nc(C2COC(c3ccccc3)C2)no1,1,2
WLECDKWIOLJXDF-UHFFFAOYSA-N,O=C(Cn1cnc2[nH]c(=O)n(Cc3ncon3)c(=O)c21)Nc1csc(-c2cccnc2)n1,1,2
WLIICQUGYWLQHL-MISXGVKJSA-N,O=c1c2[nH]cnc2ncn1Cc1nc(C2C3C=C(c4cnco4)CC32)no1,1,3
WLLMEIDDRLNDDG-UHFFFAOYSA-N,O=C(NCc1cnn(-c2cccnc2)c1)C1CCCC1S(=O)(=O)c1ccccc1,1,0
WMBOCUXXNSOQHM-FLIBITNWSA-N,C=C1OC(=O)c2ccccc21,1,3
WMCARGAXENGYJD-QMMMGPOBSA-N,O=c1[nH]c(=O)c2[nH]cnc2[nH]1,1,0
WMQGYUJRYHBKTK-OOHWJJMZSA-N,O=C(Cn1cnc2[nH]c(=O)[nH]c(=O)c21)Nc1cccc(-c2cnc(N3CC4CC4C3)nc2)n1,1,4
WNGOEYHEIHEHSY-NSHDSACASA-N,O=C(Cn1cnc2[nH]c(=O)n(Cc3ccon3)c(=O)c21)Nc1cccc(-c2ncon2)n1,1,4
WNIFMMBGRDWVSC-UHFFFAOYSA-N,O=C(CNS(=O)(=O)c1ccccc1)NCC1CN(c2ccccn2)CCO1,1,4
WOIUQWYXFIXJME-GXTWGEPZSA-N,O=c1[nH]cnc2ncn(Cc3nc(C4COC(c5ccccc5)C4)no3)c12,1,2
WOKJMDDDXREZDG-ZDUSSCGKSA-N,O=c1c2ccsc2ncn1Cc1nnn(CCc2ccccc2)n1,1,2
WPNNDKHQYVORDG-UHFFFAOYSA-N,c1ccc(-c2ccc3[nH]ncc3c2)cc1,1,4
WPTBYMVYHGHIDZ-CTYIDZIISA-N,O=c1c2[nH]cnc2ncn1Cc1nn(C2CC(Oc3ccccc3)C2)c(=O)o1,1,2
WPTCSNGQXKAVFR-UHFFFAOYSA-N,c1ccc(-c2cn3ccccc3n2)cc1,1,0
WPWRLCNFHLWQGC-UHFFFAOYSA-N,O=C(Cc1cccc2[nH]c(=O)[nH]c(=O)c12)Nc1nc(-c2ccccc2)cs1,1,3
WQGVDODKSWKQSI-WMLDXEAASA-N,O=c1c2cccc(=O)n2ccn1Cc1nc(C2COC(c3ccccc3)C2)no1,1,4
WRDLKTQRPOZITC-QWPOMPHKSA-N,c1ccccc1,1,1
WRJCSDBKLNHRAA-UKRRQHHQSA-N,O=c1c2[nH]cnc2ncn1Cc1nn(C2CCC(c3ccccc3)C2)c(=O)o1,1,2
WRZHLIPHQKQFBS-LBPRGKRZSA-N,O=c1c2ccoc2ncn1Cc1nnn(CCc2ccccc2)n1,1,0
WSCIGUKLFPKXFX-UHFFFAOYSA-N,O=c1c2[nH]cnc2ncn1Cc1nn(CCc2ccccc2)c(=O)o1,1,2
WSJBTMAJFBDGCQ-HALDLXJZSA-N,O=c1c2[nH]cnc2ncn1Cc1nc(C2C3CN(c4ccc5sncc5c4)CC32)no1,1,2
WSJNOMFLZGTWKZ-UHFFFAOYSA-N,O=C(NCC(Cc1ccccc1)N1CCCC1)C1(c2ccccc2)CCC1,1,0
WSKZYWSLEMVSGM-GXTWGEPZSA-N,O=c1[nH]c2ncn(Cc3nc(C4COC(c5ccccc5)C4)no3)c(=O)c2[nH]1,1,0
WTGZNWPLWZWQKH-GOEBONIOSA-N,O=c1c2ccnn2ncn1Cc1nc(C2COC(c3ccc4cn[nH]c4c3)C2)no1,1,1
WTULWADTNMDTBI-LAQFHYBYSA-N,O=c1c2[nH]cnc2ncn1Cc1nc(C2C3CN(c4ccccc4)CC32)no1,1,0
WVCGIOBBHJGFNT-AEFFLSMTSA-N,O=S(=O)(c1ccccc1)N1CCCC1c1ccccc1,1,0
WVKCCUFMMHZVRZ-QFIPXVFZSA-N,O=C(NCc1c[nH]c(=O)c(-c2cccnc2)c1)C1CCCN1S(=O)(=O)c1cc2ccccc2o1,1,0
WVPZXHRZPLFNOG-GCJKJVERSA-N,O=C(NCc1ccnc(-c2ccccc2)c1)C1CCCN1S(=O)(=O)c1ccccc1,1,1
WVSRIYBLNXSMHQ-UHFFFAOYSA-N,O=C(NCC(Cc1ccccc1)N1C2CCCC1CC2)C1(c2ccccc2)CCCC1,1,1
WWMLUCZLWNRNST-UHFFFAOYSA-N,O=C(CCCc1ccccc1)CCc1ccccc1,1,1
WWXUELOIDKMRSB-HSQYWUDLSA-N,O=C(NCc1cccc(-c2cncnc2)c1)C1C2CC2CN1S(=O)(=O)c1ccccc1,1,4
WXHSFVIZINIMIS-LAQFHYBYSA-N,O=c1c2[nH]cnc2ncn1Cc1nc(C2C3CN(c4ccc5ncoc5c4)CC32)no1,1,0
WXUGHBCPMLOGEV-WCQYABFASA-N,O=c1[nH]c2ncn(Cc3nc(C4COC(c5ccccc5)C4)no3)c(=O)c2[nH]1,1,0
WYUJVHUKAKUWIA-ZDUSSCGKSA-N,O=c1c2ccsc2ncn1Cc1nc(CCc2ccccc2)no1,1,4
WYUPYGSKFFBOSP-UHFFFAOYSA-N,O=C(Cn1cnc2[nH]c(=O)n(Cc3ccon3)c(=O)c21)Nc1ccc2ccccc2n1,1,4
WYXGQTJNYMMMLO-YJYMSZOUSA-N,O=C(NCc1cc(-c2cccnc2)ncn1)C1CCN1S(=O)(=O)c1ccccc1,1,4
WZFVQGWXJBTVEA-UHFFFAOYSA-N,O=C(Cc1coc2[nH]c(=O)[nH]c(=O)c12)Nc1nc(-c2ccccc2)cs1,1,4
WZQMWEAVTLSMOF-HBYGRHMLSA-N,O=c1c2[nH]cnc2ncn1Cc1nc(C2C3CN(c4ccccc4)CC32)no1,1,0
WZRMLPCUQNQCPB-LBPRGKRZSA-N,O=C(Cn1cnc2[nH]c(=O)[nH]c(=O)c21)Nc1csc(-c2cccnc2)n1,1,1
WZUBEZISDJUWBT-UHFFFAOYSA-N,c1ccc(-c2cn3ccccc3n2)cc1,1,0
XAPDVOAYLTUITQ-GOEBONIOSA-N,O=c1c2cncn2ncn1Cc1nc(C2COC(c3ccccc3)C2)no1,1,3
XAQVIFGRTKIRES-SHTZXODSSA-N,O=c1c2[nH]cnc2ncn1Cc1nc(C2CC(c3ccccc3)C2)no1,1,4
XATNITDFSRCWBI-HALDLXJZSA-N,O=c1c2cccnc2ncn1Cc1nc(C2C3CN(c4ccccn4)CC32)no1,1,0
XAUSPLMRLISGMX-DZGCQCFKSA-N,c1ccc(CC2CCCCC2)cc1,1,1
XBAHUCXUJNKOON-VIKVFOODSA-N,O=c1c2[nH]cnc2ncn1Cc1nc(C2C3CN(c4ccccn4)CC32)no1,1,1
XBDHVGWQURBFBB-VIKVFOODSA-N,O=c1c2cncn2ncn1Cc1nc(C2C3CN(c4ccccn4)CC32)no1,1,4
XBVPSHSACOJVOQ-BFYDXBDKSA-N,O=c1c2cccnc2ncn1Cc1nc(C2C3Oc4ccccc4C32)no1,1,1
XBWKDGVOHTXIQZ-KWUMSVIQSA-N,O=c1c2cccnc2ncn1Cc1nc(C2CC(c3ccccc3)C2)no1,1,1
XCCZAIUWVCKNCM-ATCWAGBWSA-N,O=c1c2[nH]cnc2ncn1Cc1nc(C2C3CN(c4ccccc4)CC32)no1,1,0
XCKMEJHQIGJSCX-NNGSBXSVSA-N,O=C(Cn1cnc2[nH]c(=O)[nH]c(=O)c21)Nc1cncc(-c2ccc(N3CC4CC4C3)nc2)n1,1,0
XCZDOORZBGHHNA-UHFFFAOYSA-N,O=C(Cc1nsc2[nH]c(=O)[nH]c(=O)c12)Nc1nc(-c2ccccc2)cs1,1,2
XCZHKBOHEHELPS-NHAGDIPZSA-N,O=c1c2[nH]cnc2ncn1Cc1nc(C2C3CN(c4cccnc4)CC32)no1,1,4
XEAVDNWRYBZHOZ-UHFFFAOYSA-N,O=C(Cc1cccc2[nH]c(=O)[nH]c(=O)c12)Nc1nc(-c2ccccc2)cs1,1,3
XEQNNSKBWZVZOZ-JPYJTQIMSA-N,O=C(NCc1cc(-c2ccc(C3CC3)nc2)ncn1)C1CCCN1S(=O)(=O)c1ccccc1,1,3
XFAKQJSOOQVAHX-UHFFFAOYSA-N,O=C(NCSc1ccccc1)c1ccccc1,1,0
XFEQHDMOKHJBAP-UHFFFAOYSA-N,O=C(Cn1cnc2[nH]c(=O)n(Cc3ccon3)c(=O)c21)Nc1cccc(N2CCNCC2)n1,1,4
XFZJKVPNNLXVDR-IGEOTXOUSA-N,O=C(Cn1cnc2[nH]c(=O)[nH]c(=O)c21)Nc1cncc(-c2cnc(N3CC4CC4C3)nc2)n1,1,1
XGHHYTJFVHPJRP-ZLPCBKJTSA-N,O=C(Cn1cnc2[nH]c(=O)[nH]c(=O)c21)Nc1cccc(-c2ccc(N3CC4CC4C3)nc2)n1,1,2
XGOIBVXKMMOVSQ-UHFFFAOYSA-N,O=c1c2ccnnc2ncn1Cc1nc(CCc2ccccc2)no1,1,1
XGOLSZDFWDNITO-PKOBYXMFSA-N,O=S(=O)(c1ccccc1)N1CCCC1c1ccccc1,1,0
XGTNKOQJOGMILW-HAQNSBGRSA-N,O=c1c2[nH]cnc2ncn1Cc1nn(C2CC(c3ccccc3)C2)c(=O)o1,1,3
XGTQXOATUIFTGC-WMLDXEAASA-N,O=C(Cn1cnc2[nH]c(=O)[nH]c(=O)c21)Nc1cccc(-c2cnc(N3CCCC3)nc2)n1,1,3
XGTQXOATUIFTGC-YOEHRIQHSA-N,O=C(Cn1cnc2[nH]c(=O)[nH]c(=O)c21)Nc1cccc(-c2cnc(N3CCCC3)nc2)n1,1,3
XHJBOXFNVSPYJI-KNQAVFIVSA-N,O=C(NCc1cccc(-c2cccnc2)c1)C1CCCN1S(=O)(=O)c1ccccc1,1,3
XHWHHZLLSITQCM-FOLVSLTJSA-N,O=c1c2[nH]cnc2ncn1Cc1nc(C2C3Cc4ccccc4CC32)no1,1,2
XIEDEBMSVCTSFI-HNNXBMFYSA-N,O=C(Cn1cnc2[nH]c(=O)n(Cc3ccon3)c(=O)c21)Nc1cccc(-c2cccnc2)n1,1,1
XIHLXICJADAAMG-UHFFFAOYSA-N,c1ccc(-c2n[nH]c3cccnc23)cc1,1,4
XIHULXIDONOQSG-HNNXBMFYSA-N,O=C(Cn1cnc2[nH]c(=O)n(Cc3ccccn3)c(=O)c21)Nc1cccc(-c2cccnc2)n1,1,0
XIJYTOIFEYRXLS-SMDDNHRTSA-N,O=c1c2[nH]ncc2ncn1Cc1nc(C2COC(c3ccccc3)C2)no1,1,1
XIOJQBVKDSTRPK-UHFFFAOYSA-N,O=C(NCC(Cc1ccccc1)N1CCCCC1)c1ccccn1,1,2
XIPWBPDWHQJWKK-IBGZPJMESA-N,O=C(NCc1cn(-c2ccccn2)c(=O)[nH]c1=O)C1CCCN1S(=O)(=O)c1cc2cnccc2o1,1,4
XJDHXLWQTXVSFO-VYDXJSESSA-N,O=c1c2[nH]cnc2ncn1Cc1nc(C2C3C=C(c4ccccc4)CC32)no1,1,3
XJJNUZPFNULXJQ-SWLSCSKDSA-N,O=c1[nH]cnc2cnn(Cc3nc(C4COC(c5ccccc5)C4)no3)c12,1,1
XKSIOBPDRWKTCJ-ZLPCBKJTSA-N,O=C(Cn1cnc2[nH]c(=O)[nH]c(=O)c21)Nc1ccnc(-c2ccc(N3CC4CC4C3)nc2)n1,1,1
XLGLEMZUTPMKLM-UHFFFAOYSA-N,O=C(Cn1cnc2[nH]c(=O)n(Cc3ccccn3)c(=O)c21)Nc1cccc(-c2cncnc2)n1,1,2
XLYRIZJMZGOPTK-UHFFFAOYSA-N,O=C(Cc1cccc2c1C(=O)NC2=O)Nc1nc(-c2ccccc2)cs1,1,0
XNHDIEBXXZHYPG-UHFFFAOYSA-N,c1ccc(-c2cn3ccccc3n2)cc1,1,0
XNPOFWWRLXGGEI-UHFFFAOYSA-N,O=C(CNC(=O)c1ccccc1)c1ccccc1,1,2
XOFOPCOUHWLPJL-UHFFFAOYSA-N,c1ccccc1,1,1
XOPMVFNBFICPDB-UHFFFAOYSA-N,O=C(Cc1csc2[nH]c(=O)[nH]c(=O)c12)Nc1nc(-c2ccccc2)cs1,1,3
XOQQYLAKAJMBHH-UHFFFAOYSA-N,c1ccc(-c2ccc3[nH]ncc3c2)cc1,1,4
XOTLDNAVQQZBGX-UHFFFAOYSA-N,c1ccc(CC2CCCCC2)cc1,1,1
XOVTWNLGYRCGFO-HHCCDPJTSA-N,O=c1c2ccnn2ncn1Cc1nc(C2CC(c3ccccc3)C2)no1,1,3
XOZUCURGTPFEPA-LURJTMIESA-N,O=c1[nH]c2nc[nH]c2c(=O)n1Cc1ncno1,1,1
XPKLLDXUIOXSSE-XGNXJENSSA-N,O=C(Cn1cnc2[nH]c(=O)[nH]c(=O)c21)Nc1csc(-c2cnc(N3CC4CC4C3)nc2)n1,1,4
XPZXRJASCMUGQL-UHFFFAOYSA-N,O=C(Cn1cnc2[nH]c(=O)n(Cc3ncno3)c(=O)c21)Nc1cccc(-c2cccnc2)n1,1,0
XQDBJRZGDIFZFV-OALUTQOASA-N,O=C(NCc1cc(-c2cncnc2)ccn1)C1CCCN1S(=O)(=O)c1ccccc1,1,3
XQGUQUOCTSQNDD-VIKVFOODSA-N,O=c1c2ccnn2ncn1Cc1nc(C2C3CN(c4ccccn4)CC32)no1,1,1
XQJHSTXORFDHJO-NHAGDIPZSA-N,O=c1c2[nH]cnc2ncn1Cc1nc(C2C3CN(c4cccnc4)CC32)no1,1,4
XQVDMHKTSFSEMQ-UHFFFAOYSA-N,O=c1c2[nH]cnc2ncn1Cc1nn(CCc2ccccc2)c(=O)o1,1,2
XRUHRUNQTJHPBY-UHFFFAOYSA-N,O=c1c2[nH]cnc2ncn1Cc1nn(CCc2ccccc2)c(=O)o1,1,2
XRWIKIYEWODHPQ-UHFFFAOYSA-N,O=C(Cc1cccc2[nH]c(=O)[nH]c(=O)c12)Nc1nc(-c2ccccc2)cs1,1,3
XSCCGKSIBNQWIP-UZLBHIALSA-N,O=C(NCc1ccnc(-c2cccnc2)c1)C1CCCN1S(=O)(=O)c1ccccc1,1,0
XSFCKBIGLBUTHE-QWHZDKJVSA-N,O=c1ccc2ncn(Cc3nc(C4C5CN(c6ccccc6)CC54)no3)c(=O)c2[nH]1,1,3
XSOWZVIQZNTLGC-HALDLXJZSA-N,O=c1c2cccnc2ncn1Cc1nc(C2C3CN(c4ccccn4)CC32)no1,1,0
XSVJDKKRVOFGLA-FKIZINRSSA-N,O=c1c2[nH]cnc2ncn1Cc1nc(C2COC(c3ccccc3)C2)no1,1,2
XSVRNWKQZYOFRS-IPVJXJPOSA-N,O=c1c2ccncc2ncn1Cc1nc(C2CC(c3ccccc3)C2)no1,1,4
XTCJBNJCHYEEHZ-DZGCQCFKSA-N,c1ccc(CC2CCCCC2)cc1,1,1
XTEOOQGHFDZVDI-UHFFFAOYSA-N,c1ccc(-c2ccc3[nH]ncc3c2)cc1,1,4
XTJCMZFNEXELMO-UHFFFAOYSA-N,O=C(Cn1ccc2[nH]c(=O)[nH]c(=O)c21)Nc1ccccc1,1,3
XUXZULDMSVLPDK-UHFFFAOYSA-N,O=C(CCCc1ccccc1)CCc1ccccc1,1,1
XVWJZNUBJBSIFR-FOLVSLTJSA-N,O=c1c2[nH]cnc2ncn1Cc1nc(C2C3CN(c4ccccc4)CC32)no1,1,0
XWGOPLIZWFRBIN-KWUMSVIQSA-N,O=c1c2cccnc2ncn1Cc1nc(C2CC(c3ccccc3)C2)no1,1,1
XWVQRBZZRNONCK-UHFFFAOYSA-N,O=c1c2[nH]cnc2ncn1Cc1nn(CCc2ccc3ccccc3c2)c(=O)o1,1,3
XWWLYDGDHPKEFD-UHFFFAOYSA-N,O=c1c2c[nH]nc2ncn1Cc1nc(CCc2ccccc2)no1,1,3
XWWPJKNCWPEFJS-SQGPQFPESA-N,O=c1c2cccnc2ncn1Cc1nc(C2C3C=C(c4ccccc4)CC32)no1,1,3
XWXZEVWJOGNSOD-YJBOKZPZSA-N,O=C(Cn1cnc2[nH]c(=O)n(Cc3ccon3)c(=O)c21)Nc1ccnc(-c2cnc(N3CCCC3)nc2)n1,1,1
XWYXLYCDZKRCAD-BQYQJAHWSA-N,C(=Cc1ccccc1)c1ccccc1,1,3
XXAJTWFMFVVGIN-UHFFFAOYSA-N,O=C(Cn1ccc2[nH]c(=O)[nH]c(=O)c21)Nc1nc(-c2ccccc2)cs1,1,1
XYGCJFPIVHXCSK-UHFFFAOYSA-N,O=C1C2=C(NC(=S)NC2c2ccccc2)c2ccccc21,1,2
XYGZAZHAXFGQPR-UHFFFAOYSA-N,c1ccc(-c2ccc3[nH]ncc3c2)cc1,1,4
XYHIUESBFSVNAX-LBPRGKRZSA-N,O=c1c2ccoc2ncn1Cc1nnn(CCc2ccccc2)n1,1,0
XYLBMXMFEPAIDX-UHFFFAOYSA-N,O=c1c2[nH]cnc2ncn1Cc1nn(CCc2ccc(C3CC3)cc2)c(=O)o1,1,0
XYLQLKFUIGUGMF-UHFFFAOYSA-N,O=C(Cc1coc2[nH]c(=O)[nH]c(=O)c12)Nc1nc(-c2ccccc2)cs1,1,4
XZMSFDWECPXXRJ-PKQUCIBFSA-N,C=C1CCCC2C(CCC3CCCOO3)CCCC12,1,0
YAAQSQALFNFFQV-UHFFFAOYSA-N,O=c1c2[nH]cnc2ncn1Cc1nn(CCc2ccccc2)c(=O)o1,1,2
YAVYGLIDOKYBIQ-UHFFFAOYSA-N,O=C(NCC(CC1CCNCC1)N1CCCCC1)C1(c2ccccc2)CCCC1,1,4
YAYQPACFPAHFBP-ZHACJKMWSA-N,O=C(C=Cc1ccccc1)Nc1ccccc1,1,2
YBPKDCWIZDLZLH-BLLLJJGKSA-N,O=S(=O)(c1ccccc1)N1CCCC1c1ccccc1,1,0
YBVLXHRURDNMHN-URXFXBBRSA-N,O=C(NCc1cn(-c2ccccc2)c(=O)[nH]c1=O)C1CCCN1S(=O)(=O)c1cc2ccccc2o1,1,3
YCPKIIGXUMZROC-MQMHXKEQSA-N,O=c1c2[nH]cnc2ncn1Cc1nn(C2CC(Oc3ccccc3)C2)c(=O)o1,1,2
YCSCTJKEBOGQEI-VXGBXAGGSA-N,c1ccc(NC2CCCCC2)cc1,1,2
YDBYOXUORMOOBQ-UHFFFAOYSA-N,O=C(Cc1coc2[nH]c(=O)[nH]c(=O)c12)Nc1nc(-c2ccccc2)cs1,1,4
YDXYNXLPDIGXAM-DZGCQCFKSA-N,O=c1c2cccnc2ncn1Cc1nc(C2COC(c3ccccc3)C2)no1,1,2
YEACVWXJCVFKBH-KUHUBIRLSA-N,O=C(NCc1cc(-c2cncnc2)ccn1)C1CCCN1S(=O)(=O)c1ccccc1,1,3
YEIMPNFNEMTFDM-UHFFFAOYSA-N,O=C(Cn1cnc2[nH]c(=O)n(Cc3ccon3)c(=O)c21)Nc1cccc(-c2cccnc2)n1,1,1
YETYETHLQCIHEE-UHFFFAOYSA-N,c1ccc(-c2ccc3[nH]ncc3c2)cc1,1,4
YFHGTPYEYFYGAH-BBQAJUCSSA-N,O=C(NCc1cc(-c2ccccc2)ncn1)C1CCCN1S(=O)(=O)c1ccccc1,1,4
YFYZCTDEXIQQLY-LBPRGKRZSA-N,O=C(Cn1cnc2[nH]c(=O)[nH]c(=O)c21)Nc1cncc(-c2cccnc2)n1,1,4
YGJKAILDLPIFCZ-UHFFFAOYSA-N,O=C(Cc1cccc2[nH]c(=O)[nH]c(=O)c12)Nc1nc(-c2ccccc2)cs1,1,3
YGOMVEIEVIZJFF-JKSUJKDBSA-N,O=c1c2ccnn2ncn1Cc1nc(C2COC(c3ccccc3)C2)no1,1,2
YHGYDTGBMKTLPH-NQIIRXRSSA-N,O=C(NCc1cccc(-c2cccnc2)c1)C1CCCN1S(=O)(=O)c1ccccc1,1,3
YIPSQHDECVTTIC-NNGSBXSVSA-N,O=C(Cn1cnc2[nH]c(=O)[nH]c(=O)c21)Nc1cccc(-c2cnc(N3CC4CC4C3)nc2)n1,1,4
YIXDWPGKRKLDML-AWEZNQCLSA-N,O=C(Cn1cnc2[nH]c(=O)n(Cc3ccon3)c(=O)c21)Nc1cncc(-c2cccnc2)n1,1,2
YJGBPDRSVXCGGG-DZGCQCFKSA-N,O=c1c2ccnn2ncn1Cc1nc(C2COC(c3ccccc3)C2)no1,1,2
YJZRVQKJIFHXBP-MXVIHJGJSA-N,O=c1c2ccncc2ncn1Cc1nc(C2CC(c3ccc4ccccc4c3)C2)no1,1,0
YKFSMOUFOXUQLG-UHFFFAOYSA-N,O=C(c1csc(Nc2ccccc2)n1)N1CCCCC1,1,3
YLCJLPKUVYAFRE-QLPKVWCKSA-N,O=c1c2[nH]cnc2ncn1Cc1nc(C2C3CN(c4ccccc4)CC32)no1,1,0
YLWILSVEXGUUFP-UHFFFAOYSA-N,O=c1c2ccnnc2ncn1Cc1nn(CCc2ccccc2)c(=O)o1,1,2
YMGBPWVLZQNQFK-LBPRGKRZSA-N,O=C(Cn1cnc2[nH]c(=O)n(Cc3ncno3)c(=O)c21)Nc1cncc(-c2cccnc2)n1,1,0
YMZSYLUBFOARLT-UHFFFAOYSA-N,O=C(Cc1cccc2[nH]c(=O)[nH]c(=O)c12)Nc1ccn(-c2ccccc2)n1,1,2
YNQDIELZBNNYMX-UHFFFAOYSA-N,O=C(Cc1coc2[nH]c(=O)[nH]c(=O)c12)Nc1nc(-c2ccccc2)cs1,1,4
YNURNKHUOKGJKQ-UHFFFAOYSA-N,O=C(NCc1ccncc1)c1cn2c(=O)n(Cc3ccccc3)c(=O)cc2s1,1,2
YODKHKXVAZNODR-UHFFFAOYSA-N,O=C(Cn1cnc2[nH]c(=O)[nH]c(=O)c21)Nc1cncc(-c2cccnc2)n1,1,4
YOTMUJXMGKBCJI-UHFFFAOYSA-N,c1ccc(Nc2n[nH]c3cccnc23)cc1,1,0
YQDBFFOLHOLZKQ-GTPINHCMSA-N,O=C(Cn1cnc2[nH]c(=O)[nH]c(=O)c21)Nc1ccnc(-c2cnc(N3CC4CC4C3)nc2)n1,1,2
YRFKNZJDKYZGGS-UHFFFAOYSA-N,O=C(Cn1cnc2[nH]c(=O)n(Cc3ccccn3)c(=O)c21)Nc1csc(-c2ccccc2)n1,1,4
YRXHHMUCQVXQQZ-PTSVWTKZSA-N,c1ccncc1,1,4
YRZSUCWXBWCSKC-BMGDILEWSA-N,O=c1c2cccnc2ncn1Cc1nc(C2C3Cc4ccccc4C32)no1,1,4
YRZSUCWXBWCSKC-JLSDUUJJSA-N,O=c1c2cccnc2ncn1Cc1nc(C2C3Cc4ccccc4C32)no1,1,4
YSAHIYORNYLDMN-JCNLHEQBSA-N,O=c1c2cccc(=O)n2ccn1Cc1nn(C2CC(c3ccccc3)C2)c(=O)o1,1,4
YSCRLJGELYZACN-QFIPXVFZSA-N,O=C(NCc1cn(-c2ccccc2)c(=O)[nH]c1=O)C1CCCN1S(=O)(=O)c1cc2ccccc2s1,1,0
YSKFGBAYHFLJPZ-JXMROGBWSA-N,O=C(C=Cc1ccccc1)Nc1ccccc1,1,2
YTRXZKNDLRUBRK-KWUMSVIQSA-N,O=c1c2cccnc2ncn1Cc1nc(C2CC(c3ccccc3)C2)no1,1,1
YTXJELCYXHBTEZ-LBAQZLPGSA-N,O=C1NC(=O)C(c2cccnc2)C=C1CNC(=O)C1CCCN1S(=O)(=O)c1cc2ccccc2o1,1,1
YUDTVULXQVYYNC-FOLVSLTJSA-N,O=c1c2[nH]cnc2ncn1Cc1nc(C2C3CN(c4ccccc4)CC32)no1,1,0
YUJMTTVCSDSBRX-ZDUSSCGKSA-N,O=c1c2ccoc2ncn1Cc1nnn(CCc2ccccc2)n1,1,0
YVRAGDOGHOFVAV-NHPVSCMHSA-N,O=c1c2cccnc2ncn1Cc1nc(C2CC(c3ccccc3)C2)no1,1,1
YVSODWPINHYMTB-WCQYABFASA-N,O=c1c2[nH]cnc2ncn1Cc1nc(C2COC(c3ccccc3)C2)no1,1,2
YVTXACLMSGWIHC-CMPLNLGQSA-N,O=c1c2scnc2ncn1Cc1nc(C2COC(c3ccccc3)C2)no1,1,1
YVYCTLLAVRNGEF-GXTWGEPZSA-N,O=c1c2[nH]cnc2ncn1Cc1nc(C2COC(c3ccccc3)C2)no1,1,2
YWKRPHSLBJKOAU-JEYLPNPQSA-N,O=C(Cn1cnc2[nH]c(=O)[nH]c(=O)c21)Nc1csc(-c2ccc(N3CC4CC4C3)nc2)n1,1,0
YWTNZWTWPXOTMS-UHFFFAOYSA-N,O=C(NCc1ccccn1)c1cn2c(=O)n(Cc3ccccc3)c(=O)cc2s1,1,2
YXACHAYJFVKEGM-YPMHNXCESA-N,c1ccc(CC2CCCCC2)cc1,1,1
YXGNKWWQBPNQGF-UHFFFAOYSA-N,O=C(Cn1cnc2[nH]c(=O)[nH]c(=O)c21)Nc1csc(-c2cccnc2)n1,1,1
YXGOBDAAYPMHSY-SWLSCSKDSA-N,O=C1CCc2c(ncn(Cc3nc(C4COC(c5ccccc5)C4)no3)c2=O)N1,1,2
YXJXMUOKXGOJSX-UTKZUKDTSA-N,O=C(NCc1ccnc(-c2ccccc2)c1)C1CCCN1S(=O)(=O)c1ccccc1,1,1
YXMXFIXCGYXMMH-LBPRGKRZSA-N,O=C(Cn1cnc2[nH]c(=O)n(Cc3ccon3)c(=O)c21)Nc1cccc(-c2cncnc2)n1,1,0
YXTJFYWQCCHXMG-WKILWMFISA-N,O=c1c2cccnc2ncn1Cc1nc(C2CC(c3ccccc3)C2)no1,1,1
ZAGOOYBFBXAWFI-UHFFFAOYSA-N,c1ccc(Oc2ncnc3[nH]ccc23)cc1,1,1
ZAGXFWMLCVBKQA-HALDLXJZSA-N,O=c1c2[nH]cnc2ncn1Cc1nc(C2C3CN(c4ccccc4)CC32)no1,1,0
ZAKRHAFBIBTPAZ-UOIKSKOESA-N,O=c1c2cccnc2ncn1Cc1nc(C2C3CN(c4ccccn4)CC32)no1,1,0
ZBIRHILYHCONPB-GXTWGEPZSA-N,O=c1c2cncn2ncn1Cc1nc(C2COC(c3ccccc3)C2)no1,1,3
ZBPBSDLPRVLCQI-BBRMVZONSA-N,O=C(Cn1cnc2[nH]c(=O)[nH]c(=O)c21)Nc1cncc(-c2cnc(N3CCCC3)nc2)n1,1,3
ZBPBSDLPRVLCQI-XJKSGUPXSA-N,O=C(Cn1cnc2[nH]c(=O)[nH]c(=O)c21)Nc1cncc(-c2cnc(N3CCCC3)nc2)n1,1,3
ZCIFHOGRCNHUOK-GXTWGEPZSA-N,O=c1c2cncn2ncn1Cc1nc(C2COC(c3ccccc3)C2)no1,1,3
ZCMKYTSUHVQDND-DOMZBBRYSA-N,O=C(NCc1nc(C2COC(c3ccccc3)C2)no1)c1cnc[nH]1,1,2
ZDSBAXBNBDORFX-IGEOTXOUSA-N,O=C(Cn1cnc2[nH]c(=O)[nH]c(=O)c21)Nc1csc(-c2ccc(N3CC4CC4C3)nc2)n1,1,0
ZEPHBHNMKKSYEJ-DYXDTQHNSA-N,O=C(NCc1cc(-c2cncnc2)ccn1)C1CCCN1S(=O)(=O)c1ccccc1,1,3
ZESGFLRFTSROCX-NVXWUHKLSA-N,O=c1c2cccnc2ncn1Cc1nn(C2CCC(c3ccccc3)C2)c(=O)o1,1,1
ZFDRQUMFPQAQNX-HBYGRHMLSA-N,O=c1c2[nH]cnc2ncn1Cc1nc(C2C3CN(c4ccccc4)CC32)no1,1,0
ZFYMVMUDHSAMSG-ATCWAGBWSA-N,O=c1c2cnoc2ncn1Cc1nc(C2C3CN(c4ccccn4)CC32)no1,1,0
ZGUQIIBJOCXMDV-UHFFFAOYSA-N,O=C(NCC(Cc1ccccc1)N1CCCCC1)C1(c2ccccc2)CC1,1,1
ZGWIQYQXDGDHMR-SFHVURJKSA-N,O=C(Cn1cnc2[nH]c(=O)[nH]c(=O)c21)Nc1cccc(-c2cnc(N3CCCC3)nc2)n1,1,3
ZICMCRZATKHWEO-FOLVSLTJSA-N,O=c1c2[nH]cnc2ncn1Cc1nc(C2C3CN(c4ccccc4)CC32)no1,1,0
ZIKZMIAHXLHIRK-NHAGDIPZSA-N,O=c1c2[nH]nnc2ncn1Cc1nc(C2C3CN(c4ccccc4)CC32)no1,1,3
ZIVPKPBELQYMFG-SFHVURJKSA-N,O=C(NCc1cn(-c2ccccc2)c(=O)[nH]c1=O)C1CCCN1S(=O)(=O)c1cccs1,1,4
ZJABEFARNCXQDZ-KRWDZBQOSA-N,O=C(Cn1cnc2[nH]c(=O)n(Cc3ccon3)c(=O)c21)Nc1cccc(-c2cccnc2)n1,1,1
ZJKZMXQQSDVDLA-NCFLSLSRSA-N,C(=CCCC1CCCOO1)CCC1=CCCCC1,1,3
ZJKZMXQQSDVDLA-RMXXGELBSA-N,C(=CCCC1CCCOO1)CCC1=CCCCC1,1,3
ZJLOTFNKTLOXQU-AWEZNQCLSA-N,O=C(Cn1cnc2[nH]c(=O)[nH]c(=O)c21)Nc1cccc(-c2cccnc2)n1,1,0
ZJLYAVZPZQXDIQ-UHFFFAOYSA-N,O=c1[nH]cnc2cnn(Cc3nn(CCc4ccccc4)c(=O)o3)c12,1,3
ZKGVGSMPJCRCOI-OFNKIYASSA-N,O=C(NCc1ccnc(-c2ccccc2)c1)C1CCCN1S(=O)(=O)c1ccccc1,1,1
ZKMARFBVNODTEA-MULNXWOJSA-N,O=C(NCc1cc(C23CCC(CC2)CC3)ncn1)C1CCCN1S(=O)(=O)c1ccccc1,1,3
ZKPBQRHUFMIQCM-ZLPCBKJTSA-N,O=C(Cn1cnc2[nH]c(=O)[nH]c(=O)c21)Nc1csc(-c2ccc(N3CC4CC4C3)nc2)n1,1,0
ZKTUMHFHLXSNAM-SFTDATJTSA-N,O=C(NCc1cccc(-c2cncnc2)c1)C1CCCN1S(=O)(=O)c1ccccc1,1,1
ZKVHRKRSQGNMIJ-UHFFFAOYSA-N,O=C(Cc1cccc2[nH]c(=O)[nH]c(=O)c12)Nc1nc(-c2ccccc2)cs1,1,3
ZLGGDXLEMLRCRT-UHFFFAOYSA-N,O=C(Cc1csc2[nH]c(=O)[nH]c(=O)c12)Nc1nc(-c2ccccc2)cs1,1,3
ZLQWHYXILIRZJA-NILFDRSVSA-N,O=c1c2[nH]cnc2ncn1Cc1nc(C2C3Cc4ccccc4C32)no1,1,4
ZLQWHYXILIRZJA-UGFHNGPFSA-N,O=c1c2[nH]cnc2ncn1Cc1nc(C2C3Cc4ccccc4C32)no1,1,4
ZLRQOPRFOLBNTA-UHFFFAOYSA-N,O=C(Cc1csc2[nH]c(=O)[nH]c(=O)c12)Nc1nc(-c2ccccc2)cs1,1,3
ZMFNOHRIULKSCC-UHFFFAOYSA-N,c1ccc(Nc2n[nH]c3ccccc23)cc1,1,4
ZNOZSVVROSWSRZ-WMLDXEAASA-N,O=c1c2cccc(=O)n2ccn1Cc1nc(C2COC(c3ccccc3)C2)no1,1,4
ZNZNLOPOYMLSDO-UHFFFAOYSA-N,O=c1[nH]cnc2cnn(Cc3nn(CCc4ccccc4)c(=O)o3)c12,1,3
ZOHYTOOFZMTKLL-JOCQHMNTSA-N,O=c1c2[nH]cnc2ncn1Cc1nn(C2CC(c3ccccc3)C2)c(=O)o1,1,3
ZPQGIOXLLCZONP-SFHVURJKSA-N,O=C(NCc1cc(-c2cccnc2)ncn1)C1CCN1S(=O)(=O)c1ccccc1,1,4
ZPWTWZBWZLSTLF-KBPBESRZSA-N,O=c1c2[nH]cnc2ncn1Cc1nc(C2CCC(c3ccccc3)C2)no1,1,1
ZPXMWXHOFAMXMI-FPOVZHCZSA-N,O=C(NCc1cc(-c2ccccn2)ccn1)C1CCCN1S(=O)(=O)c1ccccc1,1,1
ZPYIDLJKUISUIE-BEFAXECRSA-N,O=C(NCc1cc(-c2cccnc2)ncn1)C1CCCN1S(=O)(=O)c1ccccc1,1,0
ZPYQDEKCILEBNB-AWEZNQCLSA-N,O=C(Cn1cnc2[nH]c(=O)n(Cc3ccon3)c(=O)c21)Nc1cccc(-c2cccnc2)n1,1,1
ZQDXHKPYPKVBFP-DOMZBBRYSA-N,O=C(NCc1cc(-c2cccnc2)ncn1)C1CCCN1S(=O)(=O)c1cccs1,1,2
ZQPFWJOHVAEPBW-UHFFFAOYSA-N,O=C(Cc1ccnc2[nH]c(=O)[nH]c(=O)c12)Nc1nc(-c2ccccc2)cs1,1,0
ZROLHBHDLIHEMS-HUUCEWRRSA-N,C1=CC2c3ccccc3OCC2CC1,1,3
ZRVTVXBVIYQWKR-UHFFFAOYSA-N,O=c1c2cccnc2ncn1Cc1nc(C2Cc3ccccc3C2)no1,1,0
ZSBRAOYPHXSBBJ-GXTWGEPZSA-N,O=c1c2[nH]cnc2ncn1Cc1nc(C2COC(c3ccccc3)C2)no1,1,2
ZSDKCIXPAMDTMA-GCJKJVERSA-N,O=C(NCc1cc(-c2cncnc2)nc(-c2cncnc2)c1)C1CCCN1S(=O)(=O)c1ccccc1,1,0
ZSIJWXVPDONYJZ-NHPVSCMHSA-N,O=c1c2cccnc2ncn1Cc1nc(C2CC(c3ccccc3)C2)no1,1,1
ZTARYRCURIRMNQ-RUYXUALKSA-N,O=c1c2[nH]cnc2ncn1Cc1nc(C2C3CN(c4ccc(-c5cn[nH]c5)cc4)CC32)no1,1,3
ZUTUWJYMCADJHD-UHFFFAOYSA-N,O=C(Cn1cnc2[nH]c(=O)[nH]c(=O)c21)Nc1ccccc1,1,0
ZVRSTWIVTSZIGD-ZDUSSCGKSA-N,O=C(Cn1cnc2[nH]c(=O)n(Cc3ccon3)c(=O)c21)Nc1csc(-c2cccnc2)n1,1,3
ZVSPWYGMKXWYHG-UHFFFAOYSA-N,O=C(Cc1coc2[nH]c(=O)[nH]c(=O)c12)Nc1nc(-c2ccccc2)cs1,1,4
ZWTQJRZNKIYIOA-VIKVFOODSA-N,O=c1c2[nH]cnc2cnn1Cc1nc(C2C3CN(c4cccnc4)CC32)no1,1,1
ZXVAOQBQHVUZEJ-QFIPXVFZSA-N,O=C(NCc1cn(-c2ccccc2)c(=O)[nH]c1=O)C1CCCN1S(=O)(=O)c1cc2ccccc2o1,1,3
ZXWITAARDYYKLO-QRWLVFNGSA-N,O=C(NCc1cc(-c2cccnc2)ccn1)C1CCCN1S(=O)(=O)c1ccccc1,1,0
ZXZGHARNRVRJPP-MQMHXKEQSA-N,O=c1c2[nH]cnc2ncn1Cc1nn(C2CC(Oc3ccccc3)C2)c(=O)o1,1,2
ZYJXKCVDCJYPHV-FCRSSCQMSA-N,O=C(Cc1cnn(-c2cncnc2)c1)NC1CCC1[SH+]c1ccccc1,1,0
ZZJVCNLMLHLBLE-KXTWHKPSSA-N,O=c1c2[nH]cnc2ncn1Cc1nc(C2C3CN(c4cccc(-c5ccncc5)c4)CC32)no1,1,3
ZZJWYOJKUOWURA-FQEVSTJZSA-N,O=C(NCc1cn(-c2ccccn2)c(=O)[nH]c1=O)C1CCCN1S(=O)(=O)c1cc2ccccc2o1,1,1
ZZSYQYNHASLYPZ-FOLVSLTJSA-N,O=c1c2[nH]cnc2ncn1Cc1nc(C2C3CN(c4ccccc4)CC32)no1,1,0
AADNQPJZRQAMOD-OOHWJJMZSA-N,O=C(Cn1cnc2[nH]c(=O)[nH]c(=O)c21)Nc1csc(-c2ccc(N3CC4CC4C3)nc2)n1,2,2
AADPNBLFAHYYBS-VXGBXAGGSA-N,c1ccc(NC2CCCCC2)cc1,2,2
AAOJDMVYFBSKFT-UHFFFAOYSA-N,c1ccc(-c2cn3ccccc3n2)cc1,2,4
AARVTENEMZRJQO-VIZZQPHQSA-N,O=C(NCc1ccnc(-c2cncnc2)c1)C1CCCN1S(=O)(=O)c1ccccc1,2,0
AASDZFLETHTKKS-UHFFFAOYSA-N,O=C(Cn1ccc2[nH]c(=O)[nH]c(=O)c21)Nc1nc(-c2ccccc2)cs1,2,1
ABOASBRALGFDPQ-GJZGRUSLSA-N,O=c1c2[nH]cnc2ncn1Cc1nn(C2CCC(c3ccccc3)C2)c(=O)o1,2,0
ABQLUKILVQNPKZ-UHFFFAOYSA-N,O=C(Cn1cnc2[nH]c(=O)n(Cc3ccon3)c(=O)c21)Nc1ccccn1,2,0
ABYAAFDXQRWTJE-DOTOQJQBSA-N,O=c1c2cccc(=O)n2ccn1Cc1nc(C2COC(c3ccccc3)C2)no1,2,1
ADSGDRJGOSICMK-XJKSGUPXSA-N,O=c1c2cccc(=O)n2cnn1Cc1nc(C2COC(c3ccccc3)C2)no1,2,3
ADVULNQGSUGCCG-KXTWHKPSSA-N,O=c1c2[nH]cnc2ncn1Cc1nc(C2C3CN(c4cccc(-c5cccnc5)c4)CC32)no1,2,0
AFCFNPKLZQLKPK-APWZRJJASA-N,O=C(NCc1cnn(-c2ccccc2)c1)C1CCCN1S(=O)(=O)c1ccccc1,2,4
AGKMZNQCTOWDFF-ZDUSSCGKSA-N,O=C1NCCc2c1sc1ncn(Cc3nc(CCc4ccccc4)no3)c(=O)c21,2,2
AGPQIQSLJAQASS-GLJUWKHASA-N,O=c1c2[nH]cnc2ncn1Cc1nc(C2C3C=C(c4ccc5ncsc5c4)CC32)no1,2,4
AGXCNAPHYYLCHN-IBGZPJMESA-N,O=C(NCc1cn(-c2cccnc2)c(=O)[nH]c1=O)C1CCCN1S(=O)(=O)c1cc2cnccc2o1,2,2
AHHGHXFTQVZBPO-UHFFFAOYSA-N,c1ccc(Oc2nccc3ccccc23)cc1,2,3
AHJAJTHWNBFJBF-YCPHGPKFSA-N,O=c1c2[nH]cnc2ncn1Cc1nc(C2C3C=C(c4ccccc4)CC32)no1,2,3
AIAJJMJAXBVVRD-YABSGUDNSA-N,O=c1c2[nH]cnc2ncn1Cc1nc(C2C3CN(c4ccccn4)CC32)no1,2,3
AIWIRRGSGOLMQX-UHFFFAOYSA-N,O=c1c2ccncc2ncn1Cc1nn(CCc2ccccc2)c(=O)o1,2,4
AIXGIOZVDSOSEU-HWWDLCQESA-N,O=c1c2cccnc2ncn1Cc1nc(C2C3CN(c4ccccc4)CC32)no1,2,2
AJFUDTVIKFGQMS-UHFFFAOYSA-N,c1ccc(Oc2ncnc3[nH]ccc23)cc1,2,3
AJGIUAWWWVYNEY-ZDUSSCGKSA-N,O=C(Cn1cnc2[nH]c(=O)[nH]c(=O)c21)Nc1cccc(-c2cccnc2)n1,2,0
AKDLWVHAJCEAKD-ZDUSSCGKSA-N,O=C(Cn1cnc2[nH]c(=O)[nH]c(=O)c21)Nc1cccc(-c2cccnc2)n1,2,0
AKQMAZGMANPFFK-GOSISDBHSA-N,O=C(CNS(=O)(=O)c1ccccc1)NCC1CCCN(c2ccccc2)C1,2,1
AKQMAZGMANPFFK-SFHVURJKSA-N,O=C(CNS(=O)(=O)c1ccccc1)NCC1CCCN(c2ccccc2)C1,2,1
AKQMAZGMANPFFK-UHFFFAOYSA-N,O=C(CNS(=O)(=O)c1ccccc1)NCC1CCCN(c2ccccc2)C1,2,1
AKXYWNUSJTXEKI-NHAGDIPZSA-N,O=c1c2[nH]cnc2ncn1Cc1nc(C2C3CN(c4cccnc4)CC32)no1,2,2
AKZDACQLYHVVHF-WCQYABFASA-N,O=c1c2[nH]cnc2ncn1Cc1nc(C2COC(c3ccccc3)C2)no1,2,2
AKZZSBPAHSIOBC-XVDXERDNSA-N,O=c1c2[nH]cnc2ncn1Cc1nn(C2CC(c3ccccc3)C2)c(=O)o1,2,0
ALDVAWDTIJSMNO-ZDHWLGKOSA-N,c1ccccc1,2,1
ALEGZXFLOSZQFJ-OIPGSKEASA-N,c1ccccc1,2,1
ALPYZNHKWLPYPM-HDJSIYSDSA-N,O=c1c2[nH]cnc2ncn1Cc1nn(C2CC(c3ccccc3)C2)c(=O)o1,2,0
AMABIFVVCZYKIM-WCQYABFASA-N,O=c1c2[nH]nnc2ncn1Cc1nc(C2COC(c3ccccc3)C2)no1,2,1
AMMUKFMDWPZRHN-OOHWJJMZSA-N,O=C(Cn1cnc2[nH]c(=O)n(Cc3ncno3)c(=O)c21)Nc1cccc(-c2cnc(N3CC4CC4C3)nc2)n1,2,0
ANDQZSDRMVJBQS-UHFFFAOYSA-N,O=C(Cn1cnc2[nH]c(=O)n(Cc3ccon3)c(=O)c21)Nc1cccc(-c2cccnc2)n1,2,3
ANNUHVXNCFVLIP-GXTWGEPZSA-N,O=c1c2cncn2ncn1Cc1nc(C2COC(c3ccccc3)C2)no1,2,1
ANPQBLBZMKRGJT-UHFFFAOYSA-N,O=C(Cc1coc2[nH]c(=O)[nH]c(=O)c12)Nc1nc(-c2ccccc2)cs1,2,4
ANROYDNBUBEGHC-MQMHXKEQSA-N,O=c1c2cnoc2ncn1Cc1nn(C2CC(c3ccccc3)C2)c(=O)o1,2,2
ANSVBJGYIJAUDS-UHFFFAOYSA-N,O=C(Cn1ccc2[nH]c(=O)[nH]c(=O)c21)Nc1ccccc1,2,4
ANVHGHPKRCRGRV-UHFFFAOYSA-N,O=C(Cn1cnc2[nH]c(=O)[nH]c(=O)c21)Nc1cccc(-c2ccccc2)n1,2,4
AOHQOEYOFNJJNZ-XLIONFOSSA-N,O=C(NCc1cccc(-c2cncnc2)c1)C1CCCN1S(=O)(=O)c1ccccc1,2,0
AOZCJXPKMNJCQR-GGYDESQDSA-N,O=c1c2cccnc2ncn1Cc1nn(C2CC(c3ccccc3)C2)c(=O)o1,2,2
APBUNKVHHWMAAH-CHWSQXEVSA-N,c1ccc(NC2CCCCC2)cc1,2,2
APCBJCFILSRMRW-NQPRBDNZSA-N,c1ccccc1,2,1
APHAPQUZFADCCT-UHFFFAOYSA-N,c1ccc(Oc2ncnc3[nH]ccc23)cc1,2,3
APLQHKFABMHWHP-UHFFFAOYSA-N,O=C(NCSc1ccccc1)c1ccccc1,2,4
AQIGJCZBZXSONM-UHFFFAOYSA-N,O=C(Nc1ccccc1)c1cccs1,2,3
ARPWNFCYSNNAPW-UHFFFAOYSA-N,O=C(Cn1cnc2[nH]c(=O)n(Cc3ccccn3)c(=O)c21)Nc1cccc(-c2cncnc2)n1,2,3
ASHUQWDHMIZJFH-UHFFFAOYSA-N,O=C(Nc1cccc(NCc2ccccc2)c1)c1cccs1,2,3
ASRRTOJJNKDPOE-XLIONFOSSA-N,O=C(NCc1cccc(-c2cnccn2)c1)C1CCCN1S(=O)(=O)c1ccccc1,2,0
ATLHEWQHWGSHBX-AULYBMBSSA-N,O=c1c2[nH]cnc2ncn1Cc1nc(C2CC(Cc3ccccc3)C2)no1,2,1
AUHAKZCDXJXNIS-WCQYABFASA-N,O=c1c2[nH]cnc2ncn1Cc1nc(C2COC(c3ccccc3)C2)no1,2,2
AUNMQOCPGMEAST-ZFWWWQNUSA-N,O=C(Cn1cnc2[nH]c(=O)[nH]c(=O)c21)Nc1csc(-c2cnc(N3CCCC3)nc2)n1,2,1
AUVVPNQJMBEMDI-FOLVSLTJSA-N,O=c1c2[nH]cnc2ncn1Cc1nc(C2C3CN(c4ccccc4)CC32)no1,2,0
AVGRXCGZLZSSPC-UHFFFAOYSA-N,O=C(Cc1cccc2[nH]c(=O)[nH]c(=O)c12)Nc1nc(-c2ccc(C3CCCCC3)cc2)cs1,2,3
AVISJIJTLXTWET-LBPRGKRZSA-N,O=C(Cn1cnc2[nH]c(=O)n(Cc3ncon3)c(=O)c21)Nc1ccnc(-c2cccnc2)n1,2,1
AVMFNJJDFFARPS-IBGZPJMESA-N,O=C(NCc1cc(-c2cccnc2)ncn1)C1CCCN1S(=O)(=O)c1ccccc1,2,0
AVMYOZBHUDFCJI-AEFFLSMTSA-N,O=C(NCc1cccc(-c2cncs2)c1)C1CCCN1S(=O)(=O)c1ccccc1,2,4
AVZYAMPJJDVPDJ-UHFFFAOYSA-N,O=C1C2=C(NC(=S)NC2c2ccccc2)c2ccccc21,2,2
AWDCUIDEVZIBKR-UHFFFAOYSA-N,O=C(Cn1cnc2ccccc2c1=O)NCCc1ccccc1,2,4
AWJBWNUUODWOKQ-UHFFFAOYSA-N,O=c1c2[nH]cnc2ncn1Cc1nc(CCc2ccccc2)no1,2,4
AXFDPUXDIHEOAI-UHFFFAOYSA-N,O=C(Cn1cnc2[nH]c(=O)n(Cc3ccon3)c(=O)c21)Nc1cccc(N2CCCCC2)n1,2,2
AXIFMPBHMMMIKY-AULYBMBSSA-N,O=c1c2[nH]nnc2ncn1Cc1nn(C2CC(c3ccccc3)C2)c(=O)o1,2,4
AXPFEEJMCXUHQD-JTQLQIEISA-N,O=C(Cn1cnc2[nH]c(=O)[nH]c(=O)c21)Nc1cccc(-c2cncnc2)n1,2,4
AXRMPMIEMCXOTJ-VQFNDLOPSA-N,O=c1c2[nH]cnc2ncn1Cc1nc(C2C3CN(c4cccc(-c5ncco5)c4)CC32)no1,2,3
AXVJKWISWYSMEO-MOPGFXCFSA-N,O=C(NCc1cnn(-c2ccccc2)c1)C1CCC1S(=O)(=O)c1ccccc1,2,3
AXVJKWISWYSMEO-UHFFFAOYSA-N,O=C(NCc1cnn(-c2ccccc2)c1)C1CCC1S(=O)(=O)c1ccccc1,2,3
AXVWPJGJCGMVLQ-UHFFFAOYSA-N,O=c1c2cccnc2ncn1Cc1nnc(CCc2ccccc2)o1,2,3
AYPZAZPOYROADP-ZHACJKMWSA-N,C(=Cc1ccccc1)c1ccccc1,2,2
AZGCRXQGLDQGTA-KNQAVFIVSA-N,O=C(NCc1cccc(-c2ccccn2)c1)C1CCCN1S(=O)(=O)c1ccccc1,2,1
AZMMWBUQIXBLDU-UHFFFAOYSA-N,c1ccc(-c2ccc3[nH]ncc3c2)cc1,2,4
AZZRAZUXGHJAOV-WCQYABFASA-N,O=c1c2[nH]cnc2ncn1Cc1nc(C2COC(c3ccccc3)C2)no1,2,2
BAHAKPRBUNPURW-CMPLNLGQSA-N,c1cncc(CC2CCCCC2)c1,2,0
BANGFDNCERQQIE-CHWSQXEVSA-N,O=S(=O)(NC1CCCCC1)c1ccccc1,2,1
BAORHIGPTKNHRW-HBFSDRIKSA-N,O=c1c2[nH]cnc2ncn1Cc1nc(C2C3C=C(c4ccc5ccncc5c4)CC32)no1,2,2
BAORHIGPTKNHRW-NLWGTHIKSA-N,O=c1c2[nH]cnc2ncn1Cc1nc(C2C3C=C(c4ccc5ccncc5c4)CC32)no1,2,2
BAYFMGSXOKNAJZ-VXGBXAGGSA-N,c1ccc(OC2CCCCC2)cc1,2,4
BBCFRTHODCIVDP-VLIAUNLRSA-N,O=C(NCc1cc(-c2cccnc2)ncn1)C1CCCN1S(=O)(=O)c1ccccc1,2,0
BBCFRTHODCIVDP-XOBRGWDASA-N,O=C(NCc1cc(-c2cccnc2)ncn1)C1CCCN1S(=O)(=O)c1ccccc1,2,0
BBFDPQFELBFLCW-GXTWGEPZSA-N,O=c1c2[nH]cnc2ncn1Cc1nc(C2COC(c3ccc4ncsc4c3)C2)no1,2,1
BCKUYDODOWTDPH-XLIONFOSSA-N,O=C(NCc1cc(-c2cccnc2)ccn1)C1CCCN1S(=O)(=O)c1ccccc1,2,1
BCXNWQDMUUSORS-UHFFFAOYSA-N,c1ccc(-c2ccc3[nH]ncc3c2)cc1,2,4
BDMMXSHQKHUFKQ-GOSISDBHSA-N,O=C(c1cn2c(=O)n(Cc3ccccc3)c(=O)cc2s1)N1CCC(Oc2ccccc2)C1,2,2
BDMMXSHQKHUFKQ-SFHVURJKSA-N,O=C(c1cn2c(=O)n(Cc3ccccc3)c(=O)cc2s1)N1CCC(Oc2ccccc2)C1,2,2
BELXXIWFEWPMCV-UOIKSKOESA-N,O=c1c2cccnc2cnn1Cc1nc(C2C3CN(c4ccncc4)CC32)no1,2,1
BGJCZTPFRKSUHS-CMPLNLGQSA-N,O=c1c2scnc2ncn1Cc1nc(C2COC(c3ccccc3)C2)no1,2,4
BGQSZBPWPOXQTF-AWEZNQCLSA-N,O=C1C2=C(NC(=S)NC2c2ccccc2)c2ccccc21,2,2
BGQSZBPWPOXQTF-CQSZACIVSA-N,O=C1C2=C(NC(=S)NC2c2ccccc2)c2ccccc21,2,2
BGQSZBPWPOXQTF-UHFFFAOYSA-N,O=C1C2=C(NC(=S)NC2c2ccccc2)c2ccccc21,2,2
BGXHQWBKFTYLMO-UHFFFAOYSA-N,O=c1c2[nH]cnc2ncn1Cc1nn(CCc2ccccc2)c(=O)o1,2,1
BHLICBDDYVMRMM-UHFFFAOYSA-N,c1ccc(-c2ccc3[nH]ncc3c2)cc1,2,4
BITJIBOQHOBSEQ-PMACEKPBSA-N,O=C(NCc1cc(-c2cncnc2)ccn1)C1CCCN1S(=O)(=O)c1ccccc1,2,3
BIUMIQOEJSJTAM-QFIPXVFZSA-N,O=C(NCc1cc(-c2cccnc2)c[nH]c1=O)C1CCCN1S(=O)(=O)c1cc2ccccc2o1,2,0
BIWXFLAZRBTWMI-UHFFFAOYSA-N,c1ccc(-c2ccc3[nH]ncc3c2)cc1,2,4
BJGBIUYKSAKORC-FHERZECASA-N,O=C(Cn1cnc2[nH]c(=O)[nH]c(=O)c21)Nc1cncc(-c2cnc(N3CC4CC4C3)nc2)n1,2,0
BJNUBTRKMKILLA-DEOSSOPVSA-N,O=C(NCc1c[nH]c(=O)c(-c2ccccc2)c1)C1CCCN1S(=O)(=O)c1cc2ccccc2o1,2,0
BJZUYRRKPINCLY-UHFFFAOYSA-N,O=C(Nc1ccccc1)c1cccnc1,2,2
BKBDSVDSSWOBTQ-GXTWGEPZSA-N,O=c1c2[nH]cnc2ncn1Cc1nc(C2COC(c3ccccc3)C2)no1,2,2
BKDSPECIAKYFPT-XJKSGUPXSA-N,O=c1c2ccncc2ncn1Cc1nc(C2COC(c3ccccc3)C2)no1,2,3
BKTFMVDMGYGHGU-UHFFFAOYSA-N,O=C(NCc1cc(-c2cccnc2)ncn1)C1C2CCC(C2)N1S(=O)(=O)c1ccccc1,2,2
BLKRXSROXNOPPY-GGYDESQDSA-N,O=c1c2cccnc2ncn1Cc1nn(C2CC(c3ccccc3)C2)c(=O)o1,2,2
BMJPYMNIGZKPLS-LBPRGKRZSA-N,O=c1c2ccsc2ncn1Cc1nnn(CCc2cc3ccccc3o2)n1,2,4
BMPXPBSETVIDSP-UHFFFAOYSA-N,c1ccc(-c2ccc3[nH]ncc3c2)cc1,2,4
BOBRNSMQJNURJX-JEYLPNPQSA-N,O=C(Cn1cnc2[nH]c(=O)[nH]c(=O)c21)Nc1csc(-c2cnc(N3CC4CC4C3)nc2)n1,2,4
BOBUEKYDHRZMRK-UHFFFAOYSA-N,O=C1C2=C(NC(=S)NC2c2ccccc2)c2ccccc21,2,2
BONDEBJDVZGSIK-UHFFFAOYSA-N,O=C(Cn1cnc2[nH]c(=O)n(Cc3ccon3)c(=O)c21)Nc1cccc(N2CCCCC2)n1,2,2
BOXFETBEAMXCQH-DZGCQCFKSA-N,O=c1c2cncn2ncn1Cc1nc(C2COC(c3ccccc3)C2)no1,2,1
BPCZABOCGVZEBN-ZDUSSCGKSA-N,O=C(Cn1cnc2[nH]c(=O)n(Cc3ccon3)c(=O)c21)Nc1cncc(-c2cccnc2)n1,2,0
BPKDWFGRTCABEJ-FQEVSTJZSA-N,O=C(CNS(=O)(=O)c1ccccc1)NCC1CN(c2ccccc2)CCO1,2,3
BPKDWFGRTCABEJ-HXUWFJFHSA-N,O=C(CNS(=O)(=O)c1ccccc1)NCC1CN(c2ccccc2)CCO1,2,3
BPKDWFGRTCABEJ-UHFFFAOYSA-N,O=C(CNS(=O)(=O)c1ccccc1)NCC1CN(c2ccccc2)CCO1,2,3
BPLFISJMISZSMT-GXTWGEPZSA-N,O=c1[nH]c(=O)c2c(ncn2Cc2nc(C3COC(c4ccccc4)C3)no2)[nH]1,2,0
BPSURRHXFTVNPC-AWEZNQCLSA-N,O=C(Cn1cnc2[nH]c(=O)[nH]c(=O)c21)Nc1csc(-c2cncnc2)n1,2,0
BPWDLGXLIXBTPG-GXTWGEPZSA-N,O=c1c2cncn2ncn1Cc1nc(C2COC(c3ccccc3)C2)no1,2,1
BRBMIYHOFADQNK-RYRKJORJSA-N,O=c1c2[nH]cnc2ncn1Cc1nc(C2C3C=C(c4ccccc4)CC32)no1,2,3
BRNFYDHNQCOLDA-DEOSSOPVSA-N,O=C(NCc1cc(-c2ccccc2)c[nH]c1=O)C1CCCN1S(=O)(=O)c1cc2ccccc2o1,2,2
BSJPLCMGLSAERZ-APWZRJJASA-N,O=C(NCc1cc(-c2cncnc2)ccn1)C1CCCN1S(=O)(=O)c1ccccc1,2,3
BSXZECKVHWDHMU-UHFFFAOYSA-N,O=c1c2[nH]cnc2ncn1Cc1nn(CCc2ccccc2)c(=O)o1,2,1
BTGRJSKXOVCJGC-VIZZQPHQSA-N,O=C(NCc1cc(-c2cccnc2)ncn1)C1CCCN1S(=O)(=O)c1ccccc1,2,0
BTNUNVLIPAOCMM-LAQFHYBYSA-N,O=c1c2[nH]cnc2ncn1Cc1nc(C2C3CN(c4ccc5ocnc5c4)CC32)no1,2,1
BUIYVEPGAGPGLB-CTYIDZIISA-N,O=c1c2[nH]cnc2ncn1Cc1nc(C2CC(Oc3ccccc3)C2)no1,2,0
BUMGTYYOOSBBHW-UHFFFAOYSA-N,c1ccc(Oc2nccc3ccccc23)cc1,2,3
BUQGXZUGSBDOIZ-QFIPXVFZSA-N,O=C(NCc1cn(-c2ccccc2)c(=O)[nH]c1=O)C1CCCN1S(=O)(=O)c1cc2ccccc2o1,2,0
BUYFCKGCSXZWDP-MNZLEMJZSA-N,O=c1c2cccnc2ncn1Cc1nc(C2C3CN(c4ccccc4)CC32)no1,2,2
BUZFDVGJMBLEGQ-UHFFFAOYSA-N,c1ccc(CC2CCCCC2)cc1,2,1
BVMBHIKCHPFTIX-HDJSIYSDSA-N,O=c1c2[nH]cnc2ncn1Cc1nn(C2CC(c3ccccc3)C2)c(=O)o1,2,0
BWJKJXASLSRQNM-HDJSIYSDSA-N,O=c1c2cccnc2ncn1Cc1nc(C2CC(c3ccccc3)C2)no1,2,2
BWTWYFLHUIVVNP-WMLDXEAASA-N,O=c1c2cccnc2cnn1Cc1nc(C2COC(c3ccccc3)C2)no1,2,1
BXAPLRVODFEIFT-AWEZNQCLSA-N,O=C1NCCc2c1sc1ncn(Cc3nnn(CCc4ccccc4)n3)c(=O)c21,2,0
BXVDTIPLGIPGFG-WCQYABFASA-N,O=c1[nH]c2nc[nH]c2c(=O)n1Cc1nc(C2COC(c3ccccc3)C2)no1,2,4
BXWRYHWVMJYQDS-ZDUSSCGKSA-N,O=C1NCCc2c1sc1ncn(Cc3nnn(CCc4ccccc4)n3)c(=O)c21,2,0
BZFAADKUMJMAMD-QFIPXVFZSA-N,O=C(NCc1cn(-c2ccccc2)c(=O)[nH]c1=O)C1CCCN1S(=O)(=O)c1cc2ccccc2o1,2,0
BZTMKWCWKFEAKS-UHFFFAOYSA-N,c1ccc(-c2cc3cn[nH]c3cc2OCC2CC2)cc1,2,4
CANXPAGDHYDXAS-IYARVYRRSA-N,O=c1c2[nH]cnc2ncn1Cc1nn(C2CC(c3ccc4ccccc4c3)C2)c(=O)o1,2,4
CAURCPOFUZVLHO-FRQCXROJSA-N,O=c1c2[nH]cnc2ncn1Cc1nc(C2C3C=C(c4ccc5[nH]ncc5c4)CC32)no1,2,3
CBEQYPJASLPYCV-SVIJTADQSA-N,O=C(NCc1cc(-c2cncnc2)ccn1)C1CCCN1S(=O)(=O)c1ccccc1,2,3
CBSZTXHMDYXAMD-UHFFFAOYSA-N,O=C1C2=C(NC(=S)NC2c2ccccn2)c2ccccc21,2,3
CBZINAVQQWCRAE-ZDUSSCGKSA-N,O=c1c2ccsc2ncn1Cc1nc(CCc2ccccc2)no1,2,4
CCDZVVJMCCIMJK-NRFANRHFSA-N,O=C(NCc1cn(-c2ccccc2)c(=O)[nH]c1=O)C1CCCN1S(=O)(=O)c1cc2ccccc2o1,2,0
CCKDABRNCXXPNF-VXGBXAGGSA-N,c1ccc(NC2CCCCC2)cc1,2,2
CCUITVGIDVPEJI-UHFFFAOYSA-N,O=C(Cc1csc2[nH]c(=O)[nH]c(=O)c12)Nc1nc(-c2ccccc2)cs1,2,1
CCUWLJJJTXPUCI-HIFPTAJRSA-N,O=C(Cn1cnc2[nH]c(=O)[nH]c(=O)c21)Nc1csc(-c2cnc(N3CC4CC4C3)nc2)n1,2,4
CDIBRYDRWDNHKR-OFNKIYASSA-N,O=C(NCc1cccc(-c2ccccc2)c1)C1CCCN1S(=O)(=O)c1ccccc1,2,4
CDLPZSXOJZPUNZ-JOCHJYFZSA-N,O=C(NCc1cc(-c2cccnc2)ncn1)C1CCCN1S(=O)(=O)c1ccccc1,2,0
CEDDKVSCQBMJRG-UHFFFAOYSA-N,O=C(Cc1cccc2[nH]c(=O)[nH]c(=O)c12)Nc1ccn(-c2ccccc2)n1,2,4
CEHXVBLLORENHV-LAQFHYBYSA-N,O=c1c2[nH]cnc2ncn1Cc1nc(C2C3CN(c4ccc5ncsc5c4)CC32)no1,2,3
CENSBZQZRLLDCL-JOCQHMNTSA-N,O=c1c2[nH]cnc2ncn1Cc1nc(C2CC(c3ccccc3)C2)no1,2,4
CEOUAXRSPKQSPT-LBPRGKRZSA-N,O=C(Cn1cnc2[nH]c(=O)n(Cc3ncno3)c(=O)c21)Nc1ccnc(-c2cccnc2)n1,2,3
CERUYKDYVULSDG-SJORKVTESA-N,O=C(NCc1cnn(-c2cccnc2)c1)C1CCC1S(=O)(=O)c1ccccc1,2,2
CERUYKDYVULSDG-UHFFFAOYSA-N,O=C(NCc1cnn(-c2cccnc2)c1)C1CCC1S(=O)(=O)c1ccccc1,2,2
CGKGVIMZSQQQKI-MNZLEMJZSA-N,O=c1c2[nH]cnc2ncn1Cc1nc(C2C3CN(c4cc5ccccc5cn4)CC32)no1,2,1
CHJNLJDLILUZCU-WMLDXEAASA-N,O=c1c2ccncc2ncn1Cc1nc(C2COC(c3ccccc3)C2)no1,2,3
CHTXUMBCIKLCKW-GXTWGEPZSA-N,O=c1c2cn[nH]c2ncn1Cc1nc(C2COC(c3ccccc3)C2)no1,2,1
CIACKZWBHIJWSD-UHFFFAOYSA-N,c1ccc(-c2cc3cn[nH]c3cc2C2CC2)cc1,2,0
CIKWLRYNURTNGX-AWEZNQCLSA-N,O=C(Cn1cnc2[nH]c(=O)n(Cc3ccon3)c(=O)c21)Nc1cncc(-c2cccnc2)n1,2,0
CISHPMUQLTYQDL-UHFFFAOYSA-N,c1ccc(-c2ccc3[nH]ncc3c2)cc1,2,4
CIYDGMDZVSRZAF-RRFJBIMHSA-N,O=c1c2[nH]cnc2ncn1Cc1nn(C2CCC(c3ccccc3)C2)c(=O)o1,2,0
CJIFGBJDSODVOU-JTQLQIEISA-N,O=C(Cn1cnc2[nH]c(=O)[nH]c(=O)c21)Nc1csc(-c2ccccc2)n1,2,0
CKQMTXLABQTGQB-DHZHZOJOSA-N,O=C(C=Cc1ccccc1)Nc1ccccc1,2,3
CLALAOKNVZYDNB-HALDLXJZSA-N,O=c1c2[nH]cnc2ncn1Cc1nc(C2C3CN(c4ccccc4)CC32)no1,2,0
CLCRTUFFZNMHLS-LBPRGKRZSA-N,O=c1c2ccsc2ncn1Cc1nnn(CCc2cc3ccccc3o2)n1,2,4
CLDTYDWCLGHBRJ-UHFFFAOYSA-N,c1ccc(Nc2n[nH]c3ccccc23)cc1,2,3
CLZKMFVTJPNWFB-VQFNDLOPSA-N,O=c1c2cccnc2ncn1Cc1nc(C2C3CN(c4ccccc4)CC32)no1,2,2
CMKRUJONJACVHU-JOCHJYFZSA-N,O=C(NCc1cc(-c2cccnc2)ncn1)C1CCCN1S(=O)(=O)c1ccccc1,2,0
CMMHGQMDAWNUJF-NNUKFRKNSA-N,O=c1c2cccnc2ncn1Cc1nc(C2CC(Oc3ccccc3)C2)no1,2,3
CMPQQCSDOGJLLR-JOCHJYFZSA-N,O=C(NCc1cc(-c2cccnc2)ncn1)C1CCCN1S(=O)(=O)c1ccccc1,2,0
CMQWFYBXZLEOMA-FQEVSTJZSA-N,O=C(NCc1cc(-c2cccnc2)ncn1)C1CCCN1S(=O)(=O)c1ccccc1,2,0
CNBMUGGIAWLNKG-SHTZXODSSA-N,O=c1c2cccnc2ncn1Cc1nc(C2CC(c3ccccc3)C2)no1,2,2
CNMIUCDUEVFNKU-QHCPKHFHSA-N,O=C(NCc1cn(-c2ccccc2)c(=O)[nH]c1=O)C1CCCN1S(=O)(=O)c1cc2ccccc2o1,2,0
CNXACZHZGCZDBO-UHFFFAOYSA-N,O=c1c2[nH]cnc2ncn1Cc1nn(CCc2ccccc2)c(=O)o1,2,1
CNYDIRYGXDXINR-GCJKJVERSA-N,O=C(NCc1cccc(-c2ccccn2)c1)C1CCCN1S(=O)(=O)c1ccccc1,2,1
COEDYLGJVZYSIH-JTQLQIEISA-N,O=C(Cn1cnc2[nH]c(=O)[nH]c(=O)c21)Nc1csc(-c2cccnc2)n1,2,3
COUSNIYNXWRIMA-WQGACYEGSA-N,O=c1c2[nH]cnc2ncn1Cc1nc(C2C3C=C(c4ccccc4)CC32)no1,2,3
COWHGJLKSFLNRB-QLPKVWCKSA-N,O=c1c2[nH]cnc2ncn1Cc1nc(C2C3CN(c4ccccc4)CC32)no1,2,0
COWJGGFKTKTZOT-XJKSGUPXSA-N,O=c1c2[nH]cnc2ccn1Cc1nc(C2COC(c3ccccc3)C2)no1,2,0
CPOOXCQPULFHNM-YABSGUDNSA-N,O=c1c2[nH]nnc2ncn1Cc1nc(C2C3CN(c4ccccn4)CC32)no1,2,1
CPVYDKXZLWVTEE-GXFFZTMASA-N,O=c1c2ccnn2ncn1Cc1nc(C2COC(c3ccccc3)C2)no1,2,4
CQGSBWGNKKNJCP-RYRKJORJSA-N,O=c1c2[nH]cnc2ncn1Cc1nc(C2C3C=C(c4ccccc4)CC32)no1,2,3
CQQRVWPXVJWBRU-UHFFFAOYSA-N,O=c1c2[nH]cnc2ncn1Cc1noc(CCc2ccccc2)n1,2,4
CRANEYHZXMLJBS-SWLSCSKDSA-N,O=c1c2[nH]cnc2cnn1Cc1nc(C2COC(c3ccccc3)C2)no1,2,3
CRMCPZOEWQJMFS-LBPRGKRZSA-N,O=c1c2[nH]cnc2ncn1Cc1nn(CCc2ccccc2)c(=O)o1,2,1
CRVXZKHWEUVJFA-ZDUSSCGKSA-N,O=c1c2ccoc2ncn1Cc1nnn(CCc2ccccc2)n1,2,1
CSKJIIXTWHNKSV-UHFFFAOYSA-N,O=C(Nc1ccccc1)c1ccccc1,2,4
CSUMASYLFZPZKR-VFNWGFHPSA-N,O=C(NCc1cc(-c2ccccc2)ncn1)C1CCCN1S(=O)(=O)c1ccccc1,2,1
CSWZSXQZBCOVSJ-FQEVSTJZSA-N,O=C(Cn1cnc2[nH]c(=O)n(Cc3ccccn3)c(=O)c21)Nc1cccc(-c2cnc(N3CCCC3)nc2)n1,2,0
CTVDAKKIBPDSKS-HNNXBMFYSA-N,O=C(Cn1cnc2[nH]c(=O)n(Cc3ccon3)c(=O)c21)Nc1cccc(-c2cccnc2)n1,2,3
CUODMWHGYJSPRF-XJKSGUPXSA-N,O=c1c2cccnc2ncn1Cc1nc(C2COC(c3ccccc3)C2)no1,2,1
CUXROWBZAXBRIM-UHFFFAOYSA-N,O=C(CNS(=O)(=O)c1ccccc1)NCc1cccc(C2CC2)c1,2,3
CVQHMRPOOCQEKI-OOHWJJMZSA-N,O=C(Cn1cnc2[nH]c(=O)[nH]c(=O)c21)Nc1csc(-c2ccc(N3CC4CC4C3)nc2)n1,2,2
CWCODCHAQNOYLW-QFIPXVFZSA-N,O=C(NCc1cn(-c2ccccc2)c(=O)[nH]c1=O)C1CCCN1S(=O)(=O)c1cc2ccccc2o1,2,0
CXKWWEBSUNFLIN-UTKZUKDTSA-N,O=C(NCc1cc(-c2ccccc2)ncn1)C1CCCN1S(=O)(=O)c1ccccc1,2,1
CXQKCYMIGNQZOZ-UHFFFAOYSA-N,O=c1[nH]cnc2cnn(Cc3nc(CCc4ccccc4)no3)c12,2,1
CYNMROYWBACHTQ-XLIONFOSSA-N,O=C(NCc1cccc(-n2cccn2)c1)C1CCCN1S(=O)(=O)c1ccccc1,2,2
CYQZMMUPORHDSC-MRXNPFEDSA-N,O=S(=O)(c1ccccc1)N1CCCC1c1ccccc1,2,3
CYWFSLKYTRCPPA-MQMHXKEQSA-N,O=c1c2[nH]cnc2ncn1Cc1nn(C2CC(c3ccccc3)C2)c(=O)o1,2,0
CZLHDEMBLZTFGA-UMYLGFLZSA-N,c1ccsc1,2,3
CZSWXNBPJXPCFZ-GGYDESQDSA-N,O=c1c2cccnc2ncn1Cc1nn(C2CC(c3ccccc3)C2)c(=O)o1,2,2
CZWUSKMGGLHRBH-AWEZNQCLSA-N,O=C(Cn1cnc2[nH]c(=O)[nH]c(=O)c21)Nc1cccc(-c2cccnc2)n1,2,0
DBXCRZFXGYPTQJ-WCQYABFASA-N,O=c1c2[nH]cnc2nnn1Cc1nc(C2COC(c3ccccc3)C2)no1,2,4
DBZDCJRBMOZLQI-FUHWJXTLSA-N,O=S(=O)(c1ccccc1)N1CCCC1c1ccccc1,2,3
DCHZOOHTNLONBI-CMPLNLGQSA-N,O=c1c2[nH]nnc2ncn1Cc1nc(C2COC(c3ccccc3)C2)no1,2,1
DCIRNJZMAVZAQG-OOHWJJMZSA-N,O=C(Cn1cnc2[nH]c(=O)[nH]c(=O)c21)Nc1cccc(-c2cnc(N3CC4CC4C3)cn2)n1,2,3
DCVSFXIYOAFCQQ-ZHRRBRCNSA-N,O=C(NCc1cnn(-c2cccnc2)c1)C1CCCN1S(=O)(=O)c1ccccc1,2,3
DDBRUPZDWAODIC-AEFFLSMTSA-N,O=C(NCc1cncc(-c2cncnc2)c1)C1CCCN1S(=O)(=O)c1ccccc1,2,4
DDCBCYZFOVRVBY-UHFFFAOYSA-N,O=C(Cc1coc2[nH]c(=O)[nH]c(=O)c12)Nc1nc(-c2ccccc2)cs1,2,4
DEEKSQRKTYEQAN-QWHZDKJVSA-N,O=c1c2cccnc2ncn1Cc1nc(C2C3CN(c4ccc5ncsc5c4)CC32)no1,2,4
DEGUDXJXTJSIFF-GOSISDBHSA-N,c1ccc(CCN2CCCCC2)cc1,2,4
DEGUDXJXTJSIFF-SFHVURJKSA-N,c1ccc(CCN2CCCCC2)cc1,2,4
DEMKZLAVQYISIA-ZRWXNEIDSA-N,O=C1CC(c2ccc(OC3CCCCO3)cc2)Oc2ccccc21,2,2
DEOVWIPKRDTVPC-GTPINHCMSA-N,O=C(Cn1cnc2[nH]c(=O)[nH]c(=O)c21)Nc1cccc(-c2cnc(N3CC4CC4C3)cn2)n1,2,3
DEQOZQHMWLHJLS-UWVAXJGDSA-N,O=c1c2[nH]cnc2ncn1Cc1nc(C2C3C=C(c4ccccc4)CC32)no1,2,3
DFRRLTYRSAJCPA-UHFFFAOYSA-N,c1ccccc1,2,1
DGUJPXZEBMKLMM-LBPRGKRZSA-N,O=c1c2ccoc2ncn1Cc1nnn(CCc2cc3ccccc3o2)n1,2,4
DHGRAFMYKRWRSJ-VYDXJSESSA-N,O=c1c2[nH]cnc2ncn1Cc1nc(C2C3C=C(c4ccccc4)CC32)no1,2,3
DHGRAFMYKRWRSJ-ZMSDIMECSA-N,O=c1c2[nH]cnc2ncn1Cc1nc(C2C3C=C(c4ccccc4)CC32)no1,2,3
DHGUOHDVYXFMFQ-IYARVYRRSA-N,O=c1c2cccnc2ncn1Cc1nn(C2CC(c3ccc4ncccc4c3)C2)c(=O)o1,2,4
DIAYDLRDYDEHDA-XJKSGUPXSA-N,O=c1ccc2ncn(Cc3nc(C4COC(c5ccccc5)C4)no3)c(=O)c2[nH]1,2,4
DIIQAMTUZXBVMZ-BTYIYWSLSA-N,O=C(NCc1cnn(-c2ccccc2)c1)C1CCCN1S(=O)(=O)c1ccccc1,2,4
DIRMTWBVAUKNIW-UHFFFAOYSA-N,O=C(Cn1cnc2[nH]c(=O)n(Cc3ncon3)c(=O)c21)Nc1csc(-c2cccnc2)n1,2,0
DJDKJQHFJXTIKP-UHFFFAOYSA-N,O=C(Cc1coc2[nH]c(=O)[nH]c(=O)c12)Nc1nc(-c2ccccc2)cs1,2,4
DJJSNCWPZMUIPG-UHFFFAOYSA-N,c1ccc(CC2CCCCC2)cc1,2,1
DJYLSUHLHQFDOE-UHFFFAOYSA-N,c1ccc(Oc2nccc3ccccc23)cc1,2,3
DKBGJIILYWWMRH-UHFFFAOYSA-N,c1ccc(Oc2ncnc3ccccc23)cc1,2,1
DKIMBNVMKUFBST-WMLDXEAASA-N,O=S(=O)(c1ccccc1)N1CCCC1c1ccccc1,2,3
DKKPQUFSNQFNET-UHFFFAOYSA-N,O=C(CNC(=O)c1ccccc1)c1ccccc1,2,2
DKSDOKBELUNFIE-BJHJDKERSA-N,O=c1c2[nH]cnc2ncn1Cc1nc(C2CC(Cc3ccccc3)C2)no1,2,1
DKUIXNVMCXZCKN-UHFFFAOYSA-N,O=C(Cn1cnc2[nH]c(=O)n(Cc3ccccn3)c(=O)c21)Nc1cccc(-c2ccccc2)n1,2,2
DLPWZGVQCLYDHO-UHFFFAOYSA-N,O=C(Cn1cnc2[nH]c(=O)n(Cc3ccon3)c(=O)c21)Nc1cccc(N2CC3CC3C2)n1,2,1
DLXGKTWQOPDGDA-KWUMSVIQSA-N,O=c1c2cccnc2ncn1Cc1nc(C2CC(c3ccccc3)C2)no1,2,2
DMBRCJACORWWAQ-DEOSSOPVSA-N,O=C(NCc1cc(-c2ccccc2)c[nH]c1=O)C1CCCN1S(=O)(=O)c1cc2ccccc2o1,2,2
DMLDAUYAJBPNMF-VLIAUNLRSA-N,O=C(NCc1cc(-c2cccnc2)ccn1)C1CCCN1S(=O)(=O)c1ccccc1,2,1
DMVJOYDROMTHSO-NRFANRHFSA-N,O=C(NCc1cn(-c2ccccc2)c(=O)[nH]c1=O)C1CCCN1S(=O)(=O)c1cc2ccccc2o1,2,0
DMXZZBZXDMPWMC-VKTMSVCMSA-N,c1ccncc1,2,3
DNGBHFGCHWZAEK-JOCQHMNTSA-N,O=c1c2[nH]cnc2ncn1Cc1nc(C2CC(c3ccccc3)C2)no1,2,4
DNTIPHKVCXUYRM-UHFFFAOYSA-N,O=C(NCSc1ccccc1)c1ccccc1,2,4
DNUUOBAPXDXADD-HYEYJGRESA-N,O=c1c2[nH]cnc2ncn1Cc1nc(C2C3CN(c4ccccc4)CC32)no1,2,0
DOAZWVGOKGVJJR-FOLVSLTJSA-N,O=c1c2[nH]cnc2ncn1Cc1nc(C2C3CN(c4ccccc4)CC32)no1,2,0
DOBJBFNRWRRVBT-FHERZECASA-N,O=C(Cn1cnc2[nH]c(=O)[nH]c(=O)c21)Nc1cncc(-c2cnc(N3CC4CC4C3)nc2)n1,2,0
DOCJPRPOCLIJRE-YJYMSZOUSA-N,O=C(NCc1cc(-c2cnccn2)ccn1)C1CCCN1S(=O)(=O)c1ccccc1,2,1
DPAOKPJHCRBSPQ-UHFFFAOYSA-N,O=C(CNS(=O)(=O)c1ccccc1)NCc1cccc(N2CCCC2)c1,2,2
DPIVYZZBFLLVQT-UHFFFAOYSA-N,O=C1C2=C(NC(=S)NC2c2ccccc2)c2ccccc21,2,2
DPYKKSMHTFGSEZ-OOHWJJMZSA-N,O=C(Cn1cnc2[nH]c(=O)[nH]c(=O)c21)Nc1csc(-c2ccc(N3CC4CC4C3)nc2)n1,2,2
DQMKDVUGJCOEFB-DZFIZOCASA-N,O=c1c2[nH]cnc2ncn1Cc1nc(C2C3CN(c4ccc5ccncc5c4)CC32)no1,2,3
DRBIJLJBIZNBSI-OAHLLOKOSA-N,O=C1C2=C(NC(=S)NC2c2ccccc2)c2ccccc21,2,2
DRBIJLJBIZNBSI-UHFFFAOYSA-N,O=C1C2=C(NC(=S)NC2c2ccccc2)c2ccccc21,2,2
DRMGHQKJRKRAAE-UHFFFAOYSA-N,O=C(NCC(Cc1ccccc1)N1CCCCC1)C1(c2ccccc2)CCCC1,2,1
DTFHZFACWKUJPZ-JOCQHMNTSA-N,O=C(c1ccccc1)C1CC(c2noc(Cn3cnc4nc[nH]c4c3=O)n2)C1,2,1
DTPJIPPQGPABTK-LBPRGKRZSA-N,O=c1c2ccsc2ncn1Cc1nnn(CCc2ccccc2)n1,2,1
DTVXBNDIMDRBBV-GOSISDBHSA-N,O=C1C2=C(NC(=S)NC2c2ccccc2)c2ccccc21,2,2
DTVXBNDIMDRBBV-UHFFFAOYSA-N,O=C1C2=C(NC(=S)NC2c2ccccc2)c2ccccc21,2,2
DTXASEKLDRHEQO-UHFFFAOYSA-N,O=C(Cn1ccc2[nH]c(=O)[nH]c(=O)c21)Nc1nc(-c2ccccc2)cs1,2,1
DUAGJPVKZYTJQM-LBPRGKRZSA-N,O=C(Cn1cnc2[nH]c(=O)[nH]c(=O)c21)Nc1csc(-c2cccnc2)n1,2,3
DUDGVTZIXWMUJM-OOHWJJMZSA-N,O=C(Cn1cnc2[nH]c(=O)[nH]c(=O)c21)Nc1cccc(-c2ccc(N3CC4CC4C3)nc2)n1,2,3
DUKDOQAYUAMVIA-QJLMEOIESA-N,O=C(NCc1cc(C2CCCCC2)ncn1)C1CCCN1S(=O)(=O)c1ccccc1,2,1
DUKDOQAYUAMVIA-SZUSHISOSA-N,O=C(NCc1cc(C2CCCCC2)ncn1)C1CCCN1S(=O)(=O)c1ccccc1,2,1
DVSUUDQPYLXSED-IPVJXJPOSA-N,O=c1c2cccnc2ncn1Cc1nc(C2CC(c3ccccc3)C2)no1,2,2
DWAWIOKCMZJXGY-ZWKOTPCHSA-N,O=c1c2[nH]cnc2ncn1Cc1nc(C2COC(c3ccc4ccccc4c3)C2)no1,2,4
DWKWEXOFAGHGPU-PKOBYXMFSA-N,O=c1c2cnc(N3CCNCC3)n2ncn1Cc1nc(C2COC(c3ccccc3)C2)no1,2,2
DWKWGYFSYUEEDC-MXVIHJGJSA-N,O=c1c2cccnc2ncn1Cc1nc(C2CC(c3ccc4ccccc4c3)C2)no1,2,3
DWZFXFKEACEOBD-UHFFFAOYSA-N,O=C(Nc1ccccc1)c1ccccc1,2,4
DXPDEFAQERXWLM-QHCPKHFHSA-N,O=C(NCc1c[nH]c(=O)c(-c2ccccn2)c1)C1CCCN1S(=O)(=O)c1cc2ccccc2o1,2,1
DXPVSKMQMRRVIF-HSBZDZAISA-N,O=C(Cn1cnc2[nH]c(=O)[nH]c(=O)c21)Nc1csc(-c2cnc(N3CC4CC4C3)nc2)n1,2,4
DXWIIDPZTZPYBU-SMDDNHRTSA-N,O=C(NCc1nc(C2COC(c3ccccc3)C2)no1)c1cnn[nH]1,2,1
DZCRSQJSUHVSNU-AWEZNQCLSA-N,O=C(Cn1cnc2[nH]c(=O)n(Cc3ccccn3)c(=O)c21)Nc1cccc(-c2cncnc2)n1,2,3
DZQZOUCQQZZXDZ-QLPKVWCKSA-N,O=c1c2[nH]cnc2ncn1Cc1nc(C2C3CN(c4ccccc4)CC32)no1,2,0
DZUUKSOAPLTGHW-UHFFFAOYSA-N,O=C1C2=C(NC(=S)NC2c2cccc(OCc3cccnc3)c2)c2ccccc21,2,3
DZWTVPLPFLUECS-UHFFFAOYSA-N,O=C(CNS(=O)(=O)c1ccccc1)NCc1cc(N2CCCCC2)ncn1,2,2
DZZBEGYUYXZHDF-HKUYNNGSSA-N,O=C(NCc1ccnc(-c2cncnc2)c1)C1CCCN1S(=O)(=O)c1ccccc1,2,0
FATUHOJCYPAYKH-UHFFFAOYSA-N,O=C(Cc1coc2[nH]c(=O)[nH]c(=O)c12)Nc1nc(-c2ccccc2)cs1,2,4
FBSZSRPGDWDHLD-UHFFFAOYSA-N,O=C(Cn1cnc2[nH]c(=O)[nH]c(=O)c21)Nc1csc(-c2cccnc2)n1,2,3
FCFCSZPQFJTENQ-MQMHXKEQSA-N,O=c1c2[nH]cnc2ncn1Cc1nn(C2CC(c3ccccc3)C2)c(=O)o1,2,0
FCMUQGQOHDDBSQ-SUMWQHHRSA-N,O=c1c2c(ncn1Cc1nc(C3COC(c4ccccc4)C3)no1)CNCC2,2,3
FCOSPAMFCZKOMI-AWEZNQCLSA-N,O=C1NCCc2c1sc1ncn(Cc3nnn(CCc4ccccc4)n3)c(=O)c21,2,0
FCSBJUCLEMSROM-BEFAXECRSA-N,O=C(NCc1cc(-c2cnccn2)ccn1)C1CCCN1S(=O)(=O)c1ccccc1,2,1
FEDQIVSBCTYUSF-BUTPEJBISA-N,O=C1C2C=CN=CC2N=CN1Cc1nc(C2COC(c3ccccc3)C2)no1,2,1
FELFYFLOCBXASZ-UHFFFAOYSA-N,O=c1c2[nH]cnc2ncn1Cc1nc(CCc2ccccc2)no1,2,4
FFKHUSNRDZTBEK-UHFFFAOYSA-N,c1ccc2[nH]c(-c3n[nH]c4cccnc34)cc2c1,2,3
FFLBKZQHVGBNKP-UHFFFAOYSA-N,O=C(Cc1coc2[nH]c(=O)[nH]c(=O)c12)Nc1nc(-c2ccccc2)cs1,2,4
FGQHVSVCWJXATK-UHFFFAOYSA-N,c1ccc(-c2n[nH]c3ccccc23)cc1,2,2
FHTOBCAUNVYQCW-UTKZUKDTSA-N,O=C(NCc1cnn(-c2ccccc2)c1)C1CCCN1S(=O)(=O)c1ccccc1,2,4
FIBJEOLUMVIRIT-DZGCQCFKSA-N,O=c1c2[nH]cnc2ncn1Cc1nc(C2COC(c3ccccc3)C2)no1,2,2
FICCUPYHHFFCIM-JXMROGBWSA-N,O=C(C=Cc1ccccc1)Nc1ccccc1,2,3
FJBYXALKFQSAGN-APWZRJJASA-N,O=C(NCc1ccnc(-c2cncnc2)c1)C1CCCN1S(=O)(=O)c1ccccc1,2,0
FJEQNXSKGGBBDD-UHFFFAOYSA-N,O=C(Nc1ccccc1)c1ccccc1,2,4
FJNRQRRMZBASMG-GXTWGEPZSA-N,O=c1c2cncn2ncn1Cc1nc(C2COC(c3ccccc3)C2)no1,2,1
FJUZYWBVQVHTJI-SWLSCSKDSA-N,O=c1c2ccnnc2ncn1Cc1nc(C2COC(c3ccccc3)C2)no1,2,0
FKCJHLWKMWRKBM-LBPRGKRZSA-N,O=c1c2ccoc2ncn1Cc1nnn(CCc2cc3ccccc3s2)n1,2,2
FLIQYUIVRAOUGB-FUHWJXTLSA-N,O=c1c2cnc(N3CCC3)n2ncn1Cc1nc(C2COC(c3ccccc3)C2)no1,2,0
FLNSDZHQQBHXMR-UHFFFAOYSA-N,c1ccc(CC2CCCCC2)cc1,2,1
FLQOKJWUYDGZIT-VAWYXSNFSA-N,C(=Cc1ccccc1)c1ccccc1,2,2
FMAWUSSXGHYEJS-ZBFHGGJFSA-N,O=C(NCc1cnn(-c2cnccn2)c1)C1CCCN1S(=O)(=O)c1ccccc1,2,2
FMIIIXHTXHNZIP-UHFFFAOYSA-N,O=C(Cc1cccc2[nH]c(=O)[nH]c(=O)c12)Nc1nc(-c2ccccc2)cs1,2,3
FMQCHWYYJNLQTD-BEFAXECRSA-N,O=C(NCc1cc(-c2ccc3c(c2)OCO3)ncn1)C1CCCN1S(=O)(=O)c1ccccc1,2,2
FNDVNJLIBJSDBE-VMPITWQZSA-N,O=c1c2cccnc2ncn1Cc1noc(C=Cc2ccccc2)n1,2,3
FNJBEWJWLFLGLN-AWEZNQCLSA-N,O=C(Cn1cnc2[nH]c(=O)n(Cc3ccon3)c(=O)c21)Nc1cncc(-c2cccnc2)n1,2,0
FNUDQAYJJRTSII-QLPKVWCKSA-N,O=c1c2[nH]cnc2ncn1Cc1nc(C2C3CN(c4ccccc4)CC32)no1,2,0
FOXGCOKYWRDUFO-LBPRGKRZSA-N,O=c1c2ccsc2ncn1Cc1nc(CCc2ccc3c(c2)OCO3)no1,2,2
FPDWPLLJKZDDGE-HSBZDZAISA-N,O=C(Cn1cnc2[nH]c(=O)[nH]c(=O)c21)Nc1csc(-c2cnc(N3CC4CC4C3)nc2)n1,2,4
FPMULNOOMRYVLW-UYHGDYIZSA-N,c1ccccc1,2,1
FPWZCPBCLPFHEF-UHFFFAOYSA-N,O=c1c2c(ncn1Cc1nnn(CCc3ccccc3)n1)NNC2,2,4
FQZNADCLVNIQIS-AWEZNQCLSA-N,O=C(Cn1cnc2[nH]c(=O)n(Cc3ccon3)c(=O)c21)Nc1cccc(-c2cccnc2)n1,2,3
FSWCDZMHVSTAIJ-UHFFFAOYSA-N,O=C(Cn1cnc2[nH]c(=O)n(Cc3ccon3)c(=O)c21)Nc1cccc(-c2cccnc2)n1,2,3
FTOLOGKZFWYVKF-GJYPPUQNSA-N,O=c1c2cccnc2ncn1Cc1nc(C2C3C=C(c4ccccc4)CC32)no1,2,2
FTWYYMVJQQIIJU-HNNXBMFYSA-N,O=C(Cn1cnc2[nH]c(=O)n(Cc3ccon3)c(=O)c21)Nc1cccc(-c2ccccc2)n1,2,4
FUKPSYBHXMJTPH-UHFFFAOYSA-N,O=C(CNC(=O)c1cnoc1-c1ccccc1)c1ccccc1,2,3
FUWTZTWOKOCMSP-NPHXMPSESA-N,O=c1c2cccnc2cnn1Cc1nc(C2C3CN(c4cccc(-c5cn[nH]c5)c4)CC32)no1,2,0
FVEVYUOVLKEWMT-YJYMSZOUSA-N,O=C(NCc1cc(-c2cccnc2)ncn1)C1CCCN1S(=O)(=O)c1ccccc1,2,0
FVGOWAKUHJZKFK-GRTSSRMGSA-N,O=C(Cn1cnc2[nH]c(=O)[nH]c(=O)c21)Nc1cncc(-c2cnc(N3CC4CC4C3)nc2)n1,2,0
FVVAJPFKOPGRKI-UHFFFAOYSA-N,O=c1c2[nH]cnc2ncn1Cc1nn(CCc2ccccc2)c(=O)o1,2,1
FVXQEVATGMMNBT-UHFFFAOYSA-N,O=C(NCc1ccnc(-c2cncnc2)c1)C1C2CCC(C2)N1S(=O)(=O)c1ccccc1,2,2
FWEQDPBXQWFBRT-UHFFFAOYSA-N,O=c1c2cccnc2ncn1Cc1nn(CCc2ccccc2)c(=O)o1,2,1
FWYRYRIWMHHWCG-UHFFFAOYSA-N,O=c1c2cccnc2ncn1Cc1noc(CCc2ccccc2)n1,2,2
FXNIYZIWBXBVOE-OZXSUGGESA-N,O=C(NCc1c[nH]c(=O)c(-c2ccccc2)c1)C1CCCN1S(=O)(=O)c1cc2ccccc2o1,2,0
FYADCMMDOVGCKC-UHFFFAOYSA-N,O=c1c2[nH]cnc2ncn1Cc1nn(CCc2ccc3[nH]ccc3c2)c(=O)o1,2,1
FYEXAXFLKABKLW-XNWCZRBMSA-N,c1ccccc1,2,1
FYHWPNBNIBLVRG-UHFFFAOYSA-N,O=C(Cc1cccc2[nH]c(=O)[nH]c(=O)c12)Nc1nc(-c2ccccc2)cs1,2,3
FZPRJLYAQRPNJX-NZQKXSOJSA-N,O=C(NCc1cccc(-c2cccnn2)c1)C1CCCN1S(=O)(=O)c1ccccc1,2,3
FZWXVCHEVDMQEI-LBPRGKRZSA-N,O=C(Cn1cnc2[nH]c(=O)[nH]c(=O)c21)Nc1csc(-c2cccnc2)n1,2,3
FZXALJROWDXSCO-JEYLPNPQSA-N,O=C(Cn1cnc2[nH]c(=O)[nH]c(=O)c21)Nc1cccc(-c2cnc(N3CC4CC4C3)nc2)n1,2,2
FZZFOAXTJWRIME-UHFFFAOYSA-N,O=C(Cc1coc2[nH]c(=O)[nH]c(=O)c12)Nc1nc(-c2ccccc2)cs1,2,4
GAFGPIYXBBLFJI-YKSBVNFPSA-N,O=C(NCc1cc(-c2cccnc2)nc(-c2cccnc2)c1)C1CCCN1S(=O)(=O)c1ccccc1,2,1
GAJJEVVNFYSCQF-UHFFFAOYSA-N,O=C(Cc1cccc2[nH]c(=O)[nH]c(=O)c12)Nc1nc(-c2ccccc2)cs1,2,3
GAQUJPITFFKFQG-AWEZNQCLSA-N,O=C(Cn1cnc2[nH]c(=O)n(Cc3ccon3)c(=O)c21)Nc1ccnc(-c2cccnc2)n1,2,4
GASNKOLBLYALAK-OSPHWJPCSA-N,O=C(NCc1cc(-c2cccnc2)ccn1)C1CCCN1S(=O)(=O)c1ccccc1,2,1
GBLKNVFTITUYJG-UHFFFAOYSA-N,O=C(Cc1cccc2[nH]c(=O)[nH]c(=O)c12)Nc1nc(-c2ccccc2)cs1,2,3
GBLOYKHDXVMKKU-HNNXBMFYSA-N,O=C(CNS(=O)(=O)c1cc2ccccc2o1)NCc1cn(-c2ccccc2)c(=O)[nH]c1=O,2,2
GBWICTTWLYIICR-UHFFFAOYSA-N,O=C(Cc1cccc2[nH]c(=O)[nH]c(=O)c12)Nc1nc(-c2ccccc2)cs1,2,3
GBZVFJQASGJXPD-UHFFFAOYSA-N,O=c1[nH]c2ncn(Cc3nc(CCc4ccccc4)no3)c(=O)c2[nH]1,2,4
GCDVMFHLUVNJID-NFOMZHRRSA-N,O=C(Cn1cnc2[nH]c(=O)[nH]c(=O)c21)Nc1csc(-c2cnc(N3CC4CC4C3)nc2)n1,2,4
GCIFQXCKLWKXPI-UHFFFAOYSA-N,c1ccc(-c2ccc3[nH]ncc3c2)cc1,2,4
GDCSGNPQQSANAH-UHFFFAOYSA-N,O=C(CNC(=O)c1ccccc1)c1ccccc1,2,2
GDGPROVRKWVGIM-UHFFFAOYSA-N,O=C(Cc1coc2[nH]c(=O)[nH]c(=O)c12)Nc1nc(-c2ccccc2)cs1,2,4
GDJFZHALVYTABE-UHFFFAOYSA-N,O=c1c2cncn2ncn1Cc1nc(CCc2ccccc2)no1,2,0
GDLXALGRTUYOFU-ZDUSSCGKSA-N,O=c1c2ccsc2ncn1Cc1nnn(CCc2ccccc2)n1,2,1
GDMOZMAHCFBQEV-VIFPVBQESA-N,O=c1c2ccsc2ncn1Cc1nnn(CCc2cccs2)n1,2,0
GEKOFPRPTQXTLH-MNZLEMJZSA-N,O=c1c2[nH]cnc2ncn1Cc1nc(C2C3CN(c4ccc5ncccc5c4)CC32)no1,2,4
GFHCUBYZXBYPMA-LBPRGKRZSA-N,O=c1c2ccsc2ncn1Cc1nnn(CCc2ccccc2)n1,2,1
GFRTYOMOOHPBGT-WCQYABFASA-N,O=c1[nH]c2c(=O)n(Cc3nc(C4COC(c5ccccc5)C4)no3)cnc2o1,2,1
GFSKJMFCKOFCET-XOBRGWDASA-N,O=C(NCc1ccnc(-c2cncnc2)c1)C1CCCN1S(=O)(=O)c1ccccc1,2,0
GFYUYCDYLQUHQA-UHFFFAOYSA-N,O=C(Cn1cnc2[nH]c(=O)n(Cc3ccon3)c(=O)c21)Nc1cccc(-c2cccnc2)n1,2,3
GGDWDBYUQOQOCY-HALDLXJZSA-N,O=c1c2[nH]cnc2ncn1Cc1nc(C2C3CN(c4ccccc4)CC32)no1,2,0
GGEXZZTTYULMGE-NWDGAFQWSA-N,c1cc(CC2CCCCC2)ccn1,2,2
GGKRJWBWIAZWQO-GOEBONIOSA-N,O=c1c2cccnc2ncn1Cc1nc(C2COC(c3ccccc3)C2)no1,2,1
GGMKYOGJIQCBEX-CHWSQXEVSA-N,O=c1c2[nH]nnc2ncn1Cc1nc(C2CCC(c3ccccc3)C2)no1,2,3
GGXOOEKRZGSFIG-RXVVDRJESA-N,O=C(NCc1cccc(-c2cnccn2)c1)C1CCCN1S(=O)(=O)c1ccccc1,2,0
GHKCXTRPFPXNAI-YMHHLACNSA-N,O=C(NCc1cc(N2C3CCCC2CC3)ccn1)C1CCCN1S(=O)(=O)c1ccccc1,2,2
GHLWCNVHSZFICN-UTKZUKDTSA-N,O=C(NCc1cc(-c2ccccc2)ncn1)C1CCCN1S(=O)(=O)c1ccccc1,2,1
GINMVHRTUVVUGZ-VXGBXAGGSA-N,c1ccc(NC2CCCCC2)cc1,2,2
GKDOVEFNAJGSJG-ATCWAGBWSA-N,O=c1c2[nH]cnc2ncn1Cc1nc(C2C3CN(c4ccccc4)CC32)no1,2,0
GKIQKSVZYXCZPE-GXTWGEPZSA-N,O=c1c2cncn2ncn1Cc1nc(C2COC(c3ccccc3)C2)no1,2,1
GKJBGRQPKPMAEN-ZDUSSCGKSA-N,O=C(Cn1cnc2[nH]c(=O)n(Cc3ncno3)c(=O)c21)Nc1cccc(-c2cccnc2)n1,2,0
GKKQZEPQVLEGEB-SFHVURJKSA-N,O=C(NCc1cnn(-c2ccccc2)c1)C1CCN1S(=O)(=O)c1ccccc1,2,4
GKROVECUBNNFBQ-WEHONNDLSA-N,O=c1c2cccnc2ncn1Cc1nn(C2CC(c3ccccc3)C2)c(=O)o1,2,2
GKTBXBKXQXNSTC-UHFFFAOYSA-N,O=C(Nc1ccccc1)c1ccccc1,2,4
GLDSELZUQFTHCX-UZLBHIALSA-N,O=C(NCc1cc(-c2cccnc2)ncn1)C1CCCN1S(=O)(=O)c1ccccc1,2,0
GLTMCNDGYKDTAQ-UHFFFAOYSA-N,O=C(Cc1coc2[nH]c(=O)[nH]c(=O)c12)Nc1nc(-c2ccccc2)cs1,2,4
GLVKYOVHEGVODM-IYARVYRRSA-N,O=c1c2[nH]cnc2ncn1Cc1nc(C2CC(c3ccc4ccccc4c3)C2)no1,2,0
GLYGZIVKLCTOTJ-PGMBSLALSA-N,c1ccccc1,2,1
GMDDHFLYGBSDDB-KDOFPFPSSA-N,O=C(NCc1cc(-c2cncnc2)ncn1)C1CCCN1S(=O)(=O)c1ccccc1,2,1
GMHGSZNLCIEWAB-UHFFFAOYSA-N,c1ccc(-c2cn3ccccc3n2)cc1,2,4
GMKXACFKVYHBLC-YRNVUSSQSA-N,O=c1c2[nH]cnc2ncn1Cc1noc(C=Cc2ccccc2)n1,2,4
GMRLSGZVVKNZDY-UHFFFAOYSA-N,O=C(NCc1cc(-c2cccnc2)ncn1)C1(NS(=O)(=O)c2ccccc2)CC1,2,4
GMVVWDBILLJHLA-FPOVZHCZSA-N,O=C(NCc1cc(-c2ccccc2)ncn1)C1CCCN1S(=O)(=O)c1ccccc1,2,1
GMWFVFPCPWVMFQ-UHFFFAOYSA-N,O=C(NCC(Cc1ccccc1)N1CCCCC1)C1(c2ccccc2)CCCCC1,2,2
GNCGEPOTGKGMLT-KNQAVFIVSA-N,O=C(NCc1cc(-c2cccnc2)ccn1)C1CCCN1S(=O)(=O)c1ccccc1,2,1
GNHMXTAFCQXTQG-UHFFFAOYSA-N,c1ccc(-c2ccc3[nH]ncc3c2)cc1,2,4
GNNUMLYAKUEIDE-LDTOLXSISA-N,O=c1c2cccnc2ncn1Cc1nn(C2CC(c3ccccc3)C2)c(=O)o1,2,2
GNPIZTIQDCGSLH-ZDUSSCGKSA-N,O=C1NCCc2c1sc1ncn(Cc3nnn(CCc4cc5ccccc5o4)n3)c(=O)c21,2,3
GNRKNCPNDKATCH-UHFFFAOYSA-N,O=C(Cc1cccc2[nH]c(=O)[nH]c(=O)c12)Nc1nc(-c2ccccc2)cs1,2,3
GNTSRCHLMHYOEA-UHFFFAOYSA-N,O=C(Cn1cnc2[nH]c(=O)n(Cc3ccccn3)c(=O)c21)Nc1csc(-c2ccccc2)n1,2,4
GNYBHKXPQGYGCV-UHFFFAOYSA-N,c1cncc(Nc2n[nH]c3ccccc23)c1,2,1
GPSBTMRQCOOVOX-CVDCTZTESA-N,O=C(NCc1cn(-c2cccnc2)c(=O)[nH]c1=O)C1CCCN1S(=O)(=O)c1cc2ccccc2o1,2,4
GPYFHTOHAHTGAG-MOFZMDFASA-N,O=C(NCc1cc(-c2cnccn2)ncn1)C1CCCN1S(=O)(=O)c1ccccc1,2,2
GQPDGZDVPWDQGV-ZDUSSCGKSA-N,O=C(Cn1cnc2[nH]c(=O)[nH]c(=O)c21)Nc1cncc(-c2cccnc2)n1,2,3
GRUKRNSLJWUNIQ-GTPINHCMSA-N,O=C(Cn1cnc2[nH]c(=O)[nH]c(=O)c21)Nc1cccc(-c2cnc(N3CC4CC4C3)nc2)n1,2,2
GRXVMTIZBKWHSB-NFOMZHRRSA-N,O=C(Cn1cnc2[nH]c(=O)[nH]c(=O)c21)Nc1csc(-c2cnc(N3CC4CC4C3)nc2)n1,2,4
GRYCSQXMCQAXTH-KRWDZBQOSA-N,O=C(Cn1cnc2[nH]c(=O)[nH]c(=O)c21)Nc1cccc(-c2cnc(N3CCCC3)nc2)n1,2,1
GSFZIJJFUIHXEU-NSHDSACASA-N,O=C(Cn1cnc2[nH]c(=O)[nH]c(=O)c21)Nc1csc(-c2ccccc2)n1,2,0
GSUUYDCJJHXRLU-ATCWAGBWSA-N,O=c1c2[nH]cnc2ncn1Cc1nc(C2C3CN(c4ccccc4)CC32)no1,2,0
GTLRVPQNDNSVIG-VQFNDLOPSA-N,O=c1c2cccnc2ncn1Cc1nc(C2C3CN(c4ccccc4)CC32)no1,2,2
GUGRIVXZTJXLBP-AWEZNQCLSA-N,O=c1c2cccnc2ncn1Cc1nn(CCc2ccccc2)c(=O)o1,2,1
GUXDRJQXNCINLK-UHFFFAOYSA-N,O=C(Cc1coc2[nH]c(=O)[nH]c(=O)c12)Nc1nc(-c2ccccc2)cs1,2,4
GVAKPHBSBCNTNG-KBXCAEBGSA-N,O=c1c2c(ncn1Cc1nc(C3COC(c4ccccc4)C3)no1)CNCC2,2,3
GVDCWIWNLLLASC-IERDGZPVSA-N,O=C(NCc1cc(N2CCC3(CC2)CC3)ccn1)C1CCCN1S(=O)(=O)c1ccccc1,2,1
GVDZPSKDMZOKOZ-UHFFFAOYSA-N,O=c1c2[nH]ncc2ncn1Cc1nc(CCc2ccccc2)no1,2,3
GVIGRYHNIIYCLZ-FOLVSLTJSA-N,O=c1c2[nH]cnc2ncn1Cc1nc(C2C3CN(c4ccccc4)CC32)no1,2,0
GVIRLSFIPFVKML-HZAYCCFMSA-N,O=C(NCC(Cc1ccccc1)N1CCCCC1)C1CCCCC1,2,2
GVMNKKDSUMTDFH-TZOAMJEDSA-N,c1ccccc1,2,1
GWJPNUWHPLJRLG-IPVJXJPOSA-N,O=c1c2cccnc2ncn1Cc1nc(C2CC(c3ccccc3)C2)no1,2,2
GWVOHTDFXQAICX-UHFFFAOYSA-N,O=C(Cn1cnc2[nH]c(=O)[nH]c(=O)c21)Nc1cccc(-c2cnccn2)n1,2,0
GXEZRQFMWXWZKX-UHFFFAOYSA-N,O=C(Cn1cnc2[nH]c(=O)n(Cc3ncno3)c(=O)c21)Nc1csc(-c2cccnc2)n1,2,0
GXQZEMNKUGZVBX-SMDDNHRTSA-N,O=c1c2[nH]cnc2ncn1Cc1nc(C2COC(c3ccccc3)C2)no1,2,2
GXYVIPVHFLYGMR-RXVVDRJESA-N,O=C(NCc1cc(-c2ccccc2)ncn1)C1CCCN1S(=O)(=O)c1ccccc1,2,1
GXZJAPWOZROTCB-UHFFFAOYSA-N,O=C(Cc1coc2[nH]c(=O)[nH]c(=O)c12)Nc1nc(-c2ccccc2)cs1,2,4
GYHYZGTVOXUSCN-UHFFFAOYSA-N,O=c1c2cncn2ncn1Cc1nn(CCc2ccccc2)c(=O)o1,2,0
GYNDNTOIPROUCH-FPSMJMQUSA-N,O=C(NCc1cc(-c2cccnc2)ncn1)C1CCCN1S(=O)(=O)c1ccccc1,2,0
GZDAMVHUKQMRSK-UHFFFAOYSA-N,O=C(c1cn2c(=O)n(Cc3ccccc3)c(=O)cc2s1)N1CCC(c2ccccc2)CC1,2,4
GZRIVVUNKOLQTE-VXGBXAGGSA-N,c1ccc(NC2CCCCC2)cc1,2,2
HABYZPQFFRMXCH-UHFFFAOYSA-N,O=c1c2[nH]cnc2ncn1Cc1nn(CCc2ccccc2)c(=O)o1,2,1
HAVHLCLATHNKIR-HDJSIYSDSA-N,O=c1c2[nH]cnc2ncn1Cc1nc(C2CC(c3ccccc3)C2)no1,2,4
HBBABCXLFVDQFV-KOMQPUFPSA-N,O=c1c2cccnc2ncn1Cc1nn(C2CC(c3ccccc3)C2)c(=O)o1,2,2
HBHIXBYCEAGRAO-UHFFFAOYSA-N,O=C(Cc1cccc2[nH]c(=O)[nH]c(=O)c12)Nc1nc(-c2ccccc2)cs1,2,3
HBNRHCPABDWPQN-YEORSEQZSA-N,O=c1c2[nH]cnc2ncn1Cc1nc(C2CC(Oc3ccccc3)C2)no1,2,0
HBROHCUKWVIOIZ-XVDXERDNSA-N,O=c1c2[nH]cnc2ncn1Cc1nn(C2CC(c3ccccc3)C2)c(=O)o1,2,0
HDWOPDWWFVTQFQ-CVEARBPZSA-N,O=C(Cc1cnn(-c2cncnc2)c1)NC1CCC1S(=O)(=O)c1ccccc1,2,2
HEEMVJMUZDPBFI-UHFFFAOYSA-N,O=c1c2ccncc2ncn1Cc1nn(CCc2ccccc2)c(=O)o1,2,4
HEJBGQMISSCROI-KWUMSVIQSA-N,O=c1c2cccnc2cnn1Cc1nc(C2CC(c3ccccc3)C2)no1,2,0
HENUOPIBZLPYCJ-LBPRGKRZSA-N,O=c1c2ccsc2ncn1Cc1nnn(CCc2cc3ccccc3s2)n1,2,4
HEQDZPHDVAOBLN-UHFFFAOYSA-N,O=C(Cn1cnc2[nH]c(=O)[nH]c(=O)c21)Nc1ccccc1,2,3
HEUHRRGJNWTVSE-XLIONFOSSA-N,O=C(NCc1ccnc(-c2cncnc2)c1)C1CCCN1S(=O)(=O)c1ccccc1,2,0
HFBMXPXAVUATGY-UHFFFAOYSA-N,O=C(CN(c1ccccc1)S(=O)(=O)c1ccccc1)NCc1cc(-c2cccnc2)ncn1,2,2
HFJZCGUXBLVWRY-QFIPXVFZSA-N,O=C(NCc1cc(-c2ccccn2)ncn1)C1CCCN1S(=O)(=O)c1ccccc1,2,1
HFOXGYXSDJIWDB-XLIONFOSSA-N,O=C(NCc1ccnc(-c2cccnc2)c1)C1CCC1S(=O)(=O)c1ccccc1,2,2
HFTZDURZNKGJNR-UHFFFAOYSA-N,O=C(Cc1coc2[nH]c(=O)[nH]c(=O)c12)Nc1nc(-c2ccccc2)cs1,2,4
HFXXGXZWVDFVPZ-UHFFFAOYSA-N,O=C(Cc1coc2[nH]c(=O)[nH]c(=O)c12)Nc1nc(-c2ccccc2)cs1,2,4
HGDUOYYDKBPRCV-TUIFFPIZSA-N,O=C(NCc1ccnc(-c2cncnc2)c1)C1CCCN1S(=O)(=O)c1ccccc1,2,0
HGFRMZTUAVGPGZ-VGSWGCGISA-N,O=C(NCc1cc(N2CCC3(CC2)CC3)ccn1)C1CCCN1S(=O)(=O)c1ccccc1,2,1
HGJRJRKZFZNQMJ-UHFFFAOYSA-N,O=C(Cc1nsc2[nH]c(=O)[nH]c(=O)c12)Nc1nc(-c2ccccc2)cs1,2,2
HGJWNQHCAHMKIG-ZMSDIMECSA-N,O=c1c2[nH]cnc2ncn1Cc1nc(C2C3C=C(c4ccccc4)CC32)no1,2,3
HGLATSHXHZWSLR-LBPRGKRZSA-N,O=C(Cn1cnc2[nH]c(=O)[nH]c(=O)c21)Nc1csc(-c2cccnc2)n1,2,3
HGVCMBRPRZORGD-UHFFFAOYSA-N,O=c1[nH]cnc2ncn(Cc3nn(CCc4ccccc4)c(=O)o3)c12,2,0
HGWAQHCIDNYZGS-UHFFFAOYSA-N,c1ccc(Oc2nccc3occc23)cc1,2,3
HHCCDKWJHHNZND-UHFFFAOYSA-N,c1ccc(-c2ccc3[nH]ncc3c2)cc1,2,4
HHCLINDTOXIQSR-GXTWGEPZSA-N,O=c1c2[nH]cnc2ncn1Cc1nc(C2COC(c3ccccc3)C2)no1,2,2
HIDRCJZHDJXUMQ-MJGOQNOKSA-N,O=C(NCc1cncc(-c2cncnc2)c1)C1CCCN1S(=O)(=O)c1ccccc1,2,4
HJORVEMWTJKDDG-UHFFFAOYSA-N,O=C(Nc1ccccc1)c1cccs1,2,3
HKCKRSVNNCQBGV-KNMUDHKVSA-N,O=C(NCc1cc(-c2cncnc2)ccn1)C1CCCN1S(=O)(=O)c1ccccc1,2,3
HKIUSPTWBXDTFJ-UHFFFAOYSA-N,O=C(NCc1ccccc1)c1cn2c(=O)n(Cc3ccccc3)c(=O)cc2s1,2,2
HKROEBDHHKMNBZ-BYKJOZEVSA-N,c1ccccc1,2,1
HKROEBDHHKMNBZ-CHBKHGQFSA-N,c1ccccc1,2,1
HLNQWCKWTOEBQE-APWZRJJASA-N,O=C(NCc1ccnc(-c2cncnc2)c1)C1CCCN1S(=O)(=O)c1ccccc1,2,0
HNEVLTMGONUBIF-UHFFFAOYSA-N,O=C1NC2=C(C(=O)c3ccccc32)C(c2ccccc2)N1,2,1
HNSCERNLYMZCPA-UHFFFAOYSA-N,O=C(Cn1cnc2[nH]c(=O)n(Cc3ncno3)c(=O)c21)Nc1csc(-c2cccnc2)n1,2,0
HOGBUUUQWBIWPK-JAMMHHFISA-N,O=c1[nH]c2nc[nH]c2c(=O)n1CC1CCO1,2,3
HOLHRJJHGIWWPH-UHFFFAOYSA-N,c1ccc(Oc2ncnc3[nH]ccc23)cc1,2,3
HOZKRSNDULRMQU-NZQKXSOJSA-N,O=C(NCc1cccc(-c2cncnc2)c1)C1CCCN1S(=O)(=O)c1ccccc1,2,0
HPKPJVMZLTXAQJ-KRWDZBQOSA-N,O=C(Cn1cnc2[nH]c(=O)n(Cc3ccon3)c(=O)c21)Nc1cccc(-c2cncnc2)n1,2,3
HQKQCVCHHUAYQS-VIFPVBQESA-N,O=C1NCCc2c1sc1ncn(Cc3nnn(CCc4cccs4)n3)c(=O)c21,2,1
HQNAZTYNJXEWDA-UTKZUKDTSA-N,O=C(NCc1cc(-c2ccccn2)ccn1)C1CCCN1S(=O)(=O)c1ccccc1,2,2
HQOTZKAHXGIKLR-KEYYUXOJSA-N,O=c1c2[nH]cnc2ncn1Cc1nc(C2C3C=C(c4ccccc4)CC32)no1,2,3
HQVKTAXJLJKFMT-ZDUSSCGKSA-N,O=C(CNS(=O)(=O)c1cc2ccccc2o1)NCc1cn(-c2ccccc2)c(=O)[nH]c1=O,2,2
HQVRXJTUSZIFBP-HALDLXJZSA-N,O=c1c2cccnc2ncn1Cc1nc(C2C3CN(c4ccccn4)CC32)no1,2,0
HRAPYHSCUKKKMN-UHFFFAOYSA-N,O=C(NCc1cnn(-c2cccnc2)c1)C1CCCC1S(=O)(=O)c1ccccc1,2,3
HRMFIOUUYUFIRA-RTUWITSCSA-N,O=c1c2[nH]cnc2ncn1Cc1nc(C2C3CN(c4ccccn4)CC32)no1,2,3
HRPNHQBVYVNOBG-GTPINHCMSA-N,O=C(Cn1cnc2[nH]c(=O)[nH]c(=O)c21)Nc1cccc(-c2cnc(N3CC4CC4C3)cn2)n1,2,3
HSUWVFMQRSTCAD-QLPKVWCKSA-N,O=c1c2[nH]cnc2ncn1Cc1nc(C2C3CN(c4ccccc4)CC32)no1,2,0
HTAGBOVZPLQUDC-HWWDLCQESA-N,O=c1c2cccnc2ncn1Cc1nc(C2C3CN(c4ccccc4)CC32)no1,2,2
HTFLIVOZSFVGEJ-UHFFFAOYSA-N,O=C(Nc1ccccc1)c1ccccc1,2,4
HUHIIHFGNPALFZ-UOIKSKOESA-N,O=c1c2cccnc2cnn1Cc1nc(C2C3CN(c4ccccn4)CC32)no1,2,2
HVBOOIDXACFGEI-OAHLLOKOSA-N,S=C1Nc2c(oc3ncccc23)C(c2ccccc2)N1,2,1
HVDSOPBAZRASKA-DAXOMENPSA-N,c1ccc(NC2CCCC3CCCCC32)cc1,2,0
HWJFTZKKBTVRHJ-UHFFFAOYSA-N,O=C1C2=C(NC(=S)NC2c2cccc(OCc3ccccn3)c2)c2ccccc21,2,0
HWKOCGQYCSKFFR-DZGCQCFKSA-N,O=c1c2ccnn2ncn1Cc1nc(C2COC(c3ccccc3)C2)no1,2,4
HWNSMCOQLBDRFN-UTKZUKDTSA-N,O=C(NCc1cc(-c2cccnc2)ccn1)C1CCCN1S(=O)(=O)c1ccccc1,2,1
HXWIASAQIZZSJV-RXVVDRJESA-N,O=C(NCc1cc(-c2cccnc2)ccn1)C1CCCN1S(=O)(=O)c1ccccc1,2,1
HXYKQFXGQHGPRG-UHFFFAOYSA-N,O=C(Cc1coc2[nH]c(=O)[nH]c(=O)c12)Nc1nc(-c2ccccc2)cs1,2,4
HYIWRGKOWKOPHN-UHFFFAOYSA-N,O=C(Cn1ccc2[nH]c(=O)[nH]c(=O)c21)Nc1ccccc1,2,4
HYLZITOBNTZXNO-DZGCQCFKSA-N,O=c1c2ccnn2ncn1Cc1nc(C2COC(c3ccc4ncsc4c3)C2)no1,2,2
HYPBWVFTVULNBT-LAQFHYBYSA-N,O=c1c2cn[nH]c2ncn1Cc1nc(C2C3CN(c4ccccn4)CC32)no1,2,0
HYPZUSFAUMAFNR-UHFFFAOYSA-N,O=C(Cn1cnc2[nH]c(=O)n(Cc3ccon3)c(=O)c21)Nc1ccccn1,2,0
HZVARVKQUXVYIG-HAQNSBGRSA-N,O=c1c2[nH]cnc2ncn1Cc1nc(C2CC(c3ccccc3)C2)no1,2,4
IAHQHDGHWAXFMV-DPGVGJJJSA-N,O=C(Cn1cnc2[nH]c(=O)[nH]c(=O)c21)Nc1csc(-c2cnc(N3CC4CC4C3)nc2)n1,2,4
IAWHXDCOTSCDSA-QLPKVWCKSA-N,O=c1c2ccnn2ncn1Cc1nc(C2C3CN(c4ccccc4)CC32)no1,2,2
IBGTZIUMMBHLKD-ZDVGBALWSA-N,c1ccsc1,2,3
ICQQRJVVVVHYDQ-UHFFFAOYSA-N,O=C(Cn1cnc2[nH]c(=O)[nH]c(=O)c21)Nc1cccc(-c2ccccc2)n1,2,4
ICZZSPAOWPLMSA-UHFFFAOYSA-N,O=C(CNC(=O)N1CCc2ccccc2C1)c1ccccc1,2,1
IDLSECJBDCJDSS-APWZRJJASA-N,O=C(NCc1ccnc(-c2cccnc2)c1)C1CCCN1S(=O)(=O)c1ccccc1,2,0
IDPIVZXQDBCGRG-UHFFFAOYSA-N,O=C(CNS(=O)(=O)c1ccccc1)NCC1CN(c2ccccc2)CCO1,2,3
IECBTGJNZAMXMI-NFOMZHRRSA-N,O=C(Cn1cnc2[nH]c(=O)[nH]c(=O)c21)Nc1cncc(-c2cnc(N3CC4CC4C3)nc2)n1,2,0
IESAJAZKMLPVIB-VXGBXAGGSA-N,c1ccc(NC2CCCCC2)cc1,2,2
IEURSGBEYPEAGJ-UHFFFAOYSA-N,O=C(Cn1cnc2[nH]c(=O)n(Cc3ccon3)c(=O)c21)Nc1cccc(N2CCC2)n1,2,2
IEXGDENLKSBYPG-DIBXZPPDSA-N,O=C(Cc1csc2[nH]c(=O)[nH]c(=O)c12)N=c1[nH]c(-c2ccccc2)cs1,2,4
IFCINJLPGSPGOE-YEORSEQZSA-N,O=c1c2[nH]cnc2ncn1Cc1nc(C2CC(Oc3ccccc3)C2)no1,2,0
IFFMKKPSJXPRPX-LBPRGKRZSA-N,O=c1c2ccsc2ncn1Cc1nnn(CCc2cc3ccccc3o2)n1,2,4
IFOHXEDFEXQIFK-UHFFFAOYSA-N,O=C(Cn1cnc2[nH]c(=O)n(Cc3ccon3)c(=O)c21)Nc1csc(-c2cccnc2)n1,2,4
IFSNPBNBYFOKHI-GXTWGEPZSA-N,O=c1c2[nH]cnc2ncn1Cc1nc(C2COC(c3ccccc3)C2)no1,2,2
IGOGZZUWJQNUTI-AWEZNQCLSA-N,O=c1c2cccnc2ncn1Cc1nn(CCc2ccccc2)c(=O)o1,2,1
IHBZABBOIFBMSZ-LBPRGKRZSA-N,O=C(Cn1cnc2[nH]c(=O)[nH]c(=O)c21)Nc1cccc(-c2cncnc2)n1,2,4
IHDZQGCOLIBPFR-ZDUSSCGKSA-N,O=C(Cn1cnc2[nH]c(=O)[nH]c(=O)c21)Nc1cncc(-c2cccnc2)n1,2,3
IHTBJQAPPKVYEC-UHFFFAOYSA-N,O=C(Cn1cnc2cnccc2c1=O)NCCc1ccccc1,2,0
IIAWUZTWHPVGRK-JYAVWHMHSA-N,O=c1c2[nH]cnc2ncn1Cc1nc(C2C3CN(c4ccccn4)CC32)no1,2,3
IIBDKCBCABDETE-UHFFFAOYSA-N,O=C(NCC(Cc1ccccc1)N1CCCCC1)C1CC1,2,3
IIIJRZXOECPBNK-HBYGRHMLSA-N,O=c1c2[nH]cnc2ncn1Cc1nc(C2C3CN(c4ccncc4)CC32)no1,2,0
IIPLYINRVFDEAS-UHFFFAOYSA-N,O=C(Cn1cnc2ccccc2c1=O)NCCc1ccccc1,2,4
IISOYMVRUVZMSW-VIFPVBQESA-N,O=C(Cn1cnc2[nH]c(=O)[nH]c(=O)c21)Nc1cncc(-c2cncnc2)n1,2,1
IJPKZYJDZLPYGH-FHERZECASA-N,O=C(Cn1cnc2[nH]c(=O)[nH]c(=O)c21)Nc1csc(-c2cnc(N3CC4CC4C3)nc2)n1,2,4
IKEHUDLUNJCVIH-SMDDNHRTSA-N,O=c1c2[nH]cnc2ncn1Cc1nc(C2COC(c3ccccc3)C2)no1,2,2
IKFZDVUOUYRSJD-UHFFFAOYSA-N,O=C(Cn1cnc2[nH]c(=O)[nH]c(=O)c21)Nc1csc(-c2cccnc2)n1,2,3
IKGNKSVKPPXUGA-LBPRGKRZSA-N,O=C(Cn1cnc2[nH]c(=O)[nH]c(=O)c21)Nc1csc(-c2cccnc2)n1,2,3
IKWFTJKUSSBLMW-APWZRJJASA-N,O=C(NCc1cc(-c2cccnc2)ccn1)C1CCCN1S(=O)(=O)c1ccccc1,2,1
ILDMVQZTNFZDID-GFCCVEGCSA-N,O=c1c2[nH]cnc2ncn1Cc1nn(CCc2ccccc2)c(=O)o1,2,1
ILDMVQZTNFZDID-LBPRGKRZSA-N,O=c1c2[nH]cnc2ncn1Cc1nn(CCc2ccccc2)c(=O)o1,2,1
ILSIWKXOFBZDGE-YRNVUSSQSA-N,O=c1c2[nH]cnc2ncn1Cc1nc(C=Cc2ccccc2)no1,2,4
IMGWVWRMROWQGB-IGEOTXOUSA-N,O=C(Cn1cnc2[nH]c(=O)[nH]c(=O)c21)Nc1ccnc(-c2cnc(N3CC4CC4C3)nc2)n1,2,3
IMIIJHHHGZTGLU-UHFFFAOYSA-N,O=C(Cn1cnc2[nH]c(=O)n(Cc3ccon3)c(=O)c21)Nc1cccc(-c2cccnc2)n1,2,3
IMLKLPZAGJFMRK-NQIIRXRSSA-N,O=C(NCc1cccc(-c2cccnc2)c1)C1CCCN1S(=O)(=O)c1ccccc1,2,0
IMTJDDGNRNOFAJ-PKOBYXMFSA-N,O=S(=O)(c1ccccc1)N1CCCC1c1ccccc1,2,3
INBHLTYBRKASIZ-JXMROGBWSA-N,O=C(C=Cc1ccccc1)Nc1ccccc1,2,3
INCHZNJQYBISFT-UHFFFAOYSA-N,O=C(Cn1cnc2[nH]c(=O)[nH]c(=O)c21)Nc1cncc(-c2cccnc2)n1,2,3
INKFVRPSMUPBSU-GXSJLCMTSA-N,c1cc(CC2CCCCC2)cs1,2,4
INRPAICZXVSURJ-UKRRQHHQSA-N,O=c1c2[nH]cnc2ncn1Cc1nn(C2CCC(c3ccccc3)C2)c(=O)o1,2,0
IOISVRUOQIOJLG-IPVJXJPOSA-N,O=c1c2cccnc2ncn1Cc1nc(C2CC(c3ccccc3)C2)no1,2,2
IORSMGCJYPRZSZ-CSODHUTKSA-N,O=c1c2cccc(=O)n2ccn1Cc1nc(C2C3C=C(c4ccccc4)CC32)no1,2,3
IPESIZNXIXXPJK-UHFFFAOYSA-N,O=C(Cc1ccccc1)NCC(Cc1ccccc1)N1CCCCC1,2,0
IPJMGIPUWRMURN-LBPRGKRZSA-N,O=c1c2ccoc2ncn1Cc1nnn(CCc2cc3ccccc3o2)n1,2,4
IPTVTUDAXHBJAB-LBPRGKRZSA-N,O=c1c2ccsc2ncn1Cc1nnn(CCc2cc3ccccc3s2)n1,2,4
IPVHYPMVJBBJGY-ZIAGYGMSSA-N,O=c1c2[nH]cnc2ncn1Cc1nc(C2CCC(c3ccccc3)C2)no1,2,1
IPVJLUUYKAZERW-IERDGZPVSA-N,O=C(NCc1cc(-c2ccccc2)ncn1)C1CCCN1S(=O)(=O)c1ccccc1,2,1
IQOCOSWVNOLOJW-UHFFFAOYSA-N,O=C(CNS(=O)(=O)c1ccccc1)NCc1cc(N2CCCCC2)ncn1,2,2
IQZWGMBQRDGLEH-DZFIZOCASA-N,O=c1c2[nH]cnc2ncn1Cc1nc(C2C3CN(c4cccc(C5CC5)c4)CC32)no1,2,3
IRJZNJUTQUOZGW-UHFFFAOYSA-N,O=c1[nH]c(=O)c2[nH]cnc2[nH]1,2,2
IRVXOONVSOVGPT-RYRKJORJSA-N,O=c1c2[nH]cnc2ncn1Cc1nc(C2C3C=C(c4ccccc4)CC32)no1,2,3
IRXCYACJROUWCS-GXTWGEPZSA-N,O=c1c2[nH]cnc2ncn1Cc1nc(C2COC(c3ccccc3)C2)no1,2,2
ISIATOZGACZZRA-UHFFFAOYSA-N,c1ccc(Oc2nccc3[nH]ccc23)cc1,2,0
ISNWHBNGLQFCST-UHFFFAOYSA-N,O=C(Cn1cnc2[nH]c(=O)n(Cc3ccon3)c(=O)c21)Nc1ccccn1,2,0
ISWKUHZARATATJ-UHFFFAOYSA-N,O=C(Cc1coc2[nH]c(=O)[nH]c(=O)c12)Nc1nc(-c2ccccc2)cs1,2,4
ISXARGDWFYMWFH-LBPRGKRZSA-N,O=c1c2ccoc2ncn1Cc1nnn(CCc2cc3ccccc3o2)n1,2,4
IUPRZQNBHFNEGC-SJORKVTESA-N,O=C(Cc1cnn(-c2cncnc2)c1)NC1CCC1S(=O)(=O)c1ccccc1,2,2
IURHRSFVLQOGSW-GOEBONIOSA-N,O=c1c2cncn2ncn1Cc1nc(C2COC(c3ccccc3)C2)no1,2,1
IVSPLJZYCFTOCC-SUMWQHHRSA-N,O=c1c2ccncc2ncn1Cc1nc(C2COC(c3ccccc3)C2)no1,2,3
IVVHPAHILXWBMH-SUMWQHHRSA-N,O=c1c2c(cnn1Cc1nc(C3COC(c4ccccc4)C3)no1)CNCC2,2,0
IWBGPXPPPXQFFJ-NQZBTDCJSA-N,O=C(NCc1ccnc(-c2cncnc2)c1)C1CCCN1S(=O)(=O)c1ccccc1,2,0
IWGBQLFSWSPCBF-SMDDNHRTSA-N,O=c1c2[nH]cnc2ncn1Cc1nc(C2COC(c3ccccc3)C2)no1,2,2
IWSOJDYXNTZUGK-NVXWUHKLSA-N,O=S(=O)(c1ccccc1)N1CCCC1c1ccccc1,2,3
IWTIXSBYEURJEK-FMIVXFBMSA-N,O=c1c2cccnc2ncn1Cc1noc(C=Cc2ccccc2)n1,2,3
IXARYBWPLJADQF-LBPRGKRZSA-N,O=c1c2[nH]cnc2ncn1Cc1nn(CCc2ccccc2)c(=O)o1,2,1
IXKKQNMDGPZGKV-WCQYABFASA-N,O=c1c2[nH]cnc2ncn1Cc1nc(C2COC(c3ccccc3)C2)no1,2,2
IYMRWKNCZYWXPC-URXFXBBRSA-N,O=C(NCc1cn(-c2ccccc2)c(=O)[nH]c1=O)C1CCCN1S(=O)(=O)c1cc2ccccc2o1,2,0
IYPSSQMPIVZFBK-FQEVSTJZSA-N,O=C(NCc1cc(-c2cccnc2)ncn1)C1CCCCN1S(=O)(=O)c1ccccc1,2,0
IYXIXNIKYCFBDN-AWEZNQCLSA-N,O=C(Cn1cnc2[nH]c(=O)[nH]c(=O)c21)Nc1cccc(-c2cccnc2)n1,2,0
IZLFWDRMGMPZOG-UOXRKKOCSA-N,O=C(NCc1ccnc(-c2cncnc2)c1)C1CCCN1S(=O)(=O)c1ccccc1,2,0
JBIXZNRRVYTXMJ-NSHDSACASA-N,O=C(Cn1cnc2[nH]c(=O)[nH]c(=O)c21)Nc1cccc(-c2cncnc2)n1,2,4
JBYPWLUUGPQYAS-QFBILLFUSA-N,O=c1c2[nH]c(NCc3ccccn3)nc2ncn1Cc1nc(C2COC(c3ccccc3)C2)no1,2,2
JCFSCBLSEONLAZ-SWLSCSKDSA-N,O=c1c2[nH]nnc2ccn1Cc1nc(C2COC(c3ccccc3)C2)no1,2,3
JCGBVACYAGHPAM-STQMWFEESA-N,c1ccc(C2CCCCC2)cc1,2,2
JCHJBCPFIWXKDB-QLPKVWCKSA-N,O=c1c2[nH]cnc2ncn1Cc1nc(C2C3CN(c4ccccc4)CC32)no1,2,0
JCPXMGFJZJLKIN-LBPRGKRZSA-N,O=c1c2ccsc2ncn1Cc1nc(CCc2ccccc2)no1,2,4
JCWLFTBWOABNHA-UHFFFAOYSA-N,O=C(NCC(Cc1ccccc1)N1CCCCC1)C1(c2ccccc2)CCCC1,2,1
JEPYVPCCTJDATH-UHFFFAOYSA-N,O=C(Cc1nsc2[nH]c(=O)[nH]c(=O)c12)Nc1nc(-c2ccccc2)cs1,2,2
JEZYRPUMEHJVEN-UHFFFAOYSA-N,c1ccccc1,2,1
JFAQOFLDBXAXAQ-UHFFFAOYSA-N,O=C(Nc1ccccc1)c1ccncc1,2,0
JFBNNBIUJWKGPM-QGZVFWFLSA-N,O=S(=O)(c1ccccc1)N1CCCC1c1ccccc1,2,3
JFLCWGRYMUUJRW-YKSBVNFPSA-N,O=C(NCc1cc(-c2ccc(C3CC3)cc2)ncn1)C1CCCN1S(=O)(=O)c1ccccc1,2,2
JGBBKLTUEVDXPM-UHFFFAOYSA-N,O=C(NC(C(=O)c1ccccc1)C1CC1)c1ccccc1,2,2
JGFBRLGZGJYISU-NSHDSACASA-N,O=c1c2ccsc2ncn1Cc1nc(CCc2ccc3c(c2)OCO3)no1,2,2
JGPICCTXSJGRDH-UHFFFAOYSA-N,O=C(CNC(=O)c1ccccc1)c1ccccc1,2,2
JHGDJTAYURVRBX-UHFFFAOYSA-N,O=C(NCc1ccc2nsnc2c1)c1cn2c(=O)n(Cc3ccccc3)c(=O)cc2s1,2,2
JHXOWAOGHMUCFO-IDLMPWNNSA-N,O=C(NCc1cc(C2=CCCCC2)ncn1)C1CCCN1S(=O)(=O)c1ccccc1,2,1
JJIYFRHWAJSTRT-UHFFFAOYSA-N,O=C(Cn1ccc2[nH]c(=O)[nH]c(=O)c21)Nc1ccccc1,2,4
JJOTYXMTNZIMSZ-UHFFFAOYSA-N,O=C(Nc1ccccc1)c1cccs1,2,3
JJWIAVUKFHESIC-UHFFFAOYSA-N,O=C(CNS(=O)(=O)c1cc[nH]n1)NCc1cccc(-c2ccccc2)c1,2,4
JJXVVDMOIHAKHG-UGKGYDQZSA-N,O=C(NCc1ccnc(-c2cccnc2)c1)C1CCCN1S(=O)(=O)c1ccccc1,2,0
JKNJVPGBUGINLQ-LZLYRXPVSA-N,O=c1c2[nH]cnc2ncn1Cc1nc(C2C3C=C(c4ccccc4)CC32)no1,2,3
JKNJVPGBUGINLQ-RYRKJORJSA-N,O=c1c2[nH]cnc2ncn1Cc1nc(C2C3C=C(c4ccccc4)CC32)no1,2,3
JKROEASKFSYUDV-UHFFFAOYSA-N,O=C(CNC(=O)c1ccccc1)c1ccccc1,2,2
JKSIUQSXQUJUQN-LBPRGKRZSA-N,O=c1c2ccoc2ncn1Cc1nnn(CCc2ccccc2)n1,2,1
JKWXDKUVOQCWGK-NSHDSACASA-N,O=C(Cn1cnc2[nH]c(=O)n(Cc3ccon3)c(=O)c21)Nc1cncc(-c2cncnc2)n1,2,1
JLRDFDIVWVIADD-LSDHHAIUSA-N,O=c1c2[nH]cnc2ncn1Cc1nc(C2COC(c3ccccc3)C2)no1,2,2
JMPQCPPXHXSEIC-XJKSGUPXSA-N,O=c1c2cccnc2ncn1Cc1nc(C2COC(c3ccccc3)C2)no1,2,1
JNDWMJRPGXBLSS-FOLVSLTJSA-N,O=c1c2[nH]cnc2ncn1Cc1nc(C2C3CN(c4ccccc4)CC32)no1,2,0
JNFFYUYSPBYAOR-KNQAVFIVSA-N,O=C(NCc1cccc(-c2cccnc2)c1)C1CCCN1S(=O)(=O)c1ccccc1,2,0
JNKBSIPJIAHQTP-WOSRLPQWSA-N,O=c1c2[nH]cnc2ncn1Cc1nc(C2C3C=C(c4ccccn4)CC32)no1,2,1
JNKBSIPJIAHQTP-WWGRRREGSA-N,O=c1c2[nH]cnc2ncn1Cc1nc(C2C3C=C(c4ccccn4)CC32)no1,2,1
JOMJJSVRLDEKPU-JYAVWHMHSA-N,O=c1c2[nH]cnc2ncn1Cc1nc(C2C3CN(c4ccncc4)CC32)no1,2,0
JOVMFRRSFHVPLP-CTYIDZIISA-N,O=c1ccc2ncn(Cc3nn(C4CC(c5ccccc5)C4)c(=O)o3)c(=O)c2[nH]1,2,4
JROSFXIRTRVADR-UHFFFAOYSA-N,c1ccc(-c2ccc3[nH]ncc3c2)cc1,2,4
JSZBSUKOUVVBGY-UHFFFAOYSA-N,O=C(Cc1cccc2[nH]c(=O)[nH]c(=O)c12)Nc1nc(-c2ccccc2)cs1,2,3
JTICAAYOYZCRBJ-MCBXIFIFSA-N,O=c1ccc2ncn(Cc3nc(C4C5CN(c6ccccn6)CC54)no3)c(=O)c2[nH]1,2,0
JTULPMHYGMMBHH-QMMMGPOBSA-N,O=c1c2ccoc2ncn1Cc1nnn(CCc2cccs2)n1,2,3
JUEWLMSRGBZOJK-AOIWGVFYSA-N,O=c1c2cccnc2ncn1Cc1nc(C2C3C=C(c4ccccc4)CC32)no1,2,2
JUEWLMSRGBZOJK-YQVWRLOYSA-N,O=c1c2cccnc2ncn1Cc1nc(C2C3C=C(c4ccccc4)CC32)no1,2,2
JUUGPJIRMPHSLY-MQMHXKEQSA-N,O=c1c2[nH]cnc2ncn1Cc1nn(C2CC(c3ccccc3)C2)c(=O)o1,2,0
JVXGITYCCXGECN-UHFFFAOYSA-N,O=C(Cn1ccc2[nH]c(=O)[nH]c(=O)c21)Nc1ccccc1,2,4
JWEUHOBGYUINRR-RBZFPXEDSA-N,O=c1c2[nH]cnc2ncn1Cc1nc(C2COC3(Cc4ccccc43)C2)no1,2,1
JWKCOLSRXWLOLP-GLJUWKHASA-N,O=c1c2[nH]cnc2ncn1Cc1nc(C2C3C=C(c4ccc5scnc5c4)CC32)no1,2,3
JWKCOLSRXWLOLP-PMUMKWKESA-N,O=c1c2[nH]cnc2ncn1Cc1nc(C2C3C=C(c4ccc5scnc5c4)CC32)no1,2,3
JWNCZSYHJIVUEU-GUXCAODWSA-N,O=c1c2cccnc2ncn1Cc1nc(C2C3C=C(c4ccccc4)CC32)no1,2,2
JWNGUBDEKMTXIP-NHAGDIPZSA-N,O=c1c2[nH]cnc2ncn1Cc1nc(C2C3CN(c4cccnc4)CC32)no1,2,2
JWRZFUGWLNUYGD-UHFFFAOYSA-N,O=C(Cn1cnc2[nH]c(=O)[nH]c(=O)c21)Nc1cccc(-c2cncnc2)n1,2,4
JWYKVNCEXVVNTP-UHFFFAOYSA-N,c1ccc(NC2CCCCC2)cc1,2,2
JYCCDTYCMUOGBQ-LBPRGKRZSA-N,O=C(Cn1cnc2[nH]c(=O)[nH]c(=O)c21)Nc1csc(-c2cccnc2)n1,2,3
JYHBGHGDNGBHLR-LBPRGKRZSA-N,O=C(Cn1cnc2[nH]c(=O)n(Cc3ccon3)c(=O)c21)Nc1cncc(-c2cccnc2)n1,2,0
JYMGYVCGGDSUSP-IPVJXJPOSA-N,O=c1c2cccc(=O)n2ccn1Cc1nc(C2CC(c3ccccc3)C2)no1,2,0
JYQQTCCLMQYYSB-RYRKJORJSA-N,O=c1c2[nH]cnc2ncn1Cc1nc(C2C3C=C(c4ccccc4)CC32)no1,2,3
JYTFGJCBRILOIU-LBPRGKRZSA-N,O=c1c2[nH]cnc2ncn1Cc1nn(CC2CCc3ccccc32)c(=O)o1,2,2
JYVPQGZHLMFNTN-UHFFFAOYSA-N,c1ccncc1,2,3
JZBLZBUYBKFIGJ-CCKFTAQKSA-N,O=c1c2ccncc2ncn1Cc1nc(C2C3Cc4ccccc4C32)no1,2,2
JZBLZBUYBKFIGJ-GDIGMMSISA-N,O=c1c2ccncc2ncn1Cc1nc(C2C3Cc4ccccc4C32)no1,2,2
JZXXBEFFCKCRCF-IGOJGBNBSA-N,O=c1c2ccncc2ncn1Cc1nc(C2C3CN(c4ccccc4)CC32)no1,2,1
KAVXLDFMUNWDLX-GCJKJVERSA-N,O=C(NCc1ccnc(-c2ccccc2)c1)C1CCCN1S(=O)(=O)c1ccccc1,2,2
KBDWUWKNXJLWES-LLVKDONJSA-N,O=c1c2[nH]cnc2ncn1Cc1nn(CCc2ccccc2)c(=O)o1,2,1
KBDWUWKNXJLWES-NSHDSACASA-N,O=c1c2[nH]cnc2ncn1Cc1nn(CCc2ccccc2)c(=O)o1,2,1
KBGYHCULXCGUTB-YEORSEQZSA-N,O=c1c2[nH]cnc2ncn1Cc1nc(C2CC(Oc3ccccc3)C2)no1,2,0
KBJLJHMMMFHLOW-SMDDNHRTSA-N,O=c1c2[nH]nnc2cnn1Cc1nc(C2COC(c3ccccc3)C2)no1,2,0
KBZMFUUCCJSHOG-XLIONFOSSA-N,O=C(NCc1cccc(-c2cncnc2)c1)C1CCC1S(=O)(=O)c1ccccc1,2,4
KCBWYEIWBIVYQK-UHFFFAOYSA-N,O=c1c2cncn2ncn1Cc1nc(CCc2ccccc2)no1,2,0
KCBYJLXRAIWJKQ-MSOLQXFVSA-N,O=C(NCc1cnn(-c2cccnc2)c1)C1CCCC1S(=O)(=O)c1ccccc1,2,3
KCBYJLXRAIWJKQ-QNSVNVJESA-N,O=C(NCc1cnn(-c2cccnc2)c1)C1CCCC1S(=O)(=O)c1ccccc1,2,3
KDJIYOOVUNTKAJ-FUHWJXTLSA-N,O=c1c2cnc(N3CCNCC3)n2ncn1Cc1nc(C2COC(c3ccccc3)C2)no1,2,2
KDLVKFCBCTXDOW-SWKFRHMKSA-N,O=C(Cc1coc2[nH]c(=O)[nH]c(=O)c12)N=c1[nH]c(-c2ccccc2)cs1,2,4
KDMQTXGHOYJLOQ-NZQKXSOJSA-N,O=C(NCc1cccc(-c2cncnc2)c1)C1CCCN1S(=O)(=O)c1ccccc1,2,0
KDXRBPDHOHGHLI-GXFFZTMASA-N,O=c1c2cncn2ncn1Cc1nc(C2COC(c3ccccc3)C2)no1,2,1
KEABNWALVFPWDZ-ZDUSSCGKSA-N,O=c1c2ccsc2ncn1Cc1nc(CCc2ccccc2)no1,2,4
KEQCKEFNTDXKBN-UHFFFAOYSA-N,O=C(CNC(=O)c1ccccc1)c1ccccc1,2,2
KFLJBILIWFLJMW-SWLSCSKDSA-N,O=c1c2cccnc2ncn1Cc1nc(C2COC(c3ccccc3)C2)no1,2,1
KFPIBSJOVPWQQT-UHFFFAOYSA-N,O=C(Cc1cccc2[nH]c(=O)[nH]c(=O)c12)Nc1nc(-c2ccccc2)cs1,2,3
KFZGTVWNSIPNCQ-NRFANRHFSA-N,O=C(NCc1cn(-c2ccccc2)c(=O)[nH]c1=O)C1CCCN1S(=O)(=O)c1cc2cnccc2o1,2,2
KGDYRCIWRHRFPK-OWOJBTEDSA-N,C(=Cc1ccccc1)c1ccccc1,2,2
KGRANTXTMXDAIF-VYKXQCJSSA-N,C(=CCCC1CCCOO1)CCC1=CCCCC1,2,0
KGVMCKSYBGNOLM-IVMQYODDSA-N,O=C(Cn1cnc2[nH]c(=O)[nH]c(=O)c21)Nc1cccc(-c2ccc(N3CC4CC4C3)nc2)n1,2,3
KGZSYEIVIHQFAV-UHFFFAOYSA-N,O=C(Cc1nsc2[nH]c(=O)[nH]c(=O)c12)Nc1nc(-c2ccccc2)cs1,2,2
KHBHURZBJBAUPN-MBBMFPOLSA-N,c1ccccc1,2,1
KHBHURZBJBAUPN-MZRBSKCNSA-N,c1ccccc1,2,1
KHCMGMZHKZFVBB-KRWDZBQOSA-N,O=C(NCc1ccccc1)C1CCCN1S(=O)(=O)c1ccccc1,2,1
KHIPZNLPSJMFRQ-MNZLEMJZSA-N,O=c1c2cccnc2ncn1Cc1nc(C2C3CN(c4ccccc4)CC32)no1,2,2
KHKAWXWOIAMQMU-MOPGFXCFSA-N,O=C(Cc1cn(-c2cncnc2)nc1C1CC1)NC1CCC1S(=O)(=O)c1ccccc1,2,2
KHNKWIRXUWCUEJ-FOLVSLTJSA-N,O=c1c2[nH]cnc2ncn1Cc1nc(C2C3CN(c4ccccc4)CC32)no1,2,0
KHSABDQBZIWQTO-ZDUSSCGKSA-N,O=C(Cn1cnc2[nH]c(=O)n(Cc3ncno3)c(=O)c21)Nc1cccc(-c2cccnc2)n1,2,0
KHZLLVHHICAXLI-JYAVWHMHSA-N,O=c1c2[nH]cnc2ncn1Cc1nc(C2C3CN(c4ccccn4)CC32)no1,2,3
KIBRIXFLSAEWRD-MNNVXMFVSA-N,O=C(Cn1cnc2[nH]c(=O)[nH]c(=O)c21)Nc1cccc(-c2ccc(N3CC4CC4C3)nc2)n1,2,3
KISLLAVVUQSKFA-BEFAXECRSA-N,O=C(NCc1cc(-c2cccnc2)ncn1)C1CCCN1S(=O)(=O)c1ccccc1,2,0
KISLLAVVUQSKFA-KXBFYZLASA-N,O=C(NCc1cc(-c2cccnc2)ncn1)C1CCCN1S(=O)(=O)c1ccccc1,2,0
KKAXOBZHIMMGAT-GOEBONIOSA-N,O=c1n(Cc2nc(C3COC(c4ccccc4)C3)no2)nc2ccccn12,2,4
KKHGKGCIZAIQFF-QHCPKHFHSA-N,O=C(NCc1cc(-c2ccccn2)c[nH]c1=O)C1CCCN1S(=O)(=O)c1cc2ccccc2o1,2,2
KMNAEBCIGPEECD-UHFFFAOYSA-N,O=c1c2ccncc2ncn1Cc1nn(CCc2ccccc2)c(=O)o1,2,4
KNPPROPWZGMELQ-UTKZUKDTSA-N,O=C(NCc1cc(-c2ccccc2)ncn1)C1CCCN1S(=O)(=O)c1ccccc1,2,1
KOJGDUNEMGGIAC-UHFFFAOYSA-N,O=C(CCCCCCCCc1ccccc1)CCc1ccccc1,2,2
KOYSGBCDWRHDGA-QFIPXVFZSA-N,O=C(NCc1cc(-c2cccnc2)c[nH]c1=O)C1CCCN1S(=O)(=O)c1cc2ccccc2o1,2,0
KQDOMOCNSBRDDX-DZGCQCFKSA-N,O=c1c2cccnc2ncn1Cc1nc(C2COC(c3ccccc3)C2)no1,2,1
KQWPJWCPXVABPC-DEOSSOPVSA-N,O=C(NCc1c[nH]c(=O)c(-c2ccccc2)c1)C1CCCN1S(=O)(=O)c1cc2ccccc2o1,2,0
KRBDFQDQWIUJAV-ZDUSSCGKSA-N,O=C(Cn1cnc2[nH]c(=O)n(Cc3ccon3)c(=O)c21)Nc1cncc(-c2cccnc2)n1,2,0
KRKWCQHXZXSWFM-UHFFFAOYSA-N,c1ccc(Oc2ncnc3[nH]ccc23)cc1,2,3
KRWUIYYMASCNIU-JTQLQIEISA-N,O=c1c2ccsc2ncn1Cc1nnn(CCc2ccccc2)n1,2,1
KSJHONZXLRBUGV-UHFFFAOYSA-N,O=C(Cn1cnc2[nH]c(=O)[nH]c(=O)c21)Nc1cccc(-c2cccnc2)n1,2,0
KSLQPFSVJVQJTN-UHFFFAOYSA-N,O=C(Cc1ccnc2[nH]c(=O)[nH]c(=O)c12)Nc1nc(-c2ccccc2)cs1,2,0
KTXOJFRLLCSGST-ATCWAGBWSA-N,O=c1c2[nH]cnc2ncn1Cc1nc(C2C3CN(c4ccccc4)CC32)no1,2,0
KTXXTAMHYVKIKC-UHFFFAOYSA-N,O=C(NCc1ccc2[nH]ccc2c1)c1cn2c(=O)n(Cc3ccccc3)c(=O)cc2s1,2,1
KUCKGTYCUCCWBF-UHFFFAOYSA-N,O=C(NCC(Cc1ccccc1)N1CCCC1)C1(c2ccccc2)CCCC1,2,3
KUMFMRYNIVJBRS-UONOGXRCSA-N,O=c1c2[nH]cnc2ncn1Cc1nc(C2COC(c3ccccc3)C2)no1,2,2
KUOPDXDRBGFUSS-UHFFFAOYSA-N,O=C(CNC(=O)c1cnoc1)c1ccccc1,2,1
KUPHFKFESJUDAK-FQEVSTJZSA-N,O=C(NCc1cn(-c2cccnc2)c(=O)[nH]c1=O)C1CCCN1S(=O)(=O)c1cc2ccccc2o1,2,4
KUTXHEQBZVXQNL-UHFFFAOYSA-N,c1ccc(Oc2ncnc3[nH]ccc23)cc1,2,3
KUZQVDWAFOZJOE-QRWLVFNGSA-N,O=C(NCc1cc(N2CCCCC2)ccn1)C1CCCN1S(=O)(=O)c1ccccc1,2,2
KVBIZNGZPXTWQB-GXTWGEPZSA-N,O=c1[nH]cnc2ncn(Cc3nc(C4COC(c5ccccc5)C4)no3)c12,2,4
KVHIQQZLYJNLIF-SQGPQFPESA-N,O=c1c2[nH]cnc2ncn1Cc1nc(C2C3C=C(c4cccc(-c5cnco5)c4)CC32)no1,2,1
KVMFUOIFKMJGTE-IPVJXJPOSA-N,O=c1c2cccnc2ncn1Cc1nc(C2CC(c3ccccc3)C2)no1,2,2
KVPTURFWDARJNL-IGOJGBNBSA-N,O=c1c2ccncc2ncn1Cc1nc(C2C3CN(c4ccccc4)CC32)no1,2,1
KVSPYEYQFMGJNK-GXTWGEPZSA-N,O=c1c2[nH]cnc2ncn1Cc1nc(C2COC(c3ccccc3)C2)no1,2,2
KVVPUULMDPPTDH-SQWLQELKSA-N,O=c1c2[nH]cnc2ncn1Cc1nc(C2C3C=C(c4cccnc4)CC32)no1,2,0
KVVPUULMDPPTDH-YCPHGPKFSA-N,O=c1c2[nH]cnc2ncn1Cc1nc(C2C3C=C(c4cccnc4)CC32)no1,2,0
KWWJAPGGMKHGFX-UHFFFAOYSA-N,O=C(NCC(CC1CCOCC1)N1CCCCC1)C1(c2ccccc2)CCCC1,2,0
KXJKBRSZQXSODD-SWLSCSKDSA-N,c1ccc(C2CC(c3noc(Cn4cnc5cccnc54)n3)CO2)cc1,2,4
KXQHESILURTFDZ-OOHWJJMZSA-N,O=C(Cn1cnc2[nH]c(=O)[nH]c(=O)c21)Nc1cncc(-c2ccc(N3CC4CC4C3)nc2)n1,2,2
KXWZZRHVIAVSMX-UHFFFAOYSA-N,c1ccc(-c2ccc3[nH]ncc3c2)cc1,2,4
KXZXNLHJKUDAQF-UHFFFAOYSA-N,c1ccc(-c2ccc3[nH]ncc3c2)cc1,2,4
KYNKXOOLHDJDOZ-ATCWAGBWSA-N,O=c1c2[nH]cnc2ncn1Cc1nc(C2C3CN(c4ccccc4)CC32)no1,2,0
KZDJEUUOOISTHH-UHFFFAOYSA-N,O=C(NCc1ccncc1)c1cn2c(=O)n(Cc3ccccc3)c(=O)cc2s1,2,3
KZXZMTYISMCMQC-UZLBHIALSA-N,O=C(NCc1cc(-c2ccccn2)ccn1)C1CCCN1S(=O)(=O)c1ccccc1,2,2
KZYIBERUTGMWIW-WILYLXEWSA-N,O=C(NCc1cc(-c2cncnc2)ncn1)C1CCCN1S(=O)(=O)c1ccccc1,2,1
KZYMSANMAJGLBF-RCAAVWGTSA-N,c1ccncc1,2,3
LAMKDCIOIKOTRV-VQFNDLOPSA-N,O=c1c2cccnc2ncn1Cc1nc(C2C3CN(c4ccccc4)CC32)no1,2,2
LAOOFNIDAVFMLB-GXTWGEPZSA-N,O=c1c2[nH]cnc2ncn1Cc1nc(C2COC(c3ccccc3)C2)no1,2,2
LAZQLGQFJPMZPC-OFNKIYASSA-N,O=C(NCc1cccc(-c2cccnc2)c1)C1CCCN1S(=O)(=O)c1ccccc1,2,0
LBCLKSUDHMQCPT-UHFFFAOYSA-N,O=C(CNC(=O)c1cnoc1)c1ccccc1,2,1
LCHWALDJSLNZAF-UHFFFAOYSA-N,O=C(Cn1cnc2[nH]c(=O)n(Cc3ccon3)c(=O)c21)Nc1cccc(-c2cccnc2)n1,2,3
LCVAKFVAVVYVKP-XLIONFOSSA-N,O=C(NCc1cccc(-c2cncnc2)c1)C1CCCN1S(=O)(=O)c1ccccc1,2,0
LDLLVRCAPFWYTL-YWPYICTPSA-N,O=c1c2[nH]cnc2ncn1Cc1nc(C2C3C=C(c4ccccc4)CC32)no1,2,3
LDOFQBOPGCJOBN-NWANDNLSSA-N,O=c1c2[nH]cnc2ncn1Cc1nc(C2C3Cc4ccccc4C32)no1,2,2
LDOFQBOPGCJOBN-SNPRPXQTSA-N,O=c1c2[nH]cnc2ncn1Cc1nc(C2C3Cc4ccccc4C32)no1,2,2
LDWKVFAOUNQPHG-MAUKXSAKSA-N,O=S(=O)(c1ccccc1)N1CCCC1c1ccccc1,2,3
LEKRFJTXKXUQOH-WCQYABFASA-N,O=c1[nH]cnc2ncn(Cc3nc(C4COC(c5ccccc5)C4)no3)c12,2,4
LFAYPGINOVAESB-ATCWAGBWSA-N,O=c1c2[nH]cnc2ncn1Cc1nc(C2C3CN(c4ccccc4)CC32)no1,2,0
LFIARYKUQKQPHR-RUYXUALKSA-N,O=c1c2[nH]cnc2ncn1Cc1nc(C2C3CN(c4ccc5c(c4)CCCC5)CC32)no1,2,1
LFJLLZGVJMOKAN-YCPHGPKFSA-N,O=c1c2[nH]cnc2nnn1Cc1nc(C2C3C=C(c4ccccc4)CC32)no1,2,1
LFLLGOFAJPSJPA-NSHDSACASA-N,O=C1NCCc2c1sc1ncn(Cc3nnn(CCc4cccs4)n3)c(=O)c21,2,1
LFMJKUKQVYUFOI-SHTZXODSSA-N,O=c1c2cccnc2ncn1Cc1nc(C2CC(c3ccccc3)C2)no1,2,2
LFOVPEOOEVQMOM-UHFFFAOYSA-N,c1ccc(-c2ccc3[nH]ncc3c2)cc1,2,4
LFVOFPFXYXXTEY-UHFFFAOYSA-N,O=c1c2[nH]cnc2ncn1Cc1nn(CCCOc2ccccc2)c(=O)o1,2,1
LFYAILSQQZVGPM-ZDUSSCGKSA-N,O=c1ccc2ncn(Cc3nn(CCc4ccccc4)c(=O)o3)c(=O)c2[nH]1,2,3
LGDQCKVOXHGGTO-AWEZNQCLSA-N,O=c1c2cccnc2ncn1Cc1nn(CCc2ccccc2)c(=O)o1,2,1
LGDQCKVOXHGGTO-CQSZACIVSA-N,O=c1c2cccnc2ncn1Cc1nn(CCc2ccccc2)c(=O)o1,2,1
LGMMPJBTYVKDBK-SQWLQELKSA-N,O=c1c2[nH]cnc2ncn1Cc1nc(C2C3C=C(c4ccccc4)CC32)no1,2,3
LGVSQHZAKUBGAR-UHFFFAOYSA-N,O=C(NCc1cnn(-c2ccccc2)c1)C1CCCC1S(=O)(=O)c1ccccc1,2,2
LGVSQHZAKUBGAR-UXHICEINSA-N,O=C(NCc1cnn(-c2ccccc2)c1)C1CCCC1S(=O)(=O)c1ccccc1,2,2
LHKBWGFVZPWGQN-MNZLEMJZSA-N,O=c1c2ccncc2ncn1Cc1nc(C2C3CN(c4ccccc4)CC32)no1,2,1
LHZDFHPXUSASSO-IRLDBZIGSA-N,O=C(NCc1cccc(-c2cccnc2)c1)C1CCCN1S(=O)(=O)c1ccccc1,2,0
LHZORGBUTZZYPP-FHERZECASA-N,O=C(Cn1cnc2[nH]c(=O)[nH]c(=O)c21)Nc1cccc(-c2cnc(N3CC4CC4C3)nc2)n1,2,2
LHZORGBUTZZYPP-UHFFFAOYSA-N,O=C(Cn1cnc2[nH]c(=O)[nH]c(=O)c21)Nc1cccc(-c2cnc(N3CC4CC4C3)nc2)n1,2,2
LIFYIRBVSHHVHX-UHFFFAOYSA-N,O=C(Cn1cnc2[nH]c(=O)n(Cc3ccno3)c(=O)c21)Nc1cccc(-c2cccnc2)n1,2,4
LISYHIGPSGJBLO-GTPINHCMSA-N,O=C(Cn1cnc2[nH]c(=O)[nH]c(=O)c21)Nc1cncc(-c2cnc(N3CC4CC4C3)nc2)n1,2,0
LJNZMPRTKUDPDS-UHFFFAOYSA-N,O=c1c2[nH]cnc2ncn1Cc1nn(CCc2ccccc2)c(=O)o1,2,1
LJVBOYNVRPSCQX-UHFFFAOYSA-N,O=C(Cc1nsc2[nH]c(=O)[nH]c(=O)c12)Nc1nc(-c2ccccc2)cs1,2,2
LKBZHIMJQJYAHH-UHFFFAOYSA-N,O=C1C2=C(NC(=S)NC2c2ccccc2)c2ccccc21,2,2
LKFOIEUPHQVDAK-UHFFFAOYSA-N,c1ccc(Oc2cccc3[nH]ccc23)cc1,2,2
LKFWDDRPBOSQHO-NSHDSACASA-N,O=C(Cn1cnc2[nH]c(=O)[nH]c(=O)c21)Nc1cncc(-c2cncnc2)n1,2,1
LKGOYTNWKHESNU-UHFFFAOYSA-N,c1ccccc1,2,1
LLQYCVKVDILAKB-GXTWGEPZSA-N,S=c1c2[nH]cnc2ncn1Cc1nc(C2COC(c3ccccc3)C2)no1,2,0
LLRCPJPOJWCVFG-NXNVCVFFSA-N,O=c1c2[nH]cnc2ncn1Cc1nc(C2C3CCC(Oc4ccccc4)C32)no1,2,3
LMRCGSHKMMSQEV-SQWLQELKSA-N,O=c1c2[nH]cnc2ncn1Cc1nc(C2C3C=C(c4ccncc4)CC32)no1,2,4
LMRCGSHKMMSQEV-YCPHGPKFSA-N,O=c1c2[nH]cnc2ncn1Cc1nc(C2C3C=C(c4ccncc4)CC32)no1,2,4
LMRQHWNBPZIMFT-UHFFFAOYSA-N,O=C(Cn1cnc2[nH]c(=O)n(Cc3ccon3)c(=O)c21)Nc1ccccn1,2,0
LMTHLRLOCUUWOQ-UHFFFAOYSA-N,c1ccc(-c2ccc3[nH]ncc3c2)cc1,2,4
LMYBZPVFXTXZQG-FOLVSLTJSA-N,O=c1c2[nH]cnc2ncn1Cc1nc(C2C3CN(c4ccccc4)CC32)no1,2,0
LNHYIPIWVZDRTE-KOMQPUFPSA-N,O=c1c2cccc(=O)n2ccn1Cc1nn(C2CC(c3ccccc3)C2)c(=O)o1,2,0
LNPOPNHAJSGXPH-BEFAXECRSA-N,O=C(NCc1ccnc(-c2cncnc2)c1)C1CCCN1S(=O)(=O)c1ccccc1,2,0
LNRZVKYAWMXAPS-UHFFFAOYSA-N,O=C(CNC(=O)c1ccccc1)c1ccccc1,2,2
LNSIRIOINRHVCV-UHFFFAOYSA-N,c1ccc(Nc2n[nH]c3ccccc23)cc1,2,3
LOEVTFQCTSNTAC-IERDGZPVSA-N,O=C(NCc1cc(N2CCCCC2)ccn1)C1CCCN1S(=O)(=O)c1ccccc1,2,2
LORGNQOYVLGAGP-PMACEKPBSA-N,O=C(NCc1cccc(-c2cncnc2)c1)C1CCCN1S(=O)(=O)c1ccccc1,2,0
LOTBKQZXFAVCCV-ATCWAGBWSA-N,O=c1c2[nH]cnc2ncn1Cc1nc(C2C3CN(c4ccccc4)CC32)no1,2,0
LPCOIIXPRFJUPJ-JRZJBTRGSA-N,O=C(Cn1cnc2[nH]c(=O)[nH]c(=O)c21)Nc1cccc(-c2cnc(N3CCCC3)nc2)n1,2,1
LPLVBOWGFAEFOE-GDBMZVCRSA-N,O=c1c2cccnc2ncn1Cc1nn(C2CCC(c3ccccc3)C2)c(=O)o1,2,1
LQLOSOHAEWYAAN-RUYXUALKSA-N,O=c1c2[nH]cnc2ncn1Cc1nc(C2C3CN(c4ccc5ccccc5c4)CC32)no1,2,1
LRHYTZHUYICYOM-UHFFFAOYSA-N,O=C(Cc1coc2[nH]c(=O)[nH]c(=O)c12)Nc1nc(-c2ccccc2)cs1,2,4
LRLWBLKHOSPXAN-APWZRJJASA-N,O=C(NCc1cccc(-c2cscn2)c1)C1CCCN1S(=O)(=O)c1ccccc1,2,1
LRQGQNBGWAVMGR-WCQYABFASA-N,O=c1c2[nH]cnc2ncn1Cc1nc(C2COC(c3ccccc3)C2)no1,2,2
LRXFJLLAFBGRML-GRTSSRMGSA-N,O=C(Cn1cnc2[nH]c(=O)[nH]c(=O)c21)Nc1csc(-c2cnc(N3CC4CC4C3)nc2)n1,2,4
LRZQMDHWCOUOPM-SQWLQELKSA-N,O=c1c2[nH]nnc2ncn1Cc1nc(C2C3C=C(c4ccccc4)CC32)no1,2,1
LRZQMDHWCOUOPM-YCPHGPKFSA-N,O=c1c2[nH]nnc2ncn1Cc1nc(C2C3C=C(c4ccccc4)CC32)no1,2,1
LSUGPAVXOXLORK-JOCHJYFZSA-N,O=C(CNC(=O)N1CCN(c2ccccn2)CC1)c1ccccc1,2,0
LTAAZSNGZSIZQM-UHFFFAOYSA-N,O=C(NCc1ccccc1)c1cn2c(=O)n(Cc3ccccc3)c(=O)cc2s1,2,2
LTDJLTDLWIUUDL-NFOMZHRRSA-N,O=C(Cn1cnc2[nH]c(=O)[nH]c(=O)c21)Nc1ccnc(-c2cnc(N3CC4CC4C3)nc2)n1,2,3
LTWAIMIDHDTCGE-UHFFFAOYSA-N,c1cncc(-c2n[nH]c3ccccc23)c1,2,1
LTXRMKXVBGTLSA-UHFFFAOYSA-N,O=C(Cn1cnc2ncccc2c1=O)NCCc1ccccc1,2,4
LUBDIXHYIRNPIQ-UHFFFAOYSA-N,O=C(Cc1cccc2c1C(=O)NC2=O)Nc1nc(-c2ccccc2)cs1,2,0
LUKBXSAWLPMMSZ-OWOJBTEDSA-N,C(=Cc1ccccc1)c1ccccc1,2,2
LUOQKYCEQBFDOI-MNZLEMJZSA-N,O=c1c2[nH]cnc2ncn1Cc1nc(C2C3CN(c4cnc5ccccc5c4)CC32)no1,2,0
LUTWICAIXWFDLX-DZFIZOCASA-N,O=c1c2[nH]cnc2ncn1Cc1nc(C2C3CN(c4ccc5c(c4)CCC5)CC32)no1,2,3
LVGJWOUPWIVHGT-VKJFTORMSA-N,O=c1c2[nH]cnc2ncn1Cc1nc(C2C3C=C(c4ccc5[nH]ncc5c4)CC32)no1,2,3
LVNGBBYMWXDSCD-UHFFFAOYSA-N,O=C(Cc1ccnc2[nH]c(=O)[nH]c(=O)c12)Nc1nc(-c2ccccc2)cs1,2,0
LWHBTYBHTYESIQ-UHFFFAOYSA-N,c1ccc(Oc2ncnc3[nH]ccc23)cc1,2,3
LWLNRICWXNERKX-PANOFWHVSA-N,c1ccccc1,2,1
LWPXBBRIJUTOEP-ZDUSSCGKSA-N,O=c1c2ccsc2ncn1Cc1nc(CCc2ccccc2)no1,2,4
LXWUTCSZIGIMGQ-NRFANRHFSA-N,O=C(Cn1cnc2[nH]c(=O)n(Cc3ccccn3)c(=O)c21)Nc1cccc(-c2cnc(N3CCCC3)nc2)n1,2,0
LXYWSBOWXXFXME-QAPCUYQASA-N,O=C(NCc1cnn(-c2cccnc2)c1)C1CCCN1S(=O)(=O)c1ccccc1,2,3
LYNYBISSXARLGD-UHFFFAOYSA-N,O=C(Cc1cccc2[nH]c(=O)[nH]c(=O)c12)Nc1nc(-c2ccccc2)cs1,2,3
LYYSCYDFWXHSRF-LAQFHYBYSA-N,O=c1c2[nH]cnc2ncn1Cc1nc(C2C3CN(c4ccc5scnc5c4)CC32)no1,2,1
LZAWPGLJCUXQOP-UHFFFAOYSA-N,c1ccccc1,2,1
LZLVNQUCQLQASZ-UHFFFAOYSA-N,O=C(Cn1ccc2[nH]c(=O)[nH]c(=O)c21)Nc1ccccc1,2,4
LZRMYUSAULVNHO-WCQYABFASA-N,O=c1c2[nH]cnc2cnn1Cc1nc(C2COC(c3ccccc3)C2)no1,2,3
LZZAVIYOWBNZER-VYDXJSESSA-N,O=c1c2[nH]cnc2ncn1Cc1nc(C2C3C=C(c4ccccc4)CC32)no1,2,3
LZZAVIYOWBNZER-ZMSDIMECSA-N,O=c1c2[nH]cnc2ncn1Cc1nc(C2C3C=C(c4ccccc4)CC32)no1,2,3
MAAPLVMPZDDSFI-ZETCQYMHSA-N,O=c1[nH]c(=O)c2[nH]cnc2[nH]1,2,2
MALXQNURGIETDN-MOPGFXCFSA-N,O=C(NCc1cnn(-c2ccccc2)c1)C1CCC1S(=O)(=O)c1ccccc1,2,3
MALXQNURGIETDN-UHFFFAOYSA-N,O=C(NCc1cnn(-c2ccccc2)c1)C1CCC1S(=O)(=O)c1ccccc1,2,3
MANPXGYRIORUOE-GOEBONIOSA-N,O=c1c2cccnc2ncn1Cc1nc(C2COC(c3ccccc3)C2)no1,2,1
MARWGKHZVAMFRS-HNNXBMFYSA-N,O=C(Cn1cnc2[nH]c(=O)n(Cc3ccon3)c(=O)c21)Nc1cccc(-c2cccnc2)n1,2,3
MBEIRYJQOWMKGK-UHFFFAOYSA-N,O=C(Cn1cnc2[nH]c(=O)n(Cc3ncon3)c(=O)c21)Nc1cccc(-c2cccnc2)n1,2,3
MBFAPSKWPISCAC-OOAXWGSJSA-N,O=C(Cc1coc2[nH]c(=O)[nH]c(=O)c12)N=c1[nH]c(-c2ccccc2)cs1,2,4
MBHKUJMCEPPIEW-MNZLEMJZSA-N,O=c1c2[nH]cnc2ncn1Cc1nc(C2C3CN(c4cccc(-c5cnco5)c4)CC32)no1,2,4
MBQFITADUYCEOL-UHFFFAOYSA-N,O=C(Cn1cnc2[nH]c(=O)[nH]c(=O)c21)Nc1cccc(-c2cncnc2)n1,2,4
MCSVDEMEILTGTA-LURJTMIESA-N,O=c1[nH]c(=O)c2[nH]cnc2[nH]1,2,2
MDZCDAYNNUPZDO-NQZBTDCJSA-N,O=C(NCc1cc(-c2cncnc2)nc(C2CC2)n1)C1CCCN1S(=O)(=O)c1ccccc1,2,0
MESAZEZGAZMOOO-UHFFFAOYSA-N,O=C(Cc1cccc2[nH]c(=O)[nH]c(=O)c12)Nc1nc(-c2ccccc2)cs1,2,3
MFRZFIMXWVKZNR-UHFFFAOYSA-N,O=C(Cn1cnc2[nH]c(=O)[nH]c(=O)c21)Nc1cccc(-c2ccccc2)n1,2,4
MGGVBMYIXILZHA-UHFFFAOYSA-N,O=C(Cc1ccnc2[nH]c(=O)[nH]c(=O)c12)Nc1nc(-c2ccccc2)cs1,2,0
MHAHARMDLJOTNL-NSHDSACASA-N,O=C(Cn1cnc2[nH]c(=O)n(Cc3ncon3)c(=O)c21)Nc1csc(-c2cccnc2)n1,2,0
MHCWTBFSBKNAMQ-DCPHZVHLSA-N,O=C(NCc1ccnc(-c2cncnc2)c1)C1C2CC2CN1S(=O)(=O)c1ccccc1,2,2
MHTJEUOFLVQMCL-NJHPPEEMSA-N,c1ccccc1,2,1
MHTJEUOFLVQMCL-UFVXJIOISA-N,c1ccccc1,2,1
MHVONIOEJOVODB-UHFFFAOYSA-N,c1ccc(Oc2ncnc3[nH]ccc23)cc1,2,3
MJFAWSAGOMZKPI-RAXQPMNESA-N,O=C(Cc1coc2[nH]c(=O)[nH]c(=O)c12)N=c1[nH]c(-c2ccccc2)cs1,2,4
MJLDVLCZYBQYAL-UHFFFAOYSA-N,O=C(Cc1coc2[nH]c(=O)[nH]c(=O)c12)Nc1nc(-c2ccccc2)cs1,2,4
MJYWLKTXRPVKEZ-MSOLQXFVSA-N,O=C(Cc1cnn(-c2cccnc2)c1)NC1CCC1S(=O)(=O)c1ccccc1,2,0
MJYWLKTXRPVKEZ-UHFFFAOYSA-N,O=C(Cc1cnn(-c2cccnc2)c1)NC1CCC1S(=O)(=O)c1ccccc1,2,0
MJZFLVZBZCNKDO-LBPRGKRZSA-N,O=c1c2ccsc2ncn1Cc1nnn(CCc2cc3ccccc3o2)n1,2,4
MKBIZVCFJOWGMO-LSDHHAIUSA-N,O=c1c2[nH]cnc2ncn1Cc1nc(C2COC(c3ccccc3)C2)no1,2,2
MKFGBLWMDLQLDI-GRTSSRMGSA-N,O=C(Cn1cnc2[nH]c(=O)[nH]c(=O)c21)Nc1ccnc(-c2cnc(N3CC4CC4C3)nc2)n1,2,3
MKIKGQZGGGLNPU-LBPRGKRZSA-N,O=c1c2ccsc2ncn1Cc1nnn(CCc2cc3ccccc3o2)n1,2,4
MKOVVWJQLPYAMT-UHFFFAOYSA-N,c1ccc(-c2n[nH]c3ccccc23)cc1,2,2
MKZWVKSABWOAEC-UHFFFAOYSA-N,c1ccc(-c2cn3ccccc3n2)cc1,2,4
MLVMMKNPHXPAAR-SUMWQHHRSA-N,O=c1c2cccnc2cnn1Cc1nc(C2COC(c3ccccc3)C2)no1,2,1
MMEGDRGXGKDKMU-FOLVSLTJSA-N,O=c1[nH]c(=O)c2c(ncn2Cc2nc(C3C4CN(c5ccccc5)CC43)no2)[nH]1,2,4
MMNOSEAJUARMOD-OOHWJJMZSA-N,O=C(Cn1cnc2[nH]c(=O)[nH]c(=O)c21)Nc1cncc(-c2ccc(N3CC4CC4C3)nc2)n1,2,2
MMPAULQSJLVKHP-UHFFFAOYSA-N,c1ccc(-c2nnnn2Cc2cccnc2)cc1,2,1
MMRVTSMOSFLTST-UHFFFAOYSA-N,O=C(Cc1[nH]nc2[nH]c(=O)[nH]c(=O)c12)Nc1nc(-c2ccccc2)cs1,2,3
MNMZXKKNMFGYBW-ZDUSSCGKSA-N,O=C(Cn1cnc2[nH]c(=O)[nH]c(=O)c21)Nc1ccnc(-c2cccnc2)n1,2,1
MNWQVIWMYZQBRS-MQMHXKEQSA-N,O=c1c2[nH]cnc2ncn1Cc1nn(C2CC(Oc3ccccc3)C2)c(=O)o1,2,0
MOCHTZHSWMIZAF-UZLBHIALSA-N,O=C(NCc1ccnc(-c2cccnc2)c1)C1CCCN1S(=O)(=O)c1ccccc1,2,0
MQBRPGZLHZUVDU-UHFFFAOYSA-N,O=C(Cn1ccc2[nH]c(=O)[nH]c(=O)c21)Nc1nc(-c2ccccc2)cs1,2,1
MQPVCEGYFVTWDL-UHFFFAOYSA-N,O=C(Cc1coc2[nH]c(=O)[nH]c(=O)c12)Nc1nc(-c2ccccc2)cs1,2,4
MQUKIMHLRYIAML-HSZRJFAPSA-N,O=C(NCc1cc(-c2cccnc2)ncn1)C1CCCN1S(=O)(=O)c1ccccc1,2,0
MQWVXCFLFCEROX-INIZCTEOSA-N,O=C(NCc1cnn(-c2cccnc2)c1)C1CCN1S(=O)(=O)c1ccccc1,2,0
MRBQQESZUMBYBU-OXFYSEKESA-N,C1=C(CCC2CCCOO2)CCCC1,2,0
MRBQQESZUMBYBU-WRWLIDTKSA-N,C1=C(CCC2CCCOO2)CCCC1,2,0
MRHRRDRSFAZUKB-UHFFFAOYSA-N,c1ccc(-c2n[nH]c3cccnc23)cc1,2,1
MRIRDTYIRGDISF-UHFFFAOYSA-N,O=C(NCSc1ccccc1)c1ccccc1,2,4
MRJQAVHTQSPKOG-HALDLXJZSA-N,O=c1[nH]cnc2cnn(Cc3nc(C4C5CN(c6ccccc6)CC54)no3)c12,2,0
MRLQZWIORUYYAK-SWLSCSKDSA-N,O=c1c2[nH]cnc2cnn1Cc1nc(C2COC(c3ccccc3)C2)no1,2,3
MSAYCLQQORKAFC-UHFFFAOYSA-N,O=C(Cn1ccc2[nH]c(=O)[nH]c(=O)c21)Nc1nc(-c2ccccc2)cs1,2,1
MSLUZYJVJCAREX-CTNGQTDRSA-N,O=C(NCc1cc(-c2ccccc2)ncn1)C1CCC1S(=O)(=O)c1ccccc1,2,3
MSQPVCFZSCZFMD-UHFFFAOYSA-N,O=C(Cc1coc2[nH]c(=O)[nH]c(=O)c12)Nc1nc(-c2ccccc2)cs1,2,4
MSYGBWPPRVPMSJ-MRXNPFEDSA-N,O=S(=O)(c1ccccc1)N1CCCC1c1ccccc1,2,3
MSZQIMOHOGZARD-UHFFFAOYSA-N,c1ccc(-c2ccc3[nH]ncc3c2)cc1,2,4
MTGXVBRHBMNUOU-GXTWGEPZSA-N,O=c1c2[nH]cnc2ncn1Cc1nc(C2COC(c3ccccc3)C2)no1,2,2
MUOIGSUAOLUOMW-UHFFFAOYSA-N,O=c1[nH]c2nc[nH]c2c(=O)n1Cc1ncno1,2,2
MWEJPRYWFKNEQK-UHFFFAOYSA-N,O=C(CNC(=O)c1ccccc1)c1ccccc1,2,2
MWNYBDMBUNWRDN-UHFFFAOYSA-N,O=C(c1cn2c(=O)n(Cc3ccccc3)c(=O)cc2s1)N1CCC(Oc2ccccc2)CC1,2,1
MWVJVARWBHTASX-HUBLWGQQSA-N,O=c1c2[nH]cnc2ncn1Cc1nc(C2C3Oc4ccccc4C32)no1,2,3
MWVJVARWBHTASX-LALPHHSUSA-N,O=c1c2[nH]cnc2ncn1Cc1nc(C2C3Oc4ccccc4C32)no1,2,3
MXDJEHKNIKUPOY-CMPLNLGQSA-N,O=c1c2scnc2ncn1Cc1nc(C2COC(c3ccccc3)C2)no1,2,4
MYASRSUUBFDVPB-BEFAXECRSA-N,O=C(NCc1ccnc(-c2cncnc2)c1)C1CCCN1S(=O)(=O)c1ccccc1,2,0
MYBJZJMUOIRKIX-CYXPSIDGSA-N,C=C1CCCCC1CCC1CCCOO1,2,0
MYECAPLZRDMDEP-NRFANRHFSA-N,O=C(NCc1ccc(=O)n(-c2ccccc2)c1)C1CCCN1S(=O)(=O)c1cc2ccccc2o1,2,3
MYGMWKBCBYXEOU-UHFFFAOYSA-N,O=C(Cn1cnc2[nH]c(=O)[nH]c(=O)c21)Nc1cccc(-c2ccccc2)n1,2,4
MYIJPYOIQWNCTL-UHFFFAOYSA-N,O=C(Cc1cccc2c1C(=O)NC2=O)Nc1nc(-c2ccccc2)cs1,2,0
MYPMHHGCMJXXDR-NRFANRHFSA-N,O=C(NCc1ccc(=O)n(-c2ccccc2)c1)C1CCCN1S(=O)(=O)c1cc2ccccc2o1,2,3
MZBAUWHFVTWOCF-UHFFFAOYSA-N,c1ccc(-c2n[nH]c3cc(NC4CCN(CC5CC5)CC4)cnc23)cc1,2,4
MZDLKLCZJYQPTH-GOEBONIOSA-N,O=C(Cn1cnc2[nH]c(=O)[nH]c(=O)c21)Nc1csc(-c2cnc(N3CCCC3)nc2)n1,2,1
MZDLKLCZJYQPTH-HOCLYGCPSA-N,O=C(Cn1cnc2[nH]c(=O)[nH]c(=O)c21)Nc1csc(-c2cnc(N3CCCC3)nc2)n1,2,1
MZGUKCQKDCDZDA-NSHDSACASA-N,O=c1c2ccsc2ncn1Cc1nnn(CCc2ccc3c(c2)OCO3)n1,2,4
MZVLUJKMPFKSCI-UHFFFAOYSA-N,O=c1c2cncnc2ncn1Cc1nn(CCc2ccccc2)c(=O)o1,2,3
NAIFTAJHKHUWIN-NWANDNLSSA-N,O=c1c2[nH]cnc2ncn1Cc1nc(C2C3Cc4ccccc4C32)no1,2,2
NAIFTAJHKHUWIN-SNPRPXQTSA-N,O=c1c2[nH]cnc2ncn1Cc1nc(C2C3Cc4ccccc4C32)no1,2,2
NAIQURVKOAEMNP-UHFFFAOYSA-N,O=C(Cn1cnc2[nH]c(=O)[nH]c(=O)c21)Nc1cccc(-c2cccnc2)n1,2,0
NAOMZGKLBJKTAT-UHFFFAOYSA-N,O=c1c2nccnc2ncn1Cc1nc(CCc2ccccc2)no1,2,2
NASBLTGMHKILDI-LBPRGKRZSA-N,O=C(Cn1cnc2[nH]c(=O)[nH]c(=O)c21)Nc1csc(-c2cccnc2)n1,2,3
NBNOGVOWEZWSDX-UHFFFAOYSA-N,O=C(Cc1coc2[nH]c(=O)[nH]c(=O)c12)Nc1nc(-c2ccccc2)cs1,2,4
NBSLXNJLYUHGDR-IGOJGBNBSA-N,O=c1c2ccncc2ncn1Cc1nc(C2C3CN(c4ccccc4)CC32)no1,2,1
NBWWXTRHLDJUJO-UHFFFAOYSA-N,c1ccc(-c2cn3ccccc3n2)cc1,2,4
NCAMCMDMPZEGLJ-AWEZNQCLSA-N,O=C(Cn1cnc2[nH]c(=O)n(Cc3ccccn3)c(=O)c21)Nc1cncc(-c2cccnc2)n1,2,2
NCCUKKILHUYRJX-UXHICEINSA-N,O=C(Cn1cc(-c2ccccc2)cn1)NC1CCC1S(=O)(=O)c1ccccc1,2,4
NCURYYQHLSRXOT-UHFFFAOYSA-N,O=C(Cc1coc2[nH]c(=O)[nH]c(=O)c12)Nc1nc(-c2ccccc2)cs1,2,4
NDCBWQCTQSTKJY-UHFFFAOYSA-N,c1ccccc1,2,1
NERDQWNAJADUOY-CVDCTZTESA-N,O=C(NCc1cn(-c2ccccn2)c(=O)[nH]c1=O)C1CCCN1S(=O)(=O)c1cc2ccccc2o1,2,0
NETQTTFOIRBCDZ-AEFFLSMTSA-N,O=C(NCc1cccc(-c2nccs2)c1)C1CCCN1S(=O)(=O)c1ccccc1,2,2
NFNBZWYHKFLQAP-UHFFFAOYSA-N,O=C1C2=C(NC(=S)NC2c2ccccc2)c2ccccc21,2,2
NGORHOBBMAHQFE-LAQFHYBYSA-N,O=c1c2[nH]cnc2ncn1Cc1nc(C2C3CN(c4ccccc4)CC32)no1,2,0
NGVRXPJMFITBJX-AWEZNQCLSA-N,O=c1c2ccsc2ncn1Cc1nnn(CCc2ccccc2)n1,2,1
NHABUIFDSBXZLP-JEYLPNPQSA-N,O=C(Cn1cnc2[nH]c(=O)[nH]c(=O)c21)Nc1cncc(-c2ccc(N3CC4CC4C3)nc2)n1,2,2
NHFRFZWACDLIJO-GRTSSRMGSA-N,O=C(Cn1cnc2[nH]c(=O)n(Cc3ncno3)c(=O)c21)Nc1csc(-c2cnc(N3CC4CC4C3)nc2)n1,2,4
NHHOKCAEWOGISL-NFOMZHRRSA-N,O=C(Cn1cnc2[nH]c(=O)[nH]c(=O)c21)Nc1cncc(-c2cnc(N3CC4CC4C3)cn2)n1,2,1
NHXPTCSMIZELNE-UHFFFAOYSA-N,c1ccc(Oc2ncnc3[nH]ccc23)cc1,2,3
NIKXCFKCQIOJGE-IGEOTXOUSA-N,O=C(Cn1cnc2[nH]c(=O)[nH]c(=O)c21)Nc1csc(-c2ccc(N3CC4CC4C3)nc2)n1,2,2
NIVMPNIOANBDGM-UHFFFAOYSA-N,O=C(Cc1cccc2[nH]c(=O)[nH]c(=O)c12)Nc1nc(-c2ccccc2)cs1,2,3
NKQCFZYAGAXSEP-ORMTXKICSA-N,O=c1c2[nH]cnc2ncn1Cc1nc(C2C3CN(c4ccccc4)CC32)no1,2,0
NKUUKWCBPOPJIO-LBPRGKRZSA-N,O=c1c2[nH]cnc2ncn1Cc1nn(CC2CCc3ccccc32)c(=O)o1,2,2
NKZCJCIDAGEUIM-LBPRGKRZSA-N,O=C(Cn1cnc2[nH]c(=O)n(Cc3ncno3)c(=O)c21)Nc1cncc(-c2cccnc2)n1,2,4
NLNWNOMTEBKBKR-NSHDSACASA-N,O=C(Cn1cnc2[nH]c(=O)n(Cc3ncon3)c(=O)c21)Nc1cccc(-c2cncnc2)n1,2,3
NLOJJXVQKKKSMA-UHFFFAOYSA-N,O=C(Cc1[nH]nc2[nH]c(=O)[nH]c(=O)c12)Nc1nc(-c2ccccc2)cs1,2,3
NLWIALKJQZYZKG-UHFFFAOYSA-N,O=c1c2[nH]cnc2ncn1Cc1nn(CCc2ccccc2)c(=O)o1,2,1
NLZYLJKBFOAYMA-UHFFFAOYSA-N,O=C(Cc1coc2[nH]c(=O)[nH]c(=O)c12)Nc1nc(-c2ccccc2)cs1,2,4
NMCHHCFFFJAHSG-MIRVZWSXSA-N,O=c1c2cccnc2ncn1Cc1nn(C2CC(c3ccccc3)C2)c(=O)o1,2,2
NMXYAUFQQIWAEC-MQMHXKEQSA-N,O=c1c2[nH]cnc2ncn1Cc1nn(C2CC(Oc3ccccc3)C2)c(=O)o1,2,0
NNNQVSUPWVEWSZ-UHFFFAOYSA-N,O=C(Cc1cccc2[nH]c(=O)[nH]c(=O)c12)Nc1nc(-c2ccccc2)cs1,2,3
NNQHKCKPDGQFKO-DYXWJJEUSA-N,O=c1c2[nH]c(NC3CCOCC3)nc2ncn1Cc1nc(C2C3C=C(c4ccccc4)CC32)no1,2,3
NNSLKBVDAAEDLW-UHFFFAOYSA-N,O=C(Cc1nsc2[nH]c(=O)[nH]c(=O)c12)Nc1nc(-c2ccccc2)cs1,2,2
NNTSHWHAMWNNPN-CSKARUKUSA-N,O=C(C=Cc1ccccc1)Nc1ccccc1,2,3
NNTVXWSMKXIYQP-FMIVXFBMSA-N,c1ccccc1,2,1
NNTVXWSMKXIYQP-XFXZXTDPSA-N,c1ccccc1,2,1
NOOQUZUAODSSGX-HDMKZQKVSA-N,O=c1c2[nH]cnc2ncn1Cc1nc(C2C3C=C(c4ccc5oncc5c4)CC32)no1,2,1
NOXDIPWNQOTUAB-UHFFFAOYSA-N,O=C(NCSc1ccccc1)c1ccccc1,2,4
NPEFTSHDWRRIGK-QWHZDKJVSA-N,O=c1c2cccnc2ncn1Cc1nc(C2C3CN(c4ccccn4)CC32)no1,2,0
NPMWJMYXYACXRK-UHFFFAOYSA-N,O=c1[nH]c2nc[nH]c2c(=O)n1Cc1ccon1,2,4
NPTHNANPKCRKIP-VIKVFOODSA-N,O=c1c2ccnn2ncn1Cc1nc(C2C3CN(c4ccccn4)CC32)no1,2,3
NPUDHMAZVHROFR-WOSRLPQWSA-N,O=c1c2[nH]cnc2ncn1Cc1nc(C2C3C=C(c4ccccn4)CC32)no1,2,1
NPUDHMAZVHROFR-WWGRRREGSA-N,O=c1c2[nH]cnc2ncn1Cc1nc(C2C3C=C(c4ccccn4)CC32)no1,2,1
NQEUZZGRELLFAS-JJRVBVJISA-N,O=c1c2[nH]cnc2ncn1Cc1nc(C2C3C=C(c4ccccc4)CC32)no1,2,3
NQPPCJDUDWGYDN-MSRIBSCDSA-N,O=c1c2[nH]cnc2ncn1Cc1nc(C2C3CN(c4ccccc4)CC32)no1,2,0
NSCDYGWDPJENAZ-DLBZAZTESA-N,O=c1c2[nH]cnc2ncn1Cc1nc(C2COC(c3ccc(C4CC4)cc3)C2)no1,2,2
NSMVPLGFGKOGBJ-ZHRRBRCNSA-N,O=C(NCc1cc(-c2cccnc2)ncn1)C1CCCN1S(=O)(=O)c1ccccc1,2,0
NSOSVZCRYQUGJD-VIKVFOODSA-N,O=c1c2[nH]cnc2ncn1Cc1nc(C2C3CN(c4ccccn4)CC32)no1,2,3
NSPJVTHVINFJSX-JTQLQIEISA-N,O=c1c2ccsc2ncn1Cc1nc(CCc2ccc3c(c2)OCO3)no1,2,2
NSULWEQZEHFMNX-UHFFFAOYSA-N,O=C(NCC(Cc1ccccc1)N1CCCCC1)C1(c2ccccc2)CCCC1,2,1
NTFPIJYAGREYFB-UHFFFAOYSA-N,O=C(Cc1onc2[nH]c(=O)[nH]c(=O)c12)Nc1nc(-c2ccccc2)cs1,2,3
NTYRFIKFQBKXPB-JEYLPNPQSA-N,O=C(Cn1cnc2[nH]c(=O)[nH]c(=O)c21)Nc1cncc(-c2cnc(N3CC4CC4C3)nc2)n1,2,0
NUSGVFGBRJCICH-UHFFFAOYSA-N,O=C1C2=C(NC(=S)NC2c2ccccc2)c2ccccc21,2,2
NVJRTSJVHGFIRF-UHFFFAOYSA-N,c1ccc(-c2cn3ccccc3n2)cc1,2,4
NVQMCWJWKHEVQL-HPFXQQBRSA-N,O=c1c2[nH]cnc2ncn1Cc1nc(C2C3CN(CCc4ccccc4)CC32)no1,2,0
NWSIRYGEZSHVOK-JPYJTQIMSA-N,O=C(NCc1cc(-c2ccccc2)ncn1)C1CCCN1S(=O)(=O)c1ccccc1,2,1
NXFIEIXVSJMOQL-UHFFFAOYSA-N,c1ccc(-c2ccc3[nH]ncc3c2)cc1,2,4
NXHKYBGXKCFXET-UHFFFAOYSA-N,O=C(Nc1ccccc1)c1cccs1,2,3
NZKRDROSRYWYIZ-AOIWGVFYSA-N,O=c1c2[nH]c(NC3COC3)nc2ncn1Cc1nc(C2C3C=C(c4ccccc4)CC32)no1,2,4
OAFMAMFQRUUJFC-CHWSQXEVSA-N,c1ccc(NC2CCCCC2)cc1,2,2
OALGIPQKCNNGBC-SQWFFKJPSA-N,O=C1C=C(CCC=CCCC2CCCOO2)CCC1,2,1
OAMUBLNNGBSUNW-FQEVSTJZSA-N,O=C(NCc1cn(-c2ccccc2)c(=O)[nH]c1=O)C1CCCN1S(=O)(=O)c1cc2ccccc2o1,2,0
OARAWCIGFKPUOQ-UHFFFAOYSA-N,c1ccc(-c2ccc3[nH]ncc3c2)cc1,2,4
OBEVBOOBEWVPJL-OHOGDBNVSA-N,O=C(NCc1cc(-c2cccnc2)ncn1)C1C2CCC(C2)N1S(=O)(=O)c1ccccc1,2,2
OBHJVFPRSXFZMO-ATCWAGBWSA-N,O=c1c2[nH]cnc2ncn1Cc1nc(C2C3CN(c4ccccc4)CC32)no1,2,0
OCAGWVPJUUSEHZ-UHFFFAOYSA-N,O=C(NCSc1ccccc1)c1ccccc1,2,4
OCPANKWZNDYWSE-PBHICJAKSA-N,O=C(NCc1cnn(-c2cccnc2)c1)C1CCCN1S(=O)(=O)c1ccccc1,2,3
OCRMZDPHJXSESH-BXHXUVEDSA-N,O=c1c2[nH]cnc2ncn1Cc1nc(C2CC(c3ccccc3)C2)no1,2,4
OCTMHUCXAOCKDH-UHFFFAOYSA-N,O=c1c2[nH]cnc2ncn1Cc1nn(CCc2cccs2)c(=O)o1,2,1
ODCGQSLLUGLMSU-UHFFFAOYSA-N,O=C(Cc1nsc2[nH]c(=O)[nH]c(=O)c12)Nc1nc(-c2ccccc2)cs1,2,2
ODPZBRSHIVSPND-GXTWGEPZSA-N,O=c1ccncn1Cc1nc(C2COC(c3ccccc3)C2)no1,2,3
ODUIXUGXPFKQLG-QWRGUYRKSA-N,O=C(c1csc(Nc2ccccc2)n1)N1CCCCC1,2,4
OFCLMLWEVNQPIR-DZGCQCFKSA-N,O=C(Cn1cnc2[nH]c(=O)[nH]c(=O)c21)Nc1ccnc(-c2cnc(N3CCCC3)nc2)n1,2,1
OFCLMLWEVNQPIR-ZFWWWQNUSA-N,O=C(Cn1cnc2[nH]c(=O)[nH]c(=O)c21)Nc1ccnc(-c2cnc(N3CCCC3)nc2)n1,2,1
OFCROMUFKSLDNV-UHFFFAOYSA-N,O=C(Cn1cnc2[nH]c(=O)n(Cc3ccon3)c(=O)c21)Nc1ccc(N2CCCCC2)cn1,2,4
OGLFBGKKIABWEQ-DOTOQJQBSA-N,O=c1c2ccnn2ncn1Cc1nc(C2COC(c3ccc4cn[nH]c4c3)C2)no1,2,3
OGPFIYLORKWHNT-UHFFFAOYSA-N,c1ccc(Oc2ncnc3[nH]ccc23)cc1,2,3
OIMOSWUWUIXKEC-UTKZUKDTSA-N,O=C(NCc1cc(-c2ccccc2)ncn1)C1CCCN1S(=O)(=O)c1ccccc1,2,1
OJDPMUKHSHJUMB-UHFFFAOYSA-N,c1ccc(CC2CCCCC2)cc1,2,1
OJPPDEXGRGOSGZ-QRWLVFNGSA-N,O=C(NCc1cc(-c2ccccc2)ncn1)C1CCCN1S(=O)(=O)c1ccccc1,2,1
OKROUULIEINPBH-KXBFYZLASA-N,O=C(Cn1cnc2[nH]c(=O)n(Cc3ccon3)c(=O)c21)Nc1cncc(-c2cnc(N3CCCC3)nc2)n1,2,1
OKTCWLWVPKWVHH-UHFFFAOYSA-N,O=C(CNC(=O)c1ccccc1)c1ccccc1,2,2
OMAOTMMMFIUYGY-UHFFFAOYSA-N,O=C(Cn1cnc2ccccc2c1=O)NCCc1ccccc1,2,4
OMCPTRKQFMHMFO-BLLLJJGKSA-N,O=c1c2cccnc2cnn1Cc1nc(C2COC(c3ccccc3)C2)no1,2,1
OMMPJIYDEJHEFK-SWLSCSKDSA-N,O=c1c2[nH]ncc2ncn1Cc1nc(C2COC(c3ccccc3)C2)no1,2,4
OMTUXAGTVRSGHC-YQVWRLOYSA-N,O=c1c2[nH]cnc2ncn1Cc1nc(C2C3C=C(c4ccccc4)CC32)no1,2,3
OOABNTZYAYDDFY-WCQYABFASA-N,c1ccc(C2CC(c3noc(Cn4cnc5nccnc54)n3)CO2)cc1,2,3
OOEICVKLQRDYIY-UHFFFAOYSA-N,O=C(c1cn2c(=O)n(Cc3ccccc3)c(=O)cc2s1)N1CCC(Oc2ccccc2)CC1,2,1
OOIANJTYVKDXDO-ZLPCBKJTSA-N,O=C(Cn1cnc2[nH]c(=O)[nH]c(=O)c21)Nc1cncc(-c2ccc(N3CC4CC4C3)nc2)n1,2,2
OOILCLJLPGNGBY-XLIONFOSSA-N,O=C(NCc1ccnc(-c2cncnc2)c1)C1CCCN1S(=O)(=O)c1ccccc1,2,0
OOVNFOVAFVAUEB-FQEVSTJZSA-N,O=C(NCc1cn(-c2ccccn2)c(=O)[nH]c1=O)C1CCCN1S(=O)(=O)c1cc2ccccc2o1,2,0
OOYSDFNECMAJEG-UHFFFAOYSA-N,O=C(Nc1ccccc1)c1ccccc1,2,4
OOZCYHFVKYNNLY-UHFFFAOYSA-N,O=C(Cn1cnc2c1C(=O)NC1=NCCN12)Nc1nc(-c2ccccc2)cs1,2,4
OPLSBZPFTJOKSC-UHFFFAOYSA-N,c1ccc(Nc2n[nH]c3ccccc23)cc1,2,3
OPWGBOAEYGMIKX-UHFFFAOYSA-N,c1ccccc1,2,1
OPWGCVSCPKEDAN-UHFFFAOYSA-N,O=C(Nc1nnc(S(=O)(=O)Nc2ccccc2)s1)c1ccccc1,2,1
OQASTGYBPZQXHT-UHFFFAOYSA-N,c1csc(-c2n[nH]c3ccccc23)c1,2,2
ORDBIMJXWQFKSA-VFNWGFHPSA-N,O=C(NCc1cc(-c2ccccc2)ncn1)C1CCCN1S(=O)(=O)c1ccccc1,2,1
OSASTMYQPFYXAS-XLIONFOSSA-N,O=C(NCc1cn(-c2cccnc2)nc1C1CC1)C1CCCN1S(=O)(=O)c1ccccc1,2,0
OSBWGLVHJYXMNU-VYDXJSESSA-N,O=c1c2[nH]cnc2ncn1Cc1nc(C2C3C=C(c4ccccc4)CC32)no1,2,3
OSBWGLVHJYXMNU-ZMSDIMECSA-N,O=c1c2[nH]cnc2ncn1Cc1nc(C2C3C=C(c4ccccc4)CC32)no1,2,3
OSIHVFBKSGLNSB-UHFFFAOYSA-N,O=c1c2[nH]cnc2ncn1Cc1nn(CCc2ccccc2)c(=O)o1,2,1
OSRJLGOOPNGZRD-UHFFFAOYSA-N,O=C(CNC(=O)c1ccccc1)c1ccccc1,2,2
OSUPAEDILOOTGJ-DZGCQCFKSA-N,O=c1ccn2c(=O)n(Cc3nc(C4COC(c5ccccc5)C4)no3)ccc2n1,2,0
OSVVWQSAPRHYFQ-UHFFFAOYSA-N,c1ccc(Oc2ncnc3[nH]ccc23)cc1,2,3
OTONXOROEOKVFV-GXTWGEPZSA-N,O=c1c2ccnn2ncn1Cc1nc(C2COC(c3ccccc3)C2)no1,2,4
OUFMSVRFVDNVAQ-UHFFFAOYSA-N,O=c1c2[nH]cnc2ncn1Cc1nn(CCc2cccc(-c3ccccc3)c2)c(=O)o1,2,3
OUIWGZWQOLEJRB-QRIPLOBPSA-N,O=C(NCc1ccnc(-c2cccnc2)c1)C1CCCN1S(=O)(=O)c1ccccc1,2,0
OUKDYRGLICRORO-ATCWAGBWSA-N,O=c1c2[nH]ncc2ncn1Cc1nc(C2C3CN(c4ccccn4)CC32)no1,2,1
OUOCXXWHUVVIMO-UHFFFAOYSA-N,c1ccc(-c2nc3ccccn3c2NC2CC2)cc1,2,1
OUOJOESQQFDWPE-RZQQEMMASA-N,O=c1ccc2ncn(Cc3nc(C4C5C=C(c6ccccc6)CC54)no3)c(=O)c2[nH]1,2,4
OXAKNBOUQBFWOU-FQEVSTJZSA-N,O=C(CNS(=O)(=O)c1ccccc1)NCc1cccc(-c2cnc(N3CCCC3)nc2)c1,2,4
OXBAGLABLAJOLY-MIRVZWSXSA-N,O=c1c2cccnc2ncn1Cc1nn(C2CC(c3ccccc3)C2)c(=O)o1,2,2
OXJIXZHGSZCNBP-IERDGZPVSA-N,O=C(NCc1cc(-c2ccccc2)ncn1)C1CCCN1S(=O)(=O)c1ccccc1,2,1
OXKFPUAIKOJQRA-JYAVWHMHSA-N,O=c1c2[nH]cnc2ncn1Cc1nc(C2C3CN(c4ccncc4)CC32)no1,2,0
OYBNJIXRFLARRD-SWLSCSKDSA-N,O=c1c2cccnc2ncn1Cc1nc(C2COC(c3ccccc3)C2)no1,2,1
OYCZSQKUKRDHOU-UHFFFAOYSA-N,c1ccccc1,2,1
OYJMLCGZSMSIHK-UHFFFAOYSA-N,O=C(Cc1cccc2[nH]c(=O)[nH]c(=O)c12)Nc1nc(-c2ccccc2)cs1,2,3
OYTIHKVAZJQNDV-ZDUSSCGKSA-N,O=C(Cn1cnc2[nH]c(=O)n(Cc3ccon3)c(=O)c21)Nc1csc(-c2cccnc2)n1,2,4
OYUSSTRGYVQVEE-UHFFFAOYSA-N,c1ccc(-c2ccc3[nH]ncc3c2)cc1,2,4
OZYWCNZZAGZNJD-UHFFFAOYSA-N,O=C(Cc1coc2[nH]c(=O)[nH]c(=O)c12)Nc1nc(-c2ccccc2)cs1,2,4
PAEBEJVPSADOMC-HSZRJFAPSA-N,O=C(NCC(Cc1ccccc1)N1CCCCC1)C1(c2ccccc2)CCCC1,2,1
PAEBEJVPSADOMC-QHCPKHFHSA-N,O=C(NCC(Cc1ccccc1)N1CCCCC1)C1(c2ccccc2)CCCC1,2,1
PAEBEJVPSADOMC-UHFFFAOYSA-N,O=C(NCC(Cc1ccccc1)N1CCCCC1)C1(c2ccccc2)CCCC1,2,1
PBEOFMXPKRIFLC-JOCQHMNTSA-N,O=c1c2[nH]cnc2ncn1Cc1nc(C2CC(c3ccccc3)C2)no1,2,4
PCPHCZCRTIQJOL-UHFFFAOYSA-N,S=C1Nc2c(oc3ncccc23)C(c2cccc(OCc3cccnc3)c2)N1,2,0
PCRVYTLDPBCCDQ-QMMMGPOBSA-N,O=c1c2ccsc2ncn1Cc1nnn(CCc2cccs2)n1,2,0
PCZBLEDJUILZHT-DZGCQCFKSA-N,O=c1c2cn[nH]c2ncn1Cc1nc(C2COC(c3ccccc3)C2)no1,2,1
PDCHRYNMRDSNLJ-PBHICJAKSA-N,O=C(NCc1cnn(-c2cncnc2)c1)C1CCCN1S(=O)(=O)c1ccccc1,2,0
PDJKELJNZJFLOF-NRFANRHFSA-N,O=C(NCc1cn(-c2ccccc2)c(=O)[nH]c1=O)C1CCN1S(=O)(=O)c1cc2ccccc2o1,2,0
PDLRKEDIAZMXFA-DGCLKSJQSA-N,O=C(NC1CCCCC1)c1ccccc1,2,0
PDVLAYRROWUZQJ-UHFFFAOYSA-N,O=C(NCc1cccnc1)c1cn2c(=O)n(Cc3ccccc3)c(=O)cc2s1,2,3
PEFLRUKKGUWIBC-CMPLNLGQSA-N,O=c1c2scnc2ncn1Cc1nc(C2COC(c3ccccc3)C2)no1,2,4
PEHFNRMZSZUHCM-ZDUSSCGKSA-N,O=C(Cn1cnc2[nH]c(=O)n(Cc3ncon3)c(=O)c21)Nc1cccc(-c2cccnc2)n1,2,3
PFFILXROCXLMKU-QFIPXVFZSA-N,O=C(NCc1cn(-c2ccccc2)c(=O)[nH]c1=O)C1CCCN1S(=O)(=O)c1cc2ccccc2o1,2,0
PGOAAJHGHGCKOZ-UHFFFAOYSA-N,c1ccc(-c2n[nH]c3cccnc23)cc1,2,1
PGPPQKVBZGTYCD-FPOVZHCZSA-N,O=C(NCc1cc(-c2ccccc2)ncn1)C1CCCN1S(=O)(=O)c1ccccc1,2,1
PHGQTOSVXWSIQY-OAHLLOKOSA-N,O=S(=O)(c1ccccc1)N1CCCC1c1ccccc1,2,3
PHNSUXWWTIXLNZ-UHFFFAOYSA-N,O=C(CNC(=O)c1ccccc1)c1ccccc1,2,2
PHQJSLDTLKKGHV-FOLVSLTJSA-N,O=c1c2[nH]cnc2ncn1Cc1nc(C2C3CN(c4ccccc4)CC32)no1,2,0
PIERVTPSZKKBMN-QVDMIQRCSA-N,O=c1c2cccnc2cnn1Cc1nc(C2C3CN(c4ccc5ncsc5c4)CC32)no1,2,2
PIHLKVAETFVCON-UOXRKKOCSA-N,O=C(NCc1cc(-c2cncnc2)ccn1)C1CCCN1S(=O)(=O)c1ccccc1,2,3
PIJOIBMLUGHWEK-UHFFFAOYSA-N,O=C(NCc1ccccc1)c1cn2c(=O)n(Cc3ccccc3)c(=O)cc2s1,2,2
PIMAYQFCABRHBK-UHFFFAOYSA-N,O=c1c2cccnc2ncn1Cc1nc(CCc2ccccc2)no1,2,2
PIMPOWDMRUXOBB-QMMMGPOBSA-N,O=c1c2ccsc2ncn1Cc1nnn(CCc2cccs2)n1,2,0
PJLJDPJGWGMDSJ-UHFFFAOYSA-N,O=c1oc(Cn2ncc3nc[nH]c3c2=O)nn1CCc1ccccc1,2,4
PJMMWANXHNLCLA-UHFFFAOYSA-N,O=c1c2cccnc2ncn1Cc1nc(CCc2ccccc2)no1,2,2
PJRBIKOPYKCNRH-ZETCQYMHSA-N,O=c1[nH]c(=O)c2[nH]cnc2[nH]1,2,2
PJSGHCYHFOHJAO-MQMHXKEQSA-N,O=c1c2[nH]cnc2ncn1Cc1nn(C2CC(c3ccccc3)C2)c(=O)o1,2,0
PJYBQLCOMOPZIT-UHFFFAOYSA-N,c1ccc(-c2ccc3[nH]ncc3c2)cc1,2,4
PKBHAOIFDOPMHC-UHFFFAOYSA-N,O=C(NCc1cn(-c2ccccc2)c(=O)[nH]c1=O)C1(NS(=O)(=O)c2cc3ccccc3o2)CC1,2,0
PKKIGRUIKFFWQO-UHFFFAOYSA-N,O=C(Cc1csc2[nH]c(=O)[nH]c(=O)c12)Nc1nc(-c2ccccc2)cs1,2,1
PKSXAPBVYBUCIY-UHFFFAOYSA-N,c1ccc(-c2cn3ccccc3n2)cc1,2,4
PKZUAQKBDUQBKF-KLHPHEINSA-N,O=C1C2NC=NC2N=CN1Cc1nc(C2COC(c3ccccc3)C2)no1,2,4
PLCMBEBJCVWYCS-UHFFFAOYSA-N,O=C(Cc1cccc2c1C(=O)NC2=O)Nc1nc(-c2ccccc2)cs1,2,0
PLLCCTINGQUQCK-VGSWGCGISA-N,O=C(NCc1cc(-c2ccccc2)ccn1)C1CCCN1S(=O)(=O)c1ccccc1,2,0
PLOIHNZHFPANMY-BEFAXECRSA-N,O=C(NCc1ccnc(-c2cccnc2)c1)C1CCCN1S(=O)(=O)c1ccccc1,2,0
PMWFGSNDBSNHJI-ZDUSSCGKSA-N,O=C(Cn1cnc2[nH]c(=O)n(Cc3ccon3)c(=O)c21)Nc1csc(-c2cccnc2)n1,2,4
PMXSDPMOTVJQHZ-UHFFFAOYSA-N,O=C(Cn1cnc2[nH]c(=O)[nH]c(=O)c21)Nc1csc(-c2cccnc2)n1,2,3
POOZHORJSHQJIX-VYDXJSESSA-N,O=c1c2[nH]cnc2ncn1Cc1nc(C2C3C=C(c4ccccc4)CC32)no1,2,3
POOZHORJSHQJIX-ZMSDIMECSA-N,O=c1c2[nH]cnc2ncn1Cc1nc(C2C3C=C(c4ccccc4)CC32)no1,2,3
PPBOSWYXLDLTQR-NRFANRHFSA-N,O=C(NCc1cn(-c2ccccc2)c(=O)[nH]c1=O)C1CCCN1S(=O)(=O)c1cc2ccccc2o1,2,0
PPHJNQDDPYIFET-UHFFFAOYSA-N,c1ccc(-c2ccc3[nH]ncc3c2)cc1,2,4
PPPUCVVATHINGW-UHFFFAOYSA-N,O=C(CNS(=O)(=O)c1ccccc1)NCC1CCCN(c2ccccc2)C1,2,1
PQLZHXGPCNTDOI-GXTWGEPZSA-N,O=c1c2ccnn2ncn1Cc1nc(C2COC(c3ccccc3)C2)no1,2,4
PQNMHUNFLUYLPR-LBPRGKRZSA-N,O=C(Cn1cnc2[nH]c(=O)[nH]c(=O)c21)Nc1csc(-c2cccnc2)n1,2,3
PQPWYVUBQBVNIU-UHFFFAOYSA-N,O=C(NCC(Cc1ccccc1)N1CCCCC1)C1CCCCC1,2,2
PRCKQIDYJROCLA-HXOBKFHXSA-N,O=C(NCc1cccc(-c2cncnc2)c1)C12CC1CCN2S(=O)(=O)c1ccccc1,2,0
PRDXUIGUMMDGBL-UHFFFAOYSA-N,c1ccc(-c2ccc3[nH]ncc3c2)cc1,2,4
PTCXTLVNQCOOLJ-AAJLLMFJSA-N,O=c1c2[nH]cnc2ncn1Cc1nc(C2C3C=C(c4ccccc4)CC32)no1,2,3
PTLJHZYZENAFPY-ZLPCBKJTSA-N,O=C(Cn1cnc2[nH]c(=O)[nH]c(=O)c21)Nc1cncc(-c2ccc(N3CC4CC4C3)nc2)n1,2,2
PUBSTYZERDDJIW-UHFFFAOYSA-N,O=C1C2=C(NC(=S)NC2c2ccccc2)c2ccccc21,2,2
PUOGINDCHOJOMG-APWZRJJASA-N,O=C(NCc1cc(N2CCCCC2)ncn1)C1CCCN1S(=O)(=O)c1ccccc1,2,3
PVBIJCUQCJVLAL-UHFFFAOYSA-N,O=C(Cn1cnc2[nH]c(=O)n(Cc3ccccn3)c(=O)c21)Nc1csc(-c2cncnc2)n1,2,0
PVFZUNSYFRTUGN-OIBJUYFYSA-N,c1csc(CC2CCCCC2)n1,2,0
PVJKXHORDRYXDV-UHFFFAOYSA-N,O=c1c2[nH]ncc2ncn1Cc1nn(CCc2ccccc2)c(=O)o1,2,1
PVRXMDUFHCZPHZ-UHFFFAOYSA-N,c1ccc(-c2ccc3[nH]ncc3c2)cc1,2,4
PWBYWHFGCWTQNI-VQTJNVASSA-N,O=c1c2[nH]cnc2ncn1Cc1nc(C2COC(c3ccc(-c4ccccc4)cc3)C2)no1,2,2
PXCDDIGJGSYRSZ-FOLVSLTJSA-N,O=c1c2[nH]cnc2ncn1Cc1nc(C2C3CN(c4ccccc4)CC32)no1,2,0
PXCDDIGJGSYRSZ-MIFYACCESA-N,O=c1c2[nH]cnc2ncn1Cc1nc(C2C3CN(c4ccccc4)CC32)no1,2,0
PXDPFFKXKJQMBY-LBPRGKRZSA-N,O=c1c2ccoc2ncn1Cc1nnn(CCc2cc3ccccc3s2)n1,2,2
PXDWCZGBDFEEIA-DTCTWCMCSA-N,c1ccncc1,2,3
PXKKQBVIUIPCPW-NNGSBXSVSA-N,O=C(Cn1cnc2[nH]c(=O)[nH]c(=O)c21)Nc1cccc(-c2cnc(N3CC4CC4C3)nc2)n1,2,2
PXMFTABUBQFGMP-CTNGQTDRSA-N,O=C(NCc1cccc(-c2cccnc2)c1)C1CCCN1S(=O)(=O)c1ccccc1,2,0
PXSJGBKABVHIIW-CTNGQTDRSA-N,O=C(NCc1cc(-c2ccccc2)ncn1)C1CCC1S(=O)(=O)c1ccccc1,2,3
PXSQFGAZGBJIGE-ZRCAFCQKSA-N,O=C(NCc1cccc(-c2cncnc2)c1)C1C2CC2CN1S(=O)(=O)c1ccccc1,2,1
PYCVZEBMKNOBEX-MUWWLHTESA-N,O=c1c2[nH]nnc2ncn1Cc1nc(C2CC(c3ccccc3)C2)no1,2,1
PYFKLAFILPDHPW-JSGCOSHPSA-N,O=C(Cn1cnc2[nH]c(=O)[nH]c(=O)c21)Nc1ccnc(-c2cnc(N3CCCC3)nc2)n1,2,1
PYQZVIOQEOMABN-UHFFFAOYSA-N,O=C(Cc1nsc2[nH]c(=O)[nH]c(=O)c12)Nc1nc(-c2ccccc2)cs1,2,2
PYUVYRLBAXWGIL-UZLBHIALSA-N,O=C(NCc1cccc(-c2cnccn2)c1)C1CCCN1S(=O)(=O)c1ccccc1,2,0
PYVHWBPRXXCCKR-UHFFFAOYSA-N,c1ccc(Nc2n[nH]c3ccncc23)cc1,2,4
PYVKWHMGOQLKRH-ZHRRBRCNSA-N,O=C(NCc1cc(-c2ccccc2)ccn1)C1CCCN1S(=O)(=O)c1ccccc1,2,0
PZLMINJQTMOPFT-UHFFFAOYSA-N,O=c1c2cccnc2ncn1Cc1nn(CCc2ccccc2)c(=O)o1,2,1
PZZQZTSBVOVKIW-WCQYABFASA-N,O=c1c2[nH]cnc2ncn1Cc1nc(C2COC(c3ccccc3)C2)no1,2,2
QACBGXXAWHQEGV-CYGMFBECSA-N,O=C(NCc1cccc(C2CCCCN2)c1)C1CCCN1S(=O)(=O)c1ccccc1,2,3
QAGFMEUYWNRVKG-ZDUSSCGKSA-N,O=C(Cn1cnc2[nH]c(=O)n(Cc3ccccn3)c(=O)c21)Nc1ccnc(-c2cncnc2)n1,2,4
QANDLGIRCKMBGX-UHFFFAOYSA-N,O=C(Cc1cccc2[nH]c(=O)[nH]c(=O)c12)Nc1nc(-c2ccccc2)cs1,2,3
QAYYDMWAJXHPGT-GXFFZTMASA-N,O=c1c2[nH]cnc2ncn1Cc1nc(C2COC(c3ccccn3)C2)no1,2,2
QBTYAOFNADKROF-CMPLNLGQSA-N,c1cncc(CC2CCCCC2)c1,2,0
QBWAUZYYCCITQO-XLIONFOSSA-N,O=C(NCc1cc(-c2cncnc2)ccn1)C1CCCN1S(=O)(=O)c1ccccc1,2,3
QCMMBGNFTCWHKV-UHFFFAOYSA-N,O=C(Cn1cnc2[nH]c(=O)n(Cc3ccccn3)c(=O)c21)Nc1cccc(-c2ccccc2)n1,2,2
QCOUAXOJJUTRGN-HIFPTAJRSA-N,O=C(Cn1cnc2[nH]c(=O)[nH]c(=O)c21)Nc1csc(-c2cnc(N3CC4CC4C3)nc2)n1,2,4
QCPBLUBTTYBKFC-UTKZUKDTSA-N,O=C(NCc1cc(-c2cccnc2)ccn1)C1CCCN1S(=O)(=O)c1ccccc1,2,1
QEHXVVXHOKWNFT-SWLSCSKDSA-N,O=c1c2[nH]nnc2ccn1Cc1nc(C2COC(c3ccccc3)C2)no1,2,3
QEIWOHNHKVKLRF-UHFFFAOYSA-N,O=C(Cc1coc2[nH]c(=O)[nH]c(=O)c12)Nc1nc(-c2ccccc2)cs1,2,4
QFPHKALUCGSAJI-UHFFFAOYSA-N,O=c1c2cccnc2ncn1Cc1nc(CCc2cccnc2)no1,2,2
QGFCPNANNXPVLI-IPVJXJPOSA-N,O=c1c2ccncc2ncn1Cc1nc(C2CC(c3ccccc3)C2)no1,2,3
QGHXAKRXUBZBBB-DZGCQCFKSA-N,O=c1c2[nH]cnc2ncn1Cc1nc(C2COC(c3ccccc3)C2)no1,2,2
QGIXOJCLJSPCPO-UHFFFAOYSA-N,c1ccc(Nc2n[nH]c3cccnc23)cc1,2,1
QHVGCPFDRYRMLN-UHFFFAOYSA-N,c1ccc(-c2cn3ccccc3n2)cc1,2,4
QIFKHTVCZJXBND-JEYLPNPQSA-N,O=C(Cn1cnc2[nH]c(=O)[nH]c(=O)c21)Nc1csc(-c2ccc(N3CC4CC4C3)nc2)n1,2,2
QIGKWJVPNDRBKA-UHFFFAOYSA-N,O=C(Cn1cnc2[nH]c(=O)[nH]c(=O)c21)Nc1cccc(-c2cccnc2)n1,2,0
QIJQKBGRRGZXRH-SIKLNZKXSA-N,O=C(NCc1cc(-c2cccnc2)ncn1)C1CCCN1S(=O)(=O)c1ccccc1,2,0
QITDMZAZRQGDJZ-UHFFFAOYSA-N,c1ccc(Nc2n[nH]c3cccnc23)nc1,2,0
QJBLCHBIHYCOJP-UHFFFAOYSA-N,O=c1c2cccnc2ncn1Cc1noc(CCc2ccccc2)n1,2,2
QJJFPLPNPVMYFT-CTNGQTDRSA-N,O=C(NCc1cccc(-c2cccnc2)c1)C1CCCN1S(=O)(=O)c1ccccc1,2,0
QJUQOEKFYBXEIS-UHFFFAOYSA-N,O=c1c2[nH]cnc2ncn1Cc1nn(CCc2cccc(-c3ccccc3)c2)c(=O)o1,2,3
QJVZVWLHLYIOEK-GTPINHCMSA-N,O=C(Cn1cnc2[nH]c(=O)[nH]c(=O)c21)Nc1cccc(-c2cnc(N3CC4CC4C3)nc2)n1,2,2
QKSNPPVPWNLCLK-UHFFFAOYSA-N,O=C(Cn1ncc2[nH]c(=O)[nH]c(=O)c21)Nc1nc(-c2ccccc2)cs1,2,2
QLMOPODZXCOESC-UHFFFAOYSA-N,O=C(Cn1cnc2[nH]c(=O)[nH]c(=O)c21)Nc1csc(-c2cccnc2)n1,2,3
QLSIFRFNRJHECP-SMDDNHRTSA-N,O=c1c2[nH]cnc2ncn1Cc1nc(C2COC(c3ccccc3)C2)no1,2,2
QLZXIMYXMVOVAQ-NZQKXSOJSA-N,O=C(NCc1cccc(-c2cnccn2)c1)C1CCCN1S(=O)(=O)c1ccccc1,2,0
QMAFBTYWSLPNQI-DZGCQCFKSA-N,O=c1cc2c(=O)n(Cc3nc(C4COC(c5ccccc5)C4)no3)ncn2cn1,2,3
QMEGSSYRFUWZDE-GXTWGEPZSA-N,O=C(Cn1cnc2[nH]c(=O)[nH]c(=O)c21)Nc1csc(-c2cnc(N3CCCC3)nc2)n1,2,1
QMEGSSYRFUWZDE-JSGCOSHPSA-N,O=C(Cn1cnc2[nH]c(=O)[nH]c(=O)c21)Nc1csc(-c2cnc(N3CCCC3)nc2)n1,2,1
QMNDHOHVKPZQCS-HUUCEWRRSA-N,c1ccc(NC2CCCCC2)cc1,2,2
QNQAJPYYMAPRBO-UHFFFAOYSA-N,c1ccc(Nc2n[nH]c3ccccc23)cc1,2,3
QNSDSXCPSVTCKK-YBVWCTEOSA-N,O=C(NCc1cc(-c2ccccc2)ncn1)C1C2CCC(C2)N1S(=O)(=O)c1ccccc1,2,1
QNZGMOZJDBNRKF-LBPRGKRZSA-N,O=c1c2ccoc2ncn1Cc1nnn(CCc2cc3ccccc3o2)n1,2,4
QNZKHXHWRNJPBD-UHFFFAOYSA-N,c1ccccc1,2,1
QOENQLQNUIKJBK-UHFFFAOYSA-N,O=c1c2cccnc2ncn1Cc1nn(CCc2ccccc2)c(=O)o1,2,1
QOKKWJMBTXOPEN-UHFFFAOYSA-N,O=C(Cn1cnc2ccccc2c1=O)NCCc1ccccc1,2,4
QOZZBCIPYXNJCK-ZIAGYGMSSA-N,c1ccc2c(c1)CCN2C1CCCCC1,2,3
QPCKSJFZJVXDFA-LBPRGKRZSA-N,O=c1c2ccsc2ncn1Cc1nnn(CCc2ccccc2)n1,2,1
QQQSONYYTGJIQO-UHFFFAOYSA-N,O=C(CNS(=O)(=O)c1ccccc1)NCC1CN(c2ccccc2)CCO1,2,3
QQQXKVCQXDRDNX-RXVVDRJESA-N,O=C(NCc1cccc(-c2cnccn2)c1)C1CCCN1S(=O)(=O)c1ccccc1,2,0
QRBXPSUERQTHLC-DZFIZOCASA-N,O=c1c2[nH]cnc2ncn1Cc1nc(C2C3CN(c4cccc(-n5cccn5)c4)CC32)no1,2,3
QRHSEUYZXNXRAQ-QFIPXVFZSA-N,O=C(NCc1cn(-c2ccccc2)c(=O)[nH]c1=O)C1CCCN1S(=O)(=O)c1cc2ccccc2o1,2,0
QSBZGESBJYBOBP-UHFFFAOYSA-N,O=C(Cc1csc2[nH]c(=O)[nH]c(=O)c12)Nc1nc(-c2ccccc2)cs1,2,1
QSDHOQUBCGWXAS-SWLSCSKDSA-N,O=c1c2cccnc2ncn1Cc1nc(C2COC(c3ccccc3)C2)no1,2,1
QSIHJBAJXYRZEP-FXAWDEMLSA-N,O=c1c2cnc(NC3CCNCC3)n2ncn1Cc1nc(C2COC(c3ccccc3)C2)no1,2,3
QSJDMPUWLQMDRL-ZETCQYMHSA-N,O=c1[nH]c(=O)c2[nH]cnc2[nH]1,2,2
QTHSTPFEORYFGF-UHFFFAOYSA-N,O=C(Cn1cnc2ccccc2c1=O)NCCc1ccccc1,2,4
QTRILORKJOOALG-KWUMSVIQSA-N,O=c1c2ccncc2ncn1Cc1nc(C2CC(c3ccccc3)C2)no1,2,3
QUAFNALOLHHWGL-MDZDMXLPSA-N,O=C(C=Cc1ccccc1)Nc1ccccc1,2,3
QUCBMVALSQJJDY-WIBUTAKZSA-N,O=C1C=C(CCC2CCCOO2)CCC1,2,4
QUPNHARNJUEBBN-UHFFFAOYSA-N,O=C(Cn1cnc2[nH]c(=O)n(Cc3ncno3)c(=O)c21)Nc1cccc(-c2cncnc2)n1,2,3
QUTZFRWPAJBYPD-UHFFFAOYSA-N,O=C(Cn1cnc2[nH]c(=O)[nH]c(=O)c21)Nc1cncc(-c2cccnc2)n1,2,3
QVLFKDKVSWBVHB-LBPRGKRZSA-N,O=C(Cn1cnc2[nH]c(=O)n(Cc3ccon3)c(=O)c21)Nc1cncc(-c2cncnc2)n1,2,1
QVRQGKMJHZNDPL-SMDDNHRTSA-N,O=c1c2ccnn2ncn1Cc1nc(C2COC(c3ccccn3)C2)no1,2,0
QWBWILDFODWOBE-HUUCEWRRSA-N,O=c1c2[nH]cnc2ncn1Cc1nc(C2CCC(c3ccccc3)C2)no1,2,1
QWHBACLOOIUCGE-QGZVFWFLSA-N,S=C1Nc2c(oc3ccccc23)C(c2ccccc2)N1,2,0
QWJYOLGDDWGWEX-WOSRLPQWSA-N,O=c1c2[nH]cnc2ncn1Cc1nc(C2C3C=C(c4ccccc4)CC32)no1,2,3
QWLNQFWDSVBLQX-SWLSCSKDSA-N,O=c1c2cccnc2ncn1Cc1nc(C2COC(c3ccccc3)C2)no1,2,1
QWTDNAJECWPVJB-UHFFFAOYSA-N,c1ccc(-c2cn3ccccc3n2)cc1,2,4
QWTRKWBGKUSEGF-XLIONFOSSA-N,O=C(NCc1cnn(-c2ccccc2)c1)C1CCCN1S(=O)(=O)c1ccccc1,2,4
QXACEHWTBCFNSA-SFQUDFHCSA-N,c1ccccc1,2,1
QXBQEVYVRMWQJO-JQRITLKVSA-N,O=C(Cn1cnc2[nH]c(=O)[nH]c(=O)c21)Nc1csc(-c2cnc(N3CC4CC4C3)nc2)n1,2,4
QXBSEULNTNAFNO-UHFFFAOYSA-N,S=C1Nc2c(oc3ccccc23)C(c2ccccc2)N1,2,0
QXLPITFISDKGCL-LBPRGKRZSA-N,O=c1c2ccsc2ncn1Cc1nnn(CCc2cc3ccccc3s2)n1,2,4
QXOZMIUQRZZTIE-UHFFFAOYSA-N,O=C(CNC(=O)c1ccccc1)c1ccccc1,2,2
QXUVGAUHCZPSAQ-FOLVSLTJSA-N,O=c1c2[nH]cnc2ncn1Cc1nc(C2C3CN(c4ccccc4)CC32)no1,2,0
QYYUODQVSQCLPQ-BBRMVZONSA-N,O=C(Cn1cnc2[nH]c(=O)[nH]c(=O)c21)Nc1csc(-c2cnc(N3CCCC3)nc2)n1,2,1
QZGNCRICQIDMHW-UHFFFAOYSA-N,c1ccc(-c2cn3ccccc3n2)cc1,2,4
QZOIMDCJCAKBGQ-UHFFFAOYSA-N,O=C(CNC(=O)c1cn[nH]c1)c1ccc2nonc2c1,2,3
RAFUPNMBANCSLG-YEORSEQZSA-N,O=c1c2[nH]cnc2ncn1Cc1nc(C2CC(Oc3ccccc3)C2)no1,2,0
RAHSUIGYUWDUOC-UHFFFAOYSA-N,O=c1[nH]c(=O)c2[nH]cnc2[nH]1,2,2
RAQSTFBWMXLVQS-UHFFFAOYSA-N,c1ccccc1,2,1
RBMMABICGHVJIJ-AWEZNQCLSA-N,O=C(Cn1cnc2[nH]c(=O)n(Cc3ccon3)c(=O)c21)Nc1ccnc(-c2cccnc2)n1,2,4
RBQDBKBBFFUJHV-UHFFFAOYSA-N,O=c1c2[nH]cnc2ncn1Cc1nn(CCc2ccccc2)c(=O)o1,2,1
RBQQXOROSFEGNT-WCQYABFASA-N,O=c1c2[nH]cnc2ncn1Cc1nc(C2COC(c3ccccc3)C2)no1,2,2
RDUIENCYZRNFOI-UHFFFAOYSA-N,c1ccc2[nH]c(-c3n[nH]c4ccccc34)cc2c1,2,0
RDUWGQOSDSCPEY-DIBXZPPDSA-N,O=C(Cc1[nH]nc2[nH]c(=O)[nH]c(=O)c12)N=c1[nH]c(-c2ccccc2)cs1,2,0
RDZDOAHPYMGFTF-GOEBONIOSA-N,O=c1c2[nH]cnc2ncn1Cc1nc(C2COC(c3ccccc3)C2)no1,2,2
RELPPOJGGXOECP-UHFFFAOYSA-N,c1ccc(Oc2nccc3[nH]ccc23)cc1,2,0
REOZWEGFPHTFEI-JKSUJKDBSA-N,C1=CC(c2ccccc2)CCC1,2,0
REQIGSAIGZEBIL-HNNXBMFYSA-N,O=C(Cn1cnc2[nH]c(=O)n(Cc3ccon3)c(=O)c21)Nc1csc(-c2cncnc2)n1,2,0
REQRXYTVHDTROQ-QWPOMPHKSA-N,c1ccccc1,2,1
RFVGHGUGSAAXTQ-IERDGZPVSA-N,O=C(NCc1cc(N2CCCCC2)ccn1)C1CCCN1S(=O)(=O)c1ccccc1,2,2
RFWQIWOJUKZICG-UHFFFAOYSA-N,O=C(CNC(=O)c1ccccc1)c1ccccc1,2,2
RFXWMKXVVDBBLS-UHFFFAOYSA-N,O=c1c2[nH]ccc2ncn1Cc1nn(CCc2ccccc2)c(=O)o1,2,0
RGGJFJAOYSJEKN-JOCQHMNTSA-N,O=c1c2[nH]cnc2ncn1Cc1nc(C2CC(c3ccccc3)C2)no1,2,4
RGXNECXVRZKGGH-UOXRKKOCSA-N,O=C(NCc1ccnc(-c2cncnc2)c1)C1CCCN1S(=O)(=O)c1ccccc1,2,0
RHMHJTBKWCHRFJ-LBPRGKRZSA-N,O=C(Cn1cnc2[nH]c(=O)n(Cc3ncon3)c(=O)c21)Nc1cncc(-c2cccnc2)n1,2,1
RHXMMXJMSUZJGT-MNNVXMFVSA-N,O=C(Cn1cnc2[nH]c(=O)[nH]c(=O)c21)Nc1cccc(-c2ccc(N3CC4CC4C3)nc2)n1,2,3
RIIXXVBMCUBPDJ-SHTZXODSSA-N,O=c1c2cccnc2ncn1Cc1nc(C2CC(c3ccccc3)C2)no1,2,2
RIUFXWHYQAUEAO-UHFFFAOYSA-N,c1ccc(-c2n[nH]c3ccccc23)cc1,2,2
RJMWAUREFQUJOV-LBPRGKRZSA-N,O=c1c2ccsc2ncn1Cc1nnn(CCc2ccc3occc3c2)n1,2,3
RKBDDOAOYHMXHG-HDJSIYSDSA-N,O=c1c2cccnc2ncn1Cc1nc(C2CC(c3ccccc3)C2)no1,2,2
RKBSUEKOOGJZRP-KUHUBIRLSA-N,O=C(NCc1cc(-c2cncnc2)ccn1)C1CCCN1S(=O)(=O)c1ccccc1,2,3
RKGSVRATVWYWQZ-XLIONFOSSA-N,O=C(NCc1cc(-c2cccnc2)ccn1)C1CCCN1S(=O)(=O)c1ccccc1,2,1
RKUSVOSNDTWJFP-QFIPXVFZSA-N,O=C(NCc1c[nH]c(=O)c(-c2cccnc2)c1)C1CCCN1S(=O)(=O)c1cc2ccccc2o1,2,2
RLCFIKQUNAVFSB-UHFFFAOYSA-N,O=C(Cc1cccc2[nH]c(=O)[nH]c(=O)c12)Nc1nc(-c2ccccc2)cs1,2,3
RLSJFZMRRVZYOG-UHFFFAOYSA-N,O=C(Cc1cccc2[nH]c(=O)[nH]c(=O)c12)Nc1nc(-c2ccccc2)cs1,2,3
RMLPFNIHAZOFIL-SIKLNZKXSA-N,O=C(NCc1cc(-c2cccnc2)ncn1)C1CCCN1S(=O)(=O)c1ccccc1,2,0
RMPXORPOMZZYAM-UHFFFAOYSA-N,O=C(NCC(Cc1ccccc1)N1CCCCC1)c1nccs1,2,2
RMQZLRRVWCKZAT-UHFFFAOYSA-N,O=C(Cn1cnc2[nH]c(=O)n(Cc3ccon3)c(=O)c21)Nc1cccc(N2CC3CC3C2)n1,2,1
RNTNRGPOXWZFSV-HHCCDPJTSA-N,O=c1c2ccnn2ncn1Cc1nc(C2CC(c3ccccc3)C2)no1,2,0
RNUOFBBBPCXGHG-QLPKVWCKSA-N,O=c1c2[nH]cnc2ncn1Cc1nc(C2C3CN(c4ccccc4)CC32)no1,2,0
RONHBRICLKDFKA-CTYIDZIISA-N,O=c1c2cccnc2cnn1Cc1nn(C2CC(c3ccccc3)C2)c(=O)o1,2,0
ROPFVCZNOGJJTP-FOLVSLTJSA-N,O=c1c2[nH]cnc2ncn1Cc1nc(C2C3CN(c4ccccc4)CC32)no1,2,0
ROWLJZVZKLFWIP-ZDUSSCGKSA-N,O=C1NCCc2c1sc1ncn(Cc3nnn(CCc4cc5ccccc5o4)n3)c(=O)c21,2,3
RPCAQDVUXPFSNA-CDKJVOIVSA-N,c1ccccc1,2,1
RPYNGOUXKHDDOG-APWZRJJASA-N,O=C(NCc1cccc(-n2cccn2)c1)C1CCCN1S(=O)(=O)c1ccccc1,2,2
RQNFZQNZWILBEE-QUCCMNQESA-N,O=C(NCc1cccc(-c2cncnc2)c1)C1CCCN1S(=O)(=O)c1ccccc1,2,0
RQQAWKCHVMJSHO-MNZLEMJZSA-N,O=c1c2cccnc2cnn1Cc1nc(C2C3CN(c4ccccc4)CC32)no1,2,4
RQRSHGKVUVLTGC-SHTZXODSSA-N,O=c1c2cccnc2ncn1Cc1nc(C2CC(c3ccccc3)C2)no1,2,2
RQYJNYUPQSRKEX-ZDUSSCGKSA-N,O=C(Cn1cnc2[nH]c(=O)n(Cc3ccon3)c(=O)c21)Nc1cccc(-c2cncnc2)n1,2,3
RROFQCPRKWVHAS-UHFFFAOYSA-N,O=C(Cn1cnc2ccccc2c1=O)NCCc1ccccc1,2,4
RRTAHZNWVCULQP-UHFFFAOYSA-N,O=C(Nc1cccc(NCc2cccs2)c1)c1cccs1,2,1
RSEKKORVKIXWHN-BXHXUVEDSA-N,O=c1c2[nH]cnc2ncn1Cc1nc(C2CC(c3ccccc3)C2)no1,2,4
RSSHXKVUURRAKX-GFCCVEGCSA-N,O=c1c2[nH]cnc2ncn1Cc1nn(CCc2ccccc2)c(=O)o1,2,1
RSSHXKVUURRAKX-LBPRGKRZSA-N,O=c1c2[nH]cnc2ncn1Cc1nn(CCc2ccccc2)c(=O)o1,2,1
RTOPZEJDITVXGI-MNZLEMJZSA-N,O=c1c2cccnc2cnn1Cc1nc(C2C3CN(c4ccccc4)CC32)no1,2,4
RTYUVVPWNPBAAI-SIKLNZKXSA-N,O=C(NCc1cc(-c2cccnc2)ncn1)C1CC2(CC2)CN1S(=O)(=O)c1ccccc1,2,3
RUDSKJYIDUAKKF-HNNXBMFYSA-N,O=c1c2ccsc2ncn1Cc1nc(CCc2ccccc2)no1,2,4
RUTDIBPJABTBIH-JOCQHMNTSA-N,O=c1c2[nH]cnc2ncn1Cc1nc(C2CC(c3ccccc3)C2)no1,2,4
RVDABDCXJORPND-UHFFFAOYSA-N,O=c1oc(Cc2cnc3sccn3c2=O)nn1CCc1ccccc1,2,2
RVGJWMWMMBRESO-LBPRGKRZSA-N,O=c1c2ccsc2ncn1Cc1nc(CCc2ccccc2)no1,2,4
RVMLSWRWPJDAMD-UHFFFAOYSA-N,O=C(Cc1cccc2[nH]c(=O)[nH]c(=O)c12)Nc1nc(-c2ccccc2)cs1,2,3
RWCHXWRYBIRFNE-UHFFFAOYSA-N,O=C(Cc1coc2[nH]c(=O)[nH]c(=O)c12)Nc1nc(-c2ccccc2)cs1,2,4
RWIAKYVGVKDIRP-SWLSCSKDSA-N,c1ccc2c(CC3CCCCC3)c[nH]c2c1,2,0
RXBHBVLYZQAGOZ-KOMQPUFPSA-N,O=c1c2cccnc2ncn1Cc1nn(C2CC(c3ccccc3)C2)c(=O)o1,2,2
RXCHUXFWVPCBNN-UHFFFAOYSA-N,O=C(Cc1cccc2c1C(=O)NC2=O)Nc1nc(-c2ccccc2)cs1,2,0
RXDLQMSQKRAFKY-SWLSCSKDSA-N,O=c1ncn(Cc2nc(C3COC(c4ccccc4)C3)no2)c2ncccc12,2,4
RYOHHCGMNJEVIR-UHFFFAOYSA-N,O=C(Cn1cnc2[nH]c(=O)[nH]c(=O)c21)Nc1ccnc(-c2cnc(N3CC4CC4C3)nc2)n1,2,3
RYUCFDWWFHXUHD-UXHICEINSA-N,O=C(Cc1cnn(-c2ccccc2)c1)NC1CCC1S(=O)(=O)c1ccccc1,2,2
RZMBEUPDQABNNP-LSKLOWJMSA-N,O=C(NCc1ccnc(-c2cncnc2)c1)C1CCCN1S(=O)(=O)c1ccccc1,2,0
SABAYCWPZHQHKG-NFOMZHRRSA-N,O=C(Cn1cnc2[nH]c(=O)[nH]c(=O)c21)Nc1csc(-c2cnc(N3CC4CC4C3)nc2)n1,2,4
SAMJQPAXJHTPPP-UHFFFAOYSA-N,O=c1c2cccnc2ncn1Cc1nc(CCc2ccccc2)no1,2,2
SBACLEGKEWSXLI-UHFFFAOYSA-N,O=C(Cc1coc2[nH]c(=O)[nH]c(=O)c12)Nc1nc(-c2ccccc2)cs1,2,4
SBWZTTUKCJUALE-SWLSCSKDSA-N,O=c1c2cccnc2ncn1Cc1nc(C2COC(c3ccccc3)C2)no1,2,1
SCDFLVQWVCBTRY-UHFFFAOYSA-N,O=c1c2[nH]cnc2ncn1Cc1nn(CCc2ccc(-c3ccccc3)cc2)c(=O)o1,2,2
SCMGPSOKSOKBBN-XLIONFOSSA-N,O=C(NCc1cccc(-c2cccnn2)c1)C1CCCN1S(=O)(=O)c1ccccc1,2,3
SCPVZTYGMSQVAC-XMCHAPAWSA-N,O=C(NCc1cc(-c2cccnc2)ncn1)C1CC2CC2N1S(=O)(=O)c1ccccc1,2,4
SDKINESYISJNHI-UHFFFAOYSA-N,O=C(CNC(=O)c1ccccc1)c1ccccc1,2,2
SEGWTDQQCHLCHX-IRBZQWRBSA-N,O=C(NCc1cc(-c2ccccc2)ncn1)C1CC2COCC2N1S(=O)(=O)c1ccccc1,2,0
SEGWTDQQCHLCHX-XARZLDAJSA-N,O=C(NCc1cc(-c2ccccc2)ncn1)C1CC2COCC2N1S(=O)(=O)c1ccccc1,2,0
SELZLURRXNIGSN-JXFKEZNVSA-N,O=C(Cn1cnc2[nH]c(=O)n(Cc3ccon3)c(=O)c21)Nc1cccc(-c2cnc(N3CCCC3)nc2)n1,2,2
SEZSWZYJAHZVBQ-UHFFFAOYSA-N,O=C(Cc1cccc2[nH]c(=O)[nH]c(=O)c12)Nc1nc(-c2ccccc2)cs1,2,3
SFIQAZWEBFWFFD-JTQLQIEISA-N,O=C(Cn1cnc2[nH]c(=O)n(Cc3ncno3)c(=O)c21)Nc1cncc(-c2cncnc2)n1,2,3
SFQUEYCZYVQMRY-CTYIDZIISA-N,O=c1c2cccnc2ncn1Cc1nn(C2CC(c3ccccc3)C2)c(=O)o1,2,2
SFVBXBHHOGKJEW-RQJWMODNSA-N,O=C1C2NC=NC2N=CN1Cc1nc(C2COC(c3ccccc3)C2)no1,2,4
SGCZWBXKGMRYGM-XOIINTDNSA-N,O=c1c2[nH]cnc2ncn1Cc1nc(C2C3CC2CN(c2ccccc2)C3)no1,2,2
SGEZELHMEQVNFY-NRFANRHFSA-N,O=C(NCC(Cc1ccccc1)N1CCCCC1)C1(c2ccccc2)CC1,2,1
SGEZELHMEQVNFY-OAQYLSRUSA-N,O=C(NCC(Cc1ccccc1)N1CCCCC1)C1(c2ccccc2)CC1,2,1
SGEZELHMEQVNFY-UHFFFAOYSA-N,O=C(NCC(Cc1ccccc1)N1CCCCC1)C1(c2ccccc2)CC1,2,1
SHEZWPJUOWPXDN-UHFFFAOYSA-N,O=C(Cc1cccc2[nH]c(=O)[nH]c(=O)c12)Nc1nc(-c2ccccc2)cs1,2,3
SHLKDPMPLSENMB-UHFFFAOYSA-N,O=C(Cn1ccc2[nH]c(=O)[nH]c(=O)c21)Nc1nc(-c2ccccc2)cs1,2,1
SHSSNEIQZDUKEK-LISNJYIYSA-N,O=C(Cc1csc2[nH]c(=O)[nH]c(=O)c12)N=c1[nH]c(-c2ccccc2)cs1,2,4
SIHRXNYLUBLFFN-UZLBHIALSA-N,O=C(NCc1cccc(-c2cccnn2)c1)C1CCCN1S(=O)(=O)c1ccccc1,2,3
SILAPDUQPMKZOP-MQMHXKEQSA-N,O=c1c2[nH]cnc2cnn1Cc1nn(C2CC(c3ccccc3)C2)c(=O)o1,2,0
SIVFQWBIRYGTTL-GXTWGEPZSA-N,O=c1c2ccnn2ncn1Cc1nc(C2COC(c3ccccc3)C2)no1,2,4
SJAIVGYRWIRMMF-UHFFFAOYSA-N,O=C(CNC(=O)c1ccccc1)c1ccccc1,2,2
SJUCKSBEIQPXBE-IGCXYCKISA-N,O=c1c2[nH]cnc2ncn1Cc1nc(C2C3C=C(c4ccccc4)CC32)no1,2,3
SJUCKSBEIQPXBE-OGHNNQOOSA-N,O=c1c2[nH]cnc2ncn1Cc1nc(C2C3C=C(c4ccccc4)CC32)no1,2,3
SJYUOIRAPYIRKY-MQMHXKEQSA-N,O=c1c2[nH]cnc2ncn1Cc1nn(C2CC(c3ccccc3)C2)c(=O)o1,2,0
SKHDURSNHJWXRZ-UHFFFAOYSA-N,c1ccccc1,2,1
SKJSBHKZBFLKPZ-MNZLEMJZSA-N,O=c1c2[nH]cnc2ncn1Cc1nc(C2C3CN(c4ccc5[nH]ccc5c4)CC32)no1,2,4
SKLLQNALHJGISD-UKRRQHHQSA-N,O=c1c2[nH]cnc2ncn1Cc1nn(C2CCC(c3ccccc3)C2)c(=O)o1,2,0
SKTMPVUPTJNYLK-UHFFFAOYSA-N,c1ccc(-c2cn3ccccc3n2)cc1,2,4
SLALXZHBVOLRJL-PKOBYXMFSA-N,O=c1c2cnc(N3CCOCC3)n2ccn1Cc1nc(C2COC(c3ccccc3)C2)no1,2,2
SLNROIPXLUPVIJ-XLIONFOSSA-N,O=C(NCc1cnn(-c2ccccc2)c1)C1CCCN1S(=O)(=O)c1ccccc1,2,4
SLOODCSWMAVTSP-KWUMSVIQSA-N,O=c1c2cccnc2ncn1Cc1nc(C2CC(c3ccccc3)C2)no1,2,2
SLXXZLZVLVMTHQ-UHFFFAOYSA-N,O=C(Cn1ccc2[nH]c(=O)[nH]c(=O)c21)Nc1ccccc1,2,4
SMIMKERZYSZTRX-MNZLEMJZSA-N,O=c1c2cccnc2cnn1Cc1nc(C2C3CN(c4ccccc4)CC32)no1,2,4
SMINZQWEKSNLMB-UHFFFAOYSA-N,O=C(Nc1ccccc1)c1ccccc1,2,4
SMMFPASDMNZEDG-IERDGZPVSA-N,O=C(NCc1cc(-c2ccccc2)ncn1)C1CCCN1S(=O)(=O)c1ccccc1,2,1
SNLKVSGXSRSUAR-QFIPXVFZSA-N,O=C(NCc1cc(-c2cccnc2)ncn1)C1CCCN1S(=O)(=O)c1ccccc1,2,0
SNXTZGQKRRAGHG-HXOBKFHXSA-N,O=C(NCc1cccc(-c2cncnc2)c1)C12CC1CCN2S(=O)(=O)c1ccccc1,2,0
SOBJXYFMGNTIEM-JTQLQIEISA-N,O=c1c2ccsc2ncn1Cc1nc(CCc2ccccc2)no1,2,4
SOXPNOPOIIHWLL-APWZRJJASA-N,O=C(NCc1ccnc(-c2cccnc2)c1)C1CCCN1S(=O)(=O)c1ccccc1,2,0
SOYOXOXAXREIQP-UHFFFAOYSA-N,O=C1C2=C(NC(=S)NC2c2ccccc2)c2ccccc21,2,2
SPMLDYAYUULMCM-UHFFFAOYSA-N,c1ccc(Oc2nccc3ccccc23)cc1,2,3
SPQAQEDLUSSZTH-IPVJXJPOSA-N,O=c1c2cccnc2ncn1Cc1nc(C2CC(c3ccccc3)C2)no1,2,2
SPQGFWUNDMTMBR-UHFFFAOYSA-N,O=C(Cn1cnc2[nH]c(=O)n(Cc3ncno3)c(=O)c21)Nc1cccc(-c2cccnc2)n1,2,0
SQIWWIMCDCSDHP-ZDUSSCGKSA-N,O=C(Cn1cnc2[nH]c(=O)n(Cc3ccon3)c(=O)c21)Nc1cccc(-c2cccnc2)n1,2,3
SQNNYRWDFNZPBJ-CTTBUFIDSA-N,C=C1CCCC2C(CCC3CCCOO3)CCCC12,2,2
SRIXRPCMEOZYEY-UHFFFAOYSA-N,O=C(CCCCCCCCc1ccccc1)CCc1ccc2c(c1)OCO2,2,3
SRQGUJBYQSAYQR-CMPLNLGQSA-N,c1cc(CC2CCCCC2)cs1,2,4
SSFBTXCTOUIVNI-UHFFFAOYSA-N,O=C(NCc1cnn(-c2ccccc2)c1)C1CCCC1S(=O)(=O)c1ccccc1,2,2
SSJBHGRPQUDMCG-GXFFZTMASA-N,O=c1c2[nH]cnc2ncn1Cc1nc(C2COC(c3ccccc3)C2)no1,2,2
SSKORUNHYXULOP-SHTZXODSSA-N,O=c1c2[nH]cnc2ncn1Cc1nn(C2CC(c3ccccc3)C2)c(=O)o1,2,0
SSLPGGYMXROYIW-VYDXJSESSA-N,O=c1c2[nH]cnc2ncn1Cc1nc(C2C3C=C(c4ccccc4)CC32)no1,2,3
SSLPGGYMXROYIW-ZMSDIMECSA-N,O=c1c2[nH]cnc2ncn1Cc1nc(C2C3C=C(c4ccccc4)CC32)no1,2,3
SSONTNYBPYRIPQ-UHFFFAOYSA-N,c1ccccc1,2,1
SSRZLDGEGHSZEF-PANOFWHVSA-N,c1ccccc1,2,1
STVTVNLJAIJDGA-OOHWJJMZSA-N,O=C(Cn1cnc2[nH]c(=O)[nH]c(=O)c21)Nc1ccnc(-c2ccc(N3CC4CC4C3)nc2)n1,2,4
SUFJYKCRTUPWLF-JQRITLKVSA-N,O=C(Cn1cnc2[nH]c(=O)[nH]c(=O)c21)Nc1csc(-c2cnc(N3CC4CC4C3)nc2)n1,2,4
SUKMMEQGLYCHDO-WMLDXEAASA-N,O=c1c2ccncc2ncn1Cc1nc(C2COC(c3ccccc3)C2)no1,2,3
SUOFUNIWBNOTLX-UTKZUKDTSA-N,O=C(NCc1ccnc(-c2ccccc2)c1)C1CCCN1S(=O)(=O)c1ccccc1,2,2
SUQAOTIMESBARL-KDOFPFPSSA-N,O=C(NCc1cc(-c2cccnc2)ncn1)C1CCCN1S(=O)(=O)c1cccnc1,2,4
SUWXREOOEJAHMP-UHFFFAOYSA-N,O=C(Cn1cnc2[nH]c(=O)[nH]c(=O)c21)Nc1cncc(-c2cncnc2)n1,2,1
SVCDWQHTFLFQMQ-JTQLQIEISA-N,O=C(Cn1cnc2[nH]c(=O)[nH]c(=O)c21)Nc1cncc(-c2cncnc2)n1,2,1
SVTKBAIRFMXQQF-UHFFFAOYSA-N,c1ccc2c(c1)COc1ccccc1-2,2,0
SWYFCGPPXKEKNP-APWZRJJASA-N,O=C(NCc1ccnc(-c2cncnc2)c1)C1CCCN1S(=O)(=O)c1ccccc1,2,0
SXDANHSUZITSHM-GOEBONIOSA-N,O=c1ccn2c(=O)n(Cc3nc(C4COC(c5ccccc5)C4)no3)ccc2n1,2,0
SXGYZCMGVZKIPJ-GHMZBOCLSA-N,c1ccccc1,2,1
SXGYZCMGVZKIPJ-UHFFFAOYSA-N,c1ccccc1,2,1
SXJJZCCFGGSOJB-NLWGTHIKSA-N,O=c1c2cccnc2ncn1Cc1nc(C2C3C=C(c4ccccc4)CC32)no1,2,2
SXUKBNBSHRPWJJ-VFNWGFHPSA-N,O=C(NCc1cc(-c2ccccc2)ncn1)C1CCCN1S(=O)(=O)c1ccccc1,2,1
SYBZRZVYXNPFGS-UHFFFAOYSA-N,c1ccccc1,2,1
SZBPQYFWTGZAMC-NRFANRHFSA-N,O=C(NCc1cc(-c2cccnc2)ncn1)C1CCN1S(=O)(=O)c1ccccc1,2,4
SZCCBJJJEASGND-QLPKVWCKSA-N,O=c1c2[nH]cnc2ncn1Cc1nc(C2C3CN(c4ccccc4)CC32)no1,2,0
SZOFJGFPAKXGKY-UHFFFAOYSA-N,O=c1c2cncnc2ncn1Cc1nc(CCc2ccccc2)no1,2,2
TUAFGKSMMBBDOF-LBPRGKRZSA-N,O=c1c2ccsc2ncn1Cc1nc(CCc2ccccc2)no1,2,4
TUFNPZJUMAECBK-NQIIRXRSSA-N,O=C(NCc1ccnc(-c2cccnc2)c1)C1CCCN1S(=O)(=O)c1ccccc1,2,0
TUTNHPYHAJGPKX-VFNWGFHPSA-N,O=C(NCc1cc(-c2ccccc2)ncn1)C1CCCN1S(=O)(=O)c1ccccc1,2,1
TVAIIHSCCMEHLG-UHFFFAOYSA-N,c1ccc(-c2ccc3[nH]ncc3c2)cc1,2,4
TVVQCFOIOIBUOF-UTKZUKDTSA-N,O=C(NCc1cccc(-c2cnccn2)c1)C1CCCN1S(=O)(=O)c1ccccc1,2,0
TVXKFCWCHZXPPB-KWUMSVIQSA-N,O=c1c2cccnc2ncn1Cc1nc(C2CC(c3ccccc3)C2)no1,2,2
TVZRIJSXZCQZFN-SJORKVTESA-N,O=C(NCc1cnn(-c2cccnc2)c1)C1CCC1S(=O)(=O)c1ccccc1,2,2
TWBKIWUMAUJIEJ-UHFFFAOYSA-N,c1ccc(-c2cn3ccccc3n2)cc1,2,4
TWFOTSFGMLZRBL-ZDUSSCGKSA-N,O=C(Cn1cnc2[nH]c(=O)n(Cc3ccccn3)c(=O)c21)Nc1cncc(-c2cncnc2)n1,2,0
TXKNNFBWMGCAIH-UHFFFAOYSA-N,c1ccc(-c2ccc3[nH]ncc3c2)cc1,2,4
TXNGOQOPLKBABO-UHFFFAOYSA-N,O=C(Cn1cnc2[nH]c(=O)[nH]c(=O)c21)Nc1csc(-c2cccnc2)n1,2,3
TXPGGPGYHNTFCB-UHFFFAOYSA-N,O=C1C2=C(NC(=S)NC2c2cccc(Oc3ccccc3)c2)c2ccccc21,2,4
TYJQINOLZPZTBH-VYDXJSESSA-N,O=c1c2[nH]cnc2ncn1Cc1nc(C2C3C=C(c4ccccc4)CC32)no1,2,3
TYJQINOLZPZTBH-ZMSDIMECSA-N,O=c1c2[nH]cnc2ncn1Cc1nc(C2C3C=C(c4ccccc4)CC32)no1,2,3
TYQOZUXGSCBNIH-ZMSDIMECSA-N,O=c1c2[nH]cnc2ncn1Cc1nc(C2C3C=C(c4ccccc4)CC32)no1,2,3
TYULVTOTCDEHCJ-UHFFFAOYSA-N,O=C(Cc1cccc2[nH]c(=O)[nH]c(=O)c12)Nc1nc(-c2ccccc2)cs1,2,3
TYVAUHSKNIQPSU-UHFFFAOYSA-N,O=C(Cn1cnc2[nH]c(=O)[nH]c(=O)c21)Nc1cccc(-c2cccnc2)n1,2,0
TZBQKXVWVGUNKE-NSHDSACASA-N,O=C(Cn1cnc2[nH]c(=O)n(Cc3ccon3)c(=O)c21)Nc1csc(-c2cncnc2)n1,2,0
TZHDABLSSVGCNR-CPNJWEJPSA-N,c1ccc(-c2ncoc2-c2ccccc2)cc1,2,3
TZLVKUCIPMWSSF-UHFFFAOYSA-N,O=C(Nc1ccccc1)c1cccs1,2,3
TZSFNLCUZPGZPC-HSBZDZAISA-N,O=C(Cn1cnc2[nH]c(=O)[nH]c(=O)c21)Nc1csc(-c2cnc(N3CC4CC4C3)nc2)n1,2,4
UAFOQTDIOJYBAK-LBPRGKRZSA-N,O=c1c2ccsc2ncn1Cc1nnn(CCc2cc3ccccc3o2)n1,2,4
UALSWYBQKGDEMG-FOLVSLTJSA-N,O=c1c2[nH]cnc2ncn1Cc1nc(C2C3CN(c4ccccc4)CC32)no1,2,0
UATIZTLPJAFMBY-UHFFFAOYSA-N,c1ccc(NC2CCC2)nc1,2,3
UATUZHBLNDHYJN-UHFFFAOYSA-N,O=C1C2=C(NC(=S)NC2c2ccccc2)c2ccccc21,2,2
UBDMNODMLSWLJU-UHFFFAOYSA-N,O=C(Cn1cnc2[nH]c(=O)[nH]c(=O)c21)Nc1csc(-c2cccnc2)n1,2,3
UBIGLFMMKSHTCL-XYPYZODXSA-N,O=c1c2[nH]cnc2ncn1Cc1nc(C2CC(c3ccccc3)C2)no1,2,4
UBLPTRCPCBWBQJ-MWLCHTKSSA-N,c1ccc(NC2CCCCC2)nc1,2,3
UBMQUDZBOKUCFG-UHFFFAOYSA-N,O=C(CNS(=O)(=O)c1ccccc1)NCc1cc(C2=CCCCC2)ncn1,2,2
UBMSHZLMEPQAEO-UZLBHIALSA-N,O=C(NCc1cc(-c2cccnc2)ccn1)C1CCCN1S(=O)(=O)c1ccccc1,2,1
UBNFGYAHASKHBP-DPGVGJJJSA-N,O=C(Cn1cnc2[nH]c(=O)n(CC3CCO3)c(=O)c21)Nc1csc(-c2cnc(N3CC4CC4C3)nc2)n1,2,0
UBPCAFJGUWNEMN-UHFFFAOYSA-N,O=C1NC2=C(C(=O)c3ccccc32)C(c2ccccc2)N1,2,1
UBUXWCVQTXCIQO-CTNGQTDRSA-N,O=C(NCc1cccc(-c2cncnc2)c1)C1CCCN1S(=O)(=O)c1ccccc1,2,0
UCDSHIQKQTZWPG-HBYGRHMLSA-N,O=c1c2[nH]cnc2ncn1Cc1nc(C2C3CN(c4ccccc4)CC32)no1,2,0
UCEMIMKHNJNYGN-GXTWGEPZSA-N,O=c1c2ccnn2ncn1Cc1nc(C2COC(c3ccccc3)C2)no1,2,4
UCJIHDPETWQPQU-JYAVWHMHSA-N,O=c1c2[nH]cnc2ncn1Cc1nc(C2C3CN(c4ccccn4)CC32)no1,2,3
UCKXLBXZQVVGPI-SWLSCSKDSA-N,O=c1ccc2c(=O)n(Cc3nc(C4COC(c5ccccc5)C4)no3)cnc2[nH]1,2,2
UDAGLRCWWLUKSE-ZETCQYMHSA-N,O=c1[nH]c2nc[nH]c2c(=O)n1Cc1ccon1,2,4
UDPABTBYLOLUHD-RUYXUALKSA-N,O=c1c2[nH]cnc2ncn1Cc1nc(C2C3CN(c4cccc(-c5cn[nH]c5)c4)CC32)no1,2,0
UEHUSIYUKHFKRV-PXNSSMCTSA-N,O=C(NCc1cc(-c2cccnc2)ncn1)C1CCCN1S(=O)(=O)c1ccccc1,2,0
UEHUSIYUKHFKRV-XLIONFOSSA-N,O=C(NCc1cc(-c2cccnc2)ncn1)C1CCCN1S(=O)(=O)c1ccccc1,2,0
UEIQIVZEFKXGRU-DZGCQCFKSA-N,O=c1ncn(Cc2nc(C3COC(c4ccccc4)C3)no2)c2ncccc12,2,4
UENMERGMSLVGMM-UHFFFAOYSA-N,O=c1c2[nH]cnc2ncn1Cc1nn(CCCOc2ccccc2)c(=O)o1,2,1
UFGFONRIHSHSQK-UHFFFAOYSA-N,O=C(Cn1cnc2[nH]c(=O)[nH]c(=O)c21)Nc1cncc(-c2cccnc2)n1,2,3
UFPYGNKXLRNGEZ-LBPRGKRZSA-N,O=c1c2ccsc2ncn1Cc1nc(CCc2cc3ccccc3o2)no1,2,1
UFWFBUMHAHPWIR-QFIPXVFZSA-N,O=C(NCc1cn(-c2ccccc2)c(=O)[nH]c1=O)C1C=CCN1S(=O)(=O)c1cc2ccccc2o1,2,4
UGCWKTVXXQNBBB-QMMMGPOBSA-N,O=c1[nH]c2nc[nH]c2c(=O)n1Cc1ccon1,2,4
UGLQOTZNBCEHHB-GXTWGEPZSA-N,O=c1c2[nH]cnc2ncn1Cc1nc(C2COC(c3ccccc3)C2)no1,2,2
UGNITJJEQSWNLC-FQEVSTJZSA-N,O=C(NCc1cc(-c2cccnc2)ncn1)C1CC2(CC2)CN1S(=O)(=O)c1ccccc1,2,3
UHFTVWYXWVHSRU-DEOSSOPVSA-N,O=C(NCc1cn(-c2ccccc2)c(=O)n(C2CCOCC2)c1=O)C1CCCN1S(=O)(=O)c1cc2ccccc2o1,2,2
UHKWFAINYHCAGK-ZDUSSCGKSA-N,O=C(Cn1cnc2[nH]c(=O)[nH]c(=O)c21)Nc1cccc(-c2cncnc2)n1,2,4
UIGLXZWGNZLPBE-UHFFFAOYSA-N,c1ccc(Nc2n[nH]c3ccccc23)cc1,2,3
UIOBCEWGNQAZGR-LBPRGKRZSA-N,O=C(Cn1cnc2[nH]c(=O)[nH]c(=O)c21)Nc1cccc(-c2cncnc2)n1,2,4
UIRWKLHAJGYDII-HDJSIYSDSA-N,O=c1c2[nH]cnc2ncn1Cc1nc(C2CC(Cc3ccccc3)C2)no1,2,1
UJNIKPJDCKJXCL-SMDDNHRTSA-N,O=c1c2[nH]cnc2ncn1Cc1nc(C2COC(c3ccccc3)C2)no1,2,2
UJUTWGLLXLIFHF-XJKSGUPXSA-N,O=c1c2[nH]cnc2ccn1Cc1nc(C2COC(c3ccccc3)C2)no1,2,0
ULJYMNHMDLMTMC-JXMROGBWSA-N,O=C(C=Cc1ccccc1)Nc1ccccc1,2,3
ULKXMRSVFAZCMY-UHFFFAOYSA-N,c1ccc(Nc2n[nH]c3cc(-c4ccccc4)ccc23)cc1,2,2
ULMWCILOQZCGJY-UHFFFAOYSA-N,O=C(CNS(=O)(=O)c1ccccc1)NCC1CCN(c2ccccc2)C1,2,4
ULPYOGCEDACOBS-XXBNENTESA-N,O=C(NCc1cc(-c2ccccc2)ccn1)C1CCCN1S(=O)(=O)c1ccccc1,2,0
ULQKHUFRRFOYGH-VXGBXAGGSA-N,c1ccc(NC2CCCCC2)cc1,2,2
ULYAWZCWOGWOHO-MOPGFXCFSA-N,O=C(NCc1cnn(-c2cccnc2)c1)C1CCCC1S(=O)(=O)c1ccccc1,2,3
ULYAWZCWOGWOHO-UHFFFAOYSA-N,O=C(NCc1cnn(-c2cccnc2)c1)C1CCCC1S(=O)(=O)c1ccccc1,2,3
UMPKQOIERIFEBI-XLIONFOSSA-N,O=C(NCc1ccnc(-c2cncnc2)c1)C1CCCN1S(=O)(=O)c1ccccc1,2,0
UMRMICUACMEDEJ-NSHDSACASA-N,O=C(Cn1cnc2[nH]c(=O)n(Cc3ncno3)c(=O)c21)Nc1cccc(-c2cncnc2)n1,2,3
UNDOEYISHOZRKE-AWEZNQCLSA-N,O=c1c2cccnc2ncn1Cc1nn(CCc2ccccc2)c(=O)o1,2,1
UNUFMVKHNXLXDY-JTQLQIEISA-N,O=C(Cn1cnc2[nH]c(=O)[nH]c(=O)c21)Nc1csc(-c2cncnc2)n1,2,0
UPRRZFSNUVXMOP-UHFFFAOYSA-N,c1ccc(-c2ccc3[nH]ncc3c2)cc1,2,4
UQQKRMCYRSVYLO-SWLSCSKDSA-N,O=c1c2ccnn2ncn1Cc1nc(C2COC(c3ccccc3)C2)no1,2,4
URFBKMSDRKBRGT-UHFFFAOYSA-N,O=C(Cc1[nH]nc2[nH]c(=O)[nH]c(=O)c12)Nc1nc(-c2ccccc2)cs1,2,3
URFSQYMVDMFPDP-VQFNDLOPSA-N,O=c1c2[nH]cnc2ncn1Cc1nc(C2C3CN(c4ccccc4)CC32)no1,2,0
URUKHZGNVYMGRF-SUMWQHHRSA-N,O=c1c2cccnc2cnn1Cc1nc(C2COC(c3ccccc3)C2)no1,2,1
USAKNJFJFIOYMS-UHFFFAOYSA-N,O=C(CNS(=O)(=O)c1ccccc1)NCc1cc(-c2cccnc2)ncn1,2,1
USDCLRVAPBYPTA-UHFFFAOYSA-N,O=c1c2cccnc2ncn1Cc1nn(CCCOc2ccccc2)c(=O)o1,2,3
USIMINOHYGYKII-BLLLJJGKSA-N,O=c1c2cccnc2ncn1Cc1nc(C2COC(c3ccccc3)C2)no1,2,1
UTFLCXHCPNBVTF-OOHWJJMZSA-N,O=C(Cn1cnc2[nH]c(=O)[nH]c(=O)c21)Nc1ccnc(-c2ccc(N3CC4CC4C3)nc2)n1,2,4
UTHLYYCFCKJWHC-LBPRGKRZSA-N,O=c1c2ccsc2ncn1Cc1nc(CCc2ccccc2)no1,2,4
UTJXOPBNZMFOCR-UHFFFAOYSA-N,O=C(Cn1cnc2ccccc2c1=O)NCCc1ccccc1,2,4
UTKNJQPGTMVBMG-UOIKSKOESA-N,O=c1c2cccnc2cnn1Cc1nc(C2C3CN(c4ccccn4)CC32)no1,2,2
UTUGFRIYXHKDHB-UHFFFAOYSA-N,O=C(CNS(=O)(=O)c1ccccc1)NCC1CCN(c2ccccc2)C1,2,4
UTZJMYCMNMRQMT-UHFFFAOYSA-N,c1ccc(CC2CCCCC2)cc1,2,1
UUNIDFJRGJIJRR-KNQAVFIVSA-N,O=C(NCc1cccc(-c2ccccn2)c1)C1CCCN1S(=O)(=O)c1ccccc1,2,1
UVBNFRHQCIVIHZ-UHFFFAOYSA-N,O=C(Nc1cccc(NCCc2ccccc2)c1)c1cccs1,2,3
UVOLYTDXHDXWJU-UHFFFAOYSA-N,C1=Cc2ccccc2OC1,2,4
UVSNLHFJAUUNSA-UHFFFAOYSA-N,c1ccc(Oc2ncnc3ccccc23)cc1,2,1
UWDLUBUGDCCBFZ-UHFFFAOYSA-N,O=C(Cn1cnc2c1C(=O)NC1=NCCN12)Nc1nc(-c2ccccc2)cs1,2,4
UWMCTQWPZDKBJF-UHFFFAOYSA-N,O=C1C2=C(NC(=S)NC2c2ccccc2)c2ccccc21,2,2
UXBMNEVNXIVWQJ-UKRRQHHQSA-N,O=c1c2[nH]cnc2ncn1Cc1nn(C2CCC(c3ccccc3)C2)c(=O)o1,2,0
UXGWCMBTDPTQJV-UHFFFAOYSA-N,O=C(CNC(=O)c1cnoc1)c1ccccc1,2,1
UYKCJYVCQPMHNT-HWWDLCQESA-N,O=c1c2[nH]cnc2ncn1Cc1nc(C2C3CN(c4ccc5[nH]ncc5c4)CC32)no1,2,3
UZJUTLNJTZTLIT-DZGCQCFKSA-N,O=c1c2cncn2ncn1Cc1nc(C2COC(c3ccccc3)C2)no1,2,1
UZYVKXQRCHHNOU-UHFFFAOYSA-N,O=c1c2cccnc2ncn1Cc1nc(CCc2ccccc2)no1,2,2
VAMUXLNWFXEYKM-HDMKZQKVSA-N,O=c1c2[nH]cnc2ncn1Cc1nc(C2C3C=C(c4ccccc4)CC32)no1,2,3
VAQHWBGAUVOQKD-UHFFFAOYSA-N,O=c1c2[nH]cnc2ncn1Cc1nn(CCc2ccccc2)c(=O)o1,2,1
VATHVJGDHKTADD-WCQYABFASA-N,O=c1[nH]cnc2ncn(Cc3nc(C4COC(c5ccccc5)C4)no3)c12,2,4
VAUMAOIZDODPOE-WCQYABFASA-N,O=c1c2[nH]nnc2ncn1Cc1nc(C2COC(c3ccccc3)C2)no1,2,1
VAUVHMUBXCTTST-UHFFFAOYSA-N,O=C(Cn1cnc2[nH]c(=O)n(Cc3ccccn3)c(=O)c21)Nc1cccc(-c2ccccc2)n1,2,2
VAYDAGLRIHWYGW-QMMMGPOBSA-N,O=c1c2ccoc2ncn1Cc1nnn(CCc2cccs2)n1,2,3
VBAQWZDXFYJLPZ-KDOFPFPSSA-N,O=C(NCc1cc(-c2cccnc2)ccn1)C1CCCN1S(=O)(=O)c1ccccc1,2,1
VBARHQQFLPIUTB-UHFFFAOYSA-N,c1ccccc1,2,1
VBECZLUYZDGVPW-UHFFFAOYSA-N,O=C(NCc1cnn(-c2ccccc2)c1)C1CCC1S(=O)(=O)c1ccccc1,2,3
VBGLYOIFKLUMQG-UHFFFAOYSA-N,c1ccc2c(c1)COc1ccccc1-2,2,0
VBHUAEAMIBSWPP-BXHXUVEDSA-N,O=c1c2[nH]cnc2ncn1Cc1nc(C2CC(c3ccccc3)C2)no1,2,4
VCXGBNHNTXKUCT-UHFFFAOYSA-N,O=C(NCC(Cc1ccccc1)N1CCCCC1)C1(c2ccccc2)CCCC1,2,1
VDBSUBROLBYPGD-HDMKZQKVSA-N,O=c1c2cccnc2ncn1Cc1nc(C2C3C=C(c4ccccn4)CC32)no1,2,2
VDBSUBROLBYPGD-VKJFTORMSA-N,O=c1c2cccnc2ncn1Cc1nc(C2C3C=C(c4ccccn4)CC32)no1,2,2
VDCOJMKBACDIHW-UHFFFAOYSA-N,c1ccc(-c2cn3ccccc3n2)cc1,2,4
VDIXOYLZZZHDQJ-LBPRGKRZSA-N,O=c1c2ccoc2ncn1Cc1nnn(CCc2cc3ccccc3o2)n1,2,4
VEKRDFXHKYPUDM-JYAVWHMHSA-N,O=c1c2[nH]cnc2ncn1Cc1nc(C2C3CN(c4ccccn4)CC32)no1,2,3
VEMZHLOZTPSJFN-UHFFFAOYSA-N,O=c1c2[nH]nnc2ncn1Cc1nnn(CCc2ccccc2)n1,2,4
VFSLVUVIVLWMRP-QHCPKHFHSA-N,O=C(NCc1cc(-c2ccccn2)c[nH]c1=O)C1CCCN1S(=O)(=O)c1cc2ccccc2o1,2,2
VHFMFACYDKNZNT-UHFFFAOYSA-N,O=C1C2=C(NC(=S)NC2c2cccnc2)c2ccccc21,2,0
VHMBOLLMTSJADJ-UHFFFAOYSA-N,O=C(Cn1cnc2[nH]c(=O)n(Cc3ccccn3)c(=O)c21)Nc1cccc(-c2ccccc2)n1,2,2
VHUHAUBXPXCHGU-UHFFFAOYSA-N,O=C(Cc1cccc2[nH]c(=O)[nH]c(=O)c12)Nc1nc(-c2ccccc2)cs1,2,3
VHXGUMGNAHRKJN-GTPINHCMSA-N,O=C(Cn1cnc2[nH]c(=O)[nH]c(=O)c21)Nc1cccc(-c2cnc(N3CC4CC4C3)nc2)n1,2,2
VIBZVCTVDABVAD-UHFFFAOYSA-N,O=C(Cn1cnc2[nH]c(=O)n(Cc3ccon3)c(=O)c21)Nc1csc(-c2cccnc2)n1,2,4
VIGYQGXGPVTFTN-IPVJXJPOSA-N,O=c1c2cccnc2ncn1Cc1nc(C2CC(c3ccccc3)C2)no1,2,2
VIJLKGFAZJGZBA-JYAVWHMHSA-N,O=c1c2[nH]cnc2ncn1Cc1nc(C2C3CN(c4cccnc4)CC32)no1,2,2
VIKBLYZHPHWKGJ-CVEARBPZSA-N,O=C(NCc1cnn(-c2cncnc2)c1)C1CCC1S(=O)(=O)c1ccccc1,2,4
VILMMYYNTBYFJR-WOSRLPQWSA-N,O=c1c2[nH]cnc2ncn1Cc1nc(C2C3C=C(c4ccccn4)CC32)no1,2,1
VILMMYYNTBYFJR-WWGRRREGSA-N,O=c1c2[nH]cnc2ncn1Cc1nc(C2C3C=C(c4ccccn4)CC32)no1,2,1
VJCDMKPFUPJSKB-JOYOIKCWSA-N,c1ccc(CC2CCCCC2)nc1,2,3
VJONDNDXWADLLZ-XVAYZXCPSA-N,O=c1c2[nH]cnc2ncn1Cc1nc(C2C3CN(c4cccc(-c5ccccc5)c4)CC32)no1,2,0
VJUMGXLZSHPUNN-NQZBTDCJSA-N,O=C(NCc1ccnc(-c2cncnc2)c1)C1CCCN1Sc1ccccc1,2,1
VJXIKTQSMMQMOO-UHFFFAOYSA-N,O=C(Cn1ccc2[nH]c(=O)[nH]c(=O)c21)Nc1nc(-c2ccccc2)cs1,2,1
VKEJLWJCORBCGU-FOLVSLTJSA-N,O=c1c2[nH]cnc2ncn1Cc1nc(C2C3CN(c4ccccc4)CC32)no1,2,0
VKGALBIMDXIQFI-LBPRGKRZSA-N,O=c1c2ccsc2ncn1Cc1nnn(CCc2ccc3c(c2)OCO3)n1,2,4
VKKOCICLFSXEBL-ATCWAGBWSA-N,O=c1c2[nH]cnc2ncn1Cc1nc(C2C3CN(c4ccccc4)CC32)no1,2,0
VKWXCYKBWXMGFK-HKUYNNGSSA-N,O=C(NCc1cnn(-c2cccnc2)c1)C1CCCN1S(=O)(=O)c1ccccc1,2,3
VLDNGTWOASGEFF-MNZLEMJZSA-N,O=c1c2ccncc2ncn1Cc1nc(C2C3CN(c4ccccc4)CC32)no1,2,1
VMAXALUQDNFBND-WOSRLPQWSA-N,O=c1c2[nH]cnc2ncn1Cc1nc(C2C3C=C(c4ccccn4)CC32)no1,2,1
VMAXALUQDNFBND-WWGRRREGSA-N,O=c1c2[nH]cnc2ncn1Cc1nc(C2C3C=C(c4ccccn4)CC32)no1,2,1
VMBJLCVTNLJTJY-SMDDNHRTSA-N,O=c1c2[nH]cnc2ncn1Cc1nc(C2COC(c3ccccc3)C2)no1,2,2
VMNVUJVEHZEIDG-UHFFFAOYSA-N,O=C(CNC(=O)c1ccccc1)c1ccccc1,2,2
VMPWGDIXDVYPGX-MQMHXKEQSA-N,O=c1c2cccnc2ncn1Cc1nn(C2CC(c3ccccc3)C2)c(=O)o1,2,2
VNGNWQRJLQMWOH-NNGSBXSVSA-N,O=C(Cn1cnc2[nH]c(=O)[nH]c(=O)c21)Nc1ccnc(-c2ccc(N3CC4CC4C3)nc2)n1,2,4
VNJLGYMVCORAFF-ZLPCBKJTSA-N,O=C(Cn1cnc2[nH]c(=O)[nH]c(=O)c21)Nc1ccnc(-c2ccc(N3CC4CC4C3)nc2)n1,2,4
VNQKLEKERUCARK-UHFFFAOYSA-N,O=C(Cn1cnc2[nH]c(=O)n(Cc3ccon3)c(=O)c21)Nc1ccc(N2CCCCC2)cn1,2,4
VOGVDBAXZDBCON-GXTWGEPZSA-N,O=c1c2[nH]cnc2ncn1Cc1nc(C2COC(c3ccccc3)C2)no1,2,2
VOMFXUVVWBXJSA-LBPRGKRZSA-N,O=c1c2[nH]cnc2ncn1Cc1nn(CCc2ccccc2)c(=O)o1,2,1
VPDMFKCWLDVZER-MWTRTKDXSA-N,O=C(NCc1cc(-c2cccnc2)ccn1)C1CCCN1S(=O)(=O)c1ccccc1,2,1
VPEVJZHGWCCMBL-UHFFFAOYSA-N,c1ccc(-c2cn3ccccc3n2)cc1,2,4
VPKMJOYLVJNYJL-NQIIRXRSSA-N,O=C(NCc1cccc(-n2ccccc2=O)c1)C1CCCN1S(=O)(=O)c1ccccc1,2,4
VPRQKNRUPOPQIY-ZLPCBKJTSA-N,O=C(Cn1cnc2[nH]c(=O)[nH]c(=O)c21)Nc1cccc(-c2ccc(N3CC4CC4C3)nc2)n1,2,3
VPUPKQJXPYSPGR-UHFFFAOYSA-N,O=C(CNC(=O)c1cc2ccccc2[nH]1)c1ccccc1,2,0
VPYNPZTUFWXLRA-BEFAXECRSA-N,O=C(NCc1ccnc(-c2cnccn2)c1)C1CCCN1S(=O)(=O)c1ccccc1,2,2
VQFGKTDMHDUGMB-QHCPKHFHSA-N,O=C(NCc1c[nH]c(=O)c(-c2ccccc2)c1)C1CCCN1S(=O)(=O)c1cc2cnccc2o1,2,4
VRGTYOISGMRJHU-WMLDXEAASA-N,O=c1c2cnc(NC3CNC3)n2ncn1Cc1nc(C2COC(c3ccccc3)C2)no1,2,1
VRIIXYBJLRKPFF-UHFFFAOYSA-N,O=C(NCc1ccccc1)c1cn2c(=O)n(Cc3ccccc3)c(=O)cc2s1,2,2
VSBSCGNEPYTOEU-INIZCTEOSA-N,O=c1c2[nH]cnc2ncn1Cc1nn(CCc2ccc3ccccc3c2)c(=O)o1,2,4
VSBSCGNEPYTOEU-MRXNPFEDSA-N,O=c1c2[nH]cnc2ncn1Cc1nn(CCc2ccc3ccccc3c2)c(=O)o1,2,4
VSCCSUZOKQGWHC-UHFFFAOYSA-N,c1ccc(-c2cn3ccccc3n2)cc1,2,4
VSHDIFLHXQISHJ-IYVRIMFBSA-N,O=c1c2cccnc2ncn1Cc1nc(C2CC(c3ccccc3)C2)no1,2,2
VSNLJSZHSKJANJ-SWLSCSKDSA-N,O=c1c2cccnc2ncn1Cc1nc(C2COC(c3ccccc3)C2)no1,2,1
VSOGEYDZUOFVFT-WCQYABFASA-N,O=c1c2[nH]cnc2ncn1Cc1nc(C2COC(c3ccccc3)C2)no1,2,2
VSTBRXGRZBGLGG-CVEARBPZSA-N,O=C(Cc1cnn(-c2cncnc2)c1)NC1CCC1S(=O)(=O)c1ccccc1,2,2
VTGKGYFBEZNAEB-RBUKOAKNSA-N,c1ccc(CN2CCCC2c2ccccc2)cc1,2,3
VTNRBCCGYCMWJN-QAPCUYQASA-N,O=C(NCc1ccnc(-c2cncnc2)c1)C1CCCN1S(=O)(=O)c1ccccc1,2,0
VTRQWSXLXNAIDP-CVEARBPZSA-N,O=C(Cc1cnn(-c2cncnc2)c1)NC1CCC1S(=O)(=O)c1ccccc1,2,2
VTSOGNSWENHMHJ-ZDUSSCGKSA-N,O=C(Cn1cnc2[nH]c(=O)[nH]c(=O)c21)Nc1cccc(-c2cncnc2)n1,2,4
VTWUTVSNVHXAAN-QFIPXVFZSA-N,O=C(NCc1cn(-c2ccccc2)c(=O)[nH]c1=O)C1CCCN1S(=O)(=O)c1ccccc1,2,4
VULWTIVIQWVISE-ZDUSSCGKSA-N,O=c1c2ccsc2ncn1Cc1nc(CCc2ccccc2)no1,2,4
VUNVEPXLRREAJZ-QFIPXVFZSA-N,O=C(NCc1cn(-c2ccccc2)c(=O)[nH]c1=O)C1CCCN1S(=O)(=O)c1cc2ccccc2o1,2,0
VURKFVAAAJRATF-QHCPKHFHSA-N,O=C(NCc1c[nH]c(=O)c(-c2ccccn2)c1)C1CCCN1S(=O)(=O)c1cc2ccccc2o1,2,1
VUXIUBYPGSGYOG-NSHDSACASA-N,O=C(Cn1cnc2[nH]c(=O)[nH]c(=O)c21)Nc1csc(-c2ccccc2)n1,2,0
VVCPLJSSXGMPAM-JTQLQIEISA-N,O=C(Cn1cnc2[nH]c(=O)[nH]c(=O)c21)Nc1csc(-c2cccnc2)n1,2,3
VVHXXMHMQYUMOB-CSKARUKUSA-N,c1ccccc1,2,1
VXOZSZSKUPUEEM-DEOSSOPVSA-N,O=C(NCc1c[nH]c(=O)c(-c2ccccc2)c1)C1CCCN1S(=O)(=O)c1cc2ccccc2o1,2,0
VXQNLHFXPSARMB-UHFFFAOYSA-N,O=C(Cn1cnc2[nH]c(=O)n(Cc3ncon3)c(=O)c21)Nc1cccc(-c2cccnc2)n1,2,3
VXQZDEWJIDRLFT-FHERZECASA-N,O=C(Cn1cnc2[nH]c(=O)[nH]c(=O)c21)Nc1ccnc(-c2cnc(N3CC4CC4C3)nc2)n1,2,3
VYLZSBLGYLCVCW-UHFFFAOYSA-N,c1ccc(CCN2CCCCC2)cc1,2,4
VZODASFOEMYPIW-ZLPCBKJTSA-N,O=C(Cn1cnc2[nH]c(=O)[nH]c(=O)c21)Nc1cncc(-c2ccc(N3CC4CC4C3)nc2)n1,2,2
VZQJQNIXPKBELC-UHFFFAOYSA-N,O=C(Cc1cccc2[nH]c(=O)[nH]c(=O)c12)Nc1nc(-c2ccccc2)cs1,2,3
WANOURMQWPDLQC-CZIWCDLHSA-N,O=c1c2cccnc2ncn1Cc1nn(C2CC(c3ccccc3)C2)c(=O)o1,2,2
WAPBFSGWBDTJBA-DEOSSOPVSA-N,O=C(NCc1cc(-c2ccccc2)c[nH]c1=O)C1CCCN1S(=O)(=O)c1cc2ccccc2o1,2,2
WAQZJHCNMYVEFU-SHTZXODSSA-N,O=c1c2cccnc2ncn1Cc1nc(C2CC(c3ccccc3)C2)no1,2,2
WAYMWUNFXOUAAZ-NFOMZHRRSA-N,O=C(Cn1cnc2[nH]c(=O)[nH]c(=O)c21)Nc1csc(-c2cnc(N3CC4CC4C3)nc2)n1,2,4
WAZNEQRWKNTWPH-KEKNWZKVSA-N,O=C1NC(=O)C(c2ccccc2)C=C1CNC(=O)C1CCCN1S(=O)(=O)c1cc2cnccc2o1,2,2
WBVIPJUKXQYVQJ-CHBKHGQFSA-N,c1ccccc1,2,1
WDDRIHJTMRONAI-UHFFFAOYSA-N,O=C(Cn1cnc2[nH]c(=O)[nH]c(=O)c21)Nc1cccc(-c2cccnc2)n1,2,0
WDMXXUBLSSBLHB-XLIONFOSSA-N,O=C(NCc1cnn(-c2ccccc2)c1)C1CCCN1S(=O)(=O)c1ccccc1,2,4
WEALJYMFDYMJHE-SMDDNHRTSA-N,O=c1c2[nH]cnc2ncn1Cc1nc(C2COC(c3ccccc3)C2)no1,2,2
WEDVMUWMFDQGFT-UHFFFAOYSA-N,c1ccc(-c2ccc3[nH]ncc3c2)cc1,2,4
WEFIFVXGXRGPEV-RUYXUALKSA-N,O=c1c2[nH]cnc2ncn1Cc1nc(C2C3CN(c4cccc(-c5cn[nH]c5)c4)CC32)no1,2,0
WEUURVDRAOHVLV-UHFFFAOYSA-N,O=C(Cn1cnc2ccccc2c1=O)NCCc1ccccc1,2,4
WFRBOQVBZZCYFX-AWEZNQCLSA-N,O=C(Cn1cnc2[nH]c(=O)n(Cc3ccon3)c(=O)c21)Nc1cccc(-c2cccnc2)n1,2,3
WHCSBGLJMIAOLK-UHFFFAOYSA-N,c1ccc(Oc2nccc3ccoc23)cc1,2,3
WHEWGFMWWBERPN-LBPRGKRZSA-N,O=c1c2ccoc2ncn1Cc1nnn(CCc2cc3ccccc3s2)n1,2,2
WHIUHQPWEZUUHM-UHFFFAOYSA-N,O=c1c2[nH]cnc2ncn1Cc1nn(CCc2ccc3ccccc3c2)c(=O)o1,2,4
WHMQPBBEQUUJIS-UXHICEINSA-N,O=C(Cc1cnn(-c2ccccc2)c1)NC1CCC1S(=O)(=O)c1ccccc1,2,2
WHNBDATYZDNLNU-UZLBHIALSA-N,O=C(NCc1cc(-c2ccccc2)ncn1)C1CCCN1S(=O)(=O)c1cccnc1,2,2
WHRUWUNTYKZUED-QRWLVFNGSA-N,O=C(NCc1cc(-c2cccnc2)ccn1)C1CCCN1S(=O)(=O)c1ccccc1,2,1
WJDFEEOHLQQEHJ-MNZLEMJZSA-N,O=c1c2[nH]cnc2ncn1Cc1nc(C2C3CN(c4ccc(-c5cnco5)cc4)CC32)no1,2,4
WJPADCWRQZUXDF-JEYLPNPQSA-N,O=C(Cn1cnc2[nH]c(=O)[nH]c(=O)c21)Nc1cncc(-c2cnc(N3CC4CC4C3)cn2)n1,2,1
WJZDKUCGKVPPTC-ZDUSSCGKSA-N,O=C(Cn1cnc2[nH]c(=O)n(Cc3ccon3)c(=O)c21)Nc1cncc(-c2cccnc2)n1,2,0
WJZXCEKQIHMNMF-QAQDUYKDSA-N,O=c1c2cccnc2ncn1Cc1nn(C2CC(c3ccccc3)C2)c(=O)o1,2,2
WKEBOVLUILWQBJ-JEYLPNPQSA-N,O=C(Cn1cnc2[nH]c(=O)[nH]c(=O)c21)Nc1ccnc(-c2cnc(N3CC4CC4C3)nc2)n1,2,3
WKEGRPVOXGQXBX-UHFFFAOYSA-N,O=c1c2[nH]cnc2ncn1Cc1nc(CCc2ccccc2)no1,2,4
WKUPALPZCCQPCO-GXTWGEPZSA-N,O=c1c2[nH]cnc2ncn1Cc1nc(C2COC(c3ccccc3)C2)no1,2,2
WLECDKWIOLJXDF-UHFFFAOYSA-N,O=C(Cn1cnc2[nH]c(=O)n(Cc3ncon3)c(=O)c21)Nc1csc(-c2cccnc2)n1,2,0
WLIICQUGYWLQHL-MISXGVKJSA-N,O=c1c2[nH]cnc2ncn1Cc1nc(C2C3C=C(c4cnco4)CC32)no1,2,1
WLLMEIDDRLNDDG-UHFFFAOYSA-N,O=C(NCc1cnn(-c2cccnc2)c1)C1CCCC1S(=O)(=O)c1ccccc1,2,3
WMBOCUXXNSOQHM-FLIBITNWSA-N,C=C1OC(=O)c2ccccc21,2,4
WMCARGAXENGYJD-QMMMGPOBSA-N,O=c1[nH]c(=O)c2[nH]cnc2[nH]1,2,2
WMQGYUJRYHBKTK-OOHWJJMZSA-N,O=C(Cn1cnc2[nH]c(=O)[nH]c(=O)c21)Nc1cccc(-c2cnc(N3CC4CC4C3)nc2)n1,2,2
WNGOEYHEIHEHSY-NSHDSACASA-N,O=C(Cn1cnc2[nH]c(=O)n(Cc3ccon3)c(=O)c21)Nc1cccc(-c2ncon2)n1,2,1
WNIFMMBGRDWVSC-UHFFFAOYSA-N,O=C(CNS(=O)(=O)c1ccccc1)NCC1CN(c2ccccn2)CCO1,2,0
WOIUQWYXFIXJME-GXTWGEPZSA-N,O=c1[nH]cnc2ncn(Cc3nc(C4COC(c5ccccc5)C4)no3)c12,2,4
WOKJMDDDXREZDG-ZDUSSCGKSA-N,O=c1c2ccsc2ncn1Cc1nnn(CCc2ccccc2)n1,2,1
WPNNDKHQYVORDG-UHFFFAOYSA-N,c1ccc(-c2ccc3[nH]ncc3c2)cc1,2,4
WPTBYMVYHGHIDZ-CTYIDZIISA-N,O=c1c2[nH]cnc2ncn1Cc1nn(C2CC(Oc3ccccc3)C2)c(=O)o1,2,0
WPTCSNGQXKAVFR-UHFFFAOYSA-N,c1ccc(-c2cn3ccccc3n2)cc1,2,4
WPWRLCNFHLWQGC-UHFFFAOYSA-N,O=C(Cc1cccc2[nH]c(=O)[nH]c(=O)c12)Nc1nc(-c2ccccc2)cs1,2,3
WQGVDODKSWKQSI-WMLDXEAASA-N,O=c1c2cccc(=O)n2ccn1Cc1nc(C2COC(c3ccccc3)C2)no1,2,1
WRDLKTQRPOZITC-QWPOMPHKSA-N,c1ccccc1,2,1
WRJCSDBKLNHRAA-UKRRQHHQSA-N,O=c1c2[nH]cnc2ncn1Cc1nn(C2CCC(c3ccccc3)C2)c(=O)o1,2,0
WRZHLIPHQKQFBS-LBPRGKRZSA-N,O=c1c2ccoc2ncn1Cc1nnn(CCc2ccccc2)n1,2,1
WSCIGUKLFPKXFX-UHFFFAOYSA-N,O=c1c2[nH]cnc2ncn1Cc1nn(CCc2ccccc2)c(=O)o1,2,1
WSJBTMAJFBDGCQ-HALDLXJZSA-N,O=c1c2[nH]cnc2ncn1Cc1nc(C2C3CN(c4ccc5sncc5c4)CC32)no1,2,4
WSJNOMFLZGTWKZ-UHFFFAOYSA-N,O=C(NCC(Cc1ccccc1)N1CCCC1)C1(c2ccccc2)CCC1,2,3
WSKZYWSLEMVSGM-GXTWGEPZSA-N,O=c1[nH]c2ncn(Cc3nc(C4COC(c5ccccc5)C4)no3)c(=O)c2[nH]1,2,4
WTGZNWPLWZWQKH-GOEBONIOSA-N,O=c1c2ccnn2ncn1Cc1nc(C2COC(c3ccc4cn[nH]c4c3)C2)no1,2,3
WTULWADTNMDTBI-LAQFHYBYSA-N,O=c1c2[nH]cnc2ncn1Cc1nc(C2C3CN(c4ccccc4)CC32)no1,2,0
WVCGIOBBHJGFNT-AEFFLSMTSA-N,O=S(=O)(c1ccccc1)N1CCCC1c1ccccc1,2,3
WVKCCUFMMHZVRZ-QFIPXVFZSA-N,O=C(NCc1c[nH]c(=O)c(-c2cccnc2)c1)C1CCCN1S(=O)(=O)c1cc2ccccc2o1,2,2
WVPZXHRZPLFNOG-GCJKJVERSA-N,O=C(NCc1ccnc(-c2ccccc2)c1)C1CCCN1S(=O)(=O)c1ccccc1,2,2
WVSRIYBLNXSMHQ-UHFFFAOYSA-N,O=C(NCC(Cc1ccccc1)N1C2CCCC1CC2)C1(c2ccccc2)CCCC1,2,4
WWMLUCZLWNRNST-UHFFFAOYSA-N,O=C(CCCc1ccccc1)CCc1ccccc1,2,1
WWXUELOIDKMRSB-HSQYWUDLSA-N,O=C(NCc1cccc(-c2cncnc2)c1)C1C2CC2CN1S(=O)(=O)c1ccccc1,2,1
WXHSFVIZINIMIS-LAQFHYBYSA-N,O=c1c2[nH]cnc2ncn1Cc1nc(C2C3CN(c4ccc5ncoc5c4)CC32)no1,2,1
WXUGHBCPMLOGEV-WCQYABFASA-N,O=c1[nH]c2ncn(Cc3nc(C4COC(c5ccccc5)C4)no3)c(=O)c2[nH]1,2,4
WYUJVHUKAKUWIA-ZDUSSCGKSA-N,O=c1c2ccsc2ncn1Cc1nc(CCc2ccccc2)no1,2,4
WYUPYGSKFFBOSP-UHFFFAOYSA-N,O=C(Cn1cnc2[nH]c(=O)n(Cc3ccon3)c(=O)c21)Nc1ccc2ccccc2n1,2,2
WYXGQTJNYMMMLO-YJYMSZOUSA-N,O=C(NCc1cc(-c2cccnc2)ncn1)C1CCN1S(=O)(=O)c1ccccc1,2,4
WZFVQGWXJBTVEA-UHFFFAOYSA-N,O=C(Cc1coc2[nH]c(=O)[nH]c(=O)c12)Nc1nc(-c2ccccc2)cs1,2,4
WZQMWEAVTLSMOF-HBYGRHMLSA-N,O=c1c2[nH]cnc2ncn1Cc1nc(C2C3CN(c4ccccc4)CC32)no1,2,0
WZRMLPCUQNQCPB-LBPRGKRZSA-N,O=C(Cn1cnc2[nH]c(=O)[nH]c(=O)c21)Nc1csc(-c2cccnc2)n1,2,3
WZUBEZISDJUWBT-UHFFFAOYSA-N,c1ccc(-c2cn3ccccc3n2)cc1,2,4
XAPDVOAYLTUITQ-GOEBONIOSA-N,O=c1c2cncn2ncn1Cc1nc(C2COC(c3ccccc3)C2)no1,2,1
XAQVIFGRTKIRES-SHTZXODSSA-N,O=c1c2[nH]cnc2ncn1Cc1nc(C2CC(c3ccccc3)C2)no1,2,4
XATNITDFSRCWBI-HALDLXJZSA-N,O=c1c2cccnc2ncn1Cc1nc(C2C3CN(c4ccccn4)CC32)no1,2,0
XAUSPLMRLISGMX-DZGCQCFKSA-N,c1ccc(CC2CCCCC2)cc1,2,1
XBAHUCXUJNKOON-VIKVFOODSA-N,O=c1c2[nH]cnc2ncn1Cc1nc(C2C3CN(c4ccccn4)CC32)no1,2,3
XBDHVGWQURBFBB-VIKVFOODSA-N,O=c1c2cncn2ncn1Cc1nc(C2C3CN(c4ccccn4)CC32)no1,2,1
XBVPSHSACOJVOQ-BFYDXBDKSA-N,O=c1c2cccnc2ncn1Cc1nc(C2C3Oc4ccccc4C32)no1,2,3
XBWKDGVOHTXIQZ-KWUMSVIQSA-N,O=c1c2cccnc2ncn1Cc1nc(C2CC(c3ccccc3)C2)no1,2,2
XCCZAIUWVCKNCM-ATCWAGBWSA-N,O=c1c2[nH]cnc2ncn1Cc1nc(C2C3CN(c4ccccc4)CC32)no1,2,0
XCKMEJHQIGJSCX-NNGSBXSVSA-N,O=C(Cn1cnc2[nH]c(=O)[nH]c(=O)c21)Nc1cncc(-c2ccc(N3CC4CC4C3)nc2)n1,2,2
XCZDOORZBGHHNA-UHFFFAOYSA-N,O=C(Cc1nsc2[nH]c(=O)[nH]c(=O)c12)Nc1nc(-c2ccccc2)cs1,2,2
XCZHKBOHEHELPS-NHAGDIPZSA-N,O=c1c2[nH]cnc2ncn1Cc1nc(C2C3CN(c4cccnc4)CC32)no1,2,2
XEAVDNWRYBZHOZ-UHFFFAOYSA-N,O=C(Cc1cccc2[nH]c(=O)[nH]c(=O)c12)Nc1nc(-c2ccccc2)cs1,2,3
XEQNNSKBWZVZOZ-JPYJTQIMSA-N,O=C(NCc1cc(-c2ccc(C3CC3)nc2)ncn1)C1CCCN1S(=O)(=O)c1ccccc1,2,0
XFAKQJSOOQVAHX-UHFFFAOYSA-N,O=C(NCSc1ccccc1)c1ccccc1,2,4
XFEQHDMOKHJBAP-UHFFFAOYSA-N,O=C(Cn1cnc2[nH]c(=O)n(Cc3ccon3)c(=O)c21)Nc1cccc(N2CCNCC2)n1,2,3
XFZJKVPNNLXVDR-IGEOTXOUSA-N,O=C(Cn1cnc2[nH]c(=O)[nH]c(=O)c21)Nc1cncc(-c2cnc(N3CC4CC4C3)nc2)n1,2,0
XGHHYTJFVHPJRP-ZLPCBKJTSA-N,O=C(Cn1cnc2[nH]c(=O)[nH]c(=O)c21)Nc1cccc(-c2ccc(N3CC4CC4C3)nc2)n1,2,3
XGOIBVXKMMOVSQ-UHFFFAOYSA-N,O=c1c2ccnnc2ncn1Cc1nc(CCc2ccccc2)no1,2,4
XGOLSZDFWDNITO-PKOBYXMFSA-N,O=S(=O)(c1ccccc1)N1CCCC1c1ccccc1,2,3
XGTNKOQJOGMILW-HAQNSBGRSA-N,O=c1c2[nH]cnc2ncn1Cc1nn(C2CC(c3ccccc3)C2)c(=O)o1,2,0
XGTQXOATUIFTGC-WMLDXEAASA-N,O=C(Cn1cnc2[nH]c(=O)[nH]c(=O)c21)Nc1cccc(-c2cnc(N3CCCC3)nc2)n1,2,1
XGTQXOATUIFTGC-YOEHRIQHSA-N,O=C(Cn1cnc2[nH]c(=O)[nH]c(=O)c21)Nc1cccc(-c2cnc(N3CCCC3)nc2)n1,2,1
XHJBOXFNVSPYJI-KNQAVFIVSA-N,O=C(NCc1cccc(-c2cccnc2)c1)C1CCCN1S(=O)(=O)c1ccccc1,2,0
XHWHHZLLSITQCM-FOLVSLTJSA-N,O=c1c2[nH]cnc2ncn1Cc1nc(C2C3Cc4ccccc4CC32)no1,2,1
XIEDEBMSVCTSFI-HNNXBMFYSA-N,O=C(Cn1cnc2[nH]c(=O)n(Cc3ccon3)c(=O)c21)Nc1cccc(-c2cccnc2)n1,2,3
XIHLXICJADAAMG-UHFFFAOYSA-N,c1ccc(-c2n[nH]c3cccnc23)cc1,2,1
XIHULXIDONOQSG-HNNXBMFYSA-N,O=C(Cn1cnc2[nH]c(=O)n(Cc3ccccn3)c(=O)c21)Nc1cccc(-c2cccnc2)n1,2,1
XIJYTOIFEYRXLS-SMDDNHRTSA-N,O=c1c2[nH]ncc2ncn1Cc1nc(C2COC(c3ccccc3)C2)no1,2,4
XIOJQBVKDSTRPK-UHFFFAOYSA-N,O=C(NCC(Cc1ccccc1)N1CCCCC1)c1ccccn1,2,1
XIPWBPDWHQJWKK-IBGZPJMESA-N,O=C(NCc1cn(-c2ccccn2)c(=O)[nH]c1=O)C1CCCN1S(=O)(=O)c1cc2cnccc2o1,2,4
XJDHXLWQTXVSFO-VYDXJSESSA-N,O=c1c2[nH]cnc2ncn1Cc1nc(C2C3C=C(c4ccccc4)CC32)no1,2,3
XJJNUZPFNULXJQ-SWLSCSKDSA-N,O=c1[nH]cnc2cnn(Cc3nc(C4COC(c5ccccc5)C4)no3)c12,2,2
XKSIOBPDRWKTCJ-ZLPCBKJTSA-N,O=C(Cn1cnc2[nH]c(=O)[nH]c(=O)c21)Nc1ccnc(-c2ccc(N3CC4CC4C3)nc2)n1,2,4
XLGLEMZUTPMKLM-UHFFFAOYSA-N,O=C(Cn1cnc2[nH]c(=O)n(Cc3ccccn3)c(=O)c21)Nc1cccc(-c2cncnc2)n1,2,3
XLYRIZJMZGOPTK-UHFFFAOYSA-N,O=C(Cc1cccc2c1C(=O)NC2=O)Nc1nc(-c2ccccc2)cs1,2,0
XNHDIEBXXZHYPG-UHFFFAOYSA-N,c1ccc(-c2cn3ccccc3n2)cc1,2,4
XNPOFWWRLXGGEI-UHFFFAOYSA-N,O=C(CNC(=O)c1ccccc1)c1ccccc1,2,2
XOFOPCOUHWLPJL-UHFFFAOYSA-N,c1ccccc1,2,1
XOPMVFNBFICPDB-UHFFFAOYSA-N,O=C(Cc1csc2[nH]c(=O)[nH]c(=O)c12)Nc1nc(-c2ccccc2)cs1,2,1
XOQQYLAKAJMBHH-UHFFFAOYSA-N,c1ccc(-c2ccc3[nH]ncc3c2)cc1,2,4
XOTLDNAVQQZBGX-UHFFFAOYSA-N,c1ccc(CC2CCCCC2)cc1,2,1
XOVTWNLGYRCGFO-HHCCDPJTSA-N,O=c1c2ccnn2ncn1Cc1nc(C2CC(c3ccccc3)C2)no1,2,0
XOZUCURGTPFEPA-LURJTMIESA-N,O=c1[nH]c2nc[nH]c2c(=O)n1Cc1ncno1,2,2
XPKLLDXUIOXSSE-XGNXJENSSA-N,O=C(Cn1cnc2[nH]c(=O)[nH]c(=O)c21)Nc1csc(-c2cnc(N3CC4CC4C3)nc2)n1,2,4
XPZXRJASCMUGQL-UHFFFAOYSA-N,O=C(Cn1cnc2[nH]c(=O)n(Cc3ncno3)c(=O)c21)Nc1cccc(-c2cccnc2)n1,2,0
XQDBJRZGDIFZFV-OALUTQOASA-N,O=C(NCc1cc(-c2cncnc2)ccn1)C1CCCN1S(=O)(=O)c1ccccc1,2,3
XQGUQUOCTSQNDD-VIKVFOODSA-N,O=c1c2ccnn2ncn1Cc1nc(C2C3CN(c4ccccn4)CC32)no1,2,3
XQJHSTXORFDHJO-NHAGDIPZSA-N,O=c1c2[nH]cnc2ncn1Cc1nc(C2C3CN(c4cccnc4)CC32)no1,2,2
XQVDMHKTSFSEMQ-UHFFFAOYSA-N,O=c1c2[nH]cnc2ncn1Cc1nn(CCc2ccccc2)c(=O)o1,2,1
XRUHRUNQTJHPBY-UHFFFAOYSA-N,O=c1c2[nH]cnc2ncn1Cc1nn(CCc2ccccc2)c(=O)o1,2,1
XRWIKIYEWODHPQ-UHFFFAOYSA-N,O=C(Cc1cccc2[nH]c(=O)[nH]c(=O)c12)Nc1nc(-c2ccccc2)cs1,2,3
XSCCGKSIBNQWIP-UZLBHIALSA-N,O=C(NCc1ccnc(-c2cccnc2)c1)C1CCCN1S(=O)(=O)c1ccccc1,2,0
XSFCKBIGLBUTHE-QWHZDKJVSA-N,O=c1ccc2ncn(Cc3nc(C4C5CN(c6ccccc6)CC54)no3)c(=O)c2[nH]1,2,3
XSOWZVIQZNTLGC-HALDLXJZSA-N,O=c1c2cccnc2ncn1Cc1nc(C2C3CN(c4ccccn4)CC32)no1,2,0
XSVJDKKRVOFGLA-FKIZINRSSA-N,O=c1c2[nH]cnc2ncn1Cc1nc(C2COC(c3ccccc3)C2)no1,2,2
XSVRNWKQZYOFRS-IPVJXJPOSA-N,O=c1c2ccncc2ncn1Cc1nc(C2CC(c3ccccc3)C2)no1,2,3
XTCJBNJCHYEEHZ-DZGCQCFKSA-N,c1ccc(CC2CCCCC2)cc1,2,1
XTEOOQGHFDZVDI-UHFFFAOYSA-N,c1ccc(-c2ccc3[nH]ncc3c2)cc1,2,4
XTJCMZFNEXELMO-UHFFFAOYSA-N,O=C(Cn1ccc2[nH]c(=O)[nH]c(=O)c21)Nc1ccccc1,2,4
XUXZULDMSVLPDK-UHFFFAOYSA-N,O=C(CCCc1ccccc1)CCc1ccccc1,2,1
XVWJZNUBJBSIFR-FOLVSLTJSA-N,O=c1c2[nH]cnc2ncn1Cc1nc(C2C3CN(c4ccccc4)CC32)no1,2,0
XWGOPLIZWFRBIN-KWUMSVIQSA-N,O=c1c2cccnc2ncn1Cc1nc(C2CC(c3ccccc3)C2)no1,2,2
XWVQRBZZRNONCK-UHFFFAOYSA-N,O=c1c2[nH]cnc2ncn1Cc1nn(CCc2ccc3ccccc3c2)c(=O)o1,2,4
XWWLYDGDHPKEFD-UHFFFAOYSA-N,O=c1c2c[nH]nc2ncn1Cc1nc(CCc2ccccc2)no1,2,1
XWWPJKNCWPEFJS-SQGPQFPESA-N,O=c1c2cccnc2ncn1Cc1nc(C2C3C=C(c4ccccc4)CC32)no1,2,2
XWXZEVWJOGNSOD-YJBOKZPZSA-N,O=C(Cn1cnc2[nH]c(=O)n(Cc3ccon3)c(=O)c21)Nc1ccnc(-c2cnc(N3CCCC3)nc2)n1,2,0
XWYXLYCDZKRCAD-BQYQJAHWSA-N,C(=Cc1ccccc1)c1ccccc1,2,2
XXAJTWFMFVVGIN-UHFFFAOYSA-N,O=C(Cn1ccc2[nH]c(=O)[nH]c(=O)c21)Nc1nc(-c2ccccc2)cs1,2,1
XYGCJFPIVHXCSK-UHFFFAOYSA-N,O=C1C2=C(NC(=S)NC2c2ccccc2)c2ccccc21,2,2
XYGZAZHAXFGQPR-UHFFFAOYSA-N,c1ccc(-c2ccc3[nH]ncc3c2)cc1,2,4
XYHIUESBFSVNAX-LBPRGKRZSA-N,O=c1c2ccoc2ncn1Cc1nnn(CCc2ccccc2)n1,2,1
XYLBMXMFEPAIDX-UHFFFAOYSA-N,O=c1c2[nH]cnc2ncn1Cc1nn(CCc2ccc(C3CC3)cc2)c(=O)o1,2,1
XYLQLKFUIGUGMF-UHFFFAOYSA-N,O=C(Cc1coc2[nH]c(=O)[nH]c(=O)c12)Nc1nc(-c2ccccc2)cs1,2,4
XZMSFDWECPXXRJ-PKQUCIBFSA-N,C=C1CCCC2C(CCC3CCCOO3)CCCC12,2,2
YAAQSQALFNFFQV-UHFFFAOYSA-N,O=c1c2[nH]cnc2ncn1Cc1nn(CCc2ccccc2)c(=O)o1,2,1
YAVYGLIDOKYBIQ-UHFFFAOYSA-N,O=C(NCC(CC1CCNCC1)N1CCCCC1)C1(c2ccccc2)CCCC1,2,2
YAYQPACFPAHFBP-ZHACJKMWSA-N,O=C(C=Cc1ccccc1)Nc1ccccc1,2,3
YBPKDCWIZDLZLH-BLLLJJGKSA-N,O=S(=O)(c1ccccc1)N1CCCC1c1ccccc1,2,3
YBVLXHRURDNMHN-URXFXBBRSA-N,O=C(NCc1cn(-c2ccccc2)c(=O)[nH]c1=O)C1CCCN1S(=O)(=O)c1cc2ccccc2o1,2,0
YCPKIIGXUMZROC-MQMHXKEQSA-N,O=c1c2[nH]cnc2ncn1Cc1nn(C2CC(Oc3ccccc3)C2)c(=O)o1,2,0
YCSCTJKEBOGQEI-VXGBXAGGSA-N,c1ccc(NC2CCCCC2)cc1,2,2
YDBYOXUORMOOBQ-UHFFFAOYSA-N,O=C(Cc1coc2[nH]c(=O)[nH]c(=O)c12)Nc1nc(-c2ccccc2)cs1,2,4
YDXYNXLPDIGXAM-DZGCQCFKSA-N,O=c1c2cccnc2ncn1Cc1nc(C2COC(c3ccccc3)C2)no1,2,1
YEACVWXJCVFKBH-KUHUBIRLSA-N,O=C(NCc1cc(-c2cncnc2)ccn1)C1CCCN1S(=O)(=O)c1ccccc1,2,3
YEIMPNFNEMTFDM-UHFFFAOYSA-N,O=C(Cn1cnc2[nH]c(=O)n(Cc3ccon3)c(=O)c21)Nc1cccc(-c2cccnc2)n1,2,3
YETYETHLQCIHEE-UHFFFAOYSA-N,c1ccc(-c2ccc3[nH]ncc3c2)cc1,2,4
YFHGTPYEYFYGAH-BBQAJUCSSA-N,O=C(NCc1cc(-c2ccccc2)ncn1)C1CCCN1S(=O)(=O)c1ccccc1,2,1
YFYZCTDEXIQQLY-LBPRGKRZSA-N,O=C(Cn1cnc2[nH]c(=O)[nH]c(=O)c21)Nc1cncc(-c2cccnc2)n1,2,3
YGJKAILDLPIFCZ-UHFFFAOYSA-N,O=C(Cc1cccc2[nH]c(=O)[nH]c(=O)c12)Nc1nc(-c2ccccc2)cs1,2,3
YGOMVEIEVIZJFF-JKSUJKDBSA-N,O=c1c2ccnn2ncn1Cc1nc(C2COC(c3ccccc3)C2)no1,2,4
YHGYDTGBMKTLPH-NQIIRXRSSA-N,O=C(NCc1cccc(-c2cccnc2)c1)C1CCCN1S(=O)(=O)c1ccccc1,2,0
YIPSQHDECVTTIC-NNGSBXSVSA-N,O=C(Cn1cnc2[nH]c(=O)[nH]c(=O)c21)Nc1cccc(-c2cnc(N3CC4CC4C3)nc2)n1,2,2
YIXDWPGKRKLDML-AWEZNQCLSA-N,O=C(Cn1cnc2[nH]c(=O)n(Cc3ccon3)c(=O)c21)Nc1cncc(-c2cccnc2)n1,2,0
YJGBPDRSVXCGGG-DZGCQCFKSA-N,O=c1c2ccnn2ncn1Cc1nc(C2COC(c3ccccc3)C2)no1,2,4
YJZRVQKJIFHXBP-MXVIHJGJSA-N,O=c1c2ccncc2ncn1Cc1nc(C2CC(c3ccc4ccccc4c3)C2)no1,2,1
YKFSMOUFOXUQLG-UHFFFAOYSA-N,O=C(c1csc(Nc2ccccc2)n1)N1CCCCC1,2,4
YLCJLPKUVYAFRE-QLPKVWCKSA-N,O=c1c2[nH]cnc2ncn1Cc1nc(C2C3CN(c4ccccc4)CC32)no1,2,0
YLWILSVEXGUUFP-UHFFFAOYSA-N,O=c1c2ccnnc2ncn1Cc1nn(CCc2ccccc2)c(=O)o1,2,3
YMGBPWVLZQNQFK-LBPRGKRZSA-N,O=C(Cn1cnc2[nH]c(=O)n(Cc3ncno3)c(=O)c21)Nc1cncc(-c2cccnc2)n1,2,4
YMZSYLUBFOARLT-UHFFFAOYSA-N,O=C(Cc1cccc2[nH]c(=O)[nH]c(=O)c12)Nc1ccn(-c2ccccc2)n1,2,4
YNQDIELZBNNYMX-UHFFFAOYSA-N,O=C(Cc1coc2[nH]c(=O)[nH]c(=O)c12)Nc1nc(-c2ccccc2)cs1,2,4
YNURNKHUOKGJKQ-UHFFFAOYSA-N,O=C(NCc1ccncc1)c1cn2c(=O)n(Cc3ccccc3)c(=O)cc2s1,2,3
YODKHKXVAZNODR-UHFFFAOYSA-N,O=C(Cn1cnc2[nH]c(=O)[nH]c(=O)c21)Nc1cncc(-c2cccnc2)n1,2,3
YOTMUJXMGKBCJI-UHFFFAOYSA-N,c1ccc(Nc2n[nH]c3cccnc23)cc1,2,1
YQDBFFOLHOLZKQ-GTPINHCMSA-N,O=C(Cn1cnc2[nH]c(=O)[nH]c(=O)c21)Nc1ccnc(-c2cnc(N3CC4CC4C3)nc2)n1,2,3
YRFKNZJDKYZGGS-UHFFFAOYSA-N,O=C(Cn1cnc2[nH]c(=O)n(Cc3ccccn3)c(=O)c21)Nc1csc(-c2ccccc2)n1,2,4
YRXHHMUCQVXQQZ-PTSVWTKZSA-N,c1ccncc1,2,3
YRZSUCWXBWCSKC-BMGDILEWSA-N,O=c1c2cccnc2ncn1Cc1nc(C2C3Cc4ccccc4C32)no1,2,3
YRZSUCWXBWCSKC-JLSDUUJJSA-N,O=c1c2cccnc2ncn1Cc1nc(C2C3Cc4ccccc4C32)no1,2,3
YSAHIYORNYLDMN-JCNLHEQBSA-N,O=c1c2cccc(=O)n2ccn1Cc1nn(C2CC(c3ccccc3)C2)c(=O)o1,2,0
YSCRLJGELYZACN-QFIPXVFZSA-N,O=C(NCc1cn(-c2ccccc2)c(=O)[nH]c1=O)C1CCCN1S(=O)(=O)c1cc2ccccc2s1,2,2
YSKFGBAYHFLJPZ-JXMROGBWSA-N,O=C(C=Cc1ccccc1)Nc1ccccc1,2,3
YTRXZKNDLRUBRK-KWUMSVIQSA-N,O=c1c2cccnc2ncn1Cc1nc(C2CC(c3ccccc3)C2)no1,2,2
YTXJELCYXHBTEZ-LBAQZLPGSA-N,O=C1NC(=O)C(c2cccnc2)C=C1CNC(=O)C1CCCN1S(=O)(=O)c1cc2ccccc2o1,2,4
YUDTVULXQVYYNC-FOLVSLTJSA-N,O=c1c2[nH]cnc2ncn1Cc1nc(C2C3CN(c4ccccc4)CC32)no1,2,0
YUJMTTVCSDSBRX-ZDUSSCGKSA-N,O=c1c2ccoc2ncn1Cc1nnn(CCc2ccccc2)n1,2,1
YVRAGDOGHOFVAV-NHPVSCMHSA-N,O=c1c2cccnc2ncn1Cc1nc(C2CC(c3ccccc3)C2)no1,2,2
YVSODWPINHYMTB-WCQYABFASA-N,O=c1c2[nH]cnc2ncn1Cc1nc(C2COC(c3ccccc3)C2)no1,2,2
YVTXACLMSGWIHC-CMPLNLGQSA-N,O=c1c2scnc2ncn1Cc1nc(C2COC(c3ccccc3)C2)no1,2,4
YVYCTLLAVRNGEF-GXTWGEPZSA-N,O=c1c2[nH]cnc2ncn1Cc1nc(C2COC(c3ccccc3)C2)no1,2,2
YWKRPHSLBJKOAU-JEYLPNPQSA-N,O=C(Cn1cnc2[nH]c(=O)[nH]c(=O)c21)Nc1csc(-c2ccc(N3CC4CC4C3)nc2)n1,2,2
YWTNZWTWPXOTMS-UHFFFAOYSA-N,O=C(NCc1ccccn1)c1cn2c(=O)n(Cc3ccccc3)c(=O)cc2s1,2,1
YXACHAYJFVKEGM-YPMHNXCESA-N,c1ccc(CC2CCCCC2)cc1,2,1
YXGNKWWQBPNQGF-UHFFFAOYSA-N,O=C(Cn1cnc2[nH]c(=O)[nH]c(=O)c21)Nc1csc(-c2cccnc2)n1,2,3
YXGOBDAAYPMHSY-SWLSCSKDSA-N,O=C1CCc2c(ncn(Cc3nc(C4COC(c5ccccc5)C4)no3)c2=O)N1,2,3
YXJXMUOKXGOJSX-UTKZUKDTSA-N,O=C(NCc1ccnc(-c2ccccc2)c1)C1CCCN1S(=O)(=O)c1ccccc1,2,2
YXMXFIXCGYXMMH-LBPRGKRZSA-N,O=C(Cn1cnc2[nH]c(=O)n(Cc3ccon3)c(=O)c21)Nc1cccc(-c2cncnc2)n1,2,3
YXTJFYWQCCHXMG-WKILWMFISA-N,O=c1c2cccnc2ncn1Cc1nc(C2CC(c3ccccc3)C2)no1,2,2
ZAGOOYBFBXAWFI-UHFFFAOYSA-N,c1ccc(Oc2ncnc3[nH]ccc23)cc1,2,3
ZAGXFWMLCVBKQA-HALDLXJZSA-N,O=c1c2[nH]cnc2ncn1Cc1nc(C2C3CN(c4ccccc4)CC32)no1,2,0
ZAKRHAFBIBTPAZ-UOIKSKOESA-N,O=c1c2cccnc2ncn1Cc1nc(C2C3CN(c4ccccn4)CC32)no1,2,0
ZBIRHILYHCONPB-GXTWGEPZSA-N,O=c1c2cncn2ncn1Cc1nc(C2COC(c3ccccc3)C2)no1,2,1
ZBPBSDLPRVLCQI-BBRMVZONSA-N,O=C(Cn1cnc2[nH]c(=O)[nH]c(=O)c21)Nc1cncc(-c2cnc(N3CCCC3)nc2)n1,2,4
ZBPBSDLPRVLCQI-XJKSGUPXSA-N,O=C(Cn1cnc2[nH]c(=O)[nH]c(=O)c21)Nc1cncc(-c2cnc(N3CCCC3)nc2)n1,2,4
ZCIFHOGRCNHUOK-GXTWGEPZSA-N,O=c1c2cncn2ncn1Cc1nc(C2COC(c3ccccc3)C2)no1,2,1
ZCMKYTSUHVQDND-DOMZBBRYSA-N,O=C(NCc1nc(C2COC(c3ccccc3)C2)no1)c1cnc[nH]1,2,2
ZDSBAXBNBDORFX-IGEOTXOUSA-N,O=C(Cn1cnc2[nH]c(=O)[nH]c(=O)c21)Nc1csc(-c2ccc(N3CC4CC4C3)nc2)n1,2,2
ZEPHBHNMKKSYEJ-DYXDTQHNSA-N,O=C(NCc1cc(-c2cncnc2)ccn1)C1CCCN1S(=O)(=O)c1ccccc1,2,3
ZESGFLRFTSROCX-NVXWUHKLSA-N,O=c1c2cccnc2ncn1Cc1nn(C2CCC(c3ccccc3)C2)c(=O)o1,2,1
ZFDRQUMFPQAQNX-HBYGRHMLSA-N,O=c1c2[nH]cnc2ncn1Cc1nc(C2C3CN(c4ccccc4)CC32)no1,2,0
ZFYMVMUDHSAMSG-ATCWAGBWSA-N,O=c1c2cnoc2ncn1Cc1nc(C2C3CN(c4ccccn4)CC32)no1,2,2
ZGUQIIBJOCXMDV-UHFFFAOYSA-N,O=C(NCC(Cc1ccccc1)N1CCCCC1)C1(c2ccccc2)CC1,2,1
ZGWIQYQXDGDHMR-SFHVURJKSA-N,O=C(Cn1cnc2[nH]c(=O)[nH]c(=O)c21)Nc1cccc(-c2cnc(N3CCCC3)nc2)n1,2,1
ZICMCRZATKHWEO-FOLVSLTJSA-N,O=c1c2[nH]cnc2ncn1Cc1nc(C2C3CN(c4ccccc4)CC32)no1,2,0
ZIKZMIAHXLHIRK-NHAGDIPZSA-N,O=c1c2[nH]nnc2ncn1Cc1nc(C2C3CN(c4ccccc4)CC32)no1,2,2
ZIVPKPBELQYMFG-SFHVURJKSA-N,O=C(NCc1cn(-c2ccccc2)c(=O)[nH]c1=O)C1CCCN1S(=O)(=O)c1cccs1,2,1
ZJABEFARNCXQDZ-KRWDZBQOSA-N,O=C(Cn1cnc2[nH]c(=O)n(Cc3ccon3)c(=O)c21)Nc1cccc(-c2cccnc2)n1,2,3
ZJKZMXQQSDVDLA-NCFLSLSRSA-N,C(=CCCC1CCCOO1)CCC1=CCCCC1,2,0
ZJKZMXQQSDVDLA-RMXXGELBSA-N,C(=CCCC1CCCOO1)CCC1=CCCCC1,2,0
ZJLOTFNKTLOXQU-AWEZNQCLSA-N,O=C(Cn1cnc2[nH]c(=O)[nH]c(=O)c21)Nc1cccc(-c2cccnc2)n1,2,0
ZJLYAVZPZQXDIQ-UHFFFAOYSA-N,O=c1[nH]cnc2cnn(Cc3nn(CCc4ccccc4)c(=O)o3)c12,2,4
ZKGVGSMPJCRCOI-OFNKIYASSA-N,O=C(NCc1ccnc(-c2ccccc2)c1)C1CCCN1S(=O)(=O)c1ccccc1,2,2
ZKMARFBVNODTEA-MULNXWOJSA-N,O=C(NCc1cc(C23CCC(CC2)CC3)ncn1)C1CCCN1S(=O)(=O)c1ccccc1,2,3
ZKPBQRHUFMIQCM-ZLPCBKJTSA-N,O=C(Cn1cnc2[nH]c(=O)[nH]c(=O)c21)Nc1csc(-c2ccc(N3CC4CC4C3)nc2)n1,2,2
ZKTUMHFHLXSNAM-SFTDATJTSA-N,O=C(NCc1cccc(-c2cncnc2)c1)C1CCCN1S(=O)(=O)c1ccccc1,2,0
ZKVHRKRSQGNMIJ-UHFFFAOYSA-N,O=C(Cc1cccc2[nH]c(=O)[nH]c(=O)c12)Nc1nc(-c2ccccc2)cs1,2,3
ZLGGDXLEMLRCRT-UHFFFAOYSA-N,O=C(Cc1csc2[nH]c(=O)[nH]c(=O)c12)Nc1nc(-c2ccccc2)cs1,2,1
ZLQWHYXILIRZJA-NILFDRSVSA-N,O=c1c2[nH]cnc2ncn1Cc1nc(C2C3Cc4ccccc4C32)no1,2,2
ZLQWHYXILIRZJA-UGFHNGPFSA-N,O=c1c2[nH]cnc2ncn1Cc1nc(C2C3Cc4ccccc4C32)no1,2,2
ZLRQOPRFOLBNTA-UHFFFAOYSA-N,O=C(Cc1csc2[nH]c(=O)[nH]c(=O)c12)Nc1nc(-c2ccccc2)cs1,2,1
ZMFNOHRIULKSCC-UHFFFAOYSA-N,c1ccc(Nc2n[nH]c3ccccc23)cc1,2,3
ZNOZSVVROSWSRZ-WMLDXEAASA-N,O=c1c2cccc(=O)n2ccn1Cc1nc(C2COC(c3ccccc3)C2)no1,2,1
ZNZNLOPOYMLSDO-UHFFFAOYSA-N,O=c1[nH]cnc2cnn(Cc3nn(CCc4ccccc4)c(=O)o3)c12,2,4
ZOHYTOOFZMTKLL-JOCQHMNTSA-N,O=c1c2[nH]cnc2ncn1Cc1nn(C2CC(c3ccccc3)C2)c(=O)o1,2,0
ZPQGIOXLLCZONP-SFHVURJKSA-N,O=C(NCc1cc(-c2cccnc2)ncn1)C1CCN1S(=O)(=O)c1ccccc1,2,4
ZPWTWZBWZLSTLF-KBPBESRZSA-N,O=c1c2[nH]cnc2ncn1Cc1nc(C2CCC(c3ccccc3)C2)no1,2,1
ZPXMWXHOFAMXMI-FPOVZHCZSA-N,O=C(NCc1cc(-c2ccccn2)ccn1)C1CCCN1S(=O)(=O)c1ccccc1,2,2
ZPYIDLJKUISUIE-BEFAXECRSA-N,O=C(NCc1cc(-c2cccnc2)ncn1)C1CCCN1S(=O)(=O)c1ccccc1,2,0
ZPYQDEKCILEBNB-AWEZNQCLSA-N,O=C(Cn1cnc2[nH]c(=O)n(Cc3ccon3)c(=O)c21)Nc1cccc(-c2cccnc2)n1,2,3
ZQDXHKPYPKVBFP-DOMZBBRYSA-N,O=C(NCc1cc(-c2cccnc2)ncn1)C1CCCN1S(=O)(=O)c1cccs1,2,3
ZQPFWJOHVAEPBW-UHFFFAOYSA-N,O=C(Cc1ccnc2[nH]c(=O)[nH]c(=O)c12)Nc1nc(-c2ccccc2)cs1,2,0
ZROLHBHDLIHEMS-HUUCEWRRSA-N,C1=CC2c3ccccc3OCC2CC1,2,1
ZRVTVXBVIYQWKR-UHFFFAOYSA-N,O=c1c2cccnc2ncn1Cc1nc(C2Cc3ccccc3C2)no1,2,2
ZSBRAOYPHXSBBJ-GXTWGEPZSA-N,O=c1c2[nH]cnc2ncn1Cc1nc(C2COC(c3ccccc3)C2)no1,2,2
ZSDKCIXPAMDTMA-GCJKJVERSA-N,O=C(NCc1cc(-c2cncnc2)nc(-c2cncnc2)c1)C1CCCN1S(=O)(=O)c1ccccc1,2,2
ZSIJWXVPDONYJZ-NHPVSCMHSA-N,O=c1c2cccnc2ncn1Cc1nc(C2CC(c3ccccc3)C2)no1,2,2
ZTARYRCURIRMNQ-RUYXUALKSA-N,O=c1c2[nH]cnc2ncn1Cc1nc(C2C3CN(c4ccc(-c5cn[nH]c5)cc4)CC32)no1,2,0
ZUTUWJYMCADJHD-UHFFFAOYSA-N,O=C(Cn1cnc2[nH]c(=O)[nH]c(=O)c21)Nc1ccccc1,2,3
ZVRSTWIVTSZIGD-ZDUSSCGKSA-N,O=C(Cn1cnc2[nH]c(=O)n(Cc3ccon3)c(=O)c21)Nc1csc(-c2cccnc2)n1,2,4
ZVSPWYGMKXWYHG-UHFFFAOYSA-N,O=C(Cc1coc2[nH]c(=O)[nH]c(=O)c12)Nc1nc(-c2ccccc2)cs1,2,4
ZWTQJRZNKIYIOA-VIKVFOODSA-N,O=c1c2[nH]cnc2cnn1Cc1nc(C2C3CN(c4cccnc4)CC32)no1,2,1
ZXVAOQBQHVUZEJ-QFIPXVFZSA-N,O=C(NCc1cn(-c2ccccc2)c(=O)[nH]c1=O)C1CCCN1S(=O)(=O)c1cc2ccccc2o1,2,0
ZXWITAARDYYKLO-QRWLVFNGSA-N,O=C(NCc1cc(-c2cccnc2)ccn1)C1CCCN1S(=O)(=O)c1ccccc1,2,1
ZXZGHARNRVRJPP-MQMHXKEQSA-N,O=c1c2[nH]cnc2ncn1Cc1nn(C2CC(Oc3ccccc3)C2)c(=O)o1,2,0
ZYJXKCVDCJYPHV-FCRSSCQMSA-N,O=C(Cc1cnn(-c2cncnc2)c1)NC1CCC1[SH+]c1ccccc1,2,0
ZZJVCNLMLHLBLE-KXTWHKPSSA-N,O=c1c2[nH]cnc2ncn1Cc1nc(C2C3CN(c4cccc(-c5ccncc5)c4)CC32)no1,2,3
ZZJWYOJKUOWURA-FQEVSTJZSA-N,O=C(NCc1cn(-c2ccccn2)c(=O)[nH]c1=O)C1CCCN1S(=O)(=O)c1cc2ccccc2o1,2,0
ZZSYQYNHASLYPZ-FOLVSLTJSA-N,O=c1c2[nH]cnc2ncn1Cc1nc(C2C3CN(c4ccccc4)CC32)no1,2,0
