inchikey,standard_type,std_smiles,molecule_chembl_id,pchembl_median,pchembl_min,pchembl_max,pchembl_std,n_measurements,assay_types,year_min,year_max,scaffold,split
AADNQPJZRQAMOD-OOHWJJMZSA-N,IC50,CCC(=O)Cn1c(=O)c2c(ncn2[C@@H](C)C(=O)Nc2csc(-c3ccc(N4CC5CC5C4)nc3)n2)n(C)c1=O,CHEMBL6037240,9.0,9.0,9.0,,1,B,2019,2019,O=C(Cn1cnc2[nH]c(=O)[nH]c(=O)c21)Nc1csc(-c2ccc(N3CC4CC4C3)nc2)n1,train
AADPNBLFAHYYBS-VXGBXAGGSA-N,IC50,O[C@]1(C(F)(F)F)CCCC[C@H]1Nc1cccc(F)c1,CHEMBL5413993,7.2,7.2,7.2,,1,B,2023,2023,c1ccc(NC2CCCCC2)cc1,train
AAOJDMVYFBSKFT-UHFFFAOYSA-N,IC50,CC(C)(C)Nc1c(-c2cccc(C#N)c2)nc2ccc(Cl)cn12,CHEMBL3944269,5.67,5.67,5.67,,1,B,2016,2016,c1ccc(-c2cn3ccccc3n2)cc1,train
AARVTENEMZRJQO-VIZZQPHQSA-N,IC50,C[C@H]1[C@H](F)C[C@@H](C(=O)NCc2ccnc(-c3cnc(C(F)(F)F)nc3)c2)N1S(=O)(=O)c1ccc(F)cc1,CHEMBL4103225,7.49,7.16,7.82,0.4666904755831215,2,B,2018,2022,O=C(NCc1ccnc(-c2cncnc2)c1)C1CCCN1S(=O)(=O)c1ccccc1,train
AASDZFLETHTKKS-UHFFFAOYSA-N,IC50,CCCCCCc1ccc(-c2csc(NC(=O)Cn3ccc4c3c(=O)n(C)c(=O)n4C)n2)cc1,CHEMBL1946121,5.58,5.58,5.58,,1,F,2012,2012,O=C(Cn1ccc2[nH]c(=O)[nH]c(=O)c21)Nc1nc(-c2ccccc2)cs1,train
ABOASBRALGFDPQ-GJZGRUSLSA-N,IC50,Cn1cnc2ncn(Cc3nn([C@H]4CC[C@H](c5ccccc5)C4)c(=O)o3)c(=O)c21,CHEMBL5953252,6.81,6.81,6.81,,1,B,2021,2021,O=c1c2[nH]cnc2ncn1Cc1nn(C2CCC(c3ccccc3)C2)c(=O)o1,train
ABQLUKILVQNPKZ-UHFFFAOYSA-N,IC50,CCc1cc(NC(=O)Cn2cnc3c2c(=O)n(Cc2cc(C)on2)c(=O)n3C)nc(C(F)(F)F)c1,CHEMBL5812994,5.79,5.79,5.79,,1,B,2019,2019,O=C(Cn1cnc2[nH]c(=O)n(Cc3ccon3)c(=O)c21)Nc1ccccn1,train
ABYAAFDXQRWTJE-DOTOQJQBSA-N,IC50,Cc1ccc(=O)n2ccn(Cc3nc([C@@H]4CO[C@@H](c5ccc(Cl)cc5)C4)no3)c(=O)c12,CHEMBL5849460,8.37,8.37,8.37,,1,B,2020,2020,O=c1c2cccc(=O)n2ccn1Cc1nc(C2COC(c3ccccc3)C2)no1,train
ADSGDRJGOSICMK-XJKSGUPXSA-N,IC50,O=c1c2cccc(=O)n2cnn1Cc1nc([C@@H]2CO[C@@H](c3ccc(Cl)cc3)C2)no1,CHEMBL5806080,8.62,8.62,8.62,,1,B,2020,2020,O=c1c2cccc(=O)n2cnn1Cc1nc(C2COC(c3ccccc3)C2)no1,val
ADVULNQGSUGCCG-KXTWHKPSSA-N,IC50,Cn1cnc2ncn(Cc3nc([C@H]4[C@@H]5CN(c6cccc(-c7cccnc7)c6)C[C@@H]54)no3)c(=O)c21,CHEMBL6057953,7.220000000000001,7.11,7.33,0.1555634918610406,2,B,2020,2020,O=c1c2[nH]cnc2ncn1Cc1nc(C2C3CN(c4cccc(-c5cccnc5)c4)CC32)no1,val
AFCFNPKLZQLKPK-APWZRJJASA-N,IC50,O=C(NCc1cn(-c2ccc(C(F)(F)F)cc2)nc1Cl)[C@@H]1C[C@@H](F)CN1S(=O)(=O)c1ccc(F)cc1,CHEMBL6063051,7.605,7.11,8.1,0.7000357133746818,2,B,2022,2022,O=C(NCc1cnn(-c2ccccc2)c1)C1CCCN1S(=O)(=O)c1ccccc1,train
AGKMZNQCTOWDFF-ZDUSSCGKSA-N,IC50,O=C1NCCc2c1sc1ncn(Cc3nc(C[C@H](O)c4ccc(Cl)cc4)no3)c(=O)c21,CHEMBL4848526,8.05,8.05,8.05,0.0,2,B,2021,2021,O=C1NCCc2c1sc1ncn(Cc3nc(CCc4ccccc4)no3)c(=O)c21,val
AGPQIQSLJAQASS-GLJUWKHASA-N,IC50,Cn1cnc2ncn(Cc3nc([C@H]4[C@@H]5C=C(c6ccc7ncsc7c6)C[C@@H]54)no3)c(=O)c21,CHEMBL6010659,8.155,7.8,8.51,0.502045814642449,2,B,2020,2020,O=c1c2[nH]cnc2ncn1Cc1nc(C2C3C=C(c4ccc5ncsc5c4)CC32)no1,val
AGXCNAPHYYLCHN-IBGZPJMESA-N,IC50,CC(C)n1c(=O)c(CNC(=O)[C@@H]2CCCN2S(=O)(=O)c2cc3cnccc3o2)cn(-c2ccc(C(F)(F)F)nc2)c1=O,CHEMBL5920363,6.24,6.24,6.24,,1,B,2020,2020,O=C(NCc1cn(-c2cccnc2)c(=O)[nH]c1=O)C1CCCN1S(=O)(=O)c1cc2cnccc2o1,val
AHHGHXFTQVZBPO-UHFFFAOYSA-N,IC50,COc1cc2ccnc(Oc3ccc(F)cc3)c2cc1OC,CHEMBL3298322,6.48,6.48,6.48,,1,B,2014,2014,c1ccc(Oc2nccc3ccccc23)cc1,train
AHJAJTHWNBFJBF-YCPHGPKFSA-N,IC50,Cn1c(N)nc2ncn(Cc3nc([C@H]4[C@@H]5C=C(c6ccccc6)C[C@@H]54)no3)c(=O)c21,CHEMBL5778028,7.95,7.48,8.42,0.6646803743153543,2,B,2020,2020,O=c1c2[nH]cnc2ncn1Cc1nc(C2C3C=C(c4ccccc4)CC32)no1,train
AIAJJMJAXBVVRD-YABSGUDNSA-N,IC50,Cn1cnc2ncn(Cc3nc([C@H]4[C@@H]5CN(c6ncccc6F)C[C@@H]54)no3)c(=O)c21,CHEMBL5854314,6.9,6.84,6.96,0.0848528137423854,2,B,2020,2020,O=c1c2[nH]cnc2ncn1Cc1nc(C2C3CN(c4ccccn4)CC32)no1,train
AIWIRRGSGOLMQX-UHFFFAOYSA-N,IC50,Cc1cnc(Cl)c2ncn(Cc3nn(CCc4ccc(Cl)cc4)c(=O)o3)c(=O)c12,CHEMBL5841138,7.75,7.75,7.75,,1,B,2021,2021,O=c1c2ccncc2ncn1Cc1nn(CCc2ccccc2)c(=O)o1,train
AIXGIOZVDSOSEU-HWWDLCQESA-N,IC50,Nc1ccc2c(=O)n(Cc3nc([C@H]4[C@@H]5CN(c6cccc(F)c6)C[C@@H]54)no3)cnc2n1,CHEMBL5907292,8.19,8.01,8.37,0.2545584412271567,2,B,2020,2020,O=c1c2cccnc2ncn1Cc1nc(C2C3CN(c4ccccc4)CC32)no1,train
AJFUDTVIKFGQMS-UHFFFAOYSA-N,IC50,Fc1cccc(Oc2ncnc3[nH]ccc23)c1F,CHEMBL3298499,5.57,5.57,5.57,,1,B,2014,2014,c1ccc(Oc2ncnc3[nH]ccc23)cc1,train
AJGIUAWWWVYNEY-ZDUSSCGKSA-N,IC50,CC(=O)Cn1c(=O)c2c(ncn2[C@@H](C)C(=O)Nc2cccc(-c3ccc(C(F)(F)F)nc3)n2)n(C)c1=O,CHEMBL5810663,7.68,7.68,7.68,,1,B,2019,2019,O=C(Cn1cnc2[nH]c(=O)[nH]c(=O)c21)Nc1cccc(-c2cccnc2)n1,train
AKDLWVHAJCEAKD-ZDUSSCGKSA-N,IC50,CCC(=O)Cn1c(=O)c2c(ncn2[C@@H](C)C(=O)Nc2cccc(-c3cnc(OC)c(C(F)(F)F)c3)n2)n(C)c1=O,CHEMBL5992488,9.0,9.0,9.0,,1,B,2019,2019,O=C(Cn1cnc2[nH]c(=O)[nH]c(=O)c21)Nc1cccc(-c2cccnc2)n1,train
AKQMAZGMANPFFK-GOSISDBHSA-N,IC50,CC(C)N(CC(=O)NC[C@H]1CCCN(c2ccc(C(F)(F)F)cc2)C1)S(=O)(=O)c1ccc(F)cc1,CHEMBL4110915,6.3,6.3,6.3,,1,B,2016,2016,O=C(CNS(=O)(=O)c1ccccc1)NCC1CCCN(c2ccccc2)C1,train
AKQMAZGMANPFFK-SFHVURJKSA-N,IC50,CC(C)N(CC(=O)NC[C@@H]1CCCN(c2ccc(C(F)(F)F)cc2)C1)S(=O)(=O)c1ccc(F)cc1,CHEMBL3908709,6.51,6.51,6.51,,1,B,2016,2016,O=C(CNS(=O)(=O)c1ccccc1)NCC1CCCN(c2ccccc2)C1,train
AKQMAZGMANPFFK-UHFFFAOYSA-N,IC50,CC(C)N(CC(=O)NCC1CCCN(c2ccc(C(F)(F)F)cc2)C1)S(=O)(=O)c1ccc(F)cc1,CHEMBL3890809,6.63,6.63,6.63,,1,B,2016,2016,O=C(CNS(=O)(=O)c1ccccc1)NCC1CCCN(c2ccccc2)C1,train
AKXYWNUSJTXEKI-NHAGDIPZSA-N,IC50,Cn1cnc2ncn(Cc3nc([C@H]4[C@@H]5CN(c6cncc(Cl)c6)C[C@@H]54)no3)c(=O)c21,CHEMBL5834986,6.54,6.54,6.54,,1,B,2020,2020,O=c1c2[nH]cnc2ncn1Cc1nc(C2C3CN(c4cccnc4)CC32)no1,train
AKZDACQLYHVVHF-WCQYABFASA-N,IC50,Cn1c(N)nc2ncn(Cc3nc([C@@H]4CO[C@@H](c5ccc(Cl)cc5)C4)no3)c(=O)c21,CHEMBL5947433,7.62,7.23,8.01,0.5515432893255067,2,B,2020,2020,O=c1c2[nH]cnc2ncn1Cc1nc(C2COC(c3ccccc3)C2)no1,train
AKZZSBPAHSIOBC-XVDXERDNSA-N,IC50,Cn1cnc2ncn(Cc3nn([C@H]4C[C@](F)(c5ccc(F)cc5)C4)c(=O)o3)c(=O)c21,CHEMBL5773844,7.1,7.1,7.1,,1,B,2021,2021,O=c1c2[nH]cnc2ncn1Cc1nn(C2CC(c3ccccc3)C2)c(=O)o1,train
ALDVAWDTIJSMNO-ZDHWLGKOSA-N,IC50,CC(=C\c1ccc(F)cc1)/C(=N/O)C(C)(C)C,CHEMBL3697705,5.1,5.1,5.1,,1,B,2015,2015,c1ccccc1,train
ALEGZXFLOSZQFJ-OIPGSKEASA-N,IC50,CCCCC(=N\O)/C(C)=C/c1ccc(F)cc1,CHEMBL3697706,5.36,5.36,5.36,,1,B,2015,2015,c1ccccc1,train
ALPYZNHKWLPYPM-HDJSIYSDSA-N,IC50,COc1ccc([C@H]2C[C@H](n3nc(Cn4cnc5ncn(C)c5c4=O)oc3=O)C2)cc1,CHEMBL5801295,6.98,6.98,6.98,,1,B,2021,2021,O=c1c2[nH]cnc2ncn1Cc1nn(C2CC(c3ccccc3)C2)c(=O)o1,train
AMABIFVVCZYKIM-WCQYABFASA-N,IC50,Cn1nnc2ncn(Cc3nc([C@@H]4CO[C@@H](c5ccc(F)cc5)C4)no3)c(=O)c21,CHEMBL6024610,8.295,8.12,8.47,0.2474873734152926,2,B,2020,2020,O=c1c2[nH]nnc2ncn1Cc1nc(C2COC(c3ccccc3)C2)no1,train
AMMUKFMDWPZRHN-OOHWJJMZSA-N,IC50,Cc1noc(Cn2c(=O)c3c(ncn3[C@@H](C)C(=O)Nc3cccc(-c4cnc(N5CC6CC6C5)nc4)n3)n(C)c2=O)n1,CHEMBL5953298,8.4,8.4,8.4,,1,B,2019,2019,O=C(Cn1cnc2[nH]c(=O)n(Cc3ncno3)c(=O)c21)Nc1cccc(-c2cnc(N3CC4CC4C3)nc2)n1,val
ANDQZSDRMVJBQS-UHFFFAOYSA-N,IC50,Cc1cc(Cn2c(=O)c3c(ncn3CC(=O)Nc3cccc(-c4cnc(C)c(F)c4)n3)n(C)c2=O)no1,CHEMBL5837721,7.77,7.77,7.77,,1,B,2019,2019,O=C(Cn1cnc2[nH]c(=O)n(Cc3ccon3)c(=O)c21)Nc1cccc(-c2cccnc2)n1,train
ANNUHVXNCFVLIP-GXTWGEPZSA-N,IC50,Cc1nc(Br)n2ncn(Cc3nc([C@@H]4CO[C@@H](c5ccc(F)cc5)C4)no3)c(=O)c12,CHEMBL5876271,7.48,7.48,7.48,,1,B,2020,2020,O=c1c2cncn2ncn1Cc1nc(C2COC(c3ccccc3)C2)no1,train
ANPQBLBZMKRGJT-UHFFFAOYSA-N,IC50,Cn1c(=O)c2c(CC(=O)Nc3nc(-c4ccc(F)c(C(F)(F)F)c4F)cs3)c(Cl)oc2n(C)c1=O,CHEMBL3949747,8.0,8.0,8.0,,1,B,2015,2015,O=C(Cc1coc2[nH]c(=O)[nH]c(=O)c12)Nc1nc(-c2ccccc2)cs1,train
ANROYDNBUBEGHC-MQMHXKEQSA-N,IC50,Cc1noc2ncn(Cc3nn([C@H]4C[C@H](c5ccc(Cl)cc5)C4)c(=O)o3)c(=O)c12,CHEMBL5925924,7.44,7.44,7.44,,1,B,2021,2021,O=c1c2cnoc2ncn1Cc1nn(C2CC(c3ccccc3)C2)c(=O)o1,val
ANSVBJGYIJAUDS-UHFFFAOYSA-N,IC50,CCCCCCc1ccc(NC(=O)Cn2ccc3c2c(=O)n(C)c(=O)n3C)cc1,CHEMBL1944847,5.8,5.8,5.8,,1,F,2012,2012,O=C(Cn1ccc2[nH]c(=O)[nH]c(=O)c21)Nc1ccccc1,train
ANVHGHPKRCRGRV-UHFFFAOYSA-N,IC50,CC(=O)Cn1c(=O)c2c(nc(C)n2CC(=O)Nc2cccc(-c3ccc(Cl)cc3)n2)n(C)c1=O,CHEMBL5895659,7.48,7.48,7.48,,1,B,2019,2019,O=C(Cn1cnc2[nH]c(=O)[nH]c(=O)c21)Nc1cccc(-c2ccccc2)n1,train
AOHQOEYOFNJJNZ-XLIONFOSSA-N,IC50,O=C(NCc1cc(-c2cnc(C(F)(F)F)nc2)ccc1Cl)[C@@H]1C[C@@H](F)CN1S(=O)(=O)c1ccc(F)cc1,CHEMBL5844737,8.4,8.4,8.4,,1,B,2022,2022,O=C(NCc1cccc(-c2cncnc2)c1)C1CCCN1S(=O)(=O)c1ccccc1,train
AOZCJXPKMNJCQR-GGYDESQDSA-N,IC50,Cc1ccnc2ncn(Cc3nn([C@H]4C[C@](F)(c5ccc(Cl)cc5)C4)c(=O)o3)c(=O)c12,CHEMBL5755565,7.53,7.53,7.53,,1,B,2021,2021,O=c1c2cccnc2ncn1Cc1nn(C2CC(c3ccccc3)C2)c(=O)o1,train
APBUNKVHHWMAAH-CHWSQXEVSA-N,IC50,N#Cc1ccc(N[C@@H]2CCCC[C@]2(O)C(F)(F)F)cc1,CHEMBL5394738,6.99,6.99,6.99,,1,B,2023,2023,c1ccc(NC2CCCCC2)cc1,train
APCBJCFILSRMRW-NQPRBDNZSA-N,IC50,CC(/C=C/c1ccc(F)cc1)=N\O,CHEMBL3697711,4.69,4.69,4.69,,1,B,2015,2015,c1ccccc1,train
APHAPQUZFADCCT-UHFFFAOYSA-N,IC50,Fc1ccc(Oc2ncnc3[nH]cc(I)c23)c(F)c1,CHEMBL3298585,5.6,5.6,5.6,,1,B,2014,2014,c1ccc(Oc2ncnc3[nH]ccc23)cc1,train
APLQHKFABMHWHP-UHFFFAOYSA-N,IC50,O=C(NC(Sc1ccc(Cl)cc1)C(Cl)(Cl)Cl)c1ccc(Br)cc1,CHEMBL1086588,7.29,6.6,7.55,0.4909514572066504,3,F,2010,2010,O=C(NCSc1ccccc1)c1ccccc1,train
AQIGJCZBZXSONM-UHFFFAOYSA-N,IC50,CC(C)CNc1cc(NC(=O)c2cccs2)cc(C(F)(F)F)c1,CHEMBL3311181,6.1,6.1,6.1,,1,B,2014,2014,O=C(Nc1ccccc1)c1cccs1,train
ARPWNFCYSNNAPW-UHFFFAOYSA-N,IC50,Cn1c(=O)n(Cc2ccccn2)c(=O)c2c1ncn2CC(=O)Nc1cccc(-c2cnc(C(F)(F)F)nc2)n1,CHEMBL5908875,7.13,7.13,7.13,,1,B,2019,2019,O=C(Cn1cnc2[nH]c(=O)n(Cc3ccccn3)c(=O)c21)Nc1cccc(-c2cncnc2)n1,train
ASHUQWDHMIZJFH-UHFFFAOYSA-N,IC50,O=C(Nc1cc(NCc2ccccc2)cc(C(F)(F)F)c1)c1cccs1,CHEMBL3311176,5.54,5.54,5.54,,1,B,2014,2014,O=C(Nc1cccc(NCc2ccccc2)c1)c1cccs1,val
ASRRTOJJNKDPOE-XLIONFOSSA-N,IC50,O=C(NCc1cc(F)cc(-c2cnc(C(F)(F)F)cn2)c1)[C@@H]1C[C@@H](F)CN1S(=O)(=O)c1ccc(F)cc1,CHEMBL6055139,7.85,7.85,7.85,,1,B,2022,2022,O=C(NCc1cccc(-c2cnccn2)c1)C1CCCN1S(=O)(=O)c1ccccc1,train
ATLHEWQHWGSHBX-AULYBMBSSA-N,IC50,Cn1cnc2ncn(Cc3nc([C@H]4C[C@H](C(F)(F)c5cccc(Cl)c5)C4)no3)c(=O)c21,CHEMBL5842669,7.734999999999999,7.58,7.89,0.2192031021678297,2,B,2020,2020,O=c1c2[nH]cnc2ncn1Cc1nc(C2CC(Cc3ccccc3)C2)no1,train
AUHAKZCDXJXNIS-WCQYABFASA-N,IC50,Cn1c(N)nc2ncn(Cc3nc([C@@H]4CO[C@@H](c5ccc(F)cc5)C4)no3)c(=O)c21,CHEMBL6016416,7.31,6.9,7.72,0.5798275605729682,2,B,2020,2020,O=c1c2[nH]cnc2ncn1Cc1nc(C2COC(c3ccccc3)C2)no1,train
AUNMQOCPGMEAST-ZFWWWQNUSA-N,IC50,CC(=O)Cn1c(=O)c2c(ncn2[C@@H](C)C(=O)Nc2csc(-c3cnc(N4CCC[C@H]4C(F)(F)F)nc3)n2)n(C)c1=O,CHEMBL5910411,8.7,8.7,8.7,,1,B,2019,2019,O=C(Cn1cnc2[nH]c(=O)[nH]c(=O)c21)Nc1csc(-c2cnc(N3CCCC3)nc2)n1,train
AUVVPNQJMBEMDI-FOLVSLTJSA-N,IC50,Cn1cnc2ncn(Cc3nc([C@H]4[C@@H]5CN(c6ccc(OC(F)(F)F)cc6)C[C@@H]54)no3)c(=O)c21,CHEMBL5785384,7.37,7.37,7.37,,1,B,2020,2020,O=c1c2[nH]cnc2ncn1Cc1nc(C2C3CN(c4ccccc4)CC32)no1,train
AVGRXCGZLZSSPC-UHFFFAOYSA-N,IC50,Cn1c(=O)c2c(CC(=O)Nc3nc(-c4ccc(C5CCCCC5)cc4)cs3)cccc2n(C)c1=O,CHEMBL3968210,7.33,7.33,7.33,,1,B,2015,2015,O=C(Cc1cccc2[nH]c(=O)[nH]c(=O)c12)Nc1nc(-c2ccc(C3CCCCC3)cc2)cs1,val
AVISJIJTLXTWET-LBPRGKRZSA-N,IC50,Cc1nc(Cn2c(=O)c3c(ncn3[C@@H](C)C(=O)Nc3ccnc(-c4cnc(C)c(C(F)(F)F)c4)n3)n(C)c2=O)no1,CHEMBL5875124,8.7,8.7,8.7,,1,B,2019,2019,O=C(Cn1cnc2[nH]c(=O)n(Cc3ncon3)c(=O)c21)Nc1ccnc(-c2cccnc2)n1,val
AVMFNJJDFFARPS-IBGZPJMESA-N,IC50,O=C(NCc1cc(-c2ccc(C(F)(F)F)nc2)ncn1)[C@@H]1CCCN1S(=O)(=O)c1ccc(F)cc1,CHEMBL4104646,6.81,6.81,6.81,,1,B,2018,2018,O=C(NCc1cc(-c2cccnc2)ncn1)C1CCCN1S(=O)(=O)c1ccccc1,train
AVMYOZBHUDFCJI-AEFFLSMTSA-N,IC50,O=C(NCc1cc(F)cc(-c2cnc(C(F)(F)F)s2)c1)[C@@H]1C[C@@H](F)CN1S(=O)(=O)c1ccc(F)cc1,CHEMBL5929664,7.92,7.92,7.92,,1,B,2022,2022,O=C(NCc1cccc(-c2cncs2)c1)C1CCCN1S(=O)(=O)c1ccccc1,val
AVZYAMPJJDVPDJ-UHFFFAOYSA-N,IC50,O=C1C2=C(NC(=S)NC2c2cccc(CO)c2)c2ccccc21,CHEMBL1939977,6.15,6.15,6.15,,1,F,2012,2012,O=C1C2=C(NC(=S)NC2c2ccccc2)c2ccccc21,train
AWDCUIDEVZIBKR-UHFFFAOYSA-N,IC50,Cc1cccc2c(=O)n(CC(=O)NCCc3ccc(Cl)cc3)cnc12,CHEMBL3787010,6.1,6.1,6.1,,1,B,2016,2016,O=C(Cn1cnc2ccccc2c1=O)NCCc1ccccc1,train
AWJBWNUUODWOKQ-UHFFFAOYSA-N,IC50,Cn1cnc2ncn(Cc3nc(CCc4ccc(Cl)cc4)no3)c(=O)c21,CHEMBL3785736,7.29,6.88,7.7,0.5798275605729691,2,B,2016,2016,O=c1c2[nH]cnc2ncn1Cc1nc(CCc2ccccc2)no1,train
AXFDPUXDIHEOAI-UHFFFAOYSA-N,IC50,Cc1cc(Cn2c(=O)c3c(ncn3CC(=O)Nc3cccc(N4CCC(F)(F)CC4)n3)n(C)c2=O)no1,CHEMBL6047908,6.91,6.91,6.91,,1,B,2019,2019,O=C(Cn1cnc2[nH]c(=O)n(Cc3ccon3)c(=O)c21)Nc1cccc(N2CCCCC2)n1,train
AXIFMPBHMMMIKY-AULYBMBSSA-N,IC50,Cn1nnc2ncn(Cc3nn([C@H]4C[C@H](c5ccc(Cl)cc5)C4)c(=O)o3)c(=O)c21,CHEMBL5889320,7.11,7.11,7.11,,1,B,2021,2021,O=c1c2[nH]nnc2ncn1Cc1nn(C2CC(c3ccccc3)C2)c(=O)o1,val
AXPFEEJMCXUHQD-JTQLQIEISA-N,IC50,C[C@@H](C(=O)Nc1cccc(-c2cnc(C(F)(F)F)nc2)n1)n1cnc2c1c(=O)n(CC(N)=O)c(=O)n2C,CHEMBL5918372,6.25,6.25,6.25,,1,B,2021,2021,O=C(Cn1cnc2[nH]c(=O)[nH]c(=O)c21)Nc1cccc(-c2cncnc2)n1,train
AXRMPMIEMCXOTJ-VQFNDLOPSA-N,IC50,Cn1cnc2ncn(Cc3nc([C@H]4[C@@H]5CN(c6cccc(-c7ncco7)c6)C[C@@H]54)no3)c(=O)c21,CHEMBL5892972,7.125,7.11,7.14,0.0212132034355959,2,B,2020,2020,O=c1c2[nH]cnc2ncn1Cc1nc(C2C3CN(c4cccc(-c5ncco5)c4)CC32)no1,val
AXVJKWISWYSMEO-MOPGFXCFSA-N,IC50,O=C(NCc1cn(-c2ccc(C(F)(F)F)cc2)nc1C(F)F)[C@@H]1CC[C@@H]1S(=O)(=O)c1ccc(F)cc1,CHEMBL5883435,7.54,7.46,7.62,0.0923760430703402,4,B,2020,2020,O=C(NCc1cnn(-c2ccccc2)c1)C1CCC1S(=O)(=O)c1ccccc1,train
AXVJKWISWYSMEO-UHFFFAOYSA-N,IC50,O=C(NCc1cn(-c2ccc(C(F)(F)F)cc2)nc1C(F)F)C1CCC1S(=O)(=O)c1ccc(F)cc1,CHEMBL6009891,7.02,7.02,7.02,,1,B,2020,2020,O=C(NCc1cnn(-c2ccccc2)c1)C1CCC1S(=O)(=O)c1ccccc1,train
AXVWPJGJCGMVLQ-UHFFFAOYSA-N,IC50,O=c1c2cccnc2ncn1Cc1nnc(CCc2ccc(Cl)cc2)o1,CHEMBL3787328,5.66,5.66,5.66,,1,B,2016,2016,O=c1c2cccnc2ncn1Cc1nnc(CCc2ccccc2)o1,val
AYPZAZPOYROADP-ZHACJKMWSA-N,IC50,Oc1ccccc1/C=C/c1ccccc1,CHEMBL2387060,5.77,5.77,5.77,,1,B,2017,2017,C(=Cc1ccccc1)c1ccccc1,train
AZGCRXQGLDQGTA-KNQAVFIVSA-N,IC50,O=C(NCc1cc(F)cc(-c2ccc(C(F)F)cn2)c1)[C@@H]1C[C@@H](F)CN1S(=O)(=O)c1ccc(F)cc1,CHEMBL5964721,7.51,7.51,7.51,,1,B,2022,2022,O=C(NCc1cccc(-c2ccccn2)c1)C1CCCN1S(=O)(=O)c1ccccc1,train
AZMMWBUQIXBLDU-UHFFFAOYSA-N,IC50,Cc1n[nH]c2ccc(-c3ccccc3C(F)(F)F)cc12,CHEMBL3298252,5.51,5.51,5.51,,1,B,2014,2014,c1ccc(-c2ccc3[nH]ncc3c2)cc1,train
AZZRAZUXGHJAOV-WCQYABFASA-N,IC50,Cn1cnc2nc(N)n(Cc3nc([C@@H]4CO[C@@H](c5cccc(F)c5)C4)no3)c(=O)c21,CHEMBL5818029,7.949999999999999,7.39,8.51,0.7919595949289336,2,B,2020,2020,O=c1c2[nH]cnc2ncn1Cc1nc(C2COC(c3ccccc3)C2)no1,train
BAHAKPRBUNPURW-CMPLNLGQSA-N,IC50,O[C@]1(C(F)(F)F)CCCC[C@H]1Cc1cncc(Cl)c1,CHEMBL5424431,5.8,5.8,5.8,,1,B,2023,2023,c1cncc(CC2CCCCC2)c1,train
BANGFDNCERQQIE-CHWSQXEVSA-N,IC50,CN([C@@H]1CCCC[C@]1(O)C(F)(F)F)S(=O)(=O)c1ccc(F)cc1,CHEMBL5398623,5.5,5.5,5.5,,1,B,2023,2023,O=S(=O)(NC1CCCCC1)c1ccccc1,val
BAORHIGPTKNHRW-HBFSDRIKSA-N,IC50,Cn1cnc2ncn(Cc3nc([C@H]4[C@@H]5C=C(c6ccc7ccncc7c6)C[C@@H]54)no3)c(=O)c21,CHEMBL5976855,7.275,7.23,7.32,0.0636396103067891,2,B,2020,2020,O=c1c2[nH]cnc2ncn1Cc1nc(C2C3C=C(c4ccc5ccncc5c4)CC32)no1,train
BAORHIGPTKNHRW-NLWGTHIKSA-N,IC50,Cn1cnc2ncn(Cc3nc([C@@H]4[C@H]5C=C(c6ccc7ccncc7c6)C[C@H]54)no3)c(=O)c21,CHEMBL5761361,7.949999999999999,7.78,8.12,0.2404163056034257,2,B,2020,2020,O=c1c2[nH]cnc2ncn1Cc1nc(C2C3C=C(c4ccc5ccncc5c4)CC32)no1,train
BAYFMGSXOKNAJZ-VXGBXAGGSA-N,IC50,O[C@]1(C(F)(F)F)CCCC[C@H]1Oc1ccc(F)cc1,CHEMBL5439762,7.7,7.7,7.7,,1,B,2023,2023,c1ccc(OC2CCCCC2)cc1,val
BBCFRTHODCIVDP-VLIAUNLRSA-N,IC50,C[C@@H]1CC[C@@H](C(=O)NCc2cc(-c3ccc(C(F)(F)F)nc3)ncn2)N1S(=O)(=O)c1ccc(F)cc1,CHEMBL4083847,6.984999999999999,6.62,7.35,0.5161879502661797,2,B,2018,2022,O=C(NCc1cc(-c2cccnc2)ncn1)C1CCCN1S(=O)(=O)c1ccccc1,train
BBCFRTHODCIVDP-XOBRGWDASA-N,IC50,C[C@H]1CC[C@@H](C(=O)NCc2cc(-c3ccc(C(F)(F)F)nc3)ncn2)N1S(=O)(=O)c1ccc(F)cc1,CHEMBL4077957,8.095,7.89,8.3,0.2899137802864849,2,B,2018,2022,O=C(NCc1cc(-c2cccnc2)ncn1)C1CCCN1S(=O)(=O)c1ccccc1,train
BBFDPQFELBFLCW-GXTWGEPZSA-N,IC50,Cn1cnc2ncn(Cc3nc([C@@H]4CO[C@@H](c5ccc6ncsc6c5)C4)no3)c(=O)c21,CHEMBL6000369,6.949999999999999,6.84,7.06,0.1555634918610406,2,B,2020,2020,O=c1c2[nH]cnc2ncn1Cc1nc(C2COC(c3ccc4ncsc4c3)C2)no1,val
BCKUYDODOWTDPH-XLIONFOSSA-N,IC50,O=C(NCc1cc(-c2ccc(C(F)(F)F)nc2)ccn1)[C@@H]1C[C@@H](F)CN1S(=O)(=O)c1ccc(F)cc1,CHEMBL6030689,6.73,6.73,6.73,,1,B,2022,2022,O=C(NCc1cc(-c2cccnc2)ccn1)C1CCCN1S(=O)(=O)c1ccccc1,train
BCXNWQDMUUSORS-UHFFFAOYSA-N,IC50,FC(F)Oc1cc2[nH]ncc2cc1-c1ccccc1C(F)(F)F,CHEMBL3299025,7.3,7.3,7.3,,1,B,2014,2014,c1ccc(-c2ccc3[nH]ncc3c2)cc1,train
BDMMXSHQKHUFKQ-GOSISDBHSA-N,IC50,Cc1c(=O)n(Cc2ccccc2)c(=O)n2cc(C(=O)N3CC[C@@H](Oc4ccccc4C(F)(F)F)C3)sc12,CHEMBL3220449,7.0,7.0,7.0,,1,B,2012,2012,O=C(c1cn2c(=O)n(Cc3ccccc3)c(=O)cc2s1)N1CCC(Oc2ccccc2)C1,train
BDMMXSHQKHUFKQ-SFHVURJKSA-N,IC50,Cc1c(=O)n(Cc2ccccc2)c(=O)n2cc(C(=O)N3CC[C@H](Oc4ccccc4C(F)(F)F)C3)sc12,CHEMBL3220450,6.82,6.82,6.82,,1,B,2012,2012,O=C(c1cn2c(=O)n(Cc3ccccc3)c(=O)cc2s1)N1CCC(Oc2ccccc2)C1,train
BELXXIWFEWPMCV-UOIKSKOESA-N,IC50,O=c1c2cccnc2cnn1Cc1nc([C@H]2[C@@H]3CN(c4ccnc(F)c4)C[C@@H]32)no1,CHEMBL6028364,7.31,7.23,7.39,0.1131370849898467,2,B,2020,2020,O=c1c2cccnc2cnn1Cc1nc(C2C3CN(c4ccncc4)CC32)no1,val
BGJCZTPFRKSUHS-CMPLNLGQSA-N,IC50,Nc1nc2ncsc2c(=O)n1Cc1nc([C@@H]2CO[C@@H](c3ccc(Cl)cc3)C2)no1,CHEMBL5782035,8.545,8.24,8.85,0.4313351365237935,2,B,2020,2020,O=c1c2scnc2ncn1Cc1nc(C2COC(c3ccccc3)C2)no1,train
BGQSZBPWPOXQTF-AWEZNQCLSA-N,IC50,O=C1C2=C(NC(=S)N[C@H]2c2ccccc2)c2ccccc21,CHEMBL1939985,5.09,5.09,5.09,,1,F,2012,2012,O=C1C2=C(NC(=S)NC2c2ccccc2)c2ccccc21,train
BGQSZBPWPOXQTF-CQSZACIVSA-N,IC50,O=C1C2=C(NC(=S)N[C@@H]2c2ccccc2)c2ccccc21,CHEMBL1939984,6.11,6.11,6.11,,1,F,2012,2012,O=C1C2=C(NC(=S)NC2c2ccccc2)c2ccccc21,train
BGQSZBPWPOXQTF-UHFFFAOYSA-N,IC50,O=C1C2=C(NC(=S)NC2c2ccccc2)c2ccccc21,CHEMBL1939990,5.75,5.75,5.75,,1,F,2012,2012,O=C1C2=C(NC(=S)NC2c2ccccc2)c2ccccc21,train
BGXHQWBKFTYLMO-UHFFFAOYSA-N,IC50,Cn1cnc2ncn(Cc3nn(CCc4ccc(Br)c(Cl)c4)c(=O)o3)c(=O)c21,CHEMBL5848142,6.88,6.88,6.88,,1,B,2021,2021,O=c1c2[nH]cnc2ncn1Cc1nn(CCc2ccccc2)c(=O)o1,train
BHLICBDDYVMRMM-UHFFFAOYSA-N,IC50,Cc1cc(-c2ccccc2C(F)(F)F)cc2cn[nH]c12,CHEMBL3298920,5.17,5.17,5.17,,1,B,2014,2014,c1ccc(-c2ccc3[nH]ncc3c2)cc1,train
BITJIBOQHOBSEQ-PMACEKPBSA-N,IC50,Cc1cc(-c2cnc(C(F)(F)F)nc2)cc(CNC(=O)[C@@H]2[C@@H](F)CCN2S(=O)(=O)c2ccc(F)cc2)n1,CHEMBL5762746,7.57,7.57,7.57,,1,B,2022,2022,O=C(NCc1cc(-c2cncnc2)ccn1)C1CCCN1S(=O)(=O)c1ccccc1,train
BIUMIQOEJSJTAM-QFIPXVFZSA-N,IC50,CC(C)n1cc(-c2ccc(C(F)(F)F)nc2)cc(CNC(=O)[C@@H]2CCCN2S(=O)(=O)c2cc3cc(F)ccc3o2)c1=O,CHEMBL5794350,7.51,7.51,7.51,,1,B,2020,2020,O=C(NCc1cc(-c2cccnc2)c[nH]c1=O)C1CCCN1S(=O)(=O)c1cc2ccccc2o1,train
BIWXFLAZRBTWMI-UHFFFAOYSA-N,IC50,FC(F)(F)c1ccccc1-c1cc2cn[nH]c2cc1Cl,CHEMBL3298922,7.62,7.62,7.62,,1,B,2014,2014,c1ccc(-c2ccc3[nH]ncc3c2)cc1,train
BJGBIUYKSAKORC-FHERZECASA-N,IC50,CCC(=O)Cn1c(=O)c2c(ncn2[C@@H](C)C(=O)Nc2cncc(-c3cnc(N4CC5CC5C4)nc3)n2)n(C)c1=O,CHEMBL5901326,8.16,8.1,8.22,0.0848528137423864,2,B,2019,2019,O=C(Cn1cnc2[nH]c(=O)[nH]c(=O)c21)Nc1cncc(-c2cnc(N3CC4CC4C3)nc2)n1,train
BJNUBTRKMKILLA-DEOSSOPVSA-N,IC50,CC(C)n1cc(CNC(=O)[C@@H]2CCCN2S(=O)(=O)c2cc3c(F)cccc3o2)cc(-c2ccc(C(F)(F)F)cc2)c1=O,CHEMBL5836416,7.07,7.07,7.07,,1,B,2020,2020,O=C(NCc1c[nH]c(=O)c(-c2ccccc2)c1)C1CCCN1S(=O)(=O)c1cc2ccccc2o1,train
BJZUYRRKPINCLY-UHFFFAOYSA-N,IC50,CCCNc1cc(NC(=O)c2cccnc2)cc(C(F)(F)F)c1,CHEMBL3311186,6.03,6.03,6.03,,1,B,2014,2014,O=C(Nc1ccccc1)c1cccnc1,val
BKBDSVDSSWOBTQ-GXTWGEPZSA-N,IC50,Cn1cnc2ncn(Cc3nc([C@@H]4CO[C@@H](c5ccc(C(F)(F)F)cc5)C4)no3)c(=O)c21,CHEMBL5994890,7.435,7.33,7.54,0.1484924240491746,2,B,2020,2020,O=c1c2[nH]cnc2ncn1Cc1nc(C2COC(c3ccccc3)C2)no1,train
BKDSPECIAKYFPT-XJKSGUPXSA-N,IC50,COc1nccc2c(=O)n(Cc3nc([C@@H]4CO[C@@H](c5ccc(Cl)cc5)C4)no3)cnc12,CHEMBL5787622,6.935,6.85,7.02,0.120208152801713,2,B,2020,2020,O=c1c2ccncc2ncn1Cc1nc(C2COC(c3ccccc3)C2)no1,train
BKTFMVDMGYGHGU-UHFFFAOYSA-N,IC50,O=C(NCc1cc(-c2ccc(C(F)(F)F)nc2)ncn1)C1C2CC(CC2F)N1S(=O)(=O)c1ccc(F)cc1,CHEMBL5923850,7.28,7.28,7.28,,1,B,2022,2022,O=C(NCc1cc(-c2cccnc2)ncn1)C1C2CCC(C2)N1S(=O)(=O)c1ccccc1,train
BLKRXSROXNOPPY-GGYDESQDSA-N,IC50,Cc1ccnc2ncn(Cc3nn([C@H]4C[C@](F)(c5ccc(F)cc5)C4)c(=O)o3)c(=O)c12,CHEMBL5962477,7.75,7.75,7.75,,1,B,2021,2021,O=c1c2cccnc2ncn1Cc1nn(C2CC(c3ccccc3)C2)c(=O)o1,train
BMJPYMNIGZKPLS-LBPRGKRZSA-N,IC50,Cc1c(C(N)=O)sc2ncn(Cc3nnn(C[C@H](O)c4cc5ccc(Cl)cc5o4)n3)c(=O)c12,CHEMBL6045448,7.82,7.82,7.82,,1,B,2023,2023,O=c1c2ccsc2ncn1Cc1nnn(CCc2cc3ccccc3o2)n1,train
BMPXPBSETVIDSP-UHFFFAOYSA-N,IC50,FC(F)c1ccccc1-c1ccc2[nH]ncc2c1,CHEMBL3298243,5.66,5.66,5.66,,1,B,2014,2014,c1ccc(-c2ccc3[nH]ncc3c2)cc1,train
BOBRNSMQJNURJX-JEYLPNPQSA-N,IC50,CC#CCn1c(=O)c2c(ncn2[C@@H](C)C(=O)Nc2csc(-c3cnc(N4CC5C(C4)C5(F)F)nc3)n2)n(C)c1=O,CHEMBL5908773,8.7,8.7,8.7,,1,B,2019,2019,O=C(Cn1cnc2[nH]c(=O)[nH]c(=O)c21)Nc1csc(-c2cnc(N3CC4CC4C3)nc2)n1,train
BOBUEKYDHRZMRK-UHFFFAOYSA-N,IC50,O=C1C2=C(NC(=S)NC2c2ccccc2F)c2ccccc21,CHEMBL1939981,5.68,5.68,5.68,,1,F,2012,2012,O=C1C2=C(NC(=S)NC2c2ccccc2)c2ccccc21,train
BONDEBJDVZGSIK-UHFFFAOYSA-N,IC50,Cc1cc(Cn2c(=O)c3c(ncn3CC(=O)Nc3cccc(N4CCC(C(F)(F)F)CC4)n3)n(C)c2=O)no1,CHEMBL5778624,7.58,7.58,7.58,,1,B,2019,2019,O=C(Cn1cnc2[nH]c(=O)n(Cc3ccon3)c(=O)c21)Nc1cccc(N2CCCCC2)n1,train
BOXFETBEAMXCQH-DZGCQCFKSA-N,IC50,Cc1ncn2ncn(Cc3nc([C@@H]4CO[C@@H](c5ccc(F)cc5)C4)no3)c(=O)c12,CHEMBL6043326,7.6,7.6,7.6,,1,B,2020,2020,O=c1c2cncn2ncn1Cc1nc(C2COC(c3ccccc3)C2)no1,train
BPCZABOCGVZEBN-ZDUSSCGKSA-N,IC50,Cc1cc(-c2cncc(NC(=O)[C@H](C)n3cnc4c3c(=O)n(Cc3ccon3)c(=O)n4C)n2)cnc1C(F)(F)F,CHEMBL5843493,7.89,7.89,7.89,,1,B,2019,2019,O=C(Cn1cnc2[nH]c(=O)n(Cc3ccon3)c(=O)c21)Nc1cncc(-c2cccnc2)n1,train
BPKDWFGRTCABEJ-FQEVSTJZSA-N,IC50,CC(C)N(CC(=O)NC[C@H]1CN(c2ccc(C(F)(F)F)cc2)CCO1)S(=O)(=O)c1ccc(F)cc1,CHEMBL3898574,6.82,6.82,6.82,,1,B,2016,2016,O=C(CNS(=O)(=O)c1ccccc1)NCC1CN(c2ccccc2)CCO1,train
BPKDWFGRTCABEJ-HXUWFJFHSA-N,IC50,CC(C)N(CC(=O)NC[C@@H]1CN(c2ccc(C(F)(F)F)cc2)CCO1)S(=O)(=O)c1ccc(F)cc1,CHEMBL4112565,5.88,5.88,5.88,,1,B,2016,2016,O=C(CNS(=O)(=O)c1ccccc1)NCC1CN(c2ccccc2)CCO1,train
BPKDWFGRTCABEJ-UHFFFAOYSA-N,IC50,CC(C)N(CC(=O)NCC1CN(c2ccc(C(F)(F)F)cc2)CCO1)S(=O)(=O)c1ccc(F)cc1,CHEMBL3899792,6.71,6.71,6.71,,1,B,2016,2016,O=C(CNS(=O)(=O)c1ccccc1)NCC1CN(c2ccccc2)CCO1,train
BPLFISJMISZSMT-GXTWGEPZSA-N,IC50,Cn1c(=O)c2c(ncn2Cc2nc([C@@H]3CO[C@@H](c4ccc(Cl)cc4)C3)no2)n(C)c1=O,CHEMBL5929352,7.265000000000001,7.24,7.29,0.0353553390593275,2,B,2020,2020,O=c1[nH]c(=O)c2c(ncn2Cc2nc(C3COC(c4ccccc4)C3)no2)[nH]1,val
BPSURRHXFTVNPC-AWEZNQCLSA-N,IC50,CCC(=O)Cn1c(=O)c2c(ncn2[C@@H](C)C(=O)Nc2csc(-c3cnc(N(CC)CC)nc3)n2)n(C)c1=O,CHEMBL5751844,8.52,8.52,8.52,,1,B,2019,2019,O=C(Cn1cnc2[nH]c(=O)[nH]c(=O)c21)Nc1csc(-c2cncnc2)n1,train
BPWDLGXLIXBTPG-GXTWGEPZSA-N,IC50,Cc1ncn2nc(N)n(Cc3nc([C@@H]4CO[C@@H](c5ccc(F)cc5)C4)no3)c(=O)c12,CHEMBL6026981,8.015,7.81,8.22,0.2899137802864849,2,B,2020,2020,O=c1c2cncn2ncn1Cc1nc(C2COC(c3ccccc3)C2)no1,train
BRBMIYHOFADQNK-RYRKJORJSA-N,IC50,CCNc1nc2ncn(Cc3nc([C@H]4[C@@H]5C=C(c6ccccc6)C[C@@H]54)no3)c(=O)c2n1C,CHEMBL5758525,7.404999999999999,7.27,7.54,0.1909188309203685,2,B,2020,2020,O=c1c2[nH]cnc2ncn1Cc1nc(C2C3C=C(c4ccccc4)CC32)no1,train
BRNFYDHNQCOLDA-DEOSSOPVSA-N,IC50,CC(C)n1cc(-c2ccc(C(F)(F)F)cc2)cc(CNC(=O)[C@@H]2CCCN2S(=O)(=O)c2cc3c(F)cccc3o2)c1=O,CHEMBL5956606,6.36,6.36,6.36,,1,B,2020,2020,O=C(NCc1cc(-c2ccccc2)c[nH]c1=O)C1CCCN1S(=O)(=O)c1cc2ccccc2o1,train
BSJPLCMGLSAERZ-APWZRJJASA-N,IC50,O=C(NCc1cc(-c2cnc(C(F)(F)F)nc2)ccn1)[C@@H]1C[C@@H](F)CN1S(=O)(=O)c1ccc(F)cc1,CHEMBL5794445,6.39,6.39,6.39,,1,B,2022,2022,O=C(NCc1cc(-c2cncnc2)ccn1)C1CCCN1S(=O)(=O)c1ccccc1,train
BSXZECKVHWDHMU-UHFFFAOYSA-N,IC50,CN(C)c1ccc(CCn2nc(Cn3cnc4ncn(C)c4c3=O)oc2=O)cc1,CHEMBL6029706,6.79,6.79,6.79,,1,B,2021,2021,O=c1c2[nH]cnc2ncn1Cc1nn(CCc2ccccc2)c(=O)o1,train
BTGRJSKXOVCJGC-VIZZQPHQSA-N,IC50,C[C@H]1[C@H](F)C[C@@H](C(=O)NCc2cc(-c3ccc(C(F)(F)F)nc3)ncn2)N1S(=O)(=O)c1ccc(F)cc1,CHEMBL4062110,6.75,6.75,6.75,0.0,2,B,2018,2021,O=C(NCc1cc(-c2cccnc2)ncn1)C1CCCN1S(=O)(=O)c1ccccc1,train
BTNUNVLIPAOCMM-LAQFHYBYSA-N,IC50,Cn1cnc2ncn(Cc3nc([C@H]4[C@@H]5CN(c6ccc7ocnc7c6)C[C@@H]54)no3)c(=O)c21,CHEMBL5867523,7.654999999999999,7.56,7.75,0.1343502884254446,2,B,2020,2020,O=c1c2[nH]cnc2ncn1Cc1nc(C2C3CN(c4ccc5ocnc5c4)CC32)no1,val
BUIYVEPGAGPGLB-CTYIDZIISA-N,IC50,Cn1cnc2ncn(Cc3nc([C@H]4C[C@H](Oc5cccc(C#N)c5)C4)no3)c(=O)c21,CHEMBL5852189,7.09,7.09,7.09,,1,B,2020,2020,O=c1c2[nH]cnc2ncn1Cc1nc(C2CC(Oc3ccccc3)C2)no1,train
BUMGTYYOOSBBHW-UHFFFAOYSA-N,IC50,COc1cc2ccnc(Oc3ccc(F)cc3F)c2cc1OC,CHEMBL3297861,6.2,6.2,6.2,,1,B,2014,2014,c1ccc(Oc2nccc3ccccc23)cc1,train
BUQGXZUGSBDOIZ-QFIPXVFZSA-N,IC50,CC(C)n1c(=O)c(CNC(=O)[C@@H]2CCCN2S(=O)(=O)c2cc3cc(F)ccc3o2)cn(-c2ccc(C(F)(F)F)cc2)c1=O,CHEMBL6016755,8.14,8.14,8.14,,1,B,2020,2020,O=C(NCc1cn(-c2ccccc2)c(=O)[nH]c1=O)C1CCCN1S(=O)(=O)c1cc2ccccc2o1,train
BUYFCKGCSXZWDP-MNZLEMJZSA-N,IC50,Cc1ccnc2ncn(Cc3nc([C@H]4[C@@H]5CN(c6ccccc6)C[C@@H]54)no3)c(=O)c12,CHEMBL5866124,7.41,7.41,7.41,,1,B,2020,2020,O=c1c2cccnc2ncn1Cc1nc(C2C3CN(c4ccccc4)CC32)no1,train
BUZFDVGJMBLEGQ-UHFFFAOYSA-N,IC50,CC1(C)CCCC(O)(C(F)(F)F)C1Cc1cccc(F)c1,CHEMBL5408516,6.12,6.12,6.12,,1,B,2023,2023,c1ccc(CC2CCCCC2)cc1,train
BVMBHIKCHPFTIX-HDJSIYSDSA-N,IC50,Cn1cnc2ncn(Cc3nn([C@H]4C[C@H](c5ccccc5)C4)c(=O)o3)c(=O)c21,CHEMBL5093753,6.78,6.78,6.78,,1,B,2021,2021,O=c1c2[nH]cnc2ncn1Cc1nn(C2CC(c3ccccc3)C2)c(=O)o1,train
BWJKJXASLSRQNM-HDJSIYSDSA-N,IC50,O=c1c2cccnc2ncn1Cc1nc([C@H]2C[C@H](c3cccc(Cl)c3)C2)no1,CHEMBL5803349,7.31,7.31,7.31,,1,B,2020,2020,O=c1c2cccnc2ncn1Cc1nc(C2CC(c3ccccc3)C2)no1,train
BWTWYFLHUIVVNP-WMLDXEAASA-N,IC50,Cc1ccnc2cnn(Cc3nc([C@@H]4CO[C@@H](c5ccc(F)cc5)C4)no3)c(=O)c12,CHEMBL5763650,8.155000000000001,8.14,8.17,0.0212132034355953,2,B,2020,2020,O=c1c2cccnc2cnn1Cc1nc(C2COC(c3ccccc3)C2)no1,train
BXAPLRVODFEIFT-AWEZNQCLSA-N,IC50,CN1CCc2c(sc3ncn(Cc4nnn(C[C@H](O)c5ccc(Cl)cc5)n4)c(=O)c23)C1=O,CHEMBL6008415,7.8,7.8,7.8,,1,B,2023,2023,O=C1NCCc2c1sc1ncn(Cc3nnn(CCc4ccccc4)n3)c(=O)c21,train
BXVDTIPLGIPGFG-WCQYABFASA-N,IC50,Cn1cnc2[nH]c(=O)n(Cc3nc([C@@H]4CO[C@@H](c5ccc(Cl)cc5)C4)no3)c(=O)c21,CHEMBL6047386,7.07,6.5,7.64,0.8061017305526637,2,B,2020,2020,O=c1[nH]c2nc[nH]c2c(=O)n1Cc1nc(C2COC(c3ccccc3)C2)no1,val
BXWRYHWVMJYQDS-ZDUSSCGKSA-N,IC50,O=C1NCCc2c1sc1ncn(Cc3nnn(C[C@H](O)c4ccc(Cl)cc4)n3)c(=O)c21,CHEMBL5981644,7.96,7.96,7.96,,1,B,2023,2023,O=C1NCCc2c1sc1ncn(Cc3nnn(CCc4ccccc4)n3)c(=O)c21,train
BZFAADKUMJMAMD-QFIPXVFZSA-N,IC50,CC(C)n1c(=O)c(CNC(=O)[C@@H]2CCCN2S(=O)(=O)c2cc3ccccc3o2)cn(-c2ccc(C(F)(F)F)cc2)c1=O,CHEMBL5772812,7.8,7.8,7.8,,1,B,2020,2020,O=C(NCc1cn(-c2ccccc2)c(=O)[nH]c1=O)C1CCCN1S(=O)(=O)c1cc2ccccc2o1,train
BZTMKWCWKFEAKS-UHFFFAOYSA-N,IC50,FC(F)(F)c1ccccc1-c1cc2cn[nH]c2cc1OCC1CC1,CHEMBL3299022,7.58,7.58,7.58,,1,B,2014,2014,c1ccc(-c2cc3cn[nH]c3cc2OCC2CC2)cc1,val
CANXPAGDHYDXAS-IYARVYRRSA-N,IC50,Cn1cnc2ncn(Cc3nn([C@H]4C[C@H](c5ccc6ccccc6c5)C4)c(=O)o3)c(=O)c21,CHEMBL5952845,7.75,7.75,7.75,,1,B,2021,2021,O=c1c2[nH]cnc2ncn1Cc1nn(C2CC(c3ccc4ccccc4c3)C2)c(=O)o1,val
CAURCPOFUZVLHO-FRQCXROJSA-N,IC50,Cn1cnc2ncn(Cc3nc([C@@H]4[C@H]5C=C(c6ccc7c(cnn7C)c6)C[C@H]54)no3)c(=O)c21,CHEMBL5909466,7.695,7.54,7.85,0.2192031021678291,2,B,2020,2020,O=c1c2[nH]cnc2ncn1Cc1nc(C2C3C=C(c4ccc5[nH]ncc5c4)CC32)no1,train
CBEQYPJASLPYCV-SVIJTADQSA-N,IC50,C[C@H]1[C@H](F)C[C@@H](C(=O)NCc2cc(-c3cnc(C(F)(F)F)nc3)ccn2)N1S(=O)(=O)c1ccc(F)cc1,CHEMBL4104134,6.95,6.95,6.95,,1,B,2018,2018,O=C(NCc1cc(-c2cncnc2)ccn1)C1CCCN1S(=O)(=O)c1ccccc1,train
CBSZTXHMDYXAMD-UHFFFAOYSA-N,IC50,COCCCOc1cccc(C2NC(=S)NC3=C2C(=O)c2ccccc23)n1,CHEMBL3314484,6.01,6.01,6.01,,1,B,2014,2014,O=C1C2=C(NC(=S)NC2c2ccccn2)c2ccccc21,val
CBZINAVQQWCRAE-ZDUSSCGKSA-N,IC50,Cc1c(C(=O)NCC(F)F)sc2ncn(Cc3nc(C[C@H](O)c4ccc(Cl)cc4)no3)c(=O)c12,CHEMBL4859608,7.82,7.82,7.82,0.0,2,B,2021,2021,O=c1c2ccsc2ncn1Cc1nc(CCc2ccccc2)no1,train
CCDZVVJMCCIMJK-NRFANRHFSA-N,IC50,CC(C)n1c(=O)c(CNC(=O)[C@@H]2CC(F)(F)CN2S(=O)(=O)c2cc3cc(F)ccc3o2)cn(-c2ccc(C(F)(F)F)cc2)c1=O,CHEMBL6011479,7.34,7.34,7.34,,1,B,2020,2020,O=C(NCc1cn(-c2ccccc2)c(=O)[nH]c1=O)C1CCCN1S(=O)(=O)c1cc2ccccc2o1,train
CCKDABRNCXXPNF-VXGBXAGGSA-N,IC50,O[C@]1(C(F)(F)F)CCCC[C@H]1Nc1ccccc1,CHEMBL5426246,6.37,6.37,6.37,,1,B,2023,2023,c1ccc(NC2CCCCC2)cc1,train
CCUITVGIDVPEJI-UHFFFAOYSA-N,IC50,CCc1sc2c(c1CC(=O)Nc1nc(-c3ccc(C(F)(F)F)c(F)c3)cs1)c(=O)n(C)c(=O)n2C,CHEMBL3894956,7.78,7.78,7.78,,1,B,2015,2015,O=C(Cc1csc2[nH]c(=O)[nH]c(=O)c12)Nc1nc(-c2ccccc2)cs1,train
CCUWLJJJTXPUCI-HIFPTAJRSA-N,IC50,C[C@@H](C(=O)Nc1csc(-c2cnc(N3CC4CC4C3)nc2)n1)n1cnc2c1c(=O)n(CC(N)=O)c(=O)n2C,CHEMBL5829683,7.02,7.02,7.02,,1,B,2019,2019,O=C(Cn1cnc2[nH]c(=O)[nH]c(=O)c21)Nc1csc(-c2cnc(N3CC4CC4C3)nc2)n1,train
CDIBRYDRWDNHKR-OFNKIYASSA-N,IC50,O=C(NCc1cc(-c2ccc(C(F)(F)F)cc2)ccc1F)[C@@H]1C[C@@H](F)CN1S(=O)(=O)c1ccc(F)cc1,CHEMBL5960015,8.3,8.3,8.3,,1,B,2022,2022,O=C(NCc1cccc(-c2ccccc2)c1)C1CCCN1S(=O)(=O)c1ccccc1,val
CDLPZSXOJZPUNZ-JOCHJYFZSA-N,IC50,N#C[C@@]1(C(=O)NCc2cc(-c3ccc(C(F)(F)F)nc3)ncn2)CCCN1S(=O)(=O)c1ccc(F)cc1,CHEMBL6062166,6.06,6.06,6.06,,1,B,2022,2022,O=C(NCc1cc(-c2cccnc2)ncn1)C1CCCN1S(=O)(=O)c1ccccc1,train
CEDDKVSCQBMJRG-UHFFFAOYSA-N,IC50,Cn1c(=O)c2c(CC(=O)Nc3ccn(-c4cccc(C(F)(F)F)c4)n3)cccc2n(C)c1=O,CHEMBL3935604,7.23,7.23,7.23,,1,B,2015,2015,O=C(Cc1cccc2[nH]c(=O)[nH]c(=O)c12)Nc1ccn(-c2ccccc2)n1,train
CEHXVBLLORENHV-LAQFHYBYSA-N,IC50,Cn1cnc2ncn(Cc3nc([C@H]4[C@@H]5CN(c6ccc7ncsc7c6)C[C@@H]54)no3)c(=O)c21,CHEMBL5949303,7.6,7.2,8.0,0.5656854249492382,2,B,2020,2020,O=c1c2[nH]cnc2ncn1Cc1nc(C2C3CN(c4ccc5ncsc5c4)CC32)no1,val
CENSBZQZRLLDCL-JOCQHMNTSA-N,IC50,Cn1cnc2ncn(Cc3nc([C@H]4C[C@H](c5ccc(OC(F)F)cc5)C4)no3)c(=O)c21,CHEMBL5956832,6.85,6.85,6.85,,1,B,2020,2020,O=c1c2[nH]cnc2ncn1Cc1nc(C2CC(c3ccccc3)C2)no1,train
CEOUAXRSPKQSPT-LBPRGKRZSA-N,IC50,Cc1noc(Cn2c(=O)c3c(ncn3[C@@H](C)C(=O)Nc3ccnc(-c4cnc(C(F)(F)F)c(C)c4)n3)n(C)c2=O)n1,CHEMBL5898991,8.4,8.4,8.4,,1,B,2019,2019,O=C(Cn1cnc2[nH]c(=O)n(Cc3ncno3)c(=O)c21)Nc1ccnc(-c2cccnc2)n1,val
CERUYKDYVULSDG-SJORKVTESA-N,IC50,O=C(NCc1cn(-c2ccc(C(F)(F)F)nc2)nc1C(F)(F)F)[C@@H]1CC[C@@H]1S(=O)(=O)c1ccc(F)cc1,CHEMBL5931223,7.38,7.38,7.38,0.0,2,B,2020,2020,O=C(NCc1cnn(-c2cccnc2)c1)C1CCC1S(=O)(=O)c1ccccc1,train
CERUYKDYVULSDG-UHFFFAOYSA-N,IC50,O=C(NCc1cn(-c2ccc(C(F)(F)F)nc2)nc1C(F)(F)F)C1CCC1S(=O)(=O)c1ccc(F)cc1,CHEMBL5788146,6.88,6.72,7.04,0.2262741699796954,2,B,2020,2020,O=C(NCc1cnn(-c2cccnc2)c1)C1CCC1S(=O)(=O)c1ccccc1,train
CGKGVIMZSQQQKI-MNZLEMJZSA-N,IC50,Cn1cnc2ncn(Cc3nc([C@H]4[C@@H]5CN(c6cc7ccccc7cn6)C[C@@H]54)no3)c(=O)c21,CHEMBL5956030,7.065,7.04,7.09,0.0353553390593275,2,B,2020,2020,O=c1c2[nH]cnc2ncn1Cc1nc(C2C3CN(c4cc5ccccc5cn4)CC32)no1,val
CHJNLJDLILUZCU-WMLDXEAASA-N,IC50,Cc1cncc2ncn(Cc3nc([C@@H]4CO[C@@H](c5ccc(F)cc5)C4)no3)c(=O)c12,CHEMBL5746517,8.445,7.97,8.92,0.6717514421272199,2,B,2020,2020,O=c1c2ccncc2ncn1Cc1nc(C2COC(c3ccccc3)C2)no1,train
CHTXUMBCIKLCKW-GXTWGEPZSA-N,IC50,Cc1n[nH]c2ncn(Cc3nc([C@@H]4CO[C@@H](c5ccc(Cl)cc5)C4)no3)c(=O)c12,CHEMBL6003728,8.09,7.95,8.23,0.1979898987322338,2,B,2020,2020,O=c1c2cn[nH]c2ncn1Cc1nc(C2COC(c3ccccc3)C2)no1,train
CIACKZWBHIJWSD-UHFFFAOYSA-N,IC50,FC(F)(F)c1ccccc1-c1cc2cn[nH]c2cc1C1CC1,CHEMBL3298926,7.21,7.21,7.21,,1,B,2014,2014,c1ccc(-c2cc3cn[nH]c3cc2C2CC2)cc1,val
CIKWLRYNURTNGX-AWEZNQCLSA-N,IC50,Cc1cc(Cn2c(=O)c3c(ncn3[C@@H](C)C(=O)Nc3cncc(-c4cnc(C(F)(F)F)c(C)c4)n3)n(C)c2=O)no1,CHEMBL5749102,8.1,8.1,8.1,,1,B,2019,2019,O=C(Cn1cnc2[nH]c(=O)n(Cc3ccon3)c(=O)c21)Nc1cncc(-c2cccnc2)n1,train
CISHPMUQLTYQDL-UHFFFAOYSA-N,IC50,CC(C)(C)c1ccccc1-c1ccc2[nH]ncc2c1,CHEMBL3298241,5.47,5.47,5.47,,1,B,2014,2014,c1ccc(-c2ccc3[nH]ncc3c2)cc1,train
CIYDGMDZVSRZAF-RRFJBIMHSA-N,IC50,Cn1cnc2ncn(Cc3nn([C@@H]4C[C@@H](F)[C@@H](c5ccc(Cl)cc5)C4)c(=O)o3)c(=O)c21,CHEMBL6051649,7.36,7.36,7.36,,1,B,2021,2021,O=c1c2[nH]cnc2ncn1Cc1nn(C2CCC(c3ccccc3)C2)c(=O)o1,train
CJIFGBJDSODVOU-JTQLQIEISA-N,IC50,C[C@@H](C(=O)Nc1csc(-c2ccc(Cl)c(Cl)c2)n1)n1cnc2c1c(=O)n(CC#N)c(=O)n2C,CHEMBL5794855,9.0,9.0,9.0,,1,B,2019,2019,O=C(Cn1cnc2[nH]c(=O)[nH]c(=O)c21)Nc1csc(-c2ccccc2)n1,train
CKQMTXLABQTGQB-DHZHZOJOSA-N,IC50,COc1ccc(/C=C/C(=O)Nc2ccccc2C(=O)O)cc1,CHEMBL1079664,4.91,4.9,4.92,0.0141421356237306,2,B,2019,2019,O=C(C=Cc1ccccc1)Nc1ccccc1,train
CLALAOKNVZYDNB-HALDLXJZSA-N,IC50,Cn1cnc2ncn(Cc3nc([C@H]4[C@@H]5CN(c6ccccc6C#N)C[C@@H]54)no3)c(=O)c21,CHEMBL6021662,6.9,6.8,7.0,0.1414213562373093,2,B,2020,2020,O=c1c2[nH]cnc2ncn1Cc1nc(C2C3CN(c4ccccc4)CC32)no1,train
CLCRTUFFZNMHLS-LBPRGKRZSA-N,IC50,Cc1c(C(N)=O)sc2ncn(Cc3nnn(C[C@H](O)c4cc5cc(F)ccc5o4)n3)c(=O)c12,CHEMBL5816259,7.6,7.6,7.6,,1,B,2023,2023,O=c1c2ccsc2ncn1Cc1nnn(CCc2cc3ccccc3o2)n1,train
CLDTYDWCLGHBRJ-UHFFFAOYSA-N,IC50,Fc1ccc(Nc2n[nH]c3c(OC(F)(F)F)cccc23)cc1F,CHEMBL4061022,5.92,5.92,5.92,,1,B,2017,2017,c1ccc(Nc2n[nH]c3ccccc23)cc1,train
CLZKMFVTJPNWFB-VQFNDLOPSA-N,IC50,O=c1c2cccnc2ncn1Cc1nc([C@H]2[C@@H]3CN(c4cccc(F)c4)C[C@@H]32)no1,CHEMBL6031616,8.02,7.98,8.06,0.0565685424949244,2,B,2020,2020,O=c1c2cccnc2ncn1Cc1nc(C2C3CN(c4ccccc4)CC32)no1,train
CMKRUJONJACVHU-JOCHJYFZSA-N,IC50,O=C(NCc1cc(-c2ccc(C(F)(F)F)nc2)ncn1)[C@]1(CO)CCCN1S(=O)(=O)c1ccc(F)cc1,CHEMBL5925329,6.55,6.55,6.55,,1,B,2022,2022,O=C(NCc1cc(-c2cccnc2)ncn1)C1CCCN1S(=O)(=O)c1ccccc1,train
CMMHGQMDAWNUJF-NNUKFRKNSA-N,IC50,O=c1c2cccnc2ncn1Cc1nc([C@H]2C[C@H](Oc3cccc(F)c3)C2)no1,CHEMBL5901772,6.74,6.63,6.85,0.1555634918610399,2,B,2020,2020,O=c1c2cccnc2ncn1Cc1nc(C2CC(Oc3ccccc3)C2)no1,val
CMPQQCSDOGJLLR-JOCHJYFZSA-N,IC50,O=C(NCc1cc(-c2ccc(C(F)(F)F)nc2)ncn1)[C@]1(C(F)F)CCCN1S(=O)(=O)c1ccc(F)cc1,CHEMBL5891287,7.54,7.54,7.54,,1,B,2022,2022,O=C(NCc1cc(-c2cccnc2)ncn1)C1CCCN1S(=O)(=O)c1ccccc1,train
CMQWFYBXZLEOMA-FQEVSTJZSA-N,IC50,CC1(C)CC[C@@H](C(=O)NCc2cc(-c3ccc(C(F)(F)F)nc3)ncn2)N1S(=O)(=O)c1ccc(F)cc1,CHEMBL5980242,6.42,6.42,6.42,,1,B,2022,2022,O=C(NCc1cc(-c2cccnc2)ncn1)C1CCCN1S(=O)(=O)c1ccccc1,train
CNBMUGGIAWLNKG-SHTZXODSSA-N,IC50,Cc1ccnc2ncn(Cc3nc([C@H]4C[C@H](c5ccc(OC(F)(F)F)cc5)C4)no3)c(=O)c12,CHEMBL5754794,7.2,7.2,7.2,,1,B,2020,2020,O=c1c2cccnc2ncn1Cc1nc(C2CC(c3ccccc3)C2)no1,train
CNMIUCDUEVFNKU-QHCPKHFHSA-N,IC50,Cc1ccc2oc(S(=O)(=O)N3CCC[C@H]3C(=O)NCc3cn(-c4ccc(C(F)(F)F)cc4)c(=O)n(C(C)C)c3=O)cc2c1,CHEMBL5871576,6.38,6.38,6.38,,1,B,2020,2020,O=C(NCc1cn(-c2ccccc2)c(=O)[nH]c1=O)C1CCCN1S(=O)(=O)c1cc2ccccc2o1,train
CNXACZHZGCZDBO-UHFFFAOYSA-N,IC50,Cn1cnc2ncn(Cc3nn(CCc4ccc(Cl)cc4F)c(=O)o3)c(=O)c21,CHEMBL5855877,6.31,6.31,6.31,,1,B,2021,2021,O=c1c2[nH]cnc2ncn1Cc1nn(CCc2ccccc2)c(=O)o1,train
CNYDIRYGXDXINR-GCJKJVERSA-N,IC50,O=C(NCc1cc(-c2ccc(C(F)(F)F)cn2)ccc1F)[C@@H]1C[C@@H](F)CN1S(=O)(=O)c1ccc(F)cc1,CHEMBL5838629,7.96,7.96,7.96,,1,B,2022,2022,O=C(NCc1cccc(-c2ccccn2)c1)C1CCCN1S(=O)(=O)c1ccccc1,train
COEDYLGJVZYSIH-JTQLQIEISA-N,IC50,Cc1ncc(-c2nc(NC(=O)[C@H](C)n3cnc4c3c(=O)n(CC(F)(F)F)c(=O)n4C)cs2)cc1C(F)(F)F,CHEMBL5782754,7.66,7.66,7.66,,1,B,2019,2019,O=C(Cn1cnc2[nH]c(=O)[nH]c(=O)c21)Nc1csc(-c2cccnc2)n1,train
COUSNIYNXWRIMA-WQGACYEGSA-N,IC50,Cn1cnc2ncn(Cc3nc([C@H]4[C@@H]5C=C(c6cc(F)c(F)c(F)c6)C[C@@H]54)no3)c(=O)c21,CHEMBL5786064,8.265,7.83,8.7,0.5022947341949736,4,B,2020,2020,O=c1c2[nH]cnc2ncn1Cc1nc(C2C3C=C(c4ccccc4)CC32)no1,train
COWHGJLKSFLNRB-QLPKVWCKSA-N,IC50,Cn1cnc2ncn(Cc3nc([C@H]4[C@@H]5CN(c6ccc(C#N)cc6)C[C@@H]54)no3)c(=O)c21,CHEMBL6028569,7.725,7.56,7.89,0.2333452377915607,2,B,2020,2020,O=c1c2[nH]cnc2ncn1Cc1nc(C2C3CN(c4ccccc4)CC32)no1,train
COWJGGFKTKTZOT-XJKSGUPXSA-N,IC50,Cn1cnc2ccn(Cc3nc([C@@H]4CO[C@@H](c5ccc(Cl)cc5)C4)no3)c(=O)c21,CHEMBL5952117,8.945,8.51,9.38,0.615182899632297,2,B,2020,2020,O=c1c2[nH]cnc2ccn1Cc1nc(C2COC(c3ccccc3)C2)no1,train
CPOOXCQPULFHNM-YABSGUDNSA-N,IC50,Cn1nnc2ncn(Cc3nc([C@H]4[C@@H]5CN(c6cc(Cl)ccn6)C[C@@H]54)no3)c(=O)c21,CHEMBL6015216,7.245,7.13,7.36,0.1626345596729062,2,B,2020,2020,O=c1c2[nH]nnc2ncn1Cc1nc(C2C3CN(c4ccccn4)CC32)no1,val
CPVYDKXZLWVTEE-GXFFZTMASA-N,IC50,Nc1nn2ncc(Cl)c2c(=O)n1Cc1nc([C@@H]2CO[C@@H](c3ccc(F)cc3)C2)no1,CHEMBL5912945,7.715,7.25,8.18,0.657609306503489,2,B,2020,2020,O=c1c2ccnn2ncn1Cc1nc(C2COC(c3ccccc3)C2)no1,train
CQGSBWGNKKNJCP-RYRKJORJSA-N,IC50,Cn1cnc2ncn(Cc3nc([C@H]4[C@@H]5C=C(c6ccc(C#N)cc6)C[C@@H]54)no3)c(=O)c21,CHEMBL6034788,7.92,7.66,8.18,0.3676955262170044,2,B,2020,2020,O=c1c2[nH]cnc2ncn1Cc1nc(C2C3C=C(c4ccccc4)CC32)no1,train
CQQRVWPXVJWBRU-UHFFFAOYSA-N,IC50,Cn1cnc2ncn(Cc3noc(CCc4ccc(Cl)cc4)n3)c(=O)c21,CHEMBL3785390,6.68,6.68,6.68,,1,B,2016,2016,O=c1c2[nH]cnc2ncn1Cc1noc(CCc2ccccc2)n1,val
CRANEYHZXMLJBS-SWLSCSKDSA-N,IC50,Cn1cnc2c(C#N)nn(Cc3nc([C@@H]4CO[C@@H](c5ccc(Cl)cc5)C4)no3)c(=O)c21,CHEMBL5976955,8.32,8.13,8.51,0.2687005768508874,2,B,2020,2020,O=c1c2[nH]cnc2cnn1Cc1nc(C2COC(c3ccccc3)C2)no1,train
CRMCPZOEWQJMFS-LBPRGKRZSA-N,IC50,Cn1cnc2ncn(Cc3nn(C[C@H](F)c4ccc(OC(F)(F)F)cc4)c(=O)o3)c(=O)c21,CHEMBL5795787,7.72,7.72,7.72,,1,B,2021,2021,O=c1c2[nH]cnc2ncn1Cc1nn(CCc2ccccc2)c(=O)o1,train
CRVXZKHWEUVJFA-ZDUSSCGKSA-N,IC50,Cc1ccc([C@@H](O)Cn2nnc(Cn3cnc4oc(C(N)=O)c(C)c4c3=O)n2)cc1,CHEMBL6026591,7.68,7.68,7.68,,1,B,2023,2023,O=c1c2ccoc2ncn1Cc1nnn(CCc2ccccc2)n1,train
CSKJIIXTWHNKSV-UHFFFAOYSA-N,IC50,CCCNc1cc(NC(=O)c2ccccc2)cc(C(F)(F)F)c1,CHEMBL3311184,6.7,6.7,6.7,,1,B,2014,2014,O=C(Nc1ccccc1)c1ccccc1,train
CSUMASYLFZPZKR-VFNWGFHPSA-N,IC50,O=C(NCc1cc(-c2ccc(C(F)(F)F)cc2)ncn1)[C@@H]1C[C@@H](F)CN1S(=O)(=O)c1ccc(F)c(F)c1,CHEMBL5814964,7.43,7.34,7.52,0.1272792206135783,2,B,2022,2022,O=C(NCc1cc(-c2ccccc2)ncn1)C1CCCN1S(=O)(=O)c1ccccc1,train
CSWZSXQZBCOVSJ-FQEVSTJZSA-N,IC50,Cn1c(=O)n(Cc2ccccn2)c(=O)c2c1ncn2CC(=O)Nc1cccc(-c2cnc(N3CCC[C@H]3C(F)(F)F)nc2)n1,CHEMBL5872230,8.7,8.7,8.7,,1,B,2019,2019,O=C(Cn1cnc2[nH]c(=O)n(Cc3ccccn3)c(=O)c21)Nc1cccc(-c2cnc(N3CCCC3)nc2)n1,train
CTVDAKKIBPDSKS-HNNXBMFYSA-N,IC50,Cc1cc(Cn2c(=O)c3c(ncn3[C@@H](C)C(=O)Nc3cccc(-c4cnc(C)c(C(F)(F)F)c4)n3)n(C)c2=O)no1,CHEMBL5929322,9.0,9.0,9.0,,1,B,2019,2019,O=C(Cn1cnc2[nH]c(=O)n(Cc3ccon3)c(=O)c21)Nc1cccc(-c2cccnc2)n1,train
CUODMWHGYJSPRF-XJKSGUPXSA-N,IC50,O=c1c2cccnc2ncn1Cc1nc([C@@H]2CO[C@@H](c3ccc(F)cc3)C2)no1,CHEMBL5934054,7.029999999999999,6.97,7.09,0.0848528137423861,2,B,2020,2020,O=c1c2cccnc2ncn1Cc1nc(C2COC(c3ccccc3)C2)no1,train
CUXROWBZAXBRIM-UHFFFAOYSA-N,IC50,CC(C)N(CC(=O)NCc1cccc(C2CC2)c1)S(=O)(=O)c1ccc(F)cc1,CHEMBL5972523,6.0,6.0,6.0,,1,B,2017,2017,O=C(CNS(=O)(=O)c1ccccc1)NCc1cccc(C2CC2)c1,val
CVQHMRPOOCQEKI-OOHWJJMZSA-N,IC50,CC#CCn1c(=O)c2c(ncn2[C@@H](C)C(=O)Nc2csc(-c3ccc(N4CC5C(C4)C5(F)F)nc3)n2)n(C)c1=O,CHEMBL6009944,9.0,9.0,9.0,,1,B,2019,2019,O=C(Cn1cnc2[nH]c(=O)[nH]c(=O)c21)Nc1csc(-c2ccc(N3CC4CC4C3)nc2)n1,train
CWCODCHAQNOYLW-QFIPXVFZSA-N,IC50,CC(C)n1c(=O)c(CNC(=O)[C@@H]2CCCN2S(=O)(=O)c2cc3ccccc3o2)cn(-c2ccc(F)cc2)c1=O,CHEMBL5837775,6.62,6.62,6.62,,1,B,2020,2020,O=C(NCc1cn(-c2ccccc2)c(=O)[nH]c1=O)C1CCCN1S(=O)(=O)c1cc2ccccc2o1,train
CXKWWEBSUNFLIN-UTKZUKDTSA-N,IC50,O=C(NCc1cc(-c2ccc(C(F)F)cc2)ncn1)[C@@H]1C[C@@H](F)CN1S(=O)(=O)c1ccc(F)cc1,CHEMBL5946528,6.5,6.5,6.5,,1,B,2022,2022,O=C(NCc1cc(-c2ccccc2)ncn1)C1CCCN1S(=O)(=O)c1ccccc1,train
CXQKCYMIGNQZOZ-UHFFFAOYSA-N,IC50,Cn1cnc2c(C#N)nn(Cc3nc(CCc4ccc(Cl)cc4)no3)c2c1=O,CHEMBL6053904,7.58,7.58,7.58,,1,B,2021,2021,O=c1[nH]cnc2cnn(Cc3nc(CCc4ccccc4)no3)c12,val
CYNMROYWBACHTQ-XLIONFOSSA-N,IC50,O=C(NCc1cc(F)cc(-n2cc(C(F)(F)F)cn2)c1)[C@@H]1C[C@@H](F)CN1S(=O)(=O)c1ccc(F)cc1,CHEMBL5863445,6.92,6.92,6.92,,1,B,2022,2022,O=C(NCc1cccc(-n2cccn2)c1)C1CCCN1S(=O)(=O)c1ccccc1,train
CYQZMMUPORHDSC-MRXNPFEDSA-N,IC50,Cc1cc(S(=O)(=O)N2CC(F)(F)C[C@@H]2c2ccc(F)cc2)cc(C)c1F,CHEMBL3753942,7.64,7.64,7.64,,1,B,2016,2016,O=S(=O)(c1ccccc1)N1CCCC1c1ccccc1,train
CYWFSLKYTRCPPA-MQMHXKEQSA-N,IC50,Cn1cnc2ncn(Cc3nn([C@H]4C[C@H](c5ccc(Cl)cc5)C4)c(=O)o3)c(=O)c21,CHEMBL4865298,7.75,7.55,8.13,0.2557994005726625,4,B,2021,2021,O=c1c2[nH]cnc2ncn1Cc1nn(C2CC(c3ccccc3)C2)c(=O)o1,train
CZLHDEMBLZTFGA-UMYLGFLZSA-N,IC50,CCC(=N\O)/C(C)=C/c1ccsc1,CHEMBL1085944,5.88,5.88,5.88,0.0,2,"B,F",2010,2017,c1ccsc1,train
CZSWXNBPJXPCFZ-GGYDESQDSA-N,IC50,Cc1ccnc2ncn(Cc3nn([C@H]4C[C@](F)(c5cccc(F)c5)C4)c(=O)o3)c(=O)c12,CHEMBL5926714,7.39,7.39,7.39,,1,B,2021,2021,O=c1c2cccnc2ncn1Cc1nn(C2CC(c3ccccc3)C2)c(=O)o1,train
CZWUSKMGGLHRBH-AWEZNQCLSA-N,IC50,CC(=O)Cn1c(=O)c2c(ncn2[C@@H](C)C(=O)Nc2cccc(-c3cnc(C)c(C(F)(F)F)c3)n2)n(C)c1=O,CHEMBL6004144,8.3,8.3,8.3,,1,B,2019,2019,O=C(Cn1cnc2[nH]c(=O)[nH]c(=O)c21)Nc1cccc(-c2cccnc2)n1,train
DBXCRZFXGYPTQJ-WCQYABFASA-N,IC50,Cn1cnc2nnn(Cc3nc([C@@H]4CO[C@@H](c5ccc(Cl)cc5)C4)no3)c(=O)c21,CHEMBL5895814,7.734999999999999,7.51,7.96,0.3181980515339468,2,B,2020,2020,O=c1c2[nH]cnc2nnn1Cc1nc(C2COC(c3ccccc3)C2)no1,val
DBZDCJRBMOZLQI-FUHWJXTLSA-N,IC50,Cc1cc(S(=O)(=O)N2[C@H](CO)CC[C@@H]2c2ccc(F)cc2)cc(C)c1F,CHEMBL3753909,7.2,7.2,7.2,,1,B,2016,2016,O=S(=O)(c1ccccc1)N1CCCC1c1ccccc1,train
DCHZOOHTNLONBI-CMPLNLGQSA-N,IC50,Cn1nnc2nc(N)n(Cc3nc([C@@H]4CO[C@@H](c5ccc(Cl)cc5)C4)no3)c(=O)c21,CHEMBL5969034,8.235,7.79,8.68,0.6293250352560273,2,B,2020,2020,O=c1c2[nH]nnc2ncn1Cc1nc(C2COC(c3ccccc3)C2)no1,train
DCIRNJZMAVZAQG-OOHWJJMZSA-N,IC50,COCC(=O)Cn1c(=O)c2c(ncn2[C@@H](C)C(=O)Nc2cccc(-c3cnc(N4CC5C(C4)C5(F)F)cn3)n2)n(C)c1=O,CHEMBL5973426,8.15,8.15,8.15,,1,B,2019,2019,O=C(Cn1cnc2[nH]c(=O)[nH]c(=O)c21)Nc1cccc(-c2cnc(N3CC4CC4C3)cn2)n1,train
DCVSFXIYOAFCQQ-ZHRRBRCNSA-N,IC50,COc1nn(-c2ccc(C(F)(F)F)nc2)cc1CNC(=O)[C@]1(C)C[C@@H](F)CN1S(=O)(=O)c1ccc(F)cc1,CHEMBL5993004,8.05,8.05,8.05,,1,B,2022,2022,O=C(NCc1cnn(-c2cccnc2)c1)C1CCCN1S(=O)(=O)c1ccccc1,train
DDBRUPZDWAODIC-AEFFLSMTSA-N,IC50,O=C(NCc1cc(-c2cnc(C(F)(F)F)nc2)cnc1F)[C@@H]1C[C@@H](F)CN1S(=O)(=O)c1ccc(F)cc1,CHEMBL5913737,6.68,6.68,6.68,,1,B,2022,2022,O=C(NCc1cncc(-c2cncnc2)c1)C1CCCN1S(=O)(=O)c1ccccc1,train
DDCBCYZFOVRVBY-UHFFFAOYSA-N,IC50,Cn1c(=O)c2c(CC(=O)Nc3nc(-c4cc(Cl)c(OCC(F)(F)F)c(Cl)c4)cs3)coc2n(C)c1=O,CHEMBL3976535,8.84,8.84,8.84,,1,B,2015,2015,O=C(Cc1coc2[nH]c(=O)[nH]c(=O)c12)Nc1nc(-c2ccccc2)cs1,train
DEEKSQRKTYEQAN-QWHZDKJVSA-N,IC50,O=c1c2cccnc2ncn1Cc1nc([C@H]2[C@@H]3CN(c4ccc5ncsc5c4)C[C@@H]32)no1,CHEMBL6058047,7.845000000000001,7.62,8.07,0.3181980515339462,2,B,2020,2020,O=c1c2cccnc2ncn1Cc1nc(C2C3CN(c4ccc5ncsc5c4)CC32)no1,val
DEGUDXJXTJSIFF-GOSISDBHSA-N,IC50,CCCC(C)(C)C(=O)NC[C@@H](Cc1ccccc1)N1CCC(O)(C(F)(F)F)CC1,CHEMBL4211095,7.15,7.15,7.15,,1,B,2016,2016,c1ccc(CCN2CCCCC2)cc1,train
DEGUDXJXTJSIFF-SFHVURJKSA-N,IC50,CCCC(C)(C)C(=O)NC[C@H](Cc1ccccc1)N1CCC(O)(C(F)(F)F)CC1,CHEMBL4216061,5.77,5.77,5.77,,1,B,2016,2016,c1ccc(CCN2CCCCC2)cc1,train
DEMKZLAVQYISIA-ZRWXNEIDSA-N,IC50,O=C1C[C@@H](c2ccc(O[C@@H]3O[C@H](CO)[C@@H](O)[C@H](O)[C@H]3O)cc2)Oc2cc(O)ccc21,CHEMBL511995,4.79,4.79,4.79,,1,B,2023,2023,O=C1CC(c2ccc(OC3CCCCO3)cc2)Oc2ccccc21,val
DEOVWIPKRDTVPC-GTPINHCMSA-N,IC50,COCC(=O)Cn1c(=O)c2c(ncn2[C@@H](C)C(=O)Nc2cccc(-c3cnc(N4CC5CC5C4)cn3)n2)n(C)c1=O,CHEMBL5780709,8.15,8.15,8.15,,1,B,2019,2019,O=C(Cn1cnc2[nH]c(=O)[nH]c(=O)c21)Nc1cccc(-c2cnc(N3CC4CC4C3)cn2)n1,train
DEQOZQHMWLHJLS-UWVAXJGDSA-N,IC50,CN(C)C(=O)CNc1nc2ncn(Cc3nc([C@H]4[C@@H]5C=C(c6ccccc6)C[C@@H]54)no3)c(=O)c2n1C,CHEMBL5872653,7.37,7.16,7.58,0.2969848480983499,2,B,2020,2020,O=c1c2[nH]cnc2ncn1Cc1nc(C2C3C=C(c4ccccc4)CC32)no1,train
DFRRLTYRSAJCPA-UHFFFAOYSA-N,IC50,CC(CO)C(C)Cc1ccc(F)cc1,CHEMBL5593584,5.95,5.95,5.95,,1,B,2024,2024,c1ccccc1,train
DGUJPXZEBMKLMM-LBPRGKRZSA-N,IC50,Cc1oc2ncn(Cc3nnn(C[C@H](O)c4cc5ccccc5o4)n3)c(=O)c2c1C(N)=O,CHEMBL5843670,7.58,7.58,7.58,,1,B,2023,2023,O=c1c2ccoc2ncn1Cc1nnn(CCc2cc3ccccc3o2)n1,train
DHGRAFMYKRWRSJ-VYDXJSESSA-N,IC50,Cn1cnc2ncn(Cc3nc([C@H]4[C@@H]5C=C(c6ccc(F)cc6)C[C@@H]54)no3)c(=O)c21,CHEMBL5785596,8.325,8.13,8.52,0.2757716446627533,2,B,2020,2020,O=c1c2[nH]cnc2ncn1Cc1nc(C2C3C=C(c4ccccc4)CC32)no1,train
DHGRAFMYKRWRSJ-ZMSDIMECSA-N,IC50,Cn1cnc2ncn(Cc3nc([C@@H]4[C@H]5C=C(c6ccc(F)cc6)C[C@H]54)no3)c(=O)c21,CHEMBL6040138,8.04,7.96,8.12,0.1131370849898474,2,B,2020,2020,O=c1c2[nH]cnc2ncn1Cc1nc(C2C3C=C(c4ccccc4)CC32)no1,train
DHGUOHDVYXFMFQ-IYARVYRRSA-N,IC50,Cc1ccnc2ncn(Cc3nn([C@H]4C[C@H](c5ccc6ncccc6c5)C4)c(=O)o3)c(=O)c12,CHEMBL6024036,7.9,7.9,7.9,,1,B,2021,2021,O=c1c2cccnc2ncn1Cc1nn(C2CC(c3ccc4ncccc4c3)C2)c(=O)o1,val
DIAYDLRDYDEHDA-XJKSGUPXSA-N,IC50,Cn1c(=O)ccc2ncn(Cc3nc([C@@H]4CO[C@@H](c5ccc(Cl)cc5)C4)no3)c(=O)c21,CHEMBL5785195,7.845,7.84,7.85,0.0070710678118653,2,B,2020,2020,O=c1ccc2ncn(Cc3nc(C4COC(c5ccccc5)C4)no3)c(=O)c2[nH]1,val
DIIQAMTUZXBVMZ-BTYIYWSLSA-N,IC50,COc1nn(-c2ccc(C(F)(F)F)cc2)cc1CNC(=O)[C@@H]1C[C@@H](C#N)CN1S(=O)(=O)c1ccc(F)cc1,CHEMBL5807552,6.78,6.78,6.78,,1,B,2022,2022,O=C(NCc1cnn(-c2ccccc2)c1)C1CCCN1S(=O)(=O)c1ccccc1,train
DIRMTWBVAUKNIW-UHFFFAOYSA-N,IC50,Cc1nc(Cn2c(=O)c3c(ncn3CC(=O)Nc3csc(-c4cnc(C(F)(F)F)c(C)c4)n3)n(C)c2=O)no1,CHEMBL5978862,7.7,7.7,7.7,,1,B,2019,2019,O=C(Cn1cnc2[nH]c(=O)n(Cc3ncon3)c(=O)c21)Nc1csc(-c2cccnc2)n1,train
DJDKJQHFJXTIKP-UHFFFAOYSA-N,IC50,Cc1oc2c(c1CC(=O)Nc1nc(-c3ccc(Cl)c(C(F)(F)F)c3)cs1)c(=O)n(C)c(=O)n2C,CHEMBL3927494,8.5,8.5,8.5,,1,B,2015,2015,O=C(Cc1coc2[nH]c(=O)[nH]c(=O)c12)Nc1nc(-c2ccccc2)cs1,train
DJJSNCWPZMUIPG-UHFFFAOYSA-N,IC50,Cc1ccc(CC2C(C)(C)CCCC2(O)C(F)(F)F)cc1,CHEMBL5419068,5.9,5.9,5.9,,1,B,2023,2023,c1ccc(CC2CCCCC2)cc1,train
DJYLSUHLHQFDOE-UHFFFAOYSA-N,IC50,COc1ccc2c(Oc3ccc(F)cc3F)nccc2c1,CHEMBL3298211,5.89,5.89,5.89,,1,B,2014,2014,c1ccc(Oc2nccc3ccccc23)cc1,train
DKBGJIILYWWMRH-UHFFFAOYSA-N,IC50,COc1ccc2c(Oc3ccc(F)cc3F)ncnc2c1,CHEMBL3297780,5.52,5.52,5.52,,1,B,2014,2014,c1ccc(Oc2ncnc3ccccc23)cc1,train
DKIMBNVMKUFBST-WMLDXEAASA-N,IC50,Cc1cc(S(=O)(=O)N2[C@H](CO)CC[C@@H]2c2ccc(F)cc2)cc(Cl)c1F,CHEMBL3754449,6.89,6.89,6.89,,1,B,2016,2016,O=S(=O)(c1ccccc1)N1CCCC1c1ccccc1,train
DKKPQUFSNQFNET-UHFFFAOYSA-N,IC50,CC(C)C(NC(=O)c1ccccc1)C(=O)c1ccc(Br)cc1,CHEMBL2071495,5.5,5.1,5.9,0.5656854249492386,2,F,2012,2012,O=C(CNC(=O)c1ccccc1)c1ccccc1,train
DKSDOKBELUNFIE-BJHJDKERSA-N,IC50,Cn1cnc2ncn(Cc3nc([C@H]4C[C@@H](C(F)(F)c5cccc(F)c5)C4)no3)c(=O)c21,CHEMBL6063332,8.11,7.96,8.26,0.2121320343559644,2,B,2020,2020,O=c1c2[nH]cnc2ncn1Cc1nc(C2CC(Cc3ccccc3)C2)no1,train
DKUIXNVMCXZCKN-UHFFFAOYSA-N,IC50,Cn1c(=O)n(Cc2ccccn2)c(=O)c2c1ncn2CC(=O)Nc1cccc(-c2ccc(F)c(F)c2)n1,CHEMBL5769806,7.13,7.13,7.13,,1,B,2019,2019,O=C(Cn1cnc2[nH]c(=O)n(Cc3ccccn3)c(=O)c21)Nc1cccc(-c2ccccc2)n1,train
DLPWZGVQCLYDHO-UHFFFAOYSA-N,IC50,Cc1cc(Cn2c(=O)c3c(ncn3CC(=O)Nc3cccc(N4CC5CC5C4)n3)n(C)c2=O)no1,CHEMBL5812116,7.21,7.21,7.21,,1,B,2019,2019,O=C(Cn1cnc2[nH]c(=O)n(Cc3ccon3)c(=O)c21)Nc1cccc(N2CC3CC3C2)n1,train
DLXGKTWQOPDGDA-KWUMSVIQSA-N,IC50,O=c1c2cccnc2ncn1Cc1nc([C@H]2C[C@](O)(c3ccc(Cl)cc3)C2)no1,CHEMBL5833018,6.58,6.58,6.58,,1,B,2020,2020,O=c1c2cccnc2ncn1Cc1nc(C2CC(c3ccccc3)C2)no1,train
DMBRCJACORWWAQ-DEOSSOPVSA-N,IC50,CC(C)n1cc(-c2ccc(C(F)(F)F)cc2)cc(CNC(=O)[C@@H]2CCCN2S(=O)(=O)c2cc3ccccc3o2)c1=O,CHEMBL5884485,7.1,7.1,7.1,,1,B,2020,2020,O=C(NCc1cc(-c2ccccc2)c[nH]c1=O)C1CCCN1S(=O)(=O)c1cc2ccccc2o1,train
DMLDAUYAJBPNMF-VLIAUNLRSA-N,IC50,O=C(NCc1cc(-c2cnc(C(F)(F)F)c(F)c2)c(F)cn1)[C@@H]1C[C@@H](F)CN1S(=O)(=O)c1ccc(F)cc1,CHEMBL5925221,7.4,7.4,7.4,,1,B,2022,2022,O=C(NCc1cc(-c2cccnc2)ccn1)C1CCCN1S(=O)(=O)c1ccccc1,train
DMVJOYDROMTHSO-NRFANRHFSA-N,IC50,CCn1c(=O)c(CNC(=O)[C@@H]2CCCN2S(=O)(=O)c2cc3cc(F)ccc3o2)cn(-c2ccc(C(F)(F)F)cc2)c1=O,CHEMBL5768707,7.96,7.96,7.96,,1,B,2020,2020,O=C(NCc1cn(-c2ccccc2)c(=O)[nH]c1=O)C1CCCN1S(=O)(=O)c1cc2ccccc2o1,train
DMXZZBZXDMPWMC-VKTMSVCMSA-N,IC50,CCC(=N\O)/C(C)=C/c1ccncc1,CHEMBL1084372,5.07,5.07,5.07,0.0,2,"B,F",2010,2017,c1ccncc1,train
DNGBHFGCHWZAEK-JOCQHMNTSA-N,IC50,Cn1cnc2ncn(Cc3nc([C@H]4C[C@H](c5cccc(F)c5)C4)no3)c(=O)c21,CHEMBL5959308,7.08,7.08,7.08,,1,B,2020,2020,O=c1c2[nH]cnc2ncn1Cc1nc(C2CC(c3ccccc3)C2)no1,train
DNTIPHKVCXUYRM-UHFFFAOYSA-N,IC50,O=C(NC(Sc1ccc(Cl)cc1)C(Cl)(Cl)Cl)c1ccc([N+](=O)[O-])cc1,CHEMBL1086587,6.995,6.78,7.46,0.2870975443991116,4,"B,F",2010,2023,O=C(NCSc1ccccc1)c1ccccc1,train
DNUUOBAPXDXADD-HYEYJGRESA-N,IC50,C[C@H]1[C@@H]2[C@H](CN1c1cccc(Cl)c1)[C@H]2c1noc(Cn2cnc3ncn(C)c3c2=O)n1,CHEMBL5872131,6.47,6.47,6.47,,1,B,2020,2020,O=c1c2[nH]cnc2ncn1Cc1nc(C2C3CN(c4ccccc4)CC32)no1,train
DOAZWVGOKGVJJR-FOLVSLTJSA-N,IC50,Cn1cnc2ncn(Cc3nc([C@H]4[C@@H]5CN(c6cccc(C(F)(F)F)c6)C[C@@H]54)no3)c(=O)c21,CHEMBL5853460,7.28,7.28,7.28,,1,B,2020,2020,O=c1c2[nH]cnc2ncn1Cc1nc(C2C3CN(c4ccccc4)CC32)no1,train
DOBJBFNRWRRVBT-FHERZECASA-N,IC50,CC(=O)Cn1c(=O)c2c(ncn2[C@@H](C)C(=O)Nc2cncc(-c3cnc(N4CC5CC5C4)nc3)n2)n(C)c1=O,CHEMBL5914822,8.15,8.15,8.15,,1,B,2019,2019,O=C(Cn1cnc2[nH]c(=O)[nH]c(=O)c21)Nc1cncc(-c2cnc(N3CC4CC4C3)nc2)n1,train
DOCJPRPOCLIJRE-YJYMSZOUSA-N,IC50,O=C(NCc1cc(-c2cnc(C(F)(F)F)cn2)c(F)cn1)[C@@H]1C[C@@H](F)CN1S(=O)(=O)c1ccc(F)cc1,CHEMBL5926872,7.18,7.18,7.18,,1,B,2022,2022,O=C(NCc1cc(-c2cnccn2)ccn1)C1CCCN1S(=O)(=O)c1ccccc1,train
DPAOKPJHCRBSPQ-UHFFFAOYSA-N,IC50,CC(C)N(CC(=O)NCc1cccc(N2CCCC2)c1)S(=O)(=O)c1ccc(F)cc1,CHEMBL5798801,6.05,6.05,6.05,,1,B,2017,2017,O=C(CNS(=O)(=O)c1ccccc1)NCc1cccc(N2CCCC2)c1,val
DPIVYZZBFLLVQT-UHFFFAOYSA-N,IC50,O=C1C2=C(NC(=S)NC2c2cccc(OCCCCO)c2)c2ccccc21,CHEMBL1939833,7.16,7.16,7.16,,1,F,2012,2012,O=C1C2=C(NC(=S)NC2c2ccccc2)c2ccccc21,train
DPYKKSMHTFGSEZ-OOHWJJMZSA-N,IC50,CC(=O)Cn1c(=O)c2c(ncn2[C@@H](C)C(=O)Nc2csc(-c3ccc(N4CC5CC5C4)nc3)n2)n(C)c1=O,CHEMBL5826288,8.7,8.7,8.7,,1,B,2019,2019,O=C(Cn1cnc2[nH]c(=O)[nH]c(=O)c21)Nc1csc(-c2ccc(N3CC4CC4C3)nc2)n1,train
DQMKDVUGJCOEFB-DZFIZOCASA-N,IC50,Cn1cnc2ncn(Cc3nc([C@H]4[C@@H]5CN(c6ccc7ccncc7c6)C[C@@H]54)no3)c(=O)c21,CHEMBL5831072,7.16,7.16,7.16,,1,B,2020,2020,O=c1c2[nH]cnc2ncn1Cc1nc(C2C3CN(c4ccc5ccncc5c4)CC32)no1,val
DRBIJLJBIZNBSI-OAHLLOKOSA-N,IC50,COc1cccc([C@H]2NC(=S)NC3=C2C(=O)c2ccccc23)c1,CHEMBL1939828,7.12,7.12,7.12,,1,F,2012,2012,O=C1C2=C(NC(=S)NC2c2ccccc2)c2ccccc21,train
DRBIJLJBIZNBSI-UHFFFAOYSA-N,IC50,COc1cccc(C2NC(=S)NC3=C2C(=O)c2ccccc23)c1,CHEMBL1939978,6.89,5.82,6.89,0.6177647880328994,3,F,2012,2012,O=C1C2=C(NC(=S)NC2c2ccccc2)c2ccccc21,train
DRMGHQKJRKRAAE-UHFFFAOYSA-N,IC50,N#Cc1ccc(CC(CNC(=O)C2(c3ccc(Cl)cc3)CCCC2)N2CCC(O)(C(F)(F)F)CC2)cc1,CHEMBL3954796,7.2,7.2,7.2,,1,B,2016,2016,O=C(NCC(Cc1ccccc1)N1CCCCC1)C1(c2ccccc2)CCCC1,train
DTFHZFACWKUJPZ-JOCQHMNTSA-N,IC50,Cn1cnc2ncn(Cc3nc([C@H]4C[C@H](C(=O)c5cccc(Cl)c5)C4)no3)c(=O)c21,CHEMBL5991506,7.0600000000000005,6.93,7.19,0.1838477631085025,2,B,2020,2020,O=C(c1ccccc1)C1CC(c2noc(Cn3cnc4nc[nH]c4c3=O)n2)C1,val
DTPJIPPQGPABTK-LBPRGKRZSA-N,IC50,Cc1c(C(N)=O)sc2ncn(Cc3nnn(C[C@H](O)c4ccc(Cl)cc4)n3)c(=O)c12,CHEMBL5781657,7.96,7.96,7.96,,1,B,2023,2023,O=c1c2ccsc2ncn1Cc1nnn(CCc2ccccc2)n1,train
DTVXBNDIMDRBBV-GOSISDBHSA-N,IC50,COCCCOc1cccc([C@H]2NC(=S)NC3=C2C(=O)c2ccccc23)c1,CHEMBL1939826,7.734999999999999,7.58,7.89,0.2192031021678291,2,"B,F",2012,2014,O=C1C2=C(NC(=S)NC2c2ccccc2)c2ccccc21,train
DTVXBNDIMDRBBV-UHFFFAOYSA-N,IC50,COCCCOc1cccc(C2NC(=S)NC3=C2C(=O)c2ccccc23)c1,CHEMBL1939972,7.52,7.3,8.25,0.4972926703662539,3,"B,F",2012,2015,O=C1C2=C(NC(=S)NC2c2ccccc2)c2ccccc21,train
DTXASEKLDRHEQO-UHFFFAOYSA-N,IC50,Cn1c(=O)c2c(ccn2CC(=O)Nc2nc(-c3ccc(F)c(C(F)(F)F)c3)cs2)n(C)c1=O,CHEMBL1946120,5.89,5.89,5.89,,1,F,2012,2012,O=C(Cn1ccc2[nH]c(=O)[nH]c(=O)c21)Nc1nc(-c2ccccc2)cs1,train
DUAGJPVKZYTJQM-LBPRGKRZSA-N,IC50,CCC(=O)Cn1c(=O)c2c(ncn2[C@@H](C)C(=O)Nc2csc(-c3cnc(C)c(Cl)c3)n2)n(C)c1=O,CHEMBL5818964,8.52,8.52,8.52,,1,B,2019,2019,O=C(Cn1cnc2[nH]c(=O)[nH]c(=O)c21)Nc1csc(-c2cccnc2)n1,train
DUDGVTZIXWMUJM-OOHWJJMZSA-N,IC50,C[C@@H](C(=O)Nc1cccc(-c2ccc(N3CC4C(C3)C4(F)F)nc2)n1)n1cnc2c1c(=O)n(CC#N)c(=O)n2C,CHEMBL5951532,8.7,8.7,8.7,,1,B,2019,2019,O=C(Cn1cnc2[nH]c(=O)[nH]c(=O)c21)Nc1cccc(-c2ccc(N3CC4CC4C3)nc2)n1,train
DUKDOQAYUAMVIA-QJLMEOIESA-N,IC50,O=C(NCc1cc([C@H]2CC[C@@H](C(F)(F)F)CC2)ncn1)[C@@H]1C[C@@H](F)CN1S(=O)(=O)c1ccc(F)cc1,CHEMBL5997536,6.51,6.51,6.51,,1,B,2022,2022,O=C(NCc1cc(C2CCCCC2)ncn1)C1CCCN1S(=O)(=O)c1ccccc1,train
DUKDOQAYUAMVIA-SZUSHISOSA-N,IC50,O=C(NCc1cc([C@H]2CC[C@H](C(F)(F)F)CC2)ncn1)[C@@H]1C[C@@H](F)CN1S(=O)(=O)c1ccc(F)cc1,CHEMBL5774901,7.505,7.47,7.54,0.0494974746830585,2,B,2022,2022,O=C(NCc1cc(C2CCCCC2)ncn1)C1CCCN1S(=O)(=O)c1ccccc1,train
DVSUUDQPYLXSED-IPVJXJPOSA-N,IC50,Cc1ccnc2ncn(Cc3nc([C@H]4C[C@](O)(c5cccc(Cl)c5)C4)no3)c(=O)c12,CHEMBL5823474,7.24,7.24,7.24,,1,B,2020,2020,O=c1c2cccnc2ncn1Cc1nc(C2CC(c3ccccc3)C2)no1,train
DWAWIOKCMZJXGY-ZWKOTPCHSA-N,IC50,Cn1cnc2ncn(Cc3nc([C@@H]4CO[C@@H](c5ccc6ccccc6c5)C4)no3)c(=O)c21,CHEMBL5954309,8.504999999999999,8.39,8.62,0.1626345596729056,2,B,2020,2020,O=c1c2[nH]cnc2ncn1Cc1nc(C2COC(c3ccc4ccccc4c3)C2)no1,val
DWKWEXOFAGHGPU-PKOBYXMFSA-N,IC50,Cc1nc(N2CCN(C)CC2)n2ncn(Cc3nc([C@@H]4CO[C@@H](c5ccc(Cl)cc5)C4)no3)c(=O)c12,CHEMBL5834598,6.77,6.77,6.77,,1,B,2020,2020,O=c1c2cnc(N3CCNCC3)n2ncn1Cc1nc(C2COC(c3ccccc3)C2)no1,train
DWKWGYFSYUEEDC-MXVIHJGJSA-N,IC50,Cc1ccnc2ncn(Cc3nc([C@H]4C[C@H](c5ccc6ccccc6c5)C4)no3)c(=O)c12,CHEMBL5741964,7.41,7.41,7.41,,1,B,2020,2020,O=c1c2cccnc2ncn1Cc1nc(C2CC(c3ccc4ccccc4c3)C2)no1,val
DWZFXFKEACEOBD-UHFFFAOYSA-N,IC50,CCNc1cc(NC(=O)c2c(F)cccc2F)cc(C(F)(F)F)c1,CHEMBL3311192,7.13,7.13,7.13,,1,B,2014,2014,O=C(Nc1ccccc1)c1ccccc1,train
DXPDEFAQERXWLM-QHCPKHFHSA-N,IC50,CC(C)n1cc(CNC(=O)[C@@H]2CCCN2S(=O)(=O)c2cc3ccccc3o2)cc(-c2ccc(C(F)(F)F)cn2)c1=O,CHEMBL5882747,6.96,6.96,6.96,,1,B,2020,2020,O=C(NCc1c[nH]c(=O)c(-c2ccccn2)c1)C1CCCN1S(=O)(=O)c1cc2ccccc2o1,train
DXPVSKMQMRRVIF-HSBZDZAISA-N,IC50,C[C@@H](C(=O)Nc1csc(-c2cnc(N3CC4CC4C3)nc2)n1)n1cnc2c1c(=O)n(CCC(F)(F)F)c(=O)n2C,CHEMBL5811991,6.43,6.43,6.43,,1,B,2019,2019,O=C(Cn1cnc2[nH]c(=O)[nH]c(=O)c21)Nc1csc(-c2cnc(N3CC4CC4C3)nc2)n1,train
DXWIIDPZTZPYBU-SMDDNHRTSA-N,IC50,Cn1nncc1C(=O)NCc1nc([C@@H]2CO[C@@H](c3ccc(Cl)cc3)C2)no1,CHEMBL5932139,7.135,6.96,7.31,0.2474873734152913,2,B,2020,2020,O=C(NCc1nc(C2COC(c3ccccc3)C2)no1)c1cnn[nH]1,val
DZCRSQJSUHVSNU-AWEZNQCLSA-N,IC50,C[C@@H](C(=O)Nc1cccc(-c2cnc(C(F)(F)F)nc2)n1)n1cnc2c1c(=O)n(Cc1ccccn1)c(=O)n2C,CHEMBL5874200,7.41,7.41,7.41,,1,B,2019,2019,O=C(Cn1cnc2[nH]c(=O)n(Cc3ccccn3)c(=O)c21)Nc1cccc(-c2cncnc2)n1,train
DZQZOUCQQZZXDZ-QLPKVWCKSA-N,IC50,Cn1cnc2ncn(Cc3nc([C@H]4[C@@H]5CN(c6cc(F)cc(C#N)c6)C[C@@H]54)no3)c(=O)c21,CHEMBL5979844,7.2,7.0,7.4,0.2828427124746193,2,B,2020,2020,O=c1c2[nH]cnc2ncn1Cc1nc(C2C3CN(c4ccccc4)CC32)no1,train
DZUUKSOAPLTGHW-UHFFFAOYSA-N,IC50,O=C1C2=C(NC(=S)NC2c2cccc(OCc3cccnc3)c2)c2ccccc21,CHEMBL3314485,6.15,6.15,6.15,,1,B,2014,2014,O=C1C2=C(NC(=S)NC2c2cccc(OCc3cccnc3)c2)c2ccccc21,val
DZWTVPLPFLUECS-UHFFFAOYSA-N,IC50,CC(C)N(CC(=O)NCc1cc(N2CCC(F)(F)CC2)ncn1)S(=O)(=O)c1ccc(F)cc1,CHEMBL5955252,5.52,5.52,5.52,,1,B,2017,2017,O=C(CNS(=O)(=O)c1ccccc1)NCc1cc(N2CCCCC2)ncn1,train
DZZBEGYUYXZHDF-HKUYNNGSSA-N,IC50,O=C(NCc1ccnc(-c2cnc(C(F)(F)F)nc2)c1)[C@@H]1[C@@H](F)CCN1S(=O)(=O)c1ccc(F)cc1,CHEMBL5930181,7.12,7.12,7.12,,1,B,2022,2022,O=C(NCc1ccnc(-c2cncnc2)c1)C1CCCN1S(=O)(=O)c1ccccc1,train
FATUHOJCYPAYKH-UHFFFAOYSA-N,IC50,Cc1oc2c(c1CC(=O)Nc1nc(-c3ccc(OCC(F)(F)F)c(Cl)c3)cs1)c(=O)n(C)c(=O)n2C,CHEMBL3922771,8.28,8.28,8.28,,1,B,2015,2015,O=C(Cc1coc2[nH]c(=O)[nH]c(=O)c12)Nc1nc(-c2ccccc2)cs1,train
FBSZSRPGDWDHLD-UHFFFAOYSA-N,IC50,CCC(=O)Cn1c(=O)c2c(ncn2CC(=O)Nc2csc(-c3cnc(C(F)(F)F)c(C)c3)n2)n(C)c1=O,CHEMBL5930525,8.22,8.22,8.22,,1,B,2019,2019,O=C(Cn1cnc2[nH]c(=O)[nH]c(=O)c21)Nc1csc(-c2cccnc2)n1,train
FCFCSZPQFJTENQ-MQMHXKEQSA-N,IC50,Cn1cnc2ncn(Cc3nn([C@H]4C[C@H](c5cccc(Cl)c5)C4)c(=O)o3)c(=O)c21,CHEMBL5938119,7.36,7.36,7.36,,1,B,2021,2021,O=c1c2[nH]cnc2ncn1Cc1nn(C2CC(c3ccccc3)C2)c(=O)o1,train
FCMUQGQOHDDBSQ-SUMWQHHRSA-N,IC50,O=c1c2c(ncn1Cc1nc([C@@H]3CO[C@@H](c4ccc(Cl)cc4)C3)no1)CNCC2,CHEMBL5775087,7.66,7.66,7.66,,1,B,2020,2020,O=c1c2c(ncn1Cc1nc(C3COC(c4ccccc4)C3)no1)CNCC2,train
FCOSPAMFCZKOMI-AWEZNQCLSA-N,IC50,Cc1ccc([C@@H](O)Cn2nnc(Cn3cnc4sc5c(c4c3=O)CCNC5=O)n2)cc1,CHEMBL6037822,7.85,7.85,7.85,,1,B,2023,2023,O=C1NCCc2c1sc1ncn(Cc3nnn(CCc4ccccc4)n3)c(=O)c21,train
FCSBJUCLEMSROM-BEFAXECRSA-N,IC50,O=C(NCc1cc(-c2cnc(C(F)(F)F)cn2)ccn1)[C@@H]1C[C@@H](F)CN1S(=O)(=O)c1ccc(F)cc1,CHEMBL5910523,6.72,6.72,6.72,,1,B,2022,2022,O=C(NCc1cc(-c2cnccn2)ccn1)C1CCCN1S(=O)(=O)c1ccccc1,train
FEDQIVSBCTYUSF-BUTPEJBISA-N,IC50,NC1=NC=CC2C(=O)N(Cc3nc([C@@H]4CO[C@@H](c5ccc(Cl)cc5)C4)no3)C=NC12,CHEMBL6017309,7.175000000000001,7.11,7.24,0.0919238815542507,2,B,2020,2020,O=C1C2C=CN=CC2N=CN1Cc1nc(C2COC(c3ccccc3)C2)no1,val
FELFYFLOCBXASZ-UHFFFAOYSA-N,IC50,Cn1cnc2ncn(Cc3nc(CC(O)c4ccc(Cl)cc4)no3)c(=O)c21,CHEMBL5815220,7.44,7.44,7.44,,1,B,2021,2021,O=c1c2[nH]cnc2ncn1Cc1nc(CCc2ccccc2)no1,train
FFKHUSNRDZTBEK-UHFFFAOYSA-N,IC50,Fc1ccc2[nH]c(-c3n[nH]c4cc(OC(F)(F)F)cnc34)cc2c1,CHEMBL4091459,7.04,7.04,7.04,,1,B,2017,2017,c1ccc2[nH]c(-c3n[nH]c4cccnc34)cc2c1,val
FFLBKZQHVGBNKP-UHFFFAOYSA-N,IC50,Cn1c(=O)c2c(CC(=O)Nc3nc(-c4ccc(C(F)(F)F)c(F)c4)cs3)c(Cl)oc2n(C)c1=O,CHEMBL3958126,8.3,8.3,8.3,,1,B,2015,2015,O=C(Cc1coc2[nH]c(=O)[nH]c(=O)c12)Nc1nc(-c2ccccc2)cs1,train
FGQHVSVCWJXATK-UHFFFAOYSA-N,IC50,COCCNC(=O)c1ccc2c(-c3ccc(C#N)cc3)n[nH]c2c1,CHEMBL4075615,5.57,5.57,5.57,,1,B,2017,2017,c1ccc(-c2n[nH]c3ccccc23)cc1,train
FHTOBCAUNVYQCW-UTKZUKDTSA-N,IC50,N#Cc1nn(-c2ccc(C(F)(F)F)cc2)cc1CNC(=O)[C@@H]1C[C@@H](F)CN1S(=O)(=O)c1ccc(F)cc1,CHEMBL5855830,7.22,7.22,7.22,,1,B,2022,2022,O=C(NCc1cnn(-c2ccccc2)c1)C1CCCN1S(=O)(=O)c1ccccc1,train
FIBJEOLUMVIRIT-DZGCQCFKSA-N,IC50,Cc1nc2ncn(C)c2c(=O)n1Cc1nc([C@@H]2CO[C@@H](c3ccc(Cl)cc3)C2)no1,CHEMBL5940975,8.21,8.03,8.41,0.2137755832643199,4,B,2020,2020,O=c1c2[nH]cnc2ncn1Cc1nc(C2COC(c3ccccc3)C2)no1,train
FICCUPYHHFFCIM-JXMROGBWSA-N,IC50,O=C(/C=C/c1ccc(Cl)cc1)Nc1ccccc1C(=O)O,CHEMBL4456015,5.4,5.4,5.4,0.0,2,B,2019,2019,O=C(C=Cc1ccccc1)Nc1ccccc1,train
FJBYXALKFQSAGN-APWZRJJASA-N,IC50,COc1cnc(-c2cnc(C(F)(F)F)nc2)cc1CNC(=O)[C@@H]1C[C@@H](F)CN1S(=O)(=O)c1ccc(F)cc1,CHEMBL5981962,6.87,6.87,6.87,,1,B,2022,2022,O=C(NCc1ccnc(-c2cncnc2)c1)C1CCCN1S(=O)(=O)c1ccccc1,train
FJEQNXSKGGBBDD-UHFFFAOYSA-N,IC50,CCCNc1cc(NC(=O)c2ccc(F)cc2)cc(C(F)(F)F)c1,CHEMBL3311188,5.85,5.85,5.85,,1,B,2014,2014,O=C(Nc1ccccc1)c1ccccc1,train
FJNRQRRMZBASMG-GXTWGEPZSA-N,IC50,Cc1ncn2nc(N)n(Cc3nc([C@@H]4CO[C@@H](c5ccc(Cl)cc5)C4)no3)c(=O)c12,CHEMBL5812137,7.595,6.85,8.34,1.053589103967956,2,B,2020,2020,O=c1c2cncn2ncn1Cc1nc(C2COC(c3ccccc3)C2)no1,train
FJUZYWBVQVHTJI-SWLSCSKDSA-N,IC50,O=c1c2ccnnc2ncn1Cc1nc([C@@H]2CO[C@@H](c3ccc(F)cc3)C2)no1,CHEMBL6040725,7.095,7.05,7.14,0.0636396103067891,2,B,2020,2020,O=c1c2ccnnc2ncn1Cc1nc(C2COC(c3ccccc3)C2)no1,val
FKCJHLWKMWRKBM-LBPRGKRZSA-N,IC50,Cc1c(C(N)=O)oc2ncn(Cc3nnn(C[C@H](O)c4cc5ccccc5s4)n3)c(=O)c12,CHEMBL5170316,8.0,8.0,8.0,0.0,2,B,2022,2023,O=c1c2ccoc2ncn1Cc1nnn(CCc2cc3ccccc3s2)n1,train
FLIQYUIVRAOUGB-FUHWJXTLSA-N,IC50,Cc1nc(N2CC(CN)C2)n2ncn(Cc3nc([C@@H]4CO[C@@H](c5ccc(Cl)cc5)C4)no3)c(=O)c12,CHEMBL6029127,6.75,6.75,6.75,,1,B,2020,2020,O=c1c2cnc(N3CCC3)n2ncn1Cc1nc(C2COC(c3ccccc3)C2)no1,val
FLNSDZHQQBHXMR-UHFFFAOYSA-N,IC50,CC1(C)CCCC(O)(C(F)(F)F)C1Cc1ccc(F)cc1F,CHEMBL5436224,6.0,6.0,6.0,,1,B,2023,2023,c1ccc(CC2CCCCC2)cc1,train
FLQOKJWUYDGZIT-VAWYXSNFSA-N,IC50,COc1ccccc1/C=C/c1ccccc1,CHEMBL2387062,5.77,5.77,5.77,,1,B,2017,2017,C(=Cc1ccccc1)c1ccccc1,train
FMAWUSSXGHYEJS-ZBFHGGJFSA-N,IC50,COc1nn(-c2cnc(C(F)(F)F)cn2)cc1CNC(=O)[C@@H]1C[C@@H](F)CN1S(=O)(=O)c1ccc(F)cc1,CHEMBL6042049,7.85,7.85,7.85,,1,B,2022,2022,O=C(NCc1cnn(-c2cnccn2)c1)C1CCCN1S(=O)(=O)c1ccccc1,val
FMIIIXHTXHNZIP-UHFFFAOYSA-N,IC50,Cn1c(=O)c2c(CC(=O)Nc3nc(-c4ccc(C(F)(F)F)c(F)c4)cs3)cccc2n(C)c1=O,CHEMBL3935137,7.87,7.87,7.87,,1,B,2015,2015,O=C(Cc1cccc2[nH]c(=O)[nH]c(=O)c12)Nc1nc(-c2ccccc2)cs1,train
FMQCHWYYJNLQTD-BEFAXECRSA-N,IC50,O=C(NCc1cc(-c2ccc3c(c2)OC(F)(F)O3)ncn1)[C@@H]1C[C@@H](F)CN1S(=O)(=O)c1ccc(F)cc1,CHEMBL5975679,7.06,7.06,7.06,,1,B,2022,2022,O=C(NCc1cc(-c2ccc3c(c2)OCO3)ncn1)C1CCCN1S(=O)(=O)c1ccccc1,val
FNDVNJLIBJSDBE-VMPITWQZSA-N,IC50,O=c1c2cccnc2ncn1Cc1noc(/C=C/c2ccc(Cl)cc2)n1,CHEMBL3787029,6.03,6.03,6.03,,1,B,2016,2016,O=c1c2cccnc2ncn1Cc1noc(C=Cc2ccccc2)n1,train
FNJBEWJWLFLGLN-AWEZNQCLSA-N,IC50,Cc1cc(Cn2c(=O)c3c(ncn3[C@@H](C)C(=O)Nc3cncc(-c4cnc(C)c(Cl)c4)n3)n(C)c2=O)no1,CHEMBL5959078,7.96,7.96,7.96,,1,B,2019,2019,O=C(Cn1cnc2[nH]c(=O)n(Cc3ccon3)c(=O)c21)Nc1cncc(-c2cccnc2)n1,train
FNUDQAYJJRTSII-QLPKVWCKSA-N,IC50,COc1ccc(N2C[C@@H]3[C@H](C2)[C@H]3c2noc(Cn3cnc4ncn(C)c4c3=O)n2)cc1,CHEMBL6003086,7.32,7.32,7.32,,1,B,2020,2020,O=c1c2[nH]cnc2ncn1Cc1nc(C2C3CN(c4ccccc4)CC32)no1,train
FOXGCOKYWRDUFO-LBPRGKRZSA-N,IC50,CNC(=O)c1sc2ncn(Cc3nc(C[C@H](O)c4ccc5c(c4)OCO5)no3)c(=O)c2c1C,CHEMBL4854825,7.11,7.11,7.11,0.0,2,B,2021,2021,O=c1c2ccsc2ncn1Cc1nc(CCc2ccc3c(c2)OCO3)no1,train
FPDWPLLJKZDDGE-HSBZDZAISA-N,IC50,CNC(=O)Cn1c(=O)c2c(ncn2[C@@H](C)C(=O)Nc2csc(-c3cnc(N4CC5CC5C4)nc3)n2)n(C)c1=O,CHEMBL5934835,7.36,7.36,7.36,,1,B,2019,2019,O=C(Cn1cnc2[nH]c(=O)[nH]c(=O)c21)Nc1csc(-c2cnc(N3CC4CC4C3)nc2)n1,train
FPMULNOOMRYVLW-UYHGDYIZSA-N,IC50,CCC(=N\O)/C(C)=C/c1cc(F)c(F)c(F)c1,CHEMBL3697715,5.33,5.33,5.33,,1,B,2015,2015,c1ccccc1,train
FPWZCPBCLPFHEF-UHFFFAOYSA-N,IC50,CC1NN(C)c2ncn(Cc3nnn(CCc4ccc(Cl)cc4)n3)c(=O)c21,CHEMBL5757346,6.44,6.44,6.44,,1,B,2023,2023,O=c1c2c(ncn1Cc1nnn(CCc3ccccc3)n1)NNC2,val
FQZNADCLVNIQIS-AWEZNQCLSA-N,IC50,Cc1cc(Cn2c(=O)c3c(ncn3[C@@H](C)C(=O)Nc3cccc(-c4cncc(C(F)(F)F)c4)n3)n(C)c2=O)no1,CHEMBL5788833,8.52,8.52,8.52,,1,B,2019,2019,O=C(Cn1cnc2[nH]c(=O)n(Cc3ccon3)c(=O)c21)Nc1cccc(-c2cccnc2)n1,train
FSWCDZMHVSTAIJ-UHFFFAOYSA-N,IC50,Cc1cc(Cn2c(=O)c3c(ncn3CC(=O)Nc3cccc(-c4ccc(C(F)(F)F)nc4)n3)n(C)c2=O)no1,CHEMBL5960495,7.6,7.6,7.6,,1,B,2019,2019,O=C(Cn1cnc2[nH]c(=O)n(Cc3ccon3)c(=O)c21)Nc1cccc(-c2cccnc2)n1,train
FTOLOGKZFWYVKF-GJYPPUQNSA-N,IC50,Nc1ccc2c(=O)n(Cc3nc([C@H]4[C@@H]5C=C(c6ccccc6)C[C@@H]54)no3)cnc2n1,CHEMBL6061542,8.129999999999999,7.98,8.28,0.2121320343559641,2,B,2020,2020,O=c1c2cccnc2ncn1Cc1nc(C2C3C=C(c4ccccc4)CC32)no1,train
FTWYYMVJQQIIJU-HNNXBMFYSA-N,IC50,Cc1cc(Cn2c(=O)c3c(ncn3[C@@H](C)C(=O)Nc3cccc(-c4ccc(C(F)(F)F)cc4)n3)n(C)c2=O)no1,CHEMBL6022109,8.3,8.3,8.3,,1,B,2019,2019,O=C(Cn1cnc2[nH]c(=O)n(Cc3ccon3)c(=O)c21)Nc1cccc(-c2ccccc2)n1,val
FUKPSYBHXMJTPH-UHFFFAOYSA-N,IC50,Cc1noc(-c2ccccc2)c1C(=O)NC(C(=O)c1ccc(C#N)cc1)C(C)C,CHEMBL2071510,5.25,5.1,5.4,0.2121320343559647,2,F,2012,2012,O=C(CNC(=O)c1cnoc1-c1ccccc1)c1ccccc1,val
FUWTZTWOKOCMSP-NPHXMPSESA-N,IC50,Cn1cc(-c2cccc(N3C[C@@H]4[C@H](C3)[C@H]4c3noc(Cn4ncc5ncccc5c4=O)n3)c2)cn1,CHEMBL5741223,7.38,7.37,7.39,0.0141421356237306,2,B,2020,2020,O=c1c2cccnc2cnn1Cc1nc(C2C3CN(c4cccc(-c5cn[nH]c5)c4)CC32)no1,val
FVEVYUOVLKEWMT-YJYMSZOUSA-N,IC50,O=C(NCc1cc(-c2ccc(C(F)(F)F)nc2)ncn1)[C@@H]1C[C@@H](F)CN1S(=O)(=O)c1ccc(F)c(F)c1,CHEMBL6015925,6.93,6.9,6.96,0.0424264068711928,2,B,2022,2022,O=C(NCc1cc(-c2cccnc2)ncn1)C1CCCN1S(=O)(=O)c1ccccc1,train
FVGOWAKUHJZKFK-GRTSSRMGSA-N,IC50,C[C@@H](C(=O)Nc1cncc(-c2cnc(N3CC4C(C3)C4(F)F)nc2)n1)n1cnc2c1c(=O)n(CC#N)c(=O)n2C,CHEMBL5959189,8.15,8.15,8.15,,1,B,2019,2019,O=C(Cn1cnc2[nH]c(=O)[nH]c(=O)c21)Nc1cncc(-c2cnc(N3CC4CC4C3)nc2)n1,train
FVVAJPFKOPGRKI-UHFFFAOYSA-N,IC50,Cn1cnc2ncn(Cc3nn(CCc4ccc(Br)cc4)c(=O)o3)c(=O)c21,CHEMBL5947600,7.36,7.36,7.36,,1,B,2021,2021,O=c1c2[nH]cnc2ncn1Cc1nn(CCc2ccccc2)c(=O)o1,train
FVXQEVATGMMNBT-UHFFFAOYSA-N,IC50,O=C(NCc1cc(-c2cnc(C(F)(F)F)nc2)ncc1F)C1C2CC(CC2F)N1S(=O)(=O)c1ccc(F)cc1,CHEMBL5819721,6.81,6.81,6.81,,1,B,2022,2022,O=C(NCc1ccnc(-c2cncnc2)c1)C1C2CCC(C2)N1S(=O)(=O)c1ccccc1,val
FWEQDPBXQWFBRT-UHFFFAOYSA-N,IC50,Cc1ccnc2ncn(Cc3nn(CCc4ccc(C#N)cc4)c(=O)o3)c(=O)c12,CHEMBL5782777,6.78,6.78,6.78,,1,B,2021,2021,O=c1c2cccnc2ncn1Cc1nn(CCc2ccccc2)c(=O)o1,train
FWYRYRIWMHHWCG-UHFFFAOYSA-N,IC50,O=c1c2cccnc2ncn1Cc1noc(CCc2ccc(Cl)cc2)n1,CHEMBL3787566,6.305,5.8,6.81,0.7141778489984129,2,B,2016,2016,O=c1c2cccnc2ncn1Cc1noc(CCc2ccccc2)n1,train
FXNIYZIWBXBVOE-OZXSUGGESA-N,IC50,CC(C)n1cc(CNC(=O)[C@@H]2[C@@H](O)CCN2S(=O)(=O)c2cc3cc(F)ccc3o2)cc(-c2ccc(C(F)(F)F)cc2)c1=O,CHEMBL5804843,6.64,6.64,6.64,,1,B,2020,2020,O=C(NCc1c[nH]c(=O)c(-c2ccccc2)c1)C1CCCN1S(=O)(=O)c1cc2ccccc2o1,train
FYADCMMDOVGCKC-UHFFFAOYSA-N,IC50,Cn1ccc2cc(CCn3nc(Cn4cnc5ncn(C)c5c4=O)oc3=O)ccc21,CHEMBL5962544,7.06,7.06,7.06,,1,B,2021,2021,O=c1c2[nH]cnc2ncn1Cc1nn(CCc2ccc3[nH]ccc3c2)c(=O)o1,val
FYEXAXFLKABKLW-XNWCZRBMSA-N,IC50,C/C(=C\Cc1ccc(F)cc1)CO,CHEMBL5589859,5.27,5.27,5.27,,1,B,2024,2024,c1ccccc1,train
FYHWPNBNIBLVRG-UHFFFAOYSA-N,IC50,Cn1c(=O)c2c(CC(=O)Nc3nc(-c4cc(Cl)ccc4F)cs3)cccc2n(C)c1=O,CHEMBL3911625,6.86,6.86,6.86,,1,B,2015,2015,O=C(Cc1cccc2[nH]c(=O)[nH]c(=O)c12)Nc1nc(-c2ccccc2)cs1,train
FZPRJLYAQRPNJX-NZQKXSOJSA-N,IC50,C[C@@]1(F)C[C@@H](C(=O)NCc2cc(F)cc(-c3ccc(C(F)(F)F)nn3)c2)N(S(=O)(=O)c2ccc(F)cc2)C1,CHEMBL5746459,7.62,7.62,7.62,,1,B,2022,2022,O=C(NCc1cccc(-c2cccnn2)c1)C1CCCN1S(=O)(=O)c1ccccc1,train
FZWXVCHEVDMQEI-LBPRGKRZSA-N,IC50,CCC(=O)Cn1c(=O)c2c(ncn2[C@@H](C)C(=O)Nc2csc(-c3cnc(C)c(F)c3)n2)n(C)c1=O,CHEMBL5857696,7.92,7.92,7.92,,1,B,2019,2019,O=C(Cn1cnc2[nH]c(=O)[nH]c(=O)c21)Nc1csc(-c2cccnc2)n1,train
FZXALJROWDXSCO-JEYLPNPQSA-N,IC50,C[C@@H](C(=O)Nc1cccc(-c2cnc(N3CC4C(C3)C4(F)F)nc2)n1)n1cnc2c1c(=O)n(CC#N)c(=O)n2C,CHEMBL5786413,8.52,8.52,8.52,,1,B,2019,2019,O=C(Cn1cnc2[nH]c(=O)[nH]c(=O)c21)Nc1cccc(-c2cnc(N3CC4CC4C3)nc2)n1,train
FZZFOAXTJWRIME-UHFFFAOYSA-N,IC50,Cn1c(=O)c2c(CC(=O)Nc3nc(-c4ccc(F)c(OC(F)(F)F)c4)cs3)c(Cl)oc2n(C)c1=O,CHEMBL3945044,7.56,7.56,7.56,,1,B,2015,2015,O=C(Cc1coc2[nH]c(=O)[nH]c(=O)c12)Nc1nc(-c2ccccc2)cs1,train
GAFGPIYXBBLFJI-YKSBVNFPSA-N,IC50,O=C(NCc1cc(-c2ccc(C(F)(F)F)nc2)nc(-c2ccc(C(F)(F)F)nc2)c1)[C@@H]1C[C@@H](F)CN1S(=O)(=O)c1ccc(F)cc1,CHEMBL5944010,7.26,7.26,7.26,,1,B,2022,2022,O=C(NCc1cc(-c2cccnc2)nc(-c2cccnc2)c1)C1CCCN1S(=O)(=O)c1ccccc1,val
GAJJEVVNFYSCQF-UHFFFAOYSA-N,IC50,Cn1c(=O)c2c(CC(=O)Nc3nc(-c4ccc(C(F)(F)F)cc4)cs3)cccc2n(C)c1=O,CHEMBL3902066,7.33,7.33,7.33,,1,B,2015,2015,O=C(Cc1cccc2[nH]c(=O)[nH]c(=O)c12)Nc1nc(-c2ccccc2)cs1,train
GAQUJPITFFKFQG-AWEZNQCLSA-N,IC50,Cc1cc(Cn2c(=O)c3c(ncn3[C@@H](C)C(=O)Nc3ccnc(-c4cnc(C(F)(F)F)c(C)c4)n3)n(C)c2=O)no1,CHEMBL5745397,8.52,8.52,8.52,,1,B,2019,2019,O=C(Cn1cnc2[nH]c(=O)n(Cc3ccon3)c(=O)c21)Nc1ccnc(-c2cccnc2)n1,train
GASNKOLBLYALAK-OSPHWJPCSA-N,IC50,COc1cnc(CNC(=O)[C@]2(C)C[C@@H](F)CN2S(=O)(=O)c2ccc(F)cc2)cc1-c1ccc(C(F)(F)F)nc1,CHEMBL5919198,6.79,6.79,6.79,,1,B,2022,2022,O=C(NCc1cc(-c2cccnc2)ccn1)C1CCCN1S(=O)(=O)c1ccccc1,train
GBLKNVFTITUYJG-UHFFFAOYSA-N,IC50,Cn1c(=O)c2c(CC(=O)Nc3nc(-c4ccc(Cl)c(C(F)(F)F)c4)cs3)cccc2n(C)c1=O,CHEMBL3897467,7.32,7.32,7.32,,1,B,2015,2015,O=C(Cc1cccc2[nH]c(=O)[nH]c(=O)c12)Nc1nc(-c2ccccc2)cs1,train
GBLOYKHDXVMKKU-HNNXBMFYSA-N,IC50,CC(C)n1c(=O)c(CNC(=O)[C@H](C)NS(=O)(=O)c2cc3cc(F)ccc3o2)cn(-c2ccc(C(F)(F)F)cc2)c1=O,CHEMBL5821202,7.38,7.38,7.38,,1,B,2020,2020,O=C(CNS(=O)(=O)c1cc2ccccc2o1)NCc1cn(-c2ccccc2)c(=O)[nH]c1=O,train
GBWICTTWLYIICR-UHFFFAOYSA-N,IC50,Cn1c(=O)c2c(CC(=O)Nc3nc(-c4ccc(I)cc4)cs3)cccc2n(C)c1=O,CHEMBL3948438,7.18,7.18,7.18,,1,B,2015,2015,O=C(Cc1cccc2[nH]c(=O)[nH]c(=O)c12)Nc1nc(-c2ccccc2)cs1,train
GBZVFJQASGJXPD-UHFFFAOYSA-N,IC50,Cn1c(=O)n(C)c2c(=O)n(Cc3nc(CC(O)c4ccc(Cl)cc4)no3)cnc21,CHEMBL5899412,7.17,7.17,7.17,,1,B,2021,2021,O=c1[nH]c2ncn(Cc3nc(CCc4ccccc4)no3)c(=O)c2[nH]1,val
GCDVMFHLUVNJID-NFOMZHRRSA-N,IC50,COCCn1c(=O)c2c(ncn2[C@@H](C)C(=O)Nc2csc(-c3cnc(N4CC5CC5C4)nc3)n2)n(C)c1=O,CHEMBL5859921,6.57,6.57,6.57,,1,B,2019,2019,O=C(Cn1cnc2[nH]c(=O)[nH]c(=O)c21)Nc1csc(-c2cnc(N3CC4CC4C3)nc2)n1,train
GCIFQXCKLWKXPI-UHFFFAOYSA-N,IC50,Fc1cccc(-c2ccc3[nH]ncc3c2)c1C(F)(F)F,CHEMBL3298246,5.05,5.05,5.05,,1,B,2014,2014,c1ccc(-c2ccc3[nH]ncc3c2)cc1,train
GDCSGNPQQSANAH-UHFFFAOYSA-N,IC50,CC(C)C(NC(=O)c1cc(Cl)ccc1C(F)(F)F)C(=O)c1ccc(C#N)cc1,CHEMBL2071507,6.45,6.4,6.5,0.0707106781186545,2,F,2012,2012,O=C(CNC(=O)c1ccccc1)c1ccccc1,train
GDGPROVRKWVGIM-UHFFFAOYSA-N,IC50,Cc1oc2c(c1CC(=O)Nc1nc(-c3ccc(C(F)(F)F)cc3F)cs1)c(=O)n(C)c(=O)n2C,CHEMBL3920106,8.18,8.18,8.18,,1,B,2015,2015,O=C(Cc1coc2[nH]c(=O)[nH]c(=O)c12)Nc1nc(-c2ccccc2)cs1,train
GDJFZHALVYTABE-UHFFFAOYSA-N,IC50,Cc1nc(C)n2ncn(Cc3nc(CC(O)c4ccc(Cl)cc4)no3)c(=O)c12,CHEMBL5838104,7.46,7.46,7.46,,1,B,2021,2021,O=c1c2cncn2ncn1Cc1nc(CCc2ccccc2)no1,train
GDLXALGRTUYOFU-ZDUSSCGKSA-N,IC50,Cc1ccc([C@@H](O)Cn2nnc(Cn3cnc4sc(C(N)=O)c(C)c4c3=O)n2)cc1,CHEMBL5942880,7.68,7.68,7.68,,1,B,2023,2023,O=c1c2ccsc2ncn1Cc1nnn(CCc2ccccc2)n1,train
GDMOZMAHCFBQEV-VIFPVBQESA-N,IC50,CNC(=O)c1sc2ncn(Cc3nnn(C[C@H](O)c4ccc(Cl)s4)n3)c(=O)c2c1C,CHEMBL5823575,7.43,7.43,7.43,,1,B,2023,2023,O=c1c2ccsc2ncn1Cc1nnn(CCc2cccs2)n1,train
GEKOFPRPTQXTLH-MNZLEMJZSA-N,IC50,Cn1cnc2ncn(Cc3nc([C@H]4[C@@H]5CN(c6ccc7ncccc7c6)C[C@@H]54)no3)c(=O)c21,CHEMBL5949546,6.78,6.78,6.78,,1,B,2020,2020,O=c1c2[nH]cnc2ncn1Cc1nc(C2C3CN(c4ccc5ncccc5c4)CC32)no1,val
GFHCUBYZXBYPMA-LBPRGKRZSA-N,IC50,Cc1c(C(N)=O)sc2ncn(Cc3nnn(C[C@H](O)c4ccc(F)c(F)c4)n3)c(=O)c12,CHEMBL5909702,7.13,7.13,7.13,,1,B,2023,2023,O=c1c2ccsc2ncn1Cc1nnn(CCc2ccccc2)n1,train
GFRTYOMOOHPBGT-WCQYABFASA-N,IC50,Cn1c(=O)oc2ncn(Cc3nc([C@@H]4CO[C@@H](c5ccc(Cl)cc5)C4)no3)c(=O)c21,CHEMBL5896296,8.469999999999999,8.2,8.74,0.381837661840737,2,B,2020,2020,O=c1[nH]c2c(=O)n(Cc3nc(C4COC(c5ccccc5)C4)no3)cnc2o1,val
GFSKJMFCKOFCET-XOBRGWDASA-N,IC50,C[C@H]1CC[C@@H](C(=O)NCc2ccnc(-c3cnc(C(F)(F)F)nc3)c2)N1S(=O)(=O)c1ccc(F)cc1,CHEMBL5835103,8.4,8.4,8.4,,1,B,2022,2022,O=C(NCc1ccnc(-c2cncnc2)c1)C1CCCN1S(=O)(=O)c1ccccc1,train
GFYUYCDYLQUHQA-UHFFFAOYSA-N,IC50,Cc1cc(-c2cccc(NC(=O)Cn3cnc4c3c(=O)n(Cc3ccon3)c(=O)n4C)n2)cnc1C(F)(F)F,CHEMBL6032130,7.72,7.72,7.72,,1,B,2019,2019,O=C(Cn1cnc2[nH]c(=O)n(Cc3ccon3)c(=O)c21)Nc1cccc(-c2cccnc2)n1,train
GGDWDBYUQOQOCY-HALDLXJZSA-N,IC50,Cn1cnc2ncn(Cc3nc([C@H]4[C@@H]5CN(c6ccc(C#N)c(Cl)c6)C[C@@H]54)no3)c(=O)c21,CHEMBL5985433,7.439999999999999,7.2,7.68,0.3394112549695428,2,B,2020,2020,O=c1c2[nH]cnc2ncn1Cc1nc(C2C3CN(c4ccccc4)CC32)no1,train
GGEXZZTTYULMGE-NWDGAFQWSA-N,IC50,O[C@]1(C(F)(F)F)CCCC[C@H]1Cc1ccncc1,CHEMBL5424148,6.14,6.14,6.14,,1,B,2023,2023,c1cc(CC2CCCCC2)ccn1,val
GGKRJWBWIAZWQO-GOEBONIOSA-N,IC50,Cc1ccnc2ncn(Cc3nc([C@@H]4CO[C@@H](c5ccc(Cl)cc5)C4)no3)c(=O)c12,CHEMBL5952658,7.975,7.16,9.14,0.9927864825832392,4,B,2020,2020,O=c1c2cccnc2ncn1Cc1nc(C2COC(c3ccccc3)C2)no1,train
GGMKYOGJIQCBEX-CHWSQXEVSA-N,IC50,Cn1nnc2ncn(Cc3nc([C@@H]4CC[C@@H](c5ccc(F)cc5)C4)no3)c(=O)c21,CHEMBL5897594,7.375,7.36,7.39,0.0212132034355959,2,B,2020,2020,O=c1c2[nH]nnc2ncn1Cc1nc(C2CCC(c3ccccc3)C2)no1,val
GGXOOEKRZGSFIG-RXVVDRJESA-N,IC50,O=C(NCc1cc(F)cc(-c2cnc(C(F)(F)F)cn2)c1)[C@@H]1[C@@H](F)CCN1S(=O)(=O)c1ccc(F)cc1,CHEMBL5754611,8.4,8.4,8.4,,1,B,2022,2022,O=C(NCc1cccc(-c2cnccn2)c1)C1CCCN1S(=O)(=O)c1ccccc1,train
GHKCXTRPFPXNAI-YMHHLACNSA-N,IC50,O=C(NCc1cc(N2C3CCC2CC(C(F)(F)F)C3)c(F)cn1)[C@@H]1C[C@@H](F)CN1S(=O)(=O)c1ccc(F)cc1,CHEMBL5943879,6.13,6.13,6.13,,1,B,2022,2022,O=C(NCc1cc(N2C3CCCC2CC3)ccn1)C1CCCN1S(=O)(=O)c1ccccc1,val
GHLWCNVHSZFICN-UTKZUKDTSA-N,IC50,CNc1nc(CNC(=O)[C@@H]2C[C@@H](F)CN2S(=O)(=O)c2ccc(F)cc2)cc(-c2ccc(C(F)(F)F)cc2)n1,CHEMBL5840662,6.89,6.89,6.89,,1,B,2022,2022,O=C(NCc1cc(-c2ccccc2)ncn1)C1CCCN1S(=O)(=O)c1ccccc1,train
GINMVHRTUVVUGZ-VXGBXAGGSA-N,IC50,O[C@]1(C(F)(F)F)CCCC[C@H]1Nc1ccc(Cl)c(Cl)c1,CHEMBL5422541,7.39,7.39,7.39,,1,B,2023,2023,c1ccc(NC2CCCCC2)cc1,train
GKDOVEFNAJGSJG-ATCWAGBWSA-N,IC50,Cn1cnc2ncn(Cc3nc([C@H]4[C@@H]5CN(c6ccc(Cl)cc6F)C[C@@H]54)no3)c(=O)c21,CHEMBL5761362,7.975,7.82,8.13,0.2192031021678301,2,B,2020,2020,O=c1c2[nH]cnc2ncn1Cc1nc(C2C3CN(c4ccccc4)CC32)no1,train
GKIQKSVZYXCZPE-GXTWGEPZSA-N,IC50,Cc1nc(Cl)n2ncn(Cc3nc([C@@H]4CO[C@@H](c5ccc(Cl)cc5)C4)no3)c(=O)c12,CHEMBL5747812,7.89,7.89,7.89,,1,B,2020,2020,O=c1c2cncn2ncn1Cc1nc(C2COC(c3ccccc3)C2)no1,train
GKJBGRQPKPMAEN-ZDUSSCGKSA-N,IC50,Cc1noc(Cn2c(=O)c3c(ncn3[C@@H](C)C(=O)Nc3cccc(-c4cnc(C)c(C(F)(F)F)c4)n3)n(C)c2=O)n1,CHEMBL5769052,8.52,8.52,8.52,,1,B,2019,2019,O=C(Cn1cnc2[nH]c(=O)n(Cc3ncno3)c(=O)c21)Nc1cccc(-c2cccnc2)n1,train
GKKQZEPQVLEGEB-SFHVURJKSA-N,IC50,O=C(NCc1cn(-c2ccc(C(F)(F)F)cc2)nc1Cl)[C@@H]1CCN1S(=O)(=O)c1ccc(F)cc1,CHEMBL5971236,7.82,7.82,7.82,,1,B,2022,2022,O=C(NCc1cnn(-c2ccccc2)c1)C1CCN1S(=O)(=O)c1ccccc1,val
GKROVECUBNNFBQ-WEHONNDLSA-N,IC50,Cc1ccnc2ncn(Cc3nn([C@H]4C[C@@](F)(c5ccc(C(F)(F)F)cc5)C4)c(=O)o3)c(=O)c12,CHEMBL5766397,7.24,7.24,7.24,,1,B,2021,2021,O=c1c2cccnc2ncn1Cc1nn(C2CC(c3ccccc3)C2)c(=O)o1,train
GKTBXBKXQXNSTC-UHFFFAOYSA-N,IC50,CCCNc1cc(NC(=O)c2ccc(F)c(F)c2)cc(C(F)(F)F)c1,CHEMBL3311189,5.92,5.92,5.92,,1,B,2014,2014,O=C(Nc1ccccc1)c1ccccc1,train
GLDSELZUQFTHCX-UZLBHIALSA-N,IC50,Cc1nc(CNC(=O)[C@@H]2C[C@@H](F)CN2S(=O)(=O)c2ccc(F)cc2)cc(-c2ccc(C(F)(F)F)nc2)n1,CHEMBL5895656,6.925,6.79,7.06,0.1909188309203675,2,B,2022,2022,O=C(NCc1cc(-c2cccnc2)ncn1)C1CCCN1S(=O)(=O)c1ccccc1,train
GLTMCNDGYKDTAQ-UHFFFAOYSA-N,IC50,Cc1oc2c(c1CC(=O)Nc1nc(-c3ccc(Cl)c(OC(F)(F)F)c3)cs1)c(=O)n(C)c(=O)n2C,CHEMBL3932546,8.04,8.04,8.04,,1,B,2015,2015,O=C(Cc1coc2[nH]c(=O)[nH]c(=O)c12)Nc1nc(-c2ccccc2)cs1,train
GLVKYOVHEGVODM-IYARVYRRSA-N,IC50,Cn1cnc2ncn(Cc3nc([C@H]4C[C@H](c5ccc6ccccc6c5)C4)no3)c(=O)c21,CHEMBL5744019,7.24,7.24,7.24,,1,B,2020,2020,O=c1c2[nH]cnc2ncn1Cc1nc(C2CC(c3ccc4ccccc4c3)C2)no1,val
GLYGZIVKLCTOTJ-PGMBSLALSA-N,IC50,CCC(/C=C/c1ccc(F)cc1)=N\O,CHEMBL3697713,5.02,5.02,5.02,,1,B,2015,2015,c1ccccc1,train
GMDDHFLYGBSDDB-KDOFPFPSSA-N,IC50,O=C(NCc1cc(-c2cnc(C(F)(F)F)nc2)ncn1)[C@@H]1C[C@@H](F)CN1S(=O)(=O)c1ccc(F)cc1,CHEMBL5850003,6.6,6.6,6.6,,1,B,2022,2022,O=C(NCc1cc(-c2cncnc2)ncn1)C1CCCN1S(=O)(=O)c1ccccc1,train
GMHGSZNLCIEWAB-UHFFFAOYSA-N,IC50,CC(C)(C)Nc1c(-c2cccc(F)c2)nc2ccc(C(F)(F)F)cn12,CHEMBL3917423,5.88,5.88,5.88,,1,B,2016,2016,c1ccc(-c2cn3ccccc3n2)cc1,train
GMKXACFKVYHBLC-YRNVUSSQSA-N,IC50,C/C(=C\c1nc(Cn2cnc3ncn(C)c3c2=O)no1)c1ccc(Cl)cc1,CHEMBL3786010,6.78,6.78,6.78,,1,B,2016,2016,O=c1c2[nH]cnc2ncn1Cc1noc(C=Cc2ccccc2)n1,val
GMRLSGZVVKNZDY-UHFFFAOYSA-N,IC50,CC(C)N(C1(C(=O)NCc2cc(-c3ccc(C(F)(F)F)nc3)ncn2)CC1)S(=O)(=O)c1ccc(F)cc1,CHEMBL5759706,7.54,7.54,7.54,,1,B,2017,2017,O=C(NCc1cc(-c2cccnc2)ncn1)C1(NS(=O)(=O)c2ccccc2)CC1,val
GMVVWDBILLJHLA-FPOVZHCZSA-N,IC50,O=C(NCc1cc(-c2ccc(OC(F)(F)F)cc2)ncn1)[C@@H]1[C@@H](F)CCN1S(=O)(=O)c1ccc(F)cc1,CHEMBL5784868,8.15,8.15,8.15,,1,B,2022,2022,O=C(NCc1cc(-c2ccccc2)ncn1)C1CCCN1S(=O)(=O)c1ccccc1,train
GMWFVFPCPWVMFQ-UHFFFAOYSA-N,IC50,O=C(NCC(Cc1ccccc1)N1CCC(O)(C(F)(F)F)CC1)C1(c2ccc(F)cc2)CCCCC1,CHEMBL3982480,8.4,8.4,8.4,,1,B,2016,2016,O=C(NCC(Cc1ccccc1)N1CCCCC1)C1(c2ccccc2)CCCCC1,val
GNCGEPOTGKGMLT-KNQAVFIVSA-N,IC50,COCCOc1cc(-c2ccc(C(F)(F)F)nc2)cc(CNC(=O)[C@@H]2C[C@@H](F)CN2S(=O)(=O)c2ccc(F)cc2)n1,CHEMBL5868532,7.05,7.05,7.05,,1,B,2022,2022,O=C(NCc1cc(-c2cccnc2)ccn1)C1CCCN1S(=O)(=O)c1ccccc1,train
GNHMXTAFCQXTQG-UHFFFAOYSA-N,IC50,CC(C)c1ccccc1-c1ccc2[nH]ncc2c1,CHEMBL3298240,6.29,6.29,6.29,,1,B,2014,2014,c1ccc(-c2ccc3[nH]ncc3c2)cc1,train
GNNUMLYAKUEIDE-LDTOLXSISA-N,IC50,O=c1c2cccnc2ncn1Cc1nn([C@H]2C[C@](F)(c3ccc(Cl)cc3)C2)c(=O)o1,CHEMBL5944119,7.78,7.78,7.78,,1,B,2021,2021,O=c1c2cccnc2ncn1Cc1nn(C2CC(c3ccccc3)C2)c(=O)o1,train
GNPIZTIQDCGSLH-ZDUSSCGKSA-N,IC50,O=C1NCCc2c1sc1ncn(Cc3nnn(C[C@H](O)c4cc5cc(F)ccc5o4)n3)c(=O)c21,CHEMBL5895713,7.51,7.51,7.51,,1,B,2023,2023,O=C1NCCc2c1sc1ncn(Cc3nnn(CCc4cc5ccccc5o4)n3)c(=O)c21,train
GNRKNCPNDKATCH-UHFFFAOYSA-N,IC50,Cn1c(=O)c2c(CC(=O)Nc3nc(-c4ccc(OC(F)(F)F)c(F)c4)cs3)cccc2n(C)c1=O,CHEMBL3964272,7.94,7.94,7.94,,1,B,2015,2015,O=C(Cc1cccc2[nH]c(=O)[nH]c(=O)c12)Nc1nc(-c2ccccc2)cs1,train
GNTSRCHLMHYOEA-UHFFFAOYSA-N,IC50,Cn1c(=O)n(Cc2ccccn2)c(=O)c2c1ncn2CC(=O)Nc1csc(-c2ccc(Cl)cc2)n1,CHEMBL5759146,7.77,7.77,7.77,,1,B,2019,2019,O=C(Cn1cnc2[nH]c(=O)n(Cc3ccccn3)c(=O)c21)Nc1csc(-c2ccccc2)n1,train
GNYBHKXPQGYGCV-UHFFFAOYSA-N,IC50,FC(F)(F)c1ccc2c(Nc3ccc(Cl)nc3)n[nH]c2c1,CHEMBL4093377,5.93,5.6,6.26,0.4666904755831215,2,B,2017,2017,c1cncc(Nc2n[nH]c3ccccc23)c1,val
GPSBTMRQCOOVOX-CVDCTZTESA-N,IC50,CC(C)n1c(=O)c(CNC(=O)[C@@H]2[C@@H](O)CCN2S(=O)(=O)c2cc3cc(F)ccc3o2)cn(-c2ccc(C(F)(F)F)nc2)c1=O,CHEMBL5833781,6.42,6.42,6.42,,1,B,2020,2020,O=C(NCc1cn(-c2cccnc2)c(=O)[nH]c1=O)C1CCCN1S(=O)(=O)c1cc2ccccc2o1,train
GPYFHTOHAHTGAG-MOFZMDFASA-N,IC50,C[C@H]1[C@H](F)C[C@@H](C(=O)NCc2cc(-c3cnc(C(F)(F)F)cn3)ncn2)N1S(=O)(=O)c1ccc(F)cc1,CHEMBL4066447,6.74,6.74,6.74,,1,B,2018,2018,O=C(NCc1cc(-c2cnccn2)ncn1)C1CCCN1S(=O)(=O)c1ccccc1,val
GQPDGZDVPWDQGV-ZDUSSCGKSA-N,IC50,CC(=O)Cn1c(=O)c2c(ncn2[C@@H](C)C(=O)Nc2cncc(-c3cnc(C)c(C(F)(F)F)c3)n2)n(C)c1=O,CHEMBL6062133,8.1,8.1,8.1,,1,B,2019,2019,O=C(Cn1cnc2[nH]c(=O)[nH]c(=O)c21)Nc1cncc(-c2cccnc2)n1,train
GRUKRNSLJWUNIQ-GTPINHCMSA-N,IC50,COCC(=O)Cn1c(=O)c2c(ncn2[C@@H](C)C(=O)Nc2cccc(-c3cnc(N4CC5CC5C4)nc3)n2)n(C)c1=O,CHEMBL5955133,8.15,8.15,8.15,,1,B,2019,2019,O=C(Cn1cnc2[nH]c(=O)[nH]c(=O)c21)Nc1cccc(-c2cnc(N3CC4CC4C3)nc2)n1,train
GRXVMTIZBKWHSB-NFOMZHRRSA-N,IC50,CCC(=O)Cn1c(=O)c2c(ncn2[C@@H](C)C(=O)Nc2csc(-c3cnc(N4CC5CC5C4)nc3)n2)n(C)c1=O,CHEMBL5809370,8.76,8.52,9.0,0.3394112549695431,2,B,2019,2019,O=C(Cn1cnc2[nH]c(=O)[nH]c(=O)c21)Nc1csc(-c2cnc(N3CC4CC4C3)nc2)n1,train
GRYCSQXMCQAXTH-KRWDZBQOSA-N,IC50,CC(=O)Cn1c(=O)c2c(ncn2CC(=O)Nc2cccc(-c3cnc(N4CCC[C@H]4C(F)(F)F)nc3)n2)n(C)c1=O,CHEMBL5975317,8.52,8.52,8.52,,1,B,2019,2019,O=C(Cn1cnc2[nH]c(=O)[nH]c(=O)c21)Nc1cccc(-c2cnc(N3CCCC3)nc2)n1,train
GSFZIJJFUIHXEU-NSHDSACASA-N,IC50,CCC(=O)Cn1c(=O)c2c(ncn2[C@@H](C)C(=O)Nc2csc(-c3ccc(Cl)c(Cl)c3)n2)n(C)c1=O,CHEMBL5780817,9.0,9.0,9.0,,1,B,2019,2019,O=C(Cn1cnc2[nH]c(=O)[nH]c(=O)c21)Nc1csc(-c2ccccc2)n1,train
GSUUYDCJJHXRLU-ATCWAGBWSA-N,IC50,Cn1cnc2ncn(Cc3nc([C@H]4[C@@H]5CN(c6ccc(Cl)c(Cl)c6)C[C@@H]54)no3)c(=O)c21,CHEMBL6053710,7.19,7.19,7.19,,1,B,2020,2020,O=c1c2[nH]cnc2ncn1Cc1nc(C2C3CN(c4ccccc4)CC32)no1,train
GTLRVPQNDNSVIG-VQFNDLOPSA-N,IC50,O=c1c2cccnc2ncn1Cc1nc([C@H]2[C@@H]3CN(c4ccccc4)C[C@@H]32)no1,CHEMBL5850839,7.76,7.7,7.82,0.0848528137423861,2,B,2020,2020,O=c1c2cccnc2ncn1Cc1nc(C2C3CN(c4ccccc4)CC32)no1,train
GUGRIVXZTJXLBP-AWEZNQCLSA-N,IC50,O=c1c2cccnc2ncn1Cc1nn(C[C@H](F)c2ccc(OC(F)F)cc2)c(=O)o1,CHEMBL5790786,7.3,7.3,7.3,,1,B,2021,2021,O=c1c2cccnc2ncn1Cc1nn(CCc2ccccc2)c(=O)o1,train
GUXDRJQXNCINLK-UHFFFAOYSA-N,IC50,Cn1c(=O)c2c(CC(=O)Nc3nc(-c4ccc(C(F)(F)F)c(F)c4)cs3)coc2n(C)c1=O,CHEMBL3920880,7.75,7.75,7.75,,1,B,2015,2015,O=C(Cc1coc2[nH]c(=O)[nH]c(=O)c12)Nc1nc(-c2ccccc2)cs1,train
GVAKPHBSBCNTNG-KBXCAEBGSA-N,IC50,CN1CCc2c(ncn(Cc3nc([C@@H]4CO[C@@H](c5ccc(Cl)cc5)C4)no3)c2=O)C1,CHEMBL5891906,5.96,5.57,6.35,0.5515432893255067,2,B,2020,2020,O=c1c2c(ncn1Cc1nc(C3COC(c4ccccc4)C3)no1)CNCC2,train
GVDCWIWNLLLASC-IERDGZPVSA-N,IC50,O=C(NCc1cc(N2CCC3(CC2)CC3(F)F)c(F)cn1)[C@@H]1C[C@@H](F)CN1S(=O)(=O)c1ccc(F)cc1,CHEMBL5979860,7.85,7.85,7.85,,1,B,2022,2022,O=C(NCc1cc(N2CCC3(CC2)CC3)ccn1)C1CCCN1S(=O)(=O)c1ccccc1,train
GVDZPSKDMZOKOZ-UHFFFAOYSA-N,IC50,Cn1ncc2ncn(Cc3nc(CCc4ccc(Cl)cc4)no3)c(=O)c21,CHEMBL3786037,7.28,7.28,7.28,,1,B,2016,2016,O=c1c2[nH]ncc2ncn1Cc1nc(CCc2ccccc2)no1,val
GVIGRYHNIIYCLZ-FOLVSLTJSA-N,IC50,Cn1cnc2ncn(Cc3nc([C@H]4[C@@H]5CN(c6ccc(Cl)cc6)C[C@@H]54)no3)c(=O)c21,CHEMBL5801630,7.69,7.69,7.69,,1,B,2020,2020,O=c1c2[nH]cnc2ncn1Cc1nc(C2C3CN(c4ccccc4)CC32)no1,train
GVIRLSFIPFVKML-HZAYCCFMSA-N,IC50,CC(C)(C)[C@H]1CC[C@H](C(=O)NCC(Cc2ccccc2)N2CCC(O)(C(F)(F)F)CC2)CC1,CHEMBL4204105,7.0,7.0,7.0,,1,B,2016,2016,O=C(NCC(Cc1ccccc1)N1CCCCC1)C1CCCCC1,train
GVMNKKDSUMTDFH-TZOAMJEDSA-N,IC50,CCCC(/C=C/c1ccc(F)cc1)=N\O,CHEMBL3697712,5.23,5.23,5.23,,1,B,2015,2015,c1ccccc1,train
GWJPNUWHPLJRLG-IPVJXJPOSA-N,IC50,Cc1ccnc2ncn(Cc3nc([C@H]4C[C@](F)(c5ccc(Cl)cc5)C4)no3)c(=O)c12,CHEMBL5933408,7.54,7.54,7.54,,1,B,2020,2020,O=c1c2cccnc2ncn1Cc1nc(C2CC(c3ccccc3)C2)no1,train
GWVOHTDFXQAICX-UHFFFAOYSA-N,IC50,CC(=O)Cn1c(=O)c2c(nc(C)n2CC(=O)Nc2cccc(-c3cnc(C(F)(F)F)cn3)n2)n(C)c1=O,CHEMBL5859891,7.21,7.21,7.21,,1,B,2019,2019,O=C(Cn1cnc2[nH]c(=O)[nH]c(=O)c21)Nc1cccc(-c2cnccn2)n1,val
GXEZRQFMWXWZKX-UHFFFAOYSA-N,IC50,Cc1noc(Cn2c(=O)c3c(ncn3CC(=O)Nc3csc(-c4cnc(C)c(C(F)(F)F)c4)n3)n(C)c2=O)n1,CHEMBL5789639,9.0,9.0,9.0,,1,B,2019,2019,O=C(Cn1cnc2[nH]c(=O)n(Cc3ncno3)c(=O)c21)Nc1csc(-c2cccnc2)n1,train
GXQZEMNKUGZVBX-SMDDNHRTSA-N,IC50,Cn1cnc2ncn(Cc3nc([C@@H]4CO[C@@H](c5cc(F)cc(F)c5)C4)no3)c(=O)c21,CHEMBL6001322,7.375,7.2,7.55,0.2474873734152913,2,B,2020,2020,O=c1c2[nH]cnc2ncn1Cc1nc(C2COC(c3ccccc3)C2)no1,train
GXYVIPVHFLYGMR-RXVVDRJESA-N,IC50,O=C(NCc1cc(-c2ccc(C(F)(F)F)c(F)c2)ncn1)[C@@H]1[C@@H](F)CCN1S(=O)(=O)c1ccc(F)cc1,CHEMBL5999508,7.85,7.85,7.85,,1,B,2022,2022,O=C(NCc1cc(-c2ccccc2)ncn1)C1CCCN1S(=O)(=O)c1ccccc1,train
GXZJAPWOZROTCB-UHFFFAOYSA-N,IC50,Cc1oc2c(c1CC(=O)Nc1nc(-c3cc(F)c(OCC(C)(C)C)c(F)c3)cs1)c(=O)n(C)c(=O)n2C,CHEMBL3904770,8.44,8.44,8.44,,1,B,2015,2015,O=C(Cc1coc2[nH]c(=O)[nH]c(=O)c12)Nc1nc(-c2ccccc2)cs1,train
GYHYZGTVOXUSCN-UHFFFAOYSA-N,IC50,Cc1nc(C)n2ncn(Cc3nn(CCc4ccc(Cl)cc4)c(=O)o3)c(=O)c12,CHEMBL5975142,6.58,6.58,6.58,,1,B,2021,2021,O=c1c2cncn2ncn1Cc1nn(CCc2ccccc2)c(=O)o1,val
GYNDNTOIPROUCH-FPSMJMQUSA-N,IC50,C[C@@H]1[C@@H](C(=O)NCc2cc(-c3ccc(C(F)(F)F)nc3)ncn2)N(S(=O)(=O)c2ccc(F)cc2)C[C@@H]1F,CHEMBL5959815,6.55,6.55,6.55,,1,B,2022,2022,O=C(NCc1cc(-c2cccnc2)ncn1)C1CCCN1S(=O)(=O)c1ccccc1,train
GZDAMVHUKQMRSK-UHFFFAOYSA-N,IC50,Cc1c(=O)n(Cc2ccccc2)c(=O)n2cc(C(=O)N3CCC(c4ccccc4F)CC3)sc12,CHEMBL3220453,6.4,6.4,6.4,,1,B,2012,2012,O=C(c1cn2c(=O)n(Cc3ccccc3)c(=O)cc2s1)N1CCC(c2ccccc2)CC1,val
GZRIVVUNKOLQTE-VXGBXAGGSA-N,IC50,O[C@]1(C(F)(F)F)CCCC[C@H]1Nc1ccc(Cl)cc1,CHEMBL5394758,7.77,7.77,7.77,,1,B,2023,2023,c1ccc(NC2CCCCC2)cc1,train
HABYZPQFFRMXCH-UHFFFAOYSA-N,IC50,Cn1cnc2ncn(Cc3nn(CCc4ccc(Cl)cc4)c(=O)o3)c(=O)c21,CHEMBL5805790,7.02,7.02,7.02,,1,B,2021,2021,O=c1c2[nH]cnc2ncn1Cc1nn(CCc2ccccc2)c(=O)o1,train
HAVHLCLATHNKIR-HDJSIYSDSA-N,IC50,Cn1cnc2ncn(Cc3nc([C@H]4C[C@H](c5ccccc5)C4)no3)c(=O)c21,CHEMBL5828929,6.65,6.65,6.65,,1,B,2020,2020,O=c1c2[nH]cnc2ncn1Cc1nc(C2CC(c3ccccc3)C2)no1,train
HBBABCXLFVDQFV-KOMQPUFPSA-N,IC50,Cc1ccnc2ncn(Cc3nn([C@H]4C[C@H](c5ccc(F)cc5)C4)c(=O)o3)c(=O)c12,CHEMBL6005929,8.24,8.24,8.24,,1,B,2021,2021,O=c1c2cccnc2ncn1Cc1nn(C2CC(c3ccccc3)C2)c(=O)o1,train
HBHIXBYCEAGRAO-UHFFFAOYSA-N,IC50,Cn1c(=O)c2c(CC(=O)Nc3nc(-c4ccc(F)c(C(F)(F)F)c4F)cs3)cccc2n(C)c1=O,CHEMBL3943177,7.76,7.76,7.76,,1,B,2015,2015,O=C(Cc1cccc2[nH]c(=O)[nH]c(=O)c12)Nc1nc(-c2ccccc2)cs1,train
HBNRHCPABDWPQN-YEORSEQZSA-N,IC50,Cn1cnc2ncn(Cc3nc([C@H]4C[C@H](Oc5cccc(F)c5)C4)no3)c(=O)c21,CHEMBL5947766,7.61,7.61,7.61,,1,B,2020,2020,O=c1c2[nH]cnc2ncn1Cc1nc(C2CC(Oc3ccccc3)C2)no1,train
HBROHCUKWVIOIZ-XVDXERDNSA-N,IC50,Cn1cnc2ncn(Cc3nn([C@H]4C[C@](F)(c5ccc(Cl)cc5)C4)c(=O)o3)c(=O)c21,CHEMBL5780362,7.19,7.19,7.19,,1,B,2021,2021,O=c1c2[nH]cnc2ncn1Cc1nn(C2CC(c3ccccc3)C2)c(=O)o1,train
HDWOPDWWFVTQFQ-CVEARBPZSA-N,IC50,O=C(Cc1cn(-c2cnc(C(F)(F)F)nc2)nc1C(F)(F)F)N[C@@H]1CC[C@@H]1S(=O)(=O)c1ccc(F)cc1,CHEMBL5742797,8.1,8.1,8.1,0.0,2,B,2020,2020,O=C(Cc1cnn(-c2cncnc2)c1)NC1CCC1S(=O)(=O)c1ccccc1,train
HEEMVJMUZDPBFI-UHFFFAOYSA-N,IC50,Cc1cnc(C#N)c2ncn(Cc3nn(CCc4ccc(Cl)cc4)c(=O)o3)c(=O)c12,CHEMBL5771716,7.75,7.75,7.75,,1,B,2021,2021,O=c1c2ccncc2ncn1Cc1nn(CCc2ccccc2)c(=O)o1,train
HEJBGQMISSCROI-KWUMSVIQSA-N,IC50,O=c1c2cccnc2cnn1Cc1nc([C@H]2C[C@](F)(c3ccc(Cl)cc3)C2)no1,CHEMBL5927746,7.115,7.0,7.23,0.1626345596729062,2,B,2020,2020,O=c1c2cccnc2cnn1Cc1nc(C2CC(c3ccccc3)C2)no1,val
HENUOPIBZLPYCJ-LBPRGKRZSA-N,IC50,Cc1c(C(N)=O)sc2ncn(Cc3nnn(C[C@H](O)c4cc5ccccc5s4)n3)c(=O)c12,CHEMBL5993359,8.15,8.15,8.15,,1,B,2023,2023,O=c1c2ccsc2ncn1Cc1nnn(CCc2cc3ccccc3s2)n1,train
HEQDZPHDVAOBLN-UHFFFAOYSA-N,IC50,CC(C)c1ccc(NC(=O)Cn2cnc3c2c(=O)n(C)c(=O)n3C)cc1,CHEMBL1086310,5.21,4.75,5.75,0.2932283361867626,15,"B,F",2010,2019,O=C(Cn1cnc2[nH]c(=O)[nH]c(=O)c21)Nc1ccccc1,train
HEUHRRGJNWTVSE-XLIONFOSSA-N,IC50,Cc1cc(CNC(=O)[C@@H]2C[C@@H](F)CN2S(=O)(=O)c2ccc(F)cc2)cc(-c2cnc(C(F)(F)F)nc2)n1,CHEMBL6043336,7.33,7.33,7.33,,1,B,2022,2022,O=C(NCc1ccnc(-c2cncnc2)c1)C1CCCN1S(=O)(=O)c1ccccc1,train
HFBMXPXAVUATGY-UHFFFAOYSA-N,IC50,O=C(CN(c1ccc(F)cc1)S(=O)(=O)c1ccc(F)cc1)NCc1cc(-c2ccc(C(F)(F)F)nc2)ncn1,CHEMBL5956845,8.05,8.05,8.05,,1,B,2017,2017,O=C(CN(c1ccccc1)S(=O)(=O)c1ccccc1)NCc1cc(-c2cccnc2)ncn1,val
HFJZCGUXBLVWRY-QFIPXVFZSA-N,IC50,C[C@@]1(C(=O)NCc2cc(-c3ccc(C(F)(F)F)cn3)ncn2)CCCN1S(=O)(=O)c1ccc(F)cc1,CHEMBL5903265,6.57,6.57,6.57,,1,B,2022,2022,O=C(NCc1cc(-c2ccccn2)ncn1)C1CCCN1S(=O)(=O)c1ccccc1,val
HFOXGYXSDJIWDB-XLIONFOSSA-N,IC50,O=C(NCc1cc(-c2ccc(C(F)(F)F)nc2)ncc1Cl)[C@@H]1CC[C@@H]1S(=O)(=O)c1ccc(F)cc1,CHEMBL6007194,6.85,6.85,6.85,,1,B,2020,2020,O=C(NCc1ccnc(-c2cccnc2)c1)C1CCC1S(=O)(=O)c1ccccc1,val
HFTZDURZNKGJNR-UHFFFAOYSA-N,IC50,Cc1oc2c(c1CC(=O)Nc1nc(-c3cc(Cl)c(OCC(C)C)c(Cl)c3)cs1)c(=O)n(C)c(=O)n2C,CHEMBL3920312,8.48,8.48,8.48,,1,B,2015,2015,O=C(Cc1coc2[nH]c(=O)[nH]c(=O)c12)Nc1nc(-c2ccccc2)cs1,train
HFXXGXZWVDFVPZ-UHFFFAOYSA-N,IC50,Cc1oc2c(c1CC(=O)Nc1nc(-c3cccc(C(F)(F)F)c3F)cs1)c(=O)n(C)c(=O)n2C,CHEMBL3944579,7.87,7.87,7.87,,1,B,2015,2015,O=C(Cc1coc2[nH]c(=O)[nH]c(=O)c12)Nc1nc(-c2ccccc2)cs1,train
HGDUOYYDKBPRCV-TUIFFPIZSA-N,IC50,C[C@H]1[C@H](F)C[C@@H](C(=O)NCc2cc(-c3cnc(C(F)(F)F)nc3)ncc2F)N1S(=O)(=O)c1ccc(F)cc1,CHEMBL4092287,8.09,8.08,8.1,0.0141421356237306,2,B,2018,2021,O=C(NCc1ccnc(-c2cncnc2)c1)C1CCCN1S(=O)(=O)c1ccccc1,train
HGFRMZTUAVGPGZ-VGSWGCGISA-N,IC50,O=C(NCc1cc(N2CCC3(CC2)CC3)c(F)cn1)[C@@H]1C[C@@H](F)CN1S(=O)(=O)c1ccc(F)cc1,CHEMBL5821689,7.0,7.0,7.0,,1,B,2022,2022,O=C(NCc1cc(N2CCC3(CC2)CC3)ccn1)C1CCCN1S(=O)(=O)c1ccccc1,train
HGJRJRKZFZNQMJ-UHFFFAOYSA-N,IC50,Cn1c(=O)c2c(CC(=O)Nc3nc(-c4ccc(OC(F)(F)F)c(Cl)c4)cs3)nsc2n(C)c1=O,CHEMBL3892326,8.2,8.2,8.2,,1,B,2015,2015,O=C(Cc1nsc2[nH]c(=O)[nH]c(=O)c12)Nc1nc(-c2ccccc2)cs1,train
HGJWNQHCAHMKIG-ZMSDIMECSA-N,IC50,CNc1nc2ncn(Cc3nc([C@@H]4[C@H]5C=C(c6ccccc6)C[C@H]54)no3)c(=O)c2n1C,CHEMBL5803062,7.66,7.47,7.85,0.2687005768508876,2,B,2020,2020,O=c1c2[nH]cnc2ncn1Cc1nc(C2C3C=C(c4ccccc4)CC32)no1,train
HGLATSHXHZWSLR-LBPRGKRZSA-N,IC50,CC(=O)Cn1c(=O)c2c(ncn2[C@@H](C)C(=O)Nc2csc(-c3cnc(C)c(Cl)c3)n2)n(C)c1=O,CHEMBL6053101,8.0,8.0,8.0,,1,B,2019,2019,O=C(Cn1cnc2[nH]c(=O)[nH]c(=O)c21)Nc1csc(-c2cccnc2)n1,train
HGVCMBRPRZORGD-UHFFFAOYSA-N,IC50,Cn1cnc2ncn(Cc3nn(CCc4ccc(Cl)cc4)c(=O)o3)c2c1=O,CHEMBL6029511,6.13,6.13,6.13,,1,B,2021,2021,O=c1[nH]cnc2ncn(Cc3nn(CCc4ccccc4)c(=O)o3)c12,val
HGWAQHCIDNYZGS-UHFFFAOYSA-N,IC50,Fc1ccc(Oc2nccc3occc23)c(F)c1,CHEMBL3297777,5.66,5.66,5.66,,1,B,2014,2014,c1ccc(Oc2nccc3occc23)cc1,val
HHCCDKWJHHNZND-UHFFFAOYSA-N,IC50,Fc1ccc(-c2ccc3[nH]ncc3c2)c(C(F)(F)F)c1,CHEMBL3298247,4.52,4.52,4.52,,1,B,2014,2014,c1ccc(-c2ccc3[nH]ncc3c2)cc1,train
HHCLINDTOXIQSR-GXTWGEPZSA-N,IC50,Cc1nc2nc(N)n(C)c2c(=O)n1Cc1nc([C@@H]2CO[C@@H](c3ccc(Cl)cc3)C2)no1,CHEMBL5928378,7.38,6.91,7.85,0.6646803743153543,2,B,2020,2020,O=c1c2[nH]cnc2ncn1Cc1nc(C2COC(c3ccccc3)C2)no1,train
HIDRCJZHDJXUMQ-MJGOQNOKSA-N,IC50,O=C(NCc1cncc(-c2cnc(C(F)(F)F)nc2)c1)[C@@H]1C[C@@H](F)CN1S(=O)(=O)c1ccc(F)cc1,CHEMBL5881088,6.1,6.1,6.1,,1,B,2022,2022,O=C(NCc1cncc(-c2cncnc2)c1)C1CCCN1S(=O)(=O)c1ccccc1,train
HJORVEMWTJKDDG-UHFFFAOYSA-N,IC50,CC(C)Nc1cc(NC(=O)c2cccs2)cc(C(F)(F)F)c1,CHEMBL3311183,6.54,6.54,6.54,,1,B,2014,2014,O=C(Nc1ccccc1)c1cccs1,train
HKCKRSVNNCQBGV-KNMUDHKVSA-N,IC50,C[C@H]1[C@H](F)C[C@@H](C(=O)NCc2cc(-c3cnc(C(F)(F)F)nc3)c(Cl)cn2)N1S(=O)(=O)c1ccc(F)cc1,CHEMBL4086464,7.89,7.89,7.89,,1,B,2018,2018,O=C(NCc1cc(-c2cncnc2)ccn1)C1CCCN1S(=O)(=O)c1ccccc1,train
HKIUSPTWBXDTFJ-UHFFFAOYSA-N,IC50,Cc1c(=O)n(Cc2ccccc2)c(=O)n2cc(C(=O)NCc3ccccc3)sc12,CHEMBL3220230,5.73,5.73,5.73,,1,B,2012,2012,O=C(NCc1ccccc1)c1cn2c(=O)n(Cc3ccccc3)c(=O)cc2s1,train
HKROEBDHHKMNBZ-BYKJOZEVSA-N,IC50,CCC(=N/O)/C(C)=C/c1ccc(F)cc1,CHEMBL3697710,6.15,6.15,6.15,,1,B,2015,2015,c1ccccc1,train
HKROEBDHHKMNBZ-CHBKHGQFSA-N,IC50,CCC(=N\O)/C(C)=C/c1ccc(F)cc1,CHEMBL3697701,7.17,6.0,7.36,0.33843152547583,13,B,2011,2024,c1ccccc1,train
HLNQWCKWTOEBQE-APWZRJJASA-N,IC50,COc1cc(CNC(=O)[C@@H]2C[C@@H](F)CN2S(=O)(=O)c2ccc(F)cc2)cc(-c2cnc(C(F)(F)F)nc2)n1,CHEMBL5891925,8.1,8.1,8.1,,1,B,2022,2022,O=C(NCc1ccnc(-c2cncnc2)c1)C1CCCN1S(=O)(=O)c1ccccc1,train
HNEVLTMGONUBIF-UHFFFAOYSA-N,IC50,COCCCOc1cccc(C2NC(=O)NC3=C2C(=O)c2ccccc23)c1,CHEMBL1939823,5.77,5.77,5.77,,1,F,2012,2012,O=C1NC2=C(C(=O)c3ccccc32)C(c2ccccc2)N1,train
HNSCERNLYMZCPA-UHFFFAOYSA-N,IC50,Cc1noc(Cn2c(=O)c3c(ncn3CC(=O)Nc3csc(-c4cnc(C(F)(F)F)c(C)c4)n3)n(C)c2=O)n1,CHEMBL5959751,8.22,8.22,8.22,,1,B,2019,2019,O=C(Cn1cnc2[nH]c(=O)n(Cc3ncno3)c(=O)c21)Nc1csc(-c2cccnc2)n1,train
HOGBUUUQWBIWPK-JAMMHHFISA-N,IC50,C[C@@H](C(N)=O)n1cnc2c1c(=O)n(CC1CCO1)c(=O)n2C,CHEMBL5975533,6.05,6.05,6.05,,1,B,2019,2019,O=c1[nH]c2nc[nH]c2c(=O)n1CC1CCO1,val
HOLHRJJHGIWWPH-UHFFFAOYSA-N,IC50,Cc1[nH]c2ncnc(Oc3ccc(F)cc3F)c2c1C,CHEMBL3298581,5.7,5.7,5.7,,1,B,2014,2014,c1ccc(Oc2ncnc3[nH]ccc23)cc1,train
HOZKRSNDULRMQU-NZQKXSOJSA-N,IC50,C[C@@]1(F)C[C@@H](C(=O)NCc2cc(F)cc(-c3cnc(C(F)(F)F)nc3)c2)N(S(=O)(=O)c2ccc(F)cc2)C1,CHEMBL5880664,7.8,7.8,7.8,,1,B,2022,2022,O=C(NCc1cccc(-c2cncnc2)c1)C1CCCN1S(=O)(=O)c1ccccc1,train
HPKPJVMZLTXAQJ-KRWDZBQOSA-N,IC50,CCN(CC)c1ncc(-c2cccc(NC(=O)[C@H](C)n3cnc4c3c(=O)n(Cc3cc(C)on3)c(=O)n4C)n2)cn1,CHEMBL5984899,8.7,8.7,8.7,,1,B,2019,2019,O=C(Cn1cnc2[nH]c(=O)n(Cc3ccon3)c(=O)c21)Nc1cccc(-c2cncnc2)n1,train
HQKQCVCHHUAYQS-VIFPVBQESA-N,IC50,O=C1NCCc2c1sc1ncn(Cc3nnn(C[C@H](O)c4ccc(Cl)s4)n3)c(=O)c21,CHEMBL5807015,7.85,7.85,7.85,,1,B,2023,2023,O=C1NCCc2c1sc1ncn(Cc3nnn(CCc4cccs4)n3)c(=O)c21,train
HQNAZTYNJXEWDA-UTKZUKDTSA-N,IC50,O=C(NCc1cc(-c2ccc(C(F)(F)F)cn2)ccn1)[C@@H]1C[C@@H](F)CN1S(=O)(=O)c1ccc(F)cc1,CHEMBL5796833,6.99,6.99,6.99,,1,B,2022,2022,O=C(NCc1cc(-c2ccccn2)ccn1)C1CCCN1S(=O)(=O)c1ccccc1,train
HQOTZKAHXGIKLR-KEYYUXOJSA-N,IC50,Cn1cnc2ncn(Cc3nc([C@H]4[C@@H]5C=C(c6ccc(F)cc6F)C[C@@H]54)no3)c(=O)c21,CHEMBL6065256,8.25,8.16,8.34,0.1272792206135783,2,B,2020,2020,O=c1c2[nH]cnc2ncn1Cc1nc(C2C3C=C(c4ccccc4)CC32)no1,train
HQVKTAXJLJKFMT-ZDUSSCGKSA-N,IC50,C[C@H](NS(=O)(=O)c1cc2cc(F)ccc2o1)C(=O)NCc1cn(-c2ccc(C(F)(F)F)cc2)c(=O)n(C)c1=O,CHEMBL5759542,6.27,6.27,6.27,,1,B,2020,2020,O=C(CNS(=O)(=O)c1cc2ccccc2o1)NCc1cn(-c2ccccc2)c(=O)[nH]c1=O,train
HQVRXJTUSZIFBP-HALDLXJZSA-N,IC50,O=c1c2cccnc2ncn1Cc1nc([C@H]2[C@@H]3CN(c4ccc(Cl)cn4)C[C@@H]32)no1,CHEMBL5965558,7.41,7.4,7.42,0.0141421356237306,2,B,2020,2020,O=c1c2cccnc2ncn1Cc1nc(C2C3CN(c4ccccn4)CC32)no1,train
HRAPYHSCUKKKMN-UHFFFAOYSA-N,IC50,COc1nn(-c2ccc(C(F)(F)F)nc2)cc1CNC(=O)C1(C)CCCC1S(=O)(=O)c1ccc(F)cc1,CHEMBL5754580,7.345000000000001,6.7,7.48,0.3677295201639379,4,B,2020,2020,O=C(NCc1cnn(-c2cccnc2)c1)C1CCCC1S(=O)(=O)c1ccccc1,train
HRMFIOUUYUFIRA-RTUWITSCSA-N,IC50,Cn1cnc2ncn(Cc3nc([C@H]4[C@@H]5CN(c6cc(Cl)c(F)cn6)C[C@@H]54)no3)c(=O)c21,CHEMBL6032016,6.76,6.63,6.89,0.1838477631085022,2,B,2020,2020,O=c1c2[nH]cnc2ncn1Cc1nc(C2C3CN(c4ccccn4)CC32)no1,train
HRPNHQBVYVNOBG-GTPINHCMSA-N,IC50,CCC(=O)Cn1c(=O)c2c(ncn2[C@@H](C)C(=O)Nc2cccc(-c3cnc(N4CC5CC5C4)cn3)n2)n(C)c1=O,CHEMBL6064801,8.7,8.7,8.7,,1,B,2019,2019,O=C(Cn1cnc2[nH]c(=O)[nH]c(=O)c21)Nc1cccc(-c2cnc(N3CC4CC4C3)cn2)n1,train
HSUWVFMQRSTCAD-QLPKVWCKSA-N,IC50,Cn1cnc2ncn(Cc3nc([C@H]4[C@@H]5CN(c6cc(Cl)cc(C#N)c6)C[C@@H]54)no3)c(=O)c21,CHEMBL6054619,7.465,7.43,7.5,0.0494974746830585,2,B,2020,2020,O=c1c2[nH]cnc2ncn1Cc1nc(C2C3CN(c4ccccc4)CC32)no1,train
HTAGBOVZPLQUDC-HWWDLCQESA-N,IC50,O=c1c2ccc(Cl)nc2ncn1Cc1nc([C@H]2[C@@H]3CN(c4cccc(F)c4)C[C@@H]32)no1,CHEMBL5961563,7.345000000000001,7.23,7.46,0.1626345596729053,2,B,2020,2020,O=c1c2cccnc2ncn1Cc1nc(C2C3CN(c4ccccc4)CC32)no1,train
HTFLIVOZSFVGEJ-UHFFFAOYSA-N,IC50,CC(C)Nc1cc(NC(=O)c2c(F)cccc2F)cc(C(F)(F)F)c1,CHEMBL3309280,7.04,7.04,7.04,,1,B,2014,2014,O=C(Nc1ccccc1)c1ccccc1,train
HUHIIHFGNPALFZ-UOIKSKOESA-N,IC50,O=c1c2cccnc2cnn1Cc1nc([C@H]2[C@@H]3CN(c4cc(F)ccn4)C[C@@H]32)no1,CHEMBL5858664,7.119999999999999,7.02,7.22,0.1414213562373099,2,B,2020,2020,O=c1c2cccnc2cnn1Cc1nc(C2C3CN(c4ccccn4)CC32)no1,train
HVBOOIDXACFGEI-OAHLLOKOSA-N,IC50,COCCCOc1cccc([C@H]2NC(=S)Nc3c2oc2ncccc32)c1,CHEMBL3314489,6.97,6.77,7.17,0.2828427124746193,2,B,2014,2023,S=C1Nc2c(oc3ncccc23)C(c2ccccc2)N1,val
HVDSOPBAZRASKA-DAXOMENPSA-N,IC50,O[C@]12CCCC[C@@H]1CCC[C@H]2Nc1ccc(F)cc1,CHEMBL4215994,8.0,8.0,8.0,,1,B,2016,2016,c1ccc(NC2CCCC3CCCCC32)cc1,val
HWJFTZKKBTVRHJ-UHFFFAOYSA-N,IC50,O=C1C2=C(NC(=S)NC2c2cccc(OCc3ccccn3)c2)c2ccccc21,CHEMBL3314486,6.52,6.52,6.52,,1,B,2014,2014,O=C1C2=C(NC(=S)NC2c2cccc(OCc3ccccn3)c2)c2ccccc21,val
HWKOCGQYCSKFFR-DZGCQCFKSA-N,IC50,Cc1cnn2ncn(Cc3nc([C@@H]4CO[C@@H](c5ccc(Cl)cc5)C4)no3)c(=O)c12,CHEMBL6057282,9.01,8.92,9.1,0.1272792206135783,2,B,2020,2020,O=c1c2ccnn2ncn1Cc1nc(C2COC(c3ccccc3)C2)no1,train
HWNSMCOQLBDRFN-UTKZUKDTSA-N,IC50,Cc1cnc(CNC(=O)[C@@H]2C[C@@H](F)CN2S(=O)(=O)c2ccc(F)cc2)cc1-c1ccc(C(F)(F)F)nc1,CHEMBL5751255,6.79,6.79,6.79,,1,B,2022,2022,O=C(NCc1cc(-c2cccnc2)ccn1)C1CCCN1S(=O)(=O)c1ccccc1,train
HXWIASAQIZZSJV-RXVVDRJESA-N,IC50,O=C(NCc1cc(-c2ccc(C(F)(F)F)nc2)c(F)cn1)[C@@H]1[C@@H](F)CCN1S(=O)(=O)c1ccc(F)cc1,CHEMBL5786702,7.89,7.89,7.89,,1,B,2022,2022,O=C(NCc1cc(-c2cccnc2)ccn1)C1CCCN1S(=O)(=O)c1ccccc1,train
HXYKQFXGQHGPRG-UHFFFAOYSA-N,IC50,Cn1c(=O)c2c(CC(=O)Nc3nc(-c4ccc(F)c(C(F)(F)F)c4)cs3)coc2n(C)c1=O,CHEMBL3942587,7.92,7.92,7.92,,1,B,2015,2015,O=C(Cc1coc2[nH]c(=O)[nH]c(=O)c12)Nc1nc(-c2ccccc2)cs1,train
HYIWRGKOWKOPHN-UHFFFAOYSA-N,IC50,Cn1c(=O)c2c(ccn2CC(=O)Nc2ccc(F)cc2)n(C)c1=O,CHEMBL1947272,5.51,5.51,5.51,,1,F,2012,2012,O=C(Cn1ccc2[nH]c(=O)[nH]c(=O)c21)Nc1ccccc1,train
HYLZITOBNTZXNO-DZGCQCFKSA-N,IC50,Cc1cnn2ncn(Cc3nc([C@@H]4CO[C@@H](c5ccc6ncsc6c5)C4)no3)c(=O)c12,CHEMBL5773914,7.245,7.09,7.4,0.2192031021678301,2,B,2020,2020,O=c1c2ccnn2ncn1Cc1nc(C2COC(c3ccc4ncsc4c3)C2)no1,val
HYPBWVFTVULNBT-LAQFHYBYSA-N,IC50,Cc1nn(C)c2ncn(Cc3nc([C@H]4[C@@H]5CN(c6cc(Cl)ccn6)C[C@@H]54)no3)c(=O)c12,CHEMBL5952236,7.300000000000001,7.23,7.37,0.0989949493661161,2,B,2020,2020,O=c1c2cn[nH]c2ncn1Cc1nc(C2C3CN(c4ccccn4)CC32)no1,val
HYPZUSFAUMAFNR-UHFFFAOYSA-N,IC50,COc1cc(NC(=O)Cn2cnc3c2c(=O)n(Cc2cc(C)on2)c(=O)n3C)nc(C(F)(F)F)c1,CHEMBL6026939,5.49,5.49,5.49,,1,B,2019,2019,O=C(Cn1cnc2[nH]c(=O)n(Cc3ccon3)c(=O)c21)Nc1ccccn1,train
HZVARVKQUXVYIG-HAQNSBGRSA-N,IC50,Cn1cnc2ncn(Cc3nc([C@H]4C[C@H](c5ccc(F)c(Cl)c5)C4)no3)c(=O)c21,CHEMBL5853017,7.26,7.26,7.26,,1,B,2020,2020,O=c1c2[nH]cnc2ncn1Cc1nc(C2CC(c3ccccc3)C2)no1,train
IAHQHDGHWAXFMV-DPGVGJJJSA-N,IC50,COCC(O)Cn1c(=O)c2c(ncn2[C@@H](C)C(=O)Nc2csc(-c3cnc(N4CC5CC5C4)nc3)n2)n(C)c1=O,CHEMBL5945233,6.19,6.19,6.19,,1,B,2019,2019,O=C(Cn1cnc2[nH]c(=O)[nH]c(=O)c21)Nc1csc(-c2cnc(N3CC4CC4C3)nc2)n1,train
IAWHXDCOTSCDSA-QLPKVWCKSA-N,IC50,Cc1cnn2ncn(Cc3nc([C@H]4[C@@H]5CN(c6ccccc6)C[C@@H]54)no3)c(=O)c12,CHEMBL5856251,8.275,8.09,8.46,0.2616295090390232,2,B,2020,2020,O=c1c2ccnn2ncn1Cc1nc(C2C3CN(c4ccccc4)CC32)no1,val
IBGTZIUMMBHLKD-ZDVGBALWSA-N,IC50,CCC(=N\O)/C(C)=C/c1cccs1,CHEMBL1085709,4.96,4.96,4.96,0.0,2,"B,F",2010,2017,c1ccsc1,train
ICQQRJVVVVHYDQ-UHFFFAOYSA-N,IC50,CC(=O)Cn1c(=O)c2c(ncn2CC(=O)Nc2cccc(-c3ccc(Cl)cc3)n2)n(C)c1=O,CHEMBL5847001,7.72,7.72,7.72,,1,B,2019,2019,O=C(Cn1cnc2[nH]c(=O)[nH]c(=O)c21)Nc1cccc(-c2ccccc2)n1,train
ICZZSPAOWPLMSA-UHFFFAOYSA-N,IC50,CC(C)C(NC(=O)N1CCc2ccccc2C1)C(=O)c1ccc(C#N)cc1,CHEMBL2071584,5.3,5.3,5.3,0.0,2,F,2012,2012,O=C(CNC(=O)N1CCc2ccccc2C1)c1ccccc1,val
IDLSECJBDCJDSS-APWZRJJASA-N,IC50,O=C(NCc1cc(F)nc(-c2ccc(C(F)(F)F)nc2)c1)[C@@H]1C[C@@H](F)CN1S(=O)(=O)c1ccc(F)cc1,CHEMBL6057466,7.28,7.28,7.28,,1,B,2022,2022,O=C(NCc1ccnc(-c2cccnc2)c1)C1CCCN1S(=O)(=O)c1ccccc1,train
IDPIVZXQDBCGRG-UHFFFAOYSA-N,IC50,CN(CC(=O)NCC1CN(c2ccc(C(F)(F)F)cc2)CCO1)S(=O)(=O)c1ccc(F)cc1,CHEMBL3927799,5.82,5.82,5.82,,1,B,2016,2016,O=C(CNS(=O)(=O)c1ccccc1)NCC1CN(c2ccccc2)CCO1,train
IECBTGJNZAMXMI-NFOMZHRRSA-N,IC50,C[C@@H](C(=O)Nc1cncc(-c2cnc(N3CC4CC4C3)nc2)n1)n1cnc2c1c(=O)n(CC#N)c(=O)n2C,CHEMBL6039947,8.185,8.15,8.22,0.0494974746830585,2,B,2019,2019,O=C(Cn1cnc2[nH]c(=O)[nH]c(=O)c21)Nc1cncc(-c2cnc(N3CC4CC4C3)nc2)n1,train
IESAJAZKMLPVIB-VXGBXAGGSA-N,IC50,O[C@]1(C(F)(F)F)CCCC[C@H]1Nc1ccc(F)cc1,CHEMBL4514203,7.63,7.09,7.8,0.3386615813266493,4,B,2021,2023,c1ccc(NC2CCCCC2)cc1,train
IEURSGBEYPEAGJ-UHFFFAOYSA-N,IC50,Cc1cc(Cn2c(=O)c3c(ncn3CC(=O)Nc3cccc(N4CC(F)(F)C4)n3)n(C)c2=O)no1,CHEMBL5760713,6.53,6.53,6.53,,1,B,2019,2019,O=C(Cn1cnc2[nH]c(=O)n(Cc3ccon3)c(=O)c21)Nc1cccc(N2CCC2)n1,val
IEXGDENLKSBYPG-DIBXZPPDSA-N,IC50,Cn1c(=O)c2c(CC(=O)/N=c3\scc(-c4ccc(F)c(C(F)(F)F)c4F)n3COP(=O)(O)O)csc2n(C)c1=O,CHEMBL3915505,6.25,6.25,6.25,,1,B,2015,2015,O=C(Cc1csc2[nH]c(=O)[nH]c(=O)c12)N=c1[nH]c(-c2ccccc2)cs1,train
IFCINJLPGSPGOE-YEORSEQZSA-N,IC50,Cn1cnc2ncn(Cc3nc([C@H]4C[C@H](Oc5cccc(Cl)c5)C4)no3)c(=O)c21,CHEMBL5961356,7.42,7.42,7.42,,1,B,2020,2020,O=c1c2[nH]cnc2ncn1Cc1nc(C2CC(Oc3ccccc3)C2)no1,train
IFFMKKPSJXPRPX-LBPRGKRZSA-N,IC50,Cc1c(C(N)=O)sc2ncn(Cc3nnn(C[C@H](O)c4cc5cc(Cl)ccc5o4)n3)c(=O)c12,CHEMBL5884309,7.92,7.92,7.92,,1,B,2023,2023,O=c1c2ccsc2ncn1Cc1nnn(CCc2cc3ccccc3o2)n1,train
IFOHXEDFEXQIFK-UHFFFAOYSA-N,IC50,Cc1cc(Cn2c(=O)c3c(ncn3CC(=O)Nc3csc(-c4cnc(C)c(C(F)(F)F)c4)n3)n(C)c2=O)no1,CHEMBL5869511,9.0,9.0,9.0,,1,B,2019,2019,O=C(Cn1cnc2[nH]c(=O)n(Cc3ccon3)c(=O)c21)Nc1csc(-c2cccnc2)n1,train
IFSNPBNBYFOKHI-GXTWGEPZSA-N,IC50,Cn1cnc2ncn(Cc3nc([C@@H]4CO[C@@H](c5cccc(F)c5)C4)no3)c(=O)c21,CHEMBL5872092,7.664999999999999,7.56,7.77,0.1484924240491752,2,B,2020,2020,O=c1c2[nH]cnc2ncn1Cc1nc(C2COC(c3ccccc3)C2)no1,train
IGOGZZUWJQNUTI-AWEZNQCLSA-N,IC50,Cc1ccnc2ncn(Cc3nn(C[C@H](F)c4ccc(OC(F)F)cc4)c(=O)o3)c(=O)c12,CHEMBL5758289,7.92,7.92,7.92,,1,B,2021,2021,O=c1c2cccnc2ncn1Cc1nn(CCc2ccccc2)c(=O)o1,train
IHBZABBOIFBMSZ-LBPRGKRZSA-N,IC50,CC(=O)Cn1c(=O)c2c(ncn2[C@@H](C)C(=O)Nc2cccc(-c3cnc(C(F)(F)F)nc3)n2)n(C)c1=O,CHEMBL5842947,7.6,7.6,7.6,,1,B,2019,2019,O=C(Cn1cnc2[nH]c(=O)[nH]c(=O)c21)Nc1cccc(-c2cncnc2)n1,train
IHDZQGCOLIBPFR-ZDUSSCGKSA-N,IC50,CC(=O)Cn1c(=O)c2c(ncn2[C@@H](C)C(=O)Nc2cncc(-c3cnc(C)c(Cl)c3)n2)n(C)c1=O,CHEMBL5756580,7.5,7.5,7.5,,1,B,2019,2019,O=C(Cn1cnc2[nH]c(=O)[nH]c(=O)c21)Nc1cncc(-c2cccnc2)n1,train
IHTBJQAPPKVYEC-UHFFFAOYSA-N,IC50,O=C(Cn1cnc2cnccc2c1=O)NCCc1ccc(Cl)cc1,CHEMBL3786811,5.77,5.77,5.77,,1,B,2016,2016,O=C(Cn1cnc2cnccc2c1=O)NCCc1ccccc1,val
IIAWUZTWHPVGRK-JYAVWHMHSA-N,IC50,Cn1cnc2ncn(Cc3nc([C@H]4[C@@H]5CN(c6ccc(Cl)cn6)C[C@@H]54)no3)c(=O)c21,CHEMBL5761251,6.6850000000000005,6.3,7.07,0.5444722215136416,2,B,2020,2020,O=c1c2[nH]cnc2ncn1Cc1nc(C2C3CN(c4ccccn4)CC32)no1,train
IIBDKCBCABDETE-UHFFFAOYSA-N,IC50,O=C(NCC(Cc1ccccc1)N1CCC(O)(C(F)(F)F)CC1)C1(C(F)(F)F)CC1,CHEMBL4216307,6.0,6.0,6.0,,1,B,2016,2016,O=C(NCC(Cc1ccccc1)N1CCCCC1)C1CC1,val
IIIJRZXOECPBNK-HBYGRHMLSA-N,IC50,Cn1cnc2ncn(Cc3nc([C@H]4[C@@H]5CN(c6ccncc6F)C[C@@H]54)no3)c(=O)c21,CHEMBL5957719,6.69,6.42,6.96,0.381837661840736,2,B,2020,2020,O=c1c2[nH]cnc2ncn1Cc1nc(C2C3CN(c4ccncc4)CC32)no1,train
IIPLYINRVFDEAS-UHFFFAOYSA-N,IC50,COc1cccc2c(=O)n(CC(=O)NCCc3ccc(Cl)cc3)cnc12,CHEMBL3786836,5.84,5.84,5.84,,1,B,2016,2016,O=C(Cn1cnc2ccccc2c1=O)NCCc1ccccc1,train
IISOYMVRUVZMSW-VIFPVBQESA-N,IC50,C[C@@H](C(=O)Nc1cncc(-c2cnc(C(F)(F)F)nc2)n1)n1cnc2c1c(=O)n(CC(N)=O)c(=O)n2C,CHEMBL5904170,5.15,5.15,5.15,,1,B,2021,2021,O=C(Cn1cnc2[nH]c(=O)[nH]c(=O)c21)Nc1cncc(-c2cncnc2)n1,train
IJPKZYJDZLPYGH-FHERZECASA-N,IC50,CC#CCn1c(=O)c2c(ncn2[C@@H](C)C(=O)Nc2csc(-c3cnc(N4CC5CC5C4)nc3)n2)n(C)c1=O,CHEMBL5942545,8.7,8.7,8.7,,1,B,2019,2019,O=C(Cn1cnc2[nH]c(=O)[nH]c(=O)c21)Nc1csc(-c2cnc(N3CC4CC4C3)nc2)n1,train
IKEHUDLUNJCVIH-SMDDNHRTSA-N,IC50,Cn1cnc2ncn(Cc3nc([C@@H]4CO[C@@H](c5ccc(Cl)c(Cl)c5)C4)no3)c(=O)c21,CHEMBL5774116,7.91,7.71,8.11,0.2828427124746183,2,B,2020,2020,O=c1c2[nH]cnc2ncn1Cc1nc(C2COC(c3ccccc3)C2)no1,train
IKFZDVUOUYRSJD-UHFFFAOYSA-N,IC50,Cc1cc(-c2nc(NC(=O)Cn3cnc4c3c(=O)n(CC(F)(F)F)c(=O)n4C)cs2)cnc1C(F)(F)F,CHEMBL5935225,6.66,6.66,6.66,,1,B,2019,2019,O=C(Cn1cnc2[nH]c(=O)[nH]c(=O)c21)Nc1csc(-c2cccnc2)n1,train
IKGNKSVKPPXUGA-LBPRGKRZSA-N,IC50,CC(=O)Cn1c(=O)c2c(ncn2[C@@H](C)C(=O)Nc2csc(-c3cnc(C)c(F)c3)n2)n(C)c1=O,CHEMBL6044767,7.48,7.48,7.48,,1,B,2019,2019,O=C(Cn1cnc2[nH]c(=O)[nH]c(=O)c21)Nc1csc(-c2cccnc2)n1,train
IKWFTJKUSSBLMW-APWZRJJASA-N,IC50,O=C(NCc1cc(-c2ccc(C(F)(F)F)nc2)cc(F)n1)[C@@H]1C[C@@H](F)CN1S(=O)(=O)c1ccc(F)cc1,CHEMBL5917293,7.31,7.31,7.31,,1,B,2022,2022,O=C(NCc1cc(-c2cccnc2)ccn1)C1CCCN1S(=O)(=O)c1ccccc1,train
ILDMVQZTNFZDID-GFCCVEGCSA-N,IC50,Cn1cnc2ncn(Cc3nn(C[C@@H](F)c4ccc(Br)cc4)c(=O)o3)c(=O)c21,CHEMBL5822420,5.92,5.92,5.92,,1,B,2021,2021,O=c1c2[nH]cnc2ncn1Cc1nn(CCc2ccccc2)c(=O)o1,train
ILDMVQZTNFZDID-LBPRGKRZSA-N,IC50,Cn1cnc2ncn(Cc3nn(C[C@H](F)c4ccc(Br)cc4)c(=O)o3)c(=O)c21,CHEMBL5979543,8.0,8.0,8.0,,1,B,2021,2021,O=c1c2[nH]cnc2ncn1Cc1nn(CCc2ccccc2)c(=O)o1,train
ILSIWKXOFBZDGE-YRNVUSSQSA-N,IC50,C/C(=C\c1noc(Cn2cnc3ncn(C)c3c2=O)n1)c1ccc(Cl)cc1,CHEMBL3786508,7.175000000000001,7.15,7.2,0.0353553390593269,2,B,2016,2016,O=c1c2[nH]cnc2ncn1Cc1nc(C=Cc2ccccc2)no1,val
IMGWVWRMROWQGB-IGEOTXOUSA-N,IC50,CCC(=O)Cn1c(=O)c2c(ncn2[C@@H](C)C(=O)Nc2ccnc(-c3cnc(N4CC5C(C4)C5(F)F)nc3)n2)n(C)c1=O,CHEMBL5875545,8.3,8.3,8.3,,1,B,2019,2019,O=C(Cn1cnc2[nH]c(=O)[nH]c(=O)c21)Nc1ccnc(-c2cnc(N3CC4CC4C3)nc2)n1,train
IMIIJHHHGZTGLU-UHFFFAOYSA-N,IC50,Cc1cc(Cn2c(=O)c3c(ncn3CC(=O)Nc3cccc(-c4cnc(C(F)(F)F)c(C)c4)n3)n(C)c2=O)no1,CHEMBL5772133,8.3,8.3,8.3,,1,B,2019,2019,O=C(Cn1cnc2[nH]c(=O)n(Cc3ccon3)c(=O)c21)Nc1cccc(-c2cccnc2)n1,train
IMLKLPZAGJFMRK-NQIIRXRSSA-N,IC50,O=C(NCc1cc(-c2ccc(C(F)(F)F)nc2)ccc1F)[C@@H]1C[C@@H](F)CN1S(=O)(=O)c1ccc(F)cc1,CHEMBL6031447,8.05,8.05,8.05,,1,B,2022,2022,O=C(NCc1cccc(-c2cccnc2)c1)C1CCCN1S(=O)(=O)c1ccccc1,train
IMTJDDGNRNOFAJ-PKOBYXMFSA-N,IC50,COC[C@@H]1CC[C@H](c2ccc(F)cc2)N1S(=O)(=O)c1cc(C)c(F)c(C)c1,CHEMBL3752891,6.57,6.57,6.57,,1,B,2016,2016,O=S(=O)(c1ccccc1)N1CCCC1c1ccccc1,train
INBHLTYBRKASIZ-JXMROGBWSA-N,IC50,O=C(/C=C/c1ccc(O)cc1)Nc1ccccc1C(=O)O,CHEMBL4516367,4.385,4.37,4.4,0.0212132034355962,2,B,2019,2019,O=C(C=Cc1ccccc1)Nc1ccccc1,train
INCHZNJQYBISFT-UHFFFAOYSA-N,IC50,CC(=O)Cn1c(=O)c2c(ncn2CC(=O)Nc2cncc(-c3cnc(C)c(C(F)(F)F)c3)n2)n(C)c1=O,CHEMBL5818087,8.1,8.1,8.1,,1,B,2019,2019,O=C(Cn1cnc2[nH]c(=O)[nH]c(=O)c21)Nc1cncc(-c2cccnc2)n1,train
INKFVRPSMUPBSU-GXSJLCMTSA-N,IC50,O[C@]1(C(F)(F)F)CCCC[C@H]1Cc1csc(Cl)c1,CHEMBL5428179,8.3,8.3,8.3,,1,B,2023,2023,c1cc(CC2CCCCC2)cs1,train
INRPAICZXVSURJ-UKRRQHHQSA-N,IC50,Cn1cnc2ncn(Cc3nn([C@@H]4CC[C@@H](c5ccc(Cl)cc5)C4)c(=O)o3)c(=O)c21,CHEMBL5091195,8.02,8.02,8.02,,1,B,2021,2021,O=c1c2[nH]cnc2ncn1Cc1nn(C2CCC(c3ccccc3)C2)c(=O)o1,train
IOISVRUOQIOJLG-IPVJXJPOSA-N,IC50,Cc1ccnc2ncn(Cc3nc([C@H]4C[C@](O)(c5ccc(Cl)cc5)C4)no3)c(=O)c12,CHEMBL5754776,6.85,6.85,6.85,,1,B,2020,2020,O=c1c2cccnc2ncn1Cc1nc(C2CC(c3ccccc3)C2)no1,train
IORSMGCJYPRZSZ-CSODHUTKSA-N,IC50,O=c1c2cccc(=O)n2ccn1Cc1nc([C@@H]2[C@H]3C=C(c4ccccc4)C[C@H]32)no1,CHEMBL5821169,8.055,7.92,8.19,0.1909188309203675,2,B,2020,2020,O=c1c2cccc(=O)n2ccn1Cc1nc(C2C3C=C(c4ccccc4)CC32)no1,val
IPESIZNXIXXPJK-UHFFFAOYSA-N,IC50,CC(C)(C(=O)NCC(Cc1ccccc1)N1CCC(O)(C(F)(F)F)CC1)c1ccccc1,CHEMBL3928226,7.37,7.37,7.37,,1,B,2016,2016,O=C(Cc1ccccc1)NCC(Cc1ccccc1)N1CCCCC1,val
IPJMGIPUWRMURN-LBPRGKRZSA-N,IC50,Cc1oc2ncn(Cc3nnn(C[C@H](O)c4cc5cc(Cl)ccc5o4)n3)c(=O)c2c1C(N)=O,CHEMBL5171677,7.92,7.92,7.92,0.0,2,B,2022,2023,O=c1c2ccoc2ncn1Cc1nnn(CCc2cc3ccccc3o2)n1,train
IPTVTUDAXHBJAB-LBPRGKRZSA-N,IC50,NC(=O)c1csc2ncn(Cc3nnn(C[C@H](O)c4cc5ccc(F)cc5s4)n3)c(=O)c12,CHEMBL5197125,8.05,8.05,8.05,,1,B,2022,2022,O=c1c2ccsc2ncn1Cc1nnn(CCc2cc3ccccc3s2)n1,train
IPVHYPMVJBBJGY-ZIAGYGMSSA-N,IC50,Cn1cnc2ncn(Cc3nc([C@@H]4CC[C@@H](c5ccc(F)cc5)C4)no3)c(=O)c21,CHEMBL5756126,7.665,7.58,7.75,0.120208152801713,2,B,2020,2020,O=c1c2[nH]cnc2ncn1Cc1nc(C2CCC(c3ccccc3)C2)no1,train
IPVJLUUYKAZERW-IERDGZPVSA-N,IC50,O=C(NCc1cc(-c2ccc(OC(F)F)cc2)ncn1)[C@@H]1C[C@@H](F)CN1S(=O)(=O)c1ccc(F)cc1,CHEMBL5930514,7.39,7.39,7.39,,1,B,2022,2022,O=C(NCc1cc(-c2ccccc2)ncn1)C1CCCN1S(=O)(=O)c1ccccc1,train
IQOCOSWVNOLOJW-UHFFFAOYSA-N,IC50,CC(C)N(CC(=O)NCc1cc(N2CCC(C(F)(F)F)CC2)ncn1)S(=O)(=O)c1ccc(F)cc1,CHEMBL6054347,6.6,6.6,6.6,,1,B,2017,2017,O=C(CNS(=O)(=O)c1ccccc1)NCc1cc(N2CCCCC2)ncn1,train
IQZWGMBQRDGLEH-DZFIZOCASA-N,IC50,Cn1cnc2ncn(Cc3nc([C@H]4[C@@H]5CN(c6cccc(C7CC7)c6)C[C@@H]54)no3)c(=O)c21,CHEMBL6051214,6.95,6.95,6.95,,1,B,2020,2020,O=c1c2[nH]cnc2ncn1Cc1nc(C2C3CN(c4cccc(C5CC5)c4)CC32)no1,val
IRJZNJUTQUOZGW-UHFFFAOYSA-N,IC50,CC(=O)Cn1c(=O)c2c(ncn2CC(N)=O)n(C)c1=O,CHEMBL5816790,7.66,7.66,7.66,,1,B,2019,2019,O=c1[nH]c(=O)c2[nH]cnc2[nH]1,train
IRVXOONVSOVGPT-RYRKJORJSA-N,IC50,CC(=O)Nc1nc2ncn(Cc3nc([C@H]4[C@@H]5C=C(c6ccccc6)C[C@@H]54)no3)c(=O)c2n1C,CHEMBL5941093,7.46,7.17,7.75,0.4101219330881976,2,B,2020,2020,O=c1c2[nH]cnc2ncn1Cc1nc(C2C3C=C(c4ccccc4)CC32)no1,train
IRXCYACJROUWCS-GXTWGEPZSA-N,IC50,Cn1cnc2ncn(Cc3nc([C@@H]4CO[C@@H](c5ccc(OC(F)F)cc5)C4)no3)c(=O)c21,CHEMBL5799445,6.890000000000001,6.82,6.96,0.0989949493661161,2,B,2020,2020,O=c1c2[nH]cnc2ncn1Cc1nc(C2COC(c3ccccc3)C2)no1,train
ISIATOZGACZZRA-UHFFFAOYSA-N,IC50,Fc1ccc(Oc2nccc3[nH]ccc23)cc1,CHEMBL3297778,6.51,6.51,6.51,,1,B,2014,2014,c1ccc(Oc2nccc3[nH]ccc23)cc1,train
ISNWHBNGLQFCST-UHFFFAOYSA-N,IC50,Cc1cc(Cn2c(=O)c3c(ncn3CC(=O)Nc3ccc(C#N)c(C(F)(F)F)n3)n(C)c2=O)no1,CHEMBL5778514,6.51,6.51,6.51,,1,B,2019,2019,O=C(Cn1cnc2[nH]c(=O)n(Cc3ccon3)c(=O)c21)Nc1ccccn1,train
ISWKUHZARATATJ-UHFFFAOYSA-N,IC50,Cc1oc2c(c1CC(=O)Nc1nc(-c3ccc(F)c(C(F)(F)F)c3)cs1)c(=O)n(C)c(=O)n2C,CHEMBL3936454,8.15,8.15,8.15,,1,B,2015,2015,O=C(Cc1coc2[nH]c(=O)[nH]c(=O)c12)Nc1nc(-c2ccccc2)cs1,train
ISXARGDWFYMWFH-LBPRGKRZSA-N,IC50,Cc1oc2ncn(Cc3nnn(C[C@H](O)c4cc5cccc(F)c5o4)n3)c(=O)c2c1C(N)=O,CHEMBL6018787,7.31,7.31,7.31,,1,B,2023,2023,O=c1c2ccoc2ncn1Cc1nnn(CCc2cc3ccccc3o2)n1,train
IUPRZQNBHFNEGC-SJORKVTESA-N,IC50,COc1nn(-c2cnc(C(F)(F)F)nc2)cc1CC(=O)N[C@@H]1CC[C@@H]1S(=O)(=O)c1ccc(F)cc1,CHEMBL5860851,6.61,6.61,6.61,,1,B,2020,2020,O=C(Cc1cnn(-c2cncnc2)c1)NC1CCC1S(=O)(=O)c1ccccc1,train
IURHRSFVLQOGSW-GOEBONIOSA-N,IC50,Cc1nc(C)n2ncn(Cc3nc([C@@H]4CO[C@@H](c5ccc(Cl)cc5)C4)no3)c(=O)c12,CHEMBL5857937,7.35,7.35,7.35,,1,B,2020,2020,O=c1c2cncn2ncn1Cc1nc(C2COC(c3ccccc3)C2)no1,train
IVSPLJZYCFTOCC-SUMWQHHRSA-N,IC50,O=c1c2ccncc2ncn1Cc1nc([C@@H]2CO[C@@H](c3ccc(Cl)cc3)C2)no1,CHEMBL5958151,7.91,7.71,8.11,0.2828427124746183,2,B,2020,2020,O=c1c2ccncc2ncn1Cc1nc(C2COC(c3ccccc3)C2)no1,train
IVVHPAHILXWBMH-SUMWQHHRSA-N,IC50,O=c1c2c(cnn1Cc1nc([C@@H]3CO[C@@H](c4ccc(Cl)cc4)C3)no1)CNCC2,CHEMBL6043197,6.295,5.58,7.01,1.0111626970967629,2,B,2020,2020,O=c1c2c(cnn1Cc1nc(C3COC(c4ccccc4)C3)no1)CNCC2,val
IWBGPXPPPXQFFJ-NQZBTDCJSA-N,IC50,C[C@H]1[C@H](F)C[C@@H](C(=O)NCc2cc(-c3cnc(C(F)(F)F)nc3)ncc2C#N)N1S(=O)(=O)c1ccc(F)cc1,CHEMBL4098855,8.0,8.0,8.0,,1,B,2018,2018,O=C(NCc1ccnc(-c2cncnc2)c1)C1CCCN1S(=O)(=O)c1ccccc1,train
IWGBQLFSWSPCBF-SMDDNHRTSA-N,IC50,Cn1cnc2ncn(Cc3nc([C@@H]4CO[C@@H](c5ccc(Cl)c(F)c5)C4)no3)c(=O)c21,CHEMBL5896686,8.399999999999999,8.1,8.7,0.4242640687119289,2,B,2020,2020,O=c1c2[nH]cnc2ncn1Cc1nc(C2COC(c3ccccc3)C2)no1,train
IWSOJDYXNTZUGK-NVXWUHKLSA-N,IC50,Cc1cc(S(=O)(=O)N2C[C@H](F)C[C@@H]2c2ccc(F)cc2)cc(C)c1F,CHEMBL3752895,6.42,6.42,6.42,,1,B,2016,2016,O=S(=O)(c1ccccc1)N1CCCC1c1ccccc1,train
IWTIXSBYEURJEK-FMIVXFBMSA-N,IC50,C/C(=C\c1nc(Cn2cnc3ncccc3c2=O)no1)c1ccc(Cl)cc1,CHEMBL3787359,7.005000000000001,6.94,7.07,0.0919238815542507,2,B,2016,2016,O=c1c2cccnc2ncn1Cc1noc(C=Cc2ccccc2)n1,train
IXARYBWPLJADQF-LBPRGKRZSA-N,IC50,Cn1cnc2ncn(Cc3nn(C[C@H](F)c4cccc(Cl)c4)c(=O)o3)c(=O)c21,CHEMBL5875272,6.78,6.78,6.78,,1,B,2021,2021,O=c1c2[nH]cnc2ncn1Cc1nn(CCc2ccccc2)c(=O)o1,train
IXKKQNMDGPZGKV-WCQYABFASA-N,IC50,Cn1cnc2nc(N)n(Cc3nc([C@@H]4CO[C@@H](c5ccc(F)cc5)C4)no3)c(=O)c21,CHEMBL5813133,7.715,7.25,8.18,0.657609306503489,2,B,2020,2020,O=c1c2[nH]cnc2ncn1Cc1nc(C2COC(c3ccccc3)C2)no1,train
IYMRWKNCZYWXPC-URXFXBBRSA-N,IC50,CC(C)n1c(=O)c(CNC(=O)[C@@H]2[C@@H](O)CCN2S(=O)(=O)c2cc3cc(F)ccc3o2)cn(-c2ccc(C(F)(F)F)cc2)c1=O,CHEMBL6034529,7.19,7.19,7.19,,1,B,2020,2020,O=C(NCc1cn(-c2ccccc2)c(=O)[nH]c1=O)C1CCCN1S(=O)(=O)c1cc2ccccc2o1,train
IYPSSQMPIVZFBK-FQEVSTJZSA-N,IC50,O=C(NCc1cc(-c2ccc(C(F)(F)F)nc2)ncn1)[C@@H]1CCCCN1S(=O)(=O)c1ccc(F)cc1,CHEMBL4088270,5.64,5.64,5.64,,1,B,2018,2018,O=C(NCc1cc(-c2cccnc2)ncn1)C1CCCCN1S(=O)(=O)c1ccccc1,val
IYXIXNIKYCFBDN-AWEZNQCLSA-N,IC50,CCOc1ncc(-c2cccc(NC(=O)[C@H](C)n3cnc4c3c(=O)n(CC(=O)CC)c(=O)n4C)n2)cc1C(F)(F)F,CHEMBL5989150,9.0,9.0,9.0,,1,B,2019,2019,O=C(Cn1cnc2[nH]c(=O)[nH]c(=O)c21)Nc1cccc(-c2cccnc2)n1,train
IZLFWDRMGMPZOG-UOXRKKOCSA-N,IC50,C[C@H]1[C@H](F)C[C@@H](C(=O)NCc2cc(-c3cnc(C(F)(F)F)nc3)ncc2Cl)N1S(=O)(=O)c1ccc(F)cc1,CHEMBL4103545,8.3,8.3,8.3,,1,B,2018,2018,O=C(NCc1ccnc(-c2cncnc2)c1)C1CCCN1S(=O)(=O)c1ccccc1,train
JBIXZNRRVYTXMJ-NSHDSACASA-N,IC50,CC(=O)NC(=O)Cn1c(=O)c2c(ncn2[C@@H](C)C(=O)Nc2cccc(-c3cnc(C(F)(F)F)nc3)n2)n(C)c1=O,CHEMBL5763205,7.32,7.32,7.32,,1,B,2021,2021,O=C(Cn1cnc2[nH]c(=O)[nH]c(=O)c21)Nc1cccc(-c2cncnc2)n1,train
JBYPWLUUGPQYAS-QFBILLFUSA-N,IC50,Cn1c(NCc2ccccn2)nc2ncn(Cc3nc([C@@H]4CO[C@@H](c5ccc(Cl)cc5)C4)no3)c(=O)c21,CHEMBL5915465,7.470000000000001,7.4,7.54,0.0989949493661161,2,B,2020,2020,O=c1c2[nH]c(NCc3ccccn3)nc2ncn1Cc1nc(C2COC(c3ccccc3)C2)no1,val
JCFSCBLSEONLAZ-SWLSCSKDSA-N,IC50,Cn1nnc2ccn(Cc3nc([C@@H]4CO[C@@H](c5ccc(F)cc5)C4)no3)c(=O)c21,CHEMBL6036980,8.205,8.16,8.25,0.0636396103067891,2,B,2020,2020,O=c1c2[nH]nnc2ccn1Cc1nc(C2COC(c3ccccc3)C2)no1,train
JCGBVACYAGHPAM-STQMWFEESA-N,IC50,C[C@]1(O)CCC[C@H](c2ccccc2)C1,CHEMBL5594756,5.49,5.49,5.49,,1,B,2024,2024,c1ccc(C2CCCCC2)cc1,val
JCHJBCPFIWXKDB-QLPKVWCKSA-N,IC50,Cn1cnc2ncn(Cc3nc([C@H]4[C@@H]5CN(c6ccc(C=O)cc6)C[C@@H]54)no3)c(=O)c21,CHEMBL5784487,7.26,7.26,7.26,,1,B,2020,2020,O=c1c2[nH]cnc2ncn1Cc1nc(C2C3CN(c4ccccc4)CC32)no1,train
JCPXMGFJZJLKIN-LBPRGKRZSA-N,IC50,Cc1c(C(N)=O)sc2ncn(Cc3nc(C[C@H](O)c4ccc(F)cc4)no3)c(=O)c12,CHEMBL5777540,7.48,7.48,7.48,,1,B,2021,2021,O=c1c2ccsc2ncn1Cc1nc(CCc2ccccc2)no1,train
JCWLFTBWOABNHA-UHFFFAOYSA-N,IC50,O=C(NCC(Cc1ccccc1)N1CCC(C(F)(F)F)CC1)C1(c2ccc(F)cc2)CCCC1,CHEMBL4216712,6.17,6.17,6.17,,1,B,2016,2016,O=C(NCC(Cc1ccccc1)N1CCCCC1)C1(c2ccccc2)CCCC1,train
JEPYVPCCTJDATH-UHFFFAOYSA-N,IC50,Cn1c(=O)c2c(CC(=O)Nc3nc(-c4ccc(C(F)(F)F)c(F)c4)cs3)nsc2n(C)c1=O,CHEMBL3912738,8.17,8.17,8.17,,1,B,2015,2015,O=C(Cc1nsc2[nH]c(=O)[nH]c(=O)c12)Nc1nc(-c2ccccc2)cs1,train
JEZYRPUMEHJVEN-UHFFFAOYSA-N,IC50,CCCCCCCCCC(=O)NC(C(=O)c1ccc(C#N)cc1)C(C)C,CHEMBL2071513,5.85,5.7,6.0,0.2121320343559644,2,F,2012,2012,c1ccccc1,train
JFAQOFLDBXAXAQ-UHFFFAOYSA-N,IC50,CCCNc1cc(NC(=O)c2ccncc2)cc(C(F)(F)F)c1,CHEMBL3311187,5.58,5.58,5.58,,1,B,2014,2014,O=C(Nc1ccccc1)c1ccncc1,val
JFBNNBIUJWKGPM-QGZVFWFLSA-N,IC50,Cc1cc(S(=O)(=O)N2CCC[C@@H]2c2ccc(F)cc2)cc(C)c1F,CHEMBL3754351,6.96,6.96,6.96,,1,B,2016,2016,O=S(=O)(c1ccccc1)N1CCCC1c1ccccc1,train
JFLCWGRYMUUJRW-YKSBVNFPSA-N,IC50,O=C(NCc1cc(-c2ccc(C3CC3)cc2)ncn1)[C@@H]1C[C@@H](F)CN1S(=O)(=O)c1ccc(F)cc1,CHEMBL6028461,6.92,6.87,6.97,0.0707106781186545,2,B,2022,2022,O=C(NCc1cc(-c2ccc(C3CC3)cc2)ncn1)C1CCCN1S(=O)(=O)c1ccccc1,val
JGBBKLTUEVDXPM-UHFFFAOYSA-N,IC50,O=C(NC(C(=O)c1ccc(Cl)cc1)C1CC1)c1ccccc1,CHEMBL2071593,5.7,5.7,5.7,0.0,2,F,2012,2012,O=C(NC(C(=O)c1ccccc1)C1CC1)c1ccccc1,val
JGFBRLGZGJYISU-NSHDSACASA-N,IC50,Cc1c(C(N)=O)sc2ncn(Cc3nc(C[C@H](O)c4ccc5c(c4)OCO5)no3)c(=O)c12,CHEMBL4868010,7.25,7.25,7.25,0.0,2,B,2021,2021,O=c1c2ccsc2ncn1Cc1nc(CCc2ccc3c(c2)OCO3)no1,train
JGPICCTXSJGRDH-UHFFFAOYSA-N,IC50,CC(C)C(NC(=O)c1ccc(Cl)cc1F)C(=O)c1ccc(C#N)cc1,CHEMBL2071505,5.45,5.4,5.5,0.0707106781186545,2,F,2012,2012,O=C(CNC(=O)c1ccccc1)c1ccccc1,train
JHGDJTAYURVRBX-UHFFFAOYSA-N,IC50,Cc1c(=O)n(Cc2ccccc2)c(=O)n2cc(C(=O)NCc3ccc4nsnc4c3)sc12,CHEMBL3220227,5.84,5.84,5.84,,1,B,2012,2012,O=C(NCc1ccc2nsnc2c1)c1cn2c(=O)n(Cc3ccccc3)c(=O)cc2s1,val
JHXOWAOGHMUCFO-IDLMPWNNSA-N,IC50,O=C(NCc1cc(C2=CCC(C(F)(F)F)CC2)ncn1)[C@@H]1C[C@@H](F)CN1S(=O)(=O)c1ccc(F)cc1,CHEMBL6017794,7.43,7.34,7.52,0.1272792206135783,2,B,2022,2022,O=C(NCc1cc(C2=CCCCC2)ncn1)C1CCCN1S(=O)(=O)c1ccccc1,val
JJIYFRHWAJSTRT-UHFFFAOYSA-N,IC50,Cn1c(=O)c2c(ccn2CC(=O)Nc2ccc(I)cc2)n(C)c1=O,CHEMBL1947275,5.75,5.75,5.75,,1,F,2012,2012,O=C(Cn1ccc2[nH]c(=O)[nH]c(=O)c21)Nc1ccccc1,train
JJOTYXMTNZIMSZ-UHFFFAOYSA-N,IC50,CC(C)C(C)Nc1cc(NC(=O)c2cccs2)cc(C(F)(F)F)c1,CHEMBL3311180,5.89,5.89,5.89,,1,B,2014,2014,O=C(Nc1ccccc1)c1cccs1,train
JJWIAVUKFHESIC-UHFFFAOYSA-N,IC50,CC(C)N(CC(=O)NCc1cccc(-c2ccc(C(F)(F)F)cc2)c1)S(=O)(=O)c1ccn(C)n1,CHEMBL5807967,5.62,5.62,5.62,,1,B,2017,2017,O=C(CNS(=O)(=O)c1cc[nH]n1)NCc1cccc(-c2ccccc2)c1,val
JJXVVDMOIHAKHG-UGKGYDQZSA-N,IC50,N#Cc1cnc(-c2ccc(C(F)(F)F)nc2)cc1CNC(=O)[C@@H]1[C@@H](F)CCN1S(=O)(=O)c1ccc(F)cc1,CHEMBL5990009,7.89,7.89,7.89,,1,B,2022,2022,O=C(NCc1ccnc(-c2cccnc2)c1)C1CCCN1S(=O)(=O)c1ccccc1,train
JKNJVPGBUGINLQ-LZLYRXPVSA-N,IC50,COc1ccc(C2=C[C@H]3[C@@H](C2)[C@@H]3c2noc(Cn3cnc4ncn(C)c4c3=O)n2)cc1,CHEMBL5810601,7.689999999999999,7.58,7.8,0.1555634918610406,2,B,2020,2020,O=c1c2[nH]cnc2ncn1Cc1nc(C2C3C=C(c4ccccc4)CC32)no1,train
JKNJVPGBUGINLQ-RYRKJORJSA-N,IC50,COc1ccc(C2=C[C@@H]3[C@H](C2)[C@H]3c2noc(Cn3cnc4ncn(C)c4c3=O)n2)cc1,CHEMBL5832402,7.6,7.38,7.82,0.3111269837220815,2,B,2020,2020,O=c1c2[nH]cnc2ncn1Cc1nc(C2C3C=C(c4ccccc4)CC32)no1,train
JKROEASKFSYUDV-UHFFFAOYSA-N,IC50,CC(C)C(NC(=O)c1ccccc1)C(=O)c1ccc(Cl)cc1,CHEMBL2071494,5.95,5.6,6.4,0.3304037933599837,4,F,2012,2012,O=C(CNC(=O)c1ccccc1)c1ccccc1,train
JKSIUQSXQUJUQN-LBPRGKRZSA-N,IC50,Cc1oc2ncn(Cc3nnn(C[C@H](O)c4ccc(Br)cc4)n3)c(=O)c2c1C(N)=O,CHEMBL5948751,7.54,7.54,7.54,,1,B,2023,2023,O=c1c2ccoc2ncn1Cc1nnn(CCc2ccccc2)n1,train
JKWXDKUVOQCWGK-NSHDSACASA-N,IC50,C[C@@H](C(=O)Nc1cncc(-c2cnc(C(F)(F)F)nc2)n1)n1cnc2c1c(=O)n(Cc1ccon1)c(=O)n2C,CHEMBL6061795,7.58,7.58,7.58,,1,B,2019,2019,O=C(Cn1cnc2[nH]c(=O)n(Cc3ccon3)c(=O)c21)Nc1cncc(-c2cncnc2)n1,train
JLRDFDIVWVIADD-LSDHHAIUSA-N,IC50,Cc1ccc([C@H]2C[C@H](c3noc(Cn4cnc5ncn(C)c5c4=O)n3)CO2)cc1,CHEMBL6026042,8.015,7.79,8.24,0.3181980515339462,2,B,2020,2020,O=c1c2[nH]cnc2ncn1Cc1nc(C2COC(c3ccccc3)C2)no1,train
JMPQCPPXHXSEIC-XJKSGUPXSA-N,IC50,O=c1c2cccnc2ncn1Cc1nc([C@@H]2CO[C@@H](c3ccc(Cl)cc3)C2)no1,CHEMBL5877962,8.21,8.18,8.24,0.0424264068711925,2,B,2020,2020,O=c1c2cccnc2ncn1Cc1nc(C2COC(c3ccccc3)C2)no1,train
JNDWMJRPGXBLSS-FOLVSLTJSA-N,IC50,Cn1cnc2ncn(Cc3nc([C@H]4[C@@H]5CN(c6ccc(F)cc6)C[C@@H]54)no3)c(=O)c21,CHEMBL5819369,7.51,7.51,7.51,,1,B,2020,2020,O=c1c2[nH]cnc2ncn1Cc1nc(C2C3CN(c4ccccc4)CC32)no1,train
JNFFYUYSPBYAOR-KNQAVFIVSA-N,IC50,COc1cc(CNC(=O)[C@@H]2C[C@@H](F)CN2S(=O)(=O)c2ccc(F)cc2)cc(-c2ccc(C(F)(F)F)nc2)c1,CHEMBL6022546,7.33,7.33,7.33,,1,B,2022,2022,O=C(NCc1cccc(-c2cccnc2)c1)C1CCCN1S(=O)(=O)c1ccccc1,train
JNKBSIPJIAHQTP-WOSRLPQWSA-N,IC50,Cn1cnc2ncn(Cc3nc([C@@H]4[C@H]5C=C(c6cc(Cl)ccn6)C[C@H]54)no3)c(=O)c21,CHEMBL6000988,7.045,6.92,7.17,0.1767766952966369,2,B,2020,2020,O=c1c2[nH]cnc2ncn1Cc1nc(C2C3C=C(c4ccccn4)CC32)no1,train
JNKBSIPJIAHQTP-WWGRRREGSA-N,IC50,Cn1cnc2ncn(Cc3nc([C@H]4[C@@H]5C=C(c6cc(Cl)ccn6)C[C@@H]54)no3)c(=O)c21,CHEMBL5804088,7.275,7.04,7.51,0.3323401871576768,2,B,2020,2020,O=c1c2[nH]cnc2ncn1Cc1nc(C2C3C=C(c4ccccn4)CC32)no1,train
JOMJJSVRLDEKPU-JYAVWHMHSA-N,IC50,Cn1cnc2ncn(Cc3nc([C@H]4[C@@H]5CN(c6ccnc(F)c6)C[C@@H]54)no3)c(=O)c21,CHEMBL5894388,6.76,6.38,7.14,0.537401153701776,2,B,2020,2020,O=c1c2[nH]cnc2ncn1Cc1nc(C2C3CN(c4ccncc4)CC32)no1,train
JOVMFRRSFHVPLP-CTYIDZIISA-N,IC50,Cn1c(=O)ccc2ncn(Cc3nn([C@H]4C[C@H](c5ccc(Cl)cc5)C4)c(=O)o3)c(=O)c21,CHEMBL5771685,7.82,7.82,7.82,,1,B,2021,2021,O=c1ccc2ncn(Cc3nn(C4CC(c5ccccc5)C4)c(=O)o3)c(=O)c2[nH]1,val
JROSFXIRTRVADR-UHFFFAOYSA-N,IC50,CCOc1cc2[nH]ncc2cc1-c1ccccc1C(F)(F)F,CHEMBL3299020,7.41,7.41,7.41,,1,B,2014,2014,c1ccc(-c2ccc3[nH]ncc3c2)cc1,train
JSZBSUKOUVVBGY-UHFFFAOYSA-N,IC50,Cn1c(=O)c2c(CC(=O)Nc3nc(-c4cccc(F)c4F)cs3)cccc2n(C)c1=O,CHEMBL3958453,7.18,7.18,7.18,,1,B,2015,2015,O=C(Cc1cccc2[nH]c(=O)[nH]c(=O)c12)Nc1nc(-c2ccccc2)cs1,train
JTICAAYOYZCRBJ-MCBXIFIFSA-N,IC50,Cn1c(=O)ccc2ncn(Cc3nc([C@H]4[C@@H]5CN(c6cc(Cl)ccn6)C[C@@H]54)no3)c(=O)c21,CHEMBL5893767,7.26,7.22,7.3,0.0565685424949238,2,B,2020,2020,O=c1ccc2ncn(Cc3nc(C4C5CN(c6ccccn6)CC54)no3)c(=O)c2[nH]1,val
JTULPMHYGMMBHH-QMMMGPOBSA-N,IC50,Cc1c(C(N)=O)oc2ncn(Cc3nnn(C[C@H](O)c4ccc(Cl)s4)n3)c(=O)c12,CHEMBL5196336,8.0,8.0,8.0,0.0,2,B,2022,2023,O=c1c2ccoc2ncn1Cc1nnn(CCc2cccs2)n1,train
JUEWLMSRGBZOJK-AOIWGVFYSA-N,IC50,O=c1c2cccnc2ncn1Cc1nc([C@H]2[C@@H]3C=C(c4cccc(Cl)c4)C[C@@H]32)no1,CHEMBL5878495,7.625,7.62,7.63,0.0070710678118653,2,B,2020,2020,O=c1c2cccnc2ncn1Cc1nc(C2C3C=C(c4ccccc4)CC32)no1,train
JUEWLMSRGBZOJK-YQVWRLOYSA-N,IC50,O=c1c2cccnc2ncn1Cc1nc([C@@H]2[C@H]3C=C(c4cccc(Cl)c4)C[C@H]32)no1,CHEMBL5743365,7.67,7.66,7.68,0.0141421356237306,2,B,2020,2020,O=c1c2cccnc2ncn1Cc1nc(C2C3C=C(c4ccccc4)CC32)no1,train
JUUGPJIRMPHSLY-MQMHXKEQSA-N,IC50,Cn1cnc2ncn(Cc3nn([C@H]4C[C@H](c5ccc(C(F)(F)F)cc5)C4)c(=O)o3)c(=O)c21,CHEMBL6049509,7.05,7.05,7.05,,1,B,2021,2021,O=c1c2[nH]cnc2ncn1Cc1nn(C2CC(c3ccccc3)C2)c(=O)o1,train
JVXGITYCCXGECN-UHFFFAOYSA-N,IC50,CCCCc1ccc(NC(=O)Cn2ccc3c2c(=O)n(C)c(=O)n3C)cc1,CHEMBL1944846,5.96,5.96,5.96,,1,F,2012,2012,O=C(Cn1ccc2[nH]c(=O)[nH]c(=O)c21)Nc1ccccc1,train
JWEUHOBGYUINRR-RBZFPXEDSA-N,IC50,Cn1cnc2ncn(Cc3nc([C@@H]4CO[C@@]5(Cc6ccccc65)C4)no3)c(=O)c21,CHEMBL6062464,6.705,6.56,6.85,0.2050609665440985,2,B,2020,2020,O=c1c2[nH]cnc2ncn1Cc1nc(C2COC3(Cc4ccccc43)C2)no1,val
JWKCOLSRXWLOLP-GLJUWKHASA-N,IC50,Cn1cnc2ncn(Cc3nc([C@H]4[C@@H]5C=C(c6ccc7scnc7c6)C[C@@H]54)no3)c(=O)c21,CHEMBL5907024,7.53,7.44,7.62,0.1272792206135783,2,B,2020,2020,O=c1c2[nH]cnc2ncn1Cc1nc(C2C3C=C(c4ccc5scnc5c4)CC32)no1,train
JWKCOLSRXWLOLP-PMUMKWKESA-N,IC50,Cn1cnc2ncn(Cc3nc([C@@H]4[C@H]5C=C(c6ccc7scnc7c6)C[C@H]54)no3)c(=O)c21,CHEMBL5850879,7.455,7.44,7.47,0.0212132034355959,2,B,2020,2020,O=c1c2[nH]cnc2ncn1Cc1nc(C2C3C=C(c4ccc5scnc5c4)CC32)no1,train
JWNCZSYHJIVUEU-GUXCAODWSA-N,IC50,Cc1cc(N)nc2ncn(Cc3nc([C@H]4[C@@H]5C=C(c6ccccc6)C[C@@H]54)no3)c(=O)c12,CHEMBL5896142,8.385,7.95,8.82,0.6151828996322967,2,B,2020,2020,O=c1c2cccnc2ncn1Cc1nc(C2C3C=C(c4ccccc4)CC32)no1,train
JWNGUBDEKMTXIP-NHAGDIPZSA-N,IC50,Cn1cnc2ncn(Cc3nc([C@H]4[C@@H]5CN(c6cncc(C(F)(F)F)c6)C[C@@H]54)no3)c(=O)c21,CHEMBL5908556,6.21,6.1,6.32,0.1555634918610409,2,B,2020,2020,O=c1c2[nH]cnc2ncn1Cc1nc(C2C3CN(c4cccnc4)CC32)no1,train
JWRZFUGWLNUYGD-UHFFFAOYSA-N,IC50,CC(=O)Cn1c(=O)c2c(ncn2CC(=O)Nc2cccc(-c3cnc(C(F)(F)F)nc3)n2)n(C)c1=O,CHEMBL6033430,7.35,7.35,7.35,,1,B,2019,2019,O=C(Cn1cnc2[nH]c(=O)[nH]c(=O)c21)Nc1cccc(-c2cncnc2)n1,train
JWYKVNCEXVVNTP-UHFFFAOYSA-N,IC50,N#Cc1ccc(NC2CCCCC2(O)C(F)(F)F)cc1C(F)(F)F,CHEMBL5428534,4.72,4.72,4.72,,1,B,2023,2023,c1ccc(NC2CCCCC2)cc1,train
JYCCDTYCMUOGBQ-LBPRGKRZSA-N,IC50,CCC(=O)Cn1c(=O)c2c(ncn2[C@@H](C)C(=O)Nc2csc(-c3cnc(C)c(C(F)(F)F)c3)n2)n(C)c1=O,CHEMBL6051212,9.0,9.0,9.0,,1,B,2019,2019,O=C(Cn1cnc2[nH]c(=O)[nH]c(=O)c21)Nc1csc(-c2cccnc2)n1,train
JYHBGHGDNGBHLR-LBPRGKRZSA-N,IC50,C[C@@H](C(=O)Nc1cncc(-c2ccc(C(F)(F)F)nc2)n1)n1cnc2c1c(=O)n(Cc1ccon1)c(=O)n2C,CHEMBL5934948,7.55,7.55,7.55,,1,B,2019,2019,O=C(Cn1cnc2[nH]c(=O)n(Cc3ccon3)c(=O)c21)Nc1cncc(-c2cccnc2)n1,train
JYMGYVCGGDSUSP-IPVJXJPOSA-N,IC50,O=c1c2cccc(=O)n2ccn1Cc1nc([C@H]2C[C@](F)(c3ccc(Cl)cc3)C2)no1,CHEMBL5754138,7.42,7.42,7.42,0.0,2,B,2020,2020,O=c1c2cccc(=O)n2ccn1Cc1nc(C2CC(c3ccccc3)C2)no1,val
JYQQTCCLMQYYSB-RYRKJORJSA-N,IC50,Cn1c(NCCO)nc2ncn(Cc3nc([C@H]4[C@@H]5C=C(c6ccccc6)C[C@@H]54)no3)c(=O)c21,CHEMBL6019586,6.845,6.52,7.17,0.4596194077712561,2,B,2020,2020,O=c1c2[nH]cnc2ncn1Cc1nc(C2C3C=C(c4ccccc4)CC32)no1,train
JYTFGJCBRILOIU-LBPRGKRZSA-N,IC50,Cn1cnc2ncn(Cc3nn(C[C@@H]4CCc5ccc(Cl)cc54)c(=O)o3)c(=O)c21,CHEMBL6006997,6.71,6.71,6.71,,1,B,2021,2021,O=c1c2[nH]cnc2ncn1Cc1nn(CC2CCc3ccccc32)c(=O)o1,train
JYVPQGZHLMFNTN-UHFFFAOYSA-N,IC50,CC(C)C(NC(=O)OC(C)(C)C)C(=O)c1ccc(Cl)cn1,CHEMBL2071591,5.05,4.8,5.3,0.3535533905932738,2,F,2012,2012,c1ccncc1,train
JZBLZBUYBKFIGJ-CCKFTAQKSA-N,IC50,Cc1cncc2ncn(Cc3nc([C@H]4[C@@H]5Cc6ccccc6[C@@H]54)no3)c(=O)c12,CHEMBL5849425,7.03,7.03,7.03,,1,B,2020,2020,O=c1c2ccncc2ncn1Cc1nc(C2C3Cc4ccccc4C32)no1,train
JZBLZBUYBKFIGJ-GDIGMMSISA-N,IC50,Cc1cncc2ncn(Cc3nc([C@@H]4[C@H]5Cc6ccccc6[C@H]54)no3)c(=O)c12,CHEMBL6036727,7.52,7.52,7.52,,1,B,2020,2020,O=c1c2ccncc2ncn1Cc1nc(C2C3Cc4ccccc4C32)no1,train
JZXXBEFFCKCRCF-IGOJGBNBSA-N,IC50,Cc1cncc2ncn(Cc3nc([C@H]4[C@@H]5CN(c6ccccc6)C[C@@H]54)no3)c(=O)c12,CHEMBL5826497,7.84,7.84,7.84,,1,B,2020,2020,O=c1c2ccncc2ncn1Cc1nc(C2C3CN(c4ccccc4)CC32)no1,train
KAVXLDFMUNWDLX-GCJKJVERSA-N,IC50,O=C(NCc1ccnc(-c2ccc(OC(F)(F)F)cc2)c1)[C@@H]1C[C@@H](F)CN1S(=O)(=O)c1ccc(F)cc1,CHEMBL5765240,7.75,7.75,7.75,,1,B,2022,2022,O=C(NCc1ccnc(-c2ccccc2)c1)C1CCCN1S(=O)(=O)c1ccccc1,train
KBDWUWKNXJLWES-LLVKDONJSA-N,IC50,C[C@H](Cn1nc(Cn2cnc3ncn(C)c3c2=O)oc1=O)c1ccc(Cl)cc1,CHEMBL6026829,7.47,7.47,7.47,,1,B,2021,2021,O=c1c2[nH]cnc2ncn1Cc1nn(CCc2ccccc2)c(=O)o1,train
KBDWUWKNXJLWES-NSHDSACASA-N,IC50,C[C@@H](Cn1nc(Cn2cnc3ncn(C)c3c2=O)oc1=O)c1ccc(Cl)cc1,CHEMBL5910054,6.09,6.09,6.09,,1,B,2021,2021,O=c1c2[nH]cnc2ncn1Cc1nn(CCc2ccccc2)c(=O)o1,train
KBGYHCULXCGUTB-YEORSEQZSA-N,IC50,Cn1cnc2ncn(Cc3nc([C@H]4C[C@H](Oc5ccc(Cl)cc5)C4)no3)c(=O)c21,CHEMBL5904043,7.744999999999999,7.6,7.89,0.2050609665440991,2,B,2020,2020,O=c1c2[nH]cnc2ncn1Cc1nc(C2CC(Oc3ccccc3)C2)no1,train
KBJLJHMMMFHLOW-SMDDNHRTSA-N,IC50,Cn1nnc2cnn(Cc3nc([C@@H]4CO[C@@H](c5ccc(Cl)cc5)C4)no3)c(=O)c21,CHEMBL6042892,7.234999999999999,7.1,7.37,0.1909188309203685,2,B,2020,2020,O=c1c2[nH]nnc2cnn1Cc1nc(C2COC(c3ccccc3)C2)no1,val
KBZMFUUCCJSHOG-XLIONFOSSA-N,IC50,O=C(NCc1ccc(F)c(-c2cnc(C(F)(F)F)nc2)c1)[C@@H]1CC[C@@H]1S(=O)(=O)c1ccc(F)cc1,CHEMBL5930880,6.8,6.8,6.8,,1,B,2020,2020,O=C(NCc1cccc(-c2cncnc2)c1)C1CCC1S(=O)(=O)c1ccccc1,val
KCBWYEIWBIVYQK-UHFFFAOYSA-N,IC50,Cc1nc(Br)n2ncn(Cc3nc(CC(O)c4ccc(Cl)cc4)no3)c(=O)c12,CHEMBL5825265,7.85,7.85,7.85,,1,B,2021,2021,O=c1c2cncn2ncn1Cc1nc(CCc2ccccc2)no1,train
KCBYJLXRAIWJKQ-MSOLQXFVSA-N,IC50,O=C(NCc1cn(-c2ccc(C(F)(F)F)nc2)nc1C(F)(F)F)[C@@H]1CCC[C@@H]1S(=O)(=O)c1ccc(F)cc1,CHEMBL5866810,7.66,7.39,7.66,0.1558845726811993,3,B,2020,2020,O=C(NCc1cnn(-c2cccnc2)c1)C1CCCC1S(=O)(=O)c1ccccc1,train
KCBYJLXRAIWJKQ-QNSVNVJESA-N,IC50,O=C(NCc1cn(-c2ccc(C(F)(F)F)nc2)nc1C(F)(F)F)[C@@H]1CCCC1S(=O)(=O)c1ccc(F)cc1,CHEMBL5767216,7.39,7.39,7.39,,1,B,2020,2020,O=C(NCc1cnn(-c2cccnc2)c1)C1CCCC1S(=O)(=O)c1ccccc1,train
KDJIYOOVUNTKAJ-FUHWJXTLSA-N,IC50,Cc1nc(N2CCNCC2)n2ncn(Cc3nc([C@@H]4CO[C@@H](c5ccc(Cl)cc5)C4)no3)c(=O)c12,CHEMBL5881081,6.48,6.48,6.48,,1,B,2020,2020,O=c1c2cnc(N3CCNCC3)n2ncn1Cc1nc(C2COC(c3ccccc3)C2)no1,train
KDLVKFCBCTXDOW-SWKFRHMKSA-N,IC50,Cc1oc2c(c1CC(=O)/N=c1\scc(-c3ccc(OC(F)(F)F)c(Cl)c3)n1COC(=O)CN)c(=O)n(C)c(=O)n2C,CHEMBL3954164,7.26,7.26,7.26,,1,B,2015,2015,O=C(Cc1coc2[nH]c(=O)[nH]c(=O)c12)N=c1[nH]c(-c2ccccc2)cs1,train
KDMQTXGHOYJLOQ-NZQKXSOJSA-N,IC50,C[C@@]1(F)C[C@@H](C(=O)NCc2cc(-c3cnc(C(F)(F)F)nc3)ccc2F)N(S(=O)(=O)c2ccc(F)cc2)C1,CHEMBL5921909,8.22,8.22,8.22,,1,B,2022,2022,O=C(NCc1cccc(-c2cncnc2)c1)C1CCCN1S(=O)(=O)c1ccccc1,train
KDXRBPDHOHGHLI-GXFFZTMASA-N,IC50,Nc1nn2c(C(F)(F)F)ncc2c(=O)n1Cc1nc([C@@H]2CO[C@@H](c3ccc(Cl)cc3)C2)no1,CHEMBL5997995,8.515,8.35,8.68,0.2333452377915601,2,B,2020,2020,O=c1c2cncn2ncn1Cc1nc(C2COC(c3ccccc3)C2)no1,train
KEABNWALVFPWDZ-ZDUSSCGKSA-N,IC50,CNC(=O)c1sc2ncn(Cc3nc(C[C@H](O)c4ccc(Cl)cc4)no3)c(=O)c2c1C,CHEMBL4866216,8.0,8.0,8.0,0.0,2,B,2021,2021,O=c1c2ccsc2ncn1Cc1nc(CCc2ccccc2)no1,train
KEQCKEFNTDXKBN-UHFFFAOYSA-N,IC50,CC(C)C(NC(=O)c1ccccc1)C(=O)c1ccc(Cl)c(Cl)c1,CHEMBL2071497,5.4,5.4,5.4,,1,F,2012,2012,O=C(CNC(=O)c1ccccc1)c1ccccc1,train
KFLJBILIWFLJMW-SWLSCSKDSA-N,IC50,Nc1nc2ncccc2c(=O)n1Cc1nc([C@@H]2CO[C@@H](c3cccc(F)c3)C2)no1,CHEMBL5811232,7.695,7.5,7.89,0.275771644662753,2,B,2020,2020,O=c1c2cccnc2ncn1Cc1nc(C2COC(c3ccccc3)C2)no1,train
KFPIBSJOVPWQQT-UHFFFAOYSA-N,IC50,CCc1ccc(-c2csc(NC(=O)Cc3cccc4c3c(=O)n(C)c(=O)n4C)n2)cc1,CHEMBL3968269,7.25,7.25,7.25,,1,B,2015,2015,O=C(Cc1cccc2[nH]c(=O)[nH]c(=O)c12)Nc1nc(-c2ccccc2)cs1,train
KFZGTVWNSIPNCQ-NRFANRHFSA-N,IC50,CC(C)n1c(=O)c(CNC(=O)[C@@H]2CCCN2S(=O)(=O)c2cc3cnccc3o2)cn(-c2ccc(C(F)(F)F)cc2)c1=O,CHEMBL5978971,7.7,7.7,7.7,,1,B,2020,2020,O=C(NCc1cn(-c2ccccc2)c(=O)[nH]c1=O)C1CCCN1S(=O)(=O)c1cc2cnccc2o1,val
KGDYRCIWRHRFPK-OWOJBTEDSA-N,IC50,Oc1ccc(/C=C/c2cc(Br)c(O)c(Br)c2)cc1,CHEMBL4064244,4.79,4.79,4.79,,1,B,2017,2017,C(=Cc1ccccc1)c1ccccc1,train
KGRANTXTMXDAIF-VYKXQCJSSA-N,IC50,COC(=O)[C@@H](C)[C@@H]1CC[C@@](C)(CC/C=C(\C)CCC2=C(C)CCCC2(C)C)OO1,CHEMBL5432653,4.7,4.7,4.7,,1,B,2024,2024,C(=CCCC1CCCOO1)CCC1=CCCCC1,train
KGVMCKSYBGNOLM-IVMQYODDSA-N,IC50,CCC(=O)Cn1c(=O)c2c(ncn2[C@@H](C)C(=O)Nc2cccc(-c3ccc(N4CC5CC5C4)nc3)n2)n(C)c1=O,CHEMBL5746363,8.52,8.52,8.52,,1,B,2019,2019,O=C(Cn1cnc2[nH]c(=O)[nH]c(=O)c21)Nc1cccc(-c2ccc(N3CC4CC4C3)nc2)n1,train
KGZSYEIVIHQFAV-UHFFFAOYSA-N,IC50,Cn1c(=O)c2c(CC(=O)Nc3nc(-c4ccc(C(F)(F)F)cc4F)cs3)nsc2n(C)c1=O,CHEMBL3913924,7.98,7.98,7.98,,1,B,2015,2015,O=C(Cc1nsc2[nH]c(=O)[nH]c(=O)c12)Nc1nc(-c2ccccc2)cs1,train
KHBHURZBJBAUPN-MBBMFPOLSA-N,IC50,CC(=C\c1ccc(F)cc1)/C(=N\O)C(C)C,CHEMBL3697707,6.07,6.07,6.07,,1,B,2015,2015,c1ccccc1,train
KHBHURZBJBAUPN-MZRBSKCNSA-N,IC50,CC(=C\c1ccc(F)cc1)/C(=N/O)C(C)C,CHEMBL3697708,5.48,5.48,5.48,,1,B,2015,2015,c1ccccc1,train
KHCMGMZHKZFVBB-KRWDZBQOSA-N,IC50,O=C(NCc1ccc(Cl)cc1)[C@@H]1CCCN1S(=O)(=O)c1ccc(F)cc1,CHEMBL4454627,5.0,4.9,5.0,0.0577350269189623,3,B,2019,2019,O=C(NCc1ccccc1)C1CCCN1S(=O)(=O)c1ccccc1,val
KHIPZNLPSJMFRQ-MNZLEMJZSA-N,IC50,Cc1ccnc2ncn(Cc3nc([C@H]4[C@@H]5CN(c6ccc(Cl)cc6)C[C@@H]54)no3)c(=O)c12,CHEMBL5910674,6.54,6.54,6.54,,1,B,2020,2020,O=c1c2cccnc2ncn1Cc1nc(C2C3CN(c4ccccc4)CC32)no1,train
KHKAWXWOIAMQMU-MOPGFXCFSA-N,IC50,O=C(Cc1cn(-c2cnc(C(F)(F)F)nc2)nc1C1CC1)N[C@@H]1CC[C@@H]1S(=O)(=O)c1ccc(F)cc1,CHEMBL5847488,7.33,7.33,7.33,0.0,2,B,2020,2020,O=C(Cc1cn(-c2cncnc2)nc1C1CC1)NC1CCC1S(=O)(=O)c1ccccc1,val
KHNKWIRXUWCUEJ-FOLVSLTJSA-N,IC50,Cn1cnc2ncn(Cc3nc([C@H]4[C@@H]5CN(c6cccc(OC(F)F)c6)C[C@@H]54)no3)c(=O)c21,CHEMBL5924890,6.98,6.98,6.98,,1,B,2020,2020,O=c1c2[nH]cnc2ncn1Cc1nc(C2C3CN(c4ccccc4)CC32)no1,train
KHSABDQBZIWQTO-ZDUSSCGKSA-N,IC50,Cc1noc(Cn2c(=O)c3c(ncn3[C@@H](C)C(=O)Nc3cccc(-c4cnc(C(F)(F)F)c(C)c4)n3)n(C)c2=O)n1,CHEMBL5976528,8.22,8.22,8.22,,1,B,2019,2019,O=C(Cn1cnc2[nH]c(=O)n(Cc3ncno3)c(=O)c21)Nc1cccc(-c2cccnc2)n1,train
KHZLLVHHICAXLI-JYAVWHMHSA-N,IC50,Cn1cnc2ncn(Cc3nc([C@H]4[C@@H]5CN(c6cc(F)ccn6)C[C@@H]54)no3)c(=O)c21,CHEMBL5831050,7.04,6.71,7.37,0.4666904755831215,2,B,2020,2020,O=c1c2[nH]cnc2ncn1Cc1nc(C2C3CN(c4ccccn4)CC32)no1,train
KIBRIXFLSAEWRD-MNNVXMFVSA-N,IC50,CCC(=O)Cn1c(=O)c2c(ncn2[C@@H](C)C(=O)Nc2cccc(-c3ccc(N4CC5C(C4)C5(F)F)nc3)n2)n(C)c1=O,CHEMBL5983223,8.3,8.3,8.3,,1,B,2019,2019,O=C(Cn1cnc2[nH]c(=O)[nH]c(=O)c21)Nc1cccc(-c2ccc(N3CC4CC4C3)nc2)n1,train
KISLLAVVUQSKFA-BEFAXECRSA-N,IC50,O=C(NCc1cc(-c2ccc(C(F)(F)F)nc2)ncn1)[C@@H]1C[C@@H](F)CN1S(=O)(=O)c1ccc(F)cc1,CHEMBL4066996,7.01,5.92,7.01,0.629311793416692,3,B,2018,2022,O=C(NCc1cc(-c2cccnc2)ncn1)C1CCCN1S(=O)(=O)c1ccccc1,train
KISLLAVVUQSKFA-KXBFYZLASA-N,IC50,O=C(NCc1cc(-c2ccc(C(F)(F)F)nc2)ncn1)[C@@H]1C[C@H](F)CN1S(=O)(=O)c1ccc(F)cc1,CHEMBL4096004,5.725,5.36,6.09,0.5161879502661797,2,B,2018,2022,O=C(NCc1cc(-c2cccnc2)ncn1)C1CCCN1S(=O)(=O)c1ccccc1,train
KKAXOBZHIMMGAT-GOEBONIOSA-N,IC50,Cc1cccc2nn(Cc3nc([C@@H]4CO[C@@H](c5ccc(Cl)cc5)C4)no3)c(=O)n12,CHEMBL5745808,6.835,6.82,6.85,0.0212132034355959,2,B,2020,2020,O=c1n(Cc2nc(C3COC(c4ccccc4)C3)no2)nc2ccccn12,val
KKHGKGCIZAIQFF-QHCPKHFHSA-N,IC50,CC(C)n1cc(-c2ccc(C(F)(F)F)cn2)cc(CNC(=O)[C@@H]2CCCN2S(=O)(=O)c2cc3cc(F)ccc3o2)c1=O,CHEMBL5783476,7.64,7.64,7.64,,1,B,2020,2020,O=C(NCc1cc(-c2ccccn2)c[nH]c1=O)C1CCCN1S(=O)(=O)c1cc2ccccc2o1,train
KMNAEBCIGPEECD-UHFFFAOYSA-N,IC50,Cc1cncc2ncn(Cc3nn(CCc4ccc(Cl)cc4)c(=O)o3)c(=O)c12,CHEMBL5985158,7.89,7.89,7.89,,1,B,2021,2021,O=c1c2ccncc2ncn1Cc1nn(CCc2ccccc2)c(=O)o1,train
KNPPROPWZGMELQ-UTKZUKDTSA-N,IC50,O=C(NCc1cc(-c2ccc(C(F)(F)F)cc2)ncn1)[C@@H]1C[C@@H](F)CN1S(=O)(=O)c1ccc(F)cc1,CHEMBL5841668,7.82,7.82,7.82,0.0,2,B,2022,2022,O=C(NCc1cc(-c2ccccc2)ncn1)C1CCCN1S(=O)(=O)c1ccccc1,train
KOJGDUNEMGGIAC-UHFFFAOYSA-N,IC50,O=C(CCc1ccccc1)CC(O)CCCCCCc1ccccc1,CHEMBL1950595,5.44,5.44,5.44,,1,B,2023,2023,O=C(CCCCCCCCc1ccccc1)CCc1ccccc1,val
KOYSGBCDWRHDGA-QFIPXVFZSA-N,IC50,CC(C)n1cc(-c2ccc(C(F)(F)F)nc2)cc(CNC(=O)[C@@H]2CCCN2S(=O)(=O)c2cc3ccccc3o2)c1=O,CHEMBL5909651,6.75,6.75,6.75,,1,B,2020,2020,O=C(NCc1cc(-c2cccnc2)c[nH]c1=O)C1CCCN1S(=O)(=O)c1cc2ccccc2o1,train
KQDOMOCNSBRDDX-DZGCQCFKSA-N,IC50,Cc1ccnc2nc(N)n(Cc3nc([C@@H]4CO[C@@H](c5ccc(F)cc5)C4)no3)c(=O)c12,CHEMBL5867511,8.36,7.87,8.85,0.6929646455628166,2,B,2020,2020,O=c1c2cccnc2ncn1Cc1nc(C2COC(c3ccccc3)C2)no1,train
KQWPJWCPXVABPC-DEOSSOPVSA-N,IC50,CC(C)n1cc(CNC(=O)[C@@H]2CCCN2S(=O)(=O)c2cc3ccccc3o2)cc(-c2ccc(C(F)(F)F)cc2)c1=O,CHEMBL5769928,7.57,7.57,7.57,,1,B,2020,2020,O=C(NCc1c[nH]c(=O)c(-c2ccccc2)c1)C1CCCN1S(=O)(=O)c1cc2ccccc2o1,train
KRBDFQDQWIUJAV-ZDUSSCGKSA-N,IC50,Cc1cc(Cn2c(=O)c3c(ncn3[C@@H](C)C(=O)Nc3cncc(-c4cncc(C(F)(F)F)c4)n3)n(C)c2=O)no1,CHEMBL6036941,8.3,8.3,8.3,,1,B,2019,2019,O=C(Cn1cnc2[nH]c(=O)n(Cc3ccon3)c(=O)c21)Nc1cncc(-c2cccnc2)n1,train
KRKWCQHXZXSWFM-UHFFFAOYSA-N,IC50,Fc1ccc(Oc2ncnc3[nH]ccc23)c(F)c1,CHEMBL3298430,6.15,6.15,6.15,,1,B,2014,2014,c1ccc(Oc2ncnc3[nH]ccc23)cc1,train
KRWUIYYMASCNIU-JTQLQIEISA-N,IC50,NC(=O)c1sc2ncn(Cc3nnn(C[C@H](O)c4ccc(Cl)cc4)n3)c(=O)c2c1Cl,CHEMBL5759882,8.22,8.22,8.22,,1,B,2023,2023,O=c1c2ccsc2ncn1Cc1nnn(CCc2ccccc2)n1,train
KSJHONZXLRBUGV-UHFFFAOYSA-N,IC50,CC(=O)Cn1c(=O)c2c(ncn2CC(=O)Nc2cccc(-c3cnc(C)c(C(F)(F)F)c3)n2)n(C)c1=O,CHEMBL5980126,8.4,8.4,8.4,,1,B,2019,2019,O=C(Cn1cnc2[nH]c(=O)[nH]c(=O)c21)Nc1cccc(-c2cccnc2)n1,train
KSLQPFSVJVQJTN-UHFFFAOYSA-N,IC50,Cn1c(=O)c2c(CC(=O)Nc3nc(-c4ccc(F)c(C(F)(F)F)c4F)cs3)ccnc2n(C)c1=O,CHEMBL3979456,7.71,7.71,7.71,,1,B,2015,2015,O=C(Cc1ccnc2[nH]c(=O)[nH]c(=O)c12)Nc1nc(-c2ccccc2)cs1,train
KTXOJFRLLCSGST-ATCWAGBWSA-N,IC50,Cn1cnc2ncn(Cc3nc([C@H]4[C@@H]5CN(c6ccccc6F)C[C@@H]54)no3)c(=O)c21,CHEMBL5777536,7.52,7.32,7.72,0.2828427124746189,2,B,2020,2020,O=c1c2[nH]cnc2ncn1Cc1nc(C2C3CN(c4ccccc4)CC32)no1,train
KTXXTAMHYVKIKC-UHFFFAOYSA-N,IC50,Cc1c(=O)n(Cc2ccccc2)c(=O)n2cc(C(=O)NCc3ccc4[nH]ccc4c3)sc12,CHEMBL3220224,6.17,6.17,6.17,,1,B,2012,2012,O=C(NCc1ccc2[nH]ccc2c1)c1cn2c(=O)n(Cc3ccccc3)c(=O)cc2s1,val
KUCKGTYCUCCWBF-UHFFFAOYSA-N,IC50,O=C(NCC(Cc1ccc(F)cc1)N1CCC(C(F)(F)F)C1)C1(c2ccc(F)cc2)CCCC1,CHEMBL4218381,5.84,5.84,5.84,,1,B,2016,2016,O=C(NCC(Cc1ccccc1)N1CCCC1)C1(c2ccccc2)CCCC1,val
KUMFMRYNIVJBRS-UONOGXRCSA-N,IC50,Cn1cnc2ncn(Cc3nc([C@@H]4CO[C@@H](c5ccccc5)C4)no3)c(=O)c21,CHEMBL5910703,7.28,7.08,7.48,0.2828427124746193,2,B,2020,2020,O=c1c2[nH]cnc2ncn1Cc1nc(C2COC(c3ccccc3)C2)no1,train
KUOPDXDRBGFUSS-UHFFFAOYSA-N,IC50,CC(C)C(NC(=O)c1cnoc1C(C)(C)C)C(=O)c1ccc(C#N)cc1,CHEMBL2071509,6.15,6.0,6.3,0.2121320343559638,2,F,2012,2012,O=C(CNC(=O)c1cnoc1)c1ccccc1,train
KUPHFKFESJUDAK-FQEVSTJZSA-N,IC50,CC(C)n1c(=O)c(CNC(=O)[C@@H]2CCCN2S(=O)(=O)c2cc3cc(F)ccc3o2)cn(-c2ccc(C(F)(F)F)nc2)c1=O,CHEMBL5838777,8.0,8.0,8.0,,1,B,2020,2020,O=C(NCc1cn(-c2cccnc2)c(=O)[nH]c1=O)C1CCCN1S(=O)(=O)c1cc2ccccc2o1,train
KUTXHEQBZVXQNL-UHFFFAOYSA-N,IC50,c1ccc(Oc2ncnc3[nH]ccc23)cc1,CHEMBL3298432,5.5,5.5,5.5,,1,B,2014,2014,c1ccc(Oc2ncnc3[nH]ccc23)cc1,train
KUZQVDWAFOZJOE-QRWLVFNGSA-N,IC50,O=C(NCc1cc(N2CCC(F)(F)CC2)c(F)cn1)[C@@H]1C[C@@H](F)CN1S(=O)(=O)c1ccc(F)cc1,CHEMBL5901467,6.39,6.39,6.39,,1,B,2022,2022,O=C(NCc1cc(N2CCCCC2)ccn1)C1CCCN1S(=O)(=O)c1ccccc1,train
KVBIZNGZPXTWQB-GXTWGEPZSA-N,IC50,Cn1cnc2ncn(Cc3nc([C@@H]4CO[C@@H](c5ccc(F)cc5)C4)no3)c2c1=O,CHEMBL5827481,7.345,7.22,7.47,0.1767766952966369,2,B,2020,2020,O=c1[nH]cnc2ncn(Cc3nc(C4COC(c5ccccc5)C4)no3)c12,train
KVHIQQZLYJNLIF-SQGPQFPESA-N,IC50,Cn1cnc2ncn(Cc3nc([C@@H]4[C@H]5C=C(c6cccc(-c7cnco7)c6)C[C@H]54)no3)c(=O)c21,CHEMBL5791429,7.37,7.34,7.4,0.0424264068711932,2,B,2020,2020,O=c1c2[nH]cnc2ncn1Cc1nc(C2C3C=C(c4cccc(-c5cnco5)c4)CC32)no1,val
KVMFUOIFKMJGTE-IPVJXJPOSA-N,IC50,Cc1ccnc2ncn(Cc3nc([C@H]4C[C@](F)(c5cccc(F)c5)C4)no3)c(=O)c12,CHEMBL5879601,7.51,7.47,7.55,0.0565685424949238,2,B,2020,2020,O=c1c2cccnc2ncn1Cc1nc(C2CC(c3ccccc3)C2)no1,train
KVPTURFWDARJNL-IGOJGBNBSA-N,IC50,Cc1cncc2ncn(Cc3nc([C@H]4[C@@H]5CN(c6ccc(Cl)cc6)C[C@@H]54)no3)c(=O)c12,CHEMBL5878138,7.15,7.15,7.15,,1,B,2020,2020,O=c1c2ccncc2ncn1Cc1nc(C2C3CN(c4ccccc4)CC32)no1,train
KVSPYEYQFMGJNK-GXTWGEPZSA-N,IC50,Cn1cnc2ncn(Cc3nc([C@@H]4CO[C@@H](c5ccc(F)cc5)C4)no3)c(=O)c21,CHEMBL5076509,7.949999999999999,7.71,8.25,0.2901149197588201,4,B,2020,2020,O=c1c2[nH]cnc2ncn1Cc1nc(C2COC(c3ccccc3)C2)no1,train
KVVPUULMDPPTDH-SQWLQELKSA-N,IC50,Cn1cnc2ncn(Cc3nc([C@@H]4[C@H]5C=C(c6cccnc6)C[C@H]54)no3)c(=O)c21,CHEMBL6013511,6.41,6.36,6.46,0.0707106781186545,2,B,2020,2020,O=c1c2[nH]cnc2ncn1Cc1nc(C2C3C=C(c4cccnc4)CC32)no1,train
KVVPUULMDPPTDH-YCPHGPKFSA-N,IC50,Cn1cnc2ncn(Cc3nc([C@H]4[C@@H]5C=C(c6cccnc6)C[C@@H]54)no3)c(=O)c21,CHEMBL6020750,6.775,6.75,6.8,0.0353553390593269,2,B,2020,2020,O=c1c2[nH]cnc2ncn1Cc1nc(C2C3C=C(c4cccnc4)CC32)no1,train
KWWJAPGGMKHGFX-UHFFFAOYSA-N,IC50,O=C(NCC(CC1CCOCC1)N1CCC(O)(C(F)(F)F)CC1)C1(c2ccc(Cl)cc2)CCCC1,CHEMBL4215647,5.72,5.72,5.72,,1,B,2016,2016,O=C(NCC(CC1CCOCC1)N1CCCCC1)C1(c2ccccc2)CCCC1,val
KXJKBRSZQXSODD-SWLSCSKDSA-N,IC50,Nc1nc2cccnc2n1Cc1nc([C@@H]2CO[C@@H](c3ccc(Cl)cc3)C2)no1,CHEMBL6002716,8.055,7.99,8.12,0.0919238815542504,2,B,2020,2020,c1ccc(C2CC(c3noc(Cn4cnc5cccnc54)n3)CO2)cc1,val
KXQHESILURTFDZ-OOHWJJMZSA-N,IC50,C[C@@H](C(=O)Nc1cncc(-c2ccc(N3CC4CC4C3)nc2)n1)n1cnc2c1c(=O)n(CC#N)c(=O)n2C,CHEMBL5871560,8.1,8.1,8.1,,1,B,2019,2019,O=C(Cn1cnc2[nH]c(=O)[nH]c(=O)c21)Nc1cncc(-c2ccc(N3CC4CC4C3)nc2)n1,train
KXWZZRHVIAVSMX-UHFFFAOYSA-N,IC50,N#Cc1cc2[nH]ncc2cc1-c1ccccc1C(F)(F)F,CHEMBL3299026,6.89,6.89,6.89,,1,B,2014,2014,c1ccc(-c2ccc3[nH]ncc3c2)cc1,train
KXZXNLHJKUDAQF-UHFFFAOYSA-N,IC50,Cc1ccccc1-c1ccc2[nH]ncc2c1,CHEMBL3298238,5.11,5.11,5.11,,1,B,2014,2014,c1ccc(-c2ccc3[nH]ncc3c2)cc1,train
KYNKXOOLHDJDOZ-ATCWAGBWSA-N,IC50,Cn1cnc2ncn(Cc3nc([C@H]4[C@@H]5CN(c6ccccc6Cl)C[C@@H]54)no3)c(=O)c21,CHEMBL5820633,7.11,7.11,7.11,,1,B,2020,2020,O=c1c2[nH]cnc2ncn1Cc1nc(C2C3CN(c4ccccc4)CC32)no1,train
KZDJEUUOOISTHH-UHFFFAOYSA-N,IC50,Cc1c(=O)n(Cc2ccccc2)c(=O)n2cc(C(=O)NCc3ccncc3)sc12,CHEMBL3220225,5.93,5.93,5.93,,1,B,2012,2012,O=C(NCc1ccncc1)c1cn2c(=O)n(Cc3ccccc3)c(=O)cc2s1,train
KZXZMTYISMCMQC-UZLBHIALSA-N,IC50,O=C(NCc1cc(-c2ccc(C(F)(F)F)cn2)cc(F)n1)[C@@H]1C[C@@H](F)CN1S(=O)(=O)c1ccc(F)cc1,CHEMBL6040428,8.05,8.05,8.05,,1,B,2022,2022,O=C(NCc1cc(-c2ccccn2)ccn1)C1CCCN1S(=O)(=O)c1ccccc1,train
KZYIBERUTGMWIW-WILYLXEWSA-N,IC50,C[C@H]1[C@H](F)C[C@@H](C(=O)NCc2cc(-c3cnc(C(F)(F)F)nc3)ncn2)N1S(=O)(=O)c1ccc(F)cc1,CHEMBL4087767,7.19,7.19,7.19,0.0,2,B,2018,2021,O=C(NCc1cc(-c2cncnc2)ncn1)C1CCCN1S(=O)(=O)c1ccccc1,train
KZYMSANMAJGLBF-RCAAVWGTSA-N,IC50,CCC(=N\O)/C(C)=C/c1ccc(F)nc1,CHEMBL1085708,5.9,5.9,5.9,0.0,2,"B,F",2010,2017,c1ccncc1,train
LAMKDCIOIKOTRV-VQFNDLOPSA-N,IC50,O=c1c2cccnc2ncn1Cc1nc([C@H]2[C@@H]3CN(c4cccc(Cl)c4)C[C@@H]32)no1,CHEMBL5951749,7.875,7.86,7.89,0.0212132034355959,2,B,2020,2020,O=c1c2cccnc2ncn1Cc1nc(C2C3CN(c4ccccc4)CC32)no1,train
LAOOFNIDAVFMLB-GXTWGEPZSA-N,IC50,Cn1cnc2ncn(Cc3nc([C@@H]4CO[C@@H](c5ccc(S(F)(F)(F)(F)F)cc5)C4)no3)c(=O)c21,CHEMBL5762662,5.92,5.81,6.03,0.1555634918610409,2,B,2020,2020,O=c1c2[nH]cnc2ncn1Cc1nc(C2COC(c3ccccc3)C2)no1,train
LAZQLGQFJPMZPC-OFNKIYASSA-N,IC50,COCCOc1nc(C(F)(F)F)ccc1-c1cc(F)cc(CNC(=O)[C@@H]2C[C@@H](F)CN2S(=O)(=O)c2ccc(F)cc2)c1,CHEMBL5946763,7.28,7.28,7.28,,1,B,2022,2022,O=C(NCc1cccc(-c2cccnc2)c1)C1CCCN1S(=O)(=O)c1ccccc1,train
LBCLKSUDHMQCPT-UHFFFAOYSA-N,IC50,Cc1noc(C(C)C)c1C(=O)NC(C(=O)c1ccc(C#N)c(F)c1)C(C)(C)C,CHEMBL2071599,6.7,6.7,6.7,,1,F,2012,2012,O=C(CNC(=O)c1cnoc1)c1ccccc1,train
LCHWALDJSLNZAF-UHFFFAOYSA-N,IC50,Cc1cc(Cn2c(=O)c3c(ncn3CC(=O)Nc3cccc(-c4cnc(C)c(C(F)(F)F)c4)n3)n(C)c2=O)no1,CHEMBL6038220,8.4,8.4,8.4,,1,B,2019,2019,O=C(Cn1cnc2[nH]c(=O)n(Cc3ccon3)c(=O)c21)Nc1cccc(-c2cccnc2)n1,train
LCVAKFVAVVYVKP-XLIONFOSSA-N,IC50,O=C(NCc1cc(-c2cnc(C(F)(F)F)nc2)ccc1F)[C@@H]1C[C@@H](F)CN1S(=O)(=O)c1ccc(F)cc1,CHEMBL5834801,7.96,7.96,7.96,,1,B,2022,2022,O=C(NCc1cccc(-c2cncnc2)c1)C1CCCN1S(=O)(=O)c1ccccc1,train
LDLLVRCAPFWYTL-YWPYICTPSA-N,IC50,Cn1cnc2ncn(Cc3nc([C@@H]4[C@H]5C=C(c6ccc(F)c(F)c6F)C[C@H]54)no3)c(=O)c21,CHEMBL5774642,7.959999999999999,7.72,8.2,0.2771281292110202,4,B,2020,2020,O=c1c2[nH]cnc2ncn1Cc1nc(C2C3C=C(c4ccccc4)CC32)no1,train
LDOFQBOPGCJOBN-NWANDNLSSA-N,IC50,Cn1cnc2ncn(Cc3nc([C@@H]4[C@H]5Cc6ccccc6[C@H]54)no3)c(=O)c21,CHEMBL5860081,6.56,6.56,6.56,,1,B,2020,2020,O=c1c2[nH]cnc2ncn1Cc1nc(C2C3Cc4ccccc4C32)no1,train
LDOFQBOPGCJOBN-SNPRPXQTSA-N,IC50,Cn1cnc2ncn(Cc3nc([C@H]4[C@@H]5Cc6ccccc6[C@@H]54)no3)c(=O)c21,CHEMBL5906843,6.23,6.23,6.23,,1,B,2020,2020,O=c1c2[nH]cnc2ncn1Cc1nc(C2C3Cc4ccccc4C32)no1,train
LDWKVFAOUNQPHG-MAUKXSAKSA-N,IC50,Cc1cc(S(=O)(=O)N2[C@H](CO)CC[C@@H]2c2ccc(F)cc2)ccc1F,CHEMBL3752532,6.72,6.72,6.72,,1,B,2016,2016,O=S(=O)(c1ccccc1)N1CCCC1c1ccccc1,train
LEKRFJTXKXUQOH-WCQYABFASA-N,IC50,Cn1cnc2nc(N)n(Cc3nc([C@@H]4CO[C@@H](c5ccc(Cl)cc5)C4)no3)c2c1=O,CHEMBL6018348,7.335,6.9,7.77,0.6151828996322958,2,B,2020,2020,O=c1[nH]cnc2ncn(Cc3nc(C4COC(c5ccccc5)C4)no3)c12,train
LFAYPGINOVAESB-ATCWAGBWSA-N,IC50,Cn1cnc2ncn(Cc3nc([C@H]4[C@@H]5CN(c6cc(Cl)ccc6F)C[C@@H]54)no3)c(=O)c21,CHEMBL5804080,7.9,7.9,7.9,,1,B,2020,2020,O=c1c2[nH]cnc2ncn1Cc1nc(C2C3CN(c4ccccc4)CC32)no1,train
LFIARYKUQKQPHR-RUYXUALKSA-N,IC50,Cn1cnc2ncn(Cc3nc([C@H]4[C@@H]5CN(c6ccc7c(c6)CCCC7)C[C@@H]54)no3)c(=O)c21,CHEMBL5813752,6.16,6.16,6.16,,1,B,2020,2020,O=c1c2[nH]cnc2ncn1Cc1nc(C2C3CN(c4ccc5c(c4)CCCC5)CC32)no1,val
LFJLLZGVJMOKAN-YCPHGPKFSA-N,IC50,Cn1cnc2nnn(Cc3nc([C@H]4[C@@H]5C=C(c6ccccc6)C[C@@H]54)no3)c(=O)c21,CHEMBL5940557,7.699999999999999,7.6,7.8,0.1414213562373099,2,B,2020,2020,O=c1c2[nH]cnc2nnn1Cc1nc(C2C3C=C(c4ccccc4)CC32)no1,val
LFLLGOFAJPSJPA-NSHDSACASA-N,IC50,N#Cc1ccc([C@@H](O)Cn2nnc(Cn3cnc4sc5c(c4c3=O)CCNC5=O)n2)s1,CHEMBL5885215,7.1,7.1,7.1,,1,B,2023,2023,O=C1NCCc2c1sc1ncn(Cc3nnn(CCc4cccs4)n3)c(=O)c21,train
LFMJKUKQVYUFOI-SHTZXODSSA-N,IC50,Cc1ccnc2ncn(Cc3nc([C@H]4C[C@H](c5ccc(OC(F)F)cc5)C4)no3)c(=O)c12,CHEMBL5781292,7.29,7.29,7.29,,1,B,2020,2020,O=c1c2cccnc2ncn1Cc1nc(C2CC(c3ccccc3)C2)no1,train
LFOVPEOOEVQMOM-UHFFFAOYSA-N,IC50,CC(C)Oc1cc2[nH]ncc2cc1-c1ccccc1C(F)(F)F,CHEMBL3299021,6.01,6.01,6.01,,1,B,2014,2014,c1ccc(-c2ccc3[nH]ncc3c2)cc1,train
LFVOFPFXYXXTEY-UHFFFAOYSA-N,IC50,Cn1cnc2ncn(Cc3nn(CCCOc4cccc(Cl)c4)c(=O)o3)c(=O)c21,CHEMBL5093218,7.65,7.65,7.65,,1,B,2021,2021,O=c1c2[nH]cnc2ncn1Cc1nn(CCCOc2ccccc2)c(=O)o1,train
LFYAILSQQZVGPM-ZDUSSCGKSA-N,IC50,Cn1c(=O)ccc2ncn(Cc3nn(C[C@H](F)c4ccc(Cl)cc4)c(=O)o3)c(=O)c21,CHEMBL5807741,7.36,7.36,7.36,,1,B,2021,2021,O=c1ccc2ncn(Cc3nn(CCc4ccccc4)c(=O)o3)c(=O)c2[nH]1,val
LGDQCKVOXHGGTO-AWEZNQCLSA-N,IC50,Cc1ccnc2ncn(Cc3nn(C[C@H](F)c4ccc(Cl)cc4)c(=O)o3)c(=O)c12,CHEMBL6022425,8.3,8.3,8.3,,1,B,2021,2021,O=c1c2cccnc2ncn1Cc1nn(CCc2ccccc2)c(=O)o1,train
LGDQCKVOXHGGTO-CQSZACIVSA-N,IC50,Cc1ccnc2ncn(Cc3nn(C[C@@H](F)c4ccc(Cl)cc4)c(=O)o3)c(=O)c12,CHEMBL5966117,6.75,6.75,6.75,,1,B,2021,2021,O=c1c2cccnc2ncn1Cc1nn(CCc2ccccc2)c(=O)o1,train
LGMMPJBTYVKDBK-SQWLQELKSA-N,IC50,Cn1c(Cl)nc2ncn(Cc3nc([C@@H]4[C@H]5C=C(c6ccccc6)C[C@H]54)no3)c(=O)c21,CHEMBL5888814,7.994999999999999,7.8,8.19,0.2757716446627536,2,B,2020,2020,O=c1c2[nH]cnc2ncn1Cc1nc(C2C3C=C(c4ccccc4)CC32)no1,train
LGVSQHZAKUBGAR-UHFFFAOYSA-N,IC50,O=C(NCc1cn(-c2ccc(C(F)(F)F)cc2)nc1Cl)C1CCCC1S(=O)(=O)c1ccc(F)cc1,CHEMBL5941790,7.34,7.34,7.34,0.0,2,B,2020,2020,O=C(NCc1cnn(-c2ccccc2)c1)C1CCCC1S(=O)(=O)c1ccccc1,train
LGVSQHZAKUBGAR-UXHICEINSA-N,IC50,O=C(NCc1cn(-c2ccc(C(F)(F)F)cc2)nc1Cl)[C@@H]1CCC[C@@H]1S(=O)(=O)c1ccc(F)cc1,CHEMBL5963594,7.41,7.41,7.41,0.0,2,B,2020,2020,O=C(NCc1cnn(-c2ccccc2)c1)C1CCCC1S(=O)(=O)c1ccccc1,train
LHKBWGFVZPWGQN-MNZLEMJZSA-N,IC50,O=c1c2ccncc2ncn1Cc1nc([C@H]2[C@@H]3CN(c4cccc(Cl)c4)C[C@@H]32)no1,CHEMBL5844754,7.48,7.48,7.48,,1,B,2020,2020,O=c1c2ccncc2ncn1Cc1nc(C2C3CN(c4ccccc4)CC32)no1,train
LHZDFHPXUSASSO-IRLDBZIGSA-N,IC50,N#Cc1cc(CNC(=O)[C@@H]2C[C@@H](F)CN2S(=O)(=O)c2ccc(F)cc2)cc(-c2ccc(C(F)(F)F)nc2)c1,CHEMBL5985526,7.32,7.32,7.32,,1,B,2022,2022,O=C(NCc1cccc(-c2cccnc2)c1)C1CCCN1S(=O)(=O)c1ccccc1,train
LHZORGBUTZZYPP-FHERZECASA-N,IC50,C[C@@H](C(=O)Nc1cccc(-c2cnc(N3CC4CC4C3)nc2)n1)n1cnc2c1c(=O)n(CC#N)c(=O)n2C,CHEMBL6048542,8.5,8.3,8.7,0.282842712474618,2,B,2019,2019,O=C(Cn1cnc2[nH]c(=O)[nH]c(=O)c21)Nc1cccc(-c2cnc(N3CC4CC4C3)nc2)n1,train
LHZORGBUTZZYPP-UHFFFAOYSA-N,IC50,CC(C(=O)Nc1cccc(-c2cnc(N3CC4CC4C3)nc2)n1)n1cnc2c1c(=O)n(CC#N)c(=O)n2C,CHEMBL5837647,8.0,8.0,8.0,,1,B,2019,2019,O=C(Cn1cnc2[nH]c(=O)[nH]c(=O)c21)Nc1cccc(-c2cnc(N3CC4CC4C3)nc2)n1,train
LIFYIRBVSHHVHX-UHFFFAOYSA-N,IC50,Cc1cc(Cn2c(=O)c3c(ncn3CC(=O)Nc3cccc(-c4cnc(C(F)(F)F)c(C)c4)n3)n(C)c2=O)on1,CHEMBL5908506,7.31,7.31,7.31,,1,B,2019,2019,O=C(Cn1cnc2[nH]c(=O)n(Cc3ccno3)c(=O)c21)Nc1cccc(-c2cccnc2)n1,val
LISYHIGPSGJBLO-GTPINHCMSA-N,IC50,CC#CCn1c(=O)c2c(ncn2[C@@H](C)C(=O)Nc2cncc(-c3cnc(N4CC5CC5C4)nc3)n2)n(C)c1=O,CHEMBL5796485,8.3,8.3,8.3,,1,B,2019,2019,O=C(Cn1cnc2[nH]c(=O)[nH]c(=O)c21)Nc1cncc(-c2cnc(N3CC4CC4C3)nc2)n1,train
LJNZMPRTKUDPDS-UHFFFAOYSA-N,IC50,Cn1cnc2ncn(Cc3nn(CCc4ccc(C#N)cc4)c(=O)o3)c(=O)c21,CHEMBL6035547,5.93,5.93,5.93,,1,B,2021,2021,O=c1c2[nH]cnc2ncn1Cc1nn(CCc2ccccc2)c(=O)o1,train
LJVBOYNVRPSCQX-UHFFFAOYSA-N,IC50,Cn1c(=O)c2c(CC(=O)Nc3nc(-c4cccc(C(F)(F)F)c4F)cs3)nsc2n(C)c1=O,CHEMBL3944172,8.28,8.28,8.28,,1,B,2015,2015,O=C(Cc1nsc2[nH]c(=O)[nH]c(=O)c12)Nc1nc(-c2ccccc2)cs1,train
LKBZHIMJQJYAHH-UHFFFAOYSA-N,IC50,COc1cc(OC)cc(C2NC(=S)NC3=C2C(=O)c2ccccc23)c1,CHEMBL1939835,5.56,5.56,5.56,,1,F,2012,2012,O=C1C2=C(NC(=S)NC2c2ccccc2)c2ccccc21,train
LKFOIEUPHQVDAK-UHFFFAOYSA-N,IC50,Fc1ccc(Oc2cccc3[nH]ccc23)c(F)c1,CHEMBL3298690,5.96,5.96,5.96,,1,B,2014,2014,c1ccc(Oc2cccc3[nH]ccc23)cc1,val
LKFWDDRPBOSQHO-NSHDSACASA-N,IC50,CC(=O)Cn1c(=O)c2c(ncn2[C@@H](C)C(=O)Nc2cncc(-c3cnc(C(F)(F)F)nc3)n2)n(C)c1=O,CHEMBL5810174,7.41,7.41,7.41,,1,B,2019,2019,O=C(Cn1cnc2[nH]c(=O)[nH]c(=O)c21)Nc1cncc(-c2cncnc2)n1,train
LKGOYTNWKHESNU-UHFFFAOYSA-N,IC50,CC(C)C(O)C(C)(C)Cc1ccccc1,CHEMBL5595799,5.95,5.95,5.95,,1,B,2024,2024,c1ccccc1,train
LLQYCVKVDILAKB-GXTWGEPZSA-N,IC50,Cn1cnc2ncn(Cc3nc([C@@H]4CO[C@@H](c5ccc(Cl)cc5)C4)no3)c(=S)c21,CHEMBL5844147,8.45,8.38,8.52,0.0989949493661164,2,B,2020,2020,S=c1c2[nH]cnc2ncn1Cc1nc(C2COC(c3ccccc3)C2)no1,val
LLRCPJPOJWCVFG-NXNVCVFFSA-N,IC50,Cn1cnc2ncn(Cc3nc([C@@H]4[C@H]5CC[C@H](Oc6ccccc6)[C@H]54)no3)c(=O)c21,CHEMBL5826807,6.845,6.59,7.1,0.360624458405139,2,B,2020,2020,O=c1c2[nH]cnc2ncn1Cc1nc(C2C3CCC(Oc4ccccc4)C32)no1,val
LMRCGSHKMMSQEV-SQWLQELKSA-N,IC50,Cn1cnc2ncn(Cc3nc([C@@H]4[C@H]5C=C(c6ccncc6)C[C@H]54)no3)c(=O)c21,CHEMBL5934623,6.98,6.89,7.07,0.1272792206135787,2,B,2020,2020,O=c1c2[nH]cnc2ncn1Cc1nc(C2C3C=C(c4ccncc4)CC32)no1,train
LMRCGSHKMMSQEV-YCPHGPKFSA-N,IC50,Cn1cnc2ncn(Cc3nc([C@H]4[C@@H]5C=C(c6ccncc6)C[C@@H]54)no3)c(=O)c21,CHEMBL5860004,6.869999999999999,6.72,7.02,0.2121320343559644,2,B,2020,2020,O=c1c2[nH]cnc2ncn1Cc1nc(C2C3C=C(c4ccncc4)CC32)no1,train
LMRQHWNBPZIMFT-UHFFFAOYSA-N,IC50,Cc1cc(Cn2c(=O)c3c(ncn3CC(=O)Nc3ccc(Br)c(C(F)(F)F)n3)n(C)c2=O)no1,CHEMBL5753838,7.47,7.47,7.47,,1,B,2019,2019,O=C(Cn1cnc2[nH]c(=O)n(Cc3ccon3)c(=O)c21)Nc1ccccn1,train
LMTHLRLOCUUWOQ-UHFFFAOYSA-N,IC50,CC(C)c1cc2[nH]ncc2cc1-c1ccccc1C(F)(F)F,CHEMBL3298925,4.59,4.59,4.59,,1,B,2014,2014,c1ccc(-c2ccc3[nH]ncc3c2)cc1,train
LMYBZPVFXTXZQG-FOLVSLTJSA-N,IC50,Cn1cnc2ncn(Cc3nc([C@H]4[C@@H]5CN(c6ccccc6)C[C@@H]54)no3)c(=O)c21,CHEMBL6023045,7.54,7.54,7.54,,1,B,2020,2020,O=c1c2[nH]cnc2ncn1Cc1nc(C2C3CN(c4ccccc4)CC32)no1,train
LNHYIPIWVZDRTE-KOMQPUFPSA-N,IC50,O=c1c2cccc(=O)n2ccn1Cc1nn([C@H]2C[C@H](c3ccc(Cl)cc3)C2)c(=O)o1,CHEMBL5748980,7.68,7.68,7.68,,1,B,2021,2021,O=c1c2cccc(=O)n2ccn1Cc1nn(C2CC(c3ccccc3)C2)c(=O)o1,train
LNPOPNHAJSGXPH-BEFAXECRSA-N,IC50,O=C(NCc1cc(-c2cnc(C(F)(F)F)nc2)ncc1Cl)[C@@H]1C[C@@H](F)CN1S(=O)(=O)c1ccc(F)cc1,CHEMBL5770614,8.0,8.0,8.0,,1,B,2022,2022,O=C(NCc1ccnc(-c2cncnc2)c1)C1CCCN1S(=O)(=O)c1ccccc1,train
LNRZVKYAWMXAPS-UHFFFAOYSA-N,IC50,CC(C)C(NC(=O)c1cc(Cl)ccc1F)C(=O)c1ccc(C#N)cc1,CHEMBL2071506,5.7,5.7,5.7,,1,F,2012,2012,O=C(CNC(=O)c1ccccc1)c1ccccc1,train
LNSIRIOINRHVCV-UHFFFAOYSA-N,IC50,Fc1ccc(Nc2n[nH]c3cc(Cl)ccc23)cc1F,CHEMBL4088258,6.96,6.96,6.96,,1,B,2017,2017,c1ccc(Nc2n[nH]c3ccccc23)cc1,train
LOEVTFQCTSNTAC-IERDGZPVSA-N,IC50,O=C(NCc1cc(N2CCC(C(F)(F)F)CC2)c(C(F)(F)F)cn1)[C@@H]1C[C@@H](F)CN1S(=O)(=O)c1ccc(F)cc1,CHEMBL5873284,7.28,7.28,7.28,,1,B,2022,2022,O=C(NCc1cc(N2CCCCC2)ccn1)C1CCCN1S(=O)(=O)c1ccccc1,train
LORGNQOYVLGAGP-PMACEKPBSA-N,IC50,O=C(NCc1cc(F)cc(-c2cnc(C(F)(F)F)nc2)c1)[C@@H]1[C@@H](F)CCN1S(=O)(=O)c1ccc(F)cc1,CHEMBL5911563,8.15,8.15,8.15,,1,B,2022,2022,O=C(NCc1cccc(-c2cncnc2)c1)C1CCCN1S(=O)(=O)c1ccccc1,train
LOTBKQZXFAVCCV-ATCWAGBWSA-N,IC50,Cn1cnc2ncn(Cc3nc([C@H]4[C@@H]5CN(c6cc(F)ccc6F)C[C@@H]54)no3)c(=O)c21,CHEMBL5845808,8.01,7.82,8.2,0.2687005768508874,2,B,2020,2020,O=c1c2[nH]cnc2ncn1Cc1nc(C2C3CN(c4ccccc4)CC32)no1,train
LPCOIIXPRFJUPJ-JRZJBTRGSA-N,IC50,CC(O)Cn1c(=O)c2c(ncn2CC(=O)Nc2cccc(-c3cnc(N4CCC[C@H]4C(F)(F)F)nc3)n2)n(C)c1=O,CHEMBL5776499,6.51,6.51,6.51,,1,B,2019,2019,O=C(Cn1cnc2[nH]c(=O)[nH]c(=O)c21)Nc1cccc(-c2cnc(N3CCCC3)nc2)n1,train
LPLVBOWGFAEFOE-GDBMZVCRSA-N,IC50,O=c1c2cccnc2ncn1Cc1nn([C@@H]2CC[C@@H](c3ccc(F)cc3)C2)c(=O)o1,CHEMBL5771488,7.39,7.39,7.39,,1,B,2021,2021,O=c1c2cccnc2ncn1Cc1nn(C2CCC(c3ccccc3)C2)c(=O)o1,train
LQLOSOHAEWYAAN-RUYXUALKSA-N,IC50,Cn1cnc2ncn(Cc3nc([C@H]4[C@@H]5CN(c6ccc7ccccc7c6)C[C@@H]54)no3)c(=O)c21,CHEMBL5776029,8.14,8.14,8.14,,1,B,2020,2020,O=c1c2[nH]cnc2ncn1Cc1nc(C2C3CN(c4ccc5ccccc5c4)CC32)no1,val
LRHYTZHUYICYOM-UHFFFAOYSA-N,IC50,Cc1oc2c(c1CC(=O)Nc1nc(-c3ccc(F)c(C(F)(F)F)c3F)cs1)c(=O)n(C)c(=O)n2C,CHEMBL3956560,8.35,8.35,8.35,,1,B,2015,2015,O=C(Cc1coc2[nH]c(=O)[nH]c(=O)c12)Nc1nc(-c2ccccc2)cs1,train
LRLWBLKHOSPXAN-APWZRJJASA-N,IC50,O=C(NCc1cc(F)cc(-c2csc(C(F)(F)F)n2)c1)[C@@H]1C[C@@H](F)CN1S(=O)(=O)c1ccc(F)cc1,CHEMBL5875068,6.96,6.96,6.96,,1,B,2022,2022,O=C(NCc1cccc(-c2cscn2)c1)C1CCCN1S(=O)(=O)c1ccccc1,val
LRQGQNBGWAVMGR-WCQYABFASA-N,IC50,Cn1cnc2nc(Cl)n(Cc3nc([C@@H]4CO[C@@H](c5ccc(Cl)cc5)C4)no3)c(=O)c21,CHEMBL5830842,7.615,7.53,7.7,0.120208152801713,2,B,2020,2020,O=c1c2[nH]cnc2ncn1Cc1nc(C2COC(c3ccccc3)C2)no1,train
LRXFJLLAFBGRML-GRTSSRMGSA-N,IC50,CC(=O)Cn1c(=O)c2c(ncn2[C@@H](C)C(=O)Nc2csc(-c3cnc(N4CC5C(C4)C5(F)F)nc3)n2)n(C)c1=O,CHEMBL5764449,8.52,8.52,8.52,,1,B,2019,2019,O=C(Cn1cnc2[nH]c(=O)[nH]c(=O)c21)Nc1csc(-c2cnc(N3CC4CC4C3)nc2)n1,train
LRZQMDHWCOUOPM-SQWLQELKSA-N,IC50,Cn1nnc2ncn(Cc3nc([C@@H]4[C@H]5C=C(c6ccccc6)C[C@H]54)no3)c(=O)c21,CHEMBL5879055,8.185,7.98,8.39,0.2899137802864845,2,B,2020,2020,O=c1c2[nH]nnc2ncn1Cc1nc(C2C3C=C(c4ccccc4)CC32)no1,train
LRZQMDHWCOUOPM-YCPHGPKFSA-N,IC50,Cn1nnc2ncn(Cc3nc([C@H]4[C@@H]5C=C(c6ccccc6)C[C@@H]54)no3)c(=O)c21,CHEMBL6027272,8.36,8.21,8.51,0.2121320343559641,2,B,2020,2020,O=c1c2[nH]nnc2ncn1Cc1nc(C2C3C=C(c4ccccc4)CC32)no1,train
LSUGPAVXOXLORK-JOCHJYFZSA-N,IC50,Cc1cccc(N2CCN(C(=O)N[C@H](C(=O)c3ccc(C#N)cc3)C(C)(C)C)CC2)n1,CHEMBL5397673,7.1,7.1,7.1,,1,B,2023,2023,O=C(CNC(=O)N1CCN(c2ccccn2)CC1)c1ccccc1,val
LTAAZSNGZSIZQM-UHFFFAOYSA-N,IC50,Cc1c(=O)n(Cc2ccccc2)c(=O)n2cc(C(=O)NCc3ccc(F)cc3)sc12,CHEMBL3220231,5.65,5.65,5.65,,1,B,2012,2012,O=C(NCc1ccccc1)c1cn2c(=O)n(Cc3ccccc3)c(=O)cc2s1,train
LTDJLTDLWIUUDL-NFOMZHRRSA-N,IC50,C[C@@H](C(=O)Nc1ccnc(-c2cnc(N3CC4CC4C3)nc2)n1)n1cnc2c1c(=O)n(CC#N)c(=O)n2C,CHEMBL5949217,8.3,8.3,8.3,,1,B,2019,2019,O=C(Cn1cnc2[nH]c(=O)[nH]c(=O)c21)Nc1ccnc(-c2cnc(N3CC4CC4C3)nc2)n1,train
LTWAIMIDHDTCGE-UHFFFAOYSA-N,IC50,N#Cc1ccc(-c2n[nH]c3cc(OC(F)(F)F)ccc23)cn1,CHEMBL4083680,5.93,5.93,5.93,,1,B,2017,2017,c1cncc(-c2n[nH]c3ccccc23)c1,val
LTXRMKXVBGTLSA-UHFFFAOYSA-N,IC50,O=C(Cn1cnc2ncccc2c1=O)NCCc1ccc(Cl)cc1,CHEMBL3785649,5.93,5.93,5.93,,1,B,2016,2016,O=C(Cn1cnc2ncccc2c1=O)NCCc1ccccc1,val
LUBDIXHYIRNPIQ-UHFFFAOYSA-N,IC50,Cc1cc(-c2csc(NC(=O)Cc3cccc4c3C(=O)N(C)C4=O)n2)ccc1Cl,CHEMBL1083804,6.6,6.6,6.6,,1,F,2010,2010,O=C(Cc1cccc2c1C(=O)NC2=O)Nc1nc(-c2ccccc2)cs1,train
LUKBXSAWLPMMSZ-OWOJBTEDSA-N,IC50,Oc1ccc(/C=C/c2cc(O)cc(O)c2)cc1,CHEMBL165,6.12,6.12,6.12,,1,B,2017,2017,C(=Cc1ccccc1)c1ccccc1,train
LUOQKYCEQBFDOI-MNZLEMJZSA-N,IC50,Cn1cnc2ncn(Cc3nc([C@H]4[C@@H]5CN(c6cnc7ccccc7c6)C[C@@H]54)no3)c(=O)c21,CHEMBL5897326,6.77,6.77,6.77,,1,B,2020,2020,O=c1c2[nH]cnc2ncn1Cc1nc(C2C3CN(c4cnc5ccccc5c4)CC32)no1,val
LUTWICAIXWFDLX-DZFIZOCASA-N,IC50,Cn1cnc2ncn(Cc3nc([C@H]4[C@@H]5CN(c6ccc7c(c6)CCC7)C[C@@H]54)no3)c(=O)c21,CHEMBL5941868,6.96,6.96,6.96,,1,B,2020,2020,O=c1c2[nH]cnc2ncn1Cc1nc(C2C3CN(c4ccc5c(c4)CCC5)CC32)no1,val
LVGJWOUPWIVHGT-VKJFTORMSA-N,IC50,Cn1cnc2ncn(Cc3nc([C@H]4[C@@H]5C=C(c6ccc7[nH]ncc7c6)C[C@@H]54)no3)c(=O)c21,CHEMBL6054159,7.81,7.7,7.92,0.1555634918610399,2,B,2020,2020,O=c1c2[nH]cnc2ncn1Cc1nc(C2C3C=C(c4ccc5[nH]ncc5c4)CC32)no1,train
LVNGBBYMWXDSCD-UHFFFAOYSA-N,IC50,Cn1c(=O)c2c(CC(=O)Nc3nc(-c4ccc(C(F)(F)F)c(F)c4)cs3)ccnc2n(C)c1=O,CHEMBL3905406,8.05,8.05,8.05,,1,B,2015,2015,O=C(Cc1ccnc2[nH]c(=O)[nH]c(=O)c12)Nc1nc(-c2ccccc2)cs1,train
LWHBTYBHTYESIQ-UHFFFAOYSA-N,IC50,Cc1cc2c(Oc3ccc(F)cc3F)ncnc2[nH]1,CHEMBL3298505,5.92,5.92,5.92,,1,B,2014,2014,c1ccc(Oc2ncnc3[nH]ccc23)cc1,train
LWLNRICWXNERKX-PANOFWHVSA-N,IC50,CCC(=N\OC)/C(C)=C/c1ccc(F)cc1,CHEMBL3697702,5.08,5.08,5.08,,1,B,2015,2015,c1ccccc1,train
LWPXBBRIJUTOEP-ZDUSSCGKSA-N,IC50,CNC(=O)c1sc2ncn(Cc3nc(C[C@H](O)c4ccc(F)cc4)no3)c(=O)c2c1C,CHEMBL5982169,7.28,7.28,7.28,,1,B,2021,2021,O=c1c2ccsc2ncn1Cc1nc(CCc2ccccc2)no1,train
LXWUTCSZIGIMGQ-NRFANRHFSA-N,IC50,Cc1nc2c(c(=O)n(Cc3ccccn3)c(=O)n2C)n1CC(=O)Nc1cccc(-c2cnc(N3CCC[C@H]3C(F)(F)F)nc2)n1,CHEMBL6005670,8.0,8.0,8.0,,1,B,2019,2019,O=C(Cn1cnc2[nH]c(=O)n(Cc3ccccn3)c(=O)c21)Nc1cccc(-c2cnc(N3CCCC3)nc2)n1,train
LXYWSBOWXXFXME-QAPCUYQASA-N,IC50,COc1nn(-c2ccc(C(F)(F)F)nc2)cc1CNC(=O)[C@@H]1C[C@@H](F)CN1S(=O)(=O)c1ccc(F)cc1,CHEMBL5899705,7.17,7.17,7.17,,1,B,2022,2022,O=C(NCc1cnn(-c2cccnc2)c1)C1CCCN1S(=O)(=O)c1ccccc1,train
LYNYBISSXARLGD-UHFFFAOYSA-N,IC50,Cn1c(=O)c2c(CC(=O)Nc3nc(-c4ccc(C(C)(C)C)cc4)cs3)cccc2n(C)c1=O,CHEMBL3973094,7.29,7.29,7.29,,1,B,2015,2015,O=C(Cc1cccc2[nH]c(=O)[nH]c(=O)c12)Nc1nc(-c2ccccc2)cs1,train
LYYSCYDFWXHSRF-LAQFHYBYSA-N,IC50,Cn1cnc2ncn(Cc3nc([C@H]4[C@@H]5CN(c6ccc7scnc7c6)C[C@@H]54)no3)c(=O)c21,CHEMBL6000092,7.21,7.03,7.39,0.2545584412271567,2,B,2020,2020,O=c1c2[nH]cnc2ncn1Cc1nc(C2C3CN(c4ccc5scnc5c4)CC32)no1,test
LZAWPGLJCUXQOP-UHFFFAOYSA-N,IC50,CC(C)C(NC(=O)OC(C)(C)C)C(=O)c1ccc(C#N)cc1,CHEMBL2071589,5.4,5.2,5.6,0.2828427124746183,2,F,2012,2012,c1ccccc1,train
LZLVNQUCQLQASZ-UHFFFAOYSA-N,IC50,Cn1c(=O)c2c(ccn2CC(=O)Nc2ccc(C(C)(C)C)cc2)n(C)c1=O,CHEMBL1944845,5.51,5.51,5.51,,1,F,2012,2012,O=C(Cn1ccc2[nH]c(=O)[nH]c(=O)c21)Nc1ccccc1,train
LZRMYUSAULVNHO-WCQYABFASA-N,IC50,Cn1cnc2c(C(N)=O)nn(Cc3nc([C@@H]4CO[C@@H](c5ccc(Cl)cc5)C4)no3)c(=O)c21,CHEMBL6028368,7.265000000000001,7.12,7.41,0.2050609665440985,2,B,2020,2020,O=c1c2[nH]cnc2cnn1Cc1nc(C2COC(c3ccccc3)C2)no1,train
LZZAVIYOWBNZER-VYDXJSESSA-N,IC50,Cn1cnc2ncn(Cc3nc([C@H]4[C@@H]5C=C(c6cccc(C(F)F)c6)C[C@@H]54)no3)c(=O)c21,CHEMBL5777279,7.54,7.5,7.58,0.0565685424949238,2,B,2020,2020,O=c1c2[nH]cnc2ncn1Cc1nc(C2C3C=C(c4ccccc4)CC32)no1,train
LZZAVIYOWBNZER-ZMSDIMECSA-N,IC50,Cn1cnc2ncn(Cc3nc([C@@H]4[C@H]5C=C(c6cccc(C(F)F)c6)C[C@H]54)no3)c(=O)c21,CHEMBL5828488,7.365,7.3,7.43,0.0919238815542507,2,B,2020,2020,O=c1c2[nH]cnc2ncn1Cc1nc(C2C3C=C(c4ccccc4)CC32)no1,train
MAAPLVMPZDDSFI-ZETCQYMHSA-N,IC50,COCC(=O)Cn1c(=O)c2c(ncn2[C@@H](C)C(N)=O)n(C)c1=O,CHEMBL6013472,7.51,7.51,7.51,,1,B,2019,2019,O=c1[nH]c(=O)c2[nH]cnc2[nH]1,train
MALXQNURGIETDN-MOPGFXCFSA-N,IC50,O=C(NCc1cn(-c2ccc(C(F)(F)F)cc2)nc1Cl)[C@@H]1CC[C@@H]1S(=O)(=O)c1ccc(F)cc1,CHEMBL5877044,7.71,7.71,7.71,0.0,2,B,2020,2020,O=C(NCc1cnn(-c2ccccc2)c1)C1CCC1S(=O)(=O)c1ccccc1,train
MALXQNURGIETDN-UHFFFAOYSA-N,IC50,O=C(NCc1cn(-c2ccc(C(F)(F)F)cc2)nc1Cl)C1CCC1S(=O)(=O)c1ccc(F)cc1,CHEMBL6008445,7.215,7.18,7.25,0.0494974746830585,2,B,2020,2020,O=C(NCc1cnn(-c2ccccc2)c1)C1CCC1S(=O)(=O)c1ccccc1,train
MANPXGYRIORUOE-GOEBONIOSA-N,IC50,Cc1ccnc2ncn(Cc3nc([C@@H]4CO[C@@H](c5ccc(F)cc5)C4)no3)c(=O)c12,CHEMBL6001211,8.295,8.15,8.44,0.2050609665440982,2,B,2020,2020,O=c1c2cccnc2ncn1Cc1nc(C2COC(c3ccccc3)C2)no1,train
MARWGKHZVAMFRS-HNNXBMFYSA-N,IC50,Cc1cc(Cn2c(=O)c3c(ncn3[C@@H](C)C(=O)Nc3cccc(-c4cnc(C(F)(F)F)c(C)c4)n3)n(C)c2=O)no1,CHEMBL5846838,8.7,8.7,8.7,,1,B,2019,2019,O=C(Cn1cnc2[nH]c(=O)n(Cc3ccon3)c(=O)c21)Nc1cccc(-c2cccnc2)n1,train
MBEIRYJQOWMKGK-UHFFFAOYSA-N,IC50,Cc1nc(Cn2c(=O)c3c(ncn3CC(=O)Nc3cccc(-c4cnc(C)c(C(F)(F)F)c4)n3)n(C)c2=O)no1,CHEMBL5910354,8.15,8.15,8.15,,1,B,2019,2019,O=C(Cn1cnc2[nH]c(=O)n(Cc3ncon3)c(=O)c21)Nc1cccc(-c2cccnc2)n1,train
MBFAPSKWPISCAC-OOAXWGSJSA-N,IC50,Cc1oc2c(c1CC(=O)/N=c1\scc(-c3ccc(OC(F)(F)F)c(Cl)c3)n1COP(=O)(O)O)c(=O)n(C)c(=O)n2C,CHEMBL3977053,5.93,5.93,5.93,,1,B,2015,2015,O=C(Cc1coc2[nH]c(=O)[nH]c(=O)c12)N=c1[nH]c(-c2ccccc2)cs1,train
MBHKUJMCEPPIEW-MNZLEMJZSA-N,IC50,Cn1cnc2ncn(Cc3nc([C@H]4[C@@H]5CN(c6cccc(-c7cnco7)c6)C[C@@H]54)no3)c(=O)c21,CHEMBL6007249,7.62,7.58,7.66,0.0565685424949238,2,B,2020,2020,O=c1c2[nH]cnc2ncn1Cc1nc(C2C3CN(c4cccc(-c5cnco5)c4)CC32)no1,test
MBQFITADUYCEOL-UHFFFAOYSA-N,IC50,CC(C(=O)Nc1cccc(-c2cnc(C(F)(F)F)nc2)n1)n1cnc2c1c(=O)n(CC#N)c(=O)n2C,CHEMBL5891043,7.62,7.62,7.62,,1,B,2019,2019,O=C(Cn1cnc2[nH]c(=O)[nH]c(=O)c21)Nc1cccc(-c2cncnc2)n1,train
MCSVDEMEILTGTA-LURJTMIESA-N,IC50,CNC(=O)Cn1c(=O)c2c(ncn2[C@@H](C)C(N)=O)n(C)c1=O,CHEMBL5815262,6.59,6.59,6.59,,1,B,2019,2019,O=c1[nH]c(=O)c2[nH]cnc2[nH]1,train
MDZCDAYNNUPZDO-NQZBTDCJSA-N,IC50,C[C@H]1[C@H](F)C[C@@H](C(=O)NCc2cc(-c3cnc(C(F)(F)F)nc3)nc(C3CC3)n2)N1S(=O)(=O)c1ccc(F)cc1,CHEMBL4079886,8.3,8.3,8.3,,1,B,2018,2018,O=C(NCc1cc(-c2cncnc2)nc(C2CC2)n1)C1CCCN1S(=O)(=O)c1ccccc1,test
MESAZEZGAZMOOO-UHFFFAOYSA-N,IC50,Cn1c(=O)c2c(CC(=O)Nc3nc(-c4ccc(Cl)c(Cl)c4)cs3)cccc2n(C)c1=O,CHEMBL3953065,7.01,7.01,7.01,,1,B,2015,2015,O=C(Cc1cccc2[nH]c(=O)[nH]c(=O)c12)Nc1nc(-c2ccccc2)cs1,train
MFRZFIMXWVKZNR-UHFFFAOYSA-N,IC50,CC(=O)Cn1c(=O)c2c(nc(C)n2CC(=O)Nc2cccc(-c3ccc(F)c(F)c3)n2)n(C)c1=O,CHEMBL5844543,7.35,7.35,7.35,,1,B,2019,2019,O=C(Cn1cnc2[nH]c(=O)[nH]c(=O)c21)Nc1cccc(-c2ccccc2)n1,train
MGGVBMYIXILZHA-UHFFFAOYSA-N,IC50,Cn1c(=O)c2c(CC(=O)Nc3nc(-c4ccc(OC(F)(F)F)c(F)c4)cs3)ccnc2n(C)c1=O,CHEMBL3947801,7.94,7.94,7.94,,1,B,2015,2015,O=C(Cc1ccnc2[nH]c(=O)[nH]c(=O)c12)Nc1nc(-c2ccccc2)cs1,train
MHAHARMDLJOTNL-NSHDSACASA-N,IC50,Cc1nc(Cn2c(=O)c3c(ncn3[C@@H](C)C(=O)Nc3csc(-c4cnc(C)c(C(F)(F)F)c4)n3)n(C)c2=O)no1,CHEMBL6056200,8.7,8.7,8.7,,1,B,2019,2019,O=C(Cn1cnc2[nH]c(=O)n(Cc3ncon3)c(=O)c21)Nc1csc(-c2cccnc2)n1,train
MHCWTBFSBKNAMQ-DCPHZVHLSA-N,IC50,O=C(NCc1ccnc(-c2cnc(C(F)(F)F)nc2)c1)[C@@H]1[C@H]2C[C@H]2CN1S(=O)(=O)c1ccc(F)cc1,CHEMBL5798618,7.42,7.42,7.42,,1,B,2022,2022,O=C(NCc1ccnc(-c2cncnc2)c1)C1C2CC2CN1S(=O)(=O)c1ccccc1,test
MHTJEUOFLVQMCL-NJHPPEEMSA-N,IC50,CC(=C\c1ccc(Cl)cc1)/C(C)=N/O,CHEMBL593902,5.51,5.04,5.76,0.2184196485143743,8,"B,F",2010,2024,c1ccccc1,train
MHTJEUOFLVQMCL-UFVXJIOISA-N,IC50,CC(=N/O)/C(C)=C/c1ccc(Cl)cc1,CHEMBL5687035,5.335,5.16,5.51,0.2474873734152913,2,B,2011,2011,c1ccccc1,train
MHVONIOEJOVODB-UHFFFAOYSA-N,IC50,Fc1ccc(Oc2ncnc3[nH]ccc23)cc1F,CHEMBL3298500,5.52,5.52,5.52,,1,B,2014,2014,c1ccc(Oc2ncnc3[nH]ccc23)cc1,train
MJFAWSAGOMZKPI-RAXQPMNESA-N,IC50,Cc1oc2c(c1CC(=O)/N=c1\scc(-c3ccc(OC(F)(F)F)c(Cl)c3)n1COC(=O)[C@@H](N)C(C)C)c(=O)n(C)c(=O)n2C,CHEMBL3987098,7.05,7.05,7.05,,1,B,2015,2015,O=C(Cc1coc2[nH]c(=O)[nH]c(=O)c12)N=c1[nH]c(-c2ccccc2)cs1,train
MJLDVLCZYBQYAL-UHFFFAOYSA-N,IC50,Cn1c(=O)c2c(CC(=O)Nc3nc(-c4ccc(OC(F)(F)F)c(F)c4)cs3)c(Cl)oc2n(C)c1=O,CHEMBL3939505,8.12,8.12,8.12,,1,B,2015,2015,O=C(Cc1coc2[nH]c(=O)[nH]c(=O)c12)Nc1nc(-c2ccccc2)cs1,train
MJYWLKTXRPVKEZ-MSOLQXFVSA-N,IC50,COc1nn(-c2ccc(C(F)(F)F)nc2)cc1CC(=O)N[C@@H]1CC[C@@H]1S(=O)(=O)c1ccc(F)cc1,CHEMBL5984897,7.73,7.73,7.73,0.0,2,B,2020,2020,O=C(Cc1cnn(-c2cccnc2)c1)NC1CCC1S(=O)(=O)c1ccccc1,train
MJYWLKTXRPVKEZ-UHFFFAOYSA-N,IC50,COc1nn(-c2ccc(C(F)(F)F)nc2)cc1CC(=O)NC1CCC1S(=O)(=O)c1ccc(F)cc1,CHEMBL5833223,6.67,6.67,6.67,,1,B,2020,2020,O=C(Cc1cnn(-c2cccnc2)c1)NC1CCC1S(=O)(=O)c1ccccc1,train
MJZFLVZBZCNKDO-LBPRGKRZSA-N,IC50,NC(=O)c1csc2ncn(Cc3nnn(C[C@H](O)c4cc5cc(F)ccc5o4)n3)c(=O)c12,CHEMBL5185597,7.66,7.66,7.66,,1,B,2022,2022,O=c1c2ccsc2ncn1Cc1nnn(CCc2cc3ccccc3o2)n1,train
MKBIZVCFJOWGMO-LSDHHAIUSA-N,IC50,Cn1cnc2ncn(Cc3nc([C@@H]4CO[C@@H](c5ccc(C#N)cc5)C4)no3)c(=O)c21,CHEMBL5929533,7.125,6.97,7.28,0.2192031021678301,2,B,2020,2020,O=c1c2[nH]cnc2ncn1Cc1nc(C2COC(c3ccccc3)C2)no1,train
MKFGBLWMDLQLDI-GRTSSRMGSA-N,IC50,C[C@@H](C(=O)Nc1ccnc(-c2cnc(N3CC4C(C3)C4(F)F)nc2)n1)n1cnc2c1c(=O)n(CC#N)c(=O)n2C,CHEMBL5803475,8.15,8.15,8.15,,1,B,2019,2019,O=C(Cn1cnc2[nH]c(=O)[nH]c(=O)c21)Nc1ccnc(-c2cnc(N3CC4CC4C3)nc2)n1,train
MKIKGQZGGGLNPU-LBPRGKRZSA-N,IC50,NC(=O)c1csc2ncn(Cc3nnn(C[C@H](O)c4cc5cc(Cl)ccc5o4)n3)c(=O)c12,CHEMBL5202437,7.92,7.92,7.92,,1,B,2022,2022,O=c1c2ccsc2ncn1Cc1nnn(CCc2cc3ccccc3o2)n1,train
MKOVVWJQLPYAMT-UHFFFAOYSA-N,IC50,Fc1ccc(-c2n[nH]c3cc(C(F)(F)F)ccc23)cc1F,CHEMBL4061751,5.68,5.68,5.68,,1,B,2017,2017,c1ccc(-c2n[nH]c3ccccc23)cc1,train
MKZWVKSABWOAEC-UHFFFAOYSA-N,IC50,CC(C)(C)Nc1c(-c2cccc(Cl)c2)nc2cc(C(F)(F)F)ccn12,CHEMBL3924700,5.95,5.95,5.95,,1,B,2016,2016,c1ccc(-c2cn3ccccc3n2)cc1,train
MLVMMKNPHXPAAR-SUMWQHHRSA-N,IC50,O=c1c2cccnc2cnn1Cc1nc([C@@H]2CO[C@@H](c3ccc(F)cc3)C2)no1,CHEMBL5945569,7.835,7.78,7.89,0.0777817459305198,2,B,2020,2020,O=c1c2cccnc2cnn1Cc1nc(C2COC(c3ccccc3)C2)no1,train
MMEGDRGXGKDKMU-FOLVSLTJSA-N,IC50,Cn1c(=O)c2c(ncn2Cc2nc([C@H]3[C@@H]4CN(c5cccc(Cl)c5)C[C@@H]43)no2)n(C)c1=O,CHEMBL6033693,7.25,7.25,7.25,,1,B,2020,2020,O=c1[nH]c(=O)c2c(ncn2Cc2nc(C3C4CN(c5ccccc5)CC43)no2)[nH]1,test
MMNOSEAJUARMOD-OOHWJJMZSA-N,IC50,CC(=O)Cn1c(=O)c2c(ncn2[C@@H](C)C(=O)Nc2cncc(-c3ccc(N4CC5C(C4)C5(F)F)nc3)n2)n(C)c1=O,CHEMBL6049051,8.0,8.0,8.0,,1,B,2019,2019,O=C(Cn1cnc2[nH]c(=O)[nH]c(=O)c21)Nc1cncc(-c2ccc(N3CC4CC4C3)nc2)n1,train
MMPAULQSJLVKHP-UHFFFAOYSA-N,IC50,Clc1cccc(-c2nnnn2Cc2cccnc2)c1Cl,CHEMBL377219,7.23,7.17,7.29,0.0848528137423861,2,B,2023,2023,c1ccc(-c2nnnn2Cc2cccnc2)cc1,test
MMRVTSMOSFLTST-UHFFFAOYSA-N,IC50,Cn1nc2c(c1CC(=O)Nc1nc(-c3ccc(C(F)(F)F)cc3)cs1)c(=O)n(C)c(=O)n2C,CHEMBL3906234,7.58,7.58,7.58,,1,B,2015,2015,O=C(Cc1[nH]nc2[nH]c(=O)[nH]c(=O)c12)Nc1nc(-c2ccccc2)cs1,train
MNMZXKKNMFGYBW-ZDUSSCGKSA-N,IC50,CC(=O)Cn1c(=O)c2c(ncn2[C@@H](C)C(=O)Nc2ccnc(-c3cnc(C)c(C(F)(F)F)c3)n2)n(C)c1=O,CHEMBL5879929,8.52,8.52,8.52,,1,B,2019,2019,O=C(Cn1cnc2[nH]c(=O)[nH]c(=O)c21)Nc1ccnc(-c2cccnc2)n1,test
MNWQVIWMYZQBRS-MQMHXKEQSA-N,IC50,Cn1cnc2ncn(Cc3nn([C@H]4C[C@H](Oc5cccc(F)c5)C4)c(=O)o3)c(=O)c21,CHEMBL5928205,7.94,7.94,7.94,,1,B,2021,2021,O=c1c2[nH]cnc2ncn1Cc1nn(C2CC(Oc3ccccc3)C2)c(=O)o1,train
MOCHTZHSWMIZAF-UZLBHIALSA-N,IC50,O=C(NCc1cc(Cl)nc(-c2ccc(C(F)F)nc2)c1)[C@@H]1C[C@@H](F)CN1S(=O)(=O)c1ccc(F)cc1,CHEMBL6054973,7.26,7.26,7.26,,1,B,2022,2022,O=C(NCc1ccnc(-c2cccnc2)c1)C1CCCN1S(=O)(=O)c1ccccc1,train
MQBRPGZLHZUVDU-UHFFFAOYSA-N,IC50,Cn1c(=O)c2c(ccn2CC(=O)Nc2nc(-c3ccc(OC(F)(F)F)cc3)cs2)n(C)c1=O,CHEMBL3931425,7.42,7.42,7.42,,1,B,2015,2015,O=C(Cn1ccc2[nH]c(=O)[nH]c(=O)c21)Nc1nc(-c2ccccc2)cs1,train
MQPVCEGYFVTWDL-UHFFFAOYSA-N,IC50,Cc1oc2c(c1CC(=O)Nc1nc(-c3ccc(C(F)(F)F)c(F)c3F)cs1)c(=O)n(C)c(=O)n2C,CHEMBL3898239,8.4,8.4,8.4,,1,B,2015,2015,O=C(Cc1coc2[nH]c(=O)[nH]c(=O)c12)Nc1nc(-c2ccccc2)cs1,train
MQUKIMHLRYIAML-HSZRJFAPSA-N,IC50,COC[C@@]1(C(=O)NCc2cc(-c3ccc(C(F)(F)F)nc3)ncn2)CCCN1S(=O)(=O)c1ccc(F)cc1,CHEMBL5797246,6.6,6.6,6.6,,1,B,2022,2022,O=C(NCc1cc(-c2cccnc2)ncn1)C1CCCN1S(=O)(=O)c1ccccc1,train
MQWVXCFLFCEROX-INIZCTEOSA-N,IC50,O=C(NCc1cn(-c2ccc(C(F)(F)F)nc2)nc1Cl)[C@@H]1CCN1S(=O)(=O)c1ccc(F)cc1,CHEMBL5781242,6.86,6.86,6.86,,1,B,2022,2022,O=C(NCc1cnn(-c2cccnc2)c1)C1CCN1S(=O)(=O)c1ccccc1,test
MRBQQESZUMBYBU-OXFYSEKESA-N,IC50,COC(=O)[C@H](C)[C@@H]1CC[C@@](C)(CCC2=C(C)CCCC2(C)C)OO1,CHEMBL524897,4.53,4.53,4.53,,1,B,2024,2024,C1=C(CCC2CCCOO2)CCCC1,train
MRBQQESZUMBYBU-WRWLIDTKSA-N,IC50,COC(=O)[C@H](C)[C@H]1CC[C@@](C)(CCC2=C(C)CCCC2(C)C)OO1,CHEMBL451159,4.85,4.85,4.85,,1,B,2024,2024,C1=C(CCC2CCCOO2)CCCC1,train
MRHRRDRSFAZUKB-UHFFFAOYSA-N,IC50,Fc1ccc(-c2n[nH]c3cc(OC(F)(F)F)cnc23)cc1F,CHEMBL4073272,6.87,6.87,6.87,,1,B,2017,2017,c1ccc(-c2n[nH]c3cccnc23)cc1,train
MRIRDTYIRGDISF-UHFFFAOYSA-N,IC50,COc1ccc(C(=O)NC(Sc2ccc(Cl)cc2)C(Cl)(Cl)Cl)cc1,CHEMBL1086586,7.04,6.58,7.54,0.4801388688008222,3,F,2010,2010,O=C(NCSc1ccccc1)c1ccccc1,train
MRJQAVHTQSPKOG-HALDLXJZSA-N,IC50,Cn1cnc2c(C#N)nn(Cc3nc([C@H]4[C@@H]5CN(c6ccccc6)C[C@@H]54)no3)c2c1=O,CHEMBL5752252,6.45,6.45,6.45,,1,B,2020,2020,O=c1[nH]cnc2cnn(Cc3nc(C4C5CN(c6ccccc6)CC54)no3)c12,test
MRLQZWIORUYYAK-SWLSCSKDSA-N,IC50,Cn1cnc2cnn(Cc3nc([C@@H]4CO[C@@H](c5ccc(Cl)cc5)C4)no3)c(=O)c21,CHEMBL6047901,7.58,7.41,7.75,0.240416305603426,2,B,2020,2020,O=c1c2[nH]cnc2cnn1Cc1nc(C2COC(c3ccccc3)C2)no1,train
MSAYCLQQORKAFC-UHFFFAOYSA-N,IC50,Cn1c(=O)c2c(ccn2CC(=O)Nc2nc(-c3cc(Cl)c(OCCC(F)(F)F)c(Cl)c3)cs2)n(C)c1=O,CHEMBL3976638,7.74,7.74,7.74,,1,B,2015,2015,O=C(Cn1ccc2[nH]c(=O)[nH]c(=O)c21)Nc1nc(-c2ccccc2)cs1,train
MSLUZYJVJCAREX-CTNGQTDRSA-N,IC50,O=C(NCc1cc(-c2cccc(C(F)(F)F)c2)ncn1)[C@@H]1CC[C@@H]1S(=O)(=O)c1ccc(F)cc1,CHEMBL5968237,6.41,6.41,6.41,,1,B,2020,2020,O=C(NCc1cc(-c2ccccc2)ncn1)C1CCC1S(=O)(=O)c1ccccc1,train
MSQPVCFZSCZFMD-UHFFFAOYSA-N,IC50,Cn1c(=O)c2c(CC(=O)Nc3nc(-c4cccc(C(F)(F)F)c4F)cs3)coc2n(C)c1=O,CHEMBL3976217,8.66,8.66,8.66,,1,B,2015,2015,O=C(Cc1coc2[nH]c(=O)[nH]c(=O)c12)Nc1nc(-c2ccccc2)cs1,train
MSYGBWPPRVPMSJ-MRXNPFEDSA-N,IC50,O=S(=O)(c1ccc(F)cc1)N1CCC[C@@H]1c1ccc(F)cc1,CHEMBL3754794,5.18,5.18,5.18,,1,B,2016,2016,O=S(=O)(c1ccccc1)N1CCCC1c1ccccc1,train
MSZQIMOHOGZARD-UHFFFAOYSA-N,IC50,CCc1ccccc1-c1ccc2[nH]ncc2c1,CHEMBL3298239,6.23,6.23,6.23,,1,B,2014,2014,c1ccc(-c2ccc3[nH]ncc3c2)cc1,train
MTGXVBRHBMNUOU-GXTWGEPZSA-N,IC50,Cn1cnc2ncn(Cc3nc([C@@H]4CO[C@@H](c5ccc(OC(F)(F)F)cc5)C4)no3)c(=O)c21,CHEMBL6038964,7.09,7.01,7.17,0.1131370849898477,2,B,2020,2020,O=c1c2[nH]cnc2ncn1Cc1nc(C2COC(c3ccccc3)C2)no1,train
MUOIGSUAOLUOMW-UHFFFAOYSA-N,IC50,Cc1noc(Cn2c(=O)c3c(ncn3CC(N)=O)n(C)c2=O)n1,CHEMBL5747844,7.8,7.77,7.85,0.0404145188432733,3,B,2019,2019,O=c1[nH]c2nc[nH]c2c(=O)n1Cc1ncno1,train
MWEJPRYWFKNEQK-UHFFFAOYSA-N,IC50,COc1ccc(C(=O)NC(C(=O)c2ccc(C#N)cc2)C(C)C)cc1,CHEMBL2071503,5.050000000000001,4.9,5.2,0.2121320343559638,2,F,2012,2012,O=C(CNC(=O)c1ccccc1)c1ccccc1,train
MWNYBDMBUNWRDN-UHFFFAOYSA-N,IC50,Cc1c(=O)n(Cc2ccccc2)c(=O)n2cc(C(=O)N3CCC(Oc4ccccc4F)CC3)sc12,CHEMBL3220451,6.7,6.7,6.7,,1,B,2012,2012,O=C(c1cn2c(=O)n(Cc3ccccc3)c(=O)cc2s1)N1CCC(Oc2ccccc2)CC1,train
MWVJVARWBHTASX-HUBLWGQQSA-N,IC50,Cn1cnc2ncn(Cc3nc([C@@H]4[C@H]5Oc6c(Cl)cccc6[C@H]54)no3)c(=O)c21,CHEMBL5782442,6.12,6.12,6.12,,1,B,2020,2020,O=c1c2[nH]cnc2ncn1Cc1nc(C2C3Oc4ccccc4C32)no1,train
MWVJVARWBHTASX-LALPHHSUSA-N,IC50,Cn1cnc2ncn(Cc3nc([C@H]4[C@@H]5Oc6c(Cl)cccc6[C@@H]54)no3)c(=O)c21,CHEMBL5897867,7.32,7.3,7.34,0.0282842712474616,2,B,2020,2020,O=c1c2[nH]cnc2ncn1Cc1nc(C2C3Oc4ccccc4C32)no1,train
MXDJEHKNIKUPOY-CMPLNLGQSA-N,IC50,Nc1nc2ncsc2c(=O)n1Cc1nc([C@@H]2CO[C@@H](c3ccc(F)cc3)C2)no1,CHEMBL5831249,8.64,8.64,8.64,,1,B,2020,2020,O=c1c2scnc2ncn1Cc1nc(C2COC(c3ccccc3)C2)no1,train
MYASRSUUBFDVPB-BEFAXECRSA-N,IC50,O=C(NCc1cc(-c2cnc(C(F)(F)F)nc2)ncc1F)[C@@H]1C[C@@H](F)CN1S(=O)(=O)c1ccc(F)cc1,CHEMBL5898404,7.58,7.58,7.58,,1,B,2022,2022,O=C(NCc1ccnc(-c2cncnc2)c1)C1CCCN1S(=O)(=O)c1ccccc1,train
MYBJZJMUOIRKIX-CYXPSIDGSA-N,IC50,C=C1CCCC(C)(C)C1CC[C@]1(C)CC[C@H]([C@@H](C)C(=O)OC)OO1,CHEMBL465146,4.72,4.72,4.72,,1,B,2024,2024,C=C1CCCCC1CCC1CCCOO1,test
MYECAPLZRDMDEP-NRFANRHFSA-N,IC50,O=C(NCc1ccc(=O)n(-c2ccc(C(F)(F)F)cc2)c1)[C@@H]1CCCN1S(=O)(=O)c1cc2ccccc2o1,CHEMBL5774043,6.8,6.8,6.8,,1,B,2020,2020,O=C(NCc1ccc(=O)n(-c2ccccc2)c1)C1CCCN1S(=O)(=O)c1cc2ccccc2o1,train
MYGMWKBCBYXEOU-UHFFFAOYSA-N,IC50,CC(=O)Cn1c(=O)c2c(ncn2CC(=O)Nc2cccc(-c3ccc(F)c(F)c3)n2)n(C)c1=O,CHEMBL5757813,7.38,7.38,7.38,,1,B,2019,2019,O=C(Cn1cnc2[nH]c(=O)[nH]c(=O)c21)Nc1cccc(-c2ccccc2)n1,train
MYIJPYOIQWNCTL-UHFFFAOYSA-N,IC50,CN1C(=O)c2cccc(CC(=O)Nc3nc(-c4cccc(C(F)(F)F)c4)cs3)c2C1=O,CHEMBL1083798,6.3,6.3,6.3,,1,F,2010,2010,O=C(Cc1cccc2c1C(=O)NC2=O)Nc1nc(-c2ccccc2)cs1,train
MYPMHHGCMJXXDR-NRFANRHFSA-N,IC50,O=C(NCc1ccc(=O)n(-c2ccc(C(F)(F)F)cc2)c1)[C@@H]1CCCN1S(=O)(=O)c1cc2cc(F)ccc2o1,CHEMBL5826345,7.22,7.22,7.22,,1,B,2020,2020,O=C(NCc1ccc(=O)n(-c2ccccc2)c1)C1CCCN1S(=O)(=O)c1cc2ccccc2o1,train
MZBAUWHFVTWOCF-UHFFFAOYSA-N,IC50,Fc1ccc(-c2n[nH]c3cc(NC4CCN(CC5CC5)CC4)cnc23)cc1,CHEMBL4079870,5.33,5.33,5.33,,1,B,2017,2017,c1ccc(-c2n[nH]c3cc(NC4CCN(CC5CC5)CC4)cnc23)cc1,test
MZDLKLCZJYQPTH-GOEBONIOSA-N,IC50,CC#CCn1c(=O)c2c(ncn2[C@@H](C)C(=O)Nc2csc(-c3cnc(N4CCC[C@@H]4C(F)(F)F)nc3)n2)n(C)c1=O,CHEMBL6013485,9.0,9.0,9.0,,1,B,2019,2019,O=C(Cn1cnc2[nH]c(=O)[nH]c(=O)c21)Nc1csc(-c2cnc(N3CCCC3)nc2)n1,train
MZDLKLCZJYQPTH-HOCLYGCPSA-N,IC50,CC#CCn1c(=O)c2c(ncn2[C@@H](C)C(=O)Nc2csc(-c3cnc(N4CCC[C@H]4C(F)(F)F)nc3)n2)n(C)c1=O,CHEMBL5867420,9.0,9.0,9.0,,1,B,2019,2019,O=C(Cn1cnc2[nH]c(=O)[nH]c(=O)c21)Nc1csc(-c2cnc(N3CCCC3)nc2)n1,train
MZGUKCQKDCDZDA-NSHDSACASA-N,IC50,Cc1c(C(N)=O)sc2ncn(Cc3nnn(C[C@H](O)c4ccc5c(c4)OCO5)n3)c(=O)c12,CHEMBL5874780,7.55,7.55,7.55,,1,B,2023,2023,O=c1c2ccsc2ncn1Cc1nnn(CCc2ccc3c(c2)OCO3)n1,train
MZVLUJKMPFKSCI-UHFFFAOYSA-N,IC50,Cc1ncnc2ncn(Cc3nn(CCc4ccc(Cl)cc4)c(=O)o3)c(=O)c12,CHEMBL5882285,6.97,6.97,6.97,,1,B,2021,2021,O=c1c2cncnc2ncn1Cc1nn(CCc2ccccc2)c(=O)o1,test
NAIFTAJHKHUWIN-NWANDNLSSA-N,IC50,Cn1cnc2ncn(Cc3nc([C@@H]4[C@H]5Cc6cc(Cl)ccc6[C@H]54)no3)c(=O)c21,CHEMBL5949558,7.13,7.13,7.13,,1,B,2020,2020,O=c1c2[nH]cnc2ncn1Cc1nc(C2C3Cc4ccccc4C32)no1,train
NAIFTAJHKHUWIN-SNPRPXQTSA-N,IC50,Cn1cnc2ncn(Cc3nc([C@H]4[C@@H]5Cc6cc(Cl)ccc6[C@@H]54)no3)c(=O)c21,CHEMBL5959974,6.42,6.42,6.42,,1,B,2020,2020,O=c1c2[nH]cnc2ncn1Cc1nc(C2C3Cc4ccccc4C32)no1,train
NAIQURVKOAEMNP-UHFFFAOYSA-N,IC50,Cc1ncc(-c2cccc(NC(=O)Cn3cnc4c3c(=O)n(CCO)c(=O)n4C)n2)cc1C(F)(F)F,CHEMBL5884834,6.63,6.63,6.63,,1,B,2019,2019,O=C(Cn1cnc2[nH]c(=O)[nH]c(=O)c21)Nc1cccc(-c2cccnc2)n1,train
NAOMZGKLBJKTAT-UHFFFAOYSA-N,IC50,O=c1c2nccnc2ncn1Cc1nc(CCc2ccc(Cl)cc2)no1,CHEMBL3786920,6.04,6.04,6.04,,1,B,2016,2016,O=c1c2nccnc2ncn1Cc1nc(CCc2ccccc2)no1,test
NASBLTGMHKILDI-LBPRGKRZSA-N,IC50,CC(=O)Cn1c(=O)c2c(ncn2[C@@H](C)C(=O)Nc2csc(-c3cnc(C)c(C(F)(F)F)c3)n2)n(C)c1=O,CHEMBL5934035,8.52,8.52,8.52,,1,B,2019,2019,O=C(Cn1cnc2[nH]c(=O)[nH]c(=O)c21)Nc1csc(-c2cccnc2)n1,train
NBNOGVOWEZWSDX-UHFFFAOYSA-N,IC50,CC(C)COc1c(F)cc(-c2csc(NC(=O)Cc3coc4c3c(=O)n(C)c(=O)n4C)n2)cc1F,CHEMBL3908909,7.74,7.74,7.74,,1,B,2015,2015,O=C(Cc1coc2[nH]c(=O)[nH]c(=O)c12)Nc1nc(-c2ccccc2)cs1,train
NBSLXNJLYUHGDR-IGOJGBNBSA-N,IC50,Cc1cncc2ncn(Cc3nc([C@H]4[C@@H]5CN(c6cccc(Cl)c6)C[C@@H]54)no3)c(=O)c12,CHEMBL6063999,7.09,7.09,7.09,,1,B,2020,2020,O=c1c2ccncc2ncn1Cc1nc(C2C3CN(c4ccccc4)CC32)no1,train
NBWWXTRHLDJUJO-UHFFFAOYSA-N,IC50,CC(C)(C)Nc1c(-c2cc(Cl)cc(Cl)c2)nc2ccc(C(F)(F)F)cn12,CHEMBL3946501,5.88,5.88,5.88,,1,B,2016,2016,c1ccc(-c2cn3ccccc3n2)cc1,train
NCAMCMDMPZEGLJ-AWEZNQCLSA-N,IC50,C[C@@H](C(=O)Nc1cncc(-c2ccc(C(F)(F)F)nc2)n1)n1cnc2c1c(=O)n(Cc1ccccn1)c(=O)n2C,CHEMBL5882546,7.23,7.23,7.23,,1,B,2019,2019,O=C(Cn1cnc2[nH]c(=O)n(Cc3ccccn3)c(=O)c21)Nc1cncc(-c2cccnc2)n1,test
NCCUKKILHUYRJX-UXHICEINSA-N,IC50,O=C(Cn1cc(-c2ccc(C(F)(F)F)cc2)cn1)N[C@@H]1CC[C@@H]1S(=O)(=O)c1ccc(F)cc1,CHEMBL5998282,6.7,6.7,6.7,,1,B,2020,2020,O=C(Cn1cc(-c2ccccc2)cn1)NC1CCC1S(=O)(=O)c1ccccc1,test
NCURYYQHLSRXOT-UHFFFAOYSA-N,IC50,Cc1oc2c(c1CC(=O)Nc1nc(-c3cc(F)c(OCC(F)(F)F)c(F)c3)cs1)c(=O)n(C)c(=O)n2C,CHEMBL3974013,8.78,8.78,8.78,,1,B,2015,2015,O=C(Cc1coc2[nH]c(=O)[nH]c(=O)c12)Nc1nc(-c2ccccc2)cs1,train
NDCBWQCTQSTKJY-UHFFFAOYSA-N,IC50,CCC(O)C(C)Cc1ccccc1,CHEMBL5595834,4.66,4.66,4.66,,1,B,2024,2024,c1ccccc1,train
NERDQWNAJADUOY-CVDCTZTESA-N,IC50,CC(C)n1c(=O)c(CNC(=O)[C@@H]2[C@@H](O)CCN2S(=O)(=O)c2cc3cc(F)ccc3o2)cn(-c2ccc(C(F)(F)F)cn2)c1=O,CHEMBL5757866,6.8,6.8,6.8,,1,B,2020,2020,O=C(NCc1cn(-c2ccccn2)c(=O)[nH]c1=O)C1CCCN1S(=O)(=O)c1cc2ccccc2o1,train
NETQTTFOIRBCDZ-AEFFLSMTSA-N,IC50,O=C(NCc1cc(F)cc(-c2nc(C(F)(F)F)cs2)c1)[C@@H]1C[C@@H](F)CN1S(=O)(=O)c1ccc(F)cc1,CHEMBL6004449,7.07,7.07,7.07,,1,B,2022,2022,O=C(NCc1cccc(-c2nccs2)c1)C1CCCN1S(=O)(=O)c1ccccc1,test
NFNBZWYHKFLQAP-UHFFFAOYSA-N,IC50,COc1ccc(C2NC(=S)NC3=C2C(=O)c2ccccc23)cc1,CHEMBL1939979,5.51,5.51,5.51,,1,F,2012,2012,O=C1C2=C(NC(=S)NC2c2ccccc2)c2ccccc21,train
NGORHOBBMAHQFE-LAQFHYBYSA-N,IC50,Cn1cnc2ncn(Cc3nc([C@H]4[C@@H]5CN(c6cc(F)c(C#N)c(F)c6)C[C@@H]54)no3)c(=O)c21,CHEMBL5995388,7.43,7.11,7.75,0.4525483399593905,2,B,2020,2020,O=c1c2[nH]cnc2ncn1Cc1nc(C2C3CN(c4ccccc4)CC32)no1,train
NGVRXPJMFITBJX-AWEZNQCLSA-N,IC50,CNC(=O)c1sc2ncn(Cc3nnn(C[C@H](O)c4ccc(C)cc4)n3)c(=O)c2c1C,CHEMBL6049924,7.42,7.42,7.42,,1,B,2023,2023,O=c1c2ccsc2ncn1Cc1nnn(CCc2ccccc2)n1,train
NHABUIFDSBXZLP-JEYLPNPQSA-N,IC50,C[C@@H](C(=O)Nc1cncc(-c2ccc(N3CC4C(C3)C4(F)F)nc2)n1)n1cnc2c1c(=O)n(CC#N)c(=O)n2C,CHEMBL5745785,8.7,8.7,8.7,,1,B,2019,2019,O=C(Cn1cnc2[nH]c(=O)[nH]c(=O)c21)Nc1cncc(-c2ccc(N3CC4CC4C3)nc2)n1,train
NHFRFZWACDLIJO-GRTSSRMGSA-N,IC50,Cc1noc(Cn2c(=O)c3c(ncn3[C@@H](C)C(=O)Nc3csc(-c4cnc(N5CC6CC6C5)nc4)n3)n(C)c2=O)n1,CHEMBL5808744,8.22,8.22,8.22,,1,B,2019,2019,O=C(Cn1cnc2[nH]c(=O)n(Cc3ncno3)c(=O)c21)Nc1csc(-c2cnc(N3CC4CC4C3)nc2)n1,test
NHHOKCAEWOGISL-NFOMZHRRSA-N,IC50,CC(=O)Cn1c(=O)c2c(ncn2[C@@H](C)C(=O)Nc2cncc(-c3cnc(N4CC5C(C4)C5(F)F)cn3)n2)n(C)c1=O,CHEMBL6056510,7.68,7.68,7.68,,1,B,2019,2019,O=C(Cn1cnc2[nH]c(=O)[nH]c(=O)c21)Nc1cncc(-c2cnc(N3CC4CC4C3)cn2)n1,train
NHXPTCSMIZELNE-UHFFFAOYSA-N,IC50,CCc1c[nH]c2ncnc(Oc3ccc(F)cc3F)c12,CHEMBL3298583,5.8,5.8,5.8,,1,B,2014,2014,c1ccc(Oc2ncnc3[nH]ccc23)cc1,train
NIKXCFKCQIOJGE-IGEOTXOUSA-N,IC50,COCC(=O)Cn1c(=O)c2c(ncn2[C@@H](C)C(=O)Nc2csc(-c3ccc(N4CC5C(C4)C5(F)F)nc3)n2)n(C)c1=O,CHEMBL5845983,8.4,8.4,8.4,,1,B,2019,2019,O=C(Cn1cnc2[nH]c(=O)[nH]c(=O)c21)Nc1csc(-c2ccc(N3CC4CC4C3)nc2)n1,train
NIVMPNIOANBDGM-UHFFFAOYSA-N,IC50,Cn1c(=O)c2c(CC(=O)Nc3nc(-c4ccc(Br)cc4)cs3)cccc2n(C)c1=O,CHEMBL3921886,7.13,7.13,7.13,,1,B,2015,2015,O=C(Cc1cccc2[nH]c(=O)[nH]c(=O)c12)Nc1nc(-c2ccccc2)cs1,train
NKQCFZYAGAXSEP-ORMTXKICSA-N,IC50,Cn1cnc2ncn(Cc3nc([C@H]4[C@@H]5CN(c6cc(Cl)c(F)cc6F)C[C@@H]54)no3)c(=O)c21,CHEMBL5972839,7.52,7.51,7.53,0.0141421356237309,2,B,2020,2020,O=c1c2[nH]cnc2ncn1Cc1nc(C2C3CN(c4ccccc4)CC32)no1,train
NKUUKWCBPOPJIO-LBPRGKRZSA-N,IC50,Cn1cnc2ncn(Cc3nn(C[C@@H]4CCc5cc(Cl)ccc54)c(=O)o3)c(=O)c21,CHEMBL5752721,7.21,7.21,7.21,,1,B,2021,2021,O=c1c2[nH]cnc2ncn1Cc1nn(CC2CCc3ccccc32)c(=O)o1,train
NKZCJCIDAGEUIM-LBPRGKRZSA-N,IC50,Cc1noc(Cn2c(=O)c3c(ncn3[C@@H](C)C(=O)Nc3cncc(-c4cnc(C(F)(F)F)c(C)c4)n3)n(C)c2=O)n1,CHEMBL5912245,8.05,8.05,8.05,,1,B,2019,2019,O=C(Cn1cnc2[nH]c(=O)n(Cc3ncno3)c(=O)c21)Nc1cncc(-c2cccnc2)n1,train
NLNWNOMTEBKBKR-NSHDSACASA-N,IC50,Cc1nc(Cn2c(=O)c3c(ncn3[C@@H](C)C(=O)Nc3cccc(-c4cnc(C(F)(F)F)nc4)n3)n(C)c2=O)no1,CHEMBL5819550,7.64,7.64,7.64,,1,B,2019,2019,O=C(Cn1cnc2[nH]c(=O)n(Cc3ncon3)c(=O)c21)Nc1cccc(-c2cncnc2)n1,test
NLOJJXVQKKKSMA-UHFFFAOYSA-N,IC50,Cn1nc2c(c1CC(=O)Nc1nc(-c3ccc(OC(F)(F)F)c(F)c3)cs1)c(=O)n(C)c(=O)n2C,CHEMBL3900789,7.96,7.96,7.96,,1,B,2015,2015,O=C(Cc1[nH]nc2[nH]c(=O)[nH]c(=O)c12)Nc1nc(-c2ccccc2)cs1,train
NLWIALKJQZYZKG-UHFFFAOYSA-N,IC50,Cn1cnc2ncn(Cc3nn(CCc4ccc(C(F)(F)F)cc4)c(=O)o3)c(=O)c21,CHEMBL5907774,6.24,6.24,6.24,,1,B,2021,2021,O=c1c2[nH]cnc2ncn1Cc1nn(CCc2ccccc2)c(=O)o1,train
NLZYLJKBFOAYMA-UHFFFAOYSA-N,IC50,Cc1oc2c(c1CC(=O)Nc1nc(-c3ccc(OC(F)(F)F)c(Cl)c3)cs1)c(=O)n(C)c(=O)n2C,CHEMBL3931880,8.07,8.07,8.07,,1,B,2015,2015,O=C(Cc1coc2[nH]c(=O)[nH]c(=O)c12)Nc1nc(-c2ccccc2)cs1,train
NMCHHCFFFJAHSG-MIRVZWSXSA-N,IC50,Cc1ccnc2ncn(Cc3nn([C@H]4C[C@](F)(c5ccc(C#N)cc5)C4)c(=O)o3)c(=O)c12,CHEMBL5867419,7.67,7.67,7.67,,1,B,2021,2021,O=c1c2cccnc2ncn1Cc1nn(C2CC(c3ccccc3)C2)c(=O)o1,train
NMXYAUFQQIWAEC-MQMHXKEQSA-N,IC50,Cn1cnc2ncn(Cc3nn([C@H]4C[C@H](Oc5ccccc5)C4)c(=O)o3)c(=O)c21,CHEMBL5772230,7.25,7.25,7.25,,1,B,2021,2021,O=c1c2[nH]cnc2ncn1Cc1nn(C2CC(Oc3ccccc3)C2)c(=O)o1,train
NNNQVSUPWVEWSZ-UHFFFAOYSA-N,IC50,Cc1ccc(-c2csc(NC(=O)Cc3cccc4c3c(=O)n(C)c(=O)n4C)n2)cc1,CHEMBL3985375,7.01,7.01,7.01,,1,B,2015,2015,O=C(Cc1cccc2[nH]c(=O)[nH]c(=O)c12)Nc1nc(-c2ccccc2)cs1,train
NNQHKCKPDGQFKO-DYXWJJEUSA-N,IC50,Cn1c(NC2CCOCC2)nc2ncn(Cc3nc([C@H]4[C@@H]5C=C(c6ccccc6)C[C@@H]54)no3)c(=O)c21,CHEMBL5899823,7.234999999999999,7.1,7.37,0.1909188309203685,2,B,2020,2020,O=c1c2[nH]c(NC3CCOCC3)nc2ncn1Cc1nc(C2C3C=C(c4ccccc4)CC32)no1,test
NNSLKBVDAAEDLW-UHFFFAOYSA-N,IC50,Cn1c(=O)c2c(CC(=O)Nc3nc(-c4ccc(OC(F)(F)F)c(F)c4)cs3)nsc2n(C)c1=O,CHEMBL3892970,8.1,8.1,8.1,,1,B,2015,2015,O=C(Cc1nsc2[nH]c(=O)[nH]c(=O)c12)Nc1nc(-c2ccccc2)cs1,train
NNTSHWHAMWNNPN-CSKARUKUSA-N,IC50,CCOc1cc(/C=C/C(=O)Nc2ccccc2C(=O)O)ccc1O,CHEMBL4551396,4.0,4.0,4.0,,1,B,2019,2019,O=C(C=Cc1ccccc1)Nc1ccccc1,train
NNTVXWSMKXIYQP-FMIVXFBMSA-N,IC50,CC/C(=C\C(C)c1ccccc1)CO,CHEMBL5593661,5.11,5.11,5.11,,1,B,2024,2024,c1ccccc1,train
NNTVXWSMKXIYQP-XFXZXTDPSA-N,IC50,CC/C(=C/C(C)c1ccccc1)CO,CHEMBL5590464,4.86,4.86,4.86,,1,B,2024,2024,c1ccccc1,train
NOOQUZUAODSSGX-HDMKZQKVSA-N,IC50,Cn1cnc2ncn(Cc3nc([C@@H]4[C@H]5C=C(c6ccc7oncc7c6)C[C@H]54)no3)c(=O)c21,CHEMBL5973150,8.11,7.86,8.36,0.3535533905932734,2,B,2020,2020,O=c1c2[nH]cnc2ncn1Cc1nc(C2C3C=C(c4ccc5oncc5c4)CC32)no1,test
NOXDIPWNQOTUAB-UHFFFAOYSA-N,IC50,O=C(NC(Sc1ccc(Cl)cc1)C(Cl)(Cl)Cl)c1ccccc1,CHEMBL1086371,7.68,6.92,8.15,0.6206716791777547,3,F,2010,2010,O=C(NCSc1ccccc1)c1ccccc1,train
NPEFTSHDWRRIGK-QWHZDKJVSA-N,IC50,Cc1cc(C#N)nc2ncn(Cc3nc([C@H]4[C@@H]5CN(c6cc(Cl)ccn6)C[C@@H]54)no3)c(=O)c12,CHEMBL6000403,7.674999999999999,7.31,8.04,0.5161879502661797,2,B,2020,2020,O=c1c2cccnc2ncn1Cc1nc(C2C3CN(c4ccccn4)CC32)no1,train
NPMWJMYXYACXRK-UHFFFAOYSA-N,IC50,Cc1cc(Cn2c(=O)c3c(ncn3CC(N)=O)n(C)c2=O)no1,CHEMBL6008410,7.77,7.64,8.05,0.20952326839757,3,B,2019,2019,O=c1[nH]c2nc[nH]c2c(=O)n1Cc1ccon1,train
NPTHNANPKCRKIP-VIKVFOODSA-N,IC50,Cc1cnn2ncn(Cc3nc([C@H]4[C@@H]5CN(c6cc(F)ccn6)C[C@@H]54)no3)c(=O)c12,CHEMBL5751966,7.92,7.72,8.12,0.2828427124746183,2,B,2020,2020,O=c1c2ccnn2ncn1Cc1nc(C2C3CN(c4ccccn4)CC32)no1,train
NPUDHMAZVHROFR-WOSRLPQWSA-N,IC50,Cn1cnc2ncn(Cc3nc([C@@H]4[C@H]5C=C(c6ccc(F)cn6)C[C@H]54)no3)c(=O)c21,CHEMBL5805829,7.380000000000001,7.19,7.57,0.2687005768508876,2,B,2020,2020,O=c1c2[nH]cnc2ncn1Cc1nc(C2C3C=C(c4ccccn4)CC32)no1,train
NPUDHMAZVHROFR-WWGRRREGSA-N,IC50,Cn1cnc2ncn(Cc3nc([C@H]4[C@@H]5C=C(c6ccc(F)cn6)C[C@@H]54)no3)c(=O)c21,CHEMBL5863856,7.025,6.94,7.11,0.120208152801713,2,B,2020,2020,O=c1c2[nH]cnc2ncn1Cc1nc(C2C3C=C(c4ccccn4)CC32)no1,train
NQEUZZGRELLFAS-JJRVBVJISA-N,IC50,Cn1cnc2ncn(Cc3nc([C@@H]4[C@H]5C=C(c6ccccc6F)C[C@H]54)no3)c(=O)c21,CHEMBL5742566,7.985,7.81,8.33,0.2286737122335376,4,B,2020,2020,O=c1c2[nH]cnc2ncn1Cc1nc(C2C3C=C(c4ccccc4)CC32)no1,train
NQPPCJDUDWGYDN-MSRIBSCDSA-N,IC50,Cn1cnc2ncn(Cc3nc([C@H]4[C@@H]5CN(c6c(F)ccc(Cl)c6F)C[C@@H]54)no3)c(=O)c21,CHEMBL6034527,7.85,7.53,8.17,0.4525483399593905,2,B,2020,2020,O=c1c2[nH]cnc2ncn1Cc1nc(C2C3CN(c4ccccc4)CC32)no1,train
NSCDYGWDPJENAZ-DLBZAZTESA-N,IC50,Cn1cnc2ncn(Cc3nc([C@@H]4CO[C@@H](c5ccc(C6CC6)cc5)C4)no3)c(=O)c21,CHEMBL5775732,7.455,7.34,7.57,0.1626345596729062,2,B,2020,2020,O=c1c2[nH]cnc2ncn1Cc1nc(C2COC(c3ccc(C4CC4)cc3)C2)no1,test
NSMVPLGFGKOGBJ-ZHRRBRCNSA-N,IC50,C[C@@]1(C(=O)NCc2cc(-c3ccc(C(F)(F)F)nc3)ncn2)C[C@@H](F)CN1S(=O)(=O)c1ccc(F)cc1,CHEMBL6000992,7.42,7.04,7.8,0.537401153701776,2,B,2022,2022,O=C(NCc1cc(-c2cccnc2)ncn1)C1CCCN1S(=O)(=O)c1ccccc1,train
NSOSVZCRYQUGJD-VIKVFOODSA-N,IC50,Cc1ccc(N2C[C@@H]3[C@H](C2)[C@H]3c2noc(Cn3cnc4ncn(C)c4c3=O)n2)nc1,CHEMBL6047294,6.71,6.65,6.77,0.0848528137423851,2,B,2020,2020,O=c1c2[nH]cnc2ncn1Cc1nc(C2C3CN(c4ccccn4)CC32)no1,train
NSPJVTHVINFJSX-JTQLQIEISA-N,IC50,Cc1c(C(N)=O)sc2ncn(Cc3nc(C[C@H](O)c4ccc5c(c4)OC(F)(F)O5)no3)c(=O)c12,CHEMBL5785827,7.47,7.47,7.47,,1,B,2021,2021,O=c1c2ccsc2ncn1Cc1nc(CCc2ccc3c(c2)OCO3)no1,train
NSULWEQZEHFMNX-UHFFFAOYSA-N,IC50,O=C(NCC(Cc1ccccc1)N1CCC(C(F)(F)F)CC1)C1(c2ccc(Cl)cc2)CCCC1,CHEMBL3974466,8.15,8.15,8.15,,1,B,2016,2016,O=C(NCC(Cc1ccccc1)N1CCCCC1)C1(c2ccccc2)CCCC1,train
NTFPIJYAGREYFB-UHFFFAOYSA-N,IC50,Cn1c(=O)c2c(CC(=O)Nc3nc(-c4ccc(F)c(C(F)(F)F)c4F)cs3)onc2n(C)c1=O,CHEMBL3894760,7.77,7.77,7.77,,1,B,2015,2015,O=C(Cc1onc2[nH]c(=O)[nH]c(=O)c12)Nc1nc(-c2ccccc2)cs1,test
NTYRFIKFQBKXPB-JEYLPNPQSA-N,IC50,CC(=O)Cn1c(=O)c2c(ncn2[C@@H](C)C(=O)Nc2cncc(-c3cnc(N4CC5C(C4)C5(F)F)nc3)n2)n(C)c1=O,CHEMBL5745226,8.22,8.22,8.22,,1,B,2019,2019,O=C(Cn1cnc2[nH]c(=O)[nH]c(=O)c21)Nc1cncc(-c2cnc(N3CC4CC4C3)nc2)n1,train
NUSGVFGBRJCICH-UHFFFAOYSA-N,IC50,O=C1C2=C(NC(=S)NC2c2cccc(OCCO)c2)c2ccccc21,CHEMBL1939832,6.68,6.68,6.68,,1,F,2012,2012,O=C1C2=C(NC(=S)NC2c2ccccc2)c2ccccc21,train
NVJRTSJVHGFIRF-UHFFFAOYSA-N,IC50,CC(C)(C)Nc1c(-c2cccc(Cl)c2)nc2c(Br)cc(Cl)cn12,CHEMBL3931817,5.96,5.96,5.96,,1,B,2016,2016,c1ccc(-c2cn3ccccc3n2)cc1,train
NVQMCWJWKHEVQL-HPFXQQBRSA-N,IC50,Cn1cnc2ncn(Cc3nc([C@H]4[C@@H]5CN(C[C@@H](F)c6ccc(Cl)cc6)C[C@@H]54)no3)c(=O)c21,CHEMBL5950280,6.07,6.07,6.07,0.0,2,B,2020,2020,O=c1c2[nH]cnc2ncn1Cc1nc(C2C3CN(CCc4ccccc4)CC32)no1,test
NWSIRYGEZSHVOK-JPYJTQIMSA-N,IC50,C[C@@]1(C(=O)NCc2cc(-c3ccc(C(F)(F)F)cc3)ncn2)C[C@@H](F)CN1S(=O)(=O)c1ccc(F)cc1,CHEMBL5879759,7.875,7.6,8.15,0.3889087296526016,2,B,2022,2022,O=C(NCc1cc(-c2ccccc2)ncn1)C1CCCN1S(=O)(=O)c1ccccc1,train
NXFIEIXVSJMOQL-UHFFFAOYSA-N,IC50,Cc1cc2[nH]ncc2cc1-c1ccccc1C(F)(F)F,CHEMBL3298923,7.785,7.7,7.85,0.0678232998312525,4,B,2014,2023,c1ccc(-c2ccc3[nH]ncc3c2)cc1,train
NXHKYBGXKCFXET-UHFFFAOYSA-N,IC50,COC(=O)Nc1cc(NC(=O)c2cccs2)cc(C(F)(F)F)c1,CHEMBL3311178,5.64,5.64,5.64,,1,B,2014,2014,O=C(Nc1ccccc1)c1cccs1,train
NZKRDROSRYWYIZ-AOIWGVFYSA-N,IC50,Cn1c(NC2COC2)nc2ncn(Cc3nc([C@H]4[C@@H]5C=C(c6ccccc6)C[C@@H]54)no3)c(=O)c21,CHEMBL5866386,7.175,7.0,7.35,0.2474873734152913,2,B,2020,2020,O=c1c2[nH]c(NC3COC3)nc2ncn1Cc1nc(C2C3C=C(c4ccccc4)CC32)no1,test
OAFMAMFQRUUJFC-CHWSQXEVSA-N,IC50,CN(c1ccc(F)cc1)[C@@H]1CCCC[C@]1(O)C(F)(F)F,CHEMBL5397630,6.37,6.37,6.37,,1,B,2023,2023,c1ccc(NC2CCCCC2)cc1,train
OALGIPQKCNNGBC-SQWFFKJPSA-N,IC50,CC1=C(CC/C(C)=C/CC[C@@]2(C)CC[C@@H]([C@H](C)C(=O)O)OO2)C(C)(C)CCC1=O,CHEMBL5401727,4.82,4.82,4.82,,1,B,2024,2024,O=C1C=C(CCC=CCCC2CCCOO2)CCC1,test
OAMUBLNNGBSUNW-FQEVSTJZSA-N,IC50,Cn1c(=O)c(CNC(=O)[C@@H]2CCCN2S(=O)(=O)c2cc3cc(F)ccc3o2)cn(-c2ccc(C(F)(F)F)cc2)c1=O,CHEMBL5995353,7.68,7.68,7.68,,1,B,2020,2020,O=C(NCc1cn(-c2ccccc2)c(=O)[nH]c1=O)C1CCCN1S(=O)(=O)c1cc2ccccc2o1,train
OARAWCIGFKPUOQ-UHFFFAOYSA-N,IC50,FC(F)(F)Oc1ccccc1-c1ccc2[nH]ncc2c1,CHEMBL3298244,5.46,5.46,5.46,,1,B,2014,2014,c1ccc(-c2ccc3[nH]ncc3c2)cc1,train
OBEVBOOBEWVPJL-OHOGDBNVSA-N,IC50,O=C(NCc1cc(-c2ccc(C(F)(F)F)nc2)ncn1)[C@@H]1[C@H]2CC[C@H](C2)N1S(=O)(=O)c1ccc(F)cc1,CHEMBL5821210,7.4,7.4,7.4,,1,B,2022,2022,O=C(NCc1cc(-c2cccnc2)ncn1)C1C2CCC(C2)N1S(=O)(=O)c1ccccc1,train
OBHJVFPRSXFZMO-ATCWAGBWSA-N,IC50,Cn1cnc2ncn(Cc3nc([C@H]4[C@@H]5CN(c6ccc(F)c(F)c6)C[C@@H]54)no3)c(=O)c21,CHEMBL6009524,8.04,7.67,8.41,0.523259018078046,2,B,2020,2020,O=c1c2[nH]cnc2ncn1Cc1nc(C2C3CN(c4ccccc4)CC32)no1,train
OCAGWVPJUUSEHZ-UHFFFAOYSA-N,IC50,Cc1ccc(C(=O)NC(Sc2ccc(Cl)cc2)C(Cl)(Cl)Cl)cc1,CHEMBL1084857,5.85,5.85,5.85,,1,F,2010,2010,O=C(NCSc1ccccc1)c1ccccc1,train
OCPANKWZNDYWSE-PBHICJAKSA-N,IC50,O=C(NCc1cn(-c2ccc(C(F)(F)F)nc2)nc1Cl)[C@@H]1C[C@@H](F)CN1S(=O)(=O)c1ccc(F)cc1,CHEMBL5938880,7.314999999999999,7.11,7.52,0.2899137802864836,2,B,2022,2022,O=C(NCc1cnn(-c2cccnc2)c1)C1CCCN1S(=O)(=O)c1ccccc1,train
OCRMZDPHJXSESH-BXHXUVEDSA-N,IC50,Cn1cnc2ncn(Cc3nc([C@H]4C[C@](F)(c5ccc(Cl)cc5)C4)no3)c(=O)c21,CHEMBL5929425,7.05,7.05,7.05,,1,B,2020,2020,O=c1c2[nH]cnc2ncn1Cc1nc(C2CC(c3ccccc3)C2)no1,train
OCTMHUCXAOCKDH-UHFFFAOYSA-N,IC50,Cn1cnc2ncn(Cc3nn(CCc4ccc(Cl)s4)c(=O)o3)c(=O)c21,CHEMBL6004771,6.54,6.54,6.54,,1,B,2021,2021,O=c1c2[nH]cnc2ncn1Cc1nn(CCc2cccs2)c(=O)o1,test
ODCGQSLLUGLMSU-UHFFFAOYSA-N,IC50,Cn1c(=O)c2c(CC(=O)Nc3nc(-c4cc(F)cc(C(F)(F)F)c4)cs3)nsc2n(C)c1=O,CHEMBL3984932,8.36,8.36,8.36,,1,B,2015,2015,O=C(Cc1nsc2[nH]c(=O)[nH]c(=O)c12)Nc1nc(-c2ccccc2)cs1,train
ODPZBRSHIVSPND-GXTWGEPZSA-N,IC50,Cc1cnc(N)n(Cc2nc([C@@H]3CO[C@@H](c4ccc(Cl)cc4)C3)no2)c1=O,CHEMBL5793890,7.005,6.84,7.17,0.2333452377915607,2,B,2020,2020,O=c1ccncn1Cc1nc(C2COC(c3ccccc3)C2)no1,test
ODUIXUGXPFKQLG-QWRGUYRKSA-N,IC50,Cc1sc(Nc2ccc(Cl)cc2F)nc1C(=O)N1CCC[C@H](C)[C@@H]1C,CHEMBL2418811,4.6,4.6,4.6,,1,B,2013,2013,O=C(c1csc(Nc2ccccc2)n1)N1CCCCC1,train
OFCLMLWEVNQPIR-DZGCQCFKSA-N,IC50,C[C@@H](C(=O)Nc1ccnc(-c2cnc(N3CCC[C@@H]3C(F)(F)F)nc2)n1)n1cnc2c1c(=O)n(CC#N)c(=O)n2C,CHEMBL5866311,8.15,8.15,8.15,,1,B,2019,2019,O=C(Cn1cnc2[nH]c(=O)[nH]c(=O)c21)Nc1ccnc(-c2cnc(N3CCCC3)nc2)n1,train
OFCLMLWEVNQPIR-ZFWWWQNUSA-N,IC50,C[C@@H](C(=O)Nc1ccnc(-c2cnc(N3CCC[C@H]3C(F)(F)F)nc2)n1)n1cnc2c1c(=O)n(CC#N)c(=O)n2C,CHEMBL6061845,8.15,8.15,8.15,,1,B,2019,2019,O=C(Cn1cnc2[nH]c(=O)[nH]c(=O)c21)Nc1ccnc(-c2cnc(N3CCCC3)nc2)n1,train
OFCROMUFKSLDNV-UHFFFAOYSA-N,IC50,Cc1cc(Cn2c(=O)c3c(ncn3CC(=O)Nc3ccc(N4CCC(C(C)C)CC4)cn3)n(C)c2=O)no1,CHEMBL5834328,7.96,7.96,7.96,,1,B,2019,2019,O=C(Cn1cnc2[nH]c(=O)n(Cc3ccon3)c(=O)c21)Nc1ccc(N2CCCCC2)cn1,train
OGLFBGKKIABWEQ-DOTOQJQBSA-N,IC50,Cc1cnn2ncn(Cc3nc([C@@H]4CO[C@@H](c5ccc6cnn(C)c6c5)C4)no3)c(=O)c12,CHEMBL5797572,8.36,8.08,8.64,0.3959797974644676,2,B,2020,2020,O=c1c2ccnn2ncn1Cc1nc(C2COC(c3ccc4cn[nH]c4c3)C2)no1,train
OGPFIYLORKWHNT-UHFFFAOYSA-N,IC50,Fc1ccc(Oc2ncnc3[nH]cc(Cl)c23)c(F)c1,CHEMBL3298584,6.2,6.2,6.2,,1,B,2014,2014,c1ccc(Oc2ncnc3[nH]ccc23)cc1,train
OIMOSWUWUIXKEC-UTKZUKDTSA-N,IC50,O=C(NCc1cc(-c2ccc(C(F)(F)F)cc2)ncn1)[C@@H]1C[C@@H](F)CN1S(=O)(=O)c1cccc(F)c1,CHEMBL5993133,7.64,7.64,7.64,,1,B,2022,2022,O=C(NCc1cc(-c2ccccc2)ncn1)C1CCCN1S(=O)(=O)c1ccccc1,train
OJDPMUKHSHJUMB-UHFFFAOYSA-N,IC50,CC1(C)CCCC(O)(C(F)(F)F)C1Cc1ccc(C#N)cc1,CHEMBL5436178,6.41,6.41,6.41,,1,B,2023,2023,c1ccc(CC2CCCCC2)cc1,train
OJPPDEXGRGOSGZ-QRWLVFNGSA-N,IC50,O=C(NCc1cc(-c2ccc(OC(F)(F)F)c(F)c2)ncn1)[C@@H]1C[C@@H](F)CN1S(=O)(=O)c1ccc(F)cc1,CHEMBL5831696,7.14,7.14,7.14,,1,B,2022,2022,O=C(NCc1cc(-c2ccccc2)ncn1)C1CCCN1S(=O)(=O)c1ccccc1,train
OKROUULIEINPBH-KXBFYZLASA-N,IC50,Cc1cc(Cn2c(=O)c3c(ncn3[C@@H](C)C(=O)Nc3cncc(-c4cnc(N5CCC[C@H]5C(F)(F)F)nc4)n3)n(C)c2=O)no1,CHEMBL5832537,8.7,8.7,8.7,,1,B,2019,2019,O=C(Cn1cnc2[nH]c(=O)n(Cc3ccon3)c(=O)c21)Nc1cncc(-c2cnc(N3CCCC3)nc2)n1,test
OKTCWLWVPKWVHH-UHFFFAOYSA-N,IC50,CC(C)C(C)(NC(=O)c1ccccc1)C(=O)c1ccc(Cl)cc1,CHEMBL2071595,5.5,5.5,5.5,,1,F,2012,2012,O=C(CNC(=O)c1ccccc1)c1ccccc1,train
OMAOTMMMFIUYGY-UHFFFAOYSA-N,IC50,N#Cc1cccc2c(=O)n(CC(=O)NCCc3ccc(Cl)cc3)cnc12,CHEMBL3787289,6.7,6.7,6.7,,1,B,2016,2016,O=C(Cn1cnc2ccccc2c1=O)NCCc1ccccc1,train
OMCPTRKQFMHMFO-BLLLJJGKSA-N,IC50,Nc1ccc2c(=O)n(Cc3nc([C@@H]4CO[C@@H](c5ccc(Cl)cc5)C4)no3)ncc2n1,CHEMBL5970978,8.22,7.98,8.46,0.3394112549695431,2,B,2020,2020,O=c1c2cccnc2cnn1Cc1nc(C2COC(c3ccccc3)C2)no1,train
OMMPJIYDEJHEFK-SWLSCSKDSA-N,IC50,Cn1ncc2ncn(Cc3nc([C@@H]4CO[C@@H](c5ccc(Cl)cc5)C4)no3)c(=O)c21,CHEMBL5845011,7.415,7.33,7.5,0.120208152801713,2,B,2020,2020,O=c1c2[nH]ncc2ncn1Cc1nc(C2COC(c3ccccc3)C2)no1,train
OMTUXAGTVRSGHC-YQVWRLOYSA-N,IC50,COCCNc1nc2ncn(Cc3nc([C@@H]4[C@H]5C=C(c6ccccc6)C[C@H]54)no3)c(=O)c2n1C,CHEMBL5915480,7.415,7.37,7.46,0.0636396103067891,2,B,2020,2020,O=c1c2[nH]cnc2ncn1Cc1nc(C2C3C=C(c4ccccc4)CC32)no1,train
OOABNTZYAYDDFY-WCQYABFASA-N,IC50,Nc1nc2nccnc2n1Cc1nc([C@@H]2CO[C@@H](c3ccc(Cl)cc3)C2)no1,CHEMBL5992092,8.195,7.97,8.42,0.3181980515339462,2,B,2020,2020,c1ccc(C2CC(c3noc(Cn4cnc5nccnc54)n3)CO2)cc1,test
OOEICVKLQRDYIY-UHFFFAOYSA-N,IC50,Cc1c(=O)n(Cc2ccccc2)c(=O)n2cc(C(=O)N3CCC(Oc4cccc(Cl)c4)CC3)sc12,CHEMBL3220452,6.7,6.7,6.7,,1,B,2012,2012,O=C(c1cn2c(=O)n(Cc3ccccc3)c(=O)cc2s1)N1CCC(Oc2ccccc2)CC1,train
OOIANJTYVKDXDO-ZLPCBKJTSA-N,IC50,COCC(=O)Cn1c(=O)c2c(ncn2[C@@H](C)C(=O)Nc2cncc(-c3ccc(N4CC5CC5C4)nc3)n2)n(C)c1=O,CHEMBL5925671,8.3,8.3,8.3,,1,B,2019,2019,O=C(Cn1cnc2[nH]c(=O)[nH]c(=O)c21)Nc1cncc(-c2ccc(N3CC4CC4C3)nc2)n1,train
OOILCLJLPGNGBY-XLIONFOSSA-N,IC50,Cc1cnc(-c2cnc(C(F)(F)F)nc2)cc1CNC(=O)[C@@H]1C[C@@H](F)CN1S(=O)(=O)c1ccc(F)cc1,CHEMBL5927467,6.94,6.94,6.94,,1,B,2022,2022,O=C(NCc1ccnc(-c2cncnc2)c1)C1CCCN1S(=O)(=O)c1ccccc1,train
OOVNFOVAFVAUEB-FQEVSTJZSA-N,IC50,CC(C)n1c(=O)c(CNC(=O)[C@@H]2CCCN2S(=O)(=O)c2cc3ccccc3o2)cn(-c2ccc(C(F)(F)F)cn2)c1=O,CHEMBL5806189,7.36,7.36,7.36,,1,B,2020,2020,O=C(NCc1cn(-c2ccccn2)c(=O)[nH]c1=O)C1CCCN1S(=O)(=O)c1cc2ccccc2o1,train
OOYSDFNECMAJEG-UHFFFAOYSA-N,IC50,CCCNc1cc(NC(=O)c2c(F)cccc2F)cc(C(F)(F)F)c1,CHEMBL3311190,6.96,6.96,6.96,,1,B,2014,2014,O=C(Nc1ccccc1)c1ccccc1,train
OOZCYHFVKYNNLY-UHFFFAOYSA-N,IC50,CN1C(=O)c2c(ncn2CC(=O)Nc2nc(-c3ccc(C(C)(C)C)cc3)cs2)N2CCN=C12,CHEMBL3894821,6.42,6.42,6.42,,1,B,2015,2015,O=C(Cn1cnc2c1C(=O)NC1=NCCN12)Nc1nc(-c2ccccc2)cs1,train
OPLSBZPFTJOKSC-UHFFFAOYSA-N,IC50,FC(F)(F)c1ccc2c(Nc3ccc(Cl)cc3)n[nH]c2c1,CHEMBL4095993,7.38,7.38,7.38,,1,B,2017,2017,c1ccc(Nc2n[nH]c3ccccc23)cc1,train
OPWGBOAEYGMIKX-UHFFFAOYSA-N,IC50,CC(C)C(NC(=O)NC(C)(C)C)C(=O)c1ccc(Cl)cc1,CHEMBL2071587,5.65,5.6,5.7,0.0707106781186554,2,F,2012,2012,c1ccccc1,train
OPWGCVSCPKEDAN-UHFFFAOYSA-N,IC50,CCN(c1cccc(C)c1)S(=O)(=O)c1nnc(NC(=O)c2ccccc2)s1,CHEMBL6143379,6.89,6.89,6.89,,1,B,2025,2025,O=C(Nc1nnc(S(=O)(=O)Nc2ccccc2)s1)c1ccccc1,test
OQASTGYBPZQXHT-UHFFFAOYSA-N,IC50,N#Cc1ccc(-c2n[nH]c3cc(OC(F)(F)F)ccc23)s1,CHEMBL4063630,7.13,7.13,7.13,,1,B,2017,2017,c1csc(-c2n[nH]c3ccccc23)c1,test
ORDBIMJXWQFKSA-VFNWGFHPSA-N,IC50,O=C(NCc1cc(-c2ccc(C(F)(F)F)c(F)c2)ncn1)[C@@H]1C[C@@H](F)CN1S(=O)(=O)c1ccc(F)cc1,CHEMBL6060151,7.58,7.58,7.58,,1,B,2022,2022,O=C(NCc1cc(-c2ccccc2)ncn1)C1CCCN1S(=O)(=O)c1ccccc1,train
OSASTMYQPFYXAS-XLIONFOSSA-N,IC50,O=C(NCc1cn(-c2ccc(C(F)(F)F)nc2)nc1C1CC1)[C@@H]1C[C@@H](F)CN1S(=O)(=O)c1ccc(F)cc1,CHEMBL5881244,7.025,6.79,7.26,0.3323401871576775,2,B,2022,2022,O=C(NCc1cn(-c2cccnc2)nc1C1CC1)C1CCCN1S(=O)(=O)c1ccccc1,test
OSBWGLVHJYXMNU-VYDXJSESSA-N,IC50,Cn1cnc2ncn(Cc3nc([C@H]4[C@@H]5C=C(c6ccc(Cl)cc6)C[C@@H]54)no3)c(=O)c21,CHEMBL5972614,8.149999999999999,8.01,8.29,0.1979898987322334,2,B,2020,2020,O=c1c2[nH]cnc2ncn1Cc1nc(C2C3C=C(c4ccccc4)CC32)no1,train
OSBWGLVHJYXMNU-ZMSDIMECSA-N,IC50,Cn1cnc2ncn(Cc3nc([C@@H]4[C@H]5C=C(c6ccc(Cl)cc6)C[C@H]54)no3)c(=O)c21,CHEMBL5766146,7.87,7.82,7.92,0.0707106781186545,2,B,2020,2020,O=c1c2[nH]cnc2ncn1Cc1nc(C2C3C=C(c4ccccc4)CC32)no1,train
OSIHVFBKSGLNSB-UHFFFAOYSA-N,IC50,Cn1cnc2ncn(Cc3nn(CCc4ccccc4)c(=O)o3)c(=O)c21,CHEMBL5918599,5.98,5.98,5.98,,1,B,2021,2021,O=c1c2[nH]cnc2ncn1Cc1nn(CCc2ccccc2)c(=O)o1,train
OSRJLGOOPNGZRD-UHFFFAOYSA-N,IC50,CC(C)(C)C(NC(=O)c1ccccc1)C(=O)c1ccc(Cl)cc1,CHEMBL2071592,6.2,6.0,6.4,0.2828427124746193,2,F,2012,2012,O=C(CNC(=O)c1ccccc1)c1ccccc1,train
OSUPAEDILOOTGJ-DZGCQCFKSA-N,IC50,O=c1ccn2c(=O)n(Cc3nc([C@@H]4CO[C@@H](c5ccc(Cl)cc5)C4)no3)ccc2n1,CHEMBL5834480,7.975,7.81,8.14,0.2333452377915617,2,B,2020,2020,O=c1ccn2c(=O)n(Cc3nc(C4COC(c5ccccc5)C4)no3)ccc2n1,train
OSVVWQSAPRHYFQ-UHFFFAOYSA-N,IC50,Fc1ccc(Oc2ncnc3[nH]ccc23)cc1,CHEMBL3298431,6.39,6.39,6.39,,1,B,2014,2014,c1ccc(Oc2ncnc3[nH]ccc23)cc1,train
OTONXOROEOKVFV-GXTWGEPZSA-N,IC50,Cc1cnn2nc(N)n(Cc3nc([C@@H]4CO[C@@H](c5ccc(F)cc5)C4)no3)c(=O)c12,CHEMBL5894849,8.595,8.3,8.89,0.4171930009000629,2,B,2020,2020,O=c1c2ccnn2ncn1Cc1nc(C2COC(c3ccccc3)C2)no1,train
OUFMSVRFVDNVAQ-UHFFFAOYSA-N,IC50,Cn1cnc2ncn(Cc3nn(CCc4ccc(Cl)c(-c5ccccc5)c4)c(=O)o3)c(=O)c21,CHEMBL5848207,7.01,7.01,7.01,,1,B,2021,2021,O=c1c2[nH]cnc2ncn1Cc1nn(CCc2cccc(-c3ccccc3)c2)c(=O)o1,train
OUIWGZWQOLEJRB-QRIPLOBPSA-N,IC50,CNc1nc(C(F)(F)F)ccc1-c1cc(CNC(=O)C2C[C@@H](F)CN2S(=O)(=O)c2ccc(F)cc2)ccn1,CHEMBL5761513,7.21,7.21,7.21,,1,B,2022,2022,O=C(NCc1ccnc(-c2cccnc2)c1)C1CCCN1S(=O)(=O)c1ccccc1,train
OUKDYRGLICRORO-ATCWAGBWSA-N,IC50,Cn1ncc2ncn(Cc3nc([C@H]4[C@@H]5CN(c6cc(Cl)ccn6)C[C@@H]54)no3)c(=O)c21,CHEMBL5758234,7.095,7.05,7.14,0.0636396103067891,2,B,2020,2020,O=c1c2[nH]ncc2ncn1Cc1nc(C2C3CN(c4ccccn4)CC32)no1,test
OUOCXXWHUVVIMO-UHFFFAOYSA-N,IC50,Clc1cccc(-c2nc3ccc(Cl)cn3c2NC2CC2)c1,CHEMBL3970365,5.8,5.8,5.8,,1,B,2016,2016,c1ccc(-c2nc3ccccn3c2NC2CC2)cc1,test
OUOJOESQQFDWPE-RZQQEMMASA-N,IC50,Cn1c(=O)ccc2ncn(Cc3nc([C@@H]4[C@H]5C=C(c6ccccc6)C[C@H]54)no3)c(=O)c21,CHEMBL5844475,7.855,7.79,7.92,0.0919238815542507,2,B,2020,2020,O=c1ccc2ncn(Cc3nc(C4C5C=C(c6ccccc6)CC54)no3)c(=O)c2[nH]1,test
OXAKNBOUQBFWOU-FQEVSTJZSA-N,IC50,CC(C)N(CC(=O)NCc1cccc(-c2cnc(N3CCC[C@@H]3C)nc2)c1)S(=O)(=O)c1ccc(F)cc1,CHEMBL5866878,7.34,7.26,7.42,0.1131370849898477,2,B,2017,2017,O=C(CNS(=O)(=O)c1ccccc1)NCc1cccc(-c2cnc(N3CCCC3)nc2)c1,test
OXBAGLABLAJOLY-MIRVZWSXSA-N,IC50,Cc1cc(C#N)nc2ncn(Cc3nn([C@H]4C[C@](F)(c5ccc(F)cc5)C4)c(=O)o3)c(=O)c12,CHEMBL5994261,7.95,7.95,7.95,,1,B,2021,2021,O=c1c2cccnc2ncn1Cc1nn(C2CC(c3ccccc3)C2)c(=O)o1,train
OXJIXZHGSZCNBP-IERDGZPVSA-N,IC50,O=C(NCc1cc(-c2ccc(SC(F)(F)F)cc2)ncn1)[C@@H]1C[C@@H](F)CN1S(=O)(=O)c1ccc(F)cc1,CHEMBL5812704,7.404999999999999,7.31,7.5,0.134350288425444,2,B,2022,2022,O=C(NCc1cc(-c2ccccc2)ncn1)C1CCCN1S(=O)(=O)c1ccccc1,train
OXKFPUAIKOJQRA-JYAVWHMHSA-N,IC50,Cn1cnc2ncn(Cc3nc([C@H]4[C@@H]5CN(c6ccnc(Cl)c6)C[C@@H]54)no3)c(=O)c21,CHEMBL5768249,6.67,6.34,7.0,0.4666904755831215,2,B,2020,2020,O=c1c2[nH]cnc2ncn1Cc1nc(C2C3CN(c4ccncc4)CC32)no1,train
OYBNJIXRFLARRD-SWLSCSKDSA-N,IC50,Nc1ccc2c(=O)n(Cc3nc([C@@H]4CO[C@@H](c5ccc(Cl)cc5)C4)no3)cnc2n1,CHEMBL5912314,8.305,8.2,8.41,0.1484924240491756,2,B,2020,2020,O=c1c2cccnc2ncn1Cc1nc(C2COC(c3ccccc3)C2)no1,train
OYCZSQKUKRDHOU-UHFFFAOYSA-N,IC50,CC(C)C(NC(=O)N(C)C(C)(C)C)C(=O)c1ccc(C#N)cc1,CHEMBL2071585,5.4,5.4,5.4,,1,F,2012,2012,c1ccccc1,train
OYJMLCGZSMSIHK-UHFFFAOYSA-N,IC50,Cn1c(=O)c2c(CC(=O)Nc3nc(-c4cccc(OC(F)(F)F)c4)cs3)cccc2n(C)c1=O,CHEMBL3920559,7.32,7.32,7.32,,1,B,2015,2015,O=C(Cc1cccc2[nH]c(=O)[nH]c(=O)c12)Nc1nc(-c2ccccc2)cs1,train
OYTIHKVAZJQNDV-ZDUSSCGKSA-N,IC50,Cc1cc(Cn2c(=O)c3c(ncn3[C@@H](C)C(=O)Nc3csc(-c4cnc(C)c(C(F)(F)F)c4)n3)n(C)c2=O)no1,CHEMBL6014001,9.0,9.0,9.0,,1,B,2019,2019,O=C(Cn1cnc2[nH]c(=O)n(Cc3ccon3)c(=O)c21)Nc1csc(-c2cccnc2)n1,train
OYUSSTRGYVQVEE-UHFFFAOYSA-N,IC50,Fc1ccccc1-c1ccc2[nH]ncc2c1,CHEMBL3298237,5.4,5.4,5.4,,1,B,2014,2014,c1ccc(-c2ccc3[nH]ncc3c2)cc1,train
OZYWCNZZAGZNJD-UHFFFAOYSA-N,IC50,Cc1oc2c(c1CC(=O)Nc1nc(-c3cc(F)cc(C(F)(F)F)c3)cs1)c(=O)n(C)c(=O)n2C,CHEMBL3905460,8.53,8.53,8.53,,1,B,2015,2015,O=C(Cc1coc2[nH]c(=O)[nH]c(=O)c12)Nc1nc(-c2ccccc2)cs1,train
PAEBEJVPSADOMC-HSZRJFAPSA-N,IC50,O=C(NC[C@@H](Cc1ccccc1)N1CCC(O)(C(F)(F)F)CC1)C1(c2ccc(Cl)cc2)CCCC1,CHEMBL4208555,9.14,5.8,9.15,1.9312431229651028,3,B,2016,2016,O=C(NCC(Cc1ccccc1)N1CCCCC1)C1(c2ccccc2)CCCC1,train
PAEBEJVPSADOMC-QHCPKHFHSA-N,IC50,O=C(NC[C@H](Cc1ccccc1)N1CCC(O)(C(F)(F)F)CC1)C1(c2ccc(Cl)cc2)CCCC1,CHEMBL4213488,5.72,5.72,5.72,,1,B,2016,2016,O=C(NCC(Cc1ccccc1)N1CCCCC1)C1(c2ccccc2)CCCC1,train
PAEBEJVPSADOMC-UHFFFAOYSA-N,IC50,O=C(NCC(Cc1ccccc1)N1CCC(O)(C(F)(F)F)CC1)C1(c2ccc(Cl)cc2)CCCC1,CHEMBL3907685,7.77,6.43,9.0,1.2853922877212751,3,B,2016,2016,O=C(NCC(Cc1ccccc1)N1CCCCC1)C1(c2ccccc2)CCCC1,train
PBEOFMXPKRIFLC-JOCQHMNTSA-N,IC50,Cn1cnc2ncn(Cc3nc([C@H]4C[C@H](c5ccc(Cl)cc5)C4)no3)c(=O)c21,CHEMBL6016524,7.15,7.15,7.15,,1,B,2020,2020,O=c1c2[nH]cnc2ncn1Cc1nc(C2CC(c3ccccc3)C2)no1,train
PCPHCZCRTIQJOL-UHFFFAOYSA-N,IC50,S=C1Nc2c(oc3ncccc23)C(c2cccc(OCc3cccnc3)c2)N1,CHEMBL3314490,6.03,6.03,6.03,,1,B,2014,2014,S=C1Nc2c(oc3ncccc23)C(c2cccc(OCc3cccnc3)c2)N1,test
PCRVYTLDPBCCDQ-QMMMGPOBSA-N,IC50,NC(=O)c1csc2ncn(Cc3nnn(C[C@H](O)c4cc(Cl)c(Cl)s4)n3)c(=O)c12,CHEMBL5181161,7.64,7.64,7.64,,1,B,2022,2022,O=c1c2ccsc2ncn1Cc1nnn(CCc2cccs2)n1,train
PCZBLEDJUILZHT-DZGCQCFKSA-N,IC50,Cc1nn(C)c2ncn(Cc3nc([C@@H]4CO[C@@H](c5ccc(Cl)cc5)C4)no3)c(=O)c12,CHEMBL5930487,7.48,7.48,7.48,,1,B,2020,2020,O=c1c2cn[nH]c2ncn1Cc1nc(C2COC(c3ccccc3)C2)no1,train
PDCHRYNMRDSNLJ-PBHICJAKSA-N,IC50,COc1nn(-c2cnc(C(F)(F)F)nc2)cc1CNC(=O)[C@@H]1C[C@@H](F)CN1S(=O)(=O)c1ccc(F)cc1,CHEMBL5881840,6.9,6.9,6.9,,1,B,2022,2022,O=C(NCc1cnn(-c2cncnc2)c1)C1CCCN1S(=O)(=O)c1ccccc1,test
PDJKELJNZJFLOF-NRFANRHFSA-N,IC50,CC(C)n1c(=O)c(CNC(=O)[C@@H]2CCN2S(=O)(=O)c2cc3cc(F)ccc3o2)cn(-c2ccc(C(F)(F)F)cc2)c1=O,CHEMBL5762350,8.05,8.05,8.05,,1,B,2020,2020,O=C(NCc1cn(-c2ccccc2)c(=O)[nH]c1=O)C1CCN1S(=O)(=O)c1cc2ccccc2o1,test
PDLRKEDIAZMXFA-DGCLKSJQSA-N,IC50,O=C(N[C@@H]1CCCC[C@]1(O)C(F)(F)F)c1ccc(F)cc1,CHEMBL5407661,5.47,5.47,5.47,,1,B,2023,2023,O=C(NC1CCCCC1)c1ccccc1,test
PDVLAYRROWUZQJ-UHFFFAOYSA-N,IC50,Cc1c(=O)n(Cc2ccccc2)c(=O)n2cc(C(=O)NCc3cccnc3)sc12,CHEMBL3220228,5.8,5.8,5.8,,1,B,2012,2012,O=C(NCc1cccnc1)c1cn2c(=O)n(Cc3ccccc3)c(=O)cc2s1,test
PEFLRUKKGUWIBC-CMPLNLGQSA-N,IC50,Nc1nc2ncn(Cc3nc([C@@H]4CO[C@@H](c5ccc(F)cc5)C4)no3)c(=O)c2s1,CHEMBL5989737,7.245,7.05,7.44,0.2757716446627539,2,B,2020,2020,O=c1c2scnc2ncn1Cc1nc(C2COC(c3ccccc3)C2)no1,train
PEHFNRMZSZUHCM-ZDUSSCGKSA-N,IC50,Cc1nc(Cn2c(=O)c3c(ncn3[C@@H](C)C(=O)Nc3cccc(-c4cnc(C)c(C(F)(F)F)c4)n3)n(C)c2=O)no1,CHEMBL5844173,7.8,7.8,7.8,,1,B,2019,2019,O=C(Cn1cnc2[nH]c(=O)n(Cc3ncon3)c(=O)c21)Nc1cccc(-c2cccnc2)n1,train
PFFILXROCXLMKU-QFIPXVFZSA-N,IC50,CC(C)n1c(=O)c(CNC(=O)[C@@H]2CCCN2S(=O)(=O)c2cc3cc(F)ccc3o2)cn(-c2ccc(F)cc2)c1=O,CHEMBL5771658,7.0,7.0,7.0,,1,B,2020,2020,O=C(NCc1cn(-c2ccccc2)c(=O)[nH]c1=O)C1CCCN1S(=O)(=O)c1cc2ccccc2o1,train
PGOAAJHGHGCKOZ-UHFFFAOYSA-N,IC50,Fc1ccc(-c2n[nH]c3cc(C(F)(F)F)cnc23)cc1F,CHEMBL4102407,6.35,6.35,6.35,,1,B,2017,2017,c1ccc(-c2n[nH]c3cccnc23)cc1,train
PGPPQKVBZGTYCD-FPOVZHCZSA-N,IC50,O=C(NCc1cc(-c2ccc(C(F)F)cc2)ncn1)[C@@H]1[C@@H](F)CCN1S(=O)(=O)c1ccc(F)cc1,CHEMBL5746190,7.48,7.48,7.48,,1,B,2022,2022,O=C(NCc1cc(-c2ccccc2)ncn1)C1CCCN1S(=O)(=O)c1ccccc1,train
PHGQTOSVXWSIQY-OAHLLOKOSA-N,IC50,O=S(=O)(c1cc(Cl)c(F)c(Cl)c1)N1CCC[C@@H]1c1ccc(F)cc1,CHEMBL3754445,6.46,6.46,6.46,,1,B,2016,2016,O=S(=O)(c1ccccc1)N1CCCC1c1ccccc1,train
PHNSUXWWTIXLNZ-UHFFFAOYSA-N,IC50,CC(C)C(NC(=O)c1ccc(Cl)cc1Cl)C(=O)c1ccc(C#N)cc1,CHEMBL2071504,5.449999999999999,5.3,5.6,0.2121320343559644,2,F,2012,2012,O=C(CNC(=O)c1ccccc1)c1ccccc1,train
PHQJSLDTLKKGHV-FOLVSLTJSA-N,IC50,Cn1cnc2ncn(Cc3nc([C@H]4[C@@H]5CN(c6cccc(SC(F)(F)F)c6)C[C@@H]54)no3)c(=O)c21,CHEMBL5989984,6.52,6.52,6.52,,1,B,2020,2020,O=c1c2[nH]cnc2ncn1Cc1nc(C2C3CN(c4ccccc4)CC32)no1,train
PIERVTPSZKKBMN-QVDMIQRCSA-N,IC50,O=c1c2cccnc2cnn1Cc1nc([C@H]2[C@@H]3CN(c4ccc5ncsc5c4)C[C@@H]32)no1,CHEMBL5826297,8.1,7.95,8.25,0.2121320343559644,2,B,2020,2020,O=c1c2cccnc2cnn1Cc1nc(C2C3CN(c4ccc5ncsc5c4)CC32)no1,test
PIHLKVAETFVCON-UOXRKKOCSA-N,IC50,C[C@H]1[C@H](F)C[C@@H](C(=O)NCc2cc(-c3cnc(C(F)(F)F)nc3)c(F)cn2)N1S(=O)(=O)c1ccc(F)cc1,CHEMBL4077623,7.48,7.48,7.48,,1,B,2018,2018,O=C(NCc1cc(-c2cncnc2)ccn1)C1CCCN1S(=O)(=O)c1ccccc1,train
PIJOIBMLUGHWEK-UHFFFAOYSA-N,IC50,Cc1ccc(CNC(=O)c2cn3c(=O)n(Cc4ccccc4)c(=O)c(C)c3s2)cc1,CHEMBL3220226,5.86,5.86,5.86,,1,B,2012,2012,O=C(NCc1ccccc1)c1cn2c(=O)n(Cc3ccccc3)c(=O)cc2s1,train
PIMAYQFCABRHBK-UHFFFAOYSA-N,IC50,O=c1c2cccnc2ncn1Cc1nc(CC(O)c2ccc(Cl)cc2)no1,CHEMBL3786639,7.26,6.6,7.28,0.3338662406813047,4,B,2016,2023,O=c1c2cccnc2ncn1Cc1nc(CCc2ccccc2)no1,train
PIMPOWDMRUXOBB-QMMMGPOBSA-N,IC50,Cc1c(C(N)=O)sc2ncn(Cc3nnn(C[C@H](O)c4ccc(Cl)s4)n3)c(=O)c12,CHEMBL5790299,7.92,7.92,7.92,,1,B,2023,2023,O=c1c2ccsc2ncn1Cc1nnn(CCc2cccs2)n1,train
PJLJDPJGWGMDSJ-UHFFFAOYSA-N,IC50,Cn1cnc2cnn(Cc3nn(CCc4ccc(Cl)cc4)c(=O)o3)c(=O)c21,CHEMBL5997962,7.02,7.02,7.02,,1,B,2021,2021,O=c1oc(Cn2ncc3nc[nH]c3c2=O)nn1CCc1ccccc1,test
PJMMWANXHNLCLA-UHFFFAOYSA-N,IC50,O=c1c2cccnc2ncn1Cc1nc(CC(F)c2ccc(Cl)cc2)no1,CHEMBL3785133,7.39,7.39,7.39,,1,B,2016,2016,O=c1c2cccnc2ncn1Cc1nc(CCc2ccccc2)no1,train
PJRBIKOPYKCNRH-ZETCQYMHSA-N,IC50,CCC(=O)Cn1c(=O)c2c(ncn2[C@@H](C)C(N)=O)n(C)c1=O,CHEMBL5973859,8.3,8.3,8.3,,1,B,2019,2019,O=c1[nH]c(=O)c2[nH]cnc2[nH]1,train
PJSGHCYHFOHJAO-MQMHXKEQSA-N,IC50,Cn1cnc2ncn(Cc3nn([C@H]4C[C@H](c5ccc(Br)cc5)C4)c(=O)o3)c(=O)c21,CHEMBL6012536,7.7,7.7,7.7,,1,B,2021,2021,O=c1c2[nH]cnc2ncn1Cc1nn(C2CC(c3ccccc3)C2)c(=O)o1,train
PJYBQLCOMOPZIT-UHFFFAOYSA-N,IC50,FC(F)(F)c1ccccc1-c1ccc2[nH]ncc2c1,CHEMBL3298242,6.79,6.26,7.08,0.415812457725836,3,B,2014,2014,c1ccc(-c2ccc3[nH]ncc3c2)cc1,train
PKBHAOIFDOPMHC-UHFFFAOYSA-N,IC50,CC(C)n1c(=O)c(CNC(=O)C2(NS(=O)(=O)c3cc4cc(F)ccc4o3)CC2)cn(-c2ccc(C(F)(F)F)cc2)c1=O,CHEMBL5885489,6.6,6.6,6.6,,1,B,2020,2020,O=C(NCc1cn(-c2ccccc2)c(=O)[nH]c1=O)C1(NS(=O)(=O)c2cc3ccccc3o2)CC1,test
PKKIGRUIKFFWQO-UHFFFAOYSA-N,IC50,CCc1sc2c(c1CC(=O)Nc1nc(-c3cc(F)c(OCC(F)(F)F)c(F)c3)cs1)c(=O)n(C)c(=O)n2C,CHEMBL3896353,8.4,8.4,8.4,,1,B,2015,2015,O=C(Cc1csc2[nH]c(=O)[nH]c(=O)c12)Nc1nc(-c2ccccc2)cs1,train
PKSXAPBVYBUCIY-UHFFFAOYSA-N,IC50,Cc1cc(Br)cn2c(NC(C)(C)C)c(-c3cccc(Cl)c3)nc12,CHEMBL3915061,6.66,6.66,6.66,,1,B,2016,2016,c1ccc(-c2cn3ccccc3n2)cc1,train
PKZUAQKBDUQBKF-KLHPHEINSA-N,IC50,COc1ccc([C@H]2C[C@H](c3noc(CN4C=NC5N=CN(C)C5C4=O)n3)CO2)cc1,CHEMBL6001870,7.015000000000001,6.86,7.17,0.2192031021678291,2,B,2020,2020,O=C1C2NC=NC2N=CN1Cc1nc(C2COC(c3ccccc3)C2)no1,train
PLCMBEBJCVWYCS-UHFFFAOYSA-N,IC50,CN1C(=O)c2cccc(CC(=O)Nc3nc(-c4ccc(Cl)cc4)cs3)c2C1=O,CHEMBL1085863,6.3,6.3,6.3,,1,F,2010,2010,O=C(Cc1cccc2c1C(=O)NC2=O)Nc1nc(-c2ccccc2)cs1,train
PLLCCTINGQUQCK-VGSWGCGISA-N,IC50,O=C(NCc1cc(-c2ccc(C(F)F)cc2)c(F)cn1)[C@@H]1C[C@@H](F)CN1S(=O)(=O)c1ccc(F)cc1,CHEMBL5978964,7.39,7.39,7.39,,1,B,2022,2022,O=C(NCc1cc(-c2ccccc2)ccn1)C1CCCN1S(=O)(=O)c1ccccc1,train
PLOIHNZHFPANMY-BEFAXECRSA-N,IC50,Nc1nc(C(F)(F)F)ccc1-c1cc(CNC(=O)[C@@H]2C[C@@H](F)CN2S(=O)(=O)c2ccc(F)cc2)ccn1,CHEMBL5886590,6.76,6.76,6.76,,1,B,2022,2022,O=C(NCc1ccnc(-c2cccnc2)c1)C1CCCN1S(=O)(=O)c1ccccc1,train
PMWFGSNDBSNHJI-ZDUSSCGKSA-N,IC50,Cc1cc(Cn2c(=O)c3c(ncn3[C@@H](C)C(=O)Nc3csc(-c4cnc(C(F)(F)F)c(C)c4)n3)n(C)c2=O)no1,CHEMBL5920517,8.52,8.52,8.52,,1,B,2019,2019,O=C(Cn1cnc2[nH]c(=O)n(Cc3ccon3)c(=O)c21)Nc1csc(-c2cccnc2)n1,train
PMXSDPMOTVJQHZ-UHFFFAOYSA-N,IC50,COCC(=O)Cn1c(=O)c2c(ncn2CC(=O)Nc2csc(-c3cnc(C(F)(F)F)c(C)c3)n2)n(C)c1=O,CHEMBL5819741,7.89,7.89,7.89,,1,B,2019,2019,O=C(Cn1cnc2[nH]c(=O)[nH]c(=O)c21)Nc1csc(-c2cccnc2)n1,train
POOZHORJSHQJIX-VYDXJSESSA-N,IC50,Cn1cnc2ncn(Cc3nc([C@H]4[C@@H]5C=C(c6cccc(Cl)c6)C[C@@H]54)no3)c(=O)c21,CHEMBL6065175,8.395,8.05,8.74,0.487903679018718,2,B,2020,2020,O=c1c2[nH]cnc2ncn1Cc1nc(C2C3C=C(c4ccccc4)CC32)no1,train
POOZHORJSHQJIX-ZMSDIMECSA-N,IC50,Cn1cnc2ncn(Cc3nc([C@@H]4[C@H]5C=C(c6cccc(Cl)c6)C[C@H]54)no3)c(=O)c21,CHEMBL5832611,7.92,7.73,8.11,0.2687005768508874,2,B,2020,2020,O=c1c2[nH]cnc2ncn1Cc1nc(C2C3C=C(c4ccccc4)CC32)no1,train
PPBOSWYXLDLTQR-NRFANRHFSA-N,IC50,CCn1c(=O)c(CNC(=O)[C@@H]2CCCN2S(=O)(=O)c2cc3ccccc3o2)cn(-c2ccc(C(F)(F)F)cc2)c1=O,CHEMBL5761777,7.58,7.58,7.58,,1,B,2020,2020,O=C(NCc1cn(-c2ccccc2)c(=O)[nH]c1=O)C1CCCN1S(=O)(=O)c1cc2ccccc2o1,train
PPHJNQDDPYIFET-UHFFFAOYSA-N,IC50,COc1cc2[nH]ncc2cc1-c1ccccc1C(F)(F)F,CHEMBL3299019,7.58,7.58,7.58,,1,B,2014,2014,c1ccc(-c2ccc3[nH]ncc3c2)cc1,train
PPPUCVVATHINGW-UHFFFAOYSA-N,IC50,CCN(CC(=O)NCC1CCCN(c2ccc(C(F)(F)F)cc2)C1)S(=O)(=O)c1ccc(F)cc1,CHEMBL3922391,6.31,6.31,6.31,,1,B,2016,2016,O=C(CNS(=O)(=O)c1ccccc1)NCC1CCCN(c2ccccc2)C1,train
PQLZHXGPCNTDOI-GXTWGEPZSA-N,IC50,Cc1cnn2nc(N)n(Cc3nc([C@@H]4CO[C@@H](c5ccc(Cl)cc5)C4)no3)c(=O)c12,CHEMBL5869397,8.79,8.4,9.18,0.5515432893255072,2,B,2020,2020,O=c1c2ccnn2ncn1Cc1nc(C2COC(c3ccccc3)C2)no1,train
PQNMHUNFLUYLPR-LBPRGKRZSA-N,IC50,CCC(=O)Cn1c(=O)c2c(ncn2[C@@H](C)C(=O)Nc2csc(-c3cnc(C(F)(F)F)c(C)c3)n2)n(C)c1=O,CHEMBL5988091,8.7,8.7,8.7,,1,B,2019,2019,O=C(Cn1cnc2[nH]c(=O)[nH]c(=O)c21)Nc1csc(-c2cccnc2)n1,train
PQPWYVUBQBVNIU-UHFFFAOYSA-N,IC50,CC1(C(=O)NCC(Cc2ccccc2)N2CCC(O)(C(F)(F)F)CC2)CCCCC1,CHEMBL4203840,6.07,6.07,6.07,,1,B,2016,2016,O=C(NCC(Cc1ccccc1)N1CCCCC1)C1CCCCC1,train
PRCKQIDYJROCLA-HXOBKFHXSA-N,IC50,O=C(NCc1cc(F)cc(-c2cnc(C(F)(F)F)nc2)c1)[C@]12C[C@H]1CCN2S(=O)(=O)c1ccc(F)cc1,CHEMBL5899272,8.0,8.0,8.0,,1,B,2022,2022,O=C(NCc1cccc(-c2cncnc2)c1)C12CC1CCN2S(=O)(=O)c1ccccc1,train
PRDXUIGUMMDGBL-UHFFFAOYSA-N,IC50,Fc1cccc(C(F)(F)F)c1-c1ccc2[nH]ncc2c1,CHEMBL3298249,5.91,5.91,5.91,,1,B,2014,2014,c1ccc(-c2ccc3[nH]ncc3c2)cc1,train
PTCXTLVNQCOOLJ-AAJLLMFJSA-N,IC50,Cn1cnc2ncn(Cc3nc([C@@H]4[C@H]5C=C(c6ccccc6)[C@@H](O)[C@H]54)no3)c(=O)c21,CHEMBL5839547,6.955,6.51,7.4,0.6293250352560277,2,B,2020,2020,O=c1c2[nH]cnc2ncn1Cc1nc(C2C3C=C(c4ccccc4)CC32)no1,train
PTLJHZYZENAFPY-ZLPCBKJTSA-N,IC50,CC(=O)Cn1c(=O)c2c(ncn2[C@@H](C)C(=O)Nc2cncc(-c3ccc(N4CC5CC5C4)nc3)n2)n(C)c1=O,CHEMBL6012740,7.92,7.92,7.92,,1,B,2019,2019,O=C(Cn1cnc2[nH]c(=O)[nH]c(=O)c21)Nc1cncc(-c2ccc(N3CC4CC4C3)nc2)n1,train
PUBSTYZERDDJIW-UHFFFAOYSA-N,IC50,O=C1C2=C(NC(=S)NC2c2cccc(O)c2)c2ccccc21,CHEMBL1939976,6.19,6.19,6.19,,1,F,2012,2012,O=C1C2=C(NC(=S)NC2c2ccccc2)c2ccccc21,train
PUOGINDCHOJOMG-APWZRJJASA-N,IC50,O=C(NCc1cc(N2CCC(C(F)(F)F)CC2)ncn1)[C@@H]1C[C@@H](F)CN1S(=O)(=O)c1ccc(F)cc1,CHEMBL5936132,6.36,6.36,6.36,,1,B,2022,2022,O=C(NCc1cc(N2CCCCC2)ncn1)C1CCCN1S(=O)(=O)c1ccccc1,test
PVBIJCUQCJVLAL-UHFFFAOYSA-N,IC50,Cn1c(=O)n(Cc2ccccn2)c(=O)c2c1ncn2CC(=O)Nc1csc(-c2cnc(C(F)(F)F)nc2)n1,CHEMBL5854825,7.29,7.29,7.29,,1,B,2019,2019,O=C(Cn1cnc2[nH]c(=O)n(Cc3ccccn3)c(=O)c21)Nc1csc(-c2cncnc2)n1,test
PVFZUNSYFRTUGN-OIBJUYFYSA-N,IC50,O[C@]1(C(F)(F)F)CCCC[C@H]1Cc1ncc(Cl)s1,CHEMBL5440996,6.33,6.33,6.33,,1,B,2023,2023,c1csc(CC2CCCCC2)n1,test
PVJKXHORDRYXDV-UHFFFAOYSA-N,IC50,Cn1nc(C#N)c2ncn(Cc3nn(CCc4ccc(Cl)cc4)c(=O)o3)c(=O)c21,CHEMBL5871945,7.0,7.0,7.0,,1,B,2021,2021,O=c1c2[nH]ncc2ncn1Cc1nn(CCc2ccccc2)c(=O)o1,test
PVRXMDUFHCZPHZ-UHFFFAOYSA-N,IC50,FC(F)c1cc2[nH]ncc2cc1-c1ccccc1C(F)(F)F,CHEMBL3298927,6.99,6.99,6.99,,1,B,2014,2014,c1ccc(-c2ccc3[nH]ncc3c2)cc1,train
PWBYWHFGCWTQNI-VQTJNVASSA-N,IC50,Cn1cnc2ncn(Cc3nc([C@@H]4CO[C@@H](c5ccc(-c6ccccc6)cc5)C4)no3)c(=O)c21,CHEMBL6013780,6.32,6.21,6.43,0.1555634918610399,2,B,2020,2020,O=c1c2[nH]cnc2ncn1Cc1nc(C2COC(c3ccc(-c4ccccc4)cc3)C2)no1,test
PXCDDIGJGSYRSZ-FOLVSLTJSA-N,IC50,Cn1cnc2ncn(Cc3nc([C@H]4[C@@H]5CN(c6cccc(Cl)c6)C[C@@H]54)no3)c(=O)c21,CHEMBL4870870,8.54,8.54,8.54,,1,B,2021,2021,O=c1c2[nH]cnc2ncn1Cc1nc(C2C3CN(c4ccccc4)CC32)no1,train
PXCDDIGJGSYRSZ-MIFYACCESA-N,IC50,Cn1cnc2ncn(Cc3nc([C@@H]4[C@@H]5CN(c6cccc(Cl)c6)C[C@@H]54)no3)c(=O)c21,CHEMBL5793575,8.08,8.08,8.08,,1,B,2020,2020,O=c1c2[nH]cnc2ncn1Cc1nc(C2C3CN(c4ccccc4)CC32)no1,train
PXDPFFKXKJQMBY-LBPRGKRZSA-N,IC50,Cc1oc2ncn(Cc3nnn(C[C@H](O)c4cc5ccccc5s4)n3)c(=O)c2c1C(N)=O,CHEMBL5187441,7.96,7.96,7.96,0.0,2,B,2022,2023,O=c1c2ccoc2ncn1Cc1nnn(CCc2cc3ccccc3s2)n1,train
PXDWCZGBDFEEIA-DTCTWCMCSA-N,IC50,CCC(=N\O)/C(C)=C/c1ccc(OC)nc1,CHEMBL1084370,4.63,4.63,4.63,0.0,2,"B,F",2010,2017,c1ccncc1,train
PXKKQBVIUIPCPW-NNGSBXSVSA-N,IC50,CCC(=O)Cn1c(=O)c2c(ncn2[C@@H](C)C(=O)Nc2cccc(-c3cnc(N4CC5C(C4)C5(F)F)nc3)n2)n(C)c1=O,CHEMBL5912915,9.0,9.0,9.0,,1,B,2019,2019,O=C(Cn1cnc2[nH]c(=O)[nH]c(=O)c21)Nc1cccc(-c2cnc(N3CC4CC4C3)nc2)n1,train
PXMFTABUBQFGMP-CTNGQTDRSA-N,IC50,O=C(NCc1cc(F)cc(-c2ccc(OC(F)F)nc2)c1)[C@@H]1C[C@@H](F)CN1S(=O)(=O)c1ccc(F)cc1,CHEMBL5836672,7.41,7.41,7.41,,1,B,2022,2022,O=C(NCc1cccc(-c2cccnc2)c1)C1CCCN1S(=O)(=O)c1ccccc1,train
PXSJGBKABVHIIW-CTNGQTDRSA-N,IC50,O=C(NCc1cc(-c2ccc(C(F)(F)F)cc2)ncn1)[C@@H]1CC[C@@H]1S(=O)(=O)c1ccc(F)cc1,CHEMBL5799192,6.95,6.95,6.95,,1,B,2020,2020,O=C(NCc1cc(-c2ccccc2)ncn1)C1CCC1S(=O)(=O)c1ccccc1,train
PXSQFGAZGBJIGE-ZRCAFCQKSA-N,IC50,O=C(NCc1cc(-c2cnc(C(F)(F)F)nc2)ccc1F)[C@@H]1[C@H]2C[C@H]2CN1S(=O)(=O)c1ccc(F)cc1,CHEMBL5979559,8.52,8.52,8.52,,1,B,2022,2022,O=C(NCc1cccc(-c2cncnc2)c1)C1C2CC2CN1S(=O)(=O)c1ccccc1,train
PYCVZEBMKNOBEX-MUWWLHTESA-N,IC50,Cn1nnc2ncn(Cc3nc([C@H]4C[C@](F)(c5ccc(Cl)cc5)C4)no3)c(=O)c21,CHEMBL6003957,6.699999999999999,6.6,6.8,0.1414213562373099,2,B,2020,2020,O=c1c2[nH]nnc2ncn1Cc1nc(C2CC(c3ccccc3)C2)no1,test
PYFKLAFILPDHPW-JSGCOSHPSA-N,IC50,C[C@@H](C(=O)Nc1ccnc(-c2cnc(N3CCC[C@H]3C(F)(F)F)nc2)n1)n1cnc2c1c(=O)n(C)c(=O)n2C,CHEMBL5436504,7.19,7.19,7.19,,1,B,2023,2023,O=C(Cn1cnc2[nH]c(=O)[nH]c(=O)c21)Nc1ccnc(-c2cnc(N3CCCC3)nc2)n1,train
PYQZVIOQEOMABN-UHFFFAOYSA-N,IC50,Cn1c(=O)c2c(CC(=O)Nc3nc(-c4ccc(C(F)(F)F)c(F)c4F)cs3)nsc2n(C)c1=O,CHEMBL3945471,8.27,8.27,8.27,,1,B,2015,2015,O=C(Cc1nsc2[nH]c(=O)[nH]c(=O)c12)Nc1nc(-c2ccccc2)cs1,train
PYUVYRLBAXWGIL-UZLBHIALSA-N,IC50,O=C(NCc1cc(-c2cnc(C(F)(F)F)cn2)ccc1F)[C@@H]1C[C@@H](F)CN1S(=O)(=O)c1ccc(F)cc1,CHEMBL6026305,7.89,7.89,7.89,,1,B,2022,2022,O=C(NCc1cccc(-c2cnccn2)c1)C1CCCN1S(=O)(=O)c1ccccc1,train
PYVHWBPRXXCCKR-UHFFFAOYSA-N,IC50,Fc1ccc(Nc2n[nH]c3cc(C(F)(F)F)ncc23)cc1F,CHEMBL4072845,6.19,6.19,6.19,,1,B,2017,2017,c1ccc(Nc2n[nH]c3ccncc23)cc1,test
PYVKWHMGOQLKRH-ZHRRBRCNSA-N,IC50,O=C(NCc1cc(-c2ccc(OC(F)F)cc2)c(F)cn1)[C@@H]1C[C@@H](F)CN1S(=O)(=O)c1ccc(F)cc1,CHEMBL5842604,7.28,7.28,7.28,,1,B,2022,2022,O=C(NCc1cc(-c2ccccc2)ccn1)C1CCCN1S(=O)(=O)c1ccccc1,train
PZLMINJQTMOPFT-UHFFFAOYSA-N,IC50,Cc1cc(C#N)nc2ncn(Cc3nn(CCc4ccc(Cl)cc4)c(=O)o3)c(=O)c12,CHEMBL5809373,8.05,8.05,8.05,,1,B,2021,2021,O=c1c2cccnc2ncn1Cc1nn(CCc2ccccc2)c(=O)o1,train
PZZQZTSBVOVKIW-WCQYABFASA-N,IC50,Cn1cnc2nc(N)n(Cc3nc([C@@H]4CO[C@@H](c5ccc(S(F)(F)(F)(F)F)cc5)C4)no3)c(=O)c21,CHEMBL5989449,6.845,6.77,6.92,0.1060660171779823,2,B,2020,2020,O=c1c2[nH]cnc2ncn1Cc1nc(C2COC(c3ccccc3)C2)no1,train
QACBGXXAWHQEGV-CYGMFBECSA-N,IC50,O=C(NCc1cc(F)cc(C2CCC(C(F)(F)F)CN2)c1)[C@@H]1C[C@@H](F)CN1S(=O)(=O)c1ccc(F)cc1,CHEMBL6015648,6.72,6.72,6.72,,1,B,2022,2022,O=C(NCc1cccc(C2CCCCN2)c1)C1CCCN1S(=O)(=O)c1ccccc1,test
QAGFMEUYWNRVKG-ZDUSSCGKSA-N,IC50,C[C@@H](C(=O)Nc1ccnc(-c2cnc(C(F)(F)F)nc2)n1)n1cnc2c1c(=O)n(Cc1ccccn1)c(=O)n2C,CHEMBL5961003,7.1,7.1,7.1,,1,B,2019,2019,O=C(Cn1cnc2[nH]c(=O)n(Cc3ccccn3)c(=O)c21)Nc1ccnc(-c2cncnc2)n1,test
QANDLGIRCKMBGX-UHFFFAOYSA-N,IC50,Cn1c(=O)c2c(CC(=O)Nc3nc(-c4ccc(F)c(Cl)c4)cs3)cccc2n(C)c1=O,CHEMBL3951379,7.27,7.27,7.27,,1,B,2015,2015,O=C(Cc1cccc2[nH]c(=O)[nH]c(=O)c12)Nc1nc(-c2ccccc2)cs1,train
QAYYDMWAJXHPGT-GXFFZTMASA-N,IC50,Cn1cnc2ncn(Cc3nc([C@@H]4CO[C@@H](c5ccc(Cl)cn5)C4)no3)c(=O)c21,CHEMBL6024613,6.744999999999999,6.72,6.77,0.0353553390593275,2,B,2020,2020,O=c1c2[nH]cnc2ncn1Cc1nc(C2COC(c3ccccn3)C2)no1,test
QBTYAOFNADKROF-CMPLNLGQSA-N,IC50,O[C@]1(C(F)(F)F)CCCC[C@H]1Cc1ccc(Cl)nc1,CHEMBL5440987,7.0,7.0,7.0,,1,B,2023,2023,c1cncc(CC2CCCCC2)c1,train
QBWAUZYYCCITQO-XLIONFOSSA-N,IC50,Cc1cc(-c2cnc(C(F)(F)F)nc2)cc(CNC(=O)[C@@H]2C[C@@H](F)CN2S(=O)(=O)c2ccc(F)cc2)n1,CHEMBL5827893,6.82,6.82,6.82,,1,B,2022,2022,O=C(NCc1cc(-c2cncnc2)ccn1)C1CCCN1S(=O)(=O)c1ccccc1,train
QCMMBGNFTCWHKV-UHFFFAOYSA-N,IC50,Cc1nc2c(c(=O)n(Cc3ccccn3)c(=O)n2C)n1CC(=O)Nc1cccc(-c2ccc(Cl)cc2)n1,CHEMBL6033658,7.62,7.62,7.62,,1,B,2019,2019,O=C(Cn1cnc2[nH]c(=O)n(Cc3ccccn3)c(=O)c21)Nc1cccc(-c2ccccc2)n1,train
QCOUAXOJJUTRGN-HIFPTAJRSA-N,IC50,C[C@@H](C(=O)Nc1csc(-c2cnc(N3CC4CC4C3)nc2)n1)n1cnc2c1c(=O)n(CC(F)(F)F)c(=O)n2C,CHEMBL5918465,7.52,7.52,7.52,,1,B,2019,2019,O=C(Cn1cnc2[nH]c(=O)[nH]c(=O)c21)Nc1csc(-c2cnc(N3CC4CC4C3)nc2)n1,train
QCPBLUBTTYBKFC-UTKZUKDTSA-N,IC50,N#Cc1cnc(CNC(=O)[C@@H]2C[C@@H](F)CN2S(=O)(=O)c2ccc(F)cc2)cc1-c1ccc(C(F)(F)F)nc1,CHEMBL5805553,6.75,6.75,6.75,,1,B,2022,2022,O=C(NCc1cc(-c2cccnc2)ccn1)C1CCCN1S(=O)(=O)c1ccccc1,train
QEHXVVXHOKWNFT-SWLSCSKDSA-N,IC50,Cn1nnc2ccn(Cc3nc([C@@H]4CO[C@@H](c5ccc(Cl)cc5)C4)no3)c(=O)c21,CHEMBL5769296,8.504999999999999,8.33,8.68,0.247487373415292,2,B,2020,2020,O=c1c2[nH]nnc2ccn1Cc1nc(C2COC(c3ccccc3)C2)no1,train
QEIWOHNHKVKLRF-UHFFFAOYSA-N,IC50,Cn1c(=O)c2c(CC(=O)Nc3nc(-c4cc(F)c(OCC(F)(F)F)c(Cl)c4)cs3)coc2n(C)c1=O,CHEMBL3929233,8.45,8.45,8.45,,1,B,2015,2015,O=C(Cc1coc2[nH]c(=O)[nH]c(=O)c12)Nc1nc(-c2ccccc2)cs1,train
QFPHKALUCGSAJI-UHFFFAOYSA-N,IC50,O=c1c2cccnc2ncn1Cc1nc(CCc2ccc(Cl)nc2)no1,CHEMBL3787097,5.67,5.67,5.67,,1,B,2016,2016,O=c1c2cccnc2ncn1Cc1nc(CCc2cccnc2)no1,test
QGFCPNANNXPVLI-IPVJXJPOSA-N,IC50,Cc1cncc2ncn(Cc3nc([C@H]4C[C@](O)(c5ccc(Cl)cc5)C4)no3)c(=O)c12,CHEMBL5873771,7.51,7.51,7.51,,1,B,2020,2020,O=c1c2ccncc2ncn1Cc1nc(C2CC(c3ccccc3)C2)no1,train
QGHXAKRXUBZBBB-DZGCQCFKSA-N,IC50,Cc1nc2ncn(C)c2c(=O)n1Cc1nc([C@@H]2CO[C@@H](c3ccc(F)cc3)C2)no1,CHEMBL5786125,7.54,7.19,7.89,0.4949747468305827,2,B,2020,2020,O=c1c2[nH]cnc2ncn1Cc1nc(C2COC(c3ccccc3)C2)no1,train
QGIXOJCLJSPCPO-UHFFFAOYSA-N,IC50,Fc1ccc(Nc2n[nH]c3cc(OC(F)(F)F)cnc23)cc1F,CHEMBL4062193,6.48,4.8,7.7,1.456067763990857,3,B,2017,2017,c1ccc(Nc2n[nH]c3cccnc23)cc1,train
QHVGCPFDRYRMLN-UHFFFAOYSA-N,IC50,C#Cc1cccc(-c2nc3ccc(C(F)(F)F)cn3c2NC(C)(C)C)c1,CHEMBL3952379,6.96,6.96,6.96,,1,B,2016,2016,c1ccc(-c2cn3ccccc3n2)cc1,train
QIFKHTVCZJXBND-JEYLPNPQSA-N,IC50,C[C@@H](C(=O)Nc1csc(-c2ccc(N3CC4CC4C3)nc2)n1)n1cnc2c1c(=O)n(CC#N)c(=O)n2C,CHEMBL5747691,8.7,8.7,8.7,,1,B,2019,2019,O=C(Cn1cnc2[nH]c(=O)[nH]c(=O)c21)Nc1csc(-c2ccc(N3CC4CC4C3)nc2)n1,train
QIGKWJVPNDRBKA-UHFFFAOYSA-N,IC50,CCC(=O)Cn1c(=O)c2c(ncn2CC(=O)Nc2cccc(-c3cnc(C)c(C(F)(F)F)c3)n2)n(C)c1=O,CHEMBL5967082,8.7,8.7,8.7,,1,B,2019,2019,O=C(Cn1cnc2[nH]c(=O)[nH]c(=O)c21)Nc1cccc(-c2cccnc2)n1,train
QIJQKBGRRGZXRH-SIKLNZKXSA-N,IC50,O=C(NCc1cc(-c2ccc(C(F)(F)F)nc2)ncn1)[C@@H]1C[C@@](F)(CF)CN1S(=O)(=O)c1ccc(F)cc1,CHEMBL5830399,6.54,6.54,6.54,,1,B,2022,2022,O=C(NCc1cc(-c2cccnc2)ncn1)C1CCCN1S(=O)(=O)c1ccccc1,train
QITDMZAZRQGDJZ-UHFFFAOYSA-N,IC50,Fc1ccc(Nc2n[nH]c3cc(OC(F)(F)F)cnc23)nc1,CHEMBL4067996,5.6,5.6,5.6,,1,B,2017,2017,c1ccc(Nc2n[nH]c3cccnc23)nc1,test
QJBLCHBIHYCOJP-UHFFFAOYSA-N,IC50,CC(Cc1nc(Cn2cnc3ncccc3c2=O)no1)c1ccc(Cl)cc1,CHEMBL3787353,6.82,6.82,6.82,,1,B,2016,2016,O=c1c2cccnc2ncn1Cc1noc(CCc2ccccc2)n1,train
QJJFPLPNPVMYFT-CTNGQTDRSA-N,IC50,O=C(NCc1cc(F)cc(-c2ccc(C(F)(F)F)nc2)c1)[C@@H]1C[C@@H](F)CN1S(=O)(=O)c1ccc(F)cc1,CHEMBL6057342,7.8,7.8,7.8,,1,B,2022,2022,O=C(NCc1cccc(-c2cccnc2)c1)C1CCCN1S(=O)(=O)c1ccccc1,train
QJUQOEKFYBXEIS-UHFFFAOYSA-N,IC50,Cn1cnc2ncn(Cc3nn(CCc4cccc(-c5ccccc5)c4)c(=O)o3)c(=O)c21,CHEMBL5827756,6.47,6.47,6.47,,1,B,2021,2021,O=c1c2[nH]cnc2ncn1Cc1nn(CCc2cccc(-c3ccccc3)c2)c(=O)o1,train
QJVZVWLHLYIOEK-GTPINHCMSA-N,IC50,CCC(=O)Cn1c(=O)c2c(ncn2[C@@H](C)C(=O)Nc2cccc(-c3cnc(N4CC5CC5C4)nc3)n2)n(C)c1=O,CHEMBL5902529,8.22,8.22,8.22,,1,B,2019,2019,O=C(Cn1cnc2[nH]c(=O)[nH]c(=O)c21)Nc1cccc(-c2cnc(N3CC4CC4C3)nc2)n1,train
QKSNPPVPWNLCLK-UHFFFAOYSA-N,IC50,Cn1c(=O)c2c(cnn2CC(=O)Nc2nc(-c3cc(Cl)c(OCC(C)(C)C)c(Cl)c3)cs2)n(C)c1=O,CHEMBL3914798,7.91,7.91,7.91,,1,B,2015,2015,O=C(Cn1ncc2[nH]c(=O)[nH]c(=O)c21)Nc1nc(-c2ccccc2)cs1,test
QLMOPODZXCOESC-UHFFFAOYSA-N,IC50,CC(=O)Cn1c(=O)c2c(ncn2CC(=O)Nc2csc(-c3cnc(C)c(C(F)(F)F)c3)n2)n(C)c1=O,CHEMBL5946891,8.4,8.4,8.4,,1,B,2019,2019,O=C(Cn1cnc2[nH]c(=O)[nH]c(=O)c21)Nc1csc(-c2cccnc2)n1,train
QLSIFRFNRJHECP-SMDDNHRTSA-N,IC50,Cn1cnc2ncn(Cc3nc([C@@H]4CO[C@@H](c5ccc(F)c(F)c5)C4)no3)c(=O)c21,CHEMBL5762816,6.824999999999999,6.76,6.89,0.0919238815542514,2,B,2020,2020,O=c1c2[nH]cnc2ncn1Cc1nc(C2COC(c3ccccc3)C2)no1,train
QLZXIMYXMVOVAQ-NZQKXSOJSA-N,IC50,C[C@@]1(F)C[C@@H](C(=O)NCc2cc(F)cc(-c3cnc(C(F)(F)F)cn3)c2)N(S(=O)(=O)c2ccc(F)cc2)C1,CHEMBL5796956,7.96,7.96,7.96,,1,B,2022,2022,O=C(NCc1cccc(-c2cnccn2)c1)C1CCCN1S(=O)(=O)c1ccccc1,train
QMAFBTYWSLPNQI-DZGCQCFKSA-N,IC50,Cc1c(=O)ncn2cnn(Cc3nc([C@@H]4CO[C@@H](c5ccc(Cl)cc5)C4)no3)c(=O)c12,CHEMBL5990350,6.550000000000001,6.48,6.62,0.0989949493661161,2,B,2020,2020,O=c1cc2c(=O)n(Cc3nc(C4COC(c5ccccc5)C4)no3)ncn2cn1,test
QMEGSSYRFUWZDE-GXTWGEPZSA-N,IC50,C[C@@H](C(=O)Nc1csc(-c2cnc(N3CCC[C@@H]3C(F)(F)F)nc2)n1)n1cnc2c1c(=O)n(CC#N)c(=O)n2C,CHEMBL5825686,8.4,8.4,8.4,,1,B,2019,2019,O=C(Cn1cnc2[nH]c(=O)[nH]c(=O)c21)Nc1csc(-c2cnc(N3CCCC3)nc2)n1,train
QMEGSSYRFUWZDE-JSGCOSHPSA-N,IC50,C[C@@H](C(=O)Nc1csc(-c2cnc(N3CCC[C@H]3C(F)(F)F)nc2)n1)n1cnc2c1c(=O)n(CC#N)c(=O)n2C,CHEMBL6049789,9.0,9.0,9.0,,1,B,2019,2019,O=C(Cn1cnc2[nH]c(=O)[nH]c(=O)c21)Nc1csc(-c2cnc(N3CCCC3)nc2)n1,train
QMNDHOHVKPZQCS-HUUCEWRRSA-N,IC50,COCCN(c1ccc(F)cc1)[C@@H]1CCCC[C@]1(O)C(F)(F)F,CHEMBL5411635,5.92,5.92,5.92,,1,B,2023,2023,c1ccc(NC2CCCCC2)cc1,train
QNQAJPYYMAPRBO-UHFFFAOYSA-N,IC50,Clc1ccc(Nc2n[nH]c3ccccc23)cc1,CHEMBL4080409,4.93,4.93,4.93,,1,B,2017,2017,c1ccc(Nc2n[nH]c3ccccc23)cc1,train
QNSDSXCPSVTCKK-YBVWCTEOSA-N,IC50,O=C(NCc1cc(-c2ccc(C(F)(F)F)cc2)ncn1)[C@@H]1[C@H]2CC[C@H](C2)N1S(=O)(=O)c1ccc(F)cc1,CHEMBL6035953,7.64,7.64,7.64,,1,B,2022,2022,O=C(NCc1cc(-c2ccccc2)ncn1)C1C2CCC(C2)N1S(=O)(=O)c1ccccc1,test
QNZGMOZJDBNRKF-LBPRGKRZSA-N,IC50,Cc1c(C(N)=O)oc2ncn(Cc3nnn(C[C@H](O)c4cc5cc(Cl)ccc5o4)n3)c(=O)c12,CHEMBL5209855,7.89,7.89,7.89,0.0,2,B,2022,2023,O=c1c2ccoc2ncn1Cc1nnn(CCc2cc3ccccc3o2)n1,train
QNZKHXHWRNJPBD-UHFFFAOYSA-N,IC50,CC(C)C(NC(=O)OC(C)(C)C)C(=O)c1ccc(Cl)cc1,CHEMBL2071588,6.05,6.0,6.1,0.0707106781186545,2,F,2012,2012,c1ccccc1,train
QOENQLQNUIKJBK-UHFFFAOYSA-N,IC50,Cc1ccnc2ncn(Cc3nn(CCc4ccc(Cl)cc4)c(=O)o3)c(=O)c12,CHEMBL6022767,7.92,7.92,7.92,,1,B,2021,2021,O=c1c2cccnc2ncn1Cc1nn(CCc2ccccc2)c(=O)o1,train
QOKKWJMBTXOPEN-UHFFFAOYSA-N,IC50,O=C(Cn1cnc2c(F)cccc2c1=O)NCCc1ccc(Cl)cc1,CHEMBL3787443,5.88,5.88,5.88,,1,B,2016,2016,O=C(Cn1cnc2ccccc2c1=O)NCCc1ccccc1,train
QOZZBCIPYXNJCK-ZIAGYGMSSA-N,IC50,O[C@]1(C(F)(F)F)CCCC[C@H]1N1CCc2cc(F)ccc21,CHEMBL5419147,7.35,7.35,7.35,,1,B,2023,2023,c1ccc2c(c1)CCN2C1CCCCC1,test
QPCKSJFZJVXDFA-LBPRGKRZSA-N,IC50,Cc1c(C(N)=O)sc2ncn(Cc3nnn(C[C@H](O)c4ccc(Br)cc4)n3)c(=O)c12,CHEMBL5990048,7.92,7.92,7.92,,1,B,2023,2023,O=c1c2ccsc2ncn1Cc1nnn(CCc2ccccc2)n1,train
QQQSONYYTGJIQO-UHFFFAOYSA-N,IC50,CCN(CC(=O)NCC1CN(c2ccc(C(F)(F)F)cc2)CCO1)S(=O)(=O)c1ccc(F)cc1,CHEMBL3930110,6.65,6.65,6.65,,1,B,2016,2016,O=C(CNS(=O)(=O)c1ccccc1)NCC1CN(c2ccccc2)CCO1,train
QQQXKVCQXDRDNX-RXVVDRJESA-N,IC50,O=C(NCc1ccc(F)c(-c2cnc(C(F)(F)F)cn2)c1)[C@@H]1[C@@H](F)CCN1S(=O)(=O)c1ccc(F)cc1,CHEMBL5798773,7.62,7.62,7.62,,1,B,2022,2022,O=C(NCc1cccc(-c2cnccn2)c1)C1CCCN1S(=O)(=O)c1ccccc1,train
QRBXPSUERQTHLC-DZFIZOCASA-N,IC50,Cn1cnc2ncn(Cc3nc([C@H]4[C@@H]5CN(c6cccc(-n7cccn7)c6)C[C@@H]54)no3)c(=O)c21,CHEMBL5981941,7.3,7.3,7.3,,1,B,2020,2020,O=c1c2[nH]cnc2ncn1Cc1nc(C2C3CN(c4cccc(-n5cccn5)c4)CC32)no1,test
QRHSEUYZXNXRAQ-QFIPXVFZSA-N,IC50,CC(C)n1c(=O)c(CNC(=O)[C@@H]2CCCN2S(=O)(=O)c2cc3cc(F)ccc3o2)cn(-c2ccc(Cl)cc2)c1=O,CHEMBL6060983,7.62,7.62,7.62,,1,B,2020,2020,O=C(NCc1cn(-c2ccccc2)c(=O)[nH]c1=O)C1CCCN1S(=O)(=O)c1cc2ccccc2o1,train
QSBZGESBJYBOBP-UHFFFAOYSA-N,IC50,Cc1sc2c(c1CC(=O)Nc1nc(-c3ccc(Cl)c(Cl)c3)cs1)c(=O)n(C)c(=O)n2C,CHEMBL3956363,7.47,7.47,7.47,,1,B,2015,2015,O=C(Cc1csc2[nH]c(=O)[nH]c(=O)c12)Nc1nc(-c2ccccc2)cs1,train
QSDHOQUBCGWXAS-SWLSCSKDSA-N,IC50,Nc1nc2ncccc2c(=O)n1Cc1nc([C@@H]2CO[C@@H](c3ccc(Cl)cc3)C2)no1,CHEMBL5837590,8.325,8.08,8.57,0.346482322781409,2,B,2020,2020,O=c1c2cccnc2ncn1Cc1nc(C2COC(c3ccccc3)C2)no1,train
QSIHJBAJXYRZEP-FXAWDEMLSA-N,IC50,Cc1nc(NC2CCN(C)CC2)n2ncn(Cc3nc([C@@H]4CO[C@@H](c5ccc(Cl)cc5)C4)no3)c(=O)c12,CHEMBL5986898,6.82,6.82,6.82,,1,B,2020,2020,O=c1c2cnc(NC3CCNCC3)n2ncn1Cc1nc(C2COC(c3ccccc3)C2)no1,test
QSJDMPUWLQMDRL-ZETCQYMHSA-N,IC50,CC(=O)Cn1c(=O)c2c(ncn2[C@@H](C)C(N)=O)n(C)c1=O,CHEMBL5972635,7.904999999999999,7.85,7.96,0.0777817459305207,2,B,2019,2019,O=c1[nH]c(=O)c2[nH]cnc2[nH]1,train
QTHSTPFEORYFGF-UHFFFAOYSA-N,IC50,Cc1ccc2ncn(CC(=O)NCCc3ccc(Cl)cc3)c(=O)c2c1,CHEMBL3786110,6.58,6.58,6.58,,1,B,2016,2016,O=C(Cn1cnc2ccccc2c1=O)NCCc1ccccc1,train
QTRILORKJOOALG-KWUMSVIQSA-N,IC50,O=c1c2ccncc2ncn1Cc1nc([C@H]2C[C@](F)(c3ccc(Cl)cc3)C2)no1,CHEMBL5864778,6.72,6.72,6.72,,1,B,2020,2020,O=c1c2ccncc2ncn1Cc1nc(C2CC(c3ccccc3)C2)no1,train
QUAFNALOLHHWGL-MDZDMXLPSA-N,IC50,O=C(/C=C/c1ccccc1Cl)Nc1ccccc1C(=O)O,CHEMBL4517528,4.98,4.96,5.0,0.0282842712474622,2,B,2019,2019,O=C(C=Cc1ccccc1)Nc1ccccc1,train
QUCBMVALSQJJDY-WIBUTAKZSA-N,IC50,COC(=O)[C@H](C)[C@H]1CC[C@@](C)(CCC2=C(C)C(=O)CCC2(C)C)OO1,CHEMBL496650,4.66,4.66,4.66,,1,B,2024,2024,O=C1C=C(CCC2CCCOO2)CCC1,test
QUPNHARNJUEBBN-UHFFFAOYSA-N,IC50,Cc1noc(Cn2c(=O)[nH]c3ncn(C(C)C(=O)Nc4cccc(-c5cnc(C(F)(F)F)nc5)n4)c3c2=O)n1,CHEMBL5955772,6.25,6.25,6.25,,1,B,2021,2021,O=C(Cn1cnc2[nH]c(=O)n(Cc3ncno3)c(=O)c21)Nc1cccc(-c2cncnc2)n1,train
QUTZFRWPAJBYPD-UHFFFAOYSA-N,IC50,CCC(=O)Cn1c(=O)c2c(ncn2CC(=O)Nc2cncc(-c3cnc(C)c(C(F)(F)F)c3)n2)n(C)c1=O,CHEMBL5817925,8.22,8.22,8.22,,1,B,2019,2019,O=C(Cn1cnc2[nH]c(=O)[nH]c(=O)c21)Nc1cncc(-c2cccnc2)n1,train
QVLFKDKVSWBVHB-LBPRGKRZSA-N,IC50,Cc1cc(Cn2c(=O)c3c(ncn3[C@@H](C)C(=O)Nc3cncc(-c4cnc(C(F)(F)F)nc4)n3)n(C)c2=O)no1,CHEMBL5770333,7.72,7.72,7.72,,1,B,2019,2019,O=C(Cn1cnc2[nH]c(=O)n(Cc3ccon3)c(=O)c21)Nc1cncc(-c2cncnc2)n1,train
QVRQGKMJHZNDPL-SMDDNHRTSA-N,IC50,Cc1cnn2ncn(Cc3nc([C@@H]4CO[C@@H](c5ccc(Cl)cn5)C4)no3)c(=O)c12,CHEMBL6035384,7.245,6.66,7.85,0.5970482950873124,4,B,2020,2020,O=c1c2ccnn2ncn1Cc1nc(C2COC(c3ccccn3)C2)no1,test
QWBWILDFODWOBE-HUUCEWRRSA-N,IC50,Cn1cnc2ncn(Cc3nc([C@@H]4CC[C@@H](c5ccccc5)C4)no3)c(=O)c21,CHEMBL5995838,6.83,6.83,6.83,,1,B,2020,2020,O=c1c2[nH]cnc2ncn1Cc1nc(C2CCC(c3ccccc3)C2)no1,train
QWHBACLOOIUCGE-QGZVFWFLSA-N,IC50,COCCCOc1cccc([C@H]2NC(=S)Nc3c2oc2ccccc32)c1,CHEMBL3314487,6.23,6.23,6.23,,1,B,2014,2014,S=C1Nc2c(oc3ccccc23)C(c2ccccc2)N1,train
QWJYOLGDDWGWEX-WOSRLPQWSA-N,IC50,Cn1cnc2ncn(Cc3nc([C@@H]4[C@H]5C=C(c6cccc(F)c6F)C[C@H]54)no3)c(=O)c21,CHEMBL5899415,8.21,7.77,8.68,0.4450749000636484,4,B,2020,2020,O=c1c2[nH]cnc2ncn1Cc1nc(C2C3C=C(c4ccccc4)CC32)no1,train
QWLNQFWDSVBLQX-SWLSCSKDSA-N,IC50,Nc1ccc2c(=O)n(Cc3nc([C@@H]4CO[C@@H](c5ccc(F)cc5)C4)no3)cnc2n1,CHEMBL5917938,7.865,7.81,7.92,0.0777817459305201,2,B,2020,2020,O=c1c2cccnc2ncn1Cc1nc(C2COC(c3ccccc3)C2)no1,train
QWTDNAJECWPVJB-UHFFFAOYSA-N,IC50,CC(C)(C)Nc1c(-c2cccc(C#N)c2)nc2ccc(C(F)(F)F)cn12,CHEMBL3945305,6.07,6.07,6.07,,1,B,2016,2016,c1ccc(-c2cn3ccccc3n2)cc1,train
QWTRKWBGKUSEGF-XLIONFOSSA-N,IC50,COc1nn(-c2ccc(C(F)(F)F)cc2)cc1CNC(=O)[C@@H]1C[C@@H](F)CN1S(=O)(=O)c1ccc(F)cc1,CHEMBL5799363,7.96,7.96,7.96,,1,B,2022,2022,O=C(NCc1cnn(-c2ccccc2)c1)C1CCCN1S(=O)(=O)c1ccccc1,train
QXACEHWTBCFNSA-SFQUDFHCSA-N,IC50,CCCCCc1cc(O)c(C/C=C(\C)CCC=C(C)C)c(O)c1,CHEMBL497318,4.89,4.89,4.89,,1,B,2021,2021,c1ccccc1,train
QXBQEVYVRMWQJO-JQRITLKVSA-N,IC50,COCC(=O)Cn1c(=O)c2c(ncn2[C@@H](C)C(=O)Nc2csc(-c3cnc(N4CC5C(C4)C5(F)F)nc3)n2)n(C)c1=O,CHEMBL5962371,8.52,8.52,8.52,,1,B,2019,2019,O=C(Cn1cnc2[nH]c(=O)[nH]c(=O)c21)Nc1csc(-c2cnc(N3CC4CC4C3)nc2)n1,train
QXBSEULNTNAFNO-UHFFFAOYSA-N,IC50,COCCCOc1cccc(C2NC(=S)Nc3c2oc2c(F)cccc32)c1,CHEMBL3314488,6.7,6.7,6.7,,1,B,2014,2014,S=C1Nc2c(oc3ccccc23)C(c2ccccc2)N1,train
QXLPITFISDKGCL-LBPRGKRZSA-N,IC50,NC(=O)c1csc2ncn(Cc3nnn(C[C@H](O)c4cc5ccccc5s4)n3)c(=O)c12,CHEMBL5179888,7.89,7.89,7.89,,1,B,2022,2022,O=c1c2ccsc2ncn1Cc1nnn(CCc2cc3ccccc3s2)n1,train
QXOZMIUQRZZTIE-UHFFFAOYSA-N,IC50,CC(C)C(NC(=O)c1ccc(Cl)cc1)C(=O)c1ccc(C#N)cc1,CHEMBL2071502,6.4,6.4,6.4,,1,F,2012,2012,O=C(CNC(=O)c1ccccc1)c1ccccc1,train
QXUVGAUHCZPSAQ-FOLVSLTJSA-N,IC50,Cn1cnc2ncn(Cc3nc([C@H]4[C@@H]5CN(c6cc(F)cc(F)c6)C[C@@H]54)no3)c(=O)c21,CHEMBL5967246,8.1,7.69,8.51,0.5798275605729689,2,B,2020,2020,O=c1c2[nH]cnc2ncn1Cc1nc(C2C3CN(c4ccccc4)CC32)no1,train
QYYUODQVSQCLPQ-BBRMVZONSA-N,IC50,CCC(=O)Cn1c(=O)c2c(ncn2[C@@H](C)C(=O)Nc2csc(-c3cnc(N4CCC[C@H]4C(F)(F)F)nc3)n2)n(C)c1=O,CHEMBL5951849,9.0,9.0,9.0,,1,B,2019,2019,O=C(Cn1cnc2[nH]c(=O)[nH]c(=O)c21)Nc1csc(-c2cnc(N3CCCC3)nc2)n1,train
QZGNCRICQIDMHW-UHFFFAOYSA-N,IC50,Cc1cc2nc(-c3cccc(Cl)c3)c(NC(C)(C)C)n2cc1Br,CHEMBL3959298,6.64,6.64,6.64,,1,B,2016,2016,c1ccc(-c2cn3ccccc3n2)cc1,train
QZOIMDCJCAKBGQ-UHFFFAOYSA-N,IC50,CC(C)C(NC(=O)c1cnn(C(C)(C)C)c1C(F)(F)F)C(=O)c1ccc2nonc2c1,CHEMBL2071600,6.4,6.4,6.4,,1,F,2012,2012,O=C(CNC(=O)c1cn[nH]c1)c1ccc2nonc2c1,test
RAFUPNMBANCSLG-YEORSEQZSA-N,IC50,Cn1cnc2ncn(Cc3nc([C@H]4C[C@H](Oc5ccc(F)cc5)C4)no3)c(=O)c21,CHEMBL5833830,7.4,7.4,7.4,,1,B,2020,2020,O=c1c2[nH]cnc2ncn1Cc1nc(C2CC(Oc3ccccc3)C2)no1,train
RAHSUIGYUWDUOC-UHFFFAOYSA-N,IC50,CCC(=O)Cn1c(=O)c2c(ncn2CC(N)=O)n(C)c1=O,CHEMBL5935417,8.1,8.1,8.1,,1,B,2019,2019,O=c1[nH]c(=O)c2[nH]cnc2[nH]1,train
RAQSTFBWMXLVQS-UHFFFAOYSA-N,IC50,CC(C)C(NC(=O)N(C)C(C)(C)C)C(=O)c1ccc(Cl)cc1,CHEMBL2071586,6.4,6.2,6.6,0.2828427124746189,2,F,2012,2012,c1ccccc1,train
RBMMABICGHVJIJ-AWEZNQCLSA-N,IC50,Cc1cc(Cn2c(=O)c3c(ncn3[C@@H](C)C(=O)Nc3ccnc(-c4cnc(C)c(C(F)(F)F)c4)n3)n(C)c2=O)no1,CHEMBL5806996,9.0,9.0,9.0,,1,B,2019,2019,O=C(Cn1cnc2[nH]c(=O)n(Cc3ccon3)c(=O)c21)Nc1ccnc(-c2cccnc2)n1,train
RBQDBKBBFFUJHV-UHFFFAOYSA-N,IC50,Cn1cnc2ncn(Cc3nn(CCc4ccc(OC(F)F)cc4)c(=O)o3)c(=O)c21,CHEMBL5815789,6.68,6.68,6.68,,1,B,2021,2021,O=c1c2[nH]cnc2ncn1Cc1nn(CCc2ccccc2)c(=O)o1,train
RBQQXOROSFEGNT-WCQYABFASA-N,IC50,Cn1c(C(F)F)nc2ncn(Cc3nc([C@@H]4CO[C@@H](c5ccc(Cl)cc5)C4)no3)c(=O)c21,CHEMBL6040972,7.96,7.96,7.96,,1,B,2020,2020,O=c1c2[nH]cnc2ncn1Cc1nc(C2COC(c3ccccc3)C2)no1,train
RDUIENCYZRNFOI-UHFFFAOYSA-N,IC50,Fc1ccc2[nH]c(-c3n[nH]c4cc(OC(F)(F)F)ccc34)cc2c1,CHEMBL4100238,6.13,6.13,6.13,,1,B,2017,2017,c1ccc2[nH]c(-c3n[nH]c4ccccc34)cc2c1,test
RDUWGQOSDSCPEY-DIBXZPPDSA-N,IC50,Cn1nc2c(c1CC(=O)/N=c1\scc(-c3ccc(F)c(C(F)(F)F)c3F)n1COP(=O)(O)O)c(=O)n(C)c(=O)n2C,CHEMBL3953123,5.8,5.8,5.8,,1,B,2015,2015,O=C(Cc1[nH]nc2[nH]c(=O)[nH]c(=O)c12)N=c1[nH]c(-c2ccccc2)cs1,test
RDZDOAHPYMGFTF-GOEBONIOSA-N,IC50,Cc1nc2nc(C)n(C)c2c(=O)n1Cc1nc([C@@H]2CO[C@@H](c3ccc(Cl)cc3)C2)no1,CHEMBL5765205,7.140000000000001,7.07,7.21,0.0989949493661161,2,B,2020,2020,O=c1c2[nH]cnc2ncn1Cc1nc(C2COC(c3ccccc3)C2)no1,train
RELPPOJGGXOECP-UHFFFAOYSA-N,IC50,Fc1ccc(Oc2nccc3[nH]ccc23)c(F)c1,CHEMBL3298760,6.5,6.5,6.5,,1,B,2014,2014,c1ccc(Oc2nccc3[nH]ccc23)cc1,train
REOZWEGFPHTFEI-JKSUJKDBSA-N,IC50,C=C(C)[C@@H]1CCC(C)=C[C@H]1c1c(O)cc(CCC)cc1O,CHEMBL2387742,5.89,5.89,5.89,,1,B,2021,2021,C1=CC(c2ccccc2)CCC1,train
REQIGSAIGZEBIL-HNNXBMFYSA-N,IC50,CCN(CC)c1ncc(-c2nc(NC(=O)[C@H](C)n3cnc4c3c(=O)n(Cc3cc(C)on3)c(=O)n4C)cs2)cn1,CHEMBL6040901,8.7,8.7,8.7,,1,B,2019,2019,O=C(Cn1cnc2[nH]c(=O)n(Cc3ccon3)c(=O)c21)Nc1csc(-c2cncnc2)n1,train
REQRXYTVHDTROQ-QWPOMPHKSA-N,IC50,CCC(=N\O)/C(C)=C/c1ccc(F)c(Cl)c1,CHEMBL3697709,5.22,5.22,5.22,,1,B,2015,2015,c1ccccc1,train
RFVGHGUGSAAXTQ-IERDGZPVSA-N,IC50,O=C(NCc1cc(N2CCC(C(F)(F)F)CC2)c(F)cn1)[C@@H]1C[C@@H](F)CN1S(=O)(=O)c1ccc(F)cc1,CHEMBL6020384,7.465,7.25,7.68,0.3040559159102152,2,B,2022,2022,O=C(NCc1cc(N2CCCCC2)ccn1)C1CCCN1S(=O)(=O)c1ccccc1,train
RFWQIWOJUKZICG-UHFFFAOYSA-N,IC50,CC(C)C(NC(=O)c1ccccc1C(F)(F)F)C(=O)c1ccc(C#N)cc1,CHEMBL2071508,5.4,5.3,5.5,0.1414213562373099,2,F,2012,2012,O=C(CNC(=O)c1ccccc1)c1ccccc1,train
RFXWMKXVVDBBLS-UHFFFAOYSA-N,IC50,Cn1cc(C#N)c2ncn(Cc3nn(CCc4ccc(Cl)cc4)c(=O)o3)c(=O)c21,CHEMBL5931002,6.78,6.78,6.78,,1,B,2021,2021,O=c1c2[nH]ccc2ncn1Cc1nn(CCc2ccccc2)c(=O)o1,test
RGGJFJAOYSJEKN-JOCQHMNTSA-N,IC50,Cn1cnc2ncn(Cc3nc([C@H]4C[C@H](c5ccc(OC(F)(F)F)cc5)C4)no3)c(=O)c21,CHEMBL5962769,6.71,6.71,6.71,,1,B,2020,2020,O=c1c2[nH]cnc2ncn1Cc1nc(C2CC(c3ccccc3)C2)no1,train
RGXNECXVRZKGGH-UOXRKKOCSA-N,IC50,C[C@H]1[C@H](F)C[C@@H](C(=O)NCc2cc(-c3cnc(C(F)(F)F)nc3)ncc2C(F)(F)F)N1S(=O)(=O)c1ccc(F)cc1,CHEMBL4865238,8.785,8.77,8.8,0.0212132034355972,2,B,2021,2025,O=C(NCc1ccnc(-c2cncnc2)c1)C1CCCN1S(=O)(=O)c1ccccc1,train
RHMHJTBKWCHRFJ-LBPRGKRZSA-N,IC50,Cc1nc(Cn2c(=O)c3c(ncn3[C@@H](C)C(=O)Nc3cncc(-c4cnc(C)c(C(F)(F)F)c4)n3)n(C)c2=O)no1,CHEMBL5979839,7.57,7.57,7.57,,1,B,2019,2019,O=C(Cn1cnc2[nH]c(=O)n(Cc3ncon3)c(=O)c21)Nc1cncc(-c2cccnc2)n1,test
RHXMMXJMSUZJGT-MNNVXMFVSA-N,IC50,COCC(=O)Cn1c(=O)c2c(ncn2[C@@H](C)C(=O)Nc2cccc(-c3ccc(N4CC5C(C4)C5(F)F)nc3)n2)n(C)c1=O,CHEMBL5752677,8.15,8.15,8.15,,1,B,2019,2019,O=C(Cn1cnc2[nH]c(=O)[nH]c(=O)c21)Nc1cccc(-c2ccc(N3CC4CC4C3)nc2)n1,train
RIIXXVBMCUBPDJ-SHTZXODSSA-N,IC50,Cc1ccnc2ncn(Cc3nc([C@H]4C[C@H](c5ccc(F)cc5)C4)no3)c(=O)c12,CHEMBL5901394,7.82,7.82,7.82,,1,B,2020,2020,O=c1c2cccnc2ncn1Cc1nc(C2CC(c3ccccc3)C2)no1,train
RIUFXWHYQAUEAO-UHFFFAOYSA-N,IC50,N#Cc1ccc(-c2n[nH]c3cc(OC(F)(F)F)ccc23)cc1,CHEMBL4101680,6.16,6.16,6.16,,1,B,2017,2017,c1ccc(-c2n[nH]c3ccccc23)cc1,train
RJMWAUREFQUJOV-LBPRGKRZSA-N,IC50,NC(=O)c1csc2ncn(Cc3nnn(C[C@H](O)c4ccc5oc(F)cc5c4)n3)c(=O)c12,CHEMBL5205506,7.92,7.92,7.92,,1,B,2022,2022,O=c1c2ccsc2ncn1Cc1nnn(CCc2ccc3occc3c2)n1,test
RKBDDOAOYHMXHG-HDJSIYSDSA-N,IC50,O=c1c2cccnc2ncn1Cc1nc([C@H]2C[C@H](c3ccc(Cl)cc3)C2)no1,CHEMBL5929559,7.11,7.11,7.11,,1,B,2020,2020,O=c1c2cccnc2ncn1Cc1nc(C2CC(c3ccccc3)C2)no1,train
RKBSUEKOOGJZRP-KUHUBIRLSA-N,IC50,O=C(NCc1cc(-c2cnc(C(F)(F)F)nc2)c(F)cn1)[C@@H]1C[C@@H](F)CN1S(=O)(=O)c1ccc(F)cc1,CHEMBL5967837,7.42,7.42,7.42,,1,B,2022,2022,O=C(NCc1cc(-c2cncnc2)ccn1)C1CCCN1S(=O)(=O)c1ccccc1,train
RKGSVRATVWYWQZ-XLIONFOSSA-N,IC50,COc1cc(-c2ccc(C(F)(F)F)nc2)cc(CNC(=O)[C@@H]2C[C@@H](F)CN2S(=O)(=O)c2ccc(F)cc2)n1,CHEMBL5934758,7.43,7.43,7.43,,1,B,2022,2022,O=C(NCc1cc(-c2cccnc2)ccn1)C1CCCN1S(=O)(=O)c1ccccc1,train
RKUSVOSNDTWJFP-QFIPXVFZSA-N,IC50,CC(C)n1cc(CNC(=O)[C@@H]2CCCN2S(=O)(=O)c2cc3ccccc3o2)cc(-c2ccc(C(F)(F)F)nc2)c1=O,CHEMBL6005621,6.68,6.68,6.68,,1,B,2020,2020,O=C(NCc1c[nH]c(=O)c(-c2cccnc2)c1)C1CCCN1S(=O)(=O)c1cc2ccccc2o1,train
RLCFIKQUNAVFSB-UHFFFAOYSA-N,IC50,Cn1c(=O)c2c(CC(=O)Nc3nc(-c4ccc(C(F)(F)F)cc4F)cs3)cccc2n(C)c1=O,CHEMBL3897132,7.58,7.58,7.58,,1,B,2015,2015,O=C(Cc1cccc2[nH]c(=O)[nH]c(=O)c12)Nc1nc(-c2ccccc2)cs1,train
RLSJFZMRRVZYOG-UHFFFAOYSA-N,IC50,Cn1c(=O)c2c(CC(=O)Nc3nc(-c4cc(F)c(OCC(F)(F)F)c(F)c4)cs3)cccc2n(C)c1=O,CHEMBL3906012,8.22,8.22,8.22,,1,B,2015,2015,O=C(Cc1cccc2[nH]c(=O)[nH]c(=O)c12)Nc1nc(-c2ccccc2)cs1,train
RMLPFNIHAZOFIL-SIKLNZKXSA-N,IC50,C[C@@]1(F)C[C@@H](C(=O)NCc2cc(-c3ccc(C(F)(F)F)nc3)ncn2)N(S(=O)(=O)c2ccc(F)cc2)C1,CHEMBL5786059,7.05,7.05,7.05,,1,B,2022,2022,O=C(NCc1cc(-c2cccnc2)ncn1)C1CCCN1S(=O)(=O)c1ccccc1,train
RMPXORPOMZZYAM-UHFFFAOYSA-N,IC50,CC(C)c1csc(C(=O)NCC(Cc2ccccc2)N2CCC(O)(C(F)(F)F)CC2)n1,CHEMBL4208667,6.8,6.8,6.8,,1,B,2016,2016,O=C(NCC(Cc1ccccc1)N1CCCCC1)c1nccs1,test
RMQZLRRVWCKZAT-UHFFFAOYSA-N,IC50,Cc1cc(Cn2c(=O)c3c(ncn3CC(=O)Nc3cccc(N4CC5C(C4)C5(F)F)n3)n(C)c2=O)no1,CHEMBL5899569,6.85,6.85,6.85,,1,B,2019,2019,O=C(Cn1cnc2[nH]c(=O)n(Cc3ccon3)c(=O)c21)Nc1cccc(N2CC3CC3C2)n1,train
RNTNRGPOXWZFSV-HHCCDPJTSA-N,IC50,Cc1cnn2ncn(Cc3nc([C@H]4C[C@](F)(c5ccc(Cl)cc5)C4)no3)c(=O)c12,CHEMBL5865172,7.640000000000001,7.19,8.09,0.6363961030678921,2,B,2020,2020,O=c1c2ccnn2ncn1Cc1nc(C2CC(c3ccccc3)C2)no1,train
RNUOFBBBPCXGHG-QLPKVWCKSA-N,IC50,COc1cccc(N2C[C@@H]3[C@H](C2)[C@H]3c2noc(Cn3cnc4ncn(C)c4c3=O)n2)c1,CHEMBL6051404,6.8,6.8,6.8,,1,B,2020,2020,O=c1c2[nH]cnc2ncn1Cc1nc(C2C3CN(c4ccccc4)CC32)no1,train
RONHBRICLKDFKA-CTYIDZIISA-N,IC50,O=c1c2cccnc2cnn1Cc1nn([C@H]2C[C@H](c3ccc(Cl)cc3)C2)c(=O)o1,CHEMBL5875208,7.1,7.1,7.1,,1,B,2021,2021,O=c1c2cccnc2cnn1Cc1nn(C2CC(c3ccccc3)C2)c(=O)o1,test
ROPFVCZNOGJJTP-FOLVSLTJSA-N,IC50,Cn1cnc2ncn(Cc3nc([C@H]4[C@@H]5CN(c6cc(Cl)cc(Cl)c6)C[C@@H]54)no3)c(=O)c21,CHEMBL5854360,6.57,6.57,6.57,,1,B,2020,2020,O=c1c2[nH]cnc2ncn1Cc1nc(C2C3CN(c4ccccc4)CC32)no1,train
ROWLJZVZKLFWIP-ZDUSSCGKSA-N,IC50,O=C1NCCc2c1sc1ncn(Cc3nnn(C[C@H](O)c4cc5cc(Cl)ccc5o4)n3)c(=O)c21,CHEMBL5909234,7.85,7.85,7.85,,1,B,2023,2023,O=C1NCCc2c1sc1ncn(Cc3nnn(CCc4cc5ccccc5o4)n3)c(=O)c21,train
RPCAQDVUXPFSNA-CDKJVOIVSA-N,IC50,CC(=C\c1ccccc1)/C(C)=N/O,CHEMBL603735,5.57,5.57,5.57,,1,F,2010,2010,c1ccccc1,train
RPYNGOUXKHDDOG-APWZRJJASA-N,IC50,O=C(NCc1cc(F)cc(-n2ccc(C(F)(F)F)n2)c1)[C@@H]1C[C@@H](F)CN1S(=O)(=O)c1ccc(F)cc1,CHEMBL5796135,6.99,6.99,6.99,,1,B,2022,2022,O=C(NCc1cccc(-n2cccn2)c1)C1CCCN1S(=O)(=O)c1ccccc1,train
RQNFZQNZWILBEE-QUCCMNQESA-N,IC50,O=C(NCc1cc(F)cc(-c2cnc(C(F)(F)F)nc2)c1)[C@@H]1C[C@@H](F)CN1S(=O)(=O)c1ccc(F)cc1,CHEMBL5817946,7.85,7.85,7.85,,1,B,2022,2022,O=C(NCc1cccc(-c2cncnc2)c1)C1CCCN1S(=O)(=O)c1ccccc1,train
RQQAWKCHVMJSHO-MNZLEMJZSA-N,IC50,O=c1c2cccnc2cnn1Cc1nc([C@H]2[C@@H]3CN(c4ccccc4)C[C@@H]32)no1,CHEMBL5858382,8.25,8.21,8.29,0.0565685424949225,2,B,2020,2020,O=c1c2cccnc2cnn1Cc1nc(C2C3CN(c4ccccc4)CC32)no1,train
RQRSHGKVUVLTGC-SHTZXODSSA-N,IC50,Cc1ccnc2ncn(Cc3nc([C@H]4C[C@H](c5ccc(Cl)cc5)C4)no3)c(=O)c12,CHEMBL5949196,7.67,7.67,7.67,,1,B,2020,2020,O=c1c2cccnc2ncn1Cc1nc(C2CC(c3ccccc3)C2)no1,train
RQYJNYUPQSRKEX-ZDUSSCGKSA-N,IC50,Cc1cc(Cn2c(=O)c3c(ncn3[C@@H](C)C(=O)Nc3cccc(-c4cnc(C(F)(F)F)nc4)n3)n(C)c2=O)no1,CHEMBL5758717,8.4,8.4,8.4,,1,B,2019,2019,O=C(Cn1cnc2[nH]c(=O)n(Cc3ccon3)c(=O)c21)Nc1cccc(-c2cncnc2)n1,train
RROFQCPRKWVHAS-UHFFFAOYSA-N,IC50,Cc1cccc2ncn(CC(=O)NCCc3ccc(Cl)cc3)c(=O)c12,CHEMBL3787125,7.16,7.16,7.16,,1,B,2016,2016,O=C(Cn1cnc2ccccc2c1=O)NCCc1ccccc1,train
RRTAHZNWVCULQP-UHFFFAOYSA-N,IC50,O=C(Nc1cc(NCc2cccs2)cc(C(F)(F)F)c1)c1cccs1,CHEMBL3311175,5.57,5.57,5.57,,1,B,2014,2014,O=C(Nc1cccc(NCc2cccs2)c1)c1cccs1,test
RSEKKORVKIXWHN-BXHXUVEDSA-N,IC50,Cn1cnc2ncn(Cc3nc([C@H]4C[C@](F)(c5ccc(F)cc5)C4)no3)c(=O)c21,CHEMBL5858075,6.5,6.5,6.5,,1,B,2020,2020,O=c1c2[nH]cnc2ncn1Cc1nc(C2CC(c3ccccc3)C2)no1,train
RSSHXKVUURRAKX-GFCCVEGCSA-N,IC50,Cn1cnc2ncn(Cc3nn(C[C@@H](F)c4ccc(Cl)cc4)c(=O)o3)c(=O)c21,CHEMBL5958280,5.42,5.42,5.42,,1,B,2021,2021,O=c1c2[nH]cnc2ncn1Cc1nn(CCc2ccccc2)c(=O)o1,train
RSSHXKVUURRAKX-LBPRGKRZSA-N,IC50,Cn1cnc2ncn(Cc3nn(C[C@H](F)c4ccc(Cl)cc4)c(=O)o3)c(=O)c21,CHEMBL4863686,7.585,7.47,7.7,0.1626345596729062,2,B,2021,2021,O=c1c2[nH]cnc2ncn1Cc1nn(CCc2ccccc2)c(=O)o1,train
RTOPZEJDITVXGI-MNZLEMJZSA-N,IC50,O=c1c2cccnc2cnn1Cc1nc([C@H]2[C@@H]3CN(c4cccc(F)c4)C[C@@H]32)no1,CHEMBL5774326,8.184999999999999,8.08,8.29,0.1484924240491749,2,B,2020,2020,O=c1c2cccnc2cnn1Cc1nc(C2C3CN(c4ccccc4)CC32)no1,train
RTYUVVPWNPBAAI-SIKLNZKXSA-N,IC50,O=C(NCc1cc(-c2ccc(C(F)(F)F)nc2)ncn1)[C@@H]1C[C@]2(CN1S(=O)(=O)c1ccc(F)cc1)CC2(F)F,CHEMBL5797642,6.95,6.95,6.95,,1,B,2022,2022,O=C(NCc1cc(-c2cccnc2)ncn1)C1CC2(CC2)CN1S(=O)(=O)c1ccccc1,train
RUDSKJYIDUAKKF-HNNXBMFYSA-N,IC50,Cc1c(C(=O)NCC(C)(C)O)sc2ncn(Cc3nc(C[C@H](O)c4ccc(Cl)cc4)no3)c(=O)c12,CHEMBL4847955,7.43,7.43,7.43,0.0,2,B,2021,2021,O=c1c2ccsc2ncn1Cc1nc(CCc2ccccc2)no1,train
RUTDIBPJABTBIH-JOCQHMNTSA-N,IC50,Cn1cnc2ncn(Cc3nc([C@H]4C[C@H](c5cccc(Cl)c5)C4)no3)c(=O)c21,CHEMBL5871159,7.51,7.51,7.51,,1,B,2020,2020,O=c1c2[nH]cnc2ncn1Cc1nc(C2CC(c3ccccc3)C2)no1,train
RVDABDCXJORPND-UHFFFAOYSA-N,IC50,Cc1csc2ncc(Cc3nn(CCc4ccc(Cl)cc4)c(=O)o3)c(=O)n12,CHEMBL6058290,7.19,7.19,7.19,,1,B,2021,2021,O=c1oc(Cc2cnc3sccn3c2=O)nn1CCc1ccccc1,test
RVGJWMWMMBRESO-LBPRGKRZSA-N,IC50,Cc1c(C(N)=O)sc2ncn(Cc3nc(C[C@H](O)c4ccc(Cl)cc4)no3)c(=O)c12,CHEMBL4869839,7.89,7.89,7.89,0.0,2,B,2021,2021,O=c1c2ccsc2ncn1Cc1nc(CCc2ccccc2)no1,train
RVMLSWRWPJDAMD-UHFFFAOYSA-N,IC50,CC(C)c1ccc(-c2csc(NC(=O)Cc3cccc4c3c(=O)n(C)c(=O)n4C)n2)cc1,CHEMBL3914637,7.22,7.22,7.22,,1,B,2015,2015,O=C(Cc1cccc2[nH]c(=O)[nH]c(=O)c12)Nc1nc(-c2ccccc2)cs1,train
RWCHXWRYBIRFNE-UHFFFAOYSA-N,IC50,Cn1c(=O)c2c(CC(=O)Nc3nc(-c4cc(F)cc(C(F)(F)F)c4)cs3)c(Cl)oc2n(C)c1=O,CHEMBL3930651,8.29,8.29,8.29,,1,B,2015,2015,O=C(Cc1coc2[nH]c(=O)[nH]c(=O)c12)Nc1nc(-c2ccccc2)cs1,train
RWIAKYVGVKDIRP-SWLSCSKDSA-N,IC50,OC(F)(F)[C@@]1(O)CCCC[C@H]1Cc1c[nH]c2ccccc12,CHEMBL5431088,4.6,4.6,4.6,,1,B,2023,2023,c1ccc2c(CC3CCCCC3)c[nH]c2c1,test
RXBHBVLYZQAGOZ-KOMQPUFPSA-N,IC50,Cc1ccnc2ncn(Cc3nn([C@H]4C[C@H](c5ccc(Cl)cc5)C4)c(=O)o3)c(=O)c12,CHEMBL6041401,8.2,8.2,8.2,,1,B,2021,2021,O=c1c2cccnc2ncn1Cc1nn(C2CC(c3ccccc3)C2)c(=O)o1,train
RXCHUXFWVPCBNN-UHFFFAOYSA-N,IC50,CN1C(=O)c2cccc(CC(=O)Nc3nc(-c4ccc(Cl)c(Cl)c4)cs3)c2C1=O,CHEMBL1083803,6.6,6.6,6.6,,1,F,2010,2010,O=C(Cc1cccc2c1C(=O)NC2=O)Nc1nc(-c2ccccc2)cs1,train
RXDLQMSQKRAFKY-SWLSCSKDSA-N,IC50,Nc1nc(=O)c2cccnc2n1Cc1nc([C@@H]2CO[C@@H](c3ccc(F)cc3)C2)no1,CHEMBL5857567,7.45,7.08,7.82,0.5232590180780453,2,B,2020,2020,O=c1ncn(Cc2nc(C3COC(c4ccccc4)C3)no2)c2ncccc12,train
RYOHHCGMNJEVIR-UHFFFAOYSA-N,IC50,CCC(=O)Cn1c(=O)c2c(ncn2C(C)C(=O)Nc2ccnc(-c3cnc(N4CC5CC5C4)nc3)n2)n(C)c1=O,CHEMBL5897591,8.1,8.1,8.1,,1,B,2019,2019,O=C(Cn1cnc2[nH]c(=O)[nH]c(=O)c21)Nc1ccnc(-c2cnc(N3CC4CC4C3)nc2)n1,train
RYUCFDWWFHXUHD-UXHICEINSA-N,IC50,COc1nn(-c2ccc(C(F)F)cc2)cc1CC(=O)N[C@@H]1CC[C@@H]1S(=O)(=O)c1ccc(F)cc1,CHEMBL5949672,7.36,7.36,7.36,,1,B,2020,2020,O=C(Cc1cnn(-c2ccccc2)c1)NC1CCC1S(=O)(=O)c1ccccc1,train
RZMBEUPDQABNNP-LSKLOWJMSA-N,IC50,C[C@H]1[C@H](F)C[C@@H](C(=O)NCc2c(F)cnc(-c3cnc(C(F)(F)F)nc3)c2F)N1S(=O)(=O)c1ccc(F)cc1,CHEMBL4064602,6.48,6.48,6.48,,1,B,2018,2018,O=C(NCc1ccnc(-c2cncnc2)c1)C1CCCN1S(=O)(=O)c1ccccc1,train
SABAYCWPZHQHKG-NFOMZHRRSA-N,IC50,COCC(=O)Cn1c(=O)c2c(ncn2[C@@H](C)C(=O)Nc2csc(-c3cnc(N4CC5CC5C4)nc3)n2)n(C)c1=O,CHEMBL5859441,8.22,8.22,8.22,,1,B,2019,2019,O=C(Cn1cnc2[nH]c(=O)[nH]c(=O)c21)Nc1csc(-c2cnc(N3CC4CC4C3)nc2)n1,train
SAMJQPAXJHTPPP-UHFFFAOYSA-N,IC50,O=c1c2cccnc2ncn1Cc1nc(CCc2ccc(Cl)cc2)no1,CHEMBL3785110,6.904999999999999,6.42,7.39,0.6858935777509506,2,B,2016,2016,O=c1c2cccnc2ncn1Cc1nc(CCc2ccccc2)no1,train
SBACLEGKEWSXLI-UHFFFAOYSA-N,IC50,Cn1c(=O)c2c(CC(=O)Nc3nc(-c4cc(F)c(CCC(F)(F)F)c(F)c4)cs3)coc2n(C)c1=O,CHEMBL3981050,8.47,8.47,8.47,,1,B,2015,2015,O=C(Cc1coc2[nH]c(=O)[nH]c(=O)c12)Nc1nc(-c2ccccc2)cs1,train
SBWZTTUKCJUALE-SWLSCSKDSA-N,IC50,O=c1c2c(Cl)ccnc2ncn1Cc1nc([C@@H]2CO[C@@H](c3ccc(F)cc3)C2)no1,CHEMBL5865597,7.82,7.82,7.82,,1,B,2020,2020,O=c1c2cccnc2ncn1Cc1nc(C2COC(c3ccccc3)C2)no1,train
SCDFLVQWVCBTRY-UHFFFAOYSA-N,IC50,Cn1cnc2ncn(Cc3nn(CCc4ccc(-c5ccccc5)cc4)c(=O)o3)c(=O)c21,CHEMBL5799314,6.6,6.6,6.6,,1,B,2021,2021,O=c1c2[nH]cnc2ncn1Cc1nn(CCc2ccc(-c3ccccc3)cc2)c(=O)o1,test
SCMGPSOKSOKBBN-XLIONFOSSA-N,IC50,O=C(NCc1cc(F)cc(-c2ccc(C(F)(F)F)nn2)c1)[C@@H]1C[C@@H](F)CN1S(=O)(=O)c1ccc(F)cc1,CHEMBL5866870,7.7,7.7,7.7,,1,B,2022,2022,O=C(NCc1cccc(-c2cccnn2)c1)C1CCCN1S(=O)(=O)c1ccccc1,train
SCPVZTYGMSQVAC-XMCHAPAWSA-N,IC50,O=C(NCc1cc(-c2ccc(C(F)(F)F)nc2)ncn1)[C@@H]1C[C@H]2C[C@H]2N1S(=O)(=O)c1ccc(F)cc1,CHEMBL5916202,6.81,6.81,6.81,,1,B,2022,2022,O=C(NCc1cc(-c2cccnc2)ncn1)C1CC2CC2N1S(=O)(=O)c1ccccc1,test
SDKINESYISJNHI-UHFFFAOYSA-N,IC50,CC(C)C(NC(=O)c1ccccc1)C(=O)c1ccc(C#N)cc1,CHEMBL2071498,5.4,5.4,5.4,,1,F,2012,2012,O=C(CNC(=O)c1ccccc1)c1ccccc1,train
SEGWTDQQCHLCHX-IRBZQWRBSA-N,IC50,O=C(NCc1cc(-c2ccc(C(F)(F)F)cc2)ncn1)[C@@H]1C[C@H]2COC[C@H]2N1S(=O)(=O)c1ccc(F)cc1,CHEMBL5761294,6.35,6.35,6.35,,1,B,2022,2022,O=C(NCc1cc(-c2ccccc2)ncn1)C1CC2COCC2N1S(=O)(=O)c1ccccc1,val
SEGWTDQQCHLCHX-XARZLDAJSA-N,IC50,O=C(NCc1cc(-c2ccc(C(F)(F)F)cc2)ncn1)[C@@H]1C[C@@H]2COC[C@@H]2N1S(=O)(=O)c1ccc(F)cc1,CHEMBL6048913,6.37,6.37,6.37,,1,B,2022,2022,O=C(NCc1cc(-c2ccccc2)ncn1)C1CC2COCC2N1S(=O)(=O)c1ccccc1,val
SELZLURRXNIGSN-JXFKEZNVSA-N,IC50,Cc1cc(Cn2c(=O)c3c(ncn3[C@@H](C)C(=O)Nc3cccc(-c4cnc(N5CCC[C@H]5C(F)(F)F)nc4)n3)n(C)c2=O)no1,CHEMBL5772739,9.0,9.0,9.0,,1,B,2019,2019,O=C(Cn1cnc2[nH]c(=O)n(Cc3ccon3)c(=O)c21)Nc1cccc(-c2cnc(N3CCCC3)nc2)n1,test
SEZSWZYJAHZVBQ-UHFFFAOYSA-N,IC50,Cn1c(=O)c2c(CC(=O)Nc3nc(-c4ccc(F)c(C(F)(F)F)c4)cs3)cccc2n(C)c1=O,CHEMBL3897802,7.7,7.7,7.7,,1,B,2015,2015,O=C(Cc1cccc2[nH]c(=O)[nH]c(=O)c12)Nc1nc(-c2ccccc2)cs1,train
SFIQAZWEBFWFFD-JTQLQIEISA-N,IC50,Cc1noc(Cn2c(=O)c3c(ncn3[C@@H](C)C(=O)Nc3cncc(-c4cnc(C(F)(F)F)nc4)n3)n(C)c2=O)n1,CHEMBL5940016,7.7,7.7,7.7,,1,B,2019,2019,O=C(Cn1cnc2[nH]c(=O)n(Cc3ncno3)c(=O)c21)Nc1cncc(-c2cncnc2)n1,test
SFQUEYCZYVQMRY-CTYIDZIISA-N,IC50,O=c1c2cccnc2ncn1Cc1nn([C@H]2C[C@H](c3ccc(Cl)cc3)C2)c(=O)o1,CHEMBL5779407,7.79,7.79,7.79,,1,B,2021,2021,O=c1c2cccnc2ncn1Cc1nn(C2CC(c3ccccc3)C2)c(=O)o1,train
SFVBXBHHOGKJEW-RQJWMODNSA-N,IC50,CN1C=NC2N=CN(Cc3nc([C@@H]4CO[C@@H](c5cc(F)c(Cl)c(F)c5)C4)no3)C(=O)C21,CHEMBL5931500,7.605,7.32,7.89,0.4030508652763313,2,B,2020,2020,O=C1C2NC=NC2N=CN1Cc1nc(C2COC(c3ccccc3)C2)no1,train
SGCZWBXKGMRYGM-XOIINTDNSA-N,IC50,Cn1cnc2ncn(Cc3nc([C@@H]4[C@@H]5C[C@H]4CN(c4ccccc4)C5)no3)c(=O)c21,CHEMBL6195964,7.109999999999999,7.08,7.14,0.0424264068711928,2,B,2020,2020,O=c1c2[nH]cnc2ncn1Cc1nc(C2C3CC2CN(c2ccccc2)C3)no1,test
SGEZELHMEQVNFY-NRFANRHFSA-N,IC50,O=C(NC[C@H](Cc1ccccc1)N1CCC(O)(C(F)(F)F)CC1)C1(c2ccc(Cl)cc2)CC1,CHEMBL4208446,6.32,6.32,6.32,,1,B,2016,2016,O=C(NCC(Cc1ccccc1)N1CCCCC1)C1(c2ccccc2)CC1,train
SGEZELHMEQVNFY-OAQYLSRUSA-N,IC50,O=C(NC[C@@H](Cc1ccccc1)N1CCC(O)(C(F)(F)F)CC1)C1(c2ccc(Cl)cc2)CC1,CHEMBL4213371,7.28,7.28,7.28,,1,B,2016,2016,O=C(NCC(Cc1ccccc1)N1CCCCC1)C1(c2ccccc2)CC1,train
SGEZELHMEQVNFY-UHFFFAOYSA-N,IC50,O=C(NCC(Cc1ccccc1)N1CCC(O)(C(F)(F)F)CC1)C1(c2ccc(Cl)cc2)CC1,CHEMBL3912566,7.494999999999999,7.14,7.85,0.5020458146424484,2,B,2016,2016,O=C(NCC(Cc1ccccc1)N1CCCCC1)C1(c2ccccc2)CC1,train
SHEZWPJUOWPXDN-UHFFFAOYSA-N,IC50,Cn1c(=O)c2c(CC(=O)Nc3nc(-c4ccc(OC(F)F)c(Cl)c4)cs3)cccc2n(C)c1=O,CHEMBL3904057,7.47,7.47,7.47,,1,B,2015,2015,O=C(Cc1cccc2[nH]c(=O)[nH]c(=O)c12)Nc1nc(-c2ccccc2)cs1,train
SHLKDPMPLSENMB-UHFFFAOYSA-N,IC50,Cn1c(=O)c2c(ccn2CC(=O)Nc2nc(-c3ccc(C(F)(F)F)cc3)cs2)n(C)c1=O,CHEMBL1946119,5.68,5.68,5.68,,1,F,2012,2012,O=C(Cn1ccc2[nH]c(=O)[nH]c(=O)c21)Nc1nc(-c2ccccc2)cs1,train
SHSSNEIQZDUKEK-LISNJYIYSA-N,IC50,CC(C)[C@H](N)C(=O)OCn1c(-c2ccc(F)c(C(F)(F)F)c2F)cs/c1=N\C(=O)Cc1csc2c1c(=O)n(C)c(=O)n2C,CHEMBL3926532,7.66,7.66,7.66,,1,B,2015,2015,O=C(Cc1csc2[nH]c(=O)[nH]c(=O)c12)N=c1[nH]c(-c2ccccc2)cs1,train
SIHRXNYLUBLFFN-UZLBHIALSA-N,IC50,O=C(NCc1cc(-c2ccc(C(F)(F)F)nn2)ccc1F)[C@@H]1C[C@@H](F)CN1S(=O)(=O)c1ccc(F)cc1,CHEMBL6054677,7.37,7.37,7.37,,1,B,2022,2022,O=C(NCc1cccc(-c2cccnn2)c1)C1CCCN1S(=O)(=O)c1ccccc1,train
SILAPDUQPMKZOP-MQMHXKEQSA-N,IC50,Cn1cnc2cnn(Cc3nn([C@H]4C[C@H](c5ccc(Cl)cc5)C4)c(=O)o3)c(=O)c21,CHEMBL5953423,7.34,7.34,7.34,,1,B,2021,2021,O=c1c2[nH]cnc2cnn1Cc1nn(C2CC(c3ccccc3)C2)c(=O)o1,test
SIVFQWBIRYGTTL-GXTWGEPZSA-N,IC50,Cc1c(N)nn2ncn(Cc3nc([C@@H]4CO[C@@H](c5ccc(F)cc5)C4)no3)c(=O)c12,CHEMBL5768800,7.685,7.34,8.03,0.4879036790187174,2,B,2020,2020,O=c1c2ccnn2ncn1Cc1nc(C2COC(c3ccccc3)C2)no1,train
SJAIVGYRWIRMMF-UHFFFAOYSA-N,IC50,CC(C)C(NC(=O)c1cc(Cl)ccc1C(F)(F)F)C(=O)c1ccc([N+](=O)[O-])cc1,CHEMBL2071601,8.0,8.0,8.0,,1,F,2012,2012,O=C(CNC(=O)c1ccccc1)c1ccccc1,train
SJUCKSBEIQPXBE-IGCXYCKISA-N,IC50,Cn1cnc2ncn(Cc3nc([C@H]4[C@@H]5C=C(c6ccc(F)c(F)c6)C[C@@H]54)no3)c(=O)c21,CHEMBL5964943,8.155000000000001,7.9,8.41,0.3606244584051384,2,B,2020,2020,O=c1c2[nH]cnc2ncn1Cc1nc(C2C3C=C(c4ccccc4)CC32)no1,train
SJUCKSBEIQPXBE-OGHNNQOOSA-N,IC50,Cn1cnc2ncn(Cc3nc([C@@H]4[C@H]5C=C(c6ccc(F)c(F)c6)C[C@H]54)no3)c(=O)c21,CHEMBL6058281,8.17,8.03,8.31,0.1979898987322341,2,B,2020,2020,O=c1c2[nH]cnc2ncn1Cc1nc(C2C3C=C(c4ccccc4)CC32)no1,train
SJYUOIRAPYIRKY-MQMHXKEQSA-N,IC50,Cn1cnc2ncn(Cc3nn([C@H]4C[C@H](c5ccc(F)cc5)C4)c(=O)o3)c(=O)c21,CHEMBL6053766,7.19,7.19,7.19,,1,B,2021,2021,O=c1c2[nH]cnc2ncn1Cc1nn(C2CC(c3ccccc3)C2)c(=O)o1,train
SKHDURSNHJWXRZ-UHFFFAOYSA-N,IC50,CC(CO)C(C)Cc1ccccc1,CHEMBL5592753,4.77,4.77,4.77,,1,B,2024,2024,c1ccccc1,train
SKJSBHKZBFLKPZ-MNZLEMJZSA-N,IC50,Cn1ccc2cc(N3C[C@@H]4[C@H](C3)[C@H]4c3noc(Cn4cnc5ncn(C)c5c4=O)n3)ccc21,CHEMBL6015267,6.58,6.58,6.58,,1,B,2020,2020,O=c1c2[nH]cnc2ncn1Cc1nc(C2C3CN(c4ccc5[nH]ccc5c4)CC32)no1,test
SKLLQNALHJGISD-UKRRQHHQSA-N,IC50,Cn1cnc2ncn(Cc3nn([C@@H]4CC[C@@H](c5cccc(Cl)c5)C4)c(=O)o3)c(=O)c21,CHEMBL6060769,7.44,7.44,7.44,,1,B,2021,2021,O=c1c2[nH]cnc2ncn1Cc1nn(C2CCC(c3ccccc3)C2)c(=O)o1,train
SKTMPVUPTJNYLK-UHFFFAOYSA-N,IC50,CCNc1c(-c2cccc(Cl)c2)nc2ccc(C(F)(F)F)cn12,CHEMBL3961067,5.68,5.68,5.68,,1,B,2016,2016,c1ccc(-c2cn3ccccc3n2)cc1,train
SLALXZHBVOLRJL-PKOBYXMFSA-N,IC50,Cc1nc(N2CCOCC2)n2ccn(Cc3nc([C@@H]4CO[C@@H](c5ccc(Cl)cc5)C4)no3)c(=O)c12,CHEMBL5879244,6.965,6.91,7.02,0.0777817459305198,2,B,2020,2020,O=c1c2cnc(N3CCOCC3)n2ccn1Cc1nc(C2COC(c3ccccc3)C2)no1,test
SLNROIPXLUPVIJ-XLIONFOSSA-N,IC50,N#Cc1ccc(S(=O)(=O)N2C[C@H](F)C[C@H]2C(=O)NCc2cn(-c3ccc(C(F)(F)F)cc3)nc2Cl)cc1,CHEMBL5920085,7.31,7.31,7.31,,1,B,2022,2022,O=C(NCc1cnn(-c2ccccc2)c1)C1CCCN1S(=O)(=O)c1ccccc1,train
SLOODCSWMAVTSP-KWUMSVIQSA-N,IC50,O=c1c2cccnc2ncn1Cc1nc([C@H]2C[C@](F)(c3cccc(Cl)c3)C2)no1,CHEMBL5816786,7.23,7.23,7.23,,1,B,2020,2020,O=c1c2cccnc2ncn1Cc1nc(C2CC(c3ccccc3)C2)no1,train
SLXXZLZVLVMTHQ-UHFFFAOYSA-N,IC50,Cn1c(=O)c2c(ccn2CC(=O)Nc2ccc(OC(F)(F)F)cc2)n(C)c1=O,CHEMBL1944839,5.43,5.43,5.43,,1,F,2012,2012,O=C(Cn1ccc2[nH]c(=O)[nH]c(=O)c21)Nc1ccccc1,train
SMIMKERZYSZTRX-MNZLEMJZSA-N,IC50,O=c1c2cccnc2cnn1Cc1nc([C@H]2[C@@H]3CN(c4cccc(Cl)c4)C[C@@H]32)no1,CHEMBL5779299,8.54,8.54,8.54,,1,B,2020,2020,O=c1c2cccnc2cnn1Cc1nc(C2C3CN(c4ccccc4)CC32)no1,train
SMINZQWEKSNLMB-UHFFFAOYSA-N,IC50,CCCNc1cc(C)cc(NC(=O)c2c(F)cccc2F)c1,CHEMBL3311195,5.72,5.72,5.72,,1,B,2014,2014,O=C(Nc1ccccc1)c1ccccc1,train
SMMFPASDMNZEDG-IERDGZPVSA-N,IC50,O=C(NCc1cc(-c2ccc(OC(F)(F)F)cc2)ncn1)[C@@H]1C[C@@H](F)CN1S(=O)(=O)c1ccc(F)cc1,CHEMBL6048359,7.68,7.68,7.68,0.0,2,B,2022,2022,O=C(NCc1cc(-c2ccccc2)ncn1)C1CCCN1S(=O)(=O)c1ccccc1,train
SNLKVSGXSRSUAR-QFIPXVFZSA-N,IC50,C[C@@]1(C(=O)NCc2cc(-c3ccc(C(F)(F)F)nc3)ncn2)CCCN1S(=O)(=O)c1ccc(F)cc1,CHEMBL6001878,7.29,7.29,7.29,,1,B,2022,2022,O=C(NCc1cc(-c2cccnc2)ncn1)C1CCCN1S(=O)(=O)c1ccccc1,train
SNXTZGQKRRAGHG-HXOBKFHXSA-N,IC50,O=C(NCc1cc(-c2cnc(C(F)(F)F)nc2)ccc1F)[C@]12C[C@H]1CCN2S(=O)(=O)c1ccc(F)cc1,CHEMBL5985376,7.68,7.68,7.68,,1,B,2022,2022,O=C(NCc1cccc(-c2cncnc2)c1)C12CC1CCN2S(=O)(=O)c1ccccc1,train
SOBJXYFMGNTIEM-JTQLQIEISA-N,IC50,NC(=O)c1sc2ncn(Cc3nc(C[C@H](O)c4ccc(Cl)cc4)no3)c(=O)c2c1Cl,CHEMBL4850616,7.8,7.8,7.8,0.0,2,B,2021,2021,O=c1c2ccsc2ncn1Cc1nc(CCc2ccccc2)no1,train
SOXPNOPOIIHWLL-APWZRJJASA-N,IC50,O=C(NCc1cc(Cl)nc(-c2ccc(C(F)(F)F)nc2)c1)[C@@H]1C[C@@H](F)CN1S(=O)(=O)c1ccc(F)cc1,CHEMBL5768639,7.85,7.85,7.85,,1,B,2022,2022,O=C(NCc1ccnc(-c2cccnc2)c1)C1CCCN1S(=O)(=O)c1ccccc1,train
SOYOXOXAXREIQP-UHFFFAOYSA-N,IC50,O=C1C2=C(NC(=S)NC2c2cccc(Br)c2)c2ccccc21,CHEMBL1939980,6.3,6.3,6.3,,1,F,2012,2012,O=C1C2=C(NC(=S)NC2c2ccccc2)c2ccccc21,train
SPMLDYAYUULMCM-UHFFFAOYSA-N,IC50,Fc1ccc(Oc2nccc3ccccc23)c(F)c1,CHEMBL3298212,5.51,5.51,5.51,,1,B,2014,2014,c1ccc(Oc2nccc3ccccc23)cc1,train
SPQAQEDLUSSZTH-IPVJXJPOSA-N,IC50,Cc1ccnc2ncn(Cc3nc([C@H]4C[C@](F)(c5ccc(F)cc5)C4)no3)c(=O)c12,CHEMBL5832960,7.705,7.52,7.89,0.261629509039023,2,B,2020,2020,O=c1c2cccnc2ncn1Cc1nc(C2CC(c3ccccc3)C2)no1,train
SPQGFWUNDMTMBR-UHFFFAOYSA-N,IC50,Cc1noc(Cn2c(=O)c3c(ncn3CC(=O)Nc3cccc(-c4cnc(C(F)(F)F)c(C)c4)n3)n(C)c2=O)n1,CHEMBL5937720,8.3,8.3,8.3,,1,B,2019,2019,O=C(Cn1cnc2[nH]c(=O)n(Cc3ncno3)c(=O)c21)Nc1cccc(-c2cccnc2)n1,train
SQIWWIMCDCSDHP-ZDUSSCGKSA-N,IC50,Cc1cc(Cn2c(=O)c3c(ncn3[C@@H](C)C(=O)Nc3cccc(-c4cnc(Cl)c(C(F)(F)F)c4)n3)n(C)c2=O)no1,CHEMBL5866397,8.7,8.7,8.7,,1,B,2019,2019,O=C(Cn1cnc2[nH]c(=O)n(Cc3ccon3)c(=O)c21)Nc1cccc(-c2cccnc2)n1,train
SQNNYRWDFNZPBJ-CTTBUFIDSA-N,IC50,C=C1CCC[C@H]2[C@](C)(CC[C@@]3(C)CC[C@H]([C@@H](C)C(=O)O)OO3)[C@@H](C)CC[C@]12C,CHEMBL5412389,5.7,5.7,5.7,,1,B,2024,2024,C=C1CCCC2C(CCC3CCCOO3)CCCC12,val
SRIXRPCMEOZYEY-UHFFFAOYSA-N,IC50,O=C(CCc1ccc2c(c1)OCO2)CC(O)CCCCCCc1ccccc1,CHEMBL1950593,5.55,5.55,5.55,,1,B,2023,2023,O=C(CCCCCCCCc1ccccc1)CCc1ccc2c(c1)OCO2,test
SRQGUJBYQSAYQR-CMPLNLGQSA-N,IC50,N#Cc1cc(C[C@@H]2CCCC[C@]2(O)C(F)(F)F)cs1,CHEMBL5413437,7.37,7.37,7.37,,1,B,2023,2023,c1cc(CC2CCCCC2)cs1,train
SSFBTXCTOUIVNI-UHFFFAOYSA-N,IC50,CC1(C(=O)NCc2cn(-c3ccc(C(F)(F)F)cc3)nc2Cl)CCCC1S(=O)(=O)c1ccc(F)cc1,CHEMBL5747523,7.62,7.33,8.06,0.3287552280953111,6,B,2020,2020,O=C(NCc1cnn(-c2ccccc2)c1)C1CCCC1S(=O)(=O)c1ccccc1,train
SSJBHGRPQUDMCG-GXFFZTMASA-N,IC50,Cn1cnc2ncn(Cc3nc([C@@H]4CO[C@@H](c5cc(F)c(F)c(F)c5)C4)no3)c(=O)c21,CHEMBL5853140,7.76,7.56,7.96,0.2828427124746193,2,B,2020,2020,O=c1c2[nH]cnc2ncn1Cc1nc(C2COC(c3ccccc3)C2)no1,train
SSKORUNHYXULOP-SHTZXODSSA-N,IC50,Cn1cnc2ncn(Cc3nn([C@H]4C[C@H](c5ccc(C#N)cc5)C4)c(=O)o3)c(=O)c21,CHEMBL5819322,7.22,7.22,7.22,,1,B,2021,2021,O=c1c2[nH]cnc2ncn1Cc1nn(C2CC(c3ccccc3)C2)c(=O)o1,train
SSLPGGYMXROYIW-VYDXJSESSA-N,IC50,Cn1cnc2ncn(Cc3nc([C@H]4[C@@H]5C=C(c6cccc(F)c6)C[C@@H]54)no3)c(=O)c21,CHEMBL5845513,8.48,8.19,8.77,0.410121933088197,2,B,2020,2020,O=c1c2[nH]cnc2ncn1Cc1nc(C2C3C=C(c4ccccc4)CC32)no1,train
SSLPGGYMXROYIW-ZMSDIMECSA-N,IC50,Cn1cnc2ncn(Cc3nc([C@@H]4[C@H]5C=C(c6cccc(F)c6)C[C@H]54)no3)c(=O)c21,CHEMBL5885885,8.325,8.01,8.64,0.4454772721475261,2,B,2020,2020,O=c1c2[nH]cnc2ncn1Cc1nc(C2C3C=C(c4ccccc4)CC32)no1,train
SSONTNYBPYRIPQ-UHFFFAOYSA-N,IC50,CC(=O)SC(NC(=O)c1ccc(Cl)cc1)C(Cl)(Cl)Cl,CHEMBL1085104,5.96,5.96,5.96,,1,F,2010,2010,c1ccccc1,train
SSRZLDGEGHSZEF-PANOFWHVSA-N,IC50,CCCC(=N\O)/C(C)=C/c1ccc(F)cc1,CHEMBL3697704,6.3,6.3,6.3,,1,B,2015,2015,c1ccccc1,train
STVTVNLJAIJDGA-OOHWJJMZSA-N,IC50,CC(=O)Cn1c(=O)c2c(ncn2[C@@H](C)C(=O)Nc2ccnc(-c3ccc(N4CC5C(C4)C5(F)F)nc3)n2)n(C)c1=O,CHEMBL6061471,8.15,8.15,8.15,,1,B,2019,2019,O=C(Cn1cnc2[nH]c(=O)[nH]c(=O)c21)Nc1ccnc(-c2ccc(N3CC4CC4C3)nc2)n1,train
SUFJYKCRTUPWLF-JQRITLKVSA-N,IC50,CCC(=O)Cn1c(=O)c2c(ncn2[C@@H](C)C(=O)Nc2csc(-c3cnc(N4CC5C(C4)C5(F)F)nc3)n2)n(C)c1=O,CHEMBL5761404,8.7,8.7,8.7,,1,B,2019,2019,O=C(Cn1cnc2[nH]c(=O)[nH]c(=O)c21)Nc1csc(-c2cnc(N3CC4CC4C3)nc2)n1,train
SUKMMEQGLYCHDO-WMLDXEAASA-N,IC50,Cc1cncc2ncn(Cc3nc([C@@H]4CO[C@@H](c5ccc(Cl)cc5)C4)no3)c(=O)c12,CHEMBL5745647,8.690000000000001,8.49,8.89,0.2828427124746186,2,B,2020,2020,O=c1c2ccncc2ncn1Cc1nc(C2COC(c3ccccc3)C2)no1,train
SUOFUNIWBNOTLX-UTKZUKDTSA-N,IC50,O=C(NCc1ccnc(-c2ccc(C(F)(F)F)cc2O)c1)[C@@H]1C[C@@H](F)CN1S(=O)(=O)c1ccc(F)cc1,CHEMBL5959228,8.3,8.3,8.3,,1,B,2022,2022,O=C(NCc1ccnc(-c2ccccc2)c1)C1CCCN1S(=O)(=O)c1ccccc1,train
SUQAOTIMESBARL-KDOFPFPSSA-N,IC50,O=C(NCc1cc(-c2ccc(C(F)(F)F)nc2)ncn1)[C@@H]1C[C@@H](F)CN1S(=O)(=O)c1cncc(F)c1,CHEMBL5871116,5.52,5.52,5.52,,1,B,2022,2022,O=C(NCc1cc(-c2cccnc2)ncn1)C1CCCN1S(=O)(=O)c1cccnc1,test
SUWXREOOEJAHMP-UHFFFAOYSA-N,IC50,CC(C(=O)Nc1cncc(-c2cnc(C(F)(F)F)nc2)n1)n1cnc2c1c(=O)n(CC#N)c(=O)n2C,CHEMBL5871339,6.69,6.69,6.69,,1,B,2019,2019,O=C(Cn1cnc2[nH]c(=O)[nH]c(=O)c21)Nc1cncc(-c2cncnc2)n1,train
SVCDWQHTFLFQMQ-JTQLQIEISA-N,IC50,CC(=O)NC(=O)Cn1c(=O)c2c(ncn2[C@@H](C)C(=O)Nc2cncc(-c3cnc(C(F)(F)F)nc3)n2)n(C)c1=O,CHEMBL5817995,6.76,6.76,6.76,,1,B,2021,2021,O=C(Cn1cnc2[nH]c(=O)[nH]c(=O)c21)Nc1cncc(-c2cncnc2)n1,train
SVTKBAIRFMXQQF-UHFFFAOYSA-N,IC50,CCCc1cc(O)c2c(c1)OC(C)(C)c1ccc(C)cc1-2,CHEMBL4170268,6.535,6.3,6.77,0.3323401871576775,2,B,2021,2021,c1ccc2c(c1)COc1ccccc1-2,train
SWYFCGPPXKEKNP-APWZRJJASA-N,IC50,O=C(NCc1ccnc(-c2cnc(C(F)(F)F)nc2)c1)[C@@H]1C[C@@H](F)CN1S(=O)(=O)c1ccc(F)cc1,CHEMBL6001429,6.89,6.89,6.89,,1,B,2022,2022,O=C(NCc1ccnc(-c2cncnc2)c1)C1CCCN1S(=O)(=O)c1ccccc1,train
SXDANHSUZITSHM-GOEBONIOSA-N,IC50,Cc1cc(=O)nc2ccn(Cc3nc([C@@H]4CO[C@@H](c5ccc(Cl)cc5)C4)no3)c(=O)n12,CHEMBL5925816,8.29,8.03,8.55,0.3676955262170063,2,B,2020,2020,O=c1ccn2c(=O)n(Cc3nc(C4COC(c5ccccc5)C4)no3)ccc2n1,train
SXGYZCMGVZKIPJ-GHMZBOCLSA-N,IC50,C[C@@H](CO)C[C@@H](C)c1ccccc1,CHEMBL5591349,4.97,4.97,4.97,,1,B,2024,2024,c1ccccc1,train
SXGYZCMGVZKIPJ-UHFFFAOYSA-N,IC50,CC(CO)CC(C)c1ccccc1,CHEMBL5591759,4.69,4.3,5.08,0.5515432893255076,2,B,2024,2024,c1ccccc1,train
SXJJZCCFGGSOJB-NLWGTHIKSA-N,IC50,N#Cc1ccc2c(=O)n(Cc3nc([C@@H]4[C@H]5C=C(c6ccccc6)C[C@H]54)no3)cnc2n1,CHEMBL5753774,7.335,7.26,7.41,0.1060660171779823,2,B,2020,2020,O=c1c2cccnc2ncn1Cc1nc(C2C3C=C(c4ccccc4)CC32)no1,train
SXUKBNBSHRPWJJ-VFNWGFHPSA-N,IC50,O=C(NCc1cc(-c2ccc(C(F)F)c(F)c2)ncn1)[C@@H]1C[C@@H](F)CN1S(=O)(=O)c1ccc(F)cc1,CHEMBL5993442,7.54,7.54,7.54,,1,B,2022,2022,O=C(NCc1cc(-c2ccccc2)ncn1)C1CCCN1S(=O)(=O)c1ccccc1,train
SYBZRZVYXNPFGS-UHFFFAOYSA-N,IC50,CCC(CO)CC(C)c1ccccc1,CHEMBL5592730,5.37,5.37,5.37,,1,B,2024,2024,c1ccccc1,train
SZBPQYFWTGZAMC-NRFANRHFSA-N,IC50,C[C@@]1(C(=O)NCc2cc(-c3ccc(C(F)(F)F)nc3)ncn2)CCN1S(=O)(=O)c1ccc(F)cc1,CHEMBL6042547,7.23,7.23,7.23,0.0,2,B,2022,2022,O=C(NCc1cc(-c2cccnc2)ncn1)C1CCN1S(=O)(=O)c1ccccc1,train
SZCCBJJJEASGND-QLPKVWCKSA-N,IC50,Cc1cccc(N2C[C@@H]3[C@H](C2)[C@H]3c2noc(Cn3cnc4ncn(C)c4c3=O)n2)c1,CHEMBL5802404,7.43,7.14,7.72,0.4101219330881976,2,B,2020,2020,O=c1c2[nH]cnc2ncn1Cc1nc(C2C3CN(c4ccccc4)CC32)no1,train
SZOFJGFPAKXGKY-UHFFFAOYSA-N,IC50,O=c1c2cncnc2ncn1Cc1nc(CCc2ccc(Cl)cc2)no1,CHEMBL3786810,6.82,6.82,6.82,,1,B,2016,2016,O=c1c2cncnc2ncn1Cc1nc(CCc2ccccc2)no1,test
TUAFGKSMMBBDOF-LBPRGKRZSA-N,IC50,Cc1c(C(N)=O)sc2ncn(Cc3nc(C[C@H](O)c4ccc(F)c(F)c4)no3)c(=O)c12,CHEMBL5951464,7.32,7.32,7.32,,1,B,2021,2021,O=c1c2ccsc2ncn1Cc1nc(CCc2ccccc2)no1,train
TUFNPZJUMAECBK-NQIIRXRSSA-N,IC50,N#Cc1cnc(-c2ccc(C(F)(F)F)nc2)cc1CNC(=O)[C@@H]1C[C@@H](F)CN1S(=O)(=O)c1ccc(F)cc1,CHEMBL5806117,8.05,8.05,8.05,,1,B,2022,2022,O=C(NCc1ccnc(-c2cccnc2)c1)C1CCCN1S(=O)(=O)c1ccccc1,train
TUTNHPYHAJGPKX-VFNWGFHPSA-N,IC50,O=C(NCc1cc(-c2ccc(C(F)(F)F)cc2F)ncn1)[C@@H]1C[C@@H](F)CN1S(=O)(=O)c1ccc(F)cc1,CHEMBL5791679,6.79,6.79,6.79,,1,B,2022,2022,O=C(NCc1cc(-c2ccccc2)ncn1)C1CCCN1S(=O)(=O)c1ccccc1,train
TVAIIHSCCMEHLG-UHFFFAOYSA-N,IC50,Fc1ccc(C(F)(F)F)c(-c2ccc3[nH]ncc3c2)c1,CHEMBL3298248,6.51,6.51,6.51,,1,B,2014,2014,c1ccc(-c2ccc3[nH]ncc3c2)cc1,train
TVVQCFOIOIBUOF-UTKZUKDTSA-N,IC50,O=C(NCc1cc(F)cc(-c2cnc(C(F)F)cn2)c1)[C@@H]1C[C@@H](F)CN1S(=O)(=O)c1ccc(F)cc1,CHEMBL5801316,7.21,7.21,7.21,,1,B,2022,2022,O=C(NCc1cccc(-c2cnccn2)c1)C1CCCN1S(=O)(=O)c1ccccc1,train
TVXKFCWCHZXPPB-KWUMSVIQSA-N,IC50,O=c1c2cccnc2ncn1Cc1nc([C@H]2C[C@](F)(c3ccc(F)cc3)C2)no1,CHEMBL5882796,7.02,7.02,7.02,,1,B,2020,2020,O=c1c2cccnc2ncn1Cc1nc(C2CC(c3ccccc3)C2)no1,train
TVZRIJSXZCQZFN-SJORKVTESA-N,IC50,O=C(NCc1cn(-c2ccc(C(F)(F)F)nc2)nc1C(F)F)[C@@H]1CC[C@@H]1S(=O)(=O)c1ccc(F)cc1,CHEMBL5760074,7.01,7.01,7.01,,1,B,2020,2020,O=C(NCc1cnn(-c2cccnc2)c1)C1CCC1S(=O)(=O)c1ccccc1,train
TWBKIWUMAUJIEJ-UHFFFAOYSA-N,IC50,CC(C)Nc1c(-c2cccc(Cl)c2)nc2ccc(Cl)cn12,CHEMBL3922867,6.71,6.71,6.71,,1,B,2016,2016,c1ccc(-c2cn3ccccc3n2)cc1,train
TWFOTSFGMLZRBL-ZDUSSCGKSA-N,IC50,C[C@@H](C(=O)Nc1cncc(-c2cnc(C(F)(F)F)nc2)n1)n1cnc2c1c(=O)n(Cc1ccccn1)c(=O)n2C,CHEMBL6061335,7.36,7.36,7.36,,1,B,2019,2019,O=C(Cn1cnc2[nH]c(=O)n(Cc3ccccn3)c(=O)c21)Nc1cncc(-c2cncnc2)n1,test
TXKNNFBWMGCAIH-UHFFFAOYSA-N,IC50,Cn1ncc2cc(-c3ccccc3C(F)(F)F)ccc21,CHEMBL3298921,5.13,5.13,5.13,,1,B,2014,2014,c1ccc(-c2ccc3[nH]ncc3c2)cc1,train
TXNGOQOPLKBABO-UHFFFAOYSA-N,IC50,CC(=O)Cn1c(=O)c2c(ncn2CC(=O)Nc2csc(-c3cnc(C(F)(F)F)c(C)c3)n2)n(C)c1=O,CHEMBL6032059,7.8,7.8,7.8,,1,B,2019,2019,O=C(Cn1cnc2[nH]c(=O)[nH]c(=O)c21)Nc1csc(-c2cccnc2)n1,train
TXPGGPGYHNTFCB-UHFFFAOYSA-N,IC50,COc1ccc(Oc2cccc(C3NC(=S)NC4=C3C(=O)c3ccccc34)c2)cc1,CHEMBL1939831,5.82,5.82,5.82,,1,F,2012,2012,O=C1C2=C(NC(=S)NC2c2cccc(Oc3ccccc3)c2)c2ccccc21,test
TYJQINOLZPZTBH-VYDXJSESSA-N,IC50,Cn1cnc2ncn(Cc3nc([C@H]4[C@@H]5C=C(c6ccccc6)C[C@@H]54)no3)c(=O)c21,CHEMBL5079912,8.315,7.86,8.77,0.643467170879758,2,B,2020,2020,O=c1c2[nH]cnc2ncn1Cc1nc(C2C3C=C(c4ccccc4)CC32)no1,train
TYJQINOLZPZTBH-ZMSDIMECSA-N,IC50,Cn1cnc2ncn(Cc3nc([C@@H]4[C@H]5C=C(c6ccccc6)C[C@H]54)no3)c(=O)c21,CHEMBL5987323,7.835,7.67,8.0,0.2333452377915607,2,B,2020,2020,O=c1c2[nH]cnc2ncn1Cc1nc(C2C3C=C(c4ccccc4)CC32)no1,train
TYQOZUXGSCBNIH-ZMSDIMECSA-N,IC50,Cn1cnc2ncn(Cc3nc([C@@H]4[C@H]5C=C(c6ccc(C(F)F)cc6)C[C@H]54)no3)c(=O)c21,CHEMBL5740471,7.314999999999999,7.17,7.46,0.2050609665440991,2,B,2020,2020,O=c1c2[nH]cnc2ncn1Cc1nc(C2C3C=C(c4ccccc4)CC32)no1,train
TYULVTOTCDEHCJ-UHFFFAOYSA-N,IC50,Cn1c(=O)c2c(CC(=O)Nc3nc(-c4cccc(Cl)c4F)cs3)cccc2n(C)c1=O,CHEMBL3896060,7.23,7.23,7.23,,1,B,2015,2015,O=C(Cc1cccc2[nH]c(=O)[nH]c(=O)c12)Nc1nc(-c2ccccc2)cs1,train
TYVAUHSKNIQPSU-UHFFFAOYSA-N,IC50,Cc1ncc(-c2cccc(NC(=O)Cn3cnc4c3c(=O)n(CCCO)c(=O)n4C)n2)cc1C(F)(F)F,CHEMBL5957740,6.15,6.15,6.15,,1,B,2019,2019,O=C(Cn1cnc2[nH]c(=O)[nH]c(=O)c21)Nc1cccc(-c2cccnc2)n1,train
TZBQKXVWVGUNKE-NSHDSACASA-N,IC50,Cc1cc(Cn2c(=O)c3c(ncn3[C@@H](C)C(=O)Nc3csc(-c4cnc(C(F)(F)F)nc4)n3)n(C)c2=O)no1,CHEMBL5902906,8.52,8.52,8.52,,1,B,2019,2019,O=C(Cn1cnc2[nH]c(=O)n(Cc3ccon3)c(=O)c21)Nc1csc(-c2cncnc2)n1,train
TZHDABLSSVGCNR-CPNJWEJPSA-N,IC50,O/N=C/CCc1nc(-c2ccccc2)c(-c2ccccc2)o1,CHEMBL5558033,5.62,5.62,5.62,,1,B,2023,2023,c1ccc(-c2ncoc2-c2ccccc2)cc1,test
TZLVKUCIPMWSSF-UHFFFAOYSA-N,IC50,CCCNc1cc(NC(=O)c2cccs2)cc(C(F)(F)F)c1,CHEMBL3311182,6.41,6.41,6.41,,1,B,2014,2014,O=C(Nc1ccccc1)c1cccs1,train
TZSFNLCUZPGZPC-HSBZDZAISA-N,IC50,C[C@@H](C(=O)Nc1csc(-c2cnc(N3CC4CC4C3)nc2)n1)n1cnc2c1c(=O)n(CC#N)c(=O)n2C,CHEMBL6010308,9.0,9.0,9.0,,1,B,2019,2019,O=C(Cn1cnc2[nH]c(=O)[nH]c(=O)c21)Nc1csc(-c2cnc(N3CC4CC4C3)nc2)n1,train
UAFOQTDIOJYBAK-LBPRGKRZSA-N,IC50,Cc1c(C(N)=O)sc2ncn(Cc3nnn(C[C@H](O)c4cc5ccc(F)cc5o4)n3)c(=O)c12,CHEMBL5993418,7.77,7.77,7.77,,1,B,2023,2023,O=c1c2ccsc2ncn1Cc1nnn(CCc2cc3ccccc3o2)n1,train
UALSWYBQKGDEMG-FOLVSLTJSA-N,IC50,Cn1cnc2ncn(Cc3nc([C@H]4[C@@H]5CN(c6ccc(C(F)(F)F)cc6)C[C@@H]54)no3)c(=O)c21,CHEMBL5942290,7.01,7.01,7.01,,1,B,2020,2020,O=c1c2[nH]cnc2ncn1Cc1nc(C2C3CN(c4ccccc4)CC32)no1,train
UATIZTLPJAFMBY-UHFFFAOYSA-N,IC50,C#CC(CC)(CC)NC(=O)c1cccnc1NC1CC(F)(F)C1,CHEMBL5408439,9.0,9.0,9.0,,1,B,2023,2023,c1ccc(NC2CCC2)nc1,test
UATUZHBLNDHYJN-UHFFFAOYSA-N,IC50,O=C1C2=C(NC(=S)NC2c2cccc(F)c2)c2ccccc21,CHEMBL1939982,5.96,5.96,5.96,,1,F,2012,2012,O=C1C2=C(NC(=S)NC2c2ccccc2)c2ccccc21,train
UBDMNODMLSWLJU-UHFFFAOYSA-N,IC50,CCC(=O)Cn1c(=O)c2c(ncn2CC(=O)Nc2csc(-c3cnc(C)c(C(F)(F)F)c3)n2)n(C)c1=O,CHEMBL6062983,8.7,8.7,8.7,,1,B,2019,2019,O=C(Cn1cnc2[nH]c(=O)[nH]c(=O)c21)Nc1csc(-c2cccnc2)n1,train
UBIGLFMMKSHTCL-XYPYZODXSA-N,IC50,Cn1cnc2ncn(Cc3nc([C@H]4C[C@H](c5cc(Cl)ccc5F)C4)no3)c(=O)c21,CHEMBL5771516,6.05,6.05,6.05,,1,B,2020,2020,O=c1c2[nH]cnc2ncn1Cc1nc(C2CC(c3ccccc3)C2)no1,train
UBLPTRCPCBWBQJ-MWLCHTKSSA-N,IC50,O[C@]1(C(F)(F)F)CCCC[C@H]1Nc1ccc(F)cn1,CHEMBL5419942,6.36,6.36,6.36,,1,B,2023,2023,c1ccc(NC2CCCCC2)nc1,test
UBMQUDZBOKUCFG-UHFFFAOYSA-N,IC50,CC(C)N(CC(=O)NCc1cc(C2=CCC(C(F)(F)F)CC2)ncn1)S(=O)(=O)c1ccc(F)cc1,CHEMBL6058851,7.89,7.89,7.89,,1,B,2017,2017,O=C(CNS(=O)(=O)c1ccccc1)NCc1cc(C2=CCCCC2)ncn1,test
UBMSHZLMEPQAEO-UZLBHIALSA-N,IC50,COc1cnc(CNC(=O)[C@@H]2C[C@@H](F)CN2S(=O)(=O)c2ccc(F)cc2)cc1-c1ccc(C(F)(F)F)nc1,CHEMBL5776787,6.59,6.59,6.59,,1,B,2022,2022,O=C(NCc1cc(-c2cccnc2)ccn1)C1CCCN1S(=O)(=O)c1ccccc1,train
UBNFGYAHASKHBP-DPGVGJJJSA-N,IC50,C[C@@H](C(=O)Nc1csc(-c2cnc(N3CC4CC4C3)nc2)n1)n1cnc2c1c(=O)n(CC1CCO1)c(=O)n2C,CHEMBL5906916,7.03,7.03,7.03,,1,B,2019,2019,O=C(Cn1cnc2[nH]c(=O)n(CC3CCO3)c(=O)c21)Nc1csc(-c2cnc(N3CC4CC4C3)nc2)n1,test
UBPCAFJGUWNEMN-UHFFFAOYSA-N,IC50,COc1cccc(C2NC(=O)NC3=C2C(=O)c2ccccc23)c1,CHEMBL1939825,5.41,5.41,5.41,,1,F,2012,2012,O=C1NC2=C(C(=O)c3ccccc32)C(c2ccccc2)N1,train
UBUXWCVQTXCIQO-CTNGQTDRSA-N,IC50,N#Cc1ccc(-c2cnc(C(F)(F)F)nc2)cc1CNC(=O)[C@@H]1C[C@@H](F)CN1S(=O)(=O)c1ccc(F)cc1,CHEMBL5871660,7.5,7.5,7.5,,1,B,2022,2022,O=C(NCc1cccc(-c2cncnc2)c1)C1CCCN1S(=O)(=O)c1ccccc1,train
UCDSHIQKQTZWPG-HBYGRHMLSA-N,IC50,Cn1cnc2ncn(Cc3nc([C@H]4[C@@H]5CN(c6cccc(F)c6F)C[C@@H]54)no3)c(=O)c21,CHEMBL5752360,8.245,7.89,8.6,0.502045814642449,2,B,2020,2020,O=c1c2[nH]cnc2ncn1Cc1nc(C2C3CN(c4ccccc4)CC32)no1,train
UCEMIMKHNJNYGN-GXTWGEPZSA-N,IC50,Cc1cnn2nc(N)n(Cc3nc([C@@H]4CO[C@@H](c5cccc(F)c5)C4)no3)c(=O)c12,CHEMBL6063069,8.145,7.75,8.54,0.558614357137372,2,B,2020,2020,O=c1c2ccnn2ncn1Cc1nc(C2COC(c3ccccc3)C2)no1,train
UCJIHDPETWQPQU-JYAVWHMHSA-N,IC50,Cn1cnc2ncn(Cc3nc([C@H]4[C@@H]5CN(c6ccccn6)C[C@@H]54)no3)c(=O)c21,CHEMBL5936920,6.77,6.65,6.89,0.1697056274847712,2,B,2020,2020,O=c1c2[nH]cnc2ncn1Cc1nc(C2C3CN(c4ccccn4)CC32)no1,train
UCKXLBXZQVVGPI-SWLSCSKDSA-N,IC50,O=c1ccc2c(=O)n(Cc3nc([C@@H]4CO[C@@H](c5ccc(Cl)cc5)C4)no3)cnc2[nH]1,CHEMBL5812244,7.85,7.8,7.9,0.0707106781186548,2,B,2020,2020,O=c1ccc2c(=O)n(Cc3nc(C4COC(c5ccccc5)C4)no3)cnc2[nH]1,test
UDAGLRCWWLUKSE-ZETCQYMHSA-N,IC50,C[C@@H](C(N)=O)n1cnc2c1c(=O)n(Cc1ccon1)c(=O)n2C,CHEMBL5772380,8.05,8.05,8.05,,1,B,2019,2019,O=c1[nH]c2nc[nH]c2c(=O)n1Cc1ccon1,train
UDPABTBYLOLUHD-RUYXUALKSA-N,IC50,Cn1cc(-c2cccc(N3C[C@@H]4[C@H](C3)[C@H]4c3noc(Cn4cnc5ncn(C)c5c4=O)n3)c2)cn1,CHEMBL5939414,7.595,7.42,7.77,0.2474873734152913,2,B,2020,2020,O=c1c2[nH]cnc2ncn1Cc1nc(C2C3CN(c4cccc(-c5cn[nH]c5)c4)CC32)no1,val
UEHUSIYUKHFKRV-PXNSSMCTSA-N,IC50,O=C(NCc1cc(-c2ccc(C(F)(F)F)nc2)ncn1)[C@@H]1[C@@H](F)CCN1S(=O)(=O)c1ccc(F)cc1,CHEMBL6056755,7.66,7.64,7.68,0.0282842712474616,2,B,2022,2022,O=C(NCc1cc(-c2cccnc2)ncn1)C1CCCN1S(=O)(=O)c1ccccc1,train
UEHUSIYUKHFKRV-XLIONFOSSA-N,IC50,O=C(NCc1cc(-c2ccc(C(F)(F)F)nc2)ncn1)[C@@H]1[C@H](F)CCN1S(=O)(=O)c1ccc(F)cc1,CHEMBL5791120,6.92,6.92,6.92,,1,B,2022,2022,O=C(NCc1cc(-c2cccnc2)ncn1)C1CCCN1S(=O)(=O)c1ccccc1,train
UEIQIVZEFKXGRU-DZGCQCFKSA-N,IC50,Cc1ccnc2c1c(=O)nc(N)n2Cc1nc([C@@H]2CO[C@@H](c3ccc(Cl)cc3)C2)no1,CHEMBL5938422,7.960000000000001,7.7,8.22,0.3676955262170047,2,B,2020,2020,O=c1ncn(Cc2nc(C3COC(c4ccccc4)C3)no2)c2ncccc12,train
UENMERGMSLVGMM-UHFFFAOYSA-N,IC50,Cn1cnc2ncn(Cc3nn(CCCOc4cccc(F)c4)c(=O)o3)c(=O)c21,CHEMBL6031550,7.11,7.11,7.11,,1,B,2021,2021,O=c1c2[nH]cnc2ncn1Cc1nn(CCCOc2ccccc2)c(=O)o1,train
UFGFONRIHSHSQK-UHFFFAOYSA-N,IC50,CCC(=O)Cn1c(=O)c2c(ncn2CC(=O)Nc2cncc(-c3cnc(C(F)(F)F)c(C)c3)n2)n(C)c1=O,CHEMBL5922474,8.0,8.0,8.0,,1,B,2019,2019,O=C(Cn1cnc2[nH]c(=O)[nH]c(=O)c21)Nc1cncc(-c2cccnc2)n1,train
UFPYGNKXLRNGEZ-LBPRGKRZSA-N,IC50,Cc1c(C(N)=O)sc2ncn(Cc3nc(C[C@H](O)c4cc5ccccc5o4)no3)c(=O)c12,CHEMBL4848827,7.72,7.72,7.72,0.0,2,B,2021,2021,O=c1c2ccsc2ncn1Cc1nc(CCc2cc3ccccc3o2)no1,test
UFWFBUMHAHPWIR-QFIPXVFZSA-N,IC50,CC(C)n1c(=O)c(CNC(=O)[C@@H]2C=CCN2S(=O)(=O)c2cc3cc(F)ccc3o2)cn(-c2ccc(C(F)(F)F)cc2)c1=O,CHEMBL5915022,8.44,8.44,8.44,,1,B,2020,2020,O=C(NCc1cn(-c2ccccc2)c(=O)[nH]c1=O)C1C=CCN1S(=O)(=O)c1cc2ccccc2o1,test
UGCWKTVXXQNBBB-QMMMGPOBSA-N,IC50,Cc1cc(Cn2c(=O)c3c(ncn3[C@@H](C)C(N)=O)n(C)c2=O)no1,CHEMBL6007514,8.5,8.3,8.7,0.282842712474618,2,B,2019,2019,O=c1[nH]c2nc[nH]c2c(=O)n1Cc1ccon1,train
UGLQOTZNBCEHHB-GXTWGEPZSA-N,IC50,Cn1cnc2ncn(Cc3nc([C@@H]4CO[C@@H](c5ccc(Cl)cc5)C4)no3)c(=O)c21,CHEMBL4849329,8.43,7.74,9.06,0.444720545552332,11,B,2020,2021,O=c1c2[nH]cnc2ncn1Cc1nc(C2COC(c3ccccc3)C2)no1,train
UGNITJJEQSWNLC-FQEVSTJZSA-N,IC50,O=C(NCc1cc(-c2ccc(C(F)(F)F)nc2)ncn1)[C@@H]1CC2(CC2)CN1S(=O)(=O)c1ccc(F)cc1,CHEMBL5809858,7.36,7.36,7.36,,1,B,2022,2022,O=C(NCc1cc(-c2cccnc2)ncn1)C1CC2(CC2)CN1S(=O)(=O)c1ccccc1,train
UHFTVWYXWVHSRU-DEOSSOPVSA-N,IC50,O=C(NCc1cn(-c2ccc(C(F)(F)F)cc2)c(=O)n(C2CCOCC2)c1=O)[C@@H]1CCCN1S(=O)(=O)c1cc2ccccc2o1,CHEMBL5758152,6.85,6.85,6.85,,1,B,2020,2020,O=C(NCc1cn(-c2ccccc2)c(=O)n(C2CCOCC2)c1=O)C1CCCN1S(=O)(=O)c1cc2ccccc2o1,test
UHKWFAINYHCAGK-ZDUSSCGKSA-N,IC50,CC(C)C(=O)Cn1c(=O)c2c(ncn2[C@@H](C)C(=O)Nc2cccc(-c3cnc(C(F)(F)F)nc3)n2)n(C)c1=O,CHEMBL5818464,7.96,7.96,7.96,,1,B,2019,2019,O=C(Cn1cnc2[nH]c(=O)[nH]c(=O)c21)Nc1cccc(-c2cncnc2)n1,train
UIGLXZWGNZLPBE-UHFFFAOYSA-N,IC50,Fc1ccc(Nc2n[nH]c3cc(OC(F)(F)F)ccc23)cc1F,CHEMBL4060024,6.88,6.88,6.88,,1,B,2017,2017,c1ccc(Nc2n[nH]c3ccccc23)cc1,train
UIOBCEWGNQAZGR-LBPRGKRZSA-N,IC50,COCC(=O)Cn1c(=O)c2c(ncn2[C@@H](C)C(=O)Nc2cccc(-c3cnc(C(F)(F)F)nc3)n2)n(C)c1=O,CHEMBL6014669,7.35,7.35,7.35,,1,B,2019,2019,O=C(Cn1cnc2[nH]c(=O)[nH]c(=O)c21)Nc1cccc(-c2cncnc2)n1,train
UIRWKLHAJGYDII-HDJSIYSDSA-N,IC50,Cn1cnc2ncn(Cc3nc([C@H]4C[C@H](Cc5cccc(Cl)c5)C4)no3)c(=O)c21,CHEMBL5845287,7.75,7.72,7.78,0.0424264068711932,2,B,2020,2020,O=c1c2[nH]cnc2ncn1Cc1nc(C2CC(Cc3ccccc3)C2)no1,train
UJNIKPJDCKJXCL-SMDDNHRTSA-N,IC50,Cn1cnc2ncn(Cc3nc([C@@H]4CO[C@@H](c5ccc(F)c(Cl)c5)C4)no3)c(=O)c21,CHEMBL5859911,8.115,7.79,8.44,0.4596194077712552,2,B,2020,2020,O=c1c2[nH]cnc2ncn1Cc1nc(C2COC(c3ccccc3)C2)no1,train
UJUTWGLLXLIFHF-XJKSGUPXSA-N,IC50,Cn1cnc2ccn(Cc3nc([C@@H]4CO[C@@H](c5ccc(F)cc5)C4)no3)c(=O)c21,CHEMBL5897708,8.445,8.17,8.72,0.3889087296526016,2,B,2020,2020,O=c1c2[nH]cnc2ccn1Cc1nc(C2COC(c3ccccc3)C2)no1,train
ULJYMNHMDLMTMC-JXMROGBWSA-N,IC50,O=C(/C=C/c1ccc(Br)cc1)Nc1ccccc1C(=O)O,CHEMBL4454519,5.025,5.0,5.05,0.0353553390593269,2,B,2019,2019,O=C(C=Cc1ccccc1)Nc1ccccc1,train
ULKXMRSVFAZCMY-UHFFFAOYSA-N,IC50,Fc1ccc(Nc2n[nH]c3cc(-c4ccc(F)c(F)c4)ccc23)cc1F,CHEMBL4082907,5.43,5.43,5.43,,1,B,2017,2017,c1ccc(Nc2n[nH]c3cc(-c4ccccc4)ccc23)cc1,test
ULMWCILOQZCGJY-UHFFFAOYSA-N,IC50,CC(C)N(CC(=O)NCC1CCN(c2ccc(C(F)(F)F)cc2)C1)S(=O)(=O)c1ccc(F)cc1,CHEMBL3983229,6.37,6.37,6.37,,1,B,2016,2016,O=C(CNS(=O)(=O)c1ccccc1)NCC1CCN(c2ccccc2)C1,val
ULPYOGCEDACOBS-XXBNENTESA-N,IC50,N#Cc1cnc(CNC(=O)[C@@H]2C[C@@H](F)CN2S(=O)(=O)c2ccc(F)cc2)cc1-c1ccc(C(F)(F)F)cc1,CHEMBL6011652,7.64,7.64,7.64,,1,B,2022,2022,O=C(NCc1cc(-c2ccccc2)ccn1)C1CCCN1S(=O)(=O)c1ccccc1,train
ULQKHUFRRFOYGH-VXGBXAGGSA-N,IC50,O[C@]1(C(F)(F)F)CCCC[C@H]1Nc1ccc(F)c(Cl)c1,CHEMBL5423752,7.26,7.26,7.26,,1,B,2023,2023,c1ccc(NC2CCCCC2)cc1,train
ULYAWZCWOGWOHO-MOPGFXCFSA-N,IC50,COc1nn(-c2ccc(C(F)(F)F)nc2)cc1CNC(=O)[C@@H]1CCC[C@@H]1S(=O)(=O)c1ccc(F)cc1,CHEMBL5827645,6.8,6.8,6.8,,1,B,2020,2020,O=C(NCc1cnn(-c2cccnc2)c1)C1CCCC1S(=O)(=O)c1ccccc1,train
ULYAWZCWOGWOHO-UHFFFAOYSA-N,IC50,COc1nn(-c2ccc(C(F)(F)F)nc2)cc1CNC(=O)C1CCCC1S(=O)(=O)c1ccc(F)cc1,CHEMBL5835247,6.66,6.66,6.66,,1,B,2020,2020,O=C(NCc1cnn(-c2cccnc2)c1)C1CCCC1S(=O)(=O)c1ccccc1,train
UMPKQOIERIFEBI-XLIONFOSSA-N,IC50,N#Cc1cnc(-c2cnc(C(F)(F)F)nc2)cc1CNC(=O)[C@@H]1C[C@@H](F)CN1S(=O)(=O)c1ccc(F)cc1,CHEMBL5964951,7.26,7.26,7.26,,1,B,2022,2022,O=C(NCc1ccnc(-c2cncnc2)c1)C1CCCN1S(=O)(=O)c1ccccc1,train
UMRMICUACMEDEJ-NSHDSACASA-N,IC50,Cc1noc(Cn2c(=O)c3c(ncn3[C@@H](C)C(=O)Nc3cccc(-c4cnc(C(F)(F)F)nc4)n3)n(C)c2=O)n1,CHEMBL5832710,7.82,7.82,7.82,,1,B,2019,2019,O=C(Cn1cnc2[nH]c(=O)n(Cc3ncno3)c(=O)c21)Nc1cccc(-c2cncnc2)n1,train
UNDOEYISHOZRKE-AWEZNQCLSA-N,IC50,O=c1c2cccnc2ncn1Cc1nn(C[C@H](F)c2ccc(Cl)cc2)c(=O)o1,CHEMBL5752077,7.31,7.31,7.31,,1,B,2021,2021,O=c1c2cccnc2ncn1Cc1nn(CCc2ccccc2)c(=O)o1,train
UNUFMVKHNXLXDY-JTQLQIEISA-N,IC50,CC(=O)Cn1c(=O)c2c(ncn2[C@@H](C)C(=O)Nc2csc(-c3cnc(C(F)(F)F)nc3)n2)n(C)c1=O,CHEMBL5822190,7.8,7.8,7.8,,1,B,2019,2019,O=C(Cn1cnc2[nH]c(=O)[nH]c(=O)c21)Nc1csc(-c2cncnc2)n1,train
UPRRZFSNUVXMOP-UHFFFAOYSA-N,IC50,N#Cc1ccccc1-c1ccc2[nH]ncc2c1,CHEMBL3298245,5.89,5.89,5.89,,1,B,2014,2014,c1ccc(-c2ccc3[nH]ncc3c2)cc1,train
UQQKRMCYRSVYLO-SWLSCSKDSA-N,IC50,N#Cc1cnn2ncn(Cc3nc([C@@H]4CO[C@@H](c5ccc(Cl)cc5)C4)no3)c(=O)c12,CHEMBL5937792,7.21,7.02,7.4,0.2687005768508886,2,B,2020,2020,O=c1c2ccnn2ncn1Cc1nc(C2COC(c3ccccc3)C2)no1,train
URFBKMSDRKBRGT-UHFFFAOYSA-N,IC50,Cn1nc2c(c1CC(=O)Nc1nc(-c3ccc(C(F)(F)F)c(F)c3)cs1)c(=O)n(C)c(=O)n2C,CHEMBL3981381,7.8,7.8,7.8,,1,B,2015,2015,O=C(Cc1[nH]nc2[nH]c(=O)[nH]c(=O)c12)Nc1nc(-c2ccccc2)cs1,train
URFSQYMVDMFPDP-VQFNDLOPSA-N,IC50,CC(=O)c1cccc(N2C[C@@H]3[C@H](C2)[C@H]3c2noc(Cn3cnc4ncn(C)c4c3=O)n2)c1,CHEMBL6039616,6.53,6.53,6.53,,1,B,2020,2020,O=c1c2[nH]cnc2ncn1Cc1nc(C2C3CN(c4ccccc4)CC32)no1,train
URUKHZGNVYMGRF-SUMWQHHRSA-N,IC50,O=c1c2cccnc2cnn1Cc1nc([C@@H]2CO[C@@H](c3ccc(Cl)cc3)C2)no1,CHEMBL6025994,8.225000000000001,8.14,8.31,0.1202081528017124,2,B,2020,2020,O=c1c2cccnc2cnn1Cc1nc(C2COC(c3ccccc3)C2)no1,train
USAKNJFJFIOYMS-UHFFFAOYSA-N,IC50,CC(C)N(CC(=O)NCc1cc(-c2ccc(C(F)(F)F)nc2)ncn1)S(=O)(=O)c1ccc(F)cc1,CHEMBL5766826,7.24,7.24,7.24,,1,B,2017,2017,O=C(CNS(=O)(=O)c1ccccc1)NCc1cc(-c2cccnc2)ncn1,test
USDCLRVAPBYPTA-UHFFFAOYSA-N,IC50,Cc1ccnc2ncn(Cc3nn(CCCOc4cccc(Cl)c4)c(=O)o3)c(=O)c12,CHEMBL5907284,8.2,8.2,8.2,,1,B,2021,2021,O=c1c2cccnc2ncn1Cc1nn(CCCOc2ccccc2)c(=O)o1,test
USIMINOHYGYKII-BLLLJJGKSA-N,IC50,NC(=O)c1ccc2c(=O)n(Cc3nc([C@@H]4CO[C@@H](c5ccc(Cl)cc5)C4)no3)cnc2n1,CHEMBL5997957,7.18,7.18,7.18,,1,B,2020,2020,O=c1c2cccnc2ncn1Cc1nc(C2COC(c3ccccc3)C2)no1,train
UTFLCXHCPNBVTF-OOHWJJMZSA-N,IC50,C[C@@H](C(=O)Nc1ccnc(-c2ccc(N3CC4CC4C3)nc2)n1)n1cnc2c1c(=O)n(CC#N)c(=O)n2C,CHEMBL5916989,7.85,7.85,7.85,,1,B,2019,2019,O=C(Cn1cnc2[nH]c(=O)[nH]c(=O)c21)Nc1ccnc(-c2ccc(N3CC4CC4C3)nc2)n1,train
UTHLYYCFCKJWHC-LBPRGKRZSA-N,IC50,Cc1c(C(N)=O)sc2ncn(Cc3nc(C[C@H](O)c4cc(F)cc(F)c4)no3)c(=O)c12,CHEMBL4851706,7.32,7.32,7.32,0.0,2,B,2021,2021,O=c1c2ccsc2ncn1Cc1nc(CCc2ccccc2)no1,train
UTJXOPBNZMFOCR-UHFFFAOYSA-N,IC50,O=C(Cn1cnc2c(C(F)(F)F)cccc2c1=O)NCCc1ccc(Cl)cc1,CHEMBL3786619,6.54,6.54,6.54,,1,B,2016,2016,O=C(Cn1cnc2ccccc2c1=O)NCCc1ccccc1,train
UTKNJQPGTMVBMG-UOIKSKOESA-N,IC50,O=c1c2cccnc2cnn1Cc1nc([C@H]2[C@@H]3CN(c4cc(Cl)ccn4)C[C@@H]32)no1,CHEMBL5092342,7.314999999999999,7.29,7.34,0.0353553390593275,2,B,2020,2020,O=c1c2cccnc2cnn1Cc1nc(C2C3CN(c4ccccn4)CC32)no1,train
UTUGFRIYXHKDHB-UHFFFAOYSA-N,IC50,CCN(CC(=O)NCC1CCN(c2ccc(C(F)(F)F)cc2)C1)S(=O)(=O)c1ccc(F)cc1,CHEMBL3913396,6.2,6.2,6.2,,1,B,2016,2016,O=C(CNS(=O)(=O)c1ccccc1)NCC1CCN(c2ccccc2)C1,val
UTZJMYCMNMRQMT-UHFFFAOYSA-N,IC50,CC1(C)CCCC(O)(C(F)(F)F)C1Cc1ccc(Cl)cc1,CHEMBL5431800,6.47,6.47,6.47,,1,B,2023,2023,c1ccc(CC2CCCCC2)cc1,train
UUNIDFJRGJIJRR-KNQAVFIVSA-N,IC50,O=C(NCc1cc(F)cc(-c2ccc(C(F)(F)F)cn2)c1)[C@@H]1C[C@@H](F)CN1S(=O)(=O)c1ccc(F)cc1,CHEMBL5850661,7.92,7.92,7.92,,1,B,2022,2022,O=C(NCc1cccc(-c2ccccn2)c1)C1CCCN1S(=O)(=O)c1ccccc1,train
UVBNFRHQCIVIHZ-UHFFFAOYSA-N,IC50,O=C(Nc1cc(NCCc2ccccc2)cc(C(F)(F)F)c1)c1cccs1,CHEMBL3311177,5.41,5.41,5.41,,1,B,2014,2014,O=C(Nc1cccc(NCCc2ccccc2)c1)c1cccs1,test
UVOLYTDXHDXWJU-UHFFFAOYSA-N,IC50,CCCCCc1cc(O)c2c(c1)OC(C)(CCC=C(C)C)C=C2,CHEMBL422704,6.43,6.43,6.43,,1,B,2021,2021,C1=Cc2ccccc2OC1,val
UVSNLHFJAUUNSA-UHFFFAOYSA-N,IC50,COc1cc2ncnc(Oc3ccc(F)cc3F)c2cc1OC,CHEMBL3297779,5.92,5.92,5.92,,1,B,2014,2014,c1ccc(Oc2ncnc3ccccc23)cc1,train
UWDLUBUGDCCBFZ-UHFFFAOYSA-N,IC50,CN1C(=O)c2c(ncn2CC(=O)Nc2nc(-c3ccc(Br)cc3)cs2)N2CCN=C12,CHEMBL3924146,6.04,6.04,6.04,,1,B,2015,2015,O=C(Cn1cnc2c1C(=O)NC1=NCCN12)Nc1nc(-c2ccccc2)cs1,train
UWMCTQWPZDKBJF-UHFFFAOYSA-N,IC50,CCCCOc1cccc(C2NC(=S)NC3=C2C(=O)c2ccccc23)c1,CHEMBL1939836,6.51,6.51,6.51,,1,F,2012,2012,O=C1C2=C(NC(=S)NC2c2ccccc2)c2ccccc21,train
UXBMNEVNXIVWQJ-UKRRQHHQSA-N,IC50,Cn1cnc2ncn(Cc3nn([C@@H]4CC[C@@H](c5cccc(F)c5)C4)c(=O)o3)c(=O)c21,CHEMBL6035319,7.12,7.12,7.12,,1,B,2021,2021,O=c1c2[nH]cnc2ncn1Cc1nn(C2CCC(c3ccccc3)C2)c(=O)o1,train
UXGWCMBTDPTQJV-UHFFFAOYSA-N,IC50,Cc1noc(C(C)C)c1C(=O)NC(C(=O)c1ccc(C#N)cc1)C(C)C,CHEMBL2071511,5.75,5.7,5.8,0.0707106781186545,2,F,2012,2012,O=C(CNC(=O)c1cnoc1)c1ccccc1,train
UYKCJYVCQPMHNT-HWWDLCQESA-N,IC50,Cn1cnc2ncn(Cc3nc([C@H]4[C@@H]5CN(c6ccc7c(cnn7C)c6)C[C@@H]54)no3)c(=O)c21,CHEMBL5847873,6.85,6.85,6.85,,1,B,2020,2020,O=c1c2[nH]cnc2ncn1Cc1nc(C2C3CN(c4ccc5[nH]ncc5c4)CC32)no1,test
UZJUTLNJTZTLIT-DZGCQCFKSA-N,IC50,Cc1ncn2ncn(Cc3nc([C@@H]4CO[C@@H](c5ccc(Cl)cc5)C4)no3)c(=O)c12,CHEMBL5987185,7.755000000000001,7.69,7.82,0.0919238815542507,2,B,2020,2020,O=c1c2cncn2ncn1Cc1nc(C2COC(c3ccccc3)C2)no1,train
UZYVKXQRCHHNOU-UHFFFAOYSA-N,IC50,Cc1ccnc2ncn(Cc3nc(CCc4ccc(Cl)cc4)no3)c(=O)c12,CHEMBL3787249,7.8,7.8,7.8,,1,B,2016,2016,O=c1c2cccnc2ncn1Cc1nc(CCc2ccccc2)no1,train
VAMUXLNWFXEYKM-HDMKZQKVSA-N,IC50,Cn1cnc2ncn(Cc3nc([C@@H]4[C@H]5C=C(c6ccc(C#N)c(F)c6)C[C@H]54)no3)c(=O)c21,CHEMBL5783225,7.994999999999999,7.71,8.28,0.4030508652763319,2,B,2020,2020,O=c1c2[nH]cnc2ncn1Cc1nc(C2C3C=C(c4ccccc4)CC32)no1,train
VAQHWBGAUVOQKD-UHFFFAOYSA-N,IC50,Cc1ccc(CCn2nc(Cn3cnc4ncn(C)c4c3=O)oc2=O)cc1,CHEMBL5878226,6.9,6.9,6.9,,1,B,2021,2021,O=c1c2[nH]cnc2ncn1Cc1nn(CCc2ccccc2)c(=O)o1,train
VATHVJGDHKTADD-WCQYABFASA-N,IC50,Cn1cnc2nc(N)n(Cc3nc([C@@H]4CO[C@@H](c5ccc(F)cc5)C4)no3)c2c1=O,CHEMBL5782958,6.695,6.33,7.06,0.516187950266179,2,B,2020,2020,O=c1[nH]cnc2ncn(Cc3nc(C4COC(c5ccccc5)C4)no3)c12,train
VAUMAOIZDODPOE-WCQYABFASA-N,IC50,Cn1nnc2ncn(Cc3nc([C@@H]4CO[C@@H](c5ccc(Cl)cc5)C4)no3)c(=O)c21,CHEMBL5956384,8.440000000000001,8.31,8.57,0.1838477631085015,2,B,2020,2020,O=c1c2[nH]nnc2ncn1Cc1nc(C2COC(c3ccccc3)C2)no1,train
VAUVHMUBXCTTST-UHFFFAOYSA-N,IC50,Cc1nc2c(c(=O)n(Cc3ccccn3)c(=O)n2C)n1CC(=O)Nc1cccc(-c2ccc(F)c(F)c2)n1,CHEMBL5932773,7.27,7.27,7.27,,1,B,2019,2019,O=C(Cn1cnc2[nH]c(=O)n(Cc3ccccn3)c(=O)c21)Nc1cccc(-c2ccccc2)n1,train
VAYDAGLRIHWYGW-QMMMGPOBSA-N,IC50,Cc1oc2ncn(Cc3nnn(C[C@H](O)c4ccc(Cl)s4)n3)c(=O)c2c1C(N)=O,CHEMBL5995435,7.7,7.7,7.7,,1,B,2023,2023,O=c1c2ccoc2ncn1Cc1nnn(CCc2cccs2)n1,train
VBAQWZDXFYJLPZ-KDOFPFPSSA-N,IC50,O=C(NCc1ncc(F)c(-c2ccc(C(F)(F)F)nc2)c1F)[C@@H]1C[C@@H](F)CN1S(=O)(=O)c1ccc(F)cc1,CHEMBL5795181,6.65,6.65,6.65,,1,B,2022,2022,O=C(NCc1cc(-c2cccnc2)ccn1)C1CCCN1S(=O)(=O)c1ccccc1,train
VBARHQQFLPIUTB-UHFFFAOYSA-N,IC50,CC(CCO)CC(C)c1ccccc1,CHEMBL5595901,4.7,4.7,4.7,,1,B,2024,2024,c1ccccc1,train
VBECZLUYZDGVPW-UHFFFAOYSA-N,IC50,COc1nn(-c2ccc(C(F)(F)F)cc2)cc1CNC(=O)C1CCC1(C)S(=O)(=O)c1ccc(F)cc1,CHEMBL5888715,7.42,7.14,7.42,0.1616580753730956,3,B,2020,2020,O=C(NCc1cnn(-c2ccccc2)c1)C1CCC1S(=O)(=O)c1ccccc1,train
VBGLYOIFKLUMQG-UHFFFAOYSA-N,IC50,CCCCCc1cc(O)c2c(c1)OC(C)(C)c1ccc(C)cc1-2,CHEMBL74415,6.54,6.4,6.68,0.1979898987322328,2,B,2021,2021,c1ccc2c(c1)COc1ccccc1-2,train
VBHUAEAMIBSWPP-BXHXUVEDSA-N,IC50,Cn1cnc2ncn(Cc3nc([C@H]4C[C@](O)(c5ccc(Cl)cc5)C4)no3)c(=O)c21,CHEMBL6048714,6.19,6.19,6.19,,1,B,2020,2020,O=c1c2[nH]cnc2ncn1Cc1nc(C2CC(c3ccccc3)C2)no1,train
VCXGBNHNTXKUCT-UHFFFAOYSA-N,IC50,O=C(NCC(Cc1ccc(Br)cc1)N1CCC(O)(C(F)(F)F)CC1)C1(c2ccc(Cl)cc2)CCCC1,CHEMBL3983430,7.92,7.92,7.92,,1,B,2016,2016,O=C(NCC(Cc1ccccc1)N1CCCCC1)C1(c2ccccc2)CCCC1,train
VDBSUBROLBYPGD-HDMKZQKVSA-N,IC50,O=c1c2cccnc2ncn1Cc1nc([C@@H]2[C@H]3C=C(c4cc(Cl)ccn4)C[C@H]32)no1,CHEMBL5810932,6.97,6.88,7.06,0.1272792206135783,2,B,2020,2020,O=c1c2cccnc2ncn1Cc1nc(C2C3C=C(c4ccccn4)CC32)no1,val
VDBSUBROLBYPGD-VKJFTORMSA-N,IC50,O=c1c2cccnc2ncn1Cc1nc([C@H]2[C@@H]3C=C(c4cc(Cl)ccn4)C[C@@H]32)no1,CHEMBL5853567,6.6,6.5,6.7,0.1414213562373099,2,B,2020,2020,O=c1c2cccnc2ncn1Cc1nc(C2C3C=C(c4ccccn4)CC32)no1,val
VDCOJMKBACDIHW-UHFFFAOYSA-N,IC50,CC(C)(C)Nc1c(-c2cccc(Br)c2)nc2ccc(C(F)(F)F)cn12,CHEMBL3939108,6.58,6.58,6.58,,1,B,2016,2016,c1ccc(-c2cn3ccccc3n2)cc1,train
VDIXOYLZZZHDQJ-LBPRGKRZSA-N,IC50,Cc1oc2ncn(Cc3nnn(C[C@H](O)c4cc5cc(F)ccc5o4)n3)c(=O)c2c1C(N)=O,CHEMBL5766384,7.75,7.75,7.75,,1,B,2023,2023,O=c1c2ccoc2ncn1Cc1nnn(CCc2cc3ccccc3o2)n1,train
VEKRDFXHKYPUDM-JYAVWHMHSA-N,IC50,Cn1cnc2ncn(Cc3nc([C@H]4[C@@H]5CN(c6cc(Cl)ccn6)C[C@@H]54)no3)c(=O)c21,CHEMBL5091060,7.335,7.07,7.6,0.3747665940288697,2,B,2020,2020,O=c1c2[nH]cnc2ncn1Cc1nc(C2C3CN(c4ccccn4)CC32)no1,train
VEMZHLOZTPSJFN-UHFFFAOYSA-N,IC50,Cn1nnc2ncn(Cc3nnn(CCc4ccc(Cl)cc4)n3)c(=O)c21,CHEMBL5891037,5.95,5.95,5.95,,1,B,2023,2023,O=c1c2[nH]nnc2ncn1Cc1nnn(CCc2ccccc2)n1,test
VFSLVUVIVLWMRP-QHCPKHFHSA-N,IC50,CC(C)n1cc(-c2ccc(C(F)(F)F)cn2)cc(CNC(=O)[C@@H]2CCCN2S(=O)(=O)c2cc3ccccc3o2)c1=O,CHEMBL5923530,7.1,7.1,7.1,,1,B,2020,2020,O=C(NCc1cc(-c2ccccn2)c[nH]c1=O)C1CCCN1S(=O)(=O)c1cc2ccccc2o1,train
VHFMFACYDKNZNT-UHFFFAOYSA-N,IC50,COCCCOc1cncc(C2NC(=S)NC3=C2C(=O)c2ccccc23)c1,CHEMBL3314482,5.92,5.92,5.92,,1,B,2014,2014,O=C1C2=C(NC(=S)NC2c2cccnc2)c2ccccc21,test
VHMBOLLMTSJADJ-UHFFFAOYSA-N,IC50,Cn1c(=O)n(Cc2ccccn2)c(=O)c2c1ncn2CC(=O)Nc1cccc(-c2ccc(Cl)cc2)n1,CHEMBL5991106,7.48,7.48,7.48,,1,B,2019,2019,O=C(Cn1cnc2[nH]c(=O)n(Cc3ccccn3)c(=O)c21)Nc1cccc(-c2ccccc2)n1,train
VHUHAUBXPXCHGU-UHFFFAOYSA-N,IC50,CC(C)COc1ccc(-c2csc(NC(=O)Cc3cccc4c3c(=O)n(C)c(=O)n4C)n2)cc1,CHEMBL3981620,7.36,7.36,7.36,,1,B,2015,2015,O=C(Cc1cccc2[nH]c(=O)[nH]c(=O)c12)Nc1nc(-c2ccccc2)cs1,train
VHXGUMGNAHRKJN-GTPINHCMSA-N,IC50,CC(=O)Cn1c(=O)c2c(ncn2[C@@H](C)C(=O)Nc2cccc(-c3cnc(N4CC5CC5C4)nc3)n2)n(C)c1=O,CHEMBL5869309,8.15,8.15,8.15,,1,B,2019,2019,O=C(Cn1cnc2[nH]c(=O)[nH]c(=O)c21)Nc1cccc(-c2cnc(N3CC4CC4C3)nc2)n1,train
VIBZVCTVDABVAD-UHFFFAOYSA-N,IC50,Cc1cc(Cn2c(=O)c3c(ncn3CC(=O)Nc3csc(-c4cnc(C(F)(F)F)c(C)c4)n3)n(C)c2=O)no1,CHEMBL5759795,8.52,8.52,8.52,,1,B,2019,2019,O=C(Cn1cnc2[nH]c(=O)n(Cc3ccon3)c(=O)c21)Nc1csc(-c2cccnc2)n1,train
VIGYQGXGPVTFTN-IPVJXJPOSA-N,IC50,Cc1ccnc2ncn(Cc3nc([C@H]4C[C@](F)(c5cccc(Cl)c5)C4)no3)c(=O)c12,CHEMBL5892766,7.82,7.82,7.82,,1,B,2020,2020,O=c1c2cccnc2ncn1Cc1nc(C2CC(c3ccccc3)C2)no1,train
VIJLKGFAZJGZBA-JYAVWHMHSA-N,IC50,Cn1cnc2ncn(Cc3nc([C@H]4[C@@H]5CN(c6ccc(Cl)nc6)C[C@@H]54)no3)c(=O)c21,CHEMBL5924185,6.33,6.33,6.33,,1,B,2020,2020,O=c1c2[nH]cnc2ncn1Cc1nc(C2C3CN(c4cccnc4)CC32)no1,train
VIKBLYZHPHWKGJ-CVEARBPZSA-N,IC50,O=C(NCc1cn(-c2cnc(C(F)(F)F)nc2)nc1C(F)F)[C@@H]1CC[C@@H]1S(=O)(=O)c1ccc(F)cc1,CHEMBL5984284,6.79,6.79,6.79,,1,B,2020,2020,O=C(NCc1cnn(-c2cncnc2)c1)C1CCC1S(=O)(=O)c1ccccc1,test
VILMMYYNTBYFJR-WOSRLPQWSA-N,IC50,Cn1cnc2ncn(Cc3nc([C@@H]4[C@H]5C=C(c6ccc(Cl)cn6)C[C@H]54)no3)c(=O)c21,CHEMBL6004745,6.485,6.44,6.53,0.0636396103067891,2,B,2020,2020,O=c1c2[nH]cnc2ncn1Cc1nc(C2C3C=C(c4ccccn4)CC32)no1,train
VILMMYYNTBYFJR-WWGRRREGSA-N,IC50,Cn1cnc2ncn(Cc3nc([C@H]4[C@@H]5C=C(c6ccc(Cl)cn6)C[C@@H]54)no3)c(=O)c21,CHEMBL5918650,6.869999999999999,6.85,6.89,0.0282842712474622,2,B,2020,2020,O=c1c2[nH]cnc2ncn1Cc1nc(C2C3C=C(c4ccccn4)CC32)no1,train
VJCDMKPFUPJSKB-JOYOIKCWSA-N,IC50,O[C@]1(C(F)(F)F)CCCC[C@H]1Cc1ccc(Cl)cn1,CHEMBL5394183,6.09,6.09,6.09,,1,B,2023,2023,c1ccc(CC2CCCCC2)nc1,test
VJONDNDXWADLLZ-XVAYZXCPSA-N,IC50,Cn1cnc2ncn(Cc3nc([C@H]4[C@@H]5CN(c6cccc(-c7ccccc7)c6)C[C@@H]54)no3)c(=O)c21,CHEMBL5832413,6.47,6.47,6.47,,1,B,2020,2020,O=c1c2[nH]cnc2ncn1Cc1nc(C2C3CN(c4cccc(-c5ccccc5)c4)CC32)no1,test
VJUMGXLZSHPUNN-NQZBTDCJSA-N,IC50,C[C@H]1[C@H](F)C[C@@H](C(=O)NCc2cc(-c3cnc(C(F)(F)F)nc3)ncc2C#N)N1Sc1ccc(F)cc1,CHEMBL5402014,8.21,8.21,8.21,,1,B,2023,2023,O=C(NCc1ccnc(-c2cncnc2)c1)C1CCCN1Sc1ccccc1,test
VJXIKTQSMMQMOO-UHFFFAOYSA-N,IC50,Cn1c(=O)c2c(ccn2CC(=O)Nc2nc(-c3ccc(C(F)(F)F)c(F)c3)cs2)n(C)c1=O,CHEMBL3937790,7.3,7.3,7.3,,1,B,2015,2015,O=C(Cn1ccc2[nH]c(=O)[nH]c(=O)c21)Nc1nc(-c2ccccc2)cs1,train
VKEJLWJCORBCGU-FOLVSLTJSA-N,IC50,Cn1cnc2ncn(Cc3nc([C@H]4[C@@H]5CN(c6cccc(C(F)F)c6)C[C@@H]54)no3)c(=O)c21,CHEMBL5786572,7.19,7.19,7.19,,1,B,2020,2020,O=c1c2[nH]cnc2ncn1Cc1nc(C2C3CN(c4ccccc4)CC32)no1,train
VKGALBIMDXIQFI-LBPRGKRZSA-N,IC50,CNC(=O)c1sc2ncn(Cc3nnn(C[C@H](O)c4ccc5c(c4)OCO5)n3)c(=O)c2c1C,CHEMBL5819923,7.12,7.12,7.12,,1,B,2023,2023,O=c1c2ccsc2ncn1Cc1nnn(CCc2ccc3c(c2)OCO3)n1,train
VKKOCICLFSXEBL-ATCWAGBWSA-N,IC50,Cn1cnc2ncn(Cc3nc([C@H]4[C@@H]5CN(c6ccc(F)c(Cl)c6)C[C@@H]54)no3)c(=O)c21,CHEMBL5833560,8.01,8.01,8.01,,1,B,2020,2020,O=c1c2[nH]cnc2ncn1Cc1nc(C2C3CN(c4ccccc4)CC32)no1,train
VKWXCYKBWXMGFK-HKUYNNGSSA-N,IC50,COc1nn(-c2ccc(C(F)(F)F)nc2)cc1CNC(=O)[C@@H]1[C@@H](F)CCN1S(=O)(=O)c1ccc(F)cc1,CHEMBL6059844,7.58,7.58,7.58,,1,B,2022,2022,O=C(NCc1cnn(-c2cccnc2)c1)C1CCCN1S(=O)(=O)c1ccccc1,train
VLDNGTWOASGEFF-MNZLEMJZSA-N,IC50,O=c1c2ccncc2ncn1Cc1nc([C@H]2[C@@H]3CN(c4ccccc4)C[C@@H]32)no1,CHEMBL5842749,6.98,6.96,7.0,0.0282842712474622,2,B,2020,2020,O=c1c2ccncc2ncn1Cc1nc(C2C3CN(c4ccccc4)CC32)no1,train
VMAXALUQDNFBND-WOSRLPQWSA-N,IC50,Cn1cnc2ncn(Cc3nc([C@@H]4[C@H]5C=C(c6ccccn6)C[C@H]54)no3)c(=O)c21,CHEMBL6037392,7.02,6.93,7.11,0.1272792206135793,2,B,2020,2020,O=c1c2[nH]cnc2ncn1Cc1nc(C2C3C=C(c4ccccn4)CC32)no1,train
VMAXALUQDNFBND-WWGRRREGSA-N,IC50,Cn1cnc2ncn(Cc3nc([C@H]4[C@@H]5C=C(c6ccccn6)C[C@@H]54)no3)c(=O)c21,CHEMBL6043296,6.68,6.68,6.68,0.0,2,B,2020,2020,O=c1c2[nH]cnc2ncn1Cc1nc(C2C3C=C(c4ccccn4)CC32)no1,train
VMBJLCVTNLJTJY-SMDDNHRTSA-N,IC50,Cn1cnc2ncn(Cc3nc([C@@H]4CO[C@@H](c5ccccc5F)C4)no3)c(=O)c21,CHEMBL5747637,7.065,6.9,7.23,0.2333452377915607,2,B,2020,2020,O=c1c2[nH]cnc2ncn1Cc1nc(C2COC(c3ccccc3)C2)no1,train
VMNVUJVEHZEIDG-UHFFFAOYSA-N,IC50,CC(C)C(NC(=O)c1ccccc1)C(=O)c1ccc([N+](=O)[O-])cc1,CHEMBL2071491,6.55,6.5,6.6,0.0707106781186545,2,F,2012,2012,O=C(CNC(=O)c1ccccc1)c1ccccc1,train
VMPWGDIXDVYPGX-MQMHXKEQSA-N,IC50,O=c1c2c(Cl)ccnc2ncn1Cc1nn([C@H]2C[C@H](c3ccc(Cl)cc3)C2)c(=O)o1,CHEMBL5957350,8.23,8.23,8.23,,1,B,2021,2021,O=c1c2cccnc2ncn1Cc1nn(C2CC(c3ccccc3)C2)c(=O)o1,train
VNGNWQRJLQMWOH-NNGSBXSVSA-N,IC50,CCC(=O)Cn1c(=O)c2c(ncn2[C@@H](C)C(=O)Nc2ccnc(-c3ccc(N4CC5C(C4)C5(F)F)nc3)n2)n(C)c1=O,CHEMBL5763260,8.3,8.3,8.3,,1,B,2019,2019,O=C(Cn1cnc2[nH]c(=O)[nH]c(=O)c21)Nc1ccnc(-c2ccc(N3CC4CC4C3)nc2)n1,train
VNJLGYMVCORAFF-ZLPCBKJTSA-N,IC50,CC(=O)Cn1c(=O)c2c(ncn2[C@@H](C)C(=O)Nc2ccnc(-c3ccc(N4CC5CC5C4)nc3)n2)n(C)c1=O,CHEMBL5915279,7.66,7.66,7.66,,1,B,2019,2019,O=C(Cn1cnc2[nH]c(=O)[nH]c(=O)c21)Nc1ccnc(-c2ccc(N3CC4CC4C3)nc2)n1,train
VNQKLEKERUCARK-UHFFFAOYSA-N,IC50,Cc1cc(Cn2c(=O)c3c(ncn3CC(=O)Nc3ccc(N4CCC(C(C)(C)F)CC4)cn3)n(C)c2=O)no1,CHEMBL5831457,7.14,7.14,7.14,,1,B,2019,2019,O=C(Cn1cnc2[nH]c(=O)n(Cc3ccon3)c(=O)c21)Nc1ccc(N2CCCCC2)cn1,train
VOGVDBAXZDBCON-GXTWGEPZSA-N,IC50,Cc1nc2nc(N)n(Cc3nc([C@@H]4CO[C@@H](c5ccc(Cl)cc5)C4)no3)c(=O)c2n1C,CHEMBL5872045,7.790000000000001,7.37,8.21,0.5939696961967001,2,B,2020,2020,O=c1c2[nH]cnc2ncn1Cc1nc(C2COC(c3ccccc3)C2)no1,train
VOMFXUVVWBXJSA-LBPRGKRZSA-N,IC50,Cn1cnc2ncn(Cc3nn(C[C@H](F)c4ccc(OC(F)F)cc4)c(=O)o3)c(=O)c21,CHEMBL6033089,7.09,7.09,7.09,,1,B,2021,2021,O=c1c2[nH]cnc2ncn1Cc1nn(CCc2ccccc2)c(=O)o1,train
VPDMFKCWLDVZER-MWTRTKDXSA-N,IC50,C[C@@]1(C(=O)NCc2cc(-c3ccc(C(F)(F)F)nc3)c(F)cn2)C[C@@H](F)CN1S(=O)(=O)c1ccc(F)cc1,CHEMBL5759252,7.6,7.6,7.6,,1,B,2022,2022,O=C(NCc1cc(-c2cccnc2)ccn1)C1CCCN1S(=O)(=O)c1ccccc1,train
VPEVJZHGWCCMBL-UHFFFAOYSA-N,IC50,CC(C)(C)Nc1c(-c2cccc(C#N)c2)nc2ccc(F)cn12,CHEMBL3977161,4.69,4.69,4.69,,1,B,2016,2016,c1ccc(-c2cn3ccccc3n2)cc1,train
VPKMJOYLVJNYJL-NQIIRXRSSA-N,IC50,O=C(NCc1cc(F)cc(-n2ccc(C(F)(F)F)cc2=O)c1)[C@@H]1C[C@@H](F)CN1S(=O)(=O)c1ccc(F)cc1,CHEMBL5829848,6.11,6.11,6.11,,1,B,2022,2022,O=C(NCc1cccc(-n2ccccc2=O)c1)C1CCCN1S(=O)(=O)c1ccccc1,test
VPRQKNRUPOPQIY-ZLPCBKJTSA-N,IC50,CC(=O)Cn1c(=O)c2c(ncn2[C@@H](C)C(=O)Nc2cccc(-c3ccc(N4CC5C(C4)C5(F)F)nc3)n2)n(C)c1=O,CHEMBL5787980,8.1,8.1,8.1,,1,B,2019,2019,O=C(Cn1cnc2[nH]c(=O)[nH]c(=O)c21)Nc1cccc(-c2ccc(N3CC4CC4C3)nc2)n1,train
VPUPKQJXPYSPGR-UHFFFAOYSA-N,IC50,CC(C)C(NC(=O)c1cc2ccccc2n1C)C(=O)c1ccc(C#N)cc1,CHEMBL2071512,5.6,5.4,5.8,0.2828427124746189,2,F,2012,2012,O=C(CNC(=O)c1cc2ccccc2[nH]1)c1ccccc1,test
VPYNPZTUFWXLRA-BEFAXECRSA-N,IC50,O=C(NCc1ccnc(-c2cnc(C(F)(F)F)cn2)c1)[C@@H]1C[C@@H](F)CN1S(=O)(=O)c1ccc(F)cc1,CHEMBL5881703,6.54,6.54,6.54,,1,B,2022,2022,O=C(NCc1ccnc(-c2cnccn2)c1)C1CCCN1S(=O)(=O)c1ccccc1,test
VQFGKTDMHDUGMB-QHCPKHFHSA-N,IC50,CC(C)n1cc(CNC(=O)[C@@H]2CCCN2S(=O)(=O)c2cc3cnccc3o2)cc(-c2ccc(C(F)(F)F)cc2)c1=O,CHEMBL5751478,7.01,7.01,7.01,,1,B,2020,2020,O=C(NCc1c[nH]c(=O)c(-c2ccccc2)c1)C1CCCN1S(=O)(=O)c1cc2cnccc2o1,test
VRGTYOISGMRJHU-WMLDXEAASA-N,IC50,Cc1nc(NC2CNC2)n2ncn(Cc3nc([C@@H]4CO[C@@H](c5ccc(Cl)cc5)C4)no3)c(=O)c12,CHEMBL5838262,7.04,7.04,7.04,,1,B,2020,2020,O=c1c2cnc(NC3CNC3)n2ncn1Cc1nc(C2COC(c3ccccc3)C2)no1,test
VRIIXYBJLRKPFF-UHFFFAOYSA-N,IC50,Cc1c(=O)n(Cc2ccccc2)c(=O)n2cc(C(=O)NCc3ccc(Cl)cc3)sc12,CHEMBL3220232,5.65,5.65,5.65,,1,B,2012,2012,O=C(NCc1ccccc1)c1cn2c(=O)n(Cc3ccccc3)c(=O)cc2s1,train
VSBSCGNEPYTOEU-INIZCTEOSA-N,IC50,Cn1cnc2ncn(Cc3nn(C[C@H](F)c4ccc5ccccc5c4)c(=O)o3)c(=O)c21,CHEMBL5994081,8.15,8.15,8.15,,1,B,2021,2021,O=c1c2[nH]cnc2ncn1Cc1nn(CCc2ccc3ccccc3c2)c(=O)o1,train
VSBSCGNEPYTOEU-MRXNPFEDSA-N,IC50,Cn1cnc2ncn(Cc3nn(C[C@@H](F)c4ccc5ccccc5c4)c(=O)o3)c(=O)c21,CHEMBL5809345,6.48,6.48,6.48,,1,B,2021,2021,O=c1c2[nH]cnc2ncn1Cc1nn(CCc2ccc3ccccc3c2)c(=O)o1,train
VSCCSUZOKQGWHC-UHFFFAOYSA-N,IC50,C#Cc1cccc(-c2nc3ccc(C(F)(F)F)cn3c2NC(C)C)c1,CHEMBL3938303,7.09,7.09,7.09,,1,B,2016,2016,c1ccc(-c2cn3ccccc3n2)cc1,train
VSHDIFLHXQISHJ-IYVRIMFBSA-N,IC50,O=c1c2c(Cl)ccnc2ncn1Cc1nc([C@H]2C[C@](F)(c3ccc(Cl)cc3)C2)no1,CHEMBL6048544,7.77,7.66,7.88,0.1555634918610399,2,B,2020,2020,O=c1c2cccnc2ncn1Cc1nc(C2CC(c3ccccc3)C2)no1,train
VSNLJSZHSKJANJ-SWLSCSKDSA-N,IC50,Nc1nc2ncccc2c(=O)n1Cc1nc([C@@H]2CO[C@@H](c3ccc(F)cc3)C2)no1,CHEMBL5870857,8.135,7.73,8.54,0.5727564927611026,2,B,2020,2020,O=c1c2cccnc2ncn1Cc1nc(C2COC(c3ccccc3)C2)no1,train
VSOGEYDZUOFVFT-WCQYABFASA-N,IC50,Cn1cnc2nc(N)n(Cc3nc([C@@H]4CO[C@@H](c5ccc(Cl)cc5)C4)no3)c(=O)c21,CHEMBL5781751,8.280000000000001,7.74,8.82,0.7636753236814707,2,B,2020,2020,O=c1c2[nH]cnc2ncn1Cc1nc(C2COC(c3ccccc3)C2)no1,train
VSTBRXGRZBGLGG-CVEARBPZSA-N,IC50,O=C(Cc1cn(-c2cnc(C(F)(F)F)nc2)nc1Cl)N[C@@H]1CC[C@@H]1S(=O)(=O)c1ccc(F)cc1,CHEMBL5905667,7.39,7.39,7.39,0.0,2,B,2020,2020,O=C(Cc1cnn(-c2cncnc2)c1)NC1CCC1S(=O)(=O)c1ccccc1,train
VTGKGYFBEZNAEB-RBUKOAKNSA-N,IC50,Cc1cc(CN2[C@H](CO)CC[C@@H]2c2ccc(F)cc2)cc(C)c1F,CHEMBL3752638,5.17,5.17,5.17,,1,B,2016,2016,c1ccc(CN2CCCC2c2ccccc2)cc1,test
VTNRBCCGYCMWJN-QAPCUYQASA-N,IC50,O=C(NCc1cc(Cl)nc(-c2cnc(C(F)(F)F)nc2)c1)[C@@H]1C[C@@H](F)CN1S(=O)(=O)c1ccc(F)cc1,CHEMBL6018102,7.85,7.85,7.85,,1,B,2022,2022,O=C(NCc1ccnc(-c2cncnc2)c1)C1CCCN1S(=O)(=O)c1ccccc1,train
VTRQWSXLXNAIDP-CVEARBPZSA-N,IC50,O=C(Cc1cn(-c2cnc(C(F)(F)F)nc2)nc1C(F)F)N[C@@H]1CC[C@@H]1S(=O)(=O)c1ccc(F)cc1,CHEMBL5772246,7.45,7.45,7.45,0.0,2,B,2020,2020,O=C(Cc1cnn(-c2cncnc2)c1)NC1CCC1S(=O)(=O)c1ccccc1,train
VTSOGNSWENHMHJ-ZDUSSCGKSA-N,IC50,CCCC(=O)Cn1c(=O)c2c(ncn2[C@@H](C)C(=O)Nc2cccc(-c3cnc(C(F)(F)F)nc3)n2)n(C)c1=O,CHEMBL5909669,7.64,7.64,7.64,,1,B,2019,2019,O=C(Cn1cnc2[nH]c(=O)[nH]c(=O)c21)Nc1cccc(-c2cncnc2)n1,train
VTWUTVSNVHXAAN-QFIPXVFZSA-N,IC50,CC(C)n1c(=O)c(CNC(=O)[C@@H]2CCCN2S(=O)(=O)c2ccc(F)cc2)cn(-c2ccc(C(F)(F)F)cc2)c1=O,CHEMBL6010274,6.92,6.92,6.92,,1,B,2020,2020,O=C(NCc1cn(-c2ccccc2)c(=O)[nH]c1=O)C1CCCN1S(=O)(=O)c1ccccc1,test
VULWTIVIQWVISE-ZDUSSCGKSA-N,IC50,Cc1ccc([C@@H](O)Cc2noc(Cn3cnc4sc(C(N)=O)c(C)c4c3=O)n2)cc1,CHEMBL5901314,7.7,7.7,7.7,,1,B,2021,2021,O=c1c2ccsc2ncn1Cc1nc(CCc2ccccc2)no1,train
VUNVEPXLRREAJZ-QFIPXVFZSA-N,IC50,CC(C)n1c(=O)c(CNC(=O)[C@@H]2CCCN2S(=O)(=O)c2cc3ccccc3o2)cn(-c2ccc(Cl)cc2)c1=O,CHEMBL5862146,7.07,7.07,7.07,,1,B,2020,2020,O=C(NCc1cn(-c2ccccc2)c(=O)[nH]c1=O)C1CCCN1S(=O)(=O)c1cc2ccccc2o1,train
VURKFVAAAJRATF-QHCPKHFHSA-N,IC50,CC(C)n1cc(CNC(=O)[C@@H]2CCCN2S(=O)(=O)c2cc3cc(F)ccc3o2)cc(-c2ccc(C(F)(F)F)cn2)c1=O,CHEMBL6050040,7.09,7.09,7.09,,1,B,2020,2020,O=C(NCc1c[nH]c(=O)c(-c2ccccn2)c1)C1CCCN1S(=O)(=O)c1cc2ccccc2o1,train
VUXIUBYPGSGYOG-NSHDSACASA-N,IC50,CC(=O)Cn1c(=O)c2c(ncn2[C@@H](C)C(=O)Nc2csc(-c3ccc(Cl)c(Cl)c3)n2)n(C)c1=O,CHEMBL5826617,8.7,8.7,8.7,,1,B,2019,2019,O=C(Cn1cnc2[nH]c(=O)[nH]c(=O)c21)Nc1csc(-c2ccccc2)n1,train
VVCPLJSSXGMPAM-JTQLQIEISA-N,IC50,Cc1cc(-c2nc(NC(=O)[C@H](C)n3cnc4c3c(=O)n(CC(F)(F)F)c(=O)n4C)cs2)cnc1C(F)(F)F,CHEMBL5743353,6.66,6.66,6.66,,1,B,2019,2019,O=C(Cn1cnc2[nH]c(=O)[nH]c(=O)c21)Nc1csc(-c2cccnc2)n1,train
VVHXXMHMQYUMOB-CSKARUKUSA-N,IC50,C/C(=C\C(C)c1ccccc1)CO,CHEMBL5594755,4.49,4.49,4.49,,1,B,2024,2024,c1ccccc1,train
VXOZSZSKUPUEEM-DEOSSOPVSA-N,IC50,CC(C)n1cc(CNC(=O)[C@@H]2CCCN2S(=O)(=O)c2cc3cc(F)ccc3o2)cc(-c2ccc(C(F)(F)F)cc2)c1=O,CHEMBL5942986,8.05,8.05,8.05,,1,B,2020,2020,O=C(NCc1c[nH]c(=O)c(-c2ccccc2)c1)C1CCCN1S(=O)(=O)c1cc2ccccc2o1,train
VXQNLHFXPSARMB-UHFFFAOYSA-N,IC50,Cc1nc(Cn2c(=O)c3c(ncn3CC(=O)Nc3cccc(-c4cnc(C(F)(F)F)c(C)c4)n3)n(C)c2=O)no1,CHEMBL6013316,7.6,7.6,7.6,,1,B,2019,2019,O=C(Cn1cnc2[nH]c(=O)n(Cc3ncon3)c(=O)c21)Nc1cccc(-c2cccnc2)n1,train
VXQZDEWJIDRLFT-FHERZECASA-N,IC50,CC(=O)Cn1c(=O)c2c(ncn2[C@@H](C)C(=O)Nc2ccnc(-c3cnc(N4CC5CC5C4)nc3)n2)n(C)c1=O,CHEMBL5750088,7.7,7.7,7.7,,1,B,2019,2019,O=C(Cn1cnc2[nH]c(=O)[nH]c(=O)c21)Nc1ccnc(-c2cnc(N3CC4CC4C3)nc2)n1,train
VYLZSBLGYLCVCW-UHFFFAOYSA-N,IC50,CC(C)(C(=O)NCC(Cc1ccccc1)N1CCC(O)(C(F)(F)F)CC1)C(F)(F)F,CHEMBL4212575,7.04,7.04,7.04,,1,B,2016,2016,c1ccc(CCN2CCCCC2)cc1,train
VZODASFOEMYPIW-ZLPCBKJTSA-N,IC50,CCC(=O)Cn1c(=O)c2c(ncn2[C@@H](C)C(=O)Nc2cncc(-c3ccc(N4CC5CC5C4)nc3)n2)n(C)c1=O,CHEMBL5824623,8.4,8.4,8.4,,1,B,2019,2019,O=C(Cn1cnc2[nH]c(=O)[nH]c(=O)c21)Nc1cncc(-c2ccc(N3CC4CC4C3)nc2)n1,train
VZQJQNIXPKBELC-UHFFFAOYSA-N,IC50,Cn1c(=O)c2c(CC(=O)Nc3nc(-c4cc(F)c(C(F)(F)F)c(F)c4)cs3)cccc2n(C)c1=O,CHEMBL3947368,8.27,8.27,8.27,,1,B,2015,2015,O=C(Cc1cccc2[nH]c(=O)[nH]c(=O)c12)Nc1nc(-c2ccccc2)cs1,train
WANOURMQWPDLQC-CZIWCDLHSA-N,IC50,Cc1cc(C#N)nc2ncn(Cc3nn([C@H]4C[C@H](c5ccc(Cl)cc5)C4)c(=O)o3)c(=O)c12,CHEMBL5821016,8.31,8.31,8.31,,1,B,2021,2021,O=c1c2cccnc2ncn1Cc1nn(C2CC(c3ccccc3)C2)c(=O)o1,train
WAPBFSGWBDTJBA-DEOSSOPVSA-N,IC50,CC(C)n1cc(-c2ccc(C(F)(F)F)cc2)cc(CNC(=O)[C@@H]2CCCN2S(=O)(=O)c2cc3cc(F)ccc3o2)c1=O,CHEMBL5748772,7.31,7.31,7.31,,1,B,2020,2020,O=C(NCc1cc(-c2ccccc2)c[nH]c1=O)C1CCCN1S(=O)(=O)c1cc2ccccc2o1,train
WAQZJHCNMYVEFU-SHTZXODSSA-N,IC50,Cc1ccnc2ncn(Cc3nc([C@H]4C[C@H](c5cccc(Cl)c5)C4)no3)c(=O)c12,CHEMBL5826450,7.91,7.91,7.91,,1,B,2020,2020,O=c1c2cccnc2ncn1Cc1nc(C2CC(c3ccccc3)C2)no1,train
WAYMWUNFXOUAAZ-NFOMZHRRSA-N,IC50,CC(=O)Cn1c(=O)c2c(ncn2[C@@H](C)C(=O)Nc2csc(-c3cnc(N4CC5CC5C4)nc3)n2)n(C)c1=O,CHEMBL5865537,8.7,8.7,8.7,,1,B,2019,2019,O=C(Cn1cnc2[nH]c(=O)[nH]c(=O)c21)Nc1csc(-c2cnc(N3CC4CC4C3)nc2)n1,train
WAZNEQRWKNTWPH-KEKNWZKVSA-N,IC50,CC(C)N1C(=O)C(CNC(=O)[C@@H]2CCCN2S(=O)(=O)c2cc3cnccc3o2)=CC(c2ccc(C(F)(F)F)cc2)C1=O,CHEMBL5885149,7.03,7.03,7.03,,1,B,2020,2020,O=C1NC(=O)C(c2ccccc2)C=C1CNC(=O)C1CCCN1S(=O)(=O)c1cc2cnccc2o1,test
WBVIPJUKXQYVQJ-CHBKHGQFSA-N,IC50,CCC(=N\O)/C(C)=C/c1ccccc1F,CHEMBL3697703,5.34,5.34,5.34,,1,B,2015,2015,c1ccccc1,train
WDDRIHJTMRONAI-UHFFFAOYSA-N,IC50,CC(=O)CCn1c(=O)c2c(ncn2CC(=O)Nc2cccc(-c3cnc(C)c(C(F)(F)F)c3)n2)n(C)c1=O,CHEMBL5977983,6.54,6.54,6.54,,1,B,2019,2019,O=C(Cn1cnc2[nH]c(=O)[nH]c(=O)c21)Nc1cccc(-c2cccnc2)n1,train
WDMXXUBLSSBLHB-XLIONFOSSA-N,IC50,COc1nn(-c2ccc(C(F)(F)F)cc2)cc1CNC(=O)[C@@H]1C[C@@H](F)CN1S(=O)(=O)c1cccc(F)c1,CHEMBL5870252,7.64,7.64,7.64,,1,B,2022,2022,O=C(NCc1cnn(-c2ccccc2)c1)C1CCCN1S(=O)(=O)c1ccccc1,train
WEALJYMFDYMJHE-SMDDNHRTSA-N,IC50,Cn1cnc2ncn(Cc3nc([C@@H]4CO[C@@H](c5ccccc5Cl)C4)no3)c(=O)c21,CHEMBL5905634,6.635,6.47,6.8,0.2333452377915607,2,B,2020,2020,O=c1c2[nH]cnc2ncn1Cc1nc(C2COC(c3ccccc3)C2)no1,train
WEDVMUWMFDQGFT-UHFFFAOYSA-N,IC50,CCc1cc2[nH]ncc2cc1-c1ccccc1C(F)(F)F,CHEMBL3298924,7.3,7.3,7.3,,1,B,2014,2014,c1ccc(-c2ccc3[nH]ncc3c2)cc1,train
WEFIFVXGXRGPEV-RUYXUALKSA-N,IC50,Cn1cc(-c2cc(Cl)cc(N3C[C@@H]4[C@H](C3)[C@H]4c3noc(Cn4cnc5ncn(C)c5c4=O)n3)c2)cn1,CHEMBL5749499,7.395,7.15,7.64,0.3464823227814081,2,B,2020,2020,O=c1c2[nH]cnc2ncn1Cc1nc(C2C3CN(c4cccc(-c5cn[nH]c5)c4)CC32)no1,val
WEUURVDRAOHVLV-UHFFFAOYSA-N,IC50,Cc1cccc2c(=O)n(CC(=O)NCCc3ccc(OC(F)F)cc3)cnc12,CHEMBL3787204,5.68,5.2,6.16,0.6788225099390853,2,B,2016,2016,O=C(Cn1cnc2ccccc2c1=O)NCCc1ccccc1,train
WFRBOQVBZZCYFX-AWEZNQCLSA-N,IC50,Cc1ncc(-c2cccc(NC(=O)[C@H](C)n3cnc4c3c(=O)n(Cc3ccon3)c(=O)n4C)n2)cc1C(F)(F)F,CHEMBL5912061,8.52,8.52,8.52,,1,B,2019,2019,O=C(Cn1cnc2[nH]c(=O)n(Cc3ccon3)c(=O)c21)Nc1cccc(-c2cccnc2)n1,train
WHCSBGLJMIAOLK-UHFFFAOYSA-N,IC50,Fc1ccc(Oc2nccc3ccoc23)c(F)c1,CHEMBL3298761,5.96,5.96,5.96,,1,B,2014,2014,c1ccc(Oc2nccc3ccoc23)cc1,test
WHEWGFMWWBERPN-LBPRGKRZSA-N,IC50,Cc1oc2ncn(Cc3nnn(C[C@H](O)c4cc5ccc(F)cc5s4)n3)c(=O)c2c1C(N)=O,CHEMBL5176405,8.0,8.0,8.0,0.0,2,B,2022,2023,O=c1c2ccoc2ncn1Cc1nnn(CCc2cc3ccccc3s2)n1,train
WHIUHQPWEZUUHM-UHFFFAOYSA-N,IC50,Cn1cnc2ncn(Cc3nn(CCc4ccc5ccc(C#N)cc5c4)c(=O)o3)c(=O)c21,CHEMBL6013187,6.92,6.92,6.92,,1,B,2021,2021,O=c1c2[nH]cnc2ncn1Cc1nn(CCc2ccc3ccccc3c2)c(=O)o1,train
WHMQPBBEQUUJIS-UXHICEINSA-N,IC50,COc1nn(-c2ccc(C(F)(F)F)cc2)cc1CC(=O)N[C@@H]1CC[C@@H]1S(=O)(=O)c1ccc(F)cc1,CHEMBL5753999,8.28,8.28,8.28,0.0,2,B,2020,2020,O=C(Cc1cnn(-c2ccccc2)c1)NC1CCC1S(=O)(=O)c1ccccc1,train
WHNBDATYZDNLNU-UZLBHIALSA-N,IC50,O=C(NCc1cc(-c2ccc(C(F)(F)F)cc2)ncn1)[C@@H]1C[C@@H](F)CN1S(=O)(=O)c1cncc(F)c1,CHEMBL6033433,6.64,6.64,6.64,,1,B,2022,2022,O=C(NCc1cc(-c2ccccc2)ncn1)C1CCCN1S(=O)(=O)c1cccnc1,test
WHRUWUNTYKZUED-QRWLVFNGSA-N,IC50,O=C(NCc1cc(-c2ccc(C(F)(F)F)nc2)c(Cl)cn1)[C@@H]1C[C@@H](F)CN1S(=O)(=O)c1ccc(F)cc1,CHEMBL5925385,7.48,7.48,7.48,,1,B,2022,2022,O=C(NCc1cc(-c2cccnc2)ccn1)C1CCCN1S(=O)(=O)c1ccccc1,train
WJDFEEOHLQQEHJ-MNZLEMJZSA-N,IC50,Cn1cnc2ncn(Cc3nc([C@H]4[C@@H]5CN(c6ccc(-c7cnco7)cc6)C[C@@H]54)no3)c(=O)c21,CHEMBL5794096,7.105,6.79,7.42,0.4454772721475245,2,B,2020,2020,O=c1c2[nH]cnc2ncn1Cc1nc(C2C3CN(c4ccc(-c5cnco5)cc4)CC32)no1,test
WJPADCWRQZUXDF-JEYLPNPQSA-N,IC50,CCC(=O)Cn1c(=O)c2c(ncn2[C@@H](C)C(=O)Nc2cncc(-c3cnc(N4CC5C(C4)C5(F)F)cn3)n2)n(C)c1=O,CHEMBL5743519,8.22,8.22,8.22,,1,B,2019,2019,O=C(Cn1cnc2[nH]c(=O)[nH]c(=O)c21)Nc1cncc(-c2cnc(N3CC4CC4C3)cn2)n1,train
WJZDKUCGKVPPTC-ZDUSSCGKSA-N,IC50,Cc1cc(Cn2c(=O)c3c(ncn3[C@@H](C)C(=O)Nc3cncc(-c4ccc(C(F)(F)F)nc4)n3)n(C)c2=O)no1,CHEMBL6037704,7.77,7.77,7.77,,1,B,2019,2019,O=C(Cn1cnc2[nH]c(=O)n(Cc3ccon3)c(=O)c21)Nc1cncc(-c2cccnc2)n1,train
WJZXCEKQIHMNMF-QAQDUYKDSA-N,IC50,Cc1ccnc2ncn(Cc3nn([C@H]4C[C@H](c5ccc(C#N)cc5)C4)c(=O)o3)c(=O)c12,CHEMBL5788874,8.59,8.59,8.59,,1,B,2021,2021,O=c1c2cccnc2ncn1Cc1nn(C2CC(c3ccccc3)C2)c(=O)o1,train
WKEBOVLUILWQBJ-JEYLPNPQSA-N,IC50,CC(=O)Cn1c(=O)c2c(ncn2[C@@H](C)C(=O)Nc2ccnc(-c3cnc(N4CC5C(C4)C5(F)F)nc3)n2)n(C)c1=O,CHEMBL6013956,8.1,8.1,8.1,,1,B,2019,2019,O=C(Cn1cnc2[nH]c(=O)[nH]c(=O)c21)Nc1ccnc(-c2cnc(N3CC4CC4C3)nc2)n1,train
WKEGRPVOXGQXBX-UHFFFAOYSA-N,IC50,O=c1c2[nH]cnc2ncn1Cc1nc(CCc2ccc(Cl)cc2)no1,CHEMBL5427438,7.33,7.33,7.33,,1,B,2023,2023,O=c1c2[nH]cnc2ncn1Cc1nc(CCc2ccccc2)no1,train
WKUPALPZCCQPCO-GXTWGEPZSA-N,IC50,Cc1nc2nc(Cl)n(C)c2c(=O)n1Cc1nc([C@@H]2CO[C@@H](c3ccc(Cl)cc3)C2)no1,CHEMBL6016654,7.54,7.42,7.66,0.1697056274847715,2,B,2020,2020,O=c1c2[nH]cnc2ncn1Cc1nc(C2COC(c3ccccc3)C2)no1,train
WLECDKWIOLJXDF-UHFFFAOYSA-N,IC50,Cc1nc(Cn2c(=O)c3c(ncn3CC(=O)Nc3csc(-c4cnc(C)c(C(F)(F)F)c4)n3)n(C)c2=O)no1,CHEMBL5846019,8.4,8.4,8.4,,1,B,2019,2019,O=C(Cn1cnc2[nH]c(=O)n(Cc3ncon3)c(=O)c21)Nc1csc(-c2cccnc2)n1,train
WLIICQUGYWLQHL-MISXGVKJSA-N,IC50,Cn1cnc2ncn(Cc3nc([C@@H]4[C@H]5C=C(c6cnco6)C[C@H]54)no3)c(=O)c21,CHEMBL5909172,7.87,7.78,7.96,0.1272792206135783,2,B,2020,2020,O=c1c2[nH]cnc2ncn1Cc1nc(C2C3C=C(c4cnco4)CC32)no1,test
WLLMEIDDRLNDDG-UHFFFAOYSA-N,IC50,CC1(C(=O)NCc2cn(-c3ccc(C(F)(F)F)nc3)nc2Cl)CCCC1S(=O)(=O)c1ccc(F)cc1,CHEMBL6057116,7.24,7.05,7.41,0.2022374841615668,4,B,2020,2020,O=C(NCc1cnn(-c2cccnc2)c1)C1CCCC1S(=O)(=O)c1ccccc1,train
WMBOCUXXNSOQHM-FLIBITNWSA-N,IC50,CCC/C=C1\OC(=O)c2ccccc21,CHEMBL249592,4.64,4.64,4.64,,1,B,2013,2013,C=C1OC(=O)c2ccccc21,test
WMCARGAXENGYJD-QMMMGPOBSA-N,IC50,CC#CCn1c(=O)c2c(ncn2[C@@H](C)C(N)=O)n(C)c1=O,CHEMBL5864934,7.96,7.92,8.0,0.0565685424949238,2,B,2019,2019,O=c1[nH]c(=O)c2[nH]cnc2[nH]1,train
WMQGYUJRYHBKTK-OOHWJJMZSA-N,IC50,CC(=O)Cn1c(=O)c2c(ncn2[C@@H](C)C(=O)Nc2cccc(-c3cnc(N4CC5C(C4)C5(F)F)nc3)n2)n(C)c1=O,CHEMBL5859038,8.4,8.4,8.4,,1,B,2019,2019,O=C(Cn1cnc2[nH]c(=O)[nH]c(=O)c21)Nc1cccc(-c2cnc(N3CC4CC4C3)nc2)n1,train
WNGOEYHEIHEHSY-NSHDSACASA-N,IC50,Cc1cc(Cn2c(=O)c3c(ncn3[C@@H](C)C(=O)Nc3cccc(-c4noc(C(F)(F)F)n4)n3)n(C)c2=O)no1,CHEMBL6013560,7.07,7.07,7.07,,1,B,2019,2019,O=C(Cn1cnc2[nH]c(=O)n(Cc3ccon3)c(=O)c21)Nc1cccc(-c2ncon2)n1,test
WNIFMMBGRDWVSC-UHFFFAOYSA-N,IC50,CC(C)N(CC(=O)NCC1CN(c2ccc(C(F)(F)F)cn2)CCO1)S(=O)(=O)c1ccc(F)cc1,CHEMBL3930699,6.42,6.42,6.42,,1,B,2016,2016,O=C(CNS(=O)(=O)c1ccccc1)NCC1CN(c2ccccn2)CCO1,test
WOIUQWYXFIXJME-GXTWGEPZSA-N,IC50,Cn1cnc2ncn(Cc3nc([C@@H]4CO[C@@H](c5ccc(Cl)cc5)C4)no3)c2c1=O,CHEMBL6030491,7.82,7.72,7.92,0.1414213562373093,2,B,2020,2020,O=c1[nH]cnc2ncn(Cc3nc(C4COC(c5ccccc5)C4)no3)c12,train
WOKJMDDDXREZDG-ZDUSSCGKSA-N,IC50,CNC(=O)c1sc2ncn(Cc3nnn(C[C@H](O)c4ccc(Cl)cc4)n3)c(=O)c2c1C,CHEMBL5919578,7.7,7.7,7.7,,1,B,2023,2023,O=c1c2ccsc2ncn1Cc1nnn(CCc2ccccc2)n1,train
WPNNDKHQYVORDG-UHFFFAOYSA-N,IC50,Clc1ccccc1-c1ccc2[nH]ncc2c1,CHEMBL3298235,5.91,5.91,5.91,,1,B,2014,2014,c1ccc(-c2ccc3[nH]ncc3c2)cc1,train
WPTBYMVYHGHIDZ-CTYIDZIISA-N,IC50,Cn1cnc2ncn(Cc3nn([C@H]4C[C@H](Oc5cccc(C#N)c5)C4)c(=O)o3)c(=O)c21,CHEMBL5751371,7.34,7.34,7.34,,1,B,2021,2021,O=c1c2[nH]cnc2ncn1Cc1nn(C2CC(Oc3ccccc3)C2)c(=O)o1,train
WPTCSNGQXKAVFR-UHFFFAOYSA-N,IC50,CC(C)Nc1c(-c2cccc(Cl)c2)nc2ccc(Br)cn12,CHEMBL3948176,6.88,6.88,6.88,,1,B,2016,2016,c1ccc(-c2cn3ccccc3n2)cc1,train
WPWRLCNFHLWQGC-UHFFFAOYSA-N,IC50,Cn1c(=O)c2c(CC(=O)Nc3nc(-c4ccc(F)cc4F)cs3)cccc2n(C)c1=O,CHEMBL3939180,7.32,7.32,7.32,,1,B,2015,2015,O=C(Cc1cccc2[nH]c(=O)[nH]c(=O)c12)Nc1nc(-c2ccccc2)cs1,train
WQGVDODKSWKQSI-WMLDXEAASA-N,IC50,O=c1c2cccc(=O)n2ccn1Cc1nc([C@@H]2CO[C@@H](c3ccc(F)cc3)C2)no1,CHEMBL6028792,7.92,7.92,7.92,,1,B,2020,2020,O=c1c2cccc(=O)n2ccn1Cc1nc(C2COC(c3ccccc3)C2)no1,train
WRDLKTQRPOZITC-QWPOMPHKSA-N,IC50,CCC(=N\O)/C(C)=C/c1ccc(F)c(F)c1,CHEMBL3697714,6.24,6.24,6.24,,1,B,2015,2015,c1ccccc1,train
WRJCSDBKLNHRAA-UKRRQHHQSA-N,IC50,Cn1cnc2ncn(Cc3nn([C@@H]4CC[C@@H](c5ccc(F)cc5)C4)c(=O)o3)c(=O)c21,CHEMBL5907744,8.08,8.08,8.08,,1,B,2021,2021,O=c1c2[nH]cnc2ncn1Cc1nn(C2CCC(c3ccccc3)C2)c(=O)o1,train
WRZHLIPHQKQFBS-LBPRGKRZSA-N,IC50,Cc1c(C(N)=O)oc2ncn(Cc3nnn(C[C@H](O)c4ccc(Cl)cc4)n3)c(=O)c12,CHEMBL6015636,7.64,7.64,7.64,,1,B,2023,2023,O=c1c2ccoc2ncn1Cc1nnn(CCc2ccccc2)n1,train
WSCIGUKLFPKXFX-UHFFFAOYSA-N,IC50,Cn1cnc2ncn(Cc3nn(CCc4ccc(C(F)F)cc4)c(=O)o3)c(=O)c21,CHEMBL5748156,6.29,6.29,6.29,,1,B,2021,2021,O=c1c2[nH]cnc2ncn1Cc1nn(CCc2ccccc2)c(=O)o1,train
WSJBTMAJFBDGCQ-HALDLXJZSA-N,IC50,Cn1cnc2ncn(Cc3nc([C@H]4[C@@H]5CN(c6ccc7sncc7c6)C[C@@H]54)no3)c(=O)c21,CHEMBL6048418,8.21,7.74,8.68,0.6646803743153537,2,B,2020,2020,O=c1c2[nH]cnc2ncn1Cc1nc(C2C3CN(c4ccc5sncc5c4)CC32)no1,test
WSJNOMFLZGTWKZ-UHFFFAOYSA-N,IC50,O=C(NCC(Cc1ccccc1)N1CCC(O)(C(F)(F)F)C1)C1(c2ccc(F)cc2)CCC1,CHEMBL4217137,6.51,6.51,6.51,,1,B,2016,2016,O=C(NCC(Cc1ccccc1)N1CCCC1)C1(c2ccccc2)CCC1,test
WSKZYWSLEMVSGM-GXTWGEPZSA-N,IC50,Cc1nc2[nH]c(=O)n(C)c2c(=O)n1Cc1nc([C@@H]2CO[C@@H](c3ccc(Cl)cc3)C2)no1,CHEMBL6035579,7.27,7.07,7.47,0.2828427124746189,2,B,2020,2020,O=c1[nH]c2ncn(Cc3nc(C4COC(c5ccccc5)C4)no3)c(=O)c2[nH]1,val
WTGZNWPLWZWQKH-GOEBONIOSA-N,IC50,Cc1cnn2ncn(Cc3nc([C@@H]4CO[C@@H](c5ccc6cn[nH]c6c5)C4)no3)c(=O)c12,CHEMBL6061994,7.914999999999999,7.71,8.12,0.2899137802864843,2,B,2020,2020,O=c1c2ccnn2ncn1Cc1nc(C2COC(c3ccc4cn[nH]c4c3)C2)no1,train
WTULWADTNMDTBI-LAQFHYBYSA-N,IC50,Cn1cnc2ncn(Cc3nc([C@H]4[C@@H]5CN(c6ccc(C#N)cc6F)C[C@@H]54)no3)c(=O)c21,CHEMBL6064613,7.439999999999999,7.24,7.64,0.2828427124746189,2,B,2020,2020,O=c1c2[nH]cnc2ncn1Cc1nc(C2C3CN(c4ccccc4)CC32)no1,train
WVCGIOBBHJGFNT-AEFFLSMTSA-N,IC50,Cc1cc(S(=O)(=O)N2CC[C@@H](F)[C@@H]2c2ccc(F)cc2)cc(C)c1F,CHEMBL3754638,7.7,7.7,7.7,,1,B,2016,2016,O=S(=O)(c1ccccc1)N1CCCC1c1ccccc1,train
WVKCCUFMMHZVRZ-QFIPXVFZSA-N,IC50,CC(C)n1cc(CNC(=O)[C@@H]2CCCN2S(=O)(=O)c2cc3cc(F)ccc3o2)cc(-c2ccc(C(F)(F)F)nc2)c1=O,CHEMBL5979562,7.35,7.35,7.35,,1,B,2020,2020,O=C(NCc1c[nH]c(=O)c(-c2cccnc2)c1)C1CCCN1S(=O)(=O)c1cc2ccccc2o1,train
WVPZXHRZPLFNOG-GCJKJVERSA-N,IC50,O=C(NCc1ccnc(-c2ccc(OC(F)F)cc2)c1)[C@@H]1C[C@@H](F)CN1S(=O)(=O)c1ccc(F)cc1,CHEMBL5908217,7.07,7.07,7.07,,1,B,2022,2022,O=C(NCc1ccnc(-c2ccccc2)c1)C1CCCN1S(=O)(=O)c1ccccc1,train
WVSRIYBLNXSMHQ-UHFFFAOYSA-N,IC50,O=C(NCC(Cc1ccc(F)cc1)N1C2CCC1CC(O)(C(F)(F)F)C2)C1(c2ccc(F)cc2)CCCC1,CHEMBL4204223,6.08,6.08,6.08,,1,B,2016,2016,O=C(NCC(Cc1ccccc1)N1C2CCCC1CC2)C1(c2ccccc2)CCCC1,test
WWMLUCZLWNRNST-UHFFFAOYSA-N,IC50,O=C(CCc1ccccc1)CC(O)Cc1ccccc1,CHEMBL487732,5.35,5.35,5.35,,1,B,2023,2023,O=C(CCCc1ccccc1)CCc1ccccc1,val
WWXUELOIDKMRSB-HSQYWUDLSA-N,IC50,N#Cc1ccc(-c2cnc(C(F)(F)F)nc2)cc1CNC(=O)[C@@H]1[C@H]2C[C@H]2CN1S(=O)(=O)c1ccc(F)cc1,CHEMBL5944951,8.1,8.1,8.1,,1,B,2022,2022,O=C(NCc1cccc(-c2cncnc2)c1)C1C2CC2CN1S(=O)(=O)c1ccccc1,train
WXHSFVIZINIMIS-LAQFHYBYSA-N,IC50,Cn1cnc2ncn(Cc3nc([C@H]4[C@@H]5CN(c6ccc7ncoc7c6)C[C@@H]54)no3)c(=O)c21,CHEMBL5903390,7.484999999999999,7.42,7.55,0.0919238815542514,2,B,2020,2020,O=c1c2[nH]cnc2ncn1Cc1nc(C2C3CN(c4ccc5ncoc5c4)CC32)no1,test
WXUGHBCPMLOGEV-WCQYABFASA-N,IC50,Cn1c(=O)[nH]c2ncn(Cc3nc([C@@H]4CO[C@@H](c5ccc(Cl)cc5)C4)no3)c(=O)c21,CHEMBL6039453,7.675,7.39,7.96,0.4030508652763322,2,B,2020,2020,O=c1[nH]c2ncn(Cc3nc(C4COC(c5ccccc5)C4)no3)c(=O)c2[nH]1,val
WYUJVHUKAKUWIA-ZDUSSCGKSA-N,IC50,CNC(=O)c1sc2ncn(Cc3nc(C[C@H](O)c4ccc(F)c(F)c4)no3)c(=O)c2c1C,CHEMBL5774582,7.48,7.48,7.48,,1,B,2021,2021,O=c1c2ccsc2ncn1Cc1nc(CCc2ccccc2)no1,train
WYUPYGSKFFBOSP-UHFFFAOYSA-N,IC50,Cc1cc(Cn2c(=O)c3c(ncn3CC(=O)Nc3ccc4ccccc4n3)n(C)c2=O)no1,CHEMBL5820776,6.39,6.39,6.39,,1,B,2019,2019,O=C(Cn1cnc2[nH]c(=O)n(Cc3ccon3)c(=O)c21)Nc1ccc2ccccc2n1,test
WYXGQTJNYMMMLO-YJYMSZOUSA-N,IC50,C[C@@H]1C[C@@H](C(=O)NCc2cc(-c3ccc(C(F)(F)F)nc3)ncn2)N1S(=O)(=O)c1ccc(F)cc1,CHEMBL6013772,6.48,6.48,6.48,,1,B,2022,2022,O=C(NCc1cc(-c2cccnc2)ncn1)C1CCN1S(=O)(=O)c1ccccc1,train
WZFVQGWXJBTVEA-UHFFFAOYSA-N,IC50,Cc1oc2c(c1CC(=O)Nc1nc(-c3cc(F)c(C(F)(F)F)c(F)c3)cs1)c(=O)n(C)c(=O)n2C,CHEMBL3899453,8.38,8.38,8.38,,1,B,2015,2015,O=C(Cc1coc2[nH]c(=O)[nH]c(=O)c12)Nc1nc(-c2ccccc2)cs1,train
WZQMWEAVTLSMOF-HBYGRHMLSA-N,IC50,Cn1cnc2ncn(Cc3nc([C@H]4[C@@H]5CN(c6cccc(Cl)c6F)C[C@@H]54)no3)c(=O)c21,CHEMBL6005266,8.015,7.67,8.36,0.4879036790187168,2,B,2020,2020,O=c1c2[nH]cnc2ncn1Cc1nc(C2C3CN(c4ccccc4)CC32)no1,train
WZRMLPCUQNQCPB-LBPRGKRZSA-N,IC50,CC(=O)Cn1c(=O)c2c(ncn2[C@@H](C)C(=O)Nc2csc(-c3cnc(C(F)(F)F)c(C)c3)n2)n(C)c1=O,CHEMBL5919639,8.3,8.3,8.3,,1,B,2019,2019,O=C(Cn1cnc2[nH]c(=O)[nH]c(=O)c21)Nc1csc(-c2cccnc2)n1,train
WZUBEZISDJUWBT-UHFFFAOYSA-N,IC50,CC(C)Nc1c(-c2cccc(Cl)c2)nc2ccc(C(F)(F)F)cn12,CHEMBL3968657,6.84,6.84,6.84,,1,B,2016,2016,c1ccc(-c2cn3ccccc3n2)cc1,train
XAPDVOAYLTUITQ-GOEBONIOSA-N,IC50,Cc1nc(N(C)C)n2ncn(Cc3nc([C@@H]4CO[C@@H](c5ccc(Cl)cc5)C4)no3)c(=O)c12,CHEMBL6018274,7.305,7.23,7.38,0.1060660171779814,2,B,2020,2020,O=c1c2cncn2ncn1Cc1nc(C2COC(c3ccccc3)C2)no1,train
XAQVIFGRTKIRES-SHTZXODSSA-N,IC50,Cn1cnc2ncn(Cc3nc([C@H]4C[C@H](c5cccc(C#N)c5)C4)no3)c(=O)c21,CHEMBL5915509,7.17,7.17,7.17,,1,B,2020,2020,O=c1c2[nH]cnc2ncn1Cc1nc(C2CC(c3ccccc3)C2)no1,train
XATNITDFSRCWBI-HALDLXJZSA-N,IC50,O=c1c2cccnc2ncn1Cc1nc([C@H]2[C@@H]3CN(c4cc(Cl)ccn4)C[C@@H]32)no1,CHEMBL5084582,7.235,7.19,7.28,0.0636396103067891,2,B,2020,2020,O=c1c2cccnc2ncn1Cc1nc(C2C3CN(c4ccccn4)CC32)no1,train
XAUSPLMRLISGMX-DZGCQCFKSA-N,IC50,CC1(C)CCC[C@](O)(C(F)(F)F)[C@H]1Cc1ccc(F)cc1,CHEMBL5437183,7.460000000000001,7.44,7.48,0.0282842712474616,2,B,2023,2023,c1ccc(CC2CCCCC2)cc1,train
XBAHUCXUJNKOON-VIKVFOODSA-N,IC50,Cn1cnc2ncn(Cc3nc([C@H]4[C@@H]5CN(c6cccc(C#N)n6)C[C@@H]54)no3)c(=O)c21,CHEMBL5979384,6.8100000000000005,6.57,7.05,0.3394112549695421,2,B,2020,2020,O=c1c2[nH]cnc2ncn1Cc1nc(C2C3CN(c4ccccn4)CC32)no1,train
XBDHVGWQURBFBB-VIKVFOODSA-N,IC50,Cc1ncn2ncn(Cc3nc([C@H]4[C@@H]5CN(c6cc(Cl)ccn6)C[C@@H]54)no3)c(=O)c12,CHEMBL5778727,7.255,7.21,7.3,0.0636396103067891,2,B,2020,2020,O=c1c2cncn2ncn1Cc1nc(C2C3CN(c4ccccn4)CC32)no1,test
XBVPSHSACOJVOQ-BFYDXBDKSA-N,IC50,Cc1ccnc2ncn(Cc3nc([C@H]4[C@@H]5Oc6c(Cl)cccc6[C@@H]54)no3)c(=O)c12,CHEMBL5788773,7.65,7.65,7.65,,1,B,2020,2020,O=c1c2cccnc2ncn1Cc1nc(C2C3Oc4ccccc4C32)no1,test
XBWKDGVOHTXIQZ-KWUMSVIQSA-N,IC50,O=c1c2cccnc2ncn1Cc1nc([C@H]2C[C@](F)(c3cccc(F)c3)C2)no1,CHEMBL6029313,7.17,7.17,7.17,,1,B,2020,2020,O=c1c2cccnc2ncn1Cc1nc(C2CC(c3ccccc3)C2)no1,train
XCCZAIUWVCKNCM-ATCWAGBWSA-N,IC50,Cn1cnc2ncn(Cc3nc([C@H]4[C@@H]5CN(c6ccc(Cl)c(F)c6)C[C@@H]54)no3)c(=O)c21,CHEMBL6001185,7.83,7.66,8.0,0.240416305603426,2,B,2020,2020,O=c1c2[nH]cnc2ncn1Cc1nc(C2C3CN(c4ccccc4)CC32)no1,train
XCKMEJHQIGJSCX-NNGSBXSVSA-N,IC50,CCC(=O)Cn1c(=O)c2c(ncn2[C@@H](C)C(=O)Nc2cncc(-c3ccc(N4CC5C(C4)C5(F)F)nc3)n2)n(C)c1=O,CHEMBL5845178,8.4,8.4,8.4,,1,B,2019,2019,O=C(Cn1cnc2[nH]c(=O)[nH]c(=O)c21)Nc1cncc(-c2ccc(N3CC4CC4C3)nc2)n1,train
XCZDOORZBGHHNA-UHFFFAOYSA-N,IC50,Cn1c(=O)c2c(CC(=O)Nc3nc(-c4ccc(F)c(C(F)(F)F)c4F)cs3)nsc2n(C)c1=O,CHEMBL3941901,8.25,8.25,8.25,,1,B,2015,2015,O=C(Cc1nsc2[nH]c(=O)[nH]c(=O)c12)Nc1nc(-c2ccccc2)cs1,train
XCZHKBOHEHELPS-NHAGDIPZSA-N,IC50,Cn1cnc2ncn(Cc3nc([C@H]4[C@@H]5CN(c6cccnc6)C[C@@H]54)no3)c(=O)c21,CHEMBL5948717,6.11,6.11,6.11,,1,B,2020,2020,O=c1c2[nH]cnc2ncn1Cc1nc(C2C3CN(c4cccnc4)CC32)no1,train
XEAVDNWRYBZHOZ-UHFFFAOYSA-N,IC50,Cn1c(=O)c2c(CC(=O)Nc3nc(-c4ccc(C(F)(F)F)c(F)c4F)cs3)cccc2n(C)c1=O,CHEMBL3987145,8.19,8.19,8.19,,1,B,2015,2015,O=C(Cc1cccc2[nH]c(=O)[nH]c(=O)c12)Nc1nc(-c2ccccc2)cs1,train
XEQNNSKBWZVZOZ-JPYJTQIMSA-N,IC50,O=C(NCc1cc(-c2ccc(C3CC3)nc2)ncn1)[C@@H]1C[C@@H](F)CN1S(=O)(=O)c1ccc(F)cc1,CHEMBL5754338,5.57,5.57,5.57,,1,B,2022,2022,O=C(NCc1cc(-c2ccc(C3CC3)nc2)ncn1)C1CCCN1S(=O)(=O)c1ccccc1,test
XFAKQJSOOQVAHX-UHFFFAOYSA-N,IC50,Cc1ccc(C(=O)NC(Sc2ccc([N+](=O)[O-])cc2)C(Cl)(Cl)Cl)cc1,CHEMBL1086589,6.0,5.6,6.44,0.3054426919984143,7,"B,F",2010,2012,O=C(NCSc1ccccc1)c1ccccc1,train
XFEQHDMOKHJBAP-UHFFFAOYSA-N,IC50,Cc1cc(Cn2c(=O)c3c(ncn3CC(=O)Nc3cccc(N4CCN(CC(F)(F)F)CC4)n3)n(C)c2=O)no1,CHEMBL5958781,7.04,7.04,7.04,,1,B,2019,2019,O=C(Cn1cnc2[nH]c(=O)n(Cc3ccon3)c(=O)c21)Nc1cccc(N2CCNCC2)n1,test
XFZJKVPNNLXVDR-IGEOTXOUSA-N,IC50,CCC(=O)Cn1c(=O)c2c(ncn2[C@@H](C)C(=O)Nc2cncc(-c3cnc(N4CC5C(C4)C5(F)F)nc3)n2)n(C)c1=O,CHEMBL5948960,8.52,8.52,8.52,,1,B,2019,2019,O=C(Cn1cnc2[nH]c(=O)[nH]c(=O)c21)Nc1cncc(-c2cnc(N3CC4CC4C3)nc2)n1,train
XGHHYTJFVHPJRP-ZLPCBKJTSA-N,IC50,C[C@@H](C(=O)Nc1cccc(-c2ccc(N3CC4CC4C3)nc2)n1)n1cnc2c1c(=O)n(CC#N)c(=O)n2C,CHEMBL5979092,8.22,8.22,8.22,,1,B,2019,2019,O=C(Cn1cnc2[nH]c(=O)[nH]c(=O)c21)Nc1cccc(-c2ccc(N3CC4CC4C3)nc2)n1,train
XGOIBVXKMMOVSQ-UHFFFAOYSA-N,IC50,O=c1c2ccnnc2ncn1Cc1nc(CCc2ccc(Cl)cc2)no1,CHEMBL3785216,6.87,6.87,6.87,,1,B,2016,2016,O=c1c2ccnnc2ncn1Cc1nc(CCc2ccccc2)no1,test
XGOLSZDFWDNITO-PKOBYXMFSA-N,IC50,Cc1cc(C)cc(S(=O)(=O)N2[C@H](CO)CC[C@@H]2c2ccc(F)cc2)c1,CHEMBL3754617,6.54,6.54,6.54,,1,B,2016,2016,O=S(=O)(c1ccccc1)N1CCCC1c1ccccc1,train
XGTNKOQJOGMILW-HAQNSBGRSA-N,IC50,Cn1cnc2ncn(Cc3nn([C@H]4C[C@H](c5ccc(Cl)c(F)c5)C4)c(=O)o3)c(=O)c21,CHEMBL5891586,7.52,7.52,7.52,,1,B,2021,2021,O=c1c2[nH]cnc2ncn1Cc1nn(C2CC(c3ccccc3)C2)c(=O)o1,train
XGTQXOATUIFTGC-WMLDXEAASA-N,IC50,C[C@@H](C(=O)Nc1cccc(-c2cnc(N3CCC[C@@H]3C(F)(F)F)nc2)n1)n1cnc2c1c(=O)n(CC#N)c(=O)n2C,CHEMBL5909488,8.52,8.52,8.52,,1,B,2019,2019,O=C(Cn1cnc2[nH]c(=O)[nH]c(=O)c21)Nc1cccc(-c2cnc(N3CCCC3)nc2)n1,train
XGTQXOATUIFTGC-YOEHRIQHSA-N,IC50,C[C@@H](C(=O)Nc1cccc(-c2cnc(N3CCC[C@H]3C(F)(F)F)nc2)n1)n1cnc2c1c(=O)n(CC#N)c(=O)n2C,CHEMBL5979146,8.4,8.4,8.4,,1,B,2019,2019,O=C(Cn1cnc2[nH]c(=O)[nH]c(=O)c21)Nc1cccc(-c2cnc(N3CCCC3)nc2)n1,train
XHJBOXFNVSPYJI-KNQAVFIVSA-N,IC50,O=C(NCc1cc(F)cc(-c2ccc(C(F)F)nc2)c1)[C@@H]1C[C@@H](F)CN1S(=O)(=O)c1ccc(F)cc1,CHEMBL5997255,7.54,7.54,7.54,,1,B,2022,2022,O=C(NCc1cccc(-c2cccnc2)c1)C1CCCN1S(=O)(=O)c1ccccc1,train
XHWHHZLLSITQCM-FOLVSLTJSA-N,IC50,Cn1cnc2ncn(Cc3nc([C@H]4[C@@H]5Cc6ccccc6C[C@@H]54)no3)c(=O)c21,CHEMBL5828855,7.12,7.12,7.12,,1,B,2020,2020,O=c1c2[nH]cnc2ncn1Cc1nc(C2C3Cc4ccccc4CC32)no1,test
XIEDEBMSVCTSFI-HNNXBMFYSA-N,IC50,CCOc1ncc(-c2cccc(NC(=O)[C@H](C)n3cnc4c3c(=O)n(Cc3cc(C)on3)c(=O)n4C)n2)cc1C(F)(F)F,CHEMBL5924035,9.0,9.0,9.0,,1,B,2019,2019,O=C(Cn1cnc2[nH]c(=O)n(Cc3ccon3)c(=O)c21)Nc1cccc(-c2cccnc2)n1,train
XIHLXICJADAAMG-UHFFFAOYSA-N,IC50,Fc1ccc(-c2n[nH]c3cc(OC(F)(F)F)cnc23)cc1,CHEMBL4067095,6.59,6.59,6.59,,1,B,2017,2017,c1ccc(-c2n[nH]c3cccnc23)cc1,train
XIHULXIDONOQSG-HNNXBMFYSA-N,IC50,C[C@@H](C(=O)Nc1cccc(-c2ccc(C(F)(F)F)nc2)n1)n1cnc2c1c(=O)n(Cc1ccccn1)c(=O)n2C,CHEMBL5810298,7.55,7.55,7.55,,1,B,2019,2019,O=C(Cn1cnc2[nH]c(=O)n(Cc3ccccn3)c(=O)c21)Nc1cccc(-c2cccnc2)n1,test
XIJYTOIFEYRXLS-SMDDNHRTSA-N,IC50,Cn1ncc2nc(N)n(Cc3nc([C@@H]4CO[C@@H](c5ccc(Cl)cc5)C4)no3)c(=O)c21,CHEMBL5795423,8.635,8.5,8.77,0.1909188309203675,2,B,2020,2020,O=c1c2[nH]ncc2ncn1Cc1nc(C2COC(c3ccccc3)C2)no1,train
XIOJQBVKDSTRPK-UHFFFAOYSA-N,IC50,O=C(NCC(Cc1ccccc1)N1CCC(O)(C(F)(F)F)CC1)c1cc(C(F)(F)F)ccn1,CHEMBL4207671,7.08,7.08,7.08,,1,B,2016,2016,O=C(NCC(Cc1ccccc1)N1CCCCC1)c1ccccn1,test
XIPWBPDWHQJWKK-IBGZPJMESA-N,IC50,CC(C)n1c(=O)c(CNC(=O)[C@@H]2CCCN2S(=O)(=O)c2cc3cnccc3o2)cn(-c2ccc(C(F)(F)F)cn2)c1=O,CHEMBL6014563,6.7,6.7,6.7,,1,B,2020,2020,O=C(NCc1cn(-c2ccccn2)c(=O)[nH]c1=O)C1CCCN1S(=O)(=O)c1cc2cnccc2o1,test
XJDHXLWQTXVSFO-VYDXJSESSA-N,IC50,Cn1cnc2ncn(Cc3nc([C@H]4[C@@H]5C=C(c6cc(F)cc(F)c6)C[C@@H]54)no3)c(=O)c21,CHEMBL5969388,8.254999999999999,7.89,8.62,0.5161879502661797,2,B,2020,2020,O=c1c2[nH]cnc2ncn1Cc1nc(C2C3C=C(c4ccccc4)CC32)no1,train
XJJNUZPFNULXJQ-SWLSCSKDSA-N,IC50,Cn1cnc2c(C#N)nn(Cc3nc([C@@H]4CO[C@@H](c5ccc(Cl)cc5)C4)no3)c2c1=O,CHEMBL5861996,7.48,7.34,7.62,0.1979898987322331,2,B,2020,2020,O=c1[nH]cnc2cnn(Cc3nc(C4COC(c5ccccc5)C4)no3)c12,test
XKSIOBPDRWKTCJ-ZLPCBKJTSA-N,IC50,CCC(=O)Cn1c(=O)c2c(ncn2[C@@H](C)C(=O)Nc2ccnc(-c3ccc(N4CC5CC5C4)nc3)n2)n(C)c1=O,CHEMBL5877338,8.4,8.4,8.4,,1,B,2019,2019,O=C(Cn1cnc2[nH]c(=O)[nH]c(=O)c21)Nc1ccnc(-c2ccc(N3CC4CC4C3)nc2)n1,train
XLGLEMZUTPMKLM-UHFFFAOYSA-N,IC50,Cc1nc2c(c(=O)n(Cc3ccccn3)c(=O)n2C)n1CC(=O)Nc1cccc(-c2cnc(C(F)(F)F)nc2)n1,CHEMBL5864222,7.38,7.38,7.38,,1,B,2019,2019,O=C(Cn1cnc2[nH]c(=O)n(Cc3ccccn3)c(=O)c21)Nc1cccc(-c2cncnc2)n1,train
XLYRIZJMZGOPTK-UHFFFAOYSA-N,IC50,CN1C(=O)c2cccc(CC(=O)Nc3nc(-c4cc(F)c(C(F)(F)F)c(F)c4)cs3)c2C1=O,CHEMBL1086092,6.6,6.6,6.6,,1,F,2010,2010,O=C(Cc1cccc2c1C(=O)NC2=O)Nc1nc(-c2ccccc2)cs1,train
XNHDIEBXXZHYPG-UHFFFAOYSA-N,IC50,COC(=O)CNc1c(-c2cccc(F)c2)nc2ccc(F)cn12,CHEMBL3954040,5.48,5.48,5.48,,1,B,2016,2016,c1ccc(-c2cn3ccccc3n2)cc1,train
XNPOFWWRLXGGEI-UHFFFAOYSA-N,IC50,CC(C)C(NC(=O)c1ccccc1)C(=O)c1ccc(F)cc1,CHEMBL2071493,5.199999999999999,5.1,5.3,0.1414213562373093,2,F,2012,2012,O=C(CNC(=O)c1ccccc1)c1ccccc1,train
XOFOPCOUHWLPJL-UHFFFAOYSA-N,IC50,CC(C)C(NC(=O)OC(C)(C)C)C(=O)c1ccc(C#N)c(F)c1,CHEMBL2071590,5.800000000000001,5.7,5.9,0.1414213562373099,2,F,2012,2012,c1ccccc1,train
XOPMVFNBFICPDB-UHFFFAOYSA-N,IC50,Cn1c(=O)c2c(CC(=O)Nc3nc(-c4ccc(F)c(C(F)(F)F)c4F)cs3)csc2n(C)c1=O,CHEMBL3905801,8.31,5.17,8.6,1.9021303845951256,3,B,2015,2023,O=C(Cc1csc2[nH]c(=O)[nH]c(=O)c12)Nc1nc(-c2ccccc2)cs1,train
XOQQYLAKAJMBHH-UHFFFAOYSA-N,IC50,FC(F)(F)Oc1cc2[nH]ncc2cc1-c1ccccc1C(F)(F)F,CHEMBL3299024,7.44,7.44,7.44,,1,B,2014,2014,c1ccc(-c2ccc3[nH]ncc3c2)cc1,train
XOTLDNAVQQZBGX-UHFFFAOYSA-N,IC50,CC1(C)CCCC(O)(C(F)(F)F)C1Cc1cccc(C#N)c1,CHEMBL5401746,5.26,5.26,5.26,,1,B,2023,2023,c1ccc(CC2CCCCC2)cc1,train
XOVTWNLGYRCGFO-HHCCDPJTSA-N,IC50,Cc1cnn2ncn(Cc3nc([C@H]4C[C@](F)(c5cccc(Cl)c5)C4)no3)c(=O)c12,CHEMBL5900516,7.435,7.36,7.51,0.1060660171779814,2,B,2020,2020,O=c1c2ccnn2ncn1Cc1nc(C2CC(c3ccccc3)C2)no1,train
XOZUCURGTPFEPA-LURJTMIESA-N,IC50,Cc1noc(Cn2c(=O)c3c(ncn3[C@@H](C)C(N)=O)n(C)c2=O)n1,CHEMBL5927515,9.0,9.0,9.0,0.0,2,B,2019,2019,O=c1[nH]c2nc[nH]c2c(=O)n1Cc1ncno1,train
XPKLLDXUIOXSSE-XGNXJENSSA-N,IC50,C[C@@H](C(=O)Nc1csc(-c2cnc(N3CC4C(C3)C4(F)F)nc2)n1)n1cnc2c1c(=O)n(CC#N)c(=O)n2C,CHEMBL6035844,8.7,8.7,8.7,,1,B,2019,2019,O=C(Cn1cnc2[nH]c(=O)[nH]c(=O)c21)Nc1csc(-c2cnc(N3CC4CC4C3)nc2)n1,train
XPZXRJASCMUGQL-UHFFFAOYSA-N,IC50,Cc1noc(Cn2c(=O)c3c(ncn3CC(=O)Nc3cccc(-c4cnc(C)c(C(F)(F)F)c4)n3)n(C)c2=O)n1,CHEMBL6009992,9.0,9.0,9.0,,1,B,2019,2019,O=C(Cn1cnc2[nH]c(=O)n(Cc3ncno3)c(=O)c21)Nc1cccc(-c2cccnc2)n1,train
XQDBJRZGDIFZFV-OALUTQOASA-N,IC50,O=C(NCc1cc(-c2cnc(C(F)(F)F)nc2)ccn1)[C@@H]1[C@@H](F)CCN1S(=O)(=O)c1ccc(F)cc1,CHEMBL5879812,6.99,6.99,6.99,,1,B,2022,2022,O=C(NCc1cc(-c2cncnc2)ccn1)C1CCCN1S(=O)(=O)c1ccccc1,train
XQGUQUOCTSQNDD-VIKVFOODSA-N,IC50,Cc1cnn2ncn(Cc3nc([C@H]4[C@@H]5CN(c6cc(Cl)ccn6)C[C@@H]54)no3)c(=O)c12,CHEMBL5836096,8.04,7.82,8.26,0.3111269837220812,2,B,2020,2020,O=c1c2ccnn2ncn1Cc1nc(C2C3CN(c4ccccn4)CC32)no1,train
XQJHSTXORFDHJO-NHAGDIPZSA-N,IC50,Cn1cnc2ncn(Cc3nc([C@H]4[C@@H]5CN(c6cncc(F)c6)C[C@@H]54)no3)c(=O)c21,CHEMBL5815794,6.745,6.44,7.05,0.4313351365237935,2,B,2020,2020,O=c1c2[nH]cnc2ncn1Cc1nc(C2C3CN(c4cccnc4)CC32)no1,train
XQVDMHKTSFSEMQ-UHFFFAOYSA-N,IC50,COc1ccc(CCn2nc(Cn3cnc4ncn(C)c4c3=O)oc2=O)cc1,CHEMBL5953819,6.56,6.56,6.56,,1,B,2021,2021,O=c1c2[nH]cnc2ncn1Cc1nn(CCc2ccccc2)c(=O)o1,train
XRUHRUNQTJHPBY-UHFFFAOYSA-N,IC50,Cc1cc(CCn2nc(Cn3cnc4ncn(C)c4c3=O)oc2=O)ccc1Cl,CHEMBL6058971,6.95,6.95,6.95,,1,B,2021,2021,O=c1c2[nH]cnc2ncn1Cc1nn(CCc2ccccc2)c(=O)o1,train
XRWIKIYEWODHPQ-UHFFFAOYSA-N,IC50,Cn1c(=O)c2c(CC(=O)Nc3nc(-c4cccc(C(F)(F)F)c4)cs3)cccc2n(C)c1=O,CHEMBL3956711,7.32,7.32,7.32,,1,B,2015,2015,O=C(Cc1cccc2[nH]c(=O)[nH]c(=O)c12)Nc1nc(-c2ccccc2)cs1,train
XSCCGKSIBNQWIP-UZLBHIALSA-N,IC50,O=C(NCc1cc(-c2ccc(C(F)(F)F)nc2)ncc1F)[C@@H]1C[C@@H](F)CN1S(=O)(=O)c1ccc(F)cc1,CHEMBL5989168,7.47,7.17,7.77,0.4242640687119283,2,B,2022,2022,O=C(NCc1ccnc(-c2cccnc2)c1)C1CCCN1S(=O)(=O)c1ccccc1,train
XSFCKBIGLBUTHE-QWHZDKJVSA-N,IC50,Cn1c(=O)ccc2ncn(Cc3nc([C@H]4[C@@H]5CN(c6cccc(Cl)c6)C[C@@H]54)no3)c(=O)c21,CHEMBL5836212,8.4,8.4,8.4,,1,B,2020,2020,O=c1ccc2ncn(Cc3nc(C4C5CN(c6ccccc6)CC54)no3)c(=O)c2[nH]1,test
XSOWZVIQZNTLGC-HALDLXJZSA-N,IC50,O=c1c2cccnc2ncn1Cc1nc([C@H]2[C@@H]3CN(c4cc(F)ccn4)C[C@@H]32)no1,CHEMBL5914583,6.8,6.71,6.89,0.1272792206135783,2,B,2020,2020,O=c1c2cccnc2ncn1Cc1nc(C2C3CN(c4ccccn4)CC32)no1,train
XSVJDKKRVOFGLA-FKIZINRSSA-N,IC50,Cn1cnc2ncn(Cc3nc([C@@H]4CO[C@@](C)(c5ccc(Cl)cc5)C4)no3)c(=O)c21,CHEMBL5914099,5.545,5.43,5.66,0.1626345596729062,2,B,2020,2020,O=c1c2[nH]cnc2ncn1Cc1nc(C2COC(c3ccccc3)C2)no1,train
XSVRNWKQZYOFRS-IPVJXJPOSA-N,IC50,Cc1cncc2ncn(Cc3nc([C@H]4C[C@](F)(c5ccc(Cl)cc5)C4)no3)c(=O)c12,CHEMBL6048512,7.64,7.64,7.64,,1,B,2020,2020,O=c1c2ccncc2ncn1Cc1nc(C2CC(c3ccccc3)C2)no1,train
XTCJBNJCHYEEHZ-DZGCQCFKSA-N,IC50,CC1(C)CCC[C@](O)(C(F)(F)F)[C@H]1Cc1ccc([N+](=O)[O-])cc1,CHEMBL5398163,7.85,7.85,7.85,,1,B,2023,2023,c1ccc(CC2CCCCC2)cc1,train
XTEOOQGHFDZVDI-UHFFFAOYSA-N,IC50,Fc1c(-c2ccccc2C(F)(F)F)ccc2[nH]ncc12,CHEMBL3298250,6.53,6.53,6.53,,1,B,2014,2014,c1ccc(-c2ccc3[nH]ncc3c2)cc1,train
XTJCMZFNEXELMO-UHFFFAOYSA-N,IC50,Cn1c(=O)c2c(ccn2CC(=O)Nc2ccc(C(F)(F)F)cc2)n(C)c1=O,CHEMBL1944838,6.4,6.4,6.4,,1,F,2012,2012,O=C(Cn1ccc2[nH]c(=O)[nH]c(=O)c21)Nc1ccccc1,train
XUXZULDMSVLPDK-UHFFFAOYSA-N,IC50,CC(C)c1cc(CCC(=O)CC(O)Cc2ccccc2)cc(C(C)C)c1O,CHEMBL1950590,5.48,5.48,5.48,,1,B,2023,2023,O=C(CCCc1ccccc1)CCc1ccccc1,val
XVWJZNUBJBSIFR-FOLVSLTJSA-N,IC50,Cn1cnc2ncn(Cc3nc([C@H]4[C@@H]5CN(c6cccc(OC(F)(F)F)c6)C[C@@H]54)no3)c(=O)c21,CHEMBL5820517,6.92,6.92,6.92,,1,B,2020,2020,O=c1c2[nH]cnc2ncn1Cc1nc(C2C3CN(c4ccccc4)CC32)no1,train
XWGOPLIZWFRBIN-KWUMSVIQSA-N,IC50,O=c1c2cccnc2ncn1Cc1nc([C@H]2C[C@](O)(c3cccc(Cl)c3)C2)no1,CHEMBL5863260,6.55,6.55,6.55,,1,B,2020,2020,O=c1c2cccnc2ncn1Cc1nc(C2CC(c3ccccc3)C2)no1,train
XWVQRBZZRNONCK-UHFFFAOYSA-N,IC50,Cn1cnc2ncn(Cc3nn(CCc4ccc5ccccc5c4)c(=O)o3)c(=O)c21,CHEMBL5791721,7.39,7.39,7.39,,1,B,2021,2021,O=c1c2[nH]cnc2ncn1Cc1nn(CCc2ccc3ccccc3c2)c(=O)o1,train
XWWLYDGDHPKEFD-UHFFFAOYSA-N,IC50,Cc1c2c(=O)n(Cc3nc(CC(O)c4ccc(Cl)cc4)no3)cnc2nn1C(C)C,CHEMBL5826757,7.39,7.39,7.39,,1,B,2021,2021,O=c1c2c[nH]nc2ncn1Cc1nc(CCc2ccccc2)no1,test
XWWPJKNCWPEFJS-SQGPQFPESA-N,IC50,Cc1ccnc2ncn(Cc3nc([C@@H]4[C@H]5C=C(c6ccccc6)C[C@H]54)no3)c(=O)c12,CHEMBL5781313,7.85,7.85,7.85,,1,B,2020,2020,O=c1c2cccnc2ncn1Cc1nc(C2C3C=C(c4ccccc4)CC32)no1,train
XWXZEVWJOGNSOD-YJBOKZPZSA-N,IC50,Cc1cc(Cn2c(=O)c3c(ncn3[C@@H](C)C(=O)Nc3ccnc(-c4cnc(N5CCC[C@H]5C(F)(F)F)nc4)n3)n(C)c2=O)no1,CHEMBL6042280,8.7,8.7,8.7,,1,B,2019,2019,O=C(Cn1cnc2[nH]c(=O)n(Cc3ccon3)c(=O)c21)Nc1ccnc(-c2cnc(N3CCCC3)nc2)n1,test
XWYXLYCDZKRCAD-BQYQJAHWSA-N,IC50,COc1ccc(/C=C/c2ccccc2)cc1,CHEMBL2387063,4.92,4.92,4.92,,1,B,2016,2016,C(=Cc1ccccc1)c1ccccc1,train
XXAJTWFMFVVGIN-UHFFFAOYSA-N,IC50,Cn1c(=O)c2c(ccn2CC(=O)Nc2nc(-c3ccc(F)cc3)cs2)n(C)c1=O,CHEMBL1945689,5.39,5.39,5.39,,1,F,2012,2012,O=C(Cn1ccc2[nH]c(=O)[nH]c(=O)c21)Nc1nc(-c2ccccc2)cs1,train
XYGCJFPIVHXCSK-UHFFFAOYSA-N,IC50,COc1cccc(C2NC(=S)N(C)C3=C2C(=O)c2ccccc23)c1,CHEMBL1939822,7.07,7.07,7.07,,1,F,2012,2012,O=C1C2=C(NC(=S)NC2c2ccccc2)c2ccccc21,train
XYGZAZHAXFGQPR-UHFFFAOYSA-N,IC50,COCc1cc2[nH]ncc2cc1-c1ccccc1C(F)(F)F,CHEMBL3299023,6.85,6.85,6.85,,1,B,2014,2014,c1ccc(-c2ccc3[nH]ncc3c2)cc1,train
XYHIUESBFSVNAX-LBPRGKRZSA-N,IC50,Cc1oc2ncn(Cc3nnn(C[C@H](O)c4ccc(Cl)cc4)n3)c(=O)c2c1C(N)=O,CHEMBL5992526,7.64,7.64,7.64,,1,B,2023,2023,O=c1c2ccoc2ncn1Cc1nnn(CCc2ccccc2)n1,train
XYLBMXMFEPAIDX-UHFFFAOYSA-N,IC50,Cn1cnc2ncn(Cc3nn(CCc4ccc(C5CC5)cc4)c(=O)o3)c(=O)c21,CHEMBL5842262,6.45,6.45,6.45,,1,B,2021,2021,O=c1c2[nH]cnc2ncn1Cc1nn(CCc2ccc(C3CC3)cc2)c(=O)o1,test
XYLQLKFUIGUGMF-UHFFFAOYSA-N,IC50,Cn1c(=O)c2c(CC(=O)Nc3nc(-c4cc(F)cc(C(F)(F)F)c4)cs3)coc2n(C)c1=O,CHEMBL3947821,8.67,8.67,8.67,,1,B,2015,2015,O=C(Cc1coc2[nH]c(=O)[nH]c(=O)c12)Nc1nc(-c2ccccc2)cs1,train
XZMSFDWECPXXRJ-PKQUCIBFSA-N,IC50,C=C1CCC[C@H]2[C@](C)(CC[C@@]3(C)CC[C@H]([C@@H](C)C(=O)OC)OO3)[C@@H](C)CC[C@]12C,CHEMBL5428600,4.87,4.87,4.87,,1,B,2024,2024,C=C1CCCC2C(CCC3CCCOO3)CCCC12,val
YAAQSQALFNFFQV-UHFFFAOYSA-N,IC50,Cn1cnc2ncn(Cc3nn(CCc4ccc(OC(F)(F)F)cc4)c(=O)o3)c(=O)c21,CHEMBL6035619,7.07,7.07,7.07,,1,B,2021,2021,O=c1c2[nH]cnc2ncn1Cc1nn(CCc2ccccc2)c(=O)o1,train
YAVYGLIDOKYBIQ-UHFFFAOYSA-N,IC50,CN1CCC(CC(CNC(=O)C2(c3ccc(Cl)cc3)CCCC2)N2CCC(O)(C(F)(F)F)CC2)CC1,CHEMBL4203966,4.57,4.57,4.57,,1,B,2016,2016,O=C(NCC(CC1CCNCC1)N1CCCCC1)C1(c2ccccc2)CCCC1,test
YAYQPACFPAHFBP-ZHACJKMWSA-N,IC50,COc1ccccc1/C=C/C(=O)Nc1ccccc1C(=O)O,CHEMBL4446136,4.295,4.29,4.3,0.0070710678118653,2,B,2019,2019,O=C(C=Cc1ccccc1)Nc1ccccc1,train
YBPKDCWIZDLZLH-BLLLJJGKSA-N,IC50,O=S(=O)(c1cc(Cl)c(F)c(Cl)c1)N1[C@H](CO)CC[C@@H]1c1ccc(F)cc1,CHEMBL3753452,6.96,6.96,6.96,,1,B,2016,2016,O=S(=O)(c1ccccc1)N1CCCC1c1ccccc1,train
YBVLXHRURDNMHN-URXFXBBRSA-N,IC50,CC(C)n1c(=O)c(CNC(=O)[C@@H]2[C@@H](O)CCN2S(=O)(=O)c2cc3ccccc3o2)cn(-c2ccc(C(F)(F)F)cc2)c1=O,CHEMBL5844042,6.66,6.66,6.66,,1,B,2020,2020,O=C(NCc1cn(-c2ccccc2)c(=O)[nH]c1=O)C1CCCN1S(=O)(=O)c1cc2ccccc2o1,train
YCPKIIGXUMZROC-MQMHXKEQSA-N,IC50,Cn1cnc2ncn(Cc3nn([C@H]4C[C@H](Oc5ccc(Cl)cc5)C4)c(=O)o3)c(=O)c21,CHEMBL5999476,6.11,6.11,6.11,,1,B,2021,2021,O=c1c2[nH]cnc2ncn1Cc1nn(C2CC(Oc3ccccc3)C2)c(=O)o1,train
YCSCTJKEBOGQEI-VXGBXAGGSA-N,IC50,O[C@]1(C(F)(F)F)CCCC[C@H]1Nc1ccc(Cl)c(F)c1,CHEMBL5419744,7.68,7.68,7.68,,1,B,2023,2023,c1ccc(NC2CCCCC2)cc1,train
YDBYOXUORMOOBQ-UHFFFAOYSA-N,IC50,Cc1oc2c(c1CC(=O)Nc1nc(-c3ccc(OC(F)(F)F)c(F)c3)cs1)c(=O)n(C)c(=O)n2C,CHEMBL3904928,7.9,7.9,7.9,,1,B,2015,2015,O=C(Cc1coc2[nH]c(=O)[nH]c(=O)c12)Nc1nc(-c2ccccc2)cs1,train
YDXYNXLPDIGXAM-DZGCQCFKSA-N,IC50,Cc1ccnc2nc(N)n(Cc3nc([C@@H]4CO[C@@H](c5ccc(Cl)cc5)C4)no3)c(=O)c12,CHEMBL5975671,8.4,7.98,8.82,0.5939696961966998,2,B,2020,2020,O=c1c2cccnc2ncn1Cc1nc(C2COC(c3ccccc3)C2)no1,train
YEACVWXJCVFKBH-KUHUBIRLSA-N,IC50,O=C(NCc1cc(-c2cnc(C(F)(F)F)nc2)c(Cl)cn1)[C@@H]1C[C@@H](F)CN1S(=O)(=O)c1ccc(F)cc1,CHEMBL5986156,7.38,7.38,7.38,,1,B,2022,2022,O=C(NCc1cc(-c2cncnc2)ccn1)C1CCCN1S(=O)(=O)c1ccccc1,train
YEIMPNFNEMTFDM-UHFFFAOYSA-N,IC50,Cc1ncc(-c2cccc(NC(=O)Cn3cnc4c3c(=O)n(Cc3ccon3)c(=O)n4C)n2)cc1C(F)(F)F,CHEMBL6045228,8.52,8.52,8.52,,1,B,2019,2019,O=C(Cn1cnc2[nH]c(=O)n(Cc3ccon3)c(=O)c21)Nc1cccc(-c2cccnc2)n1,train
YETYETHLQCIHEE-UHFFFAOYSA-N,IC50,Fc1cc2[nH]ncc2cc1-c1ccccc1C(F)(F)F,CHEMBL3298251,7.32,7.32,7.32,,1,B,2014,2014,c1ccc(-c2ccc3[nH]ncc3c2)cc1,train
YFHGTPYEYFYGAH-BBQAJUCSSA-N,IC50,CC1(F)C[C@@H](C(=O)NCc2cc(-c3ccc(OC(F)(F)F)cc3)ncn2)N(S(=O)(=O)c2ccc(F)cc2)C1,CHEMBL5975639,7.7,7.7,7.7,,1,B,2022,2022,O=C(NCc1cc(-c2ccccc2)ncn1)C1CCCN1S(=O)(=O)c1ccccc1,train
YFYZCTDEXIQQLY-LBPRGKRZSA-N,IC50,CC(=O)Cn1c(=O)c2c(ncn2[C@@H](C)C(=O)Nc2cncc(-c3ccc(C(F)(F)F)nc3)n2)n(C)c1=O,CHEMBL6030098,7.31,7.31,7.31,,1,B,2019,2019,O=C(Cn1cnc2[nH]c(=O)[nH]c(=O)c21)Nc1cncc(-c2cccnc2)n1,train
YGJKAILDLPIFCZ-UHFFFAOYSA-N,IC50,CC(C)CCOc1ccc(-c2csc(NC(=O)Cc3cccc4c3c(=O)n(C)c(=O)n4C)n2)cc1,CHEMBL3891778,7.1,7.1,7.1,,1,B,2015,2015,O=C(Cc1cccc2[nH]c(=O)[nH]c(=O)c12)Nc1nc(-c2ccccc2)cs1,train
YGOMVEIEVIZJFF-JKSUJKDBSA-N,IC50,Cc1cnn2ncn(Cc3nc([C@@H]4CO[C@@H](c5ccc(C#N)cc5)C4)no3)c(=O)c12,CHEMBL5917454,7.265000000000001,7.12,7.41,0.2050609665440985,2,B,2020,2020,O=c1c2ccnn2ncn1Cc1nc(C2COC(c3ccccc3)C2)no1,train
YHGYDTGBMKTLPH-NQIIRXRSSA-N,IC50,COc1nc(C(F)(F)F)ccc1-c1cc(F)cc(CNC(=O)[C@@H]2C[C@@H](F)CN2S(=O)(=O)c2ccc(F)cc2)c1,CHEMBL5945949,7.32,7.32,7.32,,1,B,2022,2022,O=C(NCc1cccc(-c2cccnc2)c1)C1CCCN1S(=O)(=O)c1ccccc1,train
YIPSQHDECVTTIC-NNGSBXSVSA-N,IC50,COCC(=O)Cn1c(=O)c2c(ncn2[C@@H](C)C(=O)Nc2cccc(-c3cnc(N4CC5C(C4)C5(F)F)nc3)n2)n(C)c1=O,CHEMBL5754474,8.52,8.52,8.52,,1,B,2019,2019,O=C(Cn1cnc2[nH]c(=O)[nH]c(=O)c21)Nc1cccc(-c2cnc(N3CC4CC4C3)nc2)n1,train
YIXDWPGKRKLDML-AWEZNQCLSA-N,IC50,Cc1cc(Cn2c(=O)c3c(ncn3[C@@H](C)C(=O)Nc3cncc(-c4cnc(C)c(C(F)(F)F)c4)n3)n(C)c2=O)no1,CHEMBL5933482,8.4,8.4,8.4,,1,B,2019,2019,O=C(Cn1cnc2[nH]c(=O)n(Cc3ccon3)c(=O)c21)Nc1cncc(-c2cccnc2)n1,train
YJGBPDRSVXCGGG-DZGCQCFKSA-N,IC50,Cc1cnn2ncn(Cc3nc([C@@H]4CO[C@@H](c5ccc(F)cc5)C4)no3)c(=O)c12,CHEMBL5940735,8.435,8.07,8.8,0.51618795026618,2,B,2020,2020,O=c1c2ccnn2ncn1Cc1nc(C2COC(c3ccccc3)C2)no1,train
YJZRVQKJIFHXBP-MXVIHJGJSA-N,IC50,Cc1cncc2ncn(Cc3nc([C@H]4C[C@H](c5ccc6ccccc6c5)C4)no3)c(=O)c12,CHEMBL5796116,7.84,7.84,7.84,,1,B,2020,2020,O=c1c2ccncc2ncn1Cc1nc(C2CC(c3ccc4ccccc4c3)C2)no1,test
YKFSMOUFOXUQLG-UHFFFAOYSA-N,IC50,Cc1ccc(Nc2nc(C(=O)N3CCCC(C)C3C)cs2)cc1,CHEMBL2418806,5.1,5.1,5.1,,1,B,2013,2013,O=C(c1csc(Nc2ccccc2)n1)N1CCCCC1,train
YLCJLPKUVYAFRE-QLPKVWCKSA-N,IC50,Cn1cnc2ncn(Cc3nc([C@H]4[C@@H]5CN(c6cccc(C#N)c6)C[C@@H]54)no3)c(=O)c21,CHEMBL5976618,7.449999999999999,7.13,7.77,0.4525483399593905,2,B,2020,2020,O=c1c2[nH]cnc2ncn1Cc1nc(C2C3CN(c4ccccc4)CC32)no1,train
YLWILSVEXGUUFP-UHFFFAOYSA-N,IC50,Cc1cnnc2ncn(Cc3nn(CCc4ccc(Cl)cc4)c(=O)o3)c(=O)c12,CHEMBL5951573,7.31,7.31,7.31,,1,B,2021,2021,O=c1c2ccnnc2ncn1Cc1nn(CCc2ccccc2)c(=O)o1,test
YMGBPWVLZQNQFK-LBPRGKRZSA-N,IC50,Cc1noc(Cn2c(=O)c3c(ncn3[C@@H](C)C(=O)Nc3cncc(-c4cnc(C)c(C(F)(F)F)c4)n3)n(C)c2=O)n1,CHEMBL5938207,8.05,8.05,8.05,,1,B,2019,2019,O=C(Cn1cnc2[nH]c(=O)n(Cc3ncno3)c(=O)c21)Nc1cncc(-c2cccnc2)n1,train
YMZSYLUBFOARLT-UHFFFAOYSA-N,IC50,Cn1c(=O)c2c(CC(=O)Nc3ccn(-c4ccc(Cl)cc4)n3)cccc2n(C)c1=O,CHEMBL3896592,7.26,7.26,7.26,,1,B,2015,2015,O=C(Cc1cccc2[nH]c(=O)[nH]c(=O)c12)Nc1ccn(-c2ccccc2)n1,train
YNQDIELZBNNYMX-UHFFFAOYSA-N,IC50,Cc1oc2c(c1CC(=O)Nc1nc(-c3ccc(F)c(OC(F)(F)F)c3)cs1)c(=O)n(C)c(=O)n2C,CHEMBL3977240,8.31,8.31,8.31,,1,B,2015,2015,O=C(Cc1coc2[nH]c(=O)[nH]c(=O)c12)Nc1nc(-c2ccccc2)cs1,train
YNURNKHUOKGJKQ-UHFFFAOYSA-N,IC50,COc1cc(CNC(=O)c2cn3c(=O)n(Cc4ccccc4)c(=O)c(C)c3s2)ccn1,CHEMBL3220229,5.76,5.76,5.76,,1,B,2012,2012,O=C(NCc1ccncc1)c1cn2c(=O)n(Cc3ccccc3)c(=O)cc2s1,train
YODKHKXVAZNODR-UHFFFAOYSA-N,IC50,CC(=O)Cn1c(=O)c2c(ncn2CC(=O)Nc2cncc(-c3cnc(C(F)(F)F)c(C)c3)n2)n(C)c1=O,CHEMBL6002310,7.25,7.25,7.25,,1,B,2019,2019,O=C(Cn1cnc2[nH]c(=O)[nH]c(=O)c21)Nc1cncc(-c2cccnc2)n1,train
YOTMUJXMGKBCJI-UHFFFAOYSA-N,IC50,Fc1ccc(Nc2n[nH]c3cc(C(F)(F)F)cnc23)cc1F,CHEMBL4103611,7.42,7.42,7.42,,1,B,2017,2017,c1ccc(Nc2n[nH]c3cccnc23)cc1,train
YQDBFFOLHOLZKQ-GTPINHCMSA-N,IC50,CC#CCn1c(=O)c2c(ncn2[C@@H](C)C(=O)Nc2ccnc(-c3cnc(N4CC5CC5C4)nc3)n2)n(C)c1=O,CHEMBL5918028,8.22,8.22,8.22,,1,B,2019,2019,O=C(Cn1cnc2[nH]c(=O)[nH]c(=O)c21)Nc1ccnc(-c2cnc(N3CC4CC4C3)nc2)n1,train
YRFKNZJDKYZGGS-UHFFFAOYSA-N,IC50,Cn1c(=O)n(Cc2ccccn2)c(=O)c2c1ncn2CC(=O)Nc1csc(-c2ccc(F)c(F)c2)n1,CHEMBL5914773,7.85,7.85,7.85,,1,B,2019,2019,O=C(Cn1cnc2[nH]c(=O)n(Cc3ccccn3)c(=O)c21)Nc1csc(-c2ccccc2)n1,train
YRXHHMUCQVXQQZ-PTSVWTKZSA-N,IC50,CCC(=N\O)/C(C)=C/c1cccnc1,CHEMBL1084371,4.77,4.77,4.77,0.0,2,"B,F",2010,2017,c1ccncc1,train
YRZSUCWXBWCSKC-BMGDILEWSA-N,IC50,Cc1ccnc2ncn(Cc3nc([C@@H]4[C@H]5Cc6ccccc6[C@H]54)no3)c(=O)c12,CHEMBL5942342,6.92,6.92,6.92,,1,B,2020,2020,O=c1c2cccnc2ncn1Cc1nc(C2C3Cc4ccccc4C32)no1,val
YRZSUCWXBWCSKC-JLSDUUJJSA-N,IC50,Cc1ccnc2ncn(Cc3nc([C@H]4[C@@H]5Cc6ccccc6[C@@H]54)no3)c(=O)c12,CHEMBL6015050,6.52,6.52,6.52,,1,B,2020,2020,O=c1c2cccnc2ncn1Cc1nc(C2C3Cc4ccccc4C32)no1,val
YSAHIYORNYLDMN-JCNLHEQBSA-N,IC50,Cc1ccc(=O)n2ccn(Cc3nn([C@H]4C[C@H](c5ccc(Cl)cc5)C4)c(=O)o3)c(=O)c12,CHEMBL5958693,7.39,7.39,7.39,,1,B,2021,2021,O=c1c2cccc(=O)n2ccn1Cc1nn(C2CC(c3ccccc3)C2)c(=O)o1,train
YSCRLJGELYZACN-QFIPXVFZSA-N,IC50,CC(C)n1c(=O)c(CNC(=O)[C@@H]2CCCN2S(=O)(=O)c2cc3ccccc3s2)cn(-c2ccc(C(F)(F)F)cc2)c1=O,CHEMBL6030826,7.25,7.25,7.25,,1,B,2020,2020,O=C(NCc1cn(-c2ccccc2)c(=O)[nH]c1=O)C1CCCN1S(=O)(=O)c1cc2ccccc2s1,test
YSKFGBAYHFLJPZ-JXMROGBWSA-N,IC50,O=C(/C=C/c1ccc(F)cc1)Nc1ccccc1C(=O)O,CHEMBL4562546,4.59,4.58,4.6,0.0141421356237306,2,B,2019,2019,O=C(C=Cc1ccccc1)Nc1ccccc1,train
YTRXZKNDLRUBRK-KWUMSVIQSA-N,IC50,O=c1c2cccnc2ncn1Cc1nc([C@H]2C[C@](F)(c3ccc(Cl)cc3)C2)no1,CHEMBL5753770,7.7,7.7,7.7,,1,B,2020,2020,O=c1c2cccnc2ncn1Cc1nc(C2CC(c3ccccc3)C2)no1,train
YTXJELCYXHBTEZ-LBAQZLPGSA-N,IC50,CC(C)N1C(=O)C(CNC(=O)[C@@H]2CCCN2S(=O)(=O)c2cc3ccccc3o2)=CC(c2ccc(C(F)(F)F)nc2)C1=O,CHEMBL6029113,7.52,7.52,7.52,,1,B,2020,2020,O=C1NC(=O)C(c2cccnc2)C=C1CNC(=O)C1CCCN1S(=O)(=O)c1cc2ccccc2o1,test
YUDTVULXQVYYNC-FOLVSLTJSA-N,IC50,Cn1cnc2ncn(Cc3nc([C@H]4[C@@H]5CN(c6ccc(OC(F)F)cc6)C[C@@H]54)no3)c(=O)c21,CHEMBL5790079,7.3,7.3,7.3,,1,B,2020,2020,O=c1c2[nH]cnc2ncn1Cc1nc(C2C3CN(c4ccccc4)CC32)no1,train
YUJMTTVCSDSBRX-ZDUSSCGKSA-N,IC50,Cc1ccc([C@@H](O)Cn2nnc(Cn3cnc4oc(C)c(C(N)=O)c4c3=O)n2)cc1,CHEMBL5878746,7.62,7.62,7.62,,1,B,2023,2023,O=c1c2ccoc2ncn1Cc1nnn(CCc2ccccc2)n1,train
YVRAGDOGHOFVAV-NHPVSCMHSA-N,IC50,Cc1cc(C#N)nc2ncn(Cc3nc([C@H]4C[C@](F)(c5ccc(F)cc5)C4)no3)c(=O)c12,CHEMBL5753660,7.42,7.42,7.42,,1,B,2020,2020,O=c1c2cccnc2ncn1Cc1nc(C2CC(c3ccccc3)C2)no1,train
YVSODWPINHYMTB-WCQYABFASA-N,IC50,Cn1cnc2nc(N)n(Cc3nc([C@@H]4CO[C@@H](c5ccc(C(F)(F)F)cc5)C4)no3)c(=O)c21,CHEMBL5907836,7.484999999999999,7.01,7.96,0.6717514421272206,2,B,2020,2020,O=c1c2[nH]cnc2ncn1Cc1nc(C2COC(c3ccccc3)C2)no1,train
YVTXACLMSGWIHC-CMPLNLGQSA-N,IC50,Nc1nc2ncn(Cc3nc([C@@H]4CO[C@@H](c5ccc(Cl)cc5)C4)no3)c(=O)c2s1,CHEMBL5885390,8.035,7.82,8.25,0.3040559159102152,2,B,2020,2020,O=c1c2scnc2ncn1Cc1nc(C2COC(c3ccccc3)C2)no1,train
YVYCTLLAVRNGEF-GXTWGEPZSA-N,IC50,Cn1cnc2ncn(Cc3nc([C@@H]4CO[C@@H](c5ccc(Br)cc5)C4)no3)c(=O)c21,CHEMBL5990285,8.425,8.11,8.74,0.4454772721475248,2,B,2020,2020,O=c1c2[nH]cnc2ncn1Cc1nc(C2COC(c3ccccc3)C2)no1,train
YWKRPHSLBJKOAU-JEYLPNPQSA-N,IC50,CC(=O)Cn1c(=O)c2c(ncn2[C@@H](C)C(=O)Nc2csc(-c3ccc(N4CC5C(C4)C5(F)F)nc3)n2)n(C)c1=O,CHEMBL5808567,8.52,8.52,8.52,,1,B,2019,2019,O=C(Cn1cnc2[nH]c(=O)[nH]c(=O)c21)Nc1csc(-c2ccc(N3CC4CC4C3)nc2)n1,train
YWTNZWTWPXOTMS-UHFFFAOYSA-N,IC50,Cc1c(=O)n(Cc2ccccc2)c(=O)n2cc(C(=O)NCc3ccccn3)sc12,CHEMBL3220448,5.46,5.46,5.46,,1,B,2012,2012,O=C(NCc1ccccn1)c1cn2c(=O)n(Cc3ccccc3)c(=O)cc2s1,test
YXACHAYJFVKEGM-YPMHNXCESA-N,IC50,O[C@@]1(C(F)(F)F)CCCC[C@@H]1Cc1ccc(F)cc1,CHEMBL5428371,8.4,8.4,8.4,,1,B,2023,2023,c1ccc(CC2CCCCC2)cc1,train
YXGNKWWQBPNQGF-UHFFFAOYSA-N,IC50,COCC(=O)Cn1c(=O)c2c(ncn2CC(=O)Nc2csc(-c3cnc(C)c(C(F)(F)F)c3)n2)n(C)c1=O,CHEMBL5905564,7.85,7.85,7.85,,1,B,2019,2019,O=C(Cn1cnc2[nH]c(=O)[nH]c(=O)c21)Nc1csc(-c2cccnc2)n1,train
YXGOBDAAYPMHSY-SWLSCSKDSA-N,IC50,O=C1CCc2c(ncn(Cc3nc([C@@H]4CO[C@@H](c5ccc(Cl)cc5)C4)no3)c2=O)N1,CHEMBL5808735,7.175,7.02,7.33,0.2192031021678301,2,B,2020,2020,O=C1CCc2c(ncn(Cc3nc(C4COC(c5ccccc5)C4)no3)c2=O)N1,test
YXJXMUOKXGOJSX-UTKZUKDTSA-N,IC50,O=C(NCc1cc(Cl)nc(-c2ccc(OC(F)F)cc2)c1)[C@@H]1C[C@@H](F)CN1S(=O)(=O)c1ccc(F)cc1,CHEMBL5774162,7.18,7.18,7.18,,1,B,2022,2022,O=C(NCc1ccnc(-c2ccccc2)c1)C1CCCN1S(=O)(=O)c1ccccc1,train
YXMXFIXCGYXMMH-LBPRGKRZSA-N,IC50,C[C@@H](C(=O)Nc1cccc(-c2cnc(C(F)(F)F)nc2)n1)n1cnc2c1c(=O)n(Cc1ccon1)c(=O)n2C,CHEMBL5845331,7.75,7.75,7.75,,1,B,2019,2019,O=C(Cn1cnc2[nH]c(=O)n(Cc3ccon3)c(=O)c21)Nc1cccc(-c2cncnc2)n1,train
YXTJFYWQCCHXMG-WKILWMFISA-N,IC50,COc1ccc([C@H]2C[C@H](c3noc(Cn4cnc5nccc(C)c5c4=O)n3)C2)cc1,CHEMBL6030650,7.41,7.41,7.41,,1,B,2020,2020,O=c1c2cccnc2ncn1Cc1nc(C2CC(c3ccccc3)C2)no1,train
ZAGOOYBFBXAWFI-UHFFFAOYSA-N,IC50,Cc1c[nH]c2ncnc(Oc3ccc(F)cc3F)c12,CHEMBL3298582,6.19,6.19,6.19,,1,B,2014,2014,c1ccc(Oc2ncnc3[nH]ccc23)cc1,train
ZAGXFWMLCVBKQA-HALDLXJZSA-N,IC50,Cn1cnc2ncn(Cc3nc([C@H]4[C@@H]5CN(c6ccc(C#N)c(F)c6)C[C@@H]54)no3)c(=O)c21,CHEMBL5748632,7.54,7.26,7.82,0.3959797974644669,2,B,2020,2020,O=c1c2[nH]cnc2ncn1Cc1nc(C2C3CN(c4ccccc4)CC32)no1,train
ZAKRHAFBIBTPAZ-UOIKSKOESA-N,IC50,Cc1ccnc2ncn(Cc3nc([C@H]4[C@@H]5CN(c6cc(Cl)ccn6)C[C@@H]54)no3)c(=O)c12,CHEMBL5759535,7.29,7.29,7.29,,1,B,2020,2020,O=c1c2cccnc2ncn1Cc1nc(C2C3CN(c4ccccn4)CC32)no1,train
ZBIRHILYHCONPB-GXTWGEPZSA-N,IC50,Cc1nc(N)n2ncn(Cc3nc([C@@H]4CO[C@@H](c5ccc(F)cc5)C4)no3)c(=O)c12,CHEMBL5936828,7.12,7.12,7.12,,1,B,2020,2020,O=c1c2cncn2ncn1Cc1nc(C2COC(c3ccccc3)C2)no1,train
ZBPBSDLPRVLCQI-BBRMVZONSA-N,IC50,C[C@@H](C(=O)Nc1cncc(-c2cnc(N3CCC[C@H]3C(F)(F)F)nc2)n1)n1cnc2c1c(=O)n(CC#N)c(=O)n2C,CHEMBL5741988,8.15,8.15,8.15,,1,B,2019,2019,O=C(Cn1cnc2[nH]c(=O)[nH]c(=O)c21)Nc1cncc(-c2cnc(N3CCCC3)nc2)n1,val
ZBPBSDLPRVLCQI-XJKSGUPXSA-N,IC50,C[C@@H](C(=O)Nc1cncc(-c2cnc(N3CCC[C@@H]3C(F)(F)F)nc2)n1)n1cnc2c1c(=O)n(CC#N)c(=O)n2C,CHEMBL5769127,8.1,8.1,8.1,,1,B,2019,2019,O=C(Cn1cnc2[nH]c(=O)[nH]c(=O)c21)Nc1cncc(-c2cnc(N3CCCC3)nc2)n1,val
ZCIFHOGRCNHUOK-GXTWGEPZSA-N,IC50,Cc1nc(Br)n2ncn(Cc3nc([C@@H]4CO[C@@H](c5ccc(Cl)cc5)C4)no3)c(=O)c12,CHEMBL5900571,9.31,9.1,9.52,0.2969848480983505,2,B,2020,2020,O=c1c2cncn2ncn1Cc1nc(C2COC(c3ccccc3)C2)no1,train
ZCMKYTSUHVQDND-DOMZBBRYSA-N,IC50,Cn1cncc1C(=O)NCc1nc([C@H]2CO[C@H](c3ccc(Cl)cc3)C2)no1,CHEMBL5834811,7.525,7.41,7.64,0.1626345596729053,2,B,2020,2020,O=C(NCc1nc(C2COC(c3ccccc3)C2)no1)c1cnc[nH]1,test
ZDSBAXBNBDORFX-IGEOTXOUSA-N,IC50,CCC(=O)Cn1c(=O)c2c(ncn2[C@@H](C)C(=O)Nc2csc(-c3ccc(N4CC5C(C4)C5(F)F)nc3)n2)n(C)c1=O,CHEMBL5943742,9.0,9.0,9.0,,1,B,2019,2019,O=C(Cn1cnc2[nH]c(=O)[nH]c(=O)c21)Nc1csc(-c2ccc(N3CC4CC4C3)nc2)n1,train
ZEPHBHNMKKSYEJ-DYXDTQHNSA-N,IC50,C[C@H]1[C@H](F)C[C@@H](C(=O)NCc2cc(-c3cnc(C(F)(F)F)nc3)c(C#N)cn2)N1S(=O)(=O)c1ccc(F)cc1,CHEMBL4085297,7.02,7.02,7.02,,1,B,2018,2018,O=C(NCc1cc(-c2cncnc2)ccn1)C1CCCN1S(=O)(=O)c1ccccc1,train
ZESGFLRFTSROCX-NVXWUHKLSA-N,IC50,Cc1ccnc2ncn(Cc3nn([C@@H]4CC[C@@H](c5ccc(F)cc5)C4)c(=O)o3)c(=O)c12,CHEMBL6057251,8.32,8.32,8.32,,1,B,2021,2021,O=c1c2cccnc2ncn1Cc1nn(C2CCC(c3ccccc3)C2)c(=O)o1,train
ZFDRQUMFPQAQNX-HBYGRHMLSA-N,IC50,Cn1cnc2ncn(Cc3nc([C@H]4[C@@H]5CN(c6cc(F)c(Cl)c(F)c6)C[C@@H]54)no3)c(=O)c21,CHEMBL5908767,7.71,7.46,7.96,0.3535533905932738,2,B,2020,2020,O=c1c2[nH]cnc2ncn1Cc1nc(C2C3CN(c4ccccc4)CC32)no1,train
ZFYMVMUDHSAMSG-ATCWAGBWSA-N,IC50,Cc1noc2ncn(Cc3nc([C@H]4[C@@H]5CN(c6cc(Cl)ccn6)C[C@@H]54)no3)c(=O)c12,CHEMBL5744652,7.445,7.37,7.52,0.1060660171779814,2,B,2020,2020,O=c1c2cnoc2ncn1Cc1nc(C2C3CN(c4ccccn4)CC32)no1,test
ZGUQIIBJOCXMDV-UHFFFAOYSA-N,IC50,O=C(NCC(Cc1ccc(F)cc1)N1CCC(O)(C(F)(F)F)CC1)C1(c2ccc(Cl)cc2)CC1,CHEMBL3903533,8.7,8.7,8.7,,1,B,2016,2016,O=C(NCC(Cc1ccccc1)N1CCCCC1)C1(c2ccccc2)CC1,train
ZGWIQYQXDGDHMR-SFHVURJKSA-N,IC50,CC(=O)Cn1c(=O)c2c(nc(C)n2CC(=O)Nc2cccc(-c3cnc(N4CCC[C@H]4C(F)(F)F)nc3)n2)n(C)c1=O,CHEMBL5893030,8.52,8.52,8.52,,1,B,2019,2019,O=C(Cn1cnc2[nH]c(=O)[nH]c(=O)c21)Nc1cccc(-c2cnc(N3CCCC3)nc2)n1,train
ZICMCRZATKHWEO-FOLVSLTJSA-N,IC50,Cn1cnc2ncn(Cc3nc([C@H]4[C@@H]5CN(c6cc(F)cc(Cl)c6)C[C@@H]54)no3)c(=O)c21,CHEMBL5978169,7.69,7.69,7.69,,1,B,2020,2020,O=c1c2[nH]cnc2ncn1Cc1nc(C2C3CN(c4ccccc4)CC32)no1,train
ZIKZMIAHXLHIRK-NHAGDIPZSA-N,IC50,Cn1nnc2ncn(Cc3nc([C@H]4[C@@H]5CN(c6cccc(Cl)c6)C[C@@H]54)no3)c(=O)c21,CHEMBL5823394,8.205,7.97,8.44,0.3323401871576768,2,B,2020,2020,O=c1c2[nH]nnc2ncn1Cc1nc(C2C3CN(c4ccccc4)CC32)no1,test
ZIVPKPBELQYMFG-SFHVURJKSA-N,IC50,CC(C)n1c(=O)c(CNC(=O)[C@@H]2CCCN2S(=O)(=O)c2ccc(Cl)s2)cn(-c2ccc(C(F)(F)F)cc2)c1=O,CHEMBL5785899,7.48,7.48,7.48,,1,B,2020,2020,O=C(NCc1cn(-c2ccccc2)c(=O)[nH]c1=O)C1CCCN1S(=O)(=O)c1cccs1,test
ZJABEFARNCXQDZ-KRWDZBQOSA-N,IC50,Cc1cc(Cn2c(=O)c3c(ncn3[C@@H](C)C(=O)Nc3cccc(-c4cnc(C)c(C)c4)n3)n(C)c2=O)no1,CHEMBL5746258,7.6,7.6,7.6,,1,B,2019,2019,O=C(Cn1cnc2[nH]c(=O)n(Cc3ccon3)c(=O)c21)Nc1cccc(-c2cccnc2)n1,train
ZJKZMXQQSDVDLA-NCFLSLSRSA-N,IC50,CC1=C(CC/C(C)=C/CC[C@@]2(C)CC[C@@H]([C@H](C)C(=O)O)OO2)C(C)(C)CCC1,CHEMBL463703,5.32,5.32,5.32,,1,B,2024,2024,C(=CCCC1CCCOO1)CCC1=CCCCC1,train
ZJKZMXQQSDVDLA-RMXXGELBSA-N,IC50,CC1=C(CC/C(C)=C/CC[C@]2(C)CC[C@@H]([C@H](C)C(=O)O)OO2)C(C)(C)CCC1,CHEMBL5401628,5.25,5.25,5.25,,1,B,2024,2024,C(=CCCC1CCCOO1)CCC1=CCCCC1,train
ZJLOTFNKTLOXQU-AWEZNQCLSA-N,IC50,CCC(=O)Cn1c(=O)c2c(ncn2[C@@H](C)C(=O)Nc2cccc(-c3cnc(C)c(C(F)(F)F)c3)n2)n(C)c1=O,CHEMBL6055251,8.4,8.4,8.4,,1,B,2019,2019,O=C(Cn1cnc2[nH]c(=O)[nH]c(=O)c21)Nc1cccc(-c2cccnc2)n1,train
ZJLYAVZPZQXDIQ-UHFFFAOYSA-N,IC50,Cn1cnc2c(C#N)nn(Cc3nn(CCc4ccc(Cl)cc4)c(=O)o3)c2c1=O,CHEMBL5848100,7.85,7.85,7.85,,1,B,2021,2021,O=c1[nH]cnc2cnn(Cc3nn(CCc4ccccc4)c(=O)o3)c12,val
ZKGVGSMPJCRCOI-OFNKIYASSA-N,IC50,N#Cc1cnc(-c2ccc(C(F)(F)F)cc2)cc1CNC(=O)[C@@H]1C[C@@H](F)CN1S(=O)(=O)c1ccc(F)cc1,CHEMBL6027882,8.15,8.15,8.15,,1,B,2022,2022,O=C(NCc1ccnc(-c2ccccc2)c1)C1CCCN1S(=O)(=O)c1ccccc1,train
ZKMARFBVNODTEA-MULNXWOJSA-N,IC50,O=C(NCc1cc(C23CCC(C(F)F)(CC2)CC3)ncn1)[C@@H]1C[C@@H](F)CN1S(=O)(=O)c1ccc(F)cc1,CHEMBL5745404,7.23,7.23,7.23,,1,B,2022,2022,O=C(NCc1cc(C23CCC(CC2)CC3)ncn1)C1CCCN1S(=O)(=O)c1ccccc1,test
ZKPBQRHUFMIQCM-ZLPCBKJTSA-N,IC50,CC#CCn1c(=O)c2c(ncn2[C@@H](C)C(=O)Nc2csc(-c3ccc(N4CC5CC5C4)nc3)n2)n(C)c1=O,CHEMBL5885019,8.4,8.4,8.4,,1,B,2019,2019,O=C(Cn1cnc2[nH]c(=O)[nH]c(=O)c21)Nc1csc(-c2ccc(N3CC4CC4C3)nc2)n1,train
ZKTUMHFHLXSNAM-SFTDATJTSA-N,IC50,N#Cc1ccc(-c2cnc(C(F)(F)F)nc2)cc1CNC(=O)[C@@H]1[C@@H](F)CCN1S(=O)(=O)c1ccc(F)cc1,CHEMBL5995767,7.85,7.85,7.85,,1,B,2022,2022,O=C(NCc1cccc(-c2cncnc2)c1)C1CCCN1S(=O)(=O)c1ccccc1,train
ZKVHRKRSQGNMIJ-UHFFFAOYSA-N,IC50,Cn1c(=O)c2c(CC(=O)Nc3nc(-c4cccc(Cl)c4)cs3)cccc2n(C)c1=O,CHEMBL3965541,6.99,6.99,6.99,,1,B,2015,2015,O=C(Cc1cccc2[nH]c(=O)[nH]c(=O)c12)Nc1nc(-c2ccccc2)cs1,train
ZLGGDXLEMLRCRT-UHFFFAOYSA-N,IC50,CC(C)c1sc2c(c1CC(=O)Nc1nc(-c3ccc(C(F)(F)F)c(F)c3)cs1)c(=O)n(C)c(=O)n2C,CHEMBL3918948,7.38,7.38,7.38,,1,B,2015,2015,O=C(Cc1csc2[nH]c(=O)[nH]c(=O)c12)Nc1nc(-c2ccccc2)cs1,train
ZLQWHYXILIRZJA-NILFDRSVSA-N,IC50,Cn1cnc2ncn(Cc3nc([C@@H]4[C@H]5Cc6c(Cl)cccc6[C@H]54)no3)c(=O)c21,CHEMBL5808811,7.44,7.44,7.44,,1,B,2020,2020,O=c1c2[nH]cnc2ncn1Cc1nc(C2C3Cc4ccccc4C32)no1,train
ZLQWHYXILIRZJA-UGFHNGPFSA-N,IC50,Cn1cnc2ncn(Cc3nc([C@H]4[C@@H]5Cc6c(Cl)cccc6[C@@H]54)no3)c(=O)c21,CHEMBL5798393,6.84,6.84,6.84,,1,B,2020,2020,O=c1c2[nH]cnc2ncn1Cc1nc(C2C3Cc4ccccc4C32)no1,train
ZLRQOPRFOLBNTA-UHFFFAOYSA-N,IC50,CCc1sc2c(c1CC(=O)Nc1nc(-c3cc(F)c(OC(F)F)c(F)c3)cs1)c(=O)n(C)c(=O)n2C,CHEMBL3924373,7.74,7.74,7.74,,1,B,2015,2015,O=C(Cc1csc2[nH]c(=O)[nH]c(=O)c12)Nc1nc(-c2ccccc2)cs1,train
ZMFNOHRIULKSCC-UHFFFAOYSA-N,IC50,Fc1ccc(Nc2n[nH]c3cc(C(F)(F)F)ccc23)cc1F,CHEMBL4098431,7.28,7.28,7.28,,1,B,2017,2017,c1ccc(Nc2n[nH]c3ccccc23)cc1,train
ZNOZSVVROSWSRZ-WMLDXEAASA-N,IC50,O=c1c2cccc(=O)n2ccn1Cc1nc([C@@H]2CO[C@@H](c3ccc(Cl)cc3)C2)no1,CHEMBL5784263,8.295,8.19,8.4,0.1484924240491756,2,B,2020,2020,O=c1c2cccc(=O)n2ccn1Cc1nc(C2COC(c3ccccc3)C2)no1,train
ZNZNLOPOYMLSDO-UHFFFAOYSA-N,IC50,Cn1cnc2c(C#N)nn(Cc3nn(CCc4ccc(OC(F)F)cc4)c(=O)o3)c2c1=O,CHEMBL6036513,7.44,7.44,7.44,,1,B,2021,2021,O=c1[nH]cnc2cnn(Cc3nn(CCc4ccccc4)c(=O)o3)c12,val
ZOHYTOOFZMTKLL-JOCQHMNTSA-N,IC50,Cn1cnc2ncn(Cc3nn([C@H]4C[C@H](c5ccc(OC(F)F)cc5)C4)c(=O)o3)c(=O)c21,CHEMBL5987810,7.58,7.58,7.58,,1,B,2021,2021,O=c1c2[nH]cnc2ncn1Cc1nn(C2CC(c3ccccc3)C2)c(=O)o1,train
ZPQGIOXLLCZONP-SFHVURJKSA-N,IC50,O=C(NCc1cc(-c2ccc(C(F)(F)F)nc2)ncn1)[C@@H]1CCN1S(=O)(=O)c1ccc(F)cc1,CHEMBL4080418,6.195,5.82,6.57,0.5303300858899106,2,B,2018,2022,O=C(NCc1cc(-c2cccnc2)ncn1)C1CCN1S(=O)(=O)c1ccccc1,train
ZPWTWZBWZLSTLF-KBPBESRZSA-N,IC50,Cn1cnc2ncn(Cc3nc([C@H]4CC[C@H](c5ccc(Cl)cc5)C4)no3)c(=O)c21,CHEMBL5767078,7.65,7.65,7.65,,1,B,2020,2020,O=c1c2[nH]cnc2ncn1Cc1nc(C2CCC(c3ccccc3)C2)no1,train
ZPXMWXHOFAMXMI-FPOVZHCZSA-N,IC50,O=C(NCc1cc(-c2ccc(C(F)(F)F)cn2)ccn1)[C@@H]1[C@@H](F)CCN1S(=O)(=O)c1ccc(F)cc1,CHEMBL5928967,8.15,8.15,8.15,,1,B,2022,2022,O=C(NCc1cc(-c2ccccn2)ccn1)C1CCCN1S(=O)(=O)c1ccccc1,train
ZPYIDLJKUISUIE-BEFAXECRSA-N,IC50,COc1nc(CNC(=O)[C@@H]2C[C@@H](F)CN2S(=O)(=O)c2ccc(F)cc2)cc(-c2ccc(C(F)(F)F)nc2)n1,CHEMBL5741375,7.01,7.01,7.01,,1,B,2022,2022,O=C(NCc1cc(-c2cccnc2)ncn1)C1CCCN1S(=O)(=O)c1ccccc1,train
ZPYQDEKCILEBNB-AWEZNQCLSA-N,IC50,COc1ncc(-c2cccc(NC(=O)[C@H](C)n3cnc4c3c(=O)n(Cc3cc(C)on3)c(=O)n4C)n2)cc1C(F)(F)F,CHEMBL5780751,9.0,9.0,9.0,,1,B,2019,2019,O=C(Cn1cnc2[nH]c(=O)n(Cc3ccon3)c(=O)c21)Nc1cccc(-c2cccnc2)n1,train
ZQDXHKPYPKVBFP-DOMZBBRYSA-N,IC50,O=C(NCc1cc(-c2ccc(C(F)(F)F)nc2)ncn1)[C@@H]1C[C@@H](F)CN1S(=O)(=O)c1ccc(Cl)s1,CHEMBL5848515,7.57,7.57,7.57,,1,B,2022,2022,O=C(NCc1cc(-c2cccnc2)ncn1)C1CCCN1S(=O)(=O)c1cccs1,test
ZQPFWJOHVAEPBW-UHFFFAOYSA-N,IC50,Cn1c(=O)c2c(CC(=O)Nc3nc(-c4cc(F)c(OCC(F)(F)F)c(F)c4)cs3)ccnc2n(C)c1=O,CHEMBL3948210,8.16,8.16,8.16,,1,B,2015,2015,O=C(Cc1ccnc2[nH]c(=O)[nH]c(=O)c12)Nc1nc(-c2ccccc2)cs1,train
ZROLHBHDLIHEMS-HUUCEWRRSA-N,IC50,CCCc1cc(O)c2c(c1)OC(C)(C)[C@@H]1CCC(C)=C[C@@H]21,CHEMBL2387541,5.785,5.51,6.06,0.3889087296526007,2,B,2021,2021,C1=CC2c3ccccc3OCC2CC1,val
ZRVTVXBVIYQWKR-UHFFFAOYSA-N,IC50,Cc1ccnc2ncn(Cc3nc(C4Cc5ccccc5C4)no3)c(=O)c12,CHEMBL6019879,6.28,6.28,6.28,,1,B,2020,2020,O=c1c2cccnc2ncn1Cc1nc(C2Cc3ccccc3C2)no1,test
ZSBRAOYPHXSBBJ-GXTWGEPZSA-N,IC50,Cn1cnc2ncn(Cc3nc([C@@H]4CO[C@@H](c5cccc(Cl)c5)C4)no3)c(=O)c21,CHEMBL5857891,7.689999999999999,7.53,7.85,0.2262741699796951,2,B,2020,2020,O=c1c2[nH]cnc2ncn1Cc1nc(C2COC(c3ccccc3)C2)no1,train
ZSDKCIXPAMDTMA-GCJKJVERSA-N,IC50,O=C(NCc1cc(-c2cnc(C(F)(F)F)nc2)nc(-c2cnc(C(F)(F)F)nc2)c1)[C@@H]1C[C@@H](F)CN1S(=O)(=O)c1ccc(F)cc1,CHEMBL5753985,7.15,7.15,7.15,,1,B,2022,2022,O=C(NCc1cc(-c2cncnc2)nc(-c2cncnc2)c1)C1CCCN1S(=O)(=O)c1ccccc1,test
ZSIJWXVPDONYJZ-NHPVSCMHSA-N,IC50,Cc1cc(C#N)nc2ncn(Cc3nc([C@H]4C[C@](F)(c5ccc(Cl)cc5)C4)no3)c(=O)c12,CHEMBL6053269,7.855,7.71,8.0,0.2050609665440985,2,B,2020,2020,O=c1c2cccnc2ncn1Cc1nc(C2CC(c3ccccc3)C2)no1,train
ZTARYRCURIRMNQ-RUYXUALKSA-N,IC50,Cn1cc(-c2ccc(N3C[C@@H]4[C@H](C3)[C@H]4c3noc(Cn4cnc5ncn(C)c5c4=O)n3)cc2)cn1,CHEMBL5929993,7.02,6.87,7.17,0.2121320343559644,2,B,2020,2020,O=c1c2[nH]cnc2ncn1Cc1nc(C2C3CN(c4ccc(-c5cn[nH]c5)cc4)CC32)no1,test
ZUTUWJYMCADJHD-UHFFFAOYSA-N,IC50,CCC(C)c1ccc(NC(=O)Cn2cnc3c2c(=O)n(C)c(=O)n3C)cc1,CHEMBL1086339,4.84,4.73,4.84,0.0635085296108584,3,"B,F",2010,2011,O=C(Cn1cnc2[nH]c(=O)[nH]c(=O)c21)Nc1ccccc1,train
ZVRSTWIVTSZIGD-ZDUSSCGKSA-N,IC50,Cc1cc(Cn2c(=O)c3c(ncn3[C@@H](C)C(=O)Nc3csc(-c4cnc(C)c(F)c4)n3)n(C)c2=O)no1,CHEMBL5778301,8.1,8.1,8.1,,1,B,2019,2019,O=C(Cn1cnc2[nH]c(=O)n(Cc3ccon3)c(=O)c21)Nc1csc(-c2cccnc2)n1,train
ZVSPWYGMKXWYHG-UHFFFAOYSA-N,IC50,Cn1c(=O)c2c(CC(=O)Nc3nc(-c4ccc(C(F)(F)F)c(F)c4F)cs3)c(Cl)oc2n(C)c1=O,CHEMBL3978811,8.12,8.12,8.12,,1,B,2015,2015,O=C(Cc1coc2[nH]c(=O)[nH]c(=O)c12)Nc1nc(-c2ccccc2)cs1,train
ZWTQJRZNKIYIOA-VIKVFOODSA-N,IC50,Cn1cnc2cnn(Cc3nc([C@H]4[C@@H]5CN(c6cncc(Cl)c6)C[C@@H]54)no3)c(=O)c21,CHEMBL6060007,6.67,6.52,6.82,0.2121320343559647,2,B,2020,2020,O=c1c2[nH]cnc2cnn1Cc1nc(C2C3CN(c4cccnc4)CC32)no1,test
ZXVAOQBQHVUZEJ-QFIPXVFZSA-N,IC50,CC(C)n1c(=O)c(CNC(=O)[C@@H]2CCCN2S(=O)(=O)c2cc3c(F)cccc3o2)cn(-c2ccc(C(F)(F)F)cc2)c1=O,CHEMBL5835419,7.6,7.6,7.6,,1,B,2020,2020,O=C(NCc1cn(-c2ccccc2)c(=O)[nH]c1=O)C1CCCN1S(=O)(=O)c1cc2ccccc2o1,train
ZXWITAARDYYKLO-QRWLVFNGSA-N,IC50,O=C(NCc1cc(-c2ccc(C(F)(F)F)nc2)c(F)cn1)[C@@H]1C[C@@H](F)CN1S(=O)(=O)c1ccc(F)cc1,CHEMBL6024166,7.7,7.7,7.7,0.0,2,B,2022,2022,O=C(NCc1cc(-c2cccnc2)ccn1)C1CCCN1S(=O)(=O)c1ccccc1,train
ZXZGHARNRVRJPP-MQMHXKEQSA-N,IC50,Cn1cnc2ncn(Cc3nn([C@H]4C[C@H](Oc5cccc(Cl)c5)C4)c(=O)o3)c(=O)c21,CHEMBL5076999,7.75,7.75,7.75,,1,B,2021,2021,O=c1c2[nH]cnc2ncn1Cc1nn(C2CC(Oc3ccccc3)C2)c(=O)o1,train
ZYJXKCVDCJYPHV-FCRSSCQMSA-N,IC50,O=C(Cc1cn(-c2cnc(C(F)(F)F)nc2)nc1C(F)(F)F)N[C@@H]1CC[C@@H]1[S+]([O-])c1ccc(F)cc1,CHEMBL5953393,6.3,6.3,6.3,,1,B,2020,2020,O=C(Cc1cnn(-c2cncnc2)c1)NC1CCC1[SH+]c1ccccc1,test
ZZJVCNLMLHLBLE-KXTWHKPSSA-N,IC50,Cn1cnc2ncn(Cc3nc([C@H]4[C@@H]5CN(c6cccc(-c7ccncc7)c6)C[C@@H]54)no3)c(=O)c21,CHEMBL5933906,7.175,7.17,7.18,0.0070710678118653,2,B,2020,2020,O=c1c2[nH]cnc2ncn1Cc1nc(C2C3CN(c4cccc(-c5ccncc5)c4)CC32)no1,test
ZZJWYOJKUOWURA-FQEVSTJZSA-N,IC50,CC(C)n1c(=O)c(CNC(=O)[C@@H]2CCCN2S(=O)(=O)c2cc3cc(F)ccc3o2)cn(-c2ccc(C(F)(F)F)cn2)c1=O,CHEMBL5852103,7.75,7.75,7.75,,1,B,2020,2020,O=C(NCc1cn(-c2ccccn2)c(=O)[nH]c1=O)C1CCCN1S(=O)(=O)c1cc2ccccc2o1,train
ZZSYQYNHASLYPZ-FOLVSLTJSA-N,IC50,Cn1cnc2ncn(Cc3nc([C@H]4[C@@H]5CN(c6cccc(F)c6)C[C@@H]54)no3)c(=O)c21,CHEMBL5806157,7.61,7.25,8.32,0.4850463895340322,5,B,2020,2020,O=c1c2[nH]cnc2ncn1Cc1nc(C2C3CN(c4ccccc4)CC32)no1,train
