activity_id,record_id,molecule_chembl_id,parent_molecule_chembl_id,canonical_smiles,assay_chembl_id,document_chembl_id,document_year,standard_value_num,standard_units,pic50,reported_pchembl,pchembl_delta,method,agonist,agonist_model_category,agonist_level,agonist_concentration_uM,cell_line,compound_preincubation_min,activity_time_min,application_order,protocol_fingerprint,confidence_score,data_validity_comment,potential_duplicate,construct,source_review_status,source_note,compound_assay_measurement_count,is_compound_assay_replicate,include_primary_conservative,include_broad_sensitivity,primary_exclusion_reasons,broad_exclusion_reasons
3088817,871853,CHEMBL593902,CHEMBL593902,CC(=C\c1ccc(Cl)cc1)/C(C)=N/O,CHEMBL1049520,CHEMBL1153159,2010,2800.0,nM,5.552841968657781,5.55,-0.002841968657780747,calcium_fluorescence,not specified,not specified,,,HEK293,,,,human | not_reported | calcium_fluorescence | NA | NA | NA | HEK293 | NA | NA,9,,0,not_reported,not_required,,1,False,True,True,,
3088818,871855,CHEMBL603735,CHEMBL603735,CC(=C\c1ccccc1)/C(C)=N/O,CHEMBL1049520,CHEMBL1153159,2010,2700.0,nM,5.568636235841012,5.57,0.00136376415898809,calcium_fluorescence,not specified,not specified,,,HEK293,,,,human | not_reported | calcium_fluorescence | NA | NA | NA | HEK293 | NA | NA,9,,0,not_reported,not_required,,1,False,True,True,,
3301226,914666,CHEMBL593902,CHEMBL593902,CC(=C\c1ccc(Cl)cc1)/C(C)=N/O,CHEMBL1118226,CHEMBL1155439,2010,3100.0,nM,5.508638306165727,5.51,0.0013616938342728702,calcium_fluorescence,cinnamaldehyde,cinnamaldehyde,,,CHO,,,,human | not_reported | calcium_fluorescence | cinnamaldehyde | NA | NA | CHO | NA | NA,9,,0,not_reported,not_required,,1,False,True,True,,
3301227,914667,CHEMBL1085708,CHEMBL1085708,CCC(=N\O)/C(C)=C/c1ccc(F)nc1,CHEMBL1118226,CHEMBL1155439,2010,1250.0,nM,5.903089986991944,5.9,-0.0030899869919434053,calcium_fluorescence,cinnamaldehyde,cinnamaldehyde,,,CHO,,,,human | not_reported | calcium_fluorescence | cinnamaldehyde | NA | NA | CHO | NA | NA,9,,0,not_reported,not_required,,1,False,True,True,,
3301228,914668,CHEMBL1085709,CHEMBL1085709,CCC(=N\O)/C(C)=C/c1cccs1,CHEMBL1118226,CHEMBL1155439,2010,11000.0,nM,4.958607314841775,4.96,0.0013926851582253263,calcium_fluorescence,cinnamaldehyde,cinnamaldehyde,,,CHO,,,,human | not_reported | calcium_fluorescence | cinnamaldehyde | NA | NA | CHO | NA | NA,9,,0,not_reported,not_required,,1,False,True,True,,
3301229,914685,CHEMBL1084370,CHEMBL1084370,CCC(=N\O)/C(C)=C/c1ccc(OC)nc1,CHEMBL1118226,CHEMBL1155439,2010,23400.0,nM,4.6307841425898575,4.63,-0.0007841425898575949,calcium_fluorescence,cinnamaldehyde,cinnamaldehyde,,,CHO,,,,human | not_reported | calcium_fluorescence | cinnamaldehyde | NA | NA | CHO | NA | NA,9,,0,not_reported,not_required,,1,False,True,True,,
3301230,914686,CHEMBL1085944,CHEMBL1085944,CCC(=N\O)/C(C)=C/c1ccsc1,CHEMBL1118226,CHEMBL1155439,2010,1320.0,nM,5.8794260687941495,5.88,0.0005739312058503643,calcium_fluorescence,cinnamaldehyde,cinnamaldehyde,,,CHO,,,,human | not_reported | calcium_fluorescence | cinnamaldehyde | NA | NA | CHO | NA | NA,9,,0,not_reported,not_required,,1,False,True,True,,
3301231,914687,CHEMBL1084371,CHEMBL1084371,CCC(=N\O)/C(C)=C/c1cccnc1,CHEMBL1118226,CHEMBL1155439,2010,17000.0,nM,4.769551078621726,4.77,0.00044892137827368117,calcium_fluorescence,cinnamaldehyde,cinnamaldehyde,,,CHO,,,,human | not_reported | calcium_fluorescence | cinnamaldehyde | NA | NA | CHO | NA | NA,9,,0,not_reported,not_required,,1,False,True,True,,
3301232,914688,CHEMBL1084372,CHEMBL1084372,CCC(=N\O)/C(C)=C/c1ccncc1,CHEMBL1118226,CHEMBL1155439,2010,8610.0,nM,5.064996848546345,5.07,0.0050031514536552635,calcium_fluorescence,cinnamaldehyde,cinnamaldehyde,,,CHO,,,,human | not_reported | calcium_fluorescence | cinnamaldehyde | NA | NA | CHO | NA | NA,9,,0,not_reported,not_required,,1,False,True,True,,
3301176,914711,CHEMBL1086589,CHEMBL1086589,Cc1ccc(C(=O)NC(Sc2ccc([N+](=O)[O-])cc2)C(Cl)(Cl)Cl)cc1,CHEMBL1118233,CHEMBL1155439,2010,850.0,nM,6.070581074285707,6.07,-0.0005810742857068618,calcium_fluorescence,URB597,other,,,,,,,human | not_reported | calcium_fluorescence | NA | NA | NA | NA | NA | NA,9,,0,not_reported,not_required,,1,False,True,True,,
3301193,914890,CHEMBL1086310,CHEMBL1086310,CC(C)c1ccc(NC(=O)Cn2cnc3c2c(=O)n(C)c(=O)n3C)cc1,CHEMBL1118234,CHEMBL1155439,2010,1800.0,nM,5.7447274948966935,5.75,0.005272505103306457,calcium_fluorescence,nifedipine,other,,,,,,,human | not_reported | calcium_fluorescence | NA | NA | NA | NA | NA | NA,9,,0,not_reported,not_required,,1,False,True,True,,
3301150,914707,CHEMBL1086371,CHEMBL1086371,O=C(NC(Sc1ccc(Cl)cc1)C(Cl)(Cl)Cl)c1ccccc1,CHEMBL1118499,CHEMBL1155439,2010,21.0,nM,7.6777807052660805,7.68,0.0022192947339192415,calcium_fluorescence,AITC,AITC,,,,,,,human | not_reported | calcium_fluorescence | AITC | NA | NA | NA | NA | NA,9,,0,not_reported,not_required,,1,False,True,True,,
3301151,914708,CHEMBL1086586,CHEMBL1086586,COc1ccc(C(=O)NC(Sc2ccc(Cl)cc2)C(Cl)(Cl)Cl)cc1,CHEMBL1118499,CHEMBL1155439,2010,91.0,nM,7.040958607678906,7.04,-0.0009586076789060982,calcium_fluorescence,AITC,AITC,,,,,,,human | not_reported | calcium_fluorescence | AITC | NA | NA | NA | NA | NA,9,,0,not_reported,not_required,,1,False,True,True,,
3301152,914709,CHEMBL1086587,CHEMBL1086587,O=C(NC(Sc1ccc(Cl)cc1)C(Cl)(Cl)Cl)c1ccc([N+](=O)[O-])cc1,CHEMBL1118499,CHEMBL1155439,2010,35.0,nM,7.455931955649724,7.46,0.004068044350275635,calcium_fluorescence,AITC,AITC,,,,,,,human | not_reported | calcium_fluorescence | AITC | NA | NA | NA | NA | NA,9,,0,not_reported,not_required,,1,False,True,True,,
3301153,914710,CHEMBL1086588,CHEMBL1086588,O=C(NC(Sc1ccc(Cl)cc1)C(Cl)(Cl)Cl)c1ccc(Br)cc1,CHEMBL1118499,CHEMBL1155439,2010,51.0,nM,7.292429823902063,7.29,-0.002429823902063255,calcium_fluorescence,AITC,AITC,,,,,,,human | not_reported | calcium_fluorescence | AITC | NA | NA | NA | NA | NA,9,,0,not_reported,not_required,,1,False,True,True,,
3301164,914977,CHEMBL1085104,CHEMBL1085104,CC(=O)SC(NC(=O)c1ccc(Cl)cc1)C(Cl)(Cl)Cl,CHEMBL1118499,CHEMBL1155439,2010,1100.0,nM,5.958607314841775,5.96,0.0013926851582253263,calcium_fluorescence,AITC,AITC,,,,,,,human | not_reported | calcium_fluorescence | AITC | NA | NA | NA | NA | NA,9,,0,not_reported,not_required,,1,False,True,True,,
3301165,914822,CHEMBL1084857,CHEMBL1084857,Cc1ccc(C(=O)NC(Sc2ccc(Cl)cc2)C(Cl)(Cl)Cl)cc1,CHEMBL1118499,CHEMBL1155439,2010,1400.0,nM,5.853871964321762,5.85,-0.003871964321762178,calcium_fluorescence,AITC,AITC,,,,,,,human | not_reported | calcium_fluorescence | AITC | NA | NA | NA | NA | NA,9,,0,not_reported,not_required,,1,False,True,True,,
3301175,914711,CHEMBL1086589,CHEMBL1086589,Cc1ccc(C(=O)NC(Sc2ccc([N+](=O)[O-])cc2)C(Cl)(Cl)Cl)cc1,CHEMBL1118499,CHEMBL1155439,2010,2000.0,nM,5.698970004336019,5.7,0.0010299956639814312,calcium_fluorescence,AITC,AITC,,,,,,,human | not_reported | calcium_fluorescence | AITC | NA | NA | NA | NA | NA,9,,0,not_reported,not_required,,1,False,True,True,,
3301189,914890,CHEMBL1086310,CHEMBL1086310,CC(C)c1ccc(NC(=O)Cn2cnc3c2c(=O)n(C)c(=O)n3C)cc1,CHEMBL1118499,CHEMBL1155439,2010,6200.0,nM,5.207608310501746,5.21,0.0023916894982543013,calcium_fluorescence,AITC,AITC,,,,,,,human | not_reported | calcium_fluorescence | AITC | NA | NA | NA | NA | NA,9,,0,not_reported,not_required,,1,False,True,True,,
3301201,914932,CHEMBL1086339,CHEMBL1086339,CCC(C)c1ccc(NC(=O)Cn2cnc3c2c(=O)n(C)c(=O)n3C)cc1,CHEMBL1118499,CHEMBL1155439,2010,14300.0,nM,4.844663962534939,4.84,-0.004663962534938726,calcium_fluorescence,AITC,AITC,,,,,,,human | not_reported | calcium_fluorescence | AITC | NA | NA | NA | NA | NA,9,,0,not_reported,not_required,,1,False,True,True,,
3301154,914707,CHEMBL1086371,CHEMBL1086371,O=C(NC(Sc1ccc(Cl)cc1)C(Cl)(Cl)Cl)c1ccccc1,CHEMBL1118500,CHEMBL1155439,2010,120.0,nM,6.920818753952375,6.92,-0.0008187539523749621,electrophysiology,AITC,AITC,,,,,,,human | not_reported | NA | AITC | NA | NA | NA | NA | NA,9,,0,not_reported,not_required,,1,False,True,True,,
3301155,914708,CHEMBL1086586,CHEMBL1086586,COc1ccc(C(=O)NC(Sc2ccc(Cl)cc2)C(Cl)(Cl)Cl)cc1,CHEMBL1118500,CHEMBL1155439,2010,260.0,nM,6.585026652029182,6.58,-0.005026652029181733,electrophysiology,AITC,AITC,,,,,,,human | not_reported | NA | AITC | NA | NA | NA | NA | NA,9,,0,not_reported,not_required,,1,False,True,True,,
3301156,914709,CHEMBL1086587,CHEMBL1086587,O=C(NC(Sc1ccc(Cl)cc1)C(Cl)(Cl)Cl)c1ccc([N+](=O)[O-])cc1,CHEMBL1118500,CHEMBL1155439,2010,167.0,nM,6.777283528852417,6.78,0.0027164711475835546,electrophysiology,AITC,AITC,,,,,,,human | not_reported | NA | AITC | NA | NA | NA | NA | NA,9,,0,not_reported,not_required,,1,False,True,True,,
3301157,914710,CHEMBL1086588,CHEMBL1086588,O=C(NC(Sc1ccc(Cl)cc1)C(Cl)(Cl)Cl)c1ccc(Br)cc1,CHEMBL1118500,CHEMBL1155439,2010,252.0,nM,6.598599459218455,6.6,0.0014005407815442794,electrophysiology,AITC,AITC,,,,,,,human | not_reported | NA | AITC | NA | NA | NA | NA | NA,9,,0,not_reported,not_required,,1,False,True,True,,
3301158,914707,CHEMBL1086371,CHEMBL1086371,O=C(NC(Sc1ccc(Cl)cc1)C(Cl)(Cl)Cl)c1ccccc1,CHEMBL1118501,CHEMBL1155439,2010,7.0,nM,8.154901959985743,8.15,-0.004901959985742721,unknown,noxious cold,other,,,,,,,human | not_reported | NA | NA | NA | NA | NA | NA | NA,9,,0,not_reported,not_required,,1,False,True,True,,
3301159,914708,CHEMBL1086586,CHEMBL1086586,COc1ccc(C(=O)NC(Sc2ccc(Cl)cc2)C(Cl)(Cl)Cl)cc1,CHEMBL1118501,CHEMBL1155439,2010,29.0,nM,7.537602002101044,7.54,0.0023979978989556727,unknown,noxious cold,other,,,,,,,human | not_reported | NA | NA | NA | NA | NA | NA | NA,9,,0,not_reported,not_required,,1,False,True,True,,
3301160,914709,CHEMBL1086587,CHEMBL1086587,O=C(NC(Sc1ccc(Cl)cc1)C(Cl)(Cl)Cl)c1ccc([N+](=O)[O-])cc1,CHEMBL1118501,CHEMBL1155439,2010,105.0,nM,6.978810700930062,6.98,0.0011892990699386985,unknown,noxious cold,other,,,,,,,human | not_reported | NA | NA | NA | NA | NA | NA | NA,9,,0,not_reported,not_required,,1,False,True,True,,
3301161,914710,CHEMBL1086588,CHEMBL1086588,O=C(NC(Sc1ccc(Cl)cc1)C(Cl)(Cl)Cl)c1ccc(Br)cc1,CHEMBL1118501,CHEMBL1155439,2010,28.0,nM,7.552841968657781,7.55,-0.002841968657780747,unknown,noxious cold,other,,,,,,,human | not_reported | NA | NA | NA | NA | NA | NA | NA,9,,0,not_reported,not_required,,1,False,True,True,,
3301177,914711,CHEMBL1086589,CHEMBL1086589,Cc1ccc(C(=O)NC(Sc2ccc([N+](=O)[O-])cc2)C(Cl)(Cl)Cl)cc1,CHEMBL1118734,CHEMBL1155439,2010,1700.0,nM,5.769551078621726,5.77,0.00044892137827368117,unknown,not specified,not specified,,,,,,,human | not_reported | NA | NA | NA | NA | NA | NA | NA,9,,0,not_reported,not_required,,1,False,True,True,,
3301200,914932,CHEMBL1086339,CHEMBL1086339,CCC(C)c1ccc(NC(=O)Cn2cnc3c2c(=O)n(C)c(=O)n3C)cc1,CHEMBL1118734,CHEMBL1155439,2010,18700.0,nM,4.728158393463501,4.73,0.0018416065364990075,unknown,not specified,not specified,,,,,,,human | not_reported | NA | NA | NA | NA | NA | NA | NA,9,,0,not_reported,not_required,,1,False,True,True,,
3301178,914711,CHEMBL1086589,CHEMBL1086589,Cc1ccc(C(=O)NC(Sc2ccc([N+](=O)[O-])cc2)C(Cl)(Cl)Cl)cc1,CHEMBL1118735,CHEMBL1155439,2010,2500.0,nM,5.6020599913279625,5.6,-0.0020599913279628623,unknown,not specified,not specified,,,,,,,human | not_reported | NA | NA | NA | NA | NA | NA | NA,9,,0,not_reported,not_required,,1,False,True,True,,
3301179,914711,CHEMBL1086589,CHEMBL1086589,Cc1ccc(C(=O)NC(Sc2ccc([N+](=O)[O-])cc2)C(Cl)(Cl)Cl)cc1,CHEMBL1118736,CHEMBL1155439,2010,360.0,nM,6.443697499232712,6.44,-0.0036974992327118983,unknown,trinitrophenol,other,,,,,,,human | not_reported | NA | NA | NA | NA | NA | NA | NA,9,,0,not_reported,not_required,,1,False,True,True,,
3301180,914711,CHEMBL1086589,CHEMBL1086589,Cc1ccc(C(=O)NC(Sc2ccc([N+](=O)[O-])cc2)C(Cl)(Cl)Cl)cc1,CHEMBL1118737,CHEMBL1155439,2010,560.0,nM,6.251811972993799,6.25,-0.0018119729937993156,unknown,hypertonic solution,other,,,,,,,human | not_reported | NA | NA | NA | NA | NA | NA | NA,9,,0,not_reported,not_required,,1,False,True,True,,
3301190,914890,CHEMBL1086310,CHEMBL1086310,CC(C)c1ccc(NC(=O)Cn2cnc3c2c(=O)n(C)c(=O)n3C)cc1,CHEMBL1118738,CHEMBL1155439,2010,5300.0,nM,5.275724130399211,5.28,0.004275869600789406,calcium_fluorescence,formalin,other,,,,,,,human | not_reported | calcium_fluorescence | NA | NA | NA | NA | NA | NA,9,,0,not_reported,not_required,,1,False,True,True,,
3301191,914890,CHEMBL1086310,CHEMBL1086310,CC(C)c1ccc(NC(=O)Cn2cnc3c2c(=O)n(C)c(=O)n3C)cc1,CHEMBL1118739,CHEMBL1155439,2010,4900.0,nM,5.309803919971486,5.31,0.00019608002851345674,calcium_fluorescence,cinnamaldehyde,cinnamaldehyde,,,HEK293,,,,human | not_reported | calcium_fluorescence | cinnamaldehyde | NA | NA | HEK293 | NA | NA,9,,0,not_reported,not_required,,1,False,True,True,,
3301192,914890,CHEMBL1086310,CHEMBL1086310,CC(C)c1ccc(NC(=O)Cn2cnc3c2c(=O)n(C)c(=O)n3C)cc1,CHEMBL1118740,CHEMBL1155439,2010,7500.0,nM,5.1249387366083,5.12,-0.0049387366082997985,calcium_fluorescence,AITC,AITC,,,HEK293,,,,human | not_reported | calcium_fluorescence | AITC | NA | NA | HEK293 | NA | NA,9,,0,not_reported,not_required,,1,False,True,True,,
8011667,1572023,CHEMBL1939990,CHEMBL1939990,O=C1C2=C(NC(=S)NC2c2ccccc2)c2ccccc21,CHEMBL1944172,CHEMBL1938315,2012,1800.0,nM,5.7447274948966935,5.75,0.005272505103306457,calcium_fluorescence,5H-dibenzazepine ester,other,,,HEK293,,,,human | not_reported | calcium_fluorescence | NA | NA | NA | HEK293 | NA | NA,9,,0,not_reported,not_required,,1,False,True,True,,
8011679,1572012,CHEMBL1939984,CHEMBL1939984,O=C1C2=C(NC(=S)N[C@@H]2c2ccccc2)c2ccccc21,CHEMBL1944172,CHEMBL1938315,2012,770.0,nM,6.113509274827518,6.11,-0.0035092748275173946,calcium_fluorescence,5H-dibenzazepine ester,other,,,HEK293,,,,human | not_reported | calcium_fluorescence | NA | NA | NA | HEK293 | NA | NA,9,,0,not_reported,not_required,,1,False,True,True,,
8011680,1572013,CHEMBL1939985,CHEMBL1939985,O=C1C2=C(NC(=S)N[C@H]2c2ccccc2)c2ccccc21,CHEMBL1944172,CHEMBL1938315,2012,8100.0,nM,5.09151498112135,5.09,-0.0015149811213497344,calcium_fluorescence,5H-dibenzazepine ester,other,,,HEK293,,,,human | not_reported | calcium_fluorescence | NA | NA | NA | HEK293 | NA | NA,9,,0,not_reported,not_required,,1,False,True,True,,
8011681,1572008,CHEMBL1939981,CHEMBL1939981,O=C1C2=C(NC(=S)NC2c2ccccc2F)c2ccccc21,CHEMBL1944172,CHEMBL1938315,2012,2070.0,nM,5.684029654543082,5.68,-0.004029654543082017,calcium_fluorescence,5H-dibenzazepine ester,other,,,HEK293,,,,human | not_reported | calcium_fluorescence | NA | NA | NA | HEK293 | NA | NA,9,,0,not_reported,not_required,,1,False,True,True,,
8011682,1572009,CHEMBL1939982,CHEMBL1939982,O=C1C2=C(NC(=S)NC2c2cccc(F)c2)c2ccccc21,CHEMBL1944172,CHEMBL1938315,2012,1100.0,nM,5.958607314841775,5.96,0.0013926851582253263,calcium_fluorescence,5H-dibenzazepine ester,other,,,HEK293,,,,human | not_reported | calcium_fluorescence | NA | NA | NA | HEK293 | NA | NA,9,,0,not_reported,not_required,,1,False,True,True,,
8011684,1572005,CHEMBL1939978,CHEMBL1939978,COc1cccc(C2NC(=S)NC3=C2C(=O)c2ccccc23)c1,CHEMBL1944172,CHEMBL1938315,2012,130.0,nM,6.886056647693163,6.89,0.003943352306836623,calcium_fluorescence,5H-dibenzazepine ester,other,,,HEK293,,,,human | not_reported | calcium_fluorescence | NA | NA | NA | HEK293 | NA | NA,9,,0,not_reported,not_required,,1,False,True,True,,
8011685,1572006,CHEMBL1939979,CHEMBL1939979,COc1ccc(C2NC(=S)NC3=C2C(=O)c2ccccc23)cc1,CHEMBL1944172,CHEMBL1938315,2012,3100.0,nM,5.508638306165727,5.51,0.0013616938342728702,calcium_fluorescence,5H-dibenzazepine ester,other,,,HEK293,,,,human | not_reported | calcium_fluorescence | NA | NA | NA | HEK293 | NA | NA,9,,0,not_reported,not_required,,1,False,True,True,,
8011686,1572007,CHEMBL1939980,CHEMBL1939980,O=C1C2=C(NC(=S)NC2c2cccc(Br)c2)c2ccccc21,CHEMBL1944172,CHEMBL1938315,2012,500.0,nM,6.301029995663981,6.3,-0.0010299956639814312,calcium_fluorescence,5H-dibenzazepine ester,other,,,HEK293,,,,human | not_reported | calcium_fluorescence | NA | NA | NA | HEK293 | NA | NA,9,,0,not_reported,not_required,,1,False,True,True,,
8011687,1572003,CHEMBL1939976,CHEMBL1939976,O=C1C2=C(NC(=S)NC2c2cccc(O)c2)c2ccccc21,CHEMBL1944172,CHEMBL1938315,2012,640.0,nM,6.1938200260161125,6.19,-0.003820026016112088,calcium_fluorescence,5H-dibenzazepine ester,other,,,HEK293,,,,human | not_reported | calcium_fluorescence | NA | NA | NA | HEK293 | NA | NA,9,,0,not_reported,not_required,,1,False,True,True,,
8011688,1572004,CHEMBL1939977,CHEMBL1939977,O=C1C2=C(NC(=S)NC2c2cccc(CO)c2)c2ccccc21,CHEMBL1944172,CHEMBL1938315,2012,710.0,nM,6.1487416512809245,6.15,0.0012583487190758191,calcium_fluorescence,5H-dibenzazepine ester,other,,,HEK293,,,,human | not_reported | calcium_fluorescence | NA | NA | NA | HEK293 | NA | NA,9,,0,not_reported,not_required,,1,False,True,True,,
8011692,1571812,CHEMBL1939835,CHEMBL1939835,COc1cc(OC)cc(C2NC(=S)NC3=C2C(=O)c2ccccc23)c1,CHEMBL1944172,CHEMBL1938315,2012,2780.0,nM,5.555955204081924,5.56,0.0040447959180758275,calcium_fluorescence,5H-dibenzazepine ester,other,,,HEK293,,,,human | not_reported | calcium_fluorescence | NA | NA | NA | HEK293 | NA | NA,9,,0,not_reported,not_required,,1,False,True,True,,
8011693,1571813,CHEMBL1939836,CHEMBL1939836,CCCCOc1cccc(C2NC(=S)NC3=C2C(=O)c2ccccc23)c1,CHEMBL1944172,CHEMBL1938315,2012,310.0,nM,6.508638306165727,6.51,0.0013616938342728702,calcium_fluorescence,5H-dibenzazepine ester,other,,,HEK293,,,,human | not_reported | calcium_fluorescence | NA | NA | NA | HEK293 | NA | NA,9,,0,not_reported,not_required,,1,False,True,True,,
8011694,1571999,CHEMBL1939972,CHEMBL1939972,COCCCOc1cccc(C2NC(=S)NC3=C2C(=O)c2ccccc23)c1,CHEMBL1944172,CHEMBL1938315,2012,50.0,nM,7.301029995663981,7.3,-0.0010299956639814312,calcium_fluorescence,5H-dibenzazepine ester,other,,,HEK293,,,,human | not_reported | calcium_fluorescence | NA | NA | NA | HEK293 | NA | NA,9,,0,not_reported,not_required,,1,False,True,True,,
8011695,1571809,CHEMBL1939832,CHEMBL1939832,O=C1C2=C(NC(=S)NC2c2cccc(OCCO)c2)c2ccccc21,CHEMBL1944172,CHEMBL1938315,2012,210.0,nM,6.6777807052660805,6.68,0.0022192947339192415,calcium_fluorescence,5H-dibenzazepine ester,other,,,HEK293,,,,human | not_reported | calcium_fluorescence | NA | NA | NA | HEK293 | NA | NA,9,,0,not_reported,not_required,,1,False,True,True,,
8011696,1571810,CHEMBL1939833,CHEMBL1939833,O=C1C2=C(NC(=S)NC2c2cccc(OCCCCO)c2)c2ccccc21,CHEMBL1944172,CHEMBL1938315,2012,70.0,nM,7.154901959985743,7.16,0.005098040014257066,calcium_fluorescence,5H-dibenzazepine ester,other,,,HEK293,,,,human | not_reported | calcium_fluorescence | NA | NA | NA | HEK293 | NA | NA,9,,0,not_reported,not_required,,1,False,True,True,,
8011699,1571808,CHEMBL1939831,CHEMBL1939831,COc1ccc(Oc2cccc(C3NC(=S)NC4=C3C(=O)c3ccccc34)c2)cc1,CHEMBL1944172,CHEMBL1938315,2012,1500.0,nM,5.823908740944319,5.82,-0.003908740944318367,calcium_fluorescence,5H-dibenzazepine ester,other,,,HEK293,,,,human | not_reported | calcium_fluorescence | NA | NA | NA | HEK293 | NA | NA,9,,0,not_reported,not_required,,1,False,True,True,,
8011700,1571805,CHEMBL1939828,CHEMBL1939828,COc1cccc([C@H]2NC(=S)NC3=C2C(=O)c2ccccc23)c1,CHEMBL1944172,CHEMBL1938315,2012,75.0,nM,7.1249387366083,7.12,-0.0049387366082997985,calcium_fluorescence,5H-dibenzazepine ester,other,,,HEK293,,,,human | not_reported | calcium_fluorescence | NA | NA | NA | HEK293 | NA | NA,9,,0,not_reported,not_required,,1,False,True,True,,
8012612,1571802,CHEMBL1939825,CHEMBL1939825,COc1cccc(C2NC(=O)NC3=C2C(=O)c2ccccc23)c1,CHEMBL1944172,CHEMBL1938315,2012,3900.0,nM,5.4089353929735005,5.41,0.0010646070264996865,calcium_fluorescence,5H-dibenzazepine ester,other,,,HEK293,,,,human | not_reported | calcium_fluorescence | NA | NA | NA | HEK293 | NA | NA,9,,0,not_reported,not_required,,1,False,True,True,,
8012613,1571803,CHEMBL1939826,CHEMBL1939826,COCCCOc1cccc([C@H]2NC(=S)NC3=C2C(=O)c2ccccc23)c1,CHEMBL1944172,CHEMBL1938315,2012,13.0,nM,7.886056647693163,7.89,0.003943352306836623,calcium_fluorescence,5H-dibenzazepine ester,other,,,HEK293,,,,human | not_reported | calcium_fluorescence | NA | NA | NA | HEK293 | NA | NA,9,,0,not_reported,not_required,,1,False,True,True,,
8012615,1571800,CHEMBL1939823,CHEMBL1939823,COCCCOc1cccc(C2NC(=O)NC3=C2C(=O)c2ccccc23)c1,CHEMBL1944172,CHEMBL1938315,2012,1700.0,nM,5.769551078621726,5.77,0.00044892137827368117,calcium_fluorescence,5H-dibenzazepine ester,other,,,HEK293,,,,human | not_reported | calcium_fluorescence | NA | NA | NA | HEK293 | NA | NA,9,,0,not_reported,not_required,,1,False,True,True,,
8012617,1571799,CHEMBL1939822,CHEMBL1939822,COc1cccc(C2NC(=S)N(C)C3=C2C(=O)c2ccccc23)c1,CHEMBL1944172,CHEMBL1938315,2012,85.0,nM,7.070581074285707,7.07,-0.0005810742857068618,calcium_fluorescence,5H-dibenzazepine ester,other,,,HEK293,,,,human | not_reported | calcium_fluorescence | NA | NA | NA | HEK293 | NA | NA,9,,0,not_reported,not_required,,1,False,True,True,,
8020978,1576758,CHEMBL593902,CHEMBL593902,CC(=C\c1ccc(Cl)cc1)/C(C)=N/O,CHEMBL1949457,CHEMBL1944607,2012,2200.0,nM,5.657577319177793,5.66,0.0024226808222067575,calcium_fluorescence,acrolein,other,,,,,,,human | not_reported | calcium_fluorescence | NA | NA | NA | NA | NA | NA,9,,0,not_reported,not_required,,1,False,True,True,,
8020979,1576759,CHEMBL1939978,CHEMBL1939978,COc1cccc(C2NC(=S)NC3=C2C(=O)c2ccccc23)c1,CHEMBL1949457,CHEMBL1944607,2012,1500.0,nM,5.823908740944319,5.82,-0.003908740944318367,calcium_fluorescence,acrolein,other,,,,,,,human | not_reported | calcium_fluorescence | NA | NA | NA | NA | NA | NA,9,,0,not_reported,not_required,,1,False,True,True,,
8020980,1576760,CHEMBL1947272,CHEMBL1947272,Cn1c(=O)c2c(ccn2CC(=O)Nc2ccc(F)cc2)n(C)c1=O,CHEMBL1949457,CHEMBL1944607,2012,3100.0,nM,5.508638306165727,5.51,0.0013616938342728702,calcium_fluorescence,acrolein,other,,,,,,,human | not_reported | calcium_fluorescence | NA | NA | NA | NA | NA | NA,9,,0,not_reported,not_required,,1,False,True,True,,
8020981,1576763,CHEMBL1947275,CHEMBL1947275,Cn1c(=O)c2c(ccn2CC(=O)Nc2ccc(I)cc2)n(C)c1=O,CHEMBL1949457,CHEMBL1944607,2012,1800.0,nM,5.7447274948966935,5.75,0.005272505103306457,calcium_fluorescence,acrolein,other,,,,,,,human | not_reported | calcium_fluorescence | NA | NA | NA | NA | NA | NA,9,,0,not_reported,not_required,,1,False,True,True,,
8020982,1573717,CHEMBL1944838,CHEMBL1944838,Cn1c(=O)c2c(ccn2CC(=O)Nc2ccc(C(F)(F)F)cc2)n(C)c1=O,CHEMBL1949457,CHEMBL1944607,2012,400.0,nM,6.3979400086720375,6.4,0.0020599913279628623,calcium_fluorescence,acrolein,other,,,,,,,human | not_reported | calcium_fluorescence | NA | NA | NA | NA | NA | NA,9,,0,not_reported,not_required,,1,False,True,True,,
8020983,1573718,CHEMBL1944839,CHEMBL1944839,Cn1c(=O)c2c(ccn2CC(=O)Nc2ccc(OC(F)(F)F)cc2)n(C)c1=O,CHEMBL1949457,CHEMBL1944607,2012,3700.0,nM,5.431798275933005,5.43,-0.0017982759330053,calcium_fluorescence,acrolein,other,,,,,,,human | not_reported | calcium_fluorescence | NA | NA | NA | NA | NA | NA,9,,0,not_reported,not_required,,1,False,True,True,,
8020984,1573724,CHEMBL1944845,CHEMBL1944845,Cn1c(=O)c2c(ccn2CC(=O)Nc2ccc(C(C)(C)C)cc2)n(C)c1=O,CHEMBL1949457,CHEMBL1944607,2012,3100.0,nM,5.508638306165727,5.51,0.0013616938342728702,calcium_fluorescence,acrolein,other,,,,,,,human | not_reported | calcium_fluorescence | NA | NA | NA | NA | NA | NA,9,,0,not_reported,not_required,,1,False,True,True,,
8020985,1573725,CHEMBL1944846,CHEMBL1944846,CCCCc1ccc(NC(=O)Cn2ccc3c2c(=O)n(C)c(=O)n3C)cc1,CHEMBL1949457,CHEMBL1944607,2012,1100.0,nM,5.958607314841775,5.96,0.0013926851582253263,calcium_fluorescence,acrolein,other,,,,,,,human | not_reported | calcium_fluorescence | NA | NA | NA | NA | NA | NA,9,,0,not_reported,not_required,,1,False,True,True,,
8020986,1573726,CHEMBL1944847,CHEMBL1944847,CCCCCCc1ccc(NC(=O)Cn2ccc3c2c(=O)n(C)c(=O)n3C)cc1,CHEMBL1949457,CHEMBL1944607,2012,1600.0,nM,5.795880017344075,5.8,0.0041199826559248365,calcium_fluorescence,acrolein,other,,,,,,,human | not_reported | calcium_fluorescence | NA | NA | NA | NA | NA | NA,9,,0,not_reported,not_required,,1,False,True,True,,
8020987,1574829,CHEMBL1945689,CHEMBL1945689,Cn1c(=O)c2c(ccn2CC(=O)Nc2nc(-c3ccc(F)cc3)cs2)n(C)c1=O,CHEMBL1949457,CHEMBL1944607,2012,4100.0,nM,5.3872161432802645,5.39,0.002783856719735134,calcium_fluorescence,acrolein,other,,,,,,,human | not_reported | calcium_fluorescence | NA | NA | NA | NA | NA | NA,9,,0,not_reported,not_required,,1,False,True,True,,
8020988,1575331,CHEMBL1946119,CHEMBL1946119,Cn1c(=O)c2c(ccn2CC(=O)Nc2nc(-c3ccc(C(F)(F)F)cc3)cs2)n(C)c1=O,CHEMBL1949457,CHEMBL1944607,2012,2100.0,nM,5.6777807052660805,5.68,0.0022192947339192415,calcium_fluorescence,acrolein,other,,,,,,,human | not_reported | calcium_fluorescence | NA | NA | NA | NA | NA | NA,9,,0,not_reported,not_required,,1,False,True,True,,
8020989,1575332,CHEMBL1946120,CHEMBL1946120,Cn1c(=O)c2c(ccn2CC(=O)Nc2nc(-c3ccc(F)c(C(F)(F)F)c3)cs2)n(C)c1=O,CHEMBL1949457,CHEMBL1944607,2012,1300.0,nM,5.886056647693163,5.89,0.003943352306836623,calcium_fluorescence,acrolein,other,,,,,,,human | not_reported | calcium_fluorescence | NA | NA | NA | NA | NA | NA,9,,0,not_reported,not_required,,1,False,True,True,,
8020990,1575333,CHEMBL1946121,CHEMBL1946121,CCCCCCc1ccc(-c2csc(NC(=O)Cn3ccc4c3c(=O)n(C)c(=O)n4C)n2)cc1,CHEMBL1949457,CHEMBL1944607,2012,2600.0,nM,5.585026652029182,5.58,-0.005026652029181733,calcium_fluorescence,acrolein,other,,,,,,,human | not_reported | calcium_fluorescence | NA | NA | NA | NA | NA | NA,9,,0,not_reported,not_required,,1,False,True,True,,
10983838,1664047,CHEMBL2071601,CHEMBL2071601,CC(C)C(NC(=O)c1cc(Cl)ccc1C(F)(F)F)C(=O)c1ccc([N+](=O)[O-])cc1,CHEMBL2071975,CHEMBL2069204,2012,10.0,nM,8.0,8.0,0.0,calcium_fluorescence,Zn2+,Zn2+,,,HEK293,,,,human | not_reported | calcium_fluorescence | NA | NA | NA | HEK293 | NA | NA,9,,0,not_reported,not_required,,1,False,True,True,,
10983839,1664046,CHEMBL2071600,CHEMBL2071600,CC(C)C(NC(=O)c1cnn(C(C)(C)C)c1C(F)(F)F)C(=O)c1ccc2nonc2c1,CHEMBL2071975,CHEMBL2069204,2012,398.11,nM,6.399996913372259,6.4,3.086627740955805e-06,calcium_fluorescence,Zn2+,Zn2+,,,HEK293,,,,human | not_reported | calcium_fluorescence | NA | NA | NA | HEK293 | NA | NA,9,,0,not_reported,not_required,,1,False,True,True,,
10983840,1664045,CHEMBL2071599,CHEMBL2071599,Cc1noc(C(C)C)c1C(=O)NC(C(=O)c1ccc(C#N)c(F)c1)C(C)(C)C,CHEMBL2071975,CHEMBL2069204,2012,199.53,nM,6.699991797446187,6.7,8.202553813063673e-06,calcium_fluorescence,Zn2+,Zn2+,,,HEK293,,,,human | not_reported | calcium_fluorescence | NA | NA | NA | HEK293 | NA | NA,9,,0,not_reported,not_required,,1,False,True,True,,
10983846,1664039,CHEMBL2071593,CHEMBL2071593,O=C(NC(C(=O)c1ccc(Cl)cc1)C1CC1)c1ccccc1,CHEMBL2071975,CHEMBL2069204,2012,1995.26,nM,5.700000503883016,5.7,-5.038830162007457e-07,calcium_fluorescence,Zn2+,Zn2+,,,HEK293,,,,human | not_reported | calcium_fluorescence | NA | NA | NA | HEK293 | NA | NA,9,,0,not_reported,not_required,,1,False,True,True,,
10983847,1664038,CHEMBL2071592,CHEMBL2071592,CC(C)(C)C(NC(=O)c1ccccc1)C(=O)c1ccc(Cl)cc1,CHEMBL2071975,CHEMBL2069204,2012,398.11,nM,6.399996913372259,6.4,3.086627740955805e-06,calcium_fluorescence,Zn2+,Zn2+,,,HEK293,,,,human | not_reported | calcium_fluorescence | NA | NA | NA | HEK293 | NA | NA,9,,0,not_reported,not_required,,1,False,True,True,,
10983848,1664037,CHEMBL2071591,CHEMBL2071591,CC(C)C(NC(=O)OC(C)(C)C)C(=O)c1ccc(Cl)cn1,CHEMBL2071975,CHEMBL2069204,2012,15848.93,nM,4.800000052738446,4.8,-5.273844649877901e-08,calcium_fluorescence,Zn2+,Zn2+,,,HEK293,,,,human | not_reported | calcium_fluorescence | NA | NA | NA | HEK293 | NA | NA,9,,0,not_reported,not_required,,1,False,True,True,,
10983849,1664036,CHEMBL2071590,CHEMBL2071590,CC(C)C(NC(=O)OC(C)(C)C)C(=O)c1ccc(C#N)c(F)c1,CHEMBL2071975,CHEMBL2069204,2012,1995.26,nM,5.700000503883016,5.7,-5.038830162007457e-07,calcium_fluorescence,Zn2+,Zn2+,,,HEK293,,,,human | not_reported | calcium_fluorescence | NA | NA | NA | HEK293 | NA | NA,9,,0,not_reported,not_required,,1,False,True,True,,
10983850,1664035,CHEMBL2071589,CHEMBL2071589,CC(C)C(NC(=O)OC(C)(C)C)C(=O)c1ccc(C#N)cc1,CHEMBL2071975,CHEMBL2069204,2012,2511.89,nM,5.59999938302362,5.6,6.169763793195671e-07,calcium_fluorescence,Zn2+,Zn2+,,,HEK293,,,,human | not_reported | calcium_fluorescence | NA | NA | NA | HEK293 | NA | NA,9,,0,not_reported,not_required,,1,False,True,True,,
10983851,1664034,CHEMBL2071588,CHEMBL2071588,CC(C)C(NC(=O)OC(C)(C)C)C(=O)c1ccc(Cl)cc1,CHEMBL2071975,CHEMBL2069204,2012,794.33,nM,6.0999990348465305,6.1,9.651534691457186e-07,calcium_fluorescence,Zn2+,Zn2+,,,HEK293,,,,human | not_reported | calcium_fluorescence | NA | NA | NA | HEK293 | NA | NA,9,,0,not_reported,not_required,,1,False,True,True,,
10983852,1664033,CHEMBL2071587,CHEMBL2071587,CC(C)C(NC(=O)NC(C)(C)C)C(=O)c1ccc(Cl)cc1,CHEMBL2071975,CHEMBL2069204,2012,2511.89,nM,5.59999938302362,5.6,6.169763793195671e-07,calcium_fluorescence,Zn2+,Zn2+,,,HEK293,,,,human | not_reported | calcium_fluorescence | NA | NA | NA | HEK293 | NA | NA,9,,0,not_reported,not_required,,1,False,True,True,,
10983853,1664032,CHEMBL2071586,CHEMBL2071586,CC(C)C(NC(=O)N(C)C(C)(C)C)C(=O)c1ccc(Cl)cc1,CHEMBL2071975,CHEMBL2069204,2012,630.96,nM,6.199998172182031,6.2,1.8278179689801277e-06,calcium_fluorescence,Zn2+,Zn2+,,,HEK293,,,,human | not_reported | calcium_fluorescence | NA | NA | NA | HEK293 | NA | NA,9,,0,not_reported,not_required,,1,False,True,True,,
10983855,1664030,CHEMBL2071584,CHEMBL2071584,CC(C)C(NC(=O)N1CCc2ccccc2C1)C(=O)c1ccc(C#N)cc1,CHEMBL2071975,CHEMBL2069204,2012,5011.87,nM,5.300000202445418,5.3,-2.024454177629309e-07,calcium_fluorescence,Zn2+,Zn2+,,,HEK293,,,,human | not_reported | calcium_fluorescence | NA | NA | NA | HEK293 | NA | NA,9,,0,not_reported,not_required,,1,False,True,True,,
10983858,1663947,CHEMBL2071513,CHEMBL2071513,CCCCCCCCCC(=O)NC(C(=O)c1ccc(C#N)cc1)C(C)C,CHEMBL2071975,CHEMBL2069204,2012,1000.0,nM,6.0,6.0,0.0,calcium_fluorescence,Zn2+,Zn2+,,,HEK293,,,,human | not_reported | calcium_fluorescence | NA | NA | NA | HEK293 | NA | NA,9,,0,not_reported,not_required,,1,False,True,True,,
10983859,1663946,CHEMBL2071512,CHEMBL2071512,CC(C)C(NC(=O)c1cc2ccccc2n1C)C(=O)c1ccc(C#N)cc1,CHEMBL2071975,CHEMBL2069204,2012,1584.89,nM,5.800000874803203,5.8,-8.74803203210206e-07,calcium_fluorescence,Zn2+,Zn2+,,,HEK293,,,,human | not_reported | calcium_fluorescence | NA | NA | NA | HEK293 | NA | NA,9,,0,not_reported,not_required,,1,False,True,True,,
10983860,1663945,CHEMBL2071511,CHEMBL2071511,Cc1noc(C(C)C)c1C(=O)NC(C(=O)c1ccc(C#N)cc1)C(C)C,CHEMBL2071975,CHEMBL2069204,2012,1995.26,nM,5.700000503883016,5.7,-5.038830162007457e-07,calcium_fluorescence,Zn2+,Zn2+,,,HEK293,,,,human | not_reported | calcium_fluorescence | NA | NA | NA | HEK293 | NA | NA,9,,0,not_reported,not_required,,1,False,True,True,,
10983861,1663944,CHEMBL2071510,CHEMBL2071510,Cc1noc(-c2ccccc2)c1C(=O)NC(C(=O)c1ccc(C#N)cc1)C(C)C,CHEMBL2071975,CHEMBL2069204,2012,3981.07,nM,5.40000018605658,5.4,-1.8605657992054603e-07,calcium_fluorescence,Zn2+,Zn2+,,,HEK293,,,,human | not_reported | calcium_fluorescence | NA | NA | NA | HEK293 | NA | NA,9,,0,not_reported,not_required,,1,False,True,True,,
10983862,1663943,CHEMBL2071509,CHEMBL2071509,CC(C)C(NC(=O)c1cnoc1C(C)(C)C)C(=O)c1ccc(C#N)cc1,CHEMBL2071975,CHEMBL2069204,2012,501.19,nM,6.299997602857746,6.3,2.397142253585116e-06,calcium_fluorescence,Zn2+,Zn2+,,,HEK293,,,,human | not_reported | calcium_fluorescence | NA | NA | NA | HEK293 | NA | NA,9,,0,not_reported,not_required,,1,False,True,True,,
10983863,1663942,CHEMBL2071508,CHEMBL2071508,CC(C)C(NC(=O)c1ccccc1C(F)(F)F)C(=O)c1ccc(C#N)cc1,CHEMBL2071975,CHEMBL2069204,2012,5011.87,nM,5.300000202445418,5.3,-2.024454177629309e-07,calcium_fluorescence,Zn2+,Zn2+,,,HEK293,,,,human | not_reported | calcium_fluorescence | NA | NA | NA | HEK293 | NA | NA,9,,0,not_reported,not_required,,1,False,True,True,,
10983864,1663941,CHEMBL2071507,CHEMBL2071507,CC(C)C(NC(=O)c1cc(Cl)ccc1C(F)(F)F)C(=O)c1ccc(C#N)cc1,CHEMBL2071975,CHEMBL2069204,2012,316.23,nM,6.499996931948306,6.5,3.0680516935888136e-06,calcium_fluorescence,Zn2+,Zn2+,,,HEK293,,,,human | not_reported | calcium_fluorescence | NA | NA | NA | HEK293 | NA | NA,9,,0,not_reported,not_required,,1,False,True,True,,
10983865,1663940,CHEMBL2071506,CHEMBL2071506,CC(C)C(NC(=O)c1cc(Cl)ccc1F)C(=O)c1ccc(C#N)cc1,CHEMBL2071975,CHEMBL2069204,2012,1995.26,nM,5.700000503883016,5.7,-5.038830162007457e-07,calcium_fluorescence,Zn2+,Zn2+,,,HEK293,,,,human | not_reported | calcium_fluorescence | NA | NA | NA | HEK293 | NA | NA,9,,0,not_reported,not_required,,1,False,True,True,,
10983866,1663939,CHEMBL2071505,CHEMBL2071505,CC(C)C(NC(=O)c1ccc(Cl)cc1F)C(=O)c1ccc(C#N)cc1,CHEMBL2071975,CHEMBL2069204,2012,3981.07,nM,5.40000018605658,5.4,-1.8605657992054603e-07,calcium_fluorescence,Zn2+,Zn2+,,,HEK293,,,,human | not_reported | calcium_fluorescence | NA | NA | NA | HEK293 | NA | NA,9,,0,not_reported,not_required,,1,False,True,True,,
10983867,1663938,CHEMBL2071504,CHEMBL2071504,CC(C)C(NC(=O)c1ccc(Cl)cc1Cl)C(=O)c1ccc(C#N)cc1,CHEMBL2071975,CHEMBL2069204,2012,2511.89,nM,5.59999938302362,5.6,6.169763793195671e-07,calcium_fluorescence,Zn2+,Zn2+,,,HEK293,,,,human | not_reported | calcium_fluorescence | NA | NA | NA | HEK293 | NA | NA,9,,0,not_reported,not_required,,1,False,True,True,,
10983868,1663937,CHEMBL2071503,CHEMBL2071503,COc1ccc(C(=O)NC(C(=O)c2ccc(C#N)cc2)C(C)C)cc1,CHEMBL2071975,CHEMBL2069204,2012,6309.57,nM,5.200000237109354,5.2,-2.371093534847546e-07,calcium_fluorescence,Zn2+,Zn2+,,,HEK293,,,,human | not_reported | calcium_fluorescence | NA | NA | NA | HEK293 | NA | NA,9,,0,not_reported,not_required,,1,False,True,True,,
10983876,1663929,CHEMBL2071495,CHEMBL2071495,CC(C)C(NC(=O)c1ccccc1)C(=O)c1ccc(Br)cc1,CHEMBL2071975,CHEMBL2069204,2012,1258.93,nM,5.899998417198648,5.9,1.5828013522067863e-06,calcium_fluorescence,Zn2+,Zn2+,,,HEK293,,,,human | not_reported | calcium_fluorescence | NA | NA | NA | HEK293 | NA | NA,9,,0,not_reported,not_required,,1,False,True,True,,
10983878,1663927,CHEMBL2071494,CHEMBL2071494,CC(C)C(NC(=O)c1ccccc1)C(=O)c1ccc(Cl)cc1,CHEMBL2071975,CHEMBL2069204,2012,398.11,nM,6.399996913372259,6.4,3.086627740955805e-06,calcium_fluorescence,Zn2+,Zn2+,,,HEK293,,,,human | not_reported | calcium_fluorescence | NA | NA | NA | HEK293 | NA | NA,9,,0,not_reported,not_required,,2,True,True,True,,
10983879,1663926,CHEMBL2071494,CHEMBL2071494,CC(C)C(NC(=O)c1ccccc1)C(=O)c1ccc(Cl)cc1,CHEMBL2071975,CHEMBL2069204,2012,1258.93,nM,5.899998417198648,5.9,1.5828013522067863e-06,calcium_fluorescence,Zn2+,Zn2+,,,HEK293,,,,human | not_reported | calcium_fluorescence | NA | NA | NA | HEK293 | NA | NA,9,,0,not_reported,not_required,,2,True,True,True,,
10983880,1663925,CHEMBL2071493,CHEMBL2071493,CC(C)C(NC(=O)c1ccccc1)C(=O)c1ccc(F)cc1,CHEMBL2071975,CHEMBL2069204,2012,7943.28,nM,5.100000128334196,5.1,-1.2833419660296386e-07,calcium_fluorescence,Zn2+,Zn2+,,,HEK293,,,,human | not_reported | calcium_fluorescence | NA | NA | NA | HEK293 | NA | NA,9,,0,not_reported,not_required,,1,False,True,True,,
10983882,1663923,CHEMBL2071491,CHEMBL2071491,CC(C)C(NC(=O)c1ccccc1)C(=O)c1ccc([N+](=O)[O-])cc1,CHEMBL2071975,CHEMBL2069204,2012,251.19,nM,6.599997654072045,6.6,2.3459279550053225e-06,calcium_fluorescence,Zn2+,Zn2+,,,HEK293,,,,human | not_reported | calcium_fluorescence | NA | NA | NA | HEK293 | NA | NA,9,,0,not_reported,not_required,,1,False,True,True,,
10983799,1664041,CHEMBL2071595,CHEMBL2071595,CC(C)C(C)(NC(=O)c1ccccc1)C(=O)c1ccc(Cl)cc1,CHEMBL2071976,CHEMBL2069204,2012,3162.28,nM,5.499999678657065,5.5,3.2134293537211533e-07,calcium_fluorescence,Ca2+,Ca2+,,,HEK293,,,,human | not_reported | calcium_fluorescence | NA | NA | NA | HEK293 | NA | NA,9,,0,not_reported,not_required,,1,False,True,True,,
10983801,1664039,CHEMBL2071593,CHEMBL2071593,O=C(NC(C(=O)c1ccc(Cl)cc1)C1CC1)c1ccccc1,CHEMBL2071976,CHEMBL2069204,2012,1995.26,nM,5.700000503883016,5.7,-5.038830162007457e-07,calcium_fluorescence,Ca2+,Ca2+,,,HEK293,,,,human | not_reported | calcium_fluorescence | NA | NA | NA | HEK293 | NA | NA,9,,0,not_reported,not_required,,1,False,True,True,,
10983802,1664038,CHEMBL2071592,CHEMBL2071592,CC(C)(C)C(NC(=O)c1ccccc1)C(=O)c1ccc(Cl)cc1,CHEMBL2071976,CHEMBL2069204,2012,1000.0,nM,6.0,6.0,0.0,calcium_fluorescence,Ca2+,Ca2+,,,HEK293,,,,human | not_reported | calcium_fluorescence | NA | NA | NA | HEK293 | NA | NA,9,,0,not_reported,not_required,,1,False,True,True,,
10983803,1664037,CHEMBL2071591,CHEMBL2071591,CC(C)C(NC(=O)OC(C)(C)C)C(=O)c1ccc(Cl)cn1,CHEMBL2071976,CHEMBL2069204,2012,5011.87,nM,5.300000202445418,5.3,-2.024454177629309e-07,calcium_fluorescence,Ca2+,Ca2+,,,HEK293,,,,human | not_reported | calcium_fluorescence | NA | NA | NA | HEK293 | NA | NA,9,,0,not_reported,not_required,,1,False,True,True,,
10983804,1664036,CHEMBL2071590,CHEMBL2071590,CC(C)C(NC(=O)OC(C)(C)C)C(=O)c1ccc(C#N)c(F)c1,CHEMBL2071976,CHEMBL2069204,2012,1258.93,nM,5.899998417198648,5.9,1.5828013522067863e-06,calcium_fluorescence,Ca2+,Ca2+,,,HEK293,,,,human | not_reported | calcium_fluorescence | NA | NA | NA | HEK293 | NA | NA,9,,0,not_reported,not_required,,1,False,True,True,,
10983805,1664035,CHEMBL2071589,CHEMBL2071589,CC(C)C(NC(=O)OC(C)(C)C)C(=O)c1ccc(C#N)cc1,CHEMBL2071976,CHEMBL2069204,2012,6309.57,nM,5.200000237109354,5.2,-2.371093534847546e-07,calcium_fluorescence,Ca2+,Ca2+,,,HEK293,,,,human | not_reported | calcium_fluorescence | NA | NA | NA | HEK293 | NA | NA,9,,0,not_reported,not_required,,1,False,True,True,,
10983806,1664034,CHEMBL2071588,CHEMBL2071588,CC(C)C(NC(=O)OC(C)(C)C)C(=O)c1ccc(Cl)cc1,CHEMBL2071976,CHEMBL2069204,2012,1000.0,nM,6.0,6.0,0.0,calcium_fluorescence,Ca2+,Ca2+,,,HEK293,,,,human | not_reported | calcium_fluorescence | NA | NA | NA | HEK293 | NA | NA,9,,0,not_reported,not_required,,1,False,True,True,,
10983807,1664033,CHEMBL2071587,CHEMBL2071587,CC(C)C(NC(=O)NC(C)(C)C)C(=O)c1ccc(Cl)cc1,CHEMBL2071976,CHEMBL2069204,2012,1995.26,nM,5.700000503883016,5.7,-5.038830162007457e-07,calcium_fluorescence,Ca2+,Ca2+,,,HEK293,,,,human | not_reported | calcium_fluorescence | NA | NA | NA | HEK293 | NA | NA,9,,0,not_reported,not_required,,1,False,True,True,,
10983808,1664032,CHEMBL2071586,CHEMBL2071586,CC(C)C(NC(=O)N(C)C(C)(C)C)C(=O)c1ccc(Cl)cc1,CHEMBL2071976,CHEMBL2069204,2012,251.19,nM,6.599997654072045,6.6,2.3459279550053225e-06,calcium_fluorescence,Ca2+,Ca2+,,,HEK293,,,,human | not_reported | calcium_fluorescence | NA | NA | NA | HEK293 | NA | NA,9,,0,not_reported,not_required,,1,False,True,True,,
10983809,1664031,CHEMBL2071585,CHEMBL2071585,CC(C)C(NC(=O)N(C)C(C)(C)C)C(=O)c1ccc(C#N)cc1,CHEMBL2071976,CHEMBL2069204,2012,3981.07,nM,5.40000018605658,5.4,-1.8605657992054603e-07,calcium_fluorescence,Ca2+,Ca2+,,,HEK293,,,,human | not_reported | calcium_fluorescence | NA | NA | NA | HEK293 | NA | NA,9,,0,not_reported,not_required,,1,False,True,True,,
10983810,1664030,CHEMBL2071584,CHEMBL2071584,CC(C)C(NC(=O)N1CCc2ccccc2C1)C(=O)c1ccc(C#N)cc1,CHEMBL2071976,CHEMBL2069204,2012,5011.87,nM,5.300000202445418,5.3,-2.024454177629309e-07,calcium_fluorescence,Ca2+,Ca2+,,,HEK293,,,,human | not_reported | calcium_fluorescence | NA | NA | NA | HEK293 | NA | NA,9,,0,not_reported,not_required,,1,False,True,True,,
10983813,1663947,CHEMBL2071513,CHEMBL2071513,CCCCCCCCCC(=O)NC(C(=O)c1ccc(C#N)cc1)C(C)C,CHEMBL2071976,CHEMBL2069204,2012,1995.26,nM,5.700000503883016,5.7,-5.038830162007457e-07,calcium_fluorescence,Ca2+,Ca2+,,,HEK293,,,,human | not_reported | calcium_fluorescence | NA | NA | NA | HEK293 | NA | NA,9,,0,not_reported,not_required,,1,False,True,True,,
10983814,1663946,CHEMBL2071512,CHEMBL2071512,CC(C)C(NC(=O)c1cc2ccccc2n1C)C(=O)c1ccc(C#N)cc1,CHEMBL2071976,CHEMBL2069204,2012,3981.07,nM,5.40000018605658,5.4,-1.8605657992054603e-07,calcium_fluorescence,Ca2+,Ca2+,,,HEK293,,,,human | not_reported | calcium_fluorescence | NA | NA | NA | HEK293 | NA | NA,9,,0,not_reported,not_required,,1,False,True,True,,
10983815,1663945,CHEMBL2071511,CHEMBL2071511,Cc1noc(C(C)C)c1C(=O)NC(C(=O)c1ccc(C#N)cc1)C(C)C,CHEMBL2071976,CHEMBL2069204,2012,1584.89,nM,5.800000874803203,5.8,-8.74803203210206e-07,calcium_fluorescence,Ca2+,Ca2+,,,HEK293,,,,human | not_reported | calcium_fluorescence | NA | NA | NA | HEK293 | NA | NA,9,,0,not_reported,not_required,,1,False,True,True,,
10983816,1663944,CHEMBL2071510,CHEMBL2071510,Cc1noc(-c2ccccc2)c1C(=O)NC(C(=O)c1ccc(C#N)cc1)C(C)C,CHEMBL2071976,CHEMBL2069204,2012,7943.28,nM,5.100000128334196,5.1,-1.2833419660296386e-07,calcium_fluorescence,Ca2+,Ca2+,,,HEK293,,,,human | not_reported | calcium_fluorescence | NA | NA | NA | HEK293 | NA | NA,9,,0,not_reported,not_required,,1,False,True,True,,
10983817,1663943,CHEMBL2071509,CHEMBL2071509,CC(C)C(NC(=O)c1cnoc1C(C)(C)C)C(=O)c1ccc(C#N)cc1,CHEMBL2071976,CHEMBL2069204,2012,1000.0,nM,6.0,6.0,0.0,calcium_fluorescence,Ca2+,Ca2+,,,HEK293,,,,human | not_reported | calcium_fluorescence | NA | NA | NA | HEK293 | NA | NA,9,,0,not_reported,not_required,,1,False,True,True,,
10983818,1663942,CHEMBL2071508,CHEMBL2071508,CC(C)C(NC(=O)c1ccccc1C(F)(F)F)C(=O)c1ccc(C#N)cc1,CHEMBL2071976,CHEMBL2069204,2012,3162.28,nM,5.499999678657065,5.5,3.2134293537211533e-07,calcium_fluorescence,Ca2+,Ca2+,,,HEK293,,,,human | not_reported | calcium_fluorescence | NA | NA | NA | HEK293 | NA | NA,9,,0,not_reported,not_required,,1,False,True,True,,
10983819,1663941,CHEMBL2071507,CHEMBL2071507,CC(C)C(NC(=O)c1cc(Cl)ccc1C(F)(F)F)C(=O)c1ccc(C#N)cc1,CHEMBL2071976,CHEMBL2069204,2012,398.11,nM,6.399996913372259,6.4,3.086627740955805e-06,calcium_fluorescence,Ca2+,Ca2+,,,HEK293,,,,human | not_reported | calcium_fluorescence | NA | NA | NA | HEK293 | NA | NA,9,,0,not_reported,not_required,,1,False,True,True,,
10983821,1663939,CHEMBL2071505,CHEMBL2071505,CC(C)C(NC(=O)c1ccc(Cl)cc1F)C(=O)c1ccc(C#N)cc1,CHEMBL2071976,CHEMBL2069204,2012,3162.28,nM,5.499999678657065,5.5,3.2134293537211533e-07,calcium_fluorescence,Ca2+,Ca2+,,,HEK293,,,,human | not_reported | calcium_fluorescence | NA | NA | NA | HEK293 | NA | NA,9,,0,not_reported,not_required,,1,False,True,True,,
10983822,1663938,CHEMBL2071504,CHEMBL2071504,CC(C)C(NC(=O)c1ccc(Cl)cc1Cl)C(=O)c1ccc(C#N)cc1,CHEMBL2071976,CHEMBL2069204,2012,5011.87,nM,5.300000202445418,5.3,-2.024454177629309e-07,calcium_fluorescence,Ca2+,Ca2+,,,HEK293,,,,human | not_reported | calcium_fluorescence | NA | NA | NA | HEK293 | NA | NA,9,,0,not_reported,not_required,,1,False,True,True,,
10983823,1663937,CHEMBL2071503,CHEMBL2071503,COc1ccc(C(=O)NC(C(=O)c2ccc(C#N)cc2)C(C)C)cc1,CHEMBL2071976,CHEMBL2069204,2012,12589.25,nM,4.900000142057633,4.9,-1.4205763232411073e-07,calcium_fluorescence,Ca2+,Ca2+,,,HEK293,,,,human | not_reported | calcium_fluorescence | NA | NA | NA | HEK293 | NA | NA,9,,0,not_reported,not_required,,1,False,True,True,,
10983824,1663936,CHEMBL2071502,CHEMBL2071502,CC(C)C(NC(=O)c1ccc(Cl)cc1)C(=O)c1ccc(C#N)cc1,CHEMBL2071976,CHEMBL2069204,2012,398.11,nM,6.399996913372259,6.4,3.086627740955805e-06,calcium_fluorescence,Ca2+,Ca2+,,,HEK293,,,,human | not_reported | calcium_fluorescence | NA | NA | NA | HEK293 | NA | NA,9,,0,not_reported,not_required,,1,False,True,True,,
10983828,1663932,CHEMBL2071498,CHEMBL2071498,CC(C)C(NC(=O)c1ccccc1)C(=O)c1ccc(C#N)cc1,CHEMBL2071976,CHEMBL2069204,2012,3981.07,nM,5.40000018605658,5.4,-1.8605657992054603e-07,calcium_fluorescence,Ca2+,Ca2+,,,HEK293,,,,human | not_reported | calcium_fluorescence | NA | NA | NA | HEK293 | NA | NA,9,,0,not_reported,not_required,,1,False,True,True,,
10983829,1663931,CHEMBL2071497,CHEMBL2071497,CC(C)C(NC(=O)c1ccccc1)C(=O)c1ccc(Cl)c(Cl)c1,CHEMBL2071976,CHEMBL2069204,2012,3981.07,nM,5.40000018605658,5.4,-1.8605657992054603e-07,calcium_fluorescence,Ca2+,Ca2+,,,HEK293,,,,human | not_reported | calcium_fluorescence | NA | NA | NA | HEK293 | NA | NA,9,,0,not_reported,not_required,,1,False,True,True,,
10983831,1663929,CHEMBL2071495,CHEMBL2071495,CC(C)C(NC(=O)c1ccccc1)C(=O)c1ccc(Br)cc1,CHEMBL2071976,CHEMBL2069204,2012,7943.28,nM,5.100000128334196,5.1,-1.2833419660296386e-07,calcium_fluorescence,Ca2+,Ca2+,,,HEK293,,,,human | not_reported | calcium_fluorescence | NA | NA | NA | HEK293 | NA | NA,9,,0,not_reported,not_required,,1,False,True,True,,
10983833,1663927,CHEMBL2071494,CHEMBL2071494,CC(C)C(NC(=O)c1ccccc1)C(=O)c1ccc(Cl)cc1,CHEMBL2071976,CHEMBL2069204,2012,1000.0,nM,6.0,6.0,0.0,calcium_fluorescence,Ca2+,Ca2+,,,HEK293,,,,human | not_reported | calcium_fluorescence | NA | NA | NA | HEK293 | NA | NA,9,,0,not_reported,not_required,,2,True,True,True,,
10983834,1663926,CHEMBL2071494,CHEMBL2071494,CC(C)C(NC(=O)c1ccccc1)C(=O)c1ccc(Cl)cc1,CHEMBL2071976,CHEMBL2069204,2012,2511.89,nM,5.59999938302362,5.6,6.169763793195671e-07,calcium_fluorescence,Ca2+,Ca2+,,,HEK293,,,,human | not_reported | calcium_fluorescence | NA | NA | NA | HEK293 | NA | NA,9,,0,not_reported,not_required,,2,True,True,True,,
10983835,1663925,CHEMBL2071493,CHEMBL2071493,CC(C)C(NC(=O)c1ccccc1)C(=O)c1ccc(F)cc1,CHEMBL2071976,CHEMBL2069204,2012,5011.87,nM,5.300000202445418,5.3,-2.024454177629309e-07,calcium_fluorescence,Ca2+,Ca2+,,,HEK293,,,,human | not_reported | calcium_fluorescence | NA | NA | NA | HEK293 | NA | NA,9,,0,not_reported,not_required,,1,False,True,True,,
10983837,1663923,CHEMBL2071491,CHEMBL2071491,CC(C)C(NC(=O)c1ccccc1)C(=O)c1ccc([N+](=O)[O-])cc1,CHEMBL2071976,CHEMBL2069204,2012,316.23,nM,6.499996931948306,6.5,3.0680516935888136e-06,calcium_fluorescence,Ca2+,Ca2+,,,HEK293,,,,human | not_reported | calcium_fluorescence | NA | NA | NA | HEK293 | NA | NA,9,,0,not_reported,not_required,,1,False,True,True,,
13414154,1914626,CHEMBL2418811,CHEMBL2418811,Cc1sc(Nc2ccc(Cl)cc2F)nc1C(=O)N1CCC[C@H](C)[C@@H]1C,CHEMBL2422134,CHEMBL2417435,2013,25000.0,nM,4.6020599913279625,4.6,-0.0020599913279628623,calcium_fluorescence,not specified,not specified,,,,,,,human | not_reported | calcium_fluorescence | NA | NA | NA | NA | NA | NA,9,,0,not_reported,not_required,,1,False,True,True,,
13414155,1914621,CHEMBL2418806,CHEMBL2418806,Cc1ccc(Nc2nc(C(=O)N3CCCC(C)C3C)cs2)cc1,CHEMBL2422134,CHEMBL2417435,2013,8000.0,nM,5.096910013008056,5.1,0.0030899869919434053,calcium_fluorescence,not specified,not specified,,,,,,,human | not_reported | calcium_fluorescence | NA | NA | NA | NA | NA | NA,9,,0,not_reported,not_required,,1,False,True,True,,
13461082,1920561,CHEMBL249592,CHEMBL249592,CCC/C=C1\OC(=O)c2ccccc21,CHEMBL2433975,CHEMBL2429801,2013,23000.0,nM,4.638272163982407,4.64,0.0017278360175927432,electrophysiology,AITC,AITC,,,,,,,human | not_reported | NA | AITC | NA | NA | NA | NA | NA,9,,0,not_reported,not_required,,1,False,True,True,,
14552769,2075302,CHEMBL3220224,CHEMBL3220224,Cc1c(=O)n(Cc2ccccc2)c(=O)n2cc(C(=O)NCc3ccc4[nH]ccc4c3)sc12,CHEMBL3222891,CHEMBL3217709,2012,680.0,nM,6.167491087293763,6.17,0.0025089127062365435,unknown,not specified,not specified,,,,,,,human | not_reported | NA | NA | NA | NA | NA | NA | NA,9,,0,not_reported,not_required,,1,False,True,True,,
14552770,2075303,CHEMBL3220225,CHEMBL3220225,Cc1c(=O)n(Cc2ccccc2)c(=O)n2cc(C(=O)NCc3ccncc3)sc12,CHEMBL3222891,CHEMBL3217709,2012,1170.0,nM,5.931814138253838,5.93,-0.0018141382538381379,unknown,not specified,not specified,,,,,,,human | not_reported | NA | NA | NA | NA | NA | NA | NA,9,,0,not_reported,not_required,,1,False,True,True,,
14552771,2075304,CHEMBL3220226,CHEMBL3220226,Cc1ccc(CNC(=O)c2cn3c(=O)n(Cc4ccccc4)c(=O)c(C)c3s2)cc1,CHEMBL3222891,CHEMBL3217709,2012,1370.0,nM,5.863279432843593,5.86,-0.003279432843593,unknown,not specified,not specified,,,,,,,human | not_reported | NA | NA | NA | NA | NA | NA | NA,9,,0,not_reported,not_required,,1,False,True,True,,
14552772,2075305,CHEMBL3220227,CHEMBL3220227,Cc1c(=O)n(Cc2ccccc2)c(=O)n2cc(C(=O)NCc3ccc4nsnc4c3)sc12,CHEMBL3222891,CHEMBL3217709,2012,1460.0,nM,5.835647144215563,5.84,0.004352855784437004,unknown,not specified,not specified,,,,,,,human | not_reported | NA | NA | NA | NA | NA | NA | NA,9,,0,not_reported,not_required,,1,False,True,True,,
14552773,2075306,CHEMBL3220228,CHEMBL3220228,Cc1c(=O)n(Cc2ccccc2)c(=O)n2cc(C(=O)NCc3cccnc3)sc12,CHEMBL3222891,CHEMBL3217709,2012,1570.0,nM,5.804100347590767,5.8,-0.004100347590767051,unknown,not specified,not specified,,,,,,,human | not_reported | NA | NA | NA | NA | NA | NA | NA,9,,0,not_reported,not_required,,1,False,True,True,,
14552774,2075307,CHEMBL3220229,CHEMBL3220229,COc1cc(CNC(=O)c2cn3c(=O)n(Cc4ccccc4)c(=O)c(C)c3s2)ccn1,CHEMBL3222891,CHEMBL3217709,2012,1740.0,nM,5.7594507517174005,5.76,0.0005492482825992795,unknown,not specified,not specified,,,,,,,human | not_reported | NA | NA | NA | NA | NA | NA | NA,9,,0,not_reported,not_required,,1,False,True,True,,
14552775,2075308,CHEMBL3220230,CHEMBL3220230,Cc1c(=O)n(Cc2ccccc2)c(=O)n2cc(C(=O)NCc3ccccc3)sc12,CHEMBL3222891,CHEMBL3217709,2012,1880.0,nM,5.7258421507363195,5.73,0.004157849263680902,unknown,not specified,not specified,,,,,,,human | not_reported | NA | NA | NA | NA | NA | NA | NA,9,,0,not_reported,not_required,,1,False,True,True,,
14552776,2075309,CHEMBL3220231,CHEMBL3220231,Cc1c(=O)n(Cc2ccccc2)c(=O)n2cc(C(=O)NCc3ccc(F)cc3)sc12,CHEMBL3222891,CHEMBL3217709,2012,2230.0,nM,5.651695136951839,5.65,-0.0016951369518389825,unknown,not specified,not specified,,,,,,,human | not_reported | NA | NA | NA | NA | NA | NA | NA,9,,0,not_reported,not_required,,1,False,True,True,,
14552777,2075310,CHEMBL3220232,CHEMBL3220232,Cc1c(=O)n(Cc2ccccc2)c(=O)n2cc(C(=O)NCc3ccc(Cl)cc3)sc12,CHEMBL3222891,CHEMBL3217709,2012,2230.0,nM,5.651695136951839,5.65,-0.0016951369518389825,unknown,not specified,not specified,,,,,,,human | not_reported | NA | NA | NA | NA | NA | NA | NA,9,,0,not_reported,not_required,,1,False,True,True,,
14552778,2075618,CHEMBL3220448,CHEMBL3220448,Cc1c(=O)n(Cc2ccccc2)c(=O)n2cc(C(=O)NCc3ccccn3)sc12,CHEMBL3222891,CHEMBL3217709,2012,3490.0,nM,5.45717457304082,5.46,0.0028254269591796444,unknown,not specified,not specified,,,,,,,human | not_reported | NA | NA | NA | NA | NA | NA | NA,9,,0,not_reported,not_required,,1,False,True,True,,
14552779,2075619,CHEMBL3220449,CHEMBL3220449,Cc1c(=O)n(Cc2ccccc2)c(=O)n2cc(C(=O)N3CC[C@@H](Oc4ccccc4C(F)(F)F)C3)sc12,CHEMBL3222891,CHEMBL3217709,2012,100.0,nM,7.0,7.0,0.0,unknown,not specified,not specified,,,,,,,human | not_reported | NA | NA | NA | NA | NA | NA | NA,9,,0,not_reported,not_required,,1,False,True,True,,
14552780,2075620,CHEMBL3220450,CHEMBL3220450,Cc1c(=O)n(Cc2ccccc2)c(=O)n2cc(C(=O)N3CC[C@H](Oc4ccccc4C(F)(F)F)C3)sc12,CHEMBL3222891,CHEMBL3217709,2012,150.0,nM,6.823908740944319,6.82,-0.003908740944318367,unknown,not specified,not specified,,,,,,,human | not_reported | NA | NA | NA | NA | NA | NA | NA,9,,0,not_reported,not_required,,1,False,True,True,,
14552781,2075621,CHEMBL3220451,CHEMBL3220451,Cc1c(=O)n(Cc2ccccc2)c(=O)n2cc(C(=O)N3CCC(Oc4ccccc4F)CC3)sc12,CHEMBL3222891,CHEMBL3217709,2012,200.0,nM,6.698970004336019,6.7,0.0010299956639814312,unknown,not specified,not specified,,,,,,,human | not_reported | NA | NA | NA | NA | NA | NA | NA,9,,0,not_reported,not_required,,1,False,True,True,,
14552782,2075622,CHEMBL3220452,CHEMBL3220452,Cc1c(=O)n(Cc2ccccc2)c(=O)n2cc(C(=O)N3CCC(Oc4cccc(Cl)c4)CC3)sc12,CHEMBL3222891,CHEMBL3217709,2012,200.0,nM,6.698970004336019,6.7,0.0010299956639814312,unknown,not specified,not specified,,,,,,,human | not_reported | NA | NA | NA | NA | NA | NA | NA,9,,0,not_reported,not_required,,1,False,True,True,,
14552783,2075623,CHEMBL3220453,CHEMBL3220453,Cc1c(=O)n(Cc2ccccc2)c(=O)n2cc(C(=O)N3CCC(c4ccccc4F)CC3)sc12,CHEMBL3222891,CHEMBL3217709,2012,400.0,nM,6.3979400086720375,6.4,0.0020599913279628623,unknown,not specified,not specified,,,,,,,human | not_reported | NA | NA | NA | NA | NA | NA | NA,9,,0,not_reported,not_required,,1,False,True,True,,
14750579,2121340,CHEMBL1086310,CHEMBL1086310,CC(C)c1ccc(NC(=O)Cn2cnc3c2c(=O)n(C)c(=O)n3C)cc1,CHEMBL3299550,CHEMBL3297713,2014,2300.0,nM,5.638272163982407,5.64,0.0017278360175927432,unknown,not specified,not specified,,,,,,,human | not_reported | NA | NA | NA | NA | NA | NA | NA,9,,0,not_reported,not_required,,1,False,True,True,,
14750379,2120324,CHEMBL3298235,CHEMBL3298235,Clc1ccccc1-c1ccc2[nH]ncc2c1,CHEMBL3299551,CHEMBL3297713,2014,1230.0,nM,5.910094888560602,5.91,-9.48885606018024e-05,calcium_fluorescence,cinnamaldehyde,cinnamaldehyde,,,CHO,,,,human | not_reported | calcium_fluorescence | cinnamaldehyde | NA | NA | CHO | NA | NA,9,,0,not_reported,not_required,,1,False,True,True,,
14750381,2120326,CHEMBL3298237,CHEMBL3298237,Fc1ccccc1-c1ccc2[nH]ncc2c1,CHEMBL3299551,CHEMBL3297713,2014,3950.0,nM,5.403402904373539,5.4,-0.003402904373539073,calcium_fluorescence,cinnamaldehyde,cinnamaldehyde,,,CHO,,,,human | not_reported | calcium_fluorescence | cinnamaldehyde | NA | NA | CHO | NA | NA,9,,0,not_reported,not_required,,1,False,True,True,,
14750382,2120327,CHEMBL3298238,CHEMBL3298238,Cc1ccccc1-c1ccc2[nH]ncc2c1,CHEMBL3299551,CHEMBL3297713,2014,7810.0,nM,5.1073489661227,5.11,0.0026510338773002573,calcium_fluorescence,cinnamaldehyde,cinnamaldehyde,,,CHO,,,,human | not_reported | calcium_fluorescence | cinnamaldehyde | NA | NA | CHO | NA | NA,9,,0,not_reported,not_required,,1,False,True,True,,
14750383,2120328,CHEMBL3298239,CHEMBL3298239,CCc1ccccc1-c1ccc2[nH]ncc2c1,CHEMBL3299551,CHEMBL3297713,2014,584.0,nM,6.2335871528876,6.23,-0.0035871528875999203,calcium_fluorescence,cinnamaldehyde,cinnamaldehyde,,,CHO,,,,human | not_reported | calcium_fluorescence | cinnamaldehyde | NA | NA | CHO | NA | NA,9,,0,not_reported,not_required,,1,False,True,True,,
14750384,2120329,CHEMBL3298240,CHEMBL3298240,CC(C)c1ccccc1-c1ccc2[nH]ncc2c1,CHEMBL3299551,CHEMBL3297713,2014,514.0,nM,6.289036881004725,6.29,0.0009631189952754582,calcium_fluorescence,cinnamaldehyde,cinnamaldehyde,,,CHO,,,,human | not_reported | calcium_fluorescence | cinnamaldehyde | NA | NA | CHO | NA | NA,9,,0,not_reported,not_required,,1,False,True,True,,
14750385,2120330,CHEMBL3298241,CHEMBL3298241,CC(C)(C)c1ccccc1-c1ccc2[nH]ncc2c1,CHEMBL3299551,CHEMBL3297713,2014,3400.0,nM,5.468521082957745,5.47,0.0014789170422551123,calcium_fluorescence,cinnamaldehyde,cinnamaldehyde,,,CHO,,,,human | not_reported | calcium_fluorescence | cinnamaldehyde | NA | NA | CHO | NA | NA,9,,0,not_reported,not_required,,1,False,True,True,,
14750386,2120331,CHEMBL3298242,CHEMBL3298242,FC(F)(F)c1ccccc1-c1ccc2[nH]ncc2c1,CHEMBL3299551,CHEMBL3297713,2014,164.0,nM,6.785156151952302,6.79,0.004843848047697996,calcium_fluorescence,cinnamaldehyde,cinnamaldehyde,,,CHO,,,,human | not_reported | calcium_fluorescence | cinnamaldehyde | NA | NA | CHO | NA | NA,9,,0,not_reported,not_required,,1,False,True,True,,
14750387,2120332,CHEMBL3298243,CHEMBL3298243,FC(F)c1ccccc1-c1ccc2[nH]ncc2c1,CHEMBL3299551,CHEMBL3297713,2014,2200.0,nM,5.657577319177793,5.66,0.0024226808222067575,calcium_fluorescence,cinnamaldehyde,cinnamaldehyde,,,CHO,,,,human | not_reported | calcium_fluorescence | cinnamaldehyde | NA | NA | CHO | NA | NA,9,,0,not_reported,not_required,,1,False,True,True,,
14750388,2120333,CHEMBL3298244,CHEMBL3298244,FC(F)(F)Oc1ccccc1-c1ccc2[nH]ncc2c1,CHEMBL3299551,CHEMBL3297713,2014,3430.0,nM,5.464705879957229,5.46,-0.004705879957229264,calcium_fluorescence,cinnamaldehyde,cinnamaldehyde,,,CHO,,,,human | not_reported | calcium_fluorescence | cinnamaldehyde | NA | NA | CHO | NA | NA,9,,0,not_reported,not_required,,1,False,True,True,,
14750389,2120334,CHEMBL3298245,CHEMBL3298245,N#Cc1ccccc1-c1ccc2[nH]ncc2c1,CHEMBL3299551,CHEMBL3297713,2014,1290.0,nM,5.889410289700751,5.89,0.0005897102992484804,calcium_fluorescence,cinnamaldehyde,cinnamaldehyde,,,CHO,,,,human | not_reported | calcium_fluorescence | cinnamaldehyde | NA | NA | CHO | NA | NA,9,,0,not_reported,not_required,,1,False,True,True,,
14750390,2120335,CHEMBL3298246,CHEMBL3298246,Fc1cccc(-c2ccc3[nH]ncc3c2)c1C(F)(F)F,CHEMBL3299551,CHEMBL3297713,2014,8900.0,nM,5.050609993355087,5.05,-0.0006099933550869352,calcium_fluorescence,cinnamaldehyde,cinnamaldehyde,,,CHO,,,,human | not_reported | calcium_fluorescence | cinnamaldehyde | NA | NA | CHO | NA | NA,9,,0,not_reported,not_required,,1,False,True,True,,
14750391,2120336,CHEMBL3298247,CHEMBL3298247,Fc1ccc(-c2ccc3[nH]ncc3c2)c(C(F)(F)F)c1,CHEMBL3299551,CHEMBL3297713,2014,30000.0,nM,4.522878745280337,4.52,-0.0028787452803378244,calcium_fluorescence,cinnamaldehyde,cinnamaldehyde,,,CHO,,,,human | not_reported | calcium_fluorescence | cinnamaldehyde | NA | NA | CHO | NA | NA,9,,0,not_reported,not_required,,1,False,True,True,,
14750392,2120337,CHEMBL3298248,CHEMBL3298248,Fc1ccc(C(F)(F)F)c(-c2ccc3[nH]ncc3c2)c1,CHEMBL3299551,CHEMBL3297713,2014,306.0,nM,6.514278573518419,6.51,-0.004278573518419648,calcium_fluorescence,cinnamaldehyde,cinnamaldehyde,,,CHO,,,,human | not_reported | calcium_fluorescence | cinnamaldehyde | NA | NA | CHO | NA | NA,9,,0,not_reported,not_required,,1,False,True,True,,
14750393,2120338,CHEMBL3298249,CHEMBL3298249,Fc1cccc(C(F)(F)F)c1-c1ccc2[nH]ncc2c1,CHEMBL3299551,CHEMBL3297713,2014,1230.0,nM,5.910094888560602,5.91,-9.48885606018024e-05,calcium_fluorescence,cinnamaldehyde,cinnamaldehyde,,,CHO,,,,human | not_reported | calcium_fluorescence | cinnamaldehyde | NA | NA | CHO | NA | NA,9,,0,not_reported,not_required,,1,False,True,True,,
14750394,2120339,CHEMBL3298250,CHEMBL3298250,Fc1c(-c2ccccc2C(F)(F)F)ccc2[nH]ncc12,CHEMBL3299551,CHEMBL3297713,2014,296.0,nM,6.528708288941061,6.53,0.0012917110589389935,calcium_fluorescence,cinnamaldehyde,cinnamaldehyde,,,CHO,,,,human | not_reported | calcium_fluorescence | cinnamaldehyde | NA | NA | CHO | NA | NA,9,,0,not_reported,not_required,,1,False,True,True,,
14750395,2120340,CHEMBL3298251,CHEMBL3298251,Fc1cc2[nH]ncc2cc1-c1ccccc1C(F)(F)F,CHEMBL3299551,CHEMBL3297713,2014,48.0,nM,7.318758762624412,7.32,0.0012412373755879003,calcium_fluorescence,cinnamaldehyde,cinnamaldehyde,,,CHO,,,,human | not_reported | calcium_fluorescence | cinnamaldehyde | NA | NA | CHO | NA | NA,9,,0,not_reported,not_required,,1,False,True,True,,
14750396,2120341,CHEMBL3298252,CHEMBL3298252,Cc1n[nH]c2ccc(-c3ccccc3C(F)(F)F)cc12,CHEMBL3299551,CHEMBL3297713,2014,3090.0,nM,5.510041520575165,5.51,-4.152057516559893e-05,calcium_fluorescence,cinnamaldehyde,cinnamaldehyde,,,CHO,,,,human | not_reported | calcium_fluorescence | cinnamaldehyde | NA | NA | CHO | NA | NA,9,,0,not_reported,not_required,,1,False,True,True,,
14750397,2121197,CHEMBL3298920,CHEMBL3298920,Cc1cc(-c2ccccc2C(F)(F)F)cc2cn[nH]c12,CHEMBL3299551,CHEMBL3297713,2014,6720.0,nM,5.172630726946174,5.17,-0.0026307269461742777,calcium_fluorescence,cinnamaldehyde,cinnamaldehyde,,,CHO,,,,human | not_reported | calcium_fluorescence | cinnamaldehyde | NA | NA | CHO | NA | NA,9,,0,not_reported,not_required,,1,False,True,True,,
14750398,2121198,CHEMBL3298921,CHEMBL3298921,Cn1ncc2cc(-c3ccccc3C(F)(F)F)ccc21,CHEMBL3299551,CHEMBL3297713,2014,7410.0,nM,5.130181792020672,5.13,-0.00018179202067170053,calcium_fluorescence,cinnamaldehyde,cinnamaldehyde,,,CHO,,,,human | not_reported | calcium_fluorescence | cinnamaldehyde | NA | NA | CHO | NA | NA,9,,0,not_reported,not_required,,1,False,True,True,,
14750399,2121199,CHEMBL3298922,CHEMBL3298922,FC(F)(F)c1ccccc1-c1cc2cn[nH]c2cc1Cl,CHEMBL3299551,CHEMBL3297713,2014,24.0,nM,7.619788758288394,7.62,0.0002112417116064691,calcium_fluorescence,cinnamaldehyde,cinnamaldehyde,,,CHO,,,,human | not_reported | calcium_fluorescence | cinnamaldehyde | NA | NA | CHO | NA | NA,9,,0,not_reported,not_required,,1,False,True,True,,
14750400,2121200,CHEMBL3298923,CHEMBL3298923,Cc1cc2[nH]ncc2cc1-c1ccccc1C(F)(F)F,CHEMBL3299551,CHEMBL3297713,2014,15.0,nM,7.823908740944319,7.82,-0.003908740944318367,calcium_fluorescence,cinnamaldehyde,cinnamaldehyde,,,CHO,,,,human | not_reported | calcium_fluorescence | cinnamaldehyde | NA | NA | CHO | NA | NA,9,,0,not_reported,not_required,,1,False,True,True,,
14750401,2121201,CHEMBL3298924,CHEMBL3298924,CCc1cc2[nH]ncc2cc1-c1ccccc1C(F)(F)F,CHEMBL3299551,CHEMBL3297713,2014,50.0,nM,7.301029995663981,7.3,-0.0010299956639814312,calcium_fluorescence,cinnamaldehyde,cinnamaldehyde,,,CHO,,,,human | not_reported | calcium_fluorescence | cinnamaldehyde | NA | NA | CHO | NA | NA,9,,0,not_reported,not_required,,1,False,True,True,,
14750402,2121202,CHEMBL3298925,CHEMBL3298925,CC(C)c1cc2[nH]ncc2cc1-c1ccccc1C(F)(F)F,CHEMBL3299551,CHEMBL3297713,2014,25400.0,nM,4.5951662833800615,4.59,-0.0051662833800616426,calcium_fluorescence,cinnamaldehyde,cinnamaldehyde,,,CHO,,,,human | not_reported | calcium_fluorescence | cinnamaldehyde | NA | NA | CHO | NA | NA,9,,0,not_reported,not_required,,1,False,True,True,,
14750403,2121203,CHEMBL3298926,CHEMBL3298926,FC(F)(F)c1ccccc1-c1cc2cn[nH]c2cc1C1CC1,CHEMBL3299551,CHEMBL3297713,2014,61.0,nM,7.214670164989233,7.21,-0.0046701649892328945,calcium_fluorescence,cinnamaldehyde,cinnamaldehyde,,,CHO,,,,human | not_reported | calcium_fluorescence | cinnamaldehyde | NA | NA | CHO | NA | NA,9,,0,not_reported,not_required,,1,False,True,True,,
14750404,2121204,CHEMBL3298927,CHEMBL3298927,FC(F)c1cc2[nH]ncc2cc1-c1ccccc1C(F)(F)F,CHEMBL3299551,CHEMBL3297713,2014,103.0,nM,6.987162775294828,6.99,0.0028372247051722255,calcium_fluorescence,cinnamaldehyde,cinnamaldehyde,,,CHO,,,,human | not_reported | calcium_fluorescence | cinnamaldehyde | NA | NA | CHO | NA | NA,9,,0,not_reported,not_required,,1,False,True,True,,
14750405,2121331,CHEMBL3299019,CHEMBL3299019,COc1cc2[nH]ncc2cc1-c1ccccc1C(F)(F)F,CHEMBL3299551,CHEMBL3297713,2014,26.0,nM,7.585026652029182,7.58,-0.005026652029181733,calcium_fluorescence,cinnamaldehyde,cinnamaldehyde,,,CHO,,,,human | not_reported | calcium_fluorescence | cinnamaldehyde | NA | NA | CHO | NA | NA,9,,0,not_reported,not_required,,1,False,True,True,,
14750406,2121332,CHEMBL3299020,CHEMBL3299020,CCOc1cc2[nH]ncc2cc1-c1ccccc1C(F)(F)F,CHEMBL3299551,CHEMBL3297713,2014,39.0,nM,7.4089353929735005,7.41,0.0010646070264996865,calcium_fluorescence,cinnamaldehyde,cinnamaldehyde,,,CHO,,,,human | not_reported | calcium_fluorescence | cinnamaldehyde | NA | NA | CHO | NA | NA,9,,0,not_reported,not_required,,1,False,True,True,,
14750407,2121333,CHEMBL3299021,CHEMBL3299021,CC(C)Oc1cc2[nH]ncc2cc1-c1ccccc1C(F)(F)F,CHEMBL3299551,CHEMBL3297713,2014,970.0,nM,6.013228265733755,6.01,-0.003228265733755009,calcium_fluorescence,cinnamaldehyde,cinnamaldehyde,,,CHO,,,,human | not_reported | calcium_fluorescence | cinnamaldehyde | NA | NA | CHO | NA | NA,9,,0,not_reported,not_required,,1,False,True,True,,
14750408,2121334,CHEMBL3299022,CHEMBL3299022,FC(F)(F)c1ccccc1-c1cc2cn[nH]c2cc1OCC1CC1,CHEMBL3299551,CHEMBL3297713,2014,26.0,nM,7.585026652029182,7.58,-0.005026652029181733,calcium_fluorescence,cinnamaldehyde,cinnamaldehyde,,,CHO,,,,human | not_reported | calcium_fluorescence | cinnamaldehyde | NA | NA | CHO | NA | NA,9,,0,not_reported,not_required,,1,False,True,True,,
14750409,2121335,CHEMBL3299023,CHEMBL3299023,COCc1cc2[nH]ncc2cc1-c1ccccc1C(F)(F)F,CHEMBL3299551,CHEMBL3297713,2014,142.0,nM,6.847711655616944,6.85,0.002288344383055474,calcium_fluorescence,cinnamaldehyde,cinnamaldehyde,,,CHO,,,,human | not_reported | calcium_fluorescence | cinnamaldehyde | NA | NA | CHO | NA | NA,9,,0,not_reported,not_required,,1,False,True,True,,
14750410,2121336,CHEMBL3299024,CHEMBL3299024,FC(F)(F)Oc1cc2[nH]ncc2cc1-c1ccccc1C(F)(F)F,CHEMBL3299551,CHEMBL3297713,2014,36.0,nM,7.443697499232712,7.44,-0.0036974992327118983,calcium_fluorescence,cinnamaldehyde,cinnamaldehyde,,,CHO,,,,human | not_reported | calcium_fluorescence | cinnamaldehyde | NA | NA | CHO | NA | NA,9,,0,not_reported,not_required,,1,False,True,True,,
14750411,2121337,CHEMBL3299025,CHEMBL3299025,FC(F)Oc1cc2[nH]ncc2cc1-c1ccccc1C(F)(F)F,CHEMBL3299551,CHEMBL3297713,2014,50.0,nM,7.301029995663981,7.3,-0.0010299956639814312,calcium_fluorescence,cinnamaldehyde,cinnamaldehyde,,,CHO,,,,human | not_reported | calcium_fluorescence | cinnamaldehyde | NA | NA | CHO | NA | NA,9,,0,not_reported,not_required,,1,False,True,True,,
14750412,2121338,CHEMBL3299026,CHEMBL3299026,N#Cc1cc2[nH]ncc2cc1-c1ccccc1C(F)(F)F,CHEMBL3299551,CHEMBL3297713,2014,129.0,nM,6.889410289700751,6.89,0.0005897102992484804,calcium_fluorescence,cinnamaldehyde,cinnamaldehyde,,,CHO,,,,human | not_reported | calcium_fluorescence | cinnamaldehyde | NA | NA | CHO | NA | NA,9,,0,not_reported,not_required,,1,False,True,True,,
14750524,2120331,CHEMBL3298242,CHEMBL3298242,FC(F)(F)c1ccccc1-c1ccc2[nH]ncc2c1,CHEMBL3299560,CHEMBL3297713,2014,84.0,nM,7.075720713938118,7.08,0.004279286061882104,calcium_fluorescence,AITC,AITC,,,CHO,,,,human | not_reported | calcium_fluorescence | AITC | NA | NA | CHO | NA | NA,9,,0,not_reported,not_required,,1,False,True,True,,
14750526,2121200,CHEMBL3298923,CHEMBL3298923,Cc1cc2[nH]ncc2cc1-c1ccccc1C(F)(F)F,CHEMBL3299560,CHEMBL3297713,2014,18.0,nM,7.7447274948966935,7.75,0.005272505103306457,calcium_fluorescence,AITC,AITC,,,CHO,,,,human | not_reported | calcium_fluorescence | AITC | NA | NA | CHO | NA | NA,9,,0,not_reported,not_required,,1,False,True,True,,
14750528,2120331,CHEMBL3298242,CHEMBL3298242,FC(F)(F)c1ccccc1-c1ccc2[nH]ncc2c1,CHEMBL3299561,CHEMBL3297713,2014,550.0,nM,6.259637310505756,6.26,0.0003626894942438952,calcium_fluorescence,not specified,not specified,,,CHO,,,,human | not_reported | calcium_fluorescence | NA | NA | NA | CHO | NA | NA,9,,0,not_reported,not_required,,1,False,True,True,,
14750530,2121200,CHEMBL3298923,CHEMBL3298923,Cc1cc2[nH]ncc2cc1-c1ccccc1C(F)(F)F,CHEMBL3299561,CHEMBL3297713,2014,20.0,nM,7.698970004336019,7.7,0.0010299956639814312,calcium_fluorescence,not specified,not specified,,,CHO,,,,human | not_reported | calcium_fluorescence | NA | NA | NA | CHO | NA | NA,9,,0,not_reported,not_required,,1,False,True,True,,
14756278,2119772,CHEMBL3297778,CHEMBL3297778,Fc1ccc(Oc2nccc3[nH]ccc23)cc1,CHEMBL3300585,CHEMBL3297644,2014,310.0,nM,6.508638306165727,6.51,0.0013616938342728702,calcium_fluorescence,not specified,not specified,,,HEK293,,,,human | not_reported | calcium_fluorescence | NA | NA | NA | HEK293 | NA | NA,9,,0,not_reported,not_required,,1,False,True,True,,
14756279,2120954,CHEMBL3298760,CHEMBL3298760,Fc1ccc(Oc2nccc3[nH]ccc23)c(F)c1,CHEMBL3300585,CHEMBL3297644,2014,320.0,nM,6.494850021680094,6.5,0.005149978319906268,calcium_fluorescence,not specified,not specified,,,HEK293,,,,human | not_reported | calcium_fluorescence | NA | NA | NA | HEK293 | NA | NA,9,,0,not_reported,not_required,,1,False,True,True,,
14756280,2120428,CHEMBL3298322,CHEMBL3298322,COc1cc2ccnc(Oc3ccc(F)cc3)c2cc1OC,CHEMBL3300585,CHEMBL3297644,2014,330.0,nM,6.481486060122112,6.48,-0.0014860601221116099,calcium_fluorescence,not specified,not specified,,,HEK293,,,,human | not_reported | calcium_fluorescence | NA | NA | NA | HEK293 | NA | NA,9,,0,not_reported,not_required,,1,False,True,True,,
14756281,2120567,CHEMBL3298431,CHEMBL3298431,Fc1ccc(Oc2ncnc3[nH]ccc23)cc1,CHEMBL3300585,CHEMBL3297644,2014,410.0,nM,6.3872161432802645,6.39,0.002783856719735134,calcium_fluorescence,not specified,not specified,,,HEK293,,,,human | not_reported | calcium_fluorescence | NA | NA | NA | HEK293 | NA | NA,9,,0,not_reported,not_required,,1,False,True,True,,
14756282,2120730,CHEMBL3298584,CHEMBL3298584,Fc1ccc(Oc2ncnc3[nH]cc(Cl)c23)c(F)c1,CHEMBL3300585,CHEMBL3297644,2014,630.0,nM,6.200659450546418,6.2,-0.0006594505464176947,calcium_fluorescence,not specified,not specified,,,HEK293,,,,human | not_reported | calcium_fluorescence | NA | NA | NA | HEK293 | NA | NA,9,,0,not_reported,not_required,,1,False,True,True,,
14756283,2119876,CHEMBL3297861,CHEMBL3297861,COc1cc2ccnc(Oc3ccc(F)cc3F)c2cc1OC,CHEMBL3300585,CHEMBL3297644,2014,630.0,nM,6.200659450546418,6.2,-0.0006594505464176947,calcium_fluorescence,not specified,not specified,,,HEK293,,,,human | not_reported | calcium_fluorescence | NA | NA | NA | HEK293 | NA | NA,9,,0,not_reported,not_required,,1,False,True,True,,
14756284,2120728,CHEMBL3298582,CHEMBL3298582,Cc1c[nH]c2ncnc(Oc3ccc(F)cc3F)c12,CHEMBL3300585,CHEMBL3297644,2014,650.0,nM,6.187086643357144,6.19,0.0029133566428560798,calcium_fluorescence,not specified,not specified,,,HEK293,,,,human | not_reported | calcium_fluorescence | NA | NA | NA | HEK293 | NA | NA,9,,0,not_reported,not_required,,1,False,True,True,,
14756285,2120566,CHEMBL3298430,CHEMBL3298430,Fc1ccc(Oc2ncnc3[nH]ccc23)c(F)c1,CHEMBL3300585,CHEMBL3297644,2014,710.0,nM,6.1487416512809245,6.15,0.0012583487190758191,calcium_fluorescence,not specified,not specified,,,HEK293,,,,human | not_reported | calcium_fluorescence | NA | NA | NA | HEK293 | NA | NA,9,,0,not_reported,not_required,,1,False,True,True,,
14756286,2120845,CHEMBL3298690,CHEMBL3298690,Fc1ccc(Oc2cccc3[nH]ccc23)c(F)c1,CHEMBL3300585,CHEMBL3297644,2014,1100.0,nM,5.958607314841775,5.96,0.0013926851582253263,calcium_fluorescence,not specified,not specified,,,HEK293,,,,human | not_reported | calcium_fluorescence | NA | NA | NA | HEK293 | NA | NA,9,,0,not_reported,not_required,,1,False,True,True,,
14756287,2120955,CHEMBL3298761,CHEMBL3298761,Fc1ccc(Oc2nccc3ccoc23)c(F)c1,CHEMBL3300585,CHEMBL3297644,2014,1100.0,nM,5.958607314841775,5.96,0.0013926851582253263,calcium_fluorescence,not specified,not specified,,,HEK293,,,,human | not_reported | calcium_fluorescence | NA | NA | NA | HEK293 | NA | NA,9,,0,not_reported,not_required,,1,False,True,True,,
14756288,2120645,CHEMBL3298505,CHEMBL3298505,Cc1cc2c(Oc3ccc(F)cc3F)ncnc2[nH]1,CHEMBL3300585,CHEMBL3297644,2014,1200.0,nM,5.920818753952375,5.92,-0.0008187539523749621,calcium_fluorescence,not specified,not specified,,,HEK293,,,,human | not_reported | calcium_fluorescence | NA | NA | NA | HEK293 | NA | NA,9,,0,not_reported,not_required,,1,False,True,True,,
14756289,2119773,CHEMBL3297779,CHEMBL3297779,COc1cc2ncnc(Oc3ccc(F)cc3F)c2cc1OC,CHEMBL3300585,CHEMBL3297644,2014,1200.0,nM,5.920818753952375,5.92,-0.0008187539523749621,calcium_fluorescence,not specified,not specified,,,HEK293,,,,human | not_reported | calcium_fluorescence | NA | NA | NA | HEK293 | NA | NA,9,,0,not_reported,not_required,,1,False,True,True,,
14756291,2120300,CHEMBL3298211,CHEMBL3298211,COc1ccc2c(Oc3ccc(F)cc3F)nccc2c1,CHEMBL3300585,CHEMBL3297644,2014,1300.0,nM,5.886056647693163,5.89,0.003943352306836623,calcium_fluorescence,not specified,not specified,,,HEK293,,,,human | not_reported | calcium_fluorescence | NA | NA | NA | HEK293 | NA | NA,9,,0,not_reported,not_required,,1,False,True,True,,
14756292,2120729,CHEMBL3298583,CHEMBL3298583,CCc1c[nH]c2ncnc(Oc3ccc(F)cc3F)c12,CHEMBL3300585,CHEMBL3297644,2014,1600.0,nM,5.795880017344075,5.8,0.0041199826559248365,calcium_fluorescence,not specified,not specified,,,HEK293,,,,human | not_reported | calcium_fluorescence | NA | NA | NA | HEK293 | NA | NA,9,,0,not_reported,not_required,,1,False,True,True,,
14756300,2120727,CHEMBL3298581,CHEMBL3298581,Cc1[nH]c2ncnc(Oc3ccc(F)cc3F)c2c1C,CHEMBL3300585,CHEMBL3297644,2014,2000.0,nM,5.698970004336019,5.7,0.0010299956639814312,calcium_fluorescence,not specified,not specified,,,HEK293,,,,human | not_reported | calcium_fluorescence | NA | NA | NA | HEK293 | NA | NA,9,,0,not_reported,not_required,,1,False,True,True,,
14756303,2119771,CHEMBL3297777,CHEMBL3297777,Fc1ccc(Oc2nccc3occc23)c(F)c1,CHEMBL3300585,CHEMBL3297644,2014,2200.0,nM,5.657577319177793,5.66,0.0024226808222067575,calcium_fluorescence,not specified,not specified,,,HEK293,,,,human | not_reported | calcium_fluorescence | NA | NA | NA | HEK293 | NA | NA,9,,0,not_reported,not_required,,1,False,True,True,,
14756304,2120731,CHEMBL3298585,CHEMBL3298585,Fc1ccc(Oc2ncnc3[nH]cc(I)c23)c(F)c1,CHEMBL3300585,CHEMBL3297644,2014,2500.0,nM,5.6020599913279625,5.6,-0.0020599913279628623,calcium_fluorescence,not specified,not specified,,,HEK293,,,,human | not_reported | calcium_fluorescence | NA | NA | NA | HEK293 | NA | NA,9,,0,not_reported,not_required,,1,False,True,True,,
14756305,2120639,CHEMBL3298499,CHEMBL3298499,Fc1cccc(Oc2ncnc3[nH]ccc23)c1F,CHEMBL3300585,CHEMBL3297644,2014,2700.0,nM,5.568636235841012,5.57,0.00136376415898809,calcium_fluorescence,not specified,not specified,,,HEK293,,,,human | not_reported | calcium_fluorescence | NA | NA | NA | HEK293 | NA | NA,9,,0,not_reported,not_required,,1,False,True,True,,
14756306,2120640,CHEMBL3298500,CHEMBL3298500,Fc1ccc(Oc2ncnc3[nH]ccc23)cc1F,CHEMBL3300585,CHEMBL3297644,2014,3000.0,nM,5.522878745280337,5.52,-0.0028787452803378244,calcium_fluorescence,not specified,not specified,,,HEK293,,,,human | not_reported | calcium_fluorescence | NA | NA | NA | HEK293 | NA | NA,9,,0,not_reported,not_required,,1,False,True,True,,
14756307,2119774,CHEMBL3297780,CHEMBL3297780,COc1ccc2c(Oc3ccc(F)cc3F)ncnc2c1,CHEMBL3300585,CHEMBL3297644,2014,3000.0,nM,5.522878745280337,5.52,-0.0028787452803378244,calcium_fluorescence,not specified,not specified,,,HEK293,,,,human | not_reported | calcium_fluorescence | NA | NA | NA | HEK293 | NA | NA,9,,0,not_reported,not_required,,1,False,True,True,,
14756309,2120301,CHEMBL3298212,CHEMBL3298212,Fc1ccc(Oc2nccc3ccccc23)c(F)c1,CHEMBL3300585,CHEMBL3297644,2014,3100.0,nM,5.508638306165727,5.51,0.0013616938342728702,calcium_fluorescence,not specified,not specified,,,HEK293,,,,human | not_reported | calcium_fluorescence | NA | NA | NA | HEK293 | NA | NA,9,,0,not_reported,not_required,,1,False,True,True,,
14756310,2120568,CHEMBL3298432,CHEMBL3298432,c1ccc(Oc2ncnc3[nH]ccc23)cc1,CHEMBL3300585,CHEMBL3297644,2014,3200.0,nM,5.494850021680094,5.5,0.005149978319906268,calcium_fluorescence,not specified,not specified,,,HEK293,,,,human | not_reported | calcium_fluorescence | NA | NA | NA | HEK293 | NA | NA,9,,0,not_reported,not_required,,1,False,True,True,,
15036193,2271682,CHEMBL1939826,CHEMBL1939826,COCCCOc1cccc([C@H]2NC(=S)NC3=C2C(=O)c2ccccc23)c1,CHEMBL3363074,CHEMBL3352604,2014,26.0,nM,7.585026652029182,7.58,-0.005026652029181733,radiometric_calcium,AITC,AITC,,,,,,,human | not_reported | NA | AITC | NA | NA | NA | NA | NA,9,,0,not_reported,not_required,,1,False,True,True,,
15036195,2271680,CHEMBL3314490,CHEMBL3314490,S=C1Nc2c(oc3ncccc23)C(c2cccc(OCc3cccnc3)c2)N1,CHEMBL3363074,CHEMBL3352604,2014,940.0,nM,6.026872146400301,6.03,0.0031278535996994705,radiometric_calcium,AITC,AITC,,,,,,,human | not_reported | NA | AITC | NA | NA | NA | NA | NA,9,,0,not_reported,not_required,,1,False,True,True,,
15036196,2271679,CHEMBL3314489,CHEMBL3314489,COCCCOc1cccc([C@H]2NC(=S)Nc3c2oc2ncccc32)c1,CHEMBL3363074,CHEMBL3352604,2014,170.0,nM,6.769551078621726,6.77,0.00044892137827368117,radiometric_calcium,AITC,AITC,,,,,,,human | not_reported | NA | AITC | NA | NA | NA | NA | NA,9,,0,not_reported,not_required,,1,False,True,True,,
15036197,2271678,CHEMBL3314488,CHEMBL3314488,COCCCOc1cccc(C2NC(=S)Nc3c2oc2c(F)cccc32)c1,CHEMBL3363074,CHEMBL3352604,2014,200.0,nM,6.698970004336019,6.7,0.0010299956639814312,radiometric_calcium,AITC,AITC,,,,,,,human | not_reported | NA | AITC | NA | NA | NA | NA | NA,9,,0,not_reported,not_required,,1,False,True,True,,
15036198,2271677,CHEMBL3314487,CHEMBL3314487,COCCCOc1cccc([C@H]2NC(=S)Nc3c2oc2ccccc32)c1,CHEMBL3363074,CHEMBL3352604,2014,590.0,nM,6.229147988357855,6.23,0.0008520116421451007,radiometric_calcium,AITC,AITC,,,,,,,human | not_reported | NA | AITC | NA | NA | NA | NA | NA,9,,0,not_reported,not_required,,1,False,True,True,,
15036199,2271676,CHEMBL3314486,CHEMBL3314486,O=C1C2=C(NC(=S)NC2c2cccc(OCc3ccccn3)c2)c2ccccc21,CHEMBL3363074,CHEMBL3352604,2014,300.0,nM,6.522878745280337,6.52,-0.0028787452803378244,radiometric_calcium,AITC,AITC,,,,,,,human | not_reported | NA | AITC | NA | NA | NA | NA | NA,9,,0,not_reported,not_required,,1,False,True,True,,
15036200,2271675,CHEMBL3314485,CHEMBL3314485,O=C1C2=C(NC(=S)NC2c2cccc(OCc3cccnc3)c2)c2ccccc21,CHEMBL3363074,CHEMBL3352604,2014,710.0,nM,6.1487416512809245,6.15,0.0012583487190758191,radiometric_calcium,AITC,AITC,,,,,,,human | not_reported | NA | AITC | NA | NA | NA | NA | NA,9,,0,not_reported,not_required,,1,False,True,True,,
15036201,2271674,CHEMBL3314484,CHEMBL3314484,COCCCOc1cccc(C2NC(=S)NC3=C2C(=O)c2ccccc23)n1,CHEMBL3363074,CHEMBL3352604,2014,970.0,nM,6.013228265733755,6.01,-0.003228265733755009,radiometric_calcium,AITC,AITC,,,,,,,human | not_reported | NA | AITC | NA | NA | NA | NA | NA,9,,0,not_reported,not_required,,1,False,True,True,,
15036203,2271672,CHEMBL3314482,CHEMBL3314482,COCCCOc1cncc(C2NC(=S)NC3=C2C(=O)c2ccccc23)c1,CHEMBL3363074,CHEMBL3352604,2014,1200.0,nM,5.920818753952375,5.92,-0.0008187539523749621,radiometric_calcium,AITC,AITC,,,,,,,human | not_reported | NA | AITC | NA | NA | NA | NA | NA,9,,0,not_reported,not_required,,1,False,True,True,,
15036205,2271670,CHEMBL1939972,CHEMBL1939972,COCCCOc1cccc(C2NC(=S)NC3=C2C(=O)c2ccccc23)c1,CHEMBL3363074,CHEMBL3352604,2014,30.0,nM,7.522878745280337,7.52,-0.0028787452803378244,radiometric_calcium,AITC,AITC,,,,,,,human | not_reported | NA | AITC | NA | NA | NA | NA | NA,9,,0,not_reported,not_required,,1,False,True,True,,
15035361,2252695,CHEMBL3311175,CHEMBL3311175,O=C(Nc1cc(NCc2cccs2)cc(C(F)(F)F)c1)c1cccs1,CHEMBL3364861,CHEMBL3352245,2014,2700.0,nM,5.568636235841012,5.57,0.00136376415898809,calcium_fluorescence,not specified,not specified,,,HEK293,,,,human | not_reported | calcium_fluorescence | NA | NA | NA | HEK293 | NA | NA,9,,0,not_reported,not_required,,1,False,True,True,,
15035362,2252696,CHEMBL3311176,CHEMBL3311176,O=C(Nc1cc(NCc2ccccc2)cc(C(F)(F)F)c1)c1cccs1,CHEMBL3364861,CHEMBL3352245,2014,2900.0,nM,5.537602002101044,5.54,0.0023979978989556727,calcium_fluorescence,not specified,not specified,,,HEK293,,,,human | not_reported | calcium_fluorescence | NA | NA | NA | HEK293 | NA | NA,9,,0,not_reported,not_required,,1,False,True,True,,
15035363,2252697,CHEMBL3311177,CHEMBL3311177,O=C(Nc1cc(NCCc2ccccc2)cc(C(F)(F)F)c1)c1cccs1,CHEMBL3364861,CHEMBL3352245,2014,3900.0,nM,5.4089353929735005,5.41,0.0010646070264996865,calcium_fluorescence,not specified,not specified,,,HEK293,,,,human | not_reported | calcium_fluorescence | NA | NA | NA | HEK293 | NA | NA,9,,0,not_reported,not_required,,1,False,True,True,,
15035364,2252698,CHEMBL3311178,CHEMBL3311178,COC(=O)Nc1cc(NC(=O)c2cccs2)cc(C(F)(F)F)c1,CHEMBL3364861,CHEMBL3352245,2014,2300.0,nM,5.638272163982407,5.64,0.0017278360175927432,calcium_fluorescence,not specified,not specified,,,HEK293,,,,human | not_reported | calcium_fluorescence | NA | NA | NA | HEK293 | NA | NA,9,,0,not_reported,not_required,,1,False,True,True,,
15035366,2252700,CHEMBL3311180,CHEMBL3311180,CC(C)C(C)Nc1cc(NC(=O)c2cccs2)cc(C(F)(F)F)c1,CHEMBL3364861,CHEMBL3352245,2014,1300.0,nM,5.886056647693163,5.89,0.003943352306836623,calcium_fluorescence,not specified,not specified,,,HEK293,,,,human | not_reported | calcium_fluorescence | NA | NA | NA | HEK293 | NA | NA,9,,0,not_reported,not_required,,1,False,True,True,,
15035367,2252701,CHEMBL3311181,CHEMBL3311181,CC(C)CNc1cc(NC(=O)c2cccs2)cc(C(F)(F)F)c1,CHEMBL3364861,CHEMBL3352245,2014,790.0,nM,6.102372908709558,6.1,-0.00237290870955853,calcium_fluorescence,not specified,not specified,,,HEK293,,,,human | not_reported | calcium_fluorescence | NA | NA | NA | HEK293 | NA | NA,9,,0,not_reported,not_required,,1,False,True,True,,
15035368,2252702,CHEMBL3311182,CHEMBL3311182,CCCNc1cc(NC(=O)c2cccs2)cc(C(F)(F)F)c1,CHEMBL3364861,CHEMBL3352245,2014,390.0,nM,6.4089353929735005,6.41,0.0010646070264996865,calcium_fluorescence,not specified,not specified,,,HEK293,,,,human | not_reported | calcium_fluorescence | NA | NA | NA | HEK293 | NA | NA,9,,0,not_reported,not_required,,1,False,True,True,,
15035369,2252703,CHEMBL3311183,CHEMBL3311183,CC(C)Nc1cc(NC(=O)c2cccs2)cc(C(F)(F)F)c1,CHEMBL3364861,CHEMBL3352245,2014,290.0,nM,6.537602002101044,6.54,0.0023979978989556727,calcium_fluorescence,not specified,not specified,,,HEK293,,,,human | not_reported | calcium_fluorescence | NA | NA | NA | HEK293 | NA | NA,9,,0,not_reported,not_required,,1,False,True,True,,
15035370,2252704,CHEMBL3311184,CHEMBL3311184,CCCNc1cc(NC(=O)c2ccccc2)cc(C(F)(F)F)c1,CHEMBL3364861,CHEMBL3352245,2014,200.0,nM,6.698970004336019,6.7,0.0010299956639814312,calcium_fluorescence,not specified,not specified,,,HEK293,,,,human | not_reported | calcium_fluorescence | NA | NA | NA | HEK293 | NA | NA,9,,0,not_reported,not_required,,1,False,True,True,,
15035378,2252706,CHEMBL3311186,CHEMBL3311186,CCCNc1cc(NC(=O)c2cccnc2)cc(C(F)(F)F)c1,CHEMBL3364861,CHEMBL3352245,2014,940.0,nM,6.026872146400301,6.03,0.0031278535996994705,calcium_fluorescence,not specified,not specified,,,HEK293,,,,human | not_reported | calcium_fluorescence | NA | NA | NA | HEK293 | NA | NA,9,,0,not_reported,not_required,,1,False,True,True,,
15035379,2252707,CHEMBL3311187,CHEMBL3311187,CCCNc1cc(NC(=O)c2ccncc2)cc(C(F)(F)F)c1,CHEMBL3364861,CHEMBL3352245,2014,2600.0,nM,5.585026652029182,5.58,-0.005026652029181733,calcium_fluorescence,not specified,not specified,,,HEK293,,,,human | not_reported | calcium_fluorescence | NA | NA | NA | HEK293 | NA | NA,9,,0,not_reported,not_required,,1,False,True,True,,
15035380,2252708,CHEMBL3311188,CHEMBL3311188,CCCNc1cc(NC(=O)c2ccc(F)cc2)cc(C(F)(F)F)c1,CHEMBL3364861,CHEMBL3352245,2014,1400.0,nM,5.853871964321762,5.85,-0.003871964321762178,calcium_fluorescence,not specified,not specified,,,HEK293,,,,human | not_reported | calcium_fluorescence | NA | NA | NA | HEK293 | NA | NA,9,,0,not_reported,not_required,,1,False,True,True,,
15035381,2252709,CHEMBL3311189,CHEMBL3311189,CCCNc1cc(NC(=O)c2ccc(F)c(F)c2)cc(C(F)(F)F)c1,CHEMBL3364861,CHEMBL3352245,2014,1200.0,nM,5.920818753952375,5.92,-0.0008187539523749621,calcium_fluorescence,not specified,not specified,,,HEK293,,,,human | not_reported | calcium_fluorescence | NA | NA | NA | HEK293 | NA | NA,9,,0,not_reported,not_required,,1,False,True,True,,
15035382,2252710,CHEMBL3311190,CHEMBL3311190,CCCNc1cc(NC(=O)c2c(F)cccc2F)cc(C(F)(F)F)c1,CHEMBL3364861,CHEMBL3352245,2014,110.0,nM,6.958607314841775,6.96,0.0013926851582253263,calcium_fluorescence,not specified,not specified,,,HEK293,,,,human | not_reported | calcium_fluorescence | NA | NA | NA | HEK293 | NA | NA,9,,0,not_reported,not_required,,1,False,True,True,,
15035390,2252712,CHEMBL3311192,CHEMBL3311192,CCNc1cc(NC(=O)c2c(F)cccc2F)cc(C(F)(F)F)c1,CHEMBL3364861,CHEMBL3352245,2014,74.0,nM,7.130768280269024,7.13,-0.0007682802690238688,calcium_fluorescence,not specified,not specified,,,HEK293,,,,human | not_reported | calcium_fluorescence | NA | NA | NA | HEK293 | NA | NA,9,,0,not_reported,not_required,,1,False,True,True,,
15035394,2252713,CHEMBL3309280,CHEMBL3309280,CC(C)Nc1cc(NC(=O)c2c(F)cccc2F)cc(C(F)(F)F)c1,CHEMBL3364861,CHEMBL3352245,2014,91.0,nM,7.040958607678906,7.04,-0.0009586076789060982,calcium_fluorescence,not specified,not specified,,,HEK293,,,,human | not_reported | calcium_fluorescence | NA | NA | NA | HEK293 | NA | NA,9,,0,not_reported,not_required,,1,False,True,True,,
15035401,2252716,CHEMBL3311195,CHEMBL3311195,CCCNc1cc(C)cc(NC(=O)c2c(F)cccc2F)c1,CHEMBL3364861,CHEMBL3352245,2014,1900.0,nM,5.721246399047171,5.72,-0.001246399047171387,calcium_fluorescence,not specified,not specified,,,HEK293,,,,human | not_reported | calcium_fluorescence | NA | NA | NA | HEK293 | NA | NA,9,,0,not_reported,not_required,,1,False,True,True,,
16436129,2746174,CHEMBL3753909,CHEMBL3753909,Cc1cc(S(=O)(=O)N2[C@H](CO)CC[C@@H]2c2ccc(F)cc2)cc(C)c1F,CHEMBL3757221,CHEMBL3751794,2016,63.0,nM,7.200659450546418,7.2,-0.0006594505464176947,unknown,not specified,not specified,,,,,,,human | not_reported | NA | NA | NA | NA | NA | NA | NA,9,,0,not_reported,not_required,,1,False,True,True,,
16436130,2746173,CHEMBL3753942,CHEMBL3753942,Cc1cc(S(=O)(=O)N2CC(F)(F)C[C@@H]2c2ccc(F)cc2)cc(C)c1F,CHEMBL3757221,CHEMBL3751794,2016,23.0,nM,7.638272163982407,7.64,0.0017278360175927432,unknown,not specified,not specified,,,,,,,human | not_reported | NA | NA | NA | NA | NA | NA | NA,9,,0,not_reported,not_required,,1,False,True,True,,
16436131,2746172,CHEMBL3752895,CHEMBL3752895,Cc1cc(S(=O)(=O)N2C[C@H](F)C[C@@H]2c2ccc(F)cc2)cc(C)c1F,CHEMBL3757221,CHEMBL3751794,2016,380.0,nM,6.42021640338319,6.42,-0.0002164033831899559,unknown,not specified,not specified,,,,,,,human | not_reported | NA | NA | NA | NA | NA | NA | NA,9,,0,not_reported,not_required,,1,False,True,True,,
16436132,2746171,CHEMBL3754638,CHEMBL3754638,Cc1cc(S(=O)(=O)N2CC[C@@H](F)[C@@H]2c2ccc(F)cc2)cc(C)c1F,CHEMBL3757221,CHEMBL3751794,2016,20.0,nM,7.698970004336019,7.7,0.0010299956639814312,unknown,not specified,not specified,,,,,,,human | not_reported | NA | NA | NA | NA | NA | NA | NA,9,,0,not_reported,not_required,,1,False,True,True,,
16436133,2746170,CHEMBL3754351,CHEMBL3754351,Cc1cc(S(=O)(=O)N2CCC[C@@H]2c2ccc(F)cc2)cc(C)c1F,CHEMBL3757221,CHEMBL3751794,2016,110.0,nM,6.958607314841775,6.96,0.0013926851582253263,unknown,not specified,not specified,,,,,,,human | not_reported | NA | NA | NA | NA | NA | NA | NA,9,,0,not_reported,not_required,,1,False,True,True,,
16436154,2746175,CHEMBL3752891,CHEMBL3752891,COC[C@@H]1CC[C@H](c2ccc(F)cc2)N1S(=O)(=O)c1cc(C)c(F)c(C)c1,CHEMBL3757221,CHEMBL3751794,2016,270.0,nM,6.568636235841012,6.57,0.00136376415898809,unknown,not specified,not specified,,,,,,,human | not_reported | NA | NA | NA | NA | NA | NA | NA,9,,0,not_reported,not_required,,1,False,True,True,,
16436161,2746182,CHEMBL3752638,CHEMBL3752638,Cc1cc(CN2[C@H](CO)CC[C@@H]2c2ccc(F)cc2)cc(C)c1F,CHEMBL3757221,CHEMBL3751794,2016,6700.0,nM,5.173925197299173,5.17,-0.003925197299173178,unknown,not specified,not specified,,,,,,,human | not_reported | NA | NA | NA | NA | NA | NA | NA,9,,0,not_reported,not_required,,1,False,True,True,,
16436163,2746184,CHEMBL3754617,CHEMBL3754617,Cc1cc(C)cc(S(=O)(=O)N2[C@H](CO)CC[C@@H]2c2ccc(F)cc2)c1,CHEMBL3757221,CHEMBL3751794,2016,290.0,nM,6.537602002101044,6.54,0.0023979978989556727,unknown,not specified,not specified,,,,,,,human | not_reported | NA | NA | NA | NA | NA | NA | NA,9,,0,not_reported,not_required,,1,False,True,True,,
16436164,2746185,CHEMBL3752532,CHEMBL3752532,Cc1cc(S(=O)(=O)N2[C@H](CO)CC[C@@H]2c2ccc(F)cc2)ccc1F,CHEMBL3757221,CHEMBL3751794,2016,190.0,nM,6.721246399047171,6.72,-0.001246399047171387,unknown,not specified,not specified,,,,,,,human | not_reported | NA | NA | NA | NA | NA | NA | NA,9,,0,not_reported,not_required,,1,False,True,True,,
16436165,2746186,CHEMBL3754794,CHEMBL3754794,O=S(=O)(c1ccc(F)cc1)N1CCC[C@@H]1c1ccc(F)cc1,CHEMBL3757221,CHEMBL3751794,2016,6600.0,nM,5.180456064458131,5.18,-0.0004560644581310669,unknown,not specified,not specified,,,,,,,human | not_reported | NA | NA | NA | NA | NA | NA | NA,9,,0,not_reported,not_required,,1,False,True,True,,
16436166,2746187,CHEMBL3754449,CHEMBL3754449,Cc1cc(S(=O)(=O)N2[C@H](CO)CC[C@@H]2c2ccc(F)cc2)cc(Cl)c1F,CHEMBL3757221,CHEMBL3751794,2016,130.0,nM,6.886056647693163,6.89,0.003943352306836623,unknown,not specified,not specified,,,,,,,human | not_reported | NA | NA | NA | NA | NA | NA | NA,9,,0,not_reported,not_required,,1,False,True,True,,
16436167,2746188,CHEMBL3753452,CHEMBL3753452,O=S(=O)(c1cc(Cl)c(F)c(Cl)c1)N1[C@H](CO)CC[C@@H]1c1ccc(F)cc1,CHEMBL3757221,CHEMBL3751794,2016,110.0,nM,6.958607314841775,6.96,0.0013926851582253263,unknown,not specified,not specified,,,,,,,human | not_reported | NA | NA | NA | NA | NA | NA | NA,9,,0,not_reported,not_required,,1,False,True,True,,
16436168,2746189,CHEMBL3754445,CHEMBL3754445,O=S(=O)(c1cc(Cl)c(F)c(Cl)c1)N1CCC[C@@H]1c1ccc(F)cc1,CHEMBL3757221,CHEMBL3751794,2016,350.0,nM,6.455931955649724,6.46,0.004068044350275635,unknown,not specified,not specified,,,,,,,human | not_reported | NA | NA | NA | NA | NA | NA | NA,9,,0,not_reported,not_required,,1,False,True,True,,
16433391,2744716,CHEMBL2387063,CHEMBL2387063,COc1ccc(/C=C/c2ccccc2)cc1,CHEMBL3757748,CHEMBL3751759,2016,12100.0,nM,4.91721462968355,4.92,0.0027853703164497645,calcium_fluorescence,AITC,AITC,,,HEK293,,,,human | not_reported | NA | AITC | NA | NA | HEK293 | NA | NA,9,,0,not_reported,not_required,,1,False,True,True,,
16535305,2766356,CHEMBL3787204,CHEMBL3787204,Cc1cccc2c(=O)n(CC(=O)NCCc3ccc(OC(F)F)cc3)cnc12,CHEMBL3789590,CHEMBL3784976,2016,685.0,nM,6.164309428507575,6.16,-0.004309428507574431,calcium_fluorescence,AITC,AITC,,,CHO,,,,human | not_reported | calcium_fluorescence | AITC | NA | NA | CHO | NA | NA,9,,0,not_reported,not_required,,1,False,True,True,,
16535908,2766360,CHEMBL3787010,CHEMBL3787010,Cc1cccc2c(=O)n(CC(=O)NCCc3ccc(Cl)cc3)cnc12,CHEMBL3789590,CHEMBL3784976,2016,802.0,nM,6.095825631715837,6.1,0.004174368284163066,calcium_fluorescence,AITC,AITC,,,CHO,,,,human | not_reported | calcium_fluorescence | AITC | NA | NA | CHO | NA | NA,9,,0,not_reported,not_required,,1,False,True,True,,
16535911,2767017,CHEMBL3786110,CHEMBL3786110,Cc1ccc2ncn(CC(=O)NCCc3ccc(Cl)cc3)c(=O)c2c1,CHEMBL3789590,CHEMBL3784976,2016,265.0,nM,6.576754126063192,6.58,0.0032458739368079748,calcium_fluorescence,AITC,AITC,,,CHO,,,,human | not_reported | calcium_fluorescence | AITC | NA | NA | CHO | NA | NA,9,,0,not_reported,not_required,,1,False,True,True,,
16535912,2767018,CHEMBL3787125,CHEMBL3787125,Cc1cccc2ncn(CC(=O)NCCc3ccc(Cl)cc3)c(=O)c12,CHEMBL3789590,CHEMBL3784976,2016,70.0,nM,7.154901959985743,7.16,0.005098040014257066,calcium_fluorescence,AITC,AITC,,,CHO,,,,human | not_reported | calcium_fluorescence | AITC | NA | NA | CHO | NA | NA,9,,0,not_reported,not_required,,1,False,True,True,,
16535913,2767019,CHEMBL3786619,CHEMBL3786619,O=C(Cn1cnc2c(C(F)(F)F)cccc2c1=O)NCCc1ccc(Cl)cc1,CHEMBL3789590,CHEMBL3784976,2016,286.0,nM,6.543633966870956,6.54,-0.0036339668709564066,calcium_fluorescence,AITC,AITC,,,CHO,,,,human | not_reported | calcium_fluorescence | AITC | NA | NA | CHO | NA | NA,9,,0,not_reported,not_required,,1,False,True,True,,
16535914,2767020,CHEMBL3787443,CHEMBL3787443,O=C(Cn1cnc2c(F)cccc2c1=O)NCCc1ccc(Cl)cc1,CHEMBL3789590,CHEMBL3784976,2016,1330.0,nM,5.876148359032914,5.88,0.003851640967085679,calcium_fluorescence,AITC,AITC,,,CHO,,,,human | not_reported | calcium_fluorescence | AITC | NA | NA | CHO | NA | NA,9,,0,not_reported,not_required,,1,False,True,True,,
16535915,2767021,CHEMBL3786836,CHEMBL3786836,COc1cccc2c(=O)n(CC(=O)NCCc3ccc(Cl)cc3)cnc12,CHEMBL3789590,CHEMBL3784976,2016,1460.0,nM,5.835647144215563,5.84,0.004352855784437004,calcium_fluorescence,AITC,AITC,,,CHO,,,,human | not_reported | calcium_fluorescence | AITC | NA | NA | CHO | NA | NA,9,,0,not_reported,not_required,,1,False,True,True,,
16535916,2767022,CHEMBL3787289,CHEMBL3787289,N#Cc1cccc2c(=O)n(CC(=O)NCCc3ccc(Cl)cc3)cnc12,CHEMBL3789590,CHEMBL3784976,2016,201.0,nM,6.6968039425795105,6.7,0.003196057420489673,calcium_fluorescence,AITC,AITC,,,CHO,,,,human | not_reported | calcium_fluorescence | AITC | NA | NA | CHO | NA | NA,9,,0,not_reported,not_required,,1,False,True,True,,
16535917,2767023,CHEMBL3785649,CHEMBL3785649,O=C(Cn1cnc2ncccc2c1=O)NCCc1ccc(Cl)cc1,CHEMBL3789590,CHEMBL3784976,2016,1180.0,nM,5.928117992693874,5.93,0.0018820073061256437,calcium_fluorescence,AITC,AITC,,,CHO,,,,human | not_reported | calcium_fluorescence | AITC | NA | NA | CHO | NA | NA,9,,0,not_reported,not_required,,1,False,True,True,,
16535918,2767024,CHEMBL3786811,CHEMBL3786811,O=C(Cn1cnc2cnccc2c1=O)NCCc1ccc(Cl)cc1,CHEMBL3789590,CHEMBL3784976,2016,1710.0,nM,5.767003889607846,5.77,0.002996110392153639,calcium_fluorescence,AITC,AITC,,,CHO,,,,human | not_reported | calcium_fluorescence | AITC | NA | NA | CHO | NA | NA,9,,0,not_reported,not_required,,1,False,True,True,,
16535919,2767025,CHEMBL3787566,CHEMBL3787566,O=c1c2cccnc2ncn1Cc1noc(CCc2ccc(Cl)cc2)n1,CHEMBL3789590,CHEMBL3784976,2016,156.0,nM,6.806875401645538,6.81,0.0031245983544616607,calcium_fluorescence,AITC,AITC,,,CHO,,,,human | not_reported | calcium_fluorescence | AITC | NA | NA | CHO | NA | NA,9,,0,not_reported,not_required,,1,False,True,True,,
16535920,2767026,CHEMBL3785110,CHEMBL3785110,O=c1c2cccnc2ncn1Cc1nc(CCc2ccc(Cl)cc2)no1,CHEMBL3789590,CHEMBL3784976,2016,41.0,nM,7.3872161432802645,7.39,0.002783856719735134,calcium_fluorescence,AITC,AITC,,,CHO,,,,human | not_reported | calcium_fluorescence | AITC | NA | NA | CHO | NA | NA,9,,0,not_reported,not_required,,1,False,True,True,,
16535921,2767027,CHEMBL3787328,CHEMBL3787328,O=c1c2cccnc2ncn1Cc1nnc(CCc2ccc(Cl)cc2)o1,CHEMBL3789590,CHEMBL3784976,2016,2180.0,nM,5.661543506395395,5.66,-0.0015435063953948003,calcium_fluorescence,AITC,AITC,,,CHO,,,,human | not_reported | calcium_fluorescence | AITC | NA | NA | CHO | NA | NA,9,,0,not_reported,not_required,,1,False,True,True,,
16535922,2767028,CHEMBL3785216,CHEMBL3785216,O=c1c2ccnnc2ncn1Cc1nc(CCc2ccc(Cl)cc2)no1,CHEMBL3789590,CHEMBL3784976,2016,136.0,nM,6.866461091629782,6.87,0.0035389083702179747,calcium_fluorescence,AITC,AITC,,,CHO,,,,human | not_reported | calcium_fluorescence | AITC | NA | NA | CHO | NA | NA,9,,0,not_reported,not_required,,1,False,True,True,,
16535923,2767029,CHEMBL3786810,CHEMBL3786810,O=c1c2cncnc2ncn1Cc1nc(CCc2ccc(Cl)cc2)no1,CHEMBL3789590,CHEMBL3784976,2016,153.0,nM,6.815308569182401,6.82,0.004691430817599596,calcium_fluorescence,AITC,AITC,,,CHO,,,,human | not_reported | calcium_fluorescence | AITC | NA | NA | CHO | NA | NA,9,,0,not_reported,not_required,,1,False,True,True,,
16535924,2767030,CHEMBL3786920,CHEMBL3786920,O=c1c2nccnc2ncn1Cc1nc(CCc2ccc(Cl)cc2)no1,CHEMBL3789590,CHEMBL3784976,2016,918.0,nM,6.037157318798758,6.04,0.002842681201242314,calcium_fluorescence,AITC,AITC,,,CHO,,,,human | not_reported | calcium_fluorescence | AITC | NA | NA | CHO | NA | NA,9,,0,not_reported,not_required,,1,False,True,True,,
16535925,2767031,CHEMBL3787249,CHEMBL3787249,Cc1ccnc2ncn(Cc3nc(CCc4ccc(Cl)cc4)no3)c(=O)c12,CHEMBL3789590,CHEMBL3784976,2016,16.0,nM,7.795880017344075,7.8,0.0041199826559248365,calcium_fluorescence,AITC,AITC,,,CHO,,,,human | not_reported | calcium_fluorescence | AITC | NA | NA | CHO | NA | NA,9,,0,not_reported,not_required,,1,False,True,True,,
16535926,2767032,CHEMBL3785736,CHEMBL3785736,Cn1cnc2ncn(Cc3nc(CCc4ccc(Cl)cc4)no3)c(=O)c21,CHEMBL3789590,CHEMBL3784976,2016,20.0,nM,7.698970004336019,7.7,0.0010299956639814312,calcium_fluorescence,AITC,AITC,,,CHO,,,,human | not_reported | calcium_fluorescence | AITC | NA | NA | CHO | NA | NA,9,,0,not_reported,not_required,,1,False,True,True,,
16535927,2767033,CHEMBL3785390,CHEMBL3785390,Cn1cnc2ncn(Cc3noc(CCc4ccc(Cl)cc4)n3)c(=O)c21,CHEMBL3789590,CHEMBL3784976,2016,211.0,nM,6.675717544702307,6.68,0.004282455297692778,calcium_fluorescence,AITC,AITC,,,CHO,,,,human | not_reported | calcium_fluorescence | AITC | NA | NA | CHO | NA | NA,9,,0,not_reported,not_required,,1,False,True,True,,
16535928,2767034,CHEMBL3786037,CHEMBL3786037,Cn1ncc2ncn(Cc3nc(CCc4ccc(Cl)cc4)no3)c(=O)c21,CHEMBL3789590,CHEMBL3784976,2016,52.0,nM,7.2839966563652006,7.28,-0.003996656365200302,calcium_fluorescence,AITC,AITC,,,CHO,,,,human | not_reported | calcium_fluorescence | AITC | NA | NA | CHO | NA | NA,9,,0,not_reported,not_required,,1,False,True,True,,
16535929,2767035,CHEMBL3787097,CHEMBL3787097,O=c1c2cccnc2ncn1Cc1nc(CCc2ccc(Cl)nc2)no1,CHEMBL3789590,CHEMBL3784976,2016,2120.0,nM,5.673664139071249,5.67,-0.003664139071249295,calcium_fluorescence,AITC,AITC,,,CHO,,,,human | not_reported | calcium_fluorescence | AITC | NA | NA | CHO | NA | NA,9,,0,not_reported,not_required,,1,False,True,True,,
16535930,2767036,CHEMBL3786639,CHEMBL3786639,O=c1c2cccnc2ncn1Cc1nc(CC(O)c2ccc(Cl)cc2)no1,CHEMBL3789590,CHEMBL3784976,2016,58.0,nM,7.236572006437063,7.24,0.003427993562937104,calcium_fluorescence,AITC,AITC,,,CHO,,,,human | not_reported | calcium_fluorescence | AITC | NA | NA | CHO | NA | NA,9,,0,not_reported,not_required,,1,False,True,True,,
16535931,2767037,CHEMBL3785133,CHEMBL3785133,O=c1c2cccnc2ncn1Cc1nc(CC(F)c2ccc(Cl)cc2)no1,CHEMBL3789590,CHEMBL3784976,2016,41.0,nM,7.3872161432802645,7.39,0.002783856719735134,calcium_fluorescence,AITC,AITC,,,CHO,,,,human | not_reported | calcium_fluorescence | AITC | NA | NA | CHO | NA | NA,9,,0,not_reported,not_required,,1,False,True,True,,
16535932,2767038,CHEMBL3787353,CHEMBL3787353,CC(Cc1nc(Cn2cnc3ncccc3c2=O)no1)c1ccc(Cl)cc1,CHEMBL3789590,CHEMBL3784976,2016,150.0,nM,6.823908740944319,6.82,-0.003908740944318367,calcium_fluorescence,AITC,AITC,,,CHO,,,,human | not_reported | calcium_fluorescence | AITC | NA | NA | CHO | NA | NA,9,,0,not_reported,not_required,,1,False,True,True,,
16535933,2767039,CHEMBL3787029,CHEMBL3787029,O=c1c2cccnc2ncn1Cc1noc(/C=C/c2ccc(Cl)cc2)n1,CHEMBL3789590,CHEMBL3784976,2016,933.0,nM,6.0301183562534995,6.03,-0.00011835625349920775,calcium_fluorescence,AITC,AITC,,,CHO,,,,human | not_reported | calcium_fluorescence | AITC | NA | NA | CHO | NA | NA,9,,0,not_reported,not_required,,1,False,True,True,,
16535934,2767040,CHEMBL3787359,CHEMBL3787359,C/C(=C\c1nc(Cn2cnc3ncccc3c2=O)no1)c1ccc(Cl)cc1,CHEMBL3789590,CHEMBL3784976,2016,116.0,nM,6.935542010773082,6.94,0.004457989226918535,calcium_fluorescence,AITC,AITC,,,CHO,,,,human | not_reported | calcium_fluorescence | AITC | NA | NA | CHO | NA | NA,9,,0,not_reported,not_required,,1,False,True,True,,
16535935,2767041,CHEMBL3786010,CHEMBL3786010,C/C(=C\c1nc(Cn2cnc3ncn(C)c3c2=O)no1)c1ccc(Cl)cc1,CHEMBL3789590,CHEMBL3784976,2016,165.0,nM,6.782516055786093,6.78,-0.002516055786093041,calcium_fluorescence,AITC,AITC,,,CHO,,,,human | not_reported | calcium_fluorescence | AITC | NA | NA | CHO | NA | NA,9,,0,not_reported,not_required,,1,False,True,True,,
16535936,2767042,CHEMBL3786508,CHEMBL3786508,C/C(=C\c1noc(Cn2cnc3ncn(C)c3c2=O)n1)c1ccc(Cl)cc1,CHEMBL3789590,CHEMBL3784976,2016,71.0,nM,7.1487416512809245,7.15,0.0012583487190758191,calcium_fluorescence,AITC,AITC,,,CHO,,,,human | not_reported | calcium_fluorescence | AITC | NA | NA | CHO | NA | NA,9,,0,not_reported,not_required,,1,False,True,True,,
16536050,2766356,CHEMBL3787204,CHEMBL3787204,Cc1cccc2c(=O)n(CC(=O)NCCc3ccc(OC(F)F)cc3)cnc12,CHEMBL3791636,CHEMBL3784976,2016,6270.0,nM,5.202732459169283,5.2,-0.002732459169282997,radiometric_calcium,AITC,AITC,,,CHO,,,,human | not_reported | NA | AITC | NA | NA | CHO | NA | NA,9,,0,not_reported,not_required,,1,False,True,True,,
16536051,2767025,CHEMBL3787566,CHEMBL3787566,O=c1c2cccnc2ncn1Cc1noc(CCc2ccc(Cl)cc2)n1,CHEMBL3791636,CHEMBL3784976,2016,1580.0,nM,5.801342913045577,5.8,-0.0013429130455770988,radiometric_calcium,AITC,AITC,,,CHO,,,,human | not_reported | NA | AITC | NA | NA | CHO | NA | NA,9,,0,not_reported,not_required,,1,False,True,True,,
16536052,2767026,CHEMBL3785110,CHEMBL3785110,O=c1c2cccnc2ncn1Cc1nc(CCc2ccc(Cl)cc2)no1,CHEMBL3791636,CHEMBL3784976,2016,376.0,nM,6.424812155072339,6.42,-0.00481215507233923,radiometric_calcium,AITC,AITC,,,CHO,,,,human | not_reported | NA | AITC | NA | NA | CHO | NA | NA,9,,0,not_reported,not_required,,1,False,True,True,,
16536053,2767032,CHEMBL3785736,CHEMBL3785736,Cn1cnc2ncn(Cc3nc(CCc4ccc(Cl)cc4)no3)c(=O)c21,CHEMBL3791636,CHEMBL3784976,2016,131.0,nM,6.882728704344236,6.88,-0.002728704344235666,radiometric_calcium,AITC,AITC,,,CHO,,,,human | not_reported | NA | AITC | NA | NA | CHO | NA | NA,9,,0,not_reported,not_required,,1,False,True,True,,
16536054,2767036,CHEMBL3786639,CHEMBL3786639,O=c1c2cccnc2ncn1Cc1nc(CC(O)c2ccc(Cl)cc2)no1,CHEMBL3791636,CHEMBL3784976,2016,251.0,nM,6.600326278518962,6.6,-0.00032627851896194215,radiometric_calcium,AITC,AITC,,,CHO,,,,human | not_reported | NA | AITC | NA | NA | CHO | NA | NA,9,,0,not_reported,not_required,,1,False,True,True,,
16536055,2767040,CHEMBL3787359,CHEMBL3787359,C/C(=C\c1nc(Cn2cnc3ncccc3c2=O)no1)c1ccc(Cl)cc1,CHEMBL3791636,CHEMBL3784976,2016,85.0,nM,7.070581074285707,7.07,-0.0005810742857068618,radiometric_calcium,AITC,AITC,,,CHO,,,,human | not_reported | NA | AITC | NA | NA | CHO | NA | NA,9,,0,not_reported,not_required,,1,False,True,True,,
16536056,2767042,CHEMBL3786508,CHEMBL3786508,C/C(=C\c1noc(Cn2cnc3ncn(C)c3c2=O)n1)c1ccc(Cl)cc1,CHEMBL3791636,CHEMBL3784976,2016,63.0,nM,7.200659450546418,7.2,-0.0006594505464176947,radiometric_calcium,AITC,AITC,,,CHO,,,,human | not_reported | NA | AITC | NA | NA | CHO | NA | NA,9,,0,not_reported,not_required,,1,False,True,True,,
16743319,2798574,CHEMBL3983430,CHEMBL3983430,O=C(NCC(Cc1ccc(Br)cc1)N1CCC(O)(C(F)(F)F)CC1)C1(c2ccc(Cl)cc2)CCCC1,CHEMBL3858029,CHEMBL3856226,2016,12.0,nM,7.920818753952375,7.92,-0.0008187539523749621,electrophysiology,cinnamaldehyde,cinnamaldehyde,,,,,,,human | not_reported | electrophysiology | cinnamaldehyde | NA | NA | NA | NA | NA,9,,0,not_reported,not_required,,1,False,True,True,,
16743320,2798573,CHEMBL3954796,CHEMBL3954796,N#Cc1ccc(CC(CNC(=O)C2(c3ccc(Cl)cc3)CCCC2)N2CCC(O)(C(F)(F)F)CC2)cc1,CHEMBL3858029,CHEMBL3856226,2016,63.0,nM,7.200659450546418,7.2,-0.0006594505464176947,electrophysiology,cinnamaldehyde,cinnamaldehyde,,,,,,,human | not_reported | electrophysiology | cinnamaldehyde | NA | NA | NA | NA | NA,9,,0,not_reported,not_required,,1,False,True,True,,
16743321,2798572,CHEMBL3907685,CHEMBL3907685,O=C(NCC(Cc1ccccc1)N1CCC(O)(C(F)(F)F)CC1)C1(c2ccc(Cl)cc2)CCCC1,CHEMBL3858029,CHEMBL3856226,2016,1.0,nM,9.0,9.0,0.0,electrophysiology,cinnamaldehyde,cinnamaldehyde,,,,,,,human | not_reported | electrophysiology | cinnamaldehyde | NA | NA | NA | NA | NA,9,,0,not_reported,not_required,,1,False,True,True,,
16743322,2798575,CHEMBL3982480,CHEMBL3982480,O=C(NCC(Cc1ccccc1)N1CCC(O)(C(F)(F)F)CC1)C1(c2ccc(F)cc2)CCCCC1,CHEMBL3858029,CHEMBL3856226,2016,4.0,nM,8.397940008672037,8.4,0.0020599913279628623,electrophysiology,cinnamaldehyde,cinnamaldehyde,,,,,,,human | not_reported | electrophysiology | cinnamaldehyde | NA | NA | NA | NA | NA,9,,0,not_reported,not_required,,1,False,True,True,,
16743323,2798576,CHEMBL3912566,CHEMBL3912566,O=C(NCC(Cc1ccccc1)N1CCC(O)(C(F)(F)F)CC1)C1(c2ccc(Cl)cc2)CC1,CHEMBL3858029,CHEMBL3856226,2016,14.0,nM,7.853871964321762,7.85,-0.003871964321762178,electrophysiology,cinnamaldehyde,cinnamaldehyde,,,,,,,human | not_reported | electrophysiology | cinnamaldehyde | NA | NA | NA | NA | NA,9,,0,not_reported,not_required,,1,False,True,True,,
16743324,2798577,CHEMBL3974466,CHEMBL3974466,O=C(NCC(Cc1ccccc1)N1CCC(C(F)(F)F)CC1)C1(c2ccc(Cl)cc2)CCCC1,CHEMBL3858029,CHEMBL3856226,2016,7.0,nM,8.154901959985743,8.15,-0.004901959985742721,electrophysiology,cinnamaldehyde,cinnamaldehyde,,,,,,,human | not_reported | electrophysiology | cinnamaldehyde | NA | NA | NA | NA | NA,9,,0,not_reported,not_required,,1,False,True,True,,
16743325,2798578,CHEMBL3903533,CHEMBL3903533,O=C(NCC(Cc1ccc(F)cc1)N1CCC(O)(C(F)(F)F)CC1)C1(c2ccc(Cl)cc2)CC1,CHEMBL3858029,CHEMBL3856226,2016,2.0,nM,8.698970004336019,8.7,0.001029995663980543,electrophysiology,cinnamaldehyde,cinnamaldehyde,,,,,,,human | not_reported | electrophysiology | cinnamaldehyde | NA | NA | NA | NA | NA,9,,0,not_reported,not_required,,1,False,True,True,,
16743326,2798579,CHEMBL3928226,CHEMBL3928226,CC(C)(C(=O)NCC(Cc1ccccc1)N1CCC(O)(C(F)(F)F)CC1)c1ccccc1,CHEMBL3858029,CHEMBL3856226,2016,43.0,nM,7.366531544420414,7.37,0.003468455579586305,electrophysiology,cinnamaldehyde,cinnamaldehyde,,,,,,,human | not_reported | electrophysiology | cinnamaldehyde | NA | NA | NA | NA | NA,9,,0,not_reported,not_required,,1,False,True,True,,
18105437,3002477,CHEMBL4064244,CHEMBL4064244,Oc1ccc(/C=C/c2cc(Br)c(O)c(Br)c2)cc1,CHEMBL4022611,CHEMBL4020807,2017,16100.0,nM,4.79317412396815,4.79,-0.0031741239681499778,calcium_fluorescence,AITC,AITC,,,HEK293,,,,human | not_reported | calcium_fluorescence | AITC | NA | NA | HEK293 | NA | NA,9,,0,not_reported,not_required,,1,False,True,True,,
18105526,3002461,CHEMBL165,CHEMBL165,Oc1ccc(/C=C/c2cc(O)cc(O)c2)cc1,CHEMBL4022625,CHEMBL4020807,2017,750.0,nM,6.1249387366083,6.12,-0.0049387366082997985,electrophysiology,AITC,AITC,,,HEK293,,,,human | not_reported | electrophysiology | AITC | NA | NA | HEK293 | NA | NA,9,,0,not_reported,not_required,,1,False,True,True,,
18105527,3002462,CHEMBL2387060,CHEMBL2387060,Oc1ccccc1/C=C/c1ccccc1,CHEMBL4022626,CHEMBL4020807,2017,1700.0,nM,5.769551078621726,5.77,0.00044892137827368117,unknown,not specified,not specified,,,,,,,human | not_reported | NA | NA | NA | NA | NA | NA | NA,9,,0,not_reported,not_required,,1,False,True,True,,
18105528,3002463,CHEMBL2387062,CHEMBL2387062,COc1ccccc1/C=C/c1ccccc1,CHEMBL4022626,CHEMBL4020807,2017,1700.0,nM,5.769551078621726,5.77,0.00044892137827368117,unknown,not specified,not specified,,,,,,,human | not_reported | NA | NA | NA | NA | NA | NA | NA,9,,0,not_reported,not_required,,1,False,True,True,,
18167783,3014014,CHEMBL4093377,CHEMBL4093377,FC(F)(F)c1ccc2c(Nc3ccc(Cl)nc3)n[nH]c2c1,CHEMBL4036813,CHEMBL4033760,2017,550.0,nM,6.259637310505756,6.26,0.0003626894942438952,electrophysiology,not specified,not specified,,,,,,,human | not_reported | electrophysiology | NA | NA | NA | NA | NA | NA,9,,0,not_reported,not_required,,1,False,True,True,,
18167785,3014016,CHEMBL4095993,CHEMBL4095993,FC(F)(F)c1ccc2c(Nc3ccc(Cl)cc3)n[nH]c2c1,CHEMBL4036813,CHEMBL4033760,2017,42.0,nM,7.376750709602099,7.38,0.0032492903979006726,electrophysiology,not specified,not specified,,,,,,,human | not_reported | electrophysiology | NA | NA | NA | NA | NA | NA,9,,0,not_reported,not_required,,1,False,True,True,,
18167789,3014020,CHEMBL4080409,CHEMBL4080409,Clc1ccc(Nc2n[nH]c3ccccc23)cc1,CHEMBL4036813,CHEMBL4033760,2017,11700.0,nM,4.931814138253839,4.93,-0.001814138253839026,electrophysiology,not specified,not specified,,,,,,,human | not_reported | electrophysiology | NA | NA | NA | NA | NA | NA,9,,0,not_reported,not_required,,1,False,True,True,,
18167790,3014021,CHEMBL4098431,CHEMBL4098431,Fc1ccc(Nc2n[nH]c3cc(C(F)(F)F)ccc23)cc1F,CHEMBL4036813,CHEMBL4033760,2017,53.0,nM,7.275724130399211,7.28,0.004275869600789406,electrophysiology,not specified,not specified,,,,,,,human | not_reported | electrophysiology | NA | NA | NA | NA | NA | NA,9,,0,not_reported,not_required,,1,False,True,True,,
18167791,3014022,CHEMBL4088258,CHEMBL4088258,Fc1ccc(Nc2n[nH]c3cc(Cl)ccc23)cc1F,CHEMBL4036813,CHEMBL4033760,2017,111.0,nM,6.954677021213342,6.96,0.005322978786657551,electrophysiology,not specified,not specified,,,,,,,human | not_reported | electrophysiology | NA | NA | NA | NA | NA | NA,9,,0,not_reported,not_required,,1,False,True,True,,
18167792,3014023,CHEMBL4060024,CHEMBL4060024,Fc1ccc(Nc2n[nH]c3cc(OC(F)(F)F)ccc23)cc1F,CHEMBL4036813,CHEMBL4033760,2017,131.0,nM,6.882728704344236,6.88,-0.002728704344235666,electrophysiology,not specified,not specified,,,,,,,human | not_reported | electrophysiology | NA | NA | NA | NA | NA | NA,9,,0,not_reported,not_required,,1,False,True,True,,
18167793,3014024,CHEMBL4061022,CHEMBL4061022,Fc1ccc(Nc2n[nH]c3c(OC(F)(F)F)cccc23)cc1F,CHEMBL4036813,CHEMBL4033760,2017,1203.0,nM,5.919734372660155,5.92,0.00026562733984469844,electrophysiology,not specified,not specified,,,,,,,human | not_reported | electrophysiology | NA | NA | NA | NA | NA | NA,9,,0,not_reported,not_required,,1,False,True,True,,
18167794,3014025,CHEMBL4082907,CHEMBL4082907,Fc1ccc(Nc2n[nH]c3cc(-c4ccc(F)c(F)c4)ccc23)cc1F,CHEMBL4036813,CHEMBL4033760,2017,3700.0,nM,5.431798275933005,5.43,-0.0017982759330053,electrophysiology,not specified,not specified,,,,,,,human | not_reported | electrophysiology | NA | NA | NA | NA | NA | NA,9,,0,not_reported,not_required,,1,False,True,True,,
18167795,3014026,CHEMBL4103611,CHEMBL4103611,Fc1ccc(Nc2n[nH]c3cc(C(F)(F)F)cnc23)cc1F,CHEMBL4036813,CHEMBL4033760,2017,38.0,nM,7.42021640338319,7.42,-0.0002164033831899559,electrophysiology,not specified,not specified,,,,,,,human | not_reported | electrophysiology | NA | NA | NA | NA | NA | NA,9,,0,not_reported,not_required,,1,False,True,True,,
18167796,3014027,CHEMBL4072845,CHEMBL4072845,Fc1ccc(Nc2n[nH]c3cc(C(F)(F)F)ncc23)cc1F,CHEMBL4036813,CHEMBL4033760,2017,645.0,nM,6.1904402853647325,6.19,-0.0004402853647320626,electrophysiology,not specified,not specified,,,,,,,human | not_reported | electrophysiology | NA | NA | NA | NA | NA | NA,9,,0,not_reported,not_required,,1,False,True,True,,
18167797,3014028,CHEMBL4062193,CHEMBL4062193,Fc1ccc(Nc2n[nH]c3cc(OC(F)(F)F)cnc23)cc1F,CHEMBL4036813,CHEMBL4033760,2017,20.0,nM,7.698970004336019,7.7,0.0010299956639814312,electrophysiology,not specified,not specified,,,,,,,human | not_reported | electrophysiology | NA | NA | NA | NA | NA | NA,9,,0,not_reported,not_required,,1,False,True,True,,
18167798,3014029,CHEMBL4067996,CHEMBL4067996,Fc1ccc(Nc2n[nH]c3cc(OC(F)(F)F)cnc23)nc1,CHEMBL4036813,CHEMBL4033760,2017,2537.0,nM,5.595679532778269,5.6,0.004320467221730517,electrophysiology,not specified,not specified,,,,,,,human | not_reported | electrophysiology | NA | NA | NA | NA | NA | NA,9,,0,not_reported,not_required,,1,False,True,True,,
18167799,3014030,CHEMBL4061751,CHEMBL4061751,Fc1ccc(-c2n[nH]c3cc(C(F)(F)F)ccc23)cc1F,CHEMBL4036813,CHEMBL4033760,2017,2100.0,nM,5.6777807052660805,5.68,0.0022192947339192415,electrophysiology,not specified,not specified,,,,,,,human | not_reported | electrophysiology | NA | NA | NA | NA | NA | NA,9,,0,not_reported,not_required,,1,False,True,True,,
18167800,3014031,CHEMBL4102407,CHEMBL4102407,Fc1ccc(-c2n[nH]c3cc(C(F)(F)F)cnc23)cc1F,CHEMBL4036813,CHEMBL4033760,2017,450.0,nM,6.346787486224656,6.35,0.003212513775343595,electrophysiology,not specified,not specified,,,,,,,human | not_reported | electrophysiology | NA | NA | NA | NA | NA | NA,9,,0,not_reported,not_required,,1,False,True,True,,
18167801,3014032,CHEMBL4067095,CHEMBL4067095,Fc1ccc(-c2n[nH]c3cc(OC(F)(F)F)cnc23)cc1,CHEMBL4036813,CHEMBL4033760,2017,257.0,nM,6.590066876668706,6.59,-6.687666870597297e-05,electrophysiology,not specified,not specified,,,,,,,human | not_reported | electrophysiology | NA | NA | NA | NA | NA | NA,9,,0,not_reported,not_required,,1,False,True,True,,
18167802,3014033,CHEMBL4079870,CHEMBL4079870,Fc1ccc(-c2n[nH]c3cc(NC4CCN(CC5CC5)CC4)cnc23)cc1,CHEMBL4036813,CHEMBL4033760,2017,4630.0,nM,5.334419008982047,5.33,-0.004419008982046613,electrophysiology,not specified,not specified,,,,,,,human | not_reported | electrophysiology | NA | NA | NA | NA | NA | NA,9,,0,not_reported,not_required,,1,False,True,True,,
18167803,3014034,CHEMBL4075615,CHEMBL4075615,COCCNC(=O)c1ccc2c(-c3ccc(C#N)cc3)n[nH]c2c1,CHEMBL4036813,CHEMBL4033760,2017,2667.0,nM,5.573976984310123,5.57,-0.003976984310122944,electrophysiology,not specified,not specified,,,,,,,human | not_reported | electrophysiology | NA | NA | NA | NA | NA | NA,9,,0,not_reported,not_required,,1,False,True,True,,
18167804,3014035,CHEMBL4100238,CHEMBL4100238,Fc1ccc2[nH]c(-c3n[nH]c4cc(OC(F)(F)F)ccc34)cc2c1,CHEMBL4036813,CHEMBL4033760,2017,748.0,nM,6.126098402135538,6.13,0.00390159786446187,electrophysiology,not specified,not specified,,,,,,,human | not_reported | electrophysiology | NA | NA | NA | NA | NA | NA,9,,0,not_reported,not_required,,1,False,True,True,,
18167805,3014036,CHEMBL4091459,CHEMBL4091459,Fc1ccc2[nH]c(-c3n[nH]c4cc(OC(F)(F)F)cnc34)cc2c1,CHEMBL4036813,CHEMBL4033760,2017,91.0,nM,7.040958607678906,7.04,-0.0009586076789060982,electrophysiology,not specified,not specified,,,,,,,human | not_reported | electrophysiology | NA | NA | NA | NA | NA | NA,9,,0,not_reported,not_required,,1,False,True,True,,
18167806,3014037,CHEMBL4063630,CHEMBL4063630,N#Cc1ccc(-c2n[nH]c3cc(OC(F)(F)F)ccc23)s1,CHEMBL4036813,CHEMBL4033760,2017,74.0,nM,7.130768280269024,7.13,-0.0007682802690238688,electrophysiology,not specified,not specified,,,,,,,human | not_reported | electrophysiology | NA | NA | NA | NA | NA | NA,9,,0,not_reported,not_required,,1,False,True,True,,
18167807,3014038,CHEMBL4083680,CHEMBL4083680,N#Cc1ccc(-c2n[nH]c3cc(OC(F)(F)F)ccc23)cn1,CHEMBL4036813,CHEMBL4033760,2017,1182.0,nM,5.927382523454764,5.93,0.0026174765452360305,electrophysiology,not specified,not specified,,,,,,,human | not_reported | electrophysiology | NA | NA | NA | NA | NA | NA,9,,0,not_reported,not_required,,1,False,True,True,,
18167808,3014039,CHEMBL4101680,CHEMBL4101680,N#Cc1ccc(-c2n[nH]c3cc(OC(F)(F)F)ccc23)cc1,CHEMBL4036813,CHEMBL4033760,2017,686.0,nM,6.163675884293248,6.16,-0.003675884293247833,electrophysiology,not specified,not specified,,,,,,,human | not_reported | electrophysiology | NA | NA | NA | NA | NA | NA,9,,0,not_reported,not_required,,1,False,True,True,,
18167809,3014040,CHEMBL4073272,CHEMBL4073272,Fc1ccc(-c2n[nH]c3cc(OC(F)(F)F)cnc23)cc1F,CHEMBL4036813,CHEMBL4033760,2017,134.0,nM,6.872895201635192,6.87,-0.0028952016351917464,electrophysiology,not specified,not specified,,,,,,,human | not_reported | electrophysiology | NA | NA | NA | NA | NA | NA,9,,0,not_reported,not_required,,1,False,True,True,,
18167776,3014014,CHEMBL4093377,CHEMBL4093377,FC(F)(F)c1ccc2c(Nc3ccc(Cl)nc3)n[nH]c2c1,CHEMBL4036824,CHEMBL4033760,2017,2500.0,nM,5.6020599913279625,5.6,-0.0020599913279628623,calcium_fluorescence,not specified,not specified,,,,,,,human | not_reported | calcium_fluorescence | NA | NA | NA | NA | NA | NA,9,,0,not_reported,not_required,,1,False,True,True,,
18167852,3014028,CHEMBL4062193,CHEMBL4062193,Fc1ccc(Nc2n[nH]c3cc(OC(F)(F)F)cnc23)cc1F,CHEMBL4036824,CHEMBL4033760,2017,330.0,nM,6.481486060122112,6.48,-0.0014860601221116099,calcium_fluorescence,not specified,not specified,,,,,,,human | not_reported | calcium_fluorescence | NA | NA | NA | NA | NA | NA,9,,0,not_reported,not_required,,1,False,True,True,,
18226687,3024517,CHEMBL4080418,CHEMBL4080418,O=C(NCc1cc(-c2ccc(C(F)(F)F)nc2)ncn1)[C@@H]1CCN1S(=O)(=O)c1ccc(F)cc1,CHEMBL4049011,CHEMBL4043298,2018,1500.0,nM,5.823908740944319,5.82,-0.003908740944318367,calcium_fluorescence,cinnamaldehyde,cinnamaldehyde,,,HEK293,,,,human | not_reported | calcium_fluorescence | cinnamaldehyde | NA | NA | HEK293 | NA | NA,9,,0,not_reported,not_required,,1,False,True,True,,
18226688,3024518,CHEMBL4104646,CHEMBL4104646,O=C(NCc1cc(-c2ccc(C(F)(F)F)nc2)ncn1)[C@@H]1CCCN1S(=O)(=O)c1ccc(F)cc1,CHEMBL4049011,CHEMBL4043298,2018,154.0,nM,6.8124792791635365,6.81,-0.0024792791635368516,calcium_fluorescence,cinnamaldehyde,cinnamaldehyde,,,HEK293,,,,human | not_reported | calcium_fluorescence | cinnamaldehyde | NA | NA | HEK293 | NA | NA,9,,0,not_reported,not_required,,1,False,True,True,,
18226689,3024519,CHEMBL4088270,CHEMBL4088270,O=C(NCc1cc(-c2ccc(C(F)(F)F)nc2)ncn1)[C@@H]1CCCCN1S(=O)(=O)c1ccc(F)cc1,CHEMBL4049011,CHEMBL4043298,2018,2300.0,nM,5.638272163982407,5.64,0.0017278360175927432,calcium_fluorescence,cinnamaldehyde,cinnamaldehyde,,,HEK293,,,,human | not_reported | calcium_fluorescence | cinnamaldehyde | NA | NA | HEK293 | NA | NA,9,,0,not_reported,not_required,,1,False,True,True,,
18226690,3024520,CHEMBL4066996,CHEMBL4066996,O=C(NCc1cc(-c2ccc(C(F)(F)F)nc2)ncn1)[C@@H]1C[C@@H](F)CN1S(=O)(=O)c1ccc(F)cc1,CHEMBL4049011,CHEMBL4043298,2018,1200.0,nM,5.920818753952375,5.92,-0.0008187539523749621,calcium_fluorescence,cinnamaldehyde,cinnamaldehyde,,,HEK293,,,,human | not_reported | calcium_fluorescence | cinnamaldehyde | NA | NA | HEK293 | NA | NA,9,,0,not_reported,not_required,,1,False,True,True,,
18226691,3024521,CHEMBL4096004,CHEMBL4096004,O=C(NCc1cc(-c2ccc(C(F)(F)F)nc2)ncn1)[C@@H]1C[C@H](F)CN1S(=O)(=O)c1ccc(F)cc1,CHEMBL4049011,CHEMBL4043298,2018,4400.0,nM,5.356547323513812,5.36,0.0034526764861881887,calcium_fluorescence,cinnamaldehyde,cinnamaldehyde,,,HEK293,,,,human | not_reported | calcium_fluorescence | cinnamaldehyde | NA | NA | HEK293 | NA | NA,9,,0,not_reported,not_required,,1,False,True,True,,
18226692,3024522,CHEMBL4077957,CHEMBL4077957,C[C@H]1CC[C@@H](C(=O)NCc2cc(-c3ccc(C(F)(F)F)nc3)ncn2)N1S(=O)(=O)c1ccc(F)cc1,CHEMBL4049011,CHEMBL4043298,2018,13.0,nM,7.886056647693163,7.89,0.003943352306836623,calcium_fluorescence,cinnamaldehyde,cinnamaldehyde,,,HEK293,,,,human | not_reported | calcium_fluorescence | cinnamaldehyde | NA | NA | HEK293 | NA | NA,9,,0,not_reported,not_required,,1,False,True,True,,
18226693,3024523,CHEMBL4083847,CHEMBL4083847,C[C@@H]1CC[C@@H](C(=O)NCc2cc(-c3ccc(C(F)(F)F)nc3)ncn2)N1S(=O)(=O)c1ccc(F)cc1,CHEMBL4049011,CHEMBL4043298,2018,239.0,nM,6.621602099051863,6.62,-0.0016020990518628153,calcium_fluorescence,cinnamaldehyde,cinnamaldehyde,,,HEK293,,,,human | not_reported | calcium_fluorescence | cinnamaldehyde | NA | NA | HEK293 | NA | NA,9,,0,not_reported,not_required,,1,False,True,True,,
18226694,3024524,CHEMBL4062110,CHEMBL4062110,C[C@H]1[C@H](F)C[C@@H](C(=O)NCc2cc(-c3ccc(C(F)(F)F)nc3)ncn2)N1S(=O)(=O)c1ccc(F)cc1,CHEMBL4049011,CHEMBL4043298,2018,179.0,nM,6.747146969020107,6.75,0.0028530309798933118,calcium_fluorescence,cinnamaldehyde,cinnamaldehyde,,,HEK293,,,,human | not_reported | calcium_fluorescence | cinnamaldehyde | NA | NA | HEK293 | NA | NA,9,,0,not_reported,not_required,,1,False,True,True,,
18226695,3024525,CHEMBL4087767,CHEMBL4087767,C[C@H]1[C@H](F)C[C@@H](C(=O)NCc2cc(-c3cnc(C(F)(F)F)nc3)ncn2)N1S(=O)(=O)c1ccc(F)cc1,CHEMBL4049011,CHEMBL4043298,2018,64.0,nM,7.1938200260161125,7.19,-0.003820026016112088,calcium_fluorescence,cinnamaldehyde,cinnamaldehyde,,,HEK293,,,,human | not_reported | calcium_fluorescence | cinnamaldehyde | NA | NA | HEK293 | NA | NA,9,,0,not_reported,not_required,,1,False,True,True,,
18226696,3024526,CHEMBL4066447,CHEMBL4066447,C[C@H]1[C@H](F)C[C@@H](C(=O)NCc2cc(-c3cnc(C(F)(F)F)cn3)ncn2)N1S(=O)(=O)c1ccc(F)cc1,CHEMBL4049011,CHEMBL4043298,2018,184.0,nM,6.735182176990463,6.74,0.004817823009537037,calcium_fluorescence,cinnamaldehyde,cinnamaldehyde,,,HEK293,,,,human | not_reported | calcium_fluorescence | cinnamaldehyde | NA | NA | HEK293 | NA | NA,9,,0,not_reported,not_required,,1,False,True,True,,
18226697,3024527,CHEMBL4079886,CHEMBL4079886,C[C@H]1[C@H](F)C[C@@H](C(=O)NCc2cc(-c3cnc(C(F)(F)F)nc3)nc(C3CC3)n2)N1S(=O)(=O)c1ccc(F)cc1,CHEMBL4049011,CHEMBL4043298,2018,5.0,nM,8.301029995663981,8.3,-0.001029995663980543,calcium_fluorescence,cinnamaldehyde,cinnamaldehyde,,,HEK293,,,,human | not_reported | calcium_fluorescence | cinnamaldehyde | NA | NA | HEK293 | NA | NA,9,,0,not_reported,not_required,,1,False,True,True,,
18226698,3024528,CHEMBL4104134,CHEMBL4104134,C[C@H]1[C@H](F)C[C@@H](C(=O)NCc2cc(-c3cnc(C(F)(F)F)nc3)ccn2)N1S(=O)(=O)c1ccc(F)cc1,CHEMBL4049011,CHEMBL4043298,2018,113.0,nM,6.94692155651658,6.95,0.0030784434834201235,calcium_fluorescence,cinnamaldehyde,cinnamaldehyde,,,HEK293,,,,human | not_reported | calcium_fluorescence | cinnamaldehyde | NA | NA | HEK293 | NA | NA,9,,0,not_reported,not_required,,1,False,True,True,,
18226699,3024529,CHEMBL4103225,CHEMBL4103225,C[C@H]1[C@H](F)C[C@@H](C(=O)NCc2ccnc(-c3cnc(C(F)(F)F)nc3)c2)N1S(=O)(=O)c1ccc(F)cc1,CHEMBL4049011,CHEMBL4043298,2018,69.0,nM,7.161150909262744,7.16,-0.001150909262744193,calcium_fluorescence,cinnamaldehyde,cinnamaldehyde,,,HEK293,,,,human | not_reported | calcium_fluorescence | cinnamaldehyde | NA | NA | HEK293 | NA | NA,9,,0,not_reported,not_required,,1,False,True,True,,
18226700,3024530,CHEMBL4085297,CHEMBL4085297,C[C@H]1[C@H](F)C[C@@H](C(=O)NCc2cc(-c3cnc(C(F)(F)F)nc3)c(C#N)cn2)N1S(=O)(=O)c1ccc(F)cc1,CHEMBL4049011,CHEMBL4043298,2018,96.0,nM,7.017728766960431,7.02,0.0022712330395684432,calcium_fluorescence,cinnamaldehyde,cinnamaldehyde,,,HEK293,,,,human | not_reported | calcium_fluorescence | cinnamaldehyde | NA | NA | HEK293 | NA | NA,9,,0,not_reported,not_required,,1,False,True,True,,
18226701,3024531,CHEMBL4086464,CHEMBL4086464,C[C@H]1[C@H](F)C[C@@H](C(=O)NCc2cc(-c3cnc(C(F)(F)F)nc3)c(Cl)cn2)N1S(=O)(=O)c1ccc(F)cc1,CHEMBL4049011,CHEMBL4043298,2018,13.0,nM,7.886056647693163,7.89,0.003943352306836623,calcium_fluorescence,cinnamaldehyde,cinnamaldehyde,,,HEK293,,,,human | not_reported | calcium_fluorescence | cinnamaldehyde | NA | NA | HEK293 | NA | NA,9,,0,not_reported,not_required,,1,False,True,True,,
18226702,3024532,CHEMBL4077623,CHEMBL4077623,C[C@H]1[C@H](F)C[C@@H](C(=O)NCc2cc(-c3cnc(C(F)(F)F)nc3)c(F)cn2)N1S(=O)(=O)c1ccc(F)cc1,CHEMBL4049011,CHEMBL4043298,2018,33.0,nM,7.481486060122112,7.48,-0.0014860601221116099,calcium_fluorescence,cinnamaldehyde,cinnamaldehyde,,,HEK293,,,,human | not_reported | calcium_fluorescence | cinnamaldehyde | NA | NA | HEK293 | NA | NA,9,,0,not_reported,not_required,,1,False,True,True,,
18226703,3024533,CHEMBL4098855,CHEMBL4098855,C[C@H]1[C@H](F)C[C@@H](C(=O)NCc2cc(-c3cnc(C(F)(F)F)nc3)ncc2C#N)N1S(=O)(=O)c1ccc(F)cc1,CHEMBL4049011,CHEMBL4043298,2018,10.0,nM,8.0,8.0,0.0,calcium_fluorescence,cinnamaldehyde,cinnamaldehyde,,,HEK293,,,,human | not_reported | calcium_fluorescence | cinnamaldehyde | NA | NA | HEK293 | NA | NA,9,,0,not_reported,not_required,,1,False,True,True,,
18226704,3024534,CHEMBL4103545,CHEMBL4103545,C[C@H]1[C@H](F)C[C@@H](C(=O)NCc2cc(-c3cnc(C(F)(F)F)nc3)ncc2Cl)N1S(=O)(=O)c1ccc(F)cc1,CHEMBL4049011,CHEMBL4043298,2018,5.0,nM,8.301029995663981,8.3,-0.001029995663980543,calcium_fluorescence,cinnamaldehyde,cinnamaldehyde,,,HEK293,,,,human | not_reported | calcium_fluorescence | cinnamaldehyde | NA | NA | HEK293 | NA | NA,9,,0,not_reported,not_required,,1,False,True,True,,
18226705,3024535,CHEMBL4092287,CHEMBL4092287,C[C@H]1[C@H](F)C[C@@H](C(=O)NCc2cc(-c3cnc(C(F)(F)F)nc3)ncc2F)N1S(=O)(=O)c1ccc(F)cc1,CHEMBL4049011,CHEMBL4043298,2018,8.0,nM,8.096910013008056,8.1,0.0030899869919434053,calcium_fluorescence,cinnamaldehyde,cinnamaldehyde,,,HEK293,,,,human | not_reported | calcium_fluorescence | cinnamaldehyde | NA | NA | HEK293 | NA | NA,9,,0,not_reported,not_required,,1,False,True,True,,
18226706,3024536,CHEMBL4064602,CHEMBL4064602,C[C@H]1[C@H](F)C[C@@H](C(=O)NCc2c(F)cnc(-c3cnc(C(F)(F)F)nc3)c2F)N1S(=O)(=O)c1ccc(F)cc1,CHEMBL4049011,CHEMBL4043298,2018,328.0,nM,6.484126156288321,6.48,-0.0041261562883203595,calcium_fluorescence,cinnamaldehyde,cinnamaldehyde,,,HEK293,,,,human | not_reported | calcium_fluorescence | cinnamaldehyde | NA | NA | HEK293 | NA | NA,9,,0,not_reported,not_required,,1,False,True,True,,
18506805,3072563,CHEMBL4208555,CHEMBL4208555,O=C(NC[C@@H](Cc1ccccc1)N1CCC(O)(C(F)(F)F)CC1)C1(c2ccc(Cl)cc2)CCCC1,CHEMBL4190628,CHEMBL4190175,2016,0.7,nM,9.154901959985743,9.15,-0.004901959985742721,electrophysiology,not specified,not specified,,,,,,,human | not_reported | electrophysiology | NA | NA | NA | NA | NA | NA,9,,0,not_reported,not_required,,1,False,True,True,,
18506838,3072532,CHEMBL3907685,CHEMBL3907685,O=C(NCC(Cc1ccccc1)N1CCC(O)(C(F)(F)F)CC1)C1(c2ccc(Cl)cc2)CCCC1,CHEMBL4190659,CHEMBL4190175,2016,17.0,nM,7.769551078621726,7.77,0.00044892137827368117,electrophysiology,not specified,not specified,,,,,,,human | not_reported | electrophysiology | NA | NA | NA | NA | NA | NA,9,,0,not_reported,not_required,,1,False,True,True,,
18506841,3072535,CHEMBL4203966,CHEMBL4203966,CN1CCC(CC(CNC(=O)C2(c3ccc(Cl)cc3)CCCC2)N2CCC(O)(C(F)(F)F)CC2)CC1,CHEMBL4190659,CHEMBL4190175,2016,26700.0,nM,4.573488738635425,4.57,-0.0034887386354247596,electrophysiology,not specified,not specified,,,,,,,human | not_reported | electrophysiology | NA | NA | NA | NA | NA | NA,9,,0,not_reported,not_required,,1,False,True,True,,
18506842,3072536,CHEMBL4215647,CHEMBL4215647,O=C(NCC(CC1CCOCC1)N1CCC(O)(C(F)(F)F)CC1)C1(c2ccc(Cl)cc2)CCCC1,CHEMBL4190659,CHEMBL4190175,2016,1900.0,nM,5.721246399047171,5.72,-0.001246399047171387,electrophysiology,not specified,not specified,,,,,,,human | not_reported | electrophysiology | NA | NA | NA | NA | NA | NA,9,,0,not_reported,not_required,,1,False,True,True,,
18506845,3072539,CHEMBL3912566,CHEMBL3912566,O=C(NCC(Cc1ccccc1)N1CCC(O)(C(F)(F)F)CC1)C1(c2ccc(Cl)cc2)CC1,CHEMBL4190659,CHEMBL4190175,2016,73.0,nM,7.136677139879544,7.14,0.003322860120455573,electrophysiology,not specified,not specified,,,,,,,human | not_reported | electrophysiology | NA | NA | NA | NA | NA | NA,9,,0,not_reported,not_required,,1,False,True,True,,
18506847,3072541,CHEMBL4208446,CHEMBL4208446,O=C(NC[C@H](Cc1ccccc1)N1CCC(O)(C(F)(F)F)CC1)C1(c2ccc(Cl)cc2)CC1,CHEMBL4190659,CHEMBL4190175,2016,474.0,nM,6.324221658325914,6.32,-0.004221658325914035,electrophysiology,not specified,not specified,,,,,,,human | not_reported | electrophysiology | NA | NA | NA | NA | NA | NA,9,,0,not_reported,not_required,,1,False,True,True,,
18506848,3072542,CHEMBL4213371,CHEMBL4213371,O=C(NC[C@@H](Cc1ccccc1)N1CCC(O)(C(F)(F)F)CC1)C1(c2ccc(Cl)cc2)CC1,CHEMBL4190659,CHEMBL4190175,2016,53.0,nM,7.275724130399211,7.28,0.004275869600789406,electrophysiology,not specified,not specified,,,,,,,human | not_reported | electrophysiology | NA | NA | NA | NA | NA | NA,9,,0,not_reported,not_required,,1,False,True,True,,
18506849,3072543,CHEMBL4204105,CHEMBL4204105,CC(C)(C)[C@H]1CC[C@H](C(=O)NCC(Cc2ccccc2)N2CCC(O)(C(F)(F)F)CC2)CC1,CHEMBL4190659,CHEMBL4190175,2016,101.0,nM,6.995678626217357,7.0,0.004321373782643079,electrophysiology,not specified,not specified,,,,,,,human | not_reported | electrophysiology | NA | NA | NA | NA | NA | NA,9,,0,not_reported,not_required,,1,False,True,True,,
18506850,3072544,CHEMBL4208667,CHEMBL4208667,CC(C)c1csc(C(=O)NCC(Cc2ccccc2)N2CCC(O)(C(F)(F)F)CC2)n1,CHEMBL4190659,CHEMBL4190175,2016,159.0,nM,6.798602875679549,6.8,0.0013971243204506933,electrophysiology,not specified,not specified,,,,,,,human | not_reported | electrophysiology | NA | NA | NA | NA | NA | NA,9,,0,not_reported,not_required,,1,False,True,True,,
18506851,3072545,CHEMBL4216307,CHEMBL4216307,O=C(NCC(Cc1ccccc1)N1CCC(O)(C(F)(F)F)CC1)C1(C(F)(F)F)CC1,CHEMBL4190659,CHEMBL4190175,2016,1000.0,nM,6.0,6.0,0.0,electrophysiology,not specified,not specified,,,,,,,human | not_reported | electrophysiology | NA | NA | NA | NA | NA | NA,9,,0,not_reported,not_required,,1,False,True,True,,
18506852,3072547,CHEMBL4203840,CHEMBL4203840,CC1(C(=O)NCC(Cc2ccccc2)N2CCC(O)(C(F)(F)F)CC2)CCCCC1,CHEMBL4190659,CHEMBL4190175,2016,851.0,nM,6.070070439915412,6.07,-7.043991541166861e-05,electrophysiology,not specified,not specified,,,,,,,human | not_reported | electrophysiology | NA | NA | NA | NA | NA | NA,9,,0,not_reported,not_required,,1,False,True,True,,
18506853,3072551,CHEMBL4212575,CHEMBL4212575,CC(C)(C(=O)NCC(Cc1ccccc1)N1CCC(O)(C(F)(F)F)CC1)C(F)(F)F,CHEMBL4190659,CHEMBL4190175,2016,91.0,nM,7.040958607678906,7.04,-0.0009586076789060982,electrophysiology,not specified,not specified,,,,,,,human | not_reported | electrophysiology | NA | NA | NA | NA | NA | NA,9,,0,not_reported,not_required,,1,False,True,True,,
18506854,3072552,CHEMBL4207671,CHEMBL4207671,O=C(NCC(Cc1ccccc1)N1CCC(O)(C(F)(F)F)CC1)c1cc(C(F)(F)F)ccn1,CHEMBL4190659,CHEMBL4190175,2016,83.0,nM,7.080921907623926,7.08,-0.0009219076239261881,electrophysiology,not specified,not specified,,,,,,,human | not_reported | electrophysiology | NA | NA | NA | NA | NA | NA,9,,0,not_reported,not_required,,1,False,True,True,,
18506855,3072553,CHEMBL4216712,CHEMBL4216712,O=C(NCC(Cc1ccccc1)N1CCC(C(F)(F)F)CC1)C1(c2ccc(F)cc2)CCCC1,CHEMBL4190659,CHEMBL4190175,2016,673.0,nM,6.171984935776023,6.17,-0.0019849357760231,electrophysiology,not specified,not specified,,,,,,,human | not_reported | electrophysiology | NA | NA | NA | NA | NA | NA,9,,0,not_reported,not_required,,1,False,True,True,,
18506856,3072554,CHEMBL4217137,CHEMBL4217137,O=C(NCC(Cc1ccccc1)N1CCC(O)(C(F)(F)F)C1)C1(c2ccc(F)cc2)CCC1,CHEMBL4190659,CHEMBL4190175,2016,309.0,nM,6.510041520575165,6.51,-4.152057516559893e-05,electrophysiology,not specified,not specified,,,,,,,human | not_reported | electrophysiology | NA | NA | NA | NA | NA | NA,9,,0,not_reported,not_required,,1,False,True,True,,
18506857,3072555,CHEMBL4218381,CHEMBL4218381,O=C(NCC(Cc1ccc(F)cc1)N1CCC(C(F)(F)F)C1)C1(c2ccc(F)cc2)CCCC1,CHEMBL4190659,CHEMBL4190175,2016,1451.0,nM,5.838332587562264,5.84,0.0016674124377358268,electrophysiology,not specified,not specified,,,,,,,human | not_reported | electrophysiology | NA | NA | NA | NA | NA | NA,9,,0,not_reported,not_required,,1,False,True,True,,
18506858,3072561,CHEMBL4204223,CHEMBL4204223,O=C(NCC(Cc1ccc(F)cc1)N1C2CCC1CC(O)(C(F)(F)F)C2)C1(c2ccc(F)cc2)CCCC1,CHEMBL4190659,CHEMBL4190175,2016,825.0,nM,6.0835460514500745,6.08,-0.003546051450074472,electrophysiology,not specified,not specified,,,,,,,human | not_reported | electrophysiology | NA | NA | NA | NA | NA | NA,9,,0,not_reported,not_required,,1,False,True,True,,
18506859,3072562,CHEMBL4213488,CHEMBL4213488,O=C(NC[C@H](Cc1ccccc1)N1CCC(O)(C(F)(F)F)CC1)C1(c2ccc(Cl)cc2)CCCC1,CHEMBL4190659,CHEMBL4190175,2016,1900.0,nM,5.721246399047171,5.72,-0.001246399047171387,electrophysiology,not specified,not specified,,,,,,,human | not_reported | electrophysiology | NA | NA | NA | NA | NA | NA,9,,0,not_reported,not_required,,1,False,True,True,,
18506860,3072563,CHEMBL4208555,CHEMBL4208555,O=C(NC[C@@H](Cc1ccccc1)N1CCC(O)(C(F)(F)F)CC1)C1(c2ccc(Cl)cc2)CCCC1,CHEMBL4190659,CHEMBL4190175,2016,0.72,nM,9.142667503568731,9.14,-0.002667503568730467,electrophysiology,not specified,not specified,,,,,,,human | not_reported | electrophysiology | NA | NA | NA | NA | NA | NA,9,,0,not_reported,not_required,,1,False,True,True,,
18506861,3072564,CHEMBL4215994,CHEMBL4215994,O[C@]12CCCC[C@@H]1CCC[C@H]2Nc1ccc(F)cc1,CHEMBL4190659,CHEMBL4190175,2016,10.0,nM,8.0,8.0,0.0,electrophysiology,not specified,not specified,,,,,,,human | not_reported | electrophysiology | NA | NA | NA | NA | NA | NA,9,,0,not_reported,not_required,,1,False,True,True,,
19019968,3173615,CHEMBL4454627,CHEMBL4454627,O=C(NCc1ccc(Cl)cc1)[C@@H]1CCCN1S(=O)(=O)c1ccc(F)cc1,CHEMBL4347272,CHEMBL4346663,2019,12500.0,nM,4.903089986991944,4.9,-0.0030899869919434053,calcium_fluorescence,AITC,AITC,,5.0,HEK293,,,,human | not_reported | calcium_fluorescence | AITC | NA | 5 | HEK293 | NA | NA,9,,0,not_reported,not_required,,1,False,True,True,,
19019798,3173564,CHEMBL4454519,CHEMBL4454519,O=C(/C=C/c1ccc(Br)cc1)Nc1ccccc1C(=O)O,CHEMBL4347276,CHEMBL4346663,2019,10000.0,nM,5.0,5.0,0.0,calcium_fluorescence,cinnamaldehyde,cinnamaldehyde,,,HEK293,,,,human | not_reported | calcium_fluorescence | NA | NA | NA | HEK293 | NA | NA,9,,0,not_reported,not_required,,2,True,True,True,,
19019799,3173565,CHEMBL4456015,CHEMBL4456015,O=C(/C=C/c1ccc(Cl)cc1)Nc1ccccc1C(=O)O,CHEMBL4347276,CHEMBL4346663,2019,3981.07,nM,5.40000018605658,5.4,-1.8605657992054603e-07,calcium_fluorescence,cinnamaldehyde,cinnamaldehyde,,,HEK293,,,,human | not_reported | calcium_fluorescence | NA | NA | NA | HEK293 | NA | NA,9,,0,not_reported,not_required,,2,True,True,True,,
19019800,3173566,CHEMBL4517528,CHEMBL4517528,O=C(/C=C/c1ccccc1Cl)Nc1ccccc1C(=O)O,CHEMBL4347276,CHEMBL4346663,2019,10000.0,nM,5.0,5.0,0.0,calcium_fluorescence,cinnamaldehyde,cinnamaldehyde,,,HEK293,,,,human | not_reported | calcium_fluorescence | NA | NA | NA | HEK293 | NA | NA,9,,0,not_reported,not_required,,2,True,True,True,,
19019801,3173567,CHEMBL4562546,CHEMBL4562546,O=C(/C=C/c1ccc(F)cc1)Nc1ccccc1C(=O)O,CHEMBL4347276,CHEMBL4346663,2019,25118.86,nM,4.600000074606178,4.6,-7.460617812427017e-08,calcium_fluorescence,cinnamaldehyde,cinnamaldehyde,,,HEK293,,,,human | not_reported | calcium_fluorescence | NA | NA | NA | HEK293 | NA | NA,9,,0,not_reported,not_required,,2,True,True,True,,
19019803,3173569,CHEMBL4446136,CHEMBL4446136,COc1ccccc1/C=C/C(=O)Nc1ccccc1C(=O)O,CHEMBL4347276,CHEMBL4346663,2019,50118.72,nM,4.300000029139089,4.3,-2.913908936363896e-08,calcium_fluorescence,cinnamaldehyde,cinnamaldehyde,,,HEK293,,,,human | not_reported | calcium_fluorescence | NA | NA | NA | HEK293 | NA | NA,9,,0,not_reported,not_required,,2,True,True,True,,
19019804,3173570,CHEMBL1079664,CHEMBL1079664,COc1ccc(/C=C/C(=O)Nc2ccccc2C(=O)O)cc1,CHEMBL4347276,CHEMBL4346663,2019,12589.25,nM,4.900000142057633,4.9,-1.4205763232411073e-07,calcium_fluorescence,cinnamaldehyde,cinnamaldehyde,,,HEK293,,,,human | not_reported | calcium_fluorescence | NA | NA | NA | HEK293 | NA | NA,9,,0,not_reported,not_required,,2,True,True,True,,
19019806,3173572,CHEMBL4551396,CHEMBL4551396,CCOc1cc(/C=C/C(=O)Nc2ccccc2C(=O)O)ccc1O,CHEMBL4347276,CHEMBL4346663,2019,100000.0,nM,4.0,4.0,0.0,calcium_fluorescence,cinnamaldehyde,cinnamaldehyde,,,HEK293,,,,human | not_reported | calcium_fluorescence | NA | NA | NA | HEK293 | NA | NA,9,,0,not_reported,not_required,,2,True,True,True,,
19019807,3173573,CHEMBL4516367,CHEMBL4516367,O=C(/C=C/c1ccc(O)cc1)Nc1ccccc1C(=O)O,CHEMBL4347276,CHEMBL4346663,2019,39810.72,nM,4.399999967876858,4.4,3.2123142368334356e-08,calcium_fluorescence,cinnamaldehyde,cinnamaldehyde,,,HEK293,,,,human | not_reported | calcium_fluorescence | NA | NA | NA | HEK293 | NA | NA,9,,0,not_reported,not_required,,2,True,True,True,,
19019814,3173612,CHEMBL3697701,CHEMBL3697701,CCC(=N\O)/C(C)=C/c1ccc(F)cc1,CHEMBL4347276,CHEMBL4346663,2019,79.43,nM,7.100015437450609,7.1,-1.543745060939017e-05,calcium_fluorescence,cinnamaldehyde,cinnamaldehyde,,,HEK293,,,,human | not_reported | calcium_fluorescence | NA | NA | NA | HEK293 | NA | NA,9,,0,not_reported,not_required,,2,True,True,True,,
19019815,3173613,CHEMBL593902,CHEMBL593902,CC(=C\c1ccc(Cl)cc1)/C(C)=N/O,CHEMBL4347276,CHEMBL4346663,2019,4466.84,nM,5.349999603463148,5.35,3.9653685135476735e-07,calcium_fluorescence,cinnamaldehyde,cinnamaldehyde,,,HEK293,,,,human | not_reported | calcium_fluorescence | NA | NA | NA | HEK293 | NA | NA,9,,0,not_reported,not_required,,2,True,True,True,,
19019816,3173614,CHEMBL1086310,CHEMBL1086310,CC(C)c1ccc(NC(=O)Cn2cnc3c2c(=O)n(C)c(=O)n3C)cc1,CHEMBL4347276,CHEMBL4346663,2019,17782.79,nM,4.750000100140428,4.75,-1.0014042839401327e-07,calcium_fluorescence,cinnamaldehyde,cinnamaldehyde,,,HEK293,,,,human | not_reported | calcium_fluorescence | NA | NA | NA | HEK293 | NA | NA,9,,0,not_reported,not_required,,2,True,True,True,,
19019817,3173615,CHEMBL4454627,CHEMBL4454627,O=C(NCc1ccc(Cl)cc1)[C@@H]1CCCN1S(=O)(=O)c1ccc(F)cc1,CHEMBL4347276,CHEMBL4346663,2019,10000.0,nM,5.0,5.0,0.0,calcium_fluorescence,cinnamaldehyde,cinnamaldehyde,,,HEK293,,,,human | not_reported | calcium_fluorescence | NA | NA | NA | HEK293 | NA | NA,9,,0,not_reported,not_required,,2,True,True,True,,
19019818,3173612,CHEMBL3697701,CHEMBL3697701,CCC(=N\O)/C(C)=C/c1ccc(F)cc1,CHEMBL4347276,CHEMBL4346663,2019,79.0,nM,7.102372908709558,7.1,-0.00237290870955853,calcium_fluorescence,cinnamaldehyde,cinnamaldehyde,,,HEK293,,,,human | not_reported | calcium_fluorescence | NA | NA | NA | HEK293 | NA | NA,9,,0,not_reported,not_required,,2,True,True,True,,
19019819,3173613,CHEMBL593902,CHEMBL593902,CC(=C\c1ccc(Cl)cc1)/C(C)=N/O,CHEMBL4347276,CHEMBL4346663,2019,4000.0,nM,5.3979400086720375,5.4,0.0020599913279628623,calcium_fluorescence,cinnamaldehyde,cinnamaldehyde,,,HEK293,,,,human | not_reported | calcium_fluorescence | NA | NA | NA | HEK293 | NA | NA,9,,0,not_reported,not_required,,2,True,True,True,,
19019820,3173614,CHEMBL1086310,CHEMBL1086310,CC(C)c1ccc(NC(=O)Cn2cnc3c2c(=O)n(C)c(=O)n3C)cc1,CHEMBL4347276,CHEMBL4346663,2019,18000.0,nM,4.7447274948966935,4.75,0.005272505103306457,calcium_fluorescence,cinnamaldehyde,cinnamaldehyde,,,HEK293,,,,human | not_reported | calcium_fluorescence | NA | NA | NA | HEK293 | NA | NA,9,,0,not_reported,not_required,,2,True,True,True,,
19019821,3173615,CHEMBL4454627,CHEMBL4454627,O=C(NCc1ccc(Cl)cc1)[C@@H]1CCCN1S(=O)(=O)c1ccc(F)cc1,CHEMBL4347276,CHEMBL4346663,2019,10000.0,nM,5.0,5.0,0.0,calcium_fluorescence,cinnamaldehyde,cinnamaldehyde,,,HEK293,,,,human | not_reported | calcium_fluorescence | NA | NA | NA | HEK293 | NA | NA,9,,0,not_reported,not_required,,2,True,True,True,,
19019825,3173564,CHEMBL4454519,CHEMBL4454519,O=C(/C=C/c1ccc(Br)cc1)Nc1ccccc1C(=O)O,CHEMBL4347276,CHEMBL4346663,2019,9000.0,nM,5.045757490560675,5.05,0.004242509439325026,calcium_fluorescence,cinnamaldehyde,cinnamaldehyde,,,HEK293,,,,human | not_reported | calcium_fluorescence | NA | NA | NA | HEK293 | NA | NA,9,,0,not_reported,not_required,,2,True,True,True,,
19019826,3173565,CHEMBL4456015,CHEMBL4456015,O=C(/C=C/c1ccc(Cl)cc1)Nc1ccccc1C(=O)O,CHEMBL4347276,CHEMBL4346663,2019,4000.0,nM,5.3979400086720375,5.4,0.0020599913279628623,calcium_fluorescence,cinnamaldehyde,cinnamaldehyde,,,HEK293,,,,human | not_reported | calcium_fluorescence | NA | NA | NA | HEK293 | NA | NA,9,,0,not_reported,not_required,,2,True,True,True,,
19019827,3173566,CHEMBL4517528,CHEMBL4517528,O=C(/C=C/c1ccccc1Cl)Nc1ccccc1C(=O)O,CHEMBL4347276,CHEMBL4346663,2019,11000.0,nM,4.958607314841775,4.96,0.0013926851582253263,calcium_fluorescence,cinnamaldehyde,cinnamaldehyde,,,HEK293,,,,human | not_reported | calcium_fluorescence | NA | NA | NA | HEK293 | NA | NA,9,,0,not_reported,not_required,,2,True,True,True,,
19019828,3173567,CHEMBL4562546,CHEMBL4562546,O=C(/C=C/c1ccc(F)cc1)Nc1ccccc1C(=O)O,CHEMBL4347276,CHEMBL4346663,2019,26000.0,nM,4.585026652029182,4.58,-0.005026652029181733,calcium_fluorescence,cinnamaldehyde,cinnamaldehyde,,,HEK293,,,,human | not_reported | calcium_fluorescence | NA | NA | NA | HEK293 | NA | NA,9,,0,not_reported,not_required,,2,True,True,True,,
19019830,3173569,CHEMBL4446136,CHEMBL4446136,COc1ccccc1/C=C/C(=O)Nc1ccccc1C(=O)O,CHEMBL4347276,CHEMBL4346663,2019,51000.0,nM,4.292429823902063,4.29,-0.002429823902063255,calcium_fluorescence,cinnamaldehyde,cinnamaldehyde,,,HEK293,,,,human | not_reported | calcium_fluorescence | NA | NA | NA | HEK293 | NA | NA,9,,0,not_reported,not_required,,2,True,True,True,,
19019831,3173570,CHEMBL1079664,CHEMBL1079664,COc1ccc(/C=C/C(=O)Nc2ccccc2C(=O)O)cc1,CHEMBL4347276,CHEMBL4346663,2019,12000.0,nM,4.920818753952375,4.92,-0.0008187539523749621,calcium_fluorescence,cinnamaldehyde,cinnamaldehyde,,,HEK293,,,,human | not_reported | calcium_fluorescence | NA | NA | NA | HEK293 | NA | NA,9,,0,not_reported,not_required,,2,True,True,True,,
19019834,3173573,CHEMBL4516367,CHEMBL4516367,O=C(/C=C/c1ccc(O)cc1)Nc1ccccc1C(=O)O,CHEMBL4347276,CHEMBL4346663,2019,43000.0,nM,4.366531544420414,4.37,0.003468455579586305,calcium_fluorescence,cinnamaldehyde,cinnamaldehyde,,,HEK293,,,,human | not_reported | calcium_fluorescence | NA | NA | NA | HEK293 | NA | NA,9,,0,not_reported,not_required,,2,True,True,True,,
23235734,3614626,CHEMBL4092287,CHEMBL4092287,C[C@H]1[C@H](F)C[C@@H](C(=O)NCc2cc(-c3cnc(C(F)(F)F)nc3)ncc2F)N1S(=O)(=O)c1ccc(F)cc1,CHEMBL4828020,CHEMBL4825747,2021,8.4,nM,8.075720713938118,8.08,0.004279286061882104,calcium_fluorescence,not specified,not specified,,,CHO,,,,human | not_reported | calcium_fluorescence | NA | NA | NA | CHO | NA | NA,9,,0,not_reported,not_required,,1,False,True,True,,
23235735,3614627,CHEMBL4865238,CHEMBL4865238,C[C@H]1[C@H](F)C[C@@H](C(=O)NCc2cc(-c3cnc(C(F)(F)F)nc3)ncc2C(F)(F)F)N1S(=O)(=O)c1ccc(F)cc1,CHEMBL4828020,CHEMBL4825747,2021,1.6,nM,8.795880017344075,8.8,0.004119982655925725,calcium_fluorescence,not specified,not specified,,,CHO,,,,human | not_reported | calcium_fluorescence | NA | NA | NA | CHO | NA | NA,9,,0,not_reported,not_required,,1,False,True,True,,
23235736,3614628,CHEMBL4863686,CHEMBL4863686,Cn1cnc2ncn(Cc3nn(C[C@H](F)c4ccc(Cl)cc4)c(=O)o3)c(=O)c21,CHEMBL4828020,CHEMBL4825747,2021,20.0,nM,7.698970004336019,7.7,0.0010299956639814312,calcium_fluorescence,not specified,not specified,,,CHO,,,,human | not_reported | calcium_fluorescence | NA | NA | NA | CHO | NA | NA,9,,0,not_reported,not_required,,1,False,True,True,,
23235737,3614629,CHEMBL4865298,CHEMBL4865298,Cn1cnc2ncn(Cc3nn([C@H]4C[C@H](c5ccc(Cl)cc5)C4)c(=O)o3)c(=O)c21,CHEMBL4828020,CHEMBL4825747,2021,7.4,nM,8.130768280269024,8.13,-0.0007682802690229806,calcium_fluorescence,not specified,not specified,,,CHO,,,,human | not_reported | calcium_fluorescence | NA | NA | NA | CHO | NA | NA,9,,0,not_reported,not_required,,1,False,True,True,,
23235738,3614630,CHEMBL4870870,CHEMBL4870870,Cn1cnc2ncn(Cc3nc([C@H]4[C@@H]5CN(c6cccc(Cl)c6)C[C@@H]54)no3)c(=O)c21,CHEMBL4828020,CHEMBL4825747,2021,2.9,nM,8.537602002101044,8.54,0.0023979978989547845,calcium_fluorescence,not specified,not specified,,,CHO,,,,human | not_reported | calcium_fluorescence | NA | NA | NA | CHO | NA | NA,9,,0,not_reported,not_required,,1,False,True,True,,
23280782,3622502,CHEMBL4869839,CHEMBL4869839,Cc1c(C(N)=O)sc2ncn(Cc3nc(C[C@H](O)c4ccc(Cl)cc4)no3)c(=O)c12,CHEMBL4837096,CHEMBL4834489,2021,13.0,nM,7.886056647693163,7.89,0.003943352306836623,calcium_fluorescence,AITC,AITC,,,HEK293,,120.0,,human | not_reported | calcium_fluorescence | AITC | NA | NA | HEK293 | NA | NA,9,,0,not_reported,not_required,,1,False,True,True,,
23280783,3622503,CHEMBL4848827,CHEMBL4848827,Cc1c(C(N)=O)sc2ncn(Cc3nc(C[C@H](O)c4cc5ccccc5o4)no3)c(=O)c12,CHEMBL4837096,CHEMBL4834489,2021,19.0,nM,7.721246399047171,7.72,-0.001246399047171387,calcium_fluorescence,AITC,AITC,,,HEK293,,120.0,,human | not_reported | calcium_fluorescence | AITC | NA | NA | HEK293 | NA | NA,9,,0,not_reported,not_required,,1,False,True,True,,
23280784,3622504,CHEMBL4851706,CHEMBL4851706,Cc1c(C(N)=O)sc2ncn(Cc3nc(C[C@H](O)c4cc(F)cc(F)c4)no3)c(=O)c12,CHEMBL4837096,CHEMBL4834489,2021,48.0,nM,7.318758762624412,7.32,0.0012412373755879003,calcium_fluorescence,AITC,AITC,,,HEK293,,120.0,,human | not_reported | calcium_fluorescence | AITC | NA | NA | HEK293 | NA | NA,9,,0,not_reported,not_required,,1,False,True,True,,
23280785,3622505,CHEMBL4868010,CHEMBL4868010,Cc1c(C(N)=O)sc2ncn(Cc3nc(C[C@H](O)c4ccc5c(c4)OCO5)no3)c(=O)c12,CHEMBL4837096,CHEMBL4834489,2021,56.0,nM,7.251811972993799,7.25,-0.0018119729937993156,calcium_fluorescence,AITC,AITC,,,HEK293,,120.0,,human | not_reported | calcium_fluorescence | AITC | NA | NA | HEK293 | NA | NA,9,,0,not_reported,not_required,,1,False,True,True,,
23280786,3622506,CHEMBL4854825,CHEMBL4854825,CNC(=O)c1sc2ncn(Cc3nc(C[C@H](O)c4ccc5c(c4)OCO5)no3)c(=O)c2c1C,CHEMBL4837096,CHEMBL4834489,2021,78.0,nM,7.107905397309519,7.11,0.0020946026904811177,calcium_fluorescence,AITC,AITC,,,HEK293,,120.0,,human | not_reported | calcium_fluorescence | AITC | NA | NA | HEK293 | NA | NA,9,,0,not_reported,not_required,,1,False,True,True,,
23280787,3622507,CHEMBL4866216,CHEMBL4866216,CNC(=O)c1sc2ncn(Cc3nc(C[C@H](O)c4ccc(Cl)cc4)no3)c(=O)c2c1C,CHEMBL4837096,CHEMBL4834489,2021,10.0,nM,8.0,8.0,0.0,calcium_fluorescence,AITC,AITC,,,HEK293,,120.0,,human | not_reported | calcium_fluorescence | AITC | NA | NA | HEK293 | NA | NA,9,,0,not_reported,not_required,,1,False,True,True,,
23280788,3622508,CHEMBL4859608,CHEMBL4859608,Cc1c(C(=O)NCC(F)F)sc2ncn(Cc3nc(C[C@H](O)c4ccc(Cl)cc4)no3)c(=O)c12,CHEMBL4837096,CHEMBL4834489,2021,15.0,nM,7.823908740944319,7.82,-0.003908740944318367,calcium_fluorescence,AITC,AITC,,,HEK293,,120.0,,human | not_reported | calcium_fluorescence | AITC | NA | NA | HEK293 | NA | NA,9,,0,not_reported,not_required,,1,False,True,True,,
23280789,3622509,CHEMBL4847955,CHEMBL4847955,Cc1c(C(=O)NCC(C)(C)O)sc2ncn(Cc3nc(C[C@H](O)c4ccc(Cl)cc4)no3)c(=O)c12,CHEMBL4837096,CHEMBL4834489,2021,37.0,nM,7.431798275933005,7.43,-0.0017982759330053,calcium_fluorescence,AITC,AITC,,,HEK293,,120.0,,human | not_reported | calcium_fluorescence | AITC | NA | NA | HEK293 | NA | NA,9,,0,not_reported,not_required,,1,False,True,True,,
23280790,3622510,CHEMBL4848526,CHEMBL4848526,O=C1NCCc2c1sc1ncn(Cc3nc(C[C@H](O)c4ccc(Cl)cc4)no3)c(=O)c21,CHEMBL4837096,CHEMBL4834489,2021,9.0,nM,8.045757490560675,8.05,0.004242509439325914,calcium_fluorescence,AITC,AITC,,,HEK293,,120.0,,human | not_reported | calcium_fluorescence | AITC | NA | NA | HEK293 | NA | NA,9,,0,not_reported,not_required,,1,False,True,True,,
23280791,3622511,CHEMBL4850616,CHEMBL4850616,NC(=O)c1sc2ncn(Cc3nc(C[C@H](O)c4ccc(Cl)cc4)no3)c(=O)c2c1Cl,CHEMBL4837096,CHEMBL4834489,2021,16.0,nM,7.795880017344075,7.8,0.0041199826559248365,calcium_fluorescence,AITC,AITC,,,HEK293,,120.0,,human | not_reported | calcium_fluorescence | AITC | NA | NA | HEK293 | NA | NA,9,,0,not_reported,not_required,,1,False,True,True,,
23317232,3359641,CHEMBL3697701,CHEMBL3697701,CCC(=N\O)/C(C)=C/c1ccc(F)cc1,CHEMBL4880071,CHEMBL4507256,2021,67.0,nM,7.173925197299173,7.17,-0.003925197299173178,calcium_fluorescence,not specified,not specified,,,,,,,human | not_reported | calcium_fluorescence | NA | NA | NA | NA | NA | NA,9,,0,not_reported,not_required,,1,False,True,True,,
23317233,3359641,CHEMBL3697701,CHEMBL3697701,CCC(=N\O)/C(C)=C/c1ccc(F)cc1,CHEMBL4880072,CHEMBL4507256,2021,51.0,nM,7.292429823902063,7.29,-0.002429823902063255,electrophysiology,AITC,AITC,,100.0,,,,,human | not_reported | electrophysiology | AITC | NA | 100 | NA | NA | NA,9,,0,not_reported,not_required,,1,False,True,True,,
23374246,3359783,CHEMBL4514203,CHEMBL4514203,O[C@]1(C(F)(F)F)CCCC[C@H]1Nc1ccc(F)cc1,CHEMBL4885651,CHEMBL4507328,2021,16.0,nM,7.795880017344075,7.8,0.0041199826559248365,calcium_fluorescence,not specified,not specified,,,,,,,human | not_reported | calcium_fluorescence | NA | NA | NA | NA | NA | NA,9,,0,not_reported,not_required,,1,False,True,True,,
23374252,3359783,CHEMBL4514203,CHEMBL4514203,O[C@]1(C(F)(F)F)CCCC[C@H]1Nc1ccc(F)cc1,CHEMBL4885657,CHEMBL4507328,2021,82.0,nM,7.086186147616283,7.09,0.003813852383716565,electrophysiology,not specified,not specified,,,,,,,human | not_reported | NA | NA | NA | NA | NA | NA | NA,9,,0,not_reported,not_required,,1,False,True,True,,
24770057,3864857,CHEMBL5197125,CHEMBL5197125,NC(=O)c1csc2ncn(Cc3nnn(C[C@H](O)c4cc5ccc(F)cc5s4)n3)c(=O)c12,CHEMBL5126028,CHEMBL5120955,2022,9.0,nM,8.045757490560675,8.05,0.004242509439325914,calcium_fluorescence,AITC,AITC,,,HEK293,,10.001999999999999,,human | not_reported | calcium_fluorescence | AITC | NA | NA | HEK293 | NA | NA,9,,0,not_reported,not_required,,1,False,True,True,,
24770058,3864858,CHEMBL5202437,CHEMBL5202437,NC(=O)c1csc2ncn(Cc3nnn(C[C@H](O)c4cc5cc(Cl)ccc5o4)n3)c(=O)c12,CHEMBL5126028,CHEMBL5120955,2022,12.0,nM,7.920818753952375,7.92,-0.0008187539523749621,calcium_fluorescence,AITC,AITC,,,HEK293,,10.001999999999999,,human | not_reported | calcium_fluorescence | AITC | NA | NA | HEK293 | NA | NA,9,,0,not_reported,not_required,,1,False,True,True,,
24770059,3864859,CHEMBL5205506,CHEMBL5205506,NC(=O)c1csc2ncn(Cc3nnn(C[C@H](O)c4ccc5oc(F)cc5c4)n3)c(=O)c12,CHEMBL5126028,CHEMBL5120955,2022,12.0,nM,7.920818753952375,7.92,-0.0008187539523749621,calcium_fluorescence,AITC,AITC,,,HEK293,,10.001999999999999,,human | not_reported | calcium_fluorescence | AITC | NA | NA | HEK293 | NA | NA,9,,0,not_reported,not_required,,1,False,True,True,,
24770060,3864860,CHEMBL5179888,CHEMBL5179888,NC(=O)c1csc2ncn(Cc3nnn(C[C@H](O)c4cc5ccccc5s4)n3)c(=O)c12,CHEMBL5126028,CHEMBL5120955,2022,13.0,nM,7.886056647693163,7.89,0.003943352306836623,calcium_fluorescence,AITC,AITC,,,HEK293,,10.001999999999999,,human | not_reported | calcium_fluorescence | AITC | NA | NA | HEK293 | NA | NA,9,,0,not_reported,not_required,,1,False,True,True,,
24770061,3864861,CHEMBL5185597,CHEMBL5185597,NC(=O)c1csc2ncn(Cc3nnn(C[C@H](O)c4cc5cc(F)ccc5o4)n3)c(=O)c12,CHEMBL5126028,CHEMBL5120955,2022,22.0,nM,7.657577319177793,7.66,0.0024226808222067575,calcium_fluorescence,AITC,AITC,,,HEK293,,10.001999999999999,,human | not_reported | calcium_fluorescence | AITC | NA | NA | HEK293 | NA | NA,9,,0,not_reported,not_required,,1,False,True,True,,
24770062,3864862,CHEMBL5181161,CHEMBL5181161,NC(=O)c1csc2ncn(Cc3nnn(C[C@H](O)c4cc(Cl)c(Cl)s4)n3)c(=O)c12,CHEMBL5126028,CHEMBL5120955,2022,23.0,nM,7.638272163982407,7.64,0.0017278360175927432,calcium_fluorescence,AITC,AITC,,,HEK293,,10.001999999999999,,human | not_reported | calcium_fluorescence | AITC | NA | NA | HEK293 | NA | NA,9,,0,not_reported,not_required,,1,False,True,True,,
24831377,3878167,CHEMBL5170316,CHEMBL5170316,Cc1c(C(N)=O)oc2ncn(Cc3nnn(C[C@H](O)c4cc5ccccc5s4)n3)c(=O)c12,CHEMBL5142855,CHEMBL5137102,2022,10.0,nM,8.0,8.0,0.0,calcium_fluorescence,AITC,AITC,,,HEK293,,10.001999999999999,,human | not_reported | calcium_fluorescence | AITC | NA | NA | HEK293 | NA | NA,9,,0,not_reported,not_required,,1,False,True,True,,
24831378,3878168,CHEMBL5196336,CHEMBL5196336,Cc1c(C(N)=O)oc2ncn(Cc3nnn(C[C@H](O)c4ccc(Cl)s4)n3)c(=O)c12,CHEMBL5142855,CHEMBL5137102,2022,10.0,nM,8.0,8.0,0.0,calcium_fluorescence,AITC,AITC,,,HEK293,,10.001999999999999,,human | not_reported | calcium_fluorescence | AITC | NA | NA | HEK293 | NA | NA,9,,0,not_reported,not_required,,1,False,True,True,,
24831379,3878169,CHEMBL5176405,CHEMBL5176405,Cc1oc2ncn(Cc3nnn(C[C@H](O)c4cc5ccc(F)cc5s4)n3)c(=O)c2c1C(N)=O,CHEMBL5142855,CHEMBL5137102,2022,10.0,nM,8.0,8.0,0.0,calcium_fluorescence,AITC,AITC,,,HEK293,,10.001999999999999,,human | not_reported | calcium_fluorescence | AITC | NA | NA | HEK293 | NA | NA,9,,0,not_reported,not_required,,1,False,True,True,,
24831380,3878170,CHEMBL5187441,CHEMBL5187441,Cc1oc2ncn(Cc3nnn(C[C@H](O)c4cc5ccccc5s4)n3)c(=O)c2c1C(N)=O,CHEMBL5142855,CHEMBL5137102,2022,11.0,nM,7.958607314841775,7.96,0.0013926851582253263,calcium_fluorescence,AITC,AITC,,,HEK293,,10.001999999999999,,human | not_reported | calcium_fluorescence | AITC | NA | NA | HEK293 | NA | NA,9,,0,not_reported,not_required,,1,False,True,True,,
24831381,3878171,CHEMBL5209855,CHEMBL5209855,Cc1c(C(N)=O)oc2ncn(Cc3nnn(C[C@H](O)c4cc5cc(Cl)ccc5o4)n3)c(=O)c12,CHEMBL5142855,CHEMBL5137102,2022,13.0,nM,7.886056647693163,7.89,0.003943352306836623,calcium_fluorescence,AITC,AITC,,,HEK293,,10.001999999999999,,human | not_reported | calcium_fluorescence | AITC | NA | NA | HEK293 | NA | NA,9,,0,not_reported,not_required,,1,False,True,True,,
24831382,3878172,CHEMBL5171677,CHEMBL5171677,Cc1oc2ncn(Cc3nnn(C[C@H](O)c4cc5cc(Cl)ccc5o4)n3)c(=O)c2c1C(N)=O,CHEMBL5142855,CHEMBL5137102,2022,12.0,nM,7.920818753952375,7.92,-0.0008187539523749621,calcium_fluorescence,AITC,AITC,,,HEK293,,10.001999999999999,,human | not_reported | calcium_fluorescence | AITC | NA | NA | HEK293 | NA | NA,9,,0,not_reported,not_required,,1,False,True,True,,
24953936,3897779,CHEMBL377219,CHEMBL377219,Clc1cccc(-c2nnnn2Cc2cccnc2)c1Cl,CHEMBL5210282,CHEMBL5210121,2023,51.0,nM,7.292429823902063,7.29,-0.002429823902063255,electrophysiology,AITC,AITC,,100.0,HEK293,,,,human | not_reported | electrophysiology | AITC | NA | 100 | HEK293 | NA | NA,9,,0,not_reported,not_required,,1,False,True,True,,
24954137,3897914,CHEMBL377219,CHEMBL377219,Clc1cccc(-c2nnnn2Cc2cccnc2)c1Cl,CHEMBL5210580,CHEMBL5210307,2023,67.0,nM,7.173925197299173,7.17,-0.003925197299173178,calcium_fluorescence,AITC,AITC,,,,,,,human | not_reported | calcium_fluorescence | AITC | NA | NA | NA | NA | NA,9,,0,not_reported,not_required,,1,False,True,True,,
25448979,3958173,CHEMBL5398163,CHEMBL5398163,CC1(C)CCC[C@](O)(C(F)(F)F)[C@H]1Cc1ccc([N+](=O)[O-])cc1,CHEMBL5318377,CHEMBL5316309,2023,14.0,nM,7.853871964321762,7.85,-0.003871964321762178,calcium_fluorescence,not specified,not specified,,,CHO,,10.001999999999999,,human | not_reported | calcium_fluorescence | NA | NA | NA | CHO | NA | NA,9,,0,not_reported,not_required,,1,False,True,True,,
25448980,3958172,CHEMBL5437183,CHEMBL5437183,CC1(C)CCC[C@](O)(C(F)(F)F)[C@H]1Cc1ccc(F)cc1,CHEMBL5318377,CHEMBL5316309,2023,36.0,nM,7.443697499232712,7.44,-0.0036974992327118983,calcium_fluorescence,not specified,not specified,,,CHO,,10.001999999999999,,human | not_reported | calcium_fluorescence | NA | NA | NA | CHO | NA | NA,9,,0,not_reported,not_required,,2,True,True,True,,
25448981,3958171,CHEMBL5437183,CHEMBL5437183,CC1(C)CCC[C@](O)(C(F)(F)F)[C@H]1Cc1ccc(F)cc1,CHEMBL5318377,CHEMBL5316309,2023,33.0,nM,7.481486060122112,7.48,-0.0014860601221116099,calcium_fluorescence,not specified,not specified,,,CHO,,10.001999999999999,,human | not_reported | calcium_fluorescence | NA | NA | NA | CHO | NA | NA,9,,0,not_reported,not_required,,2,True,True,True,,
25448982,3958170,CHEMBL5431800,CHEMBL5431800,CC1(C)CCCC(O)(C(F)(F)F)C1Cc1ccc(Cl)cc1,CHEMBL5318377,CHEMBL5316309,2023,340.0,nM,6.468521082957745,6.47,0.0014789170422551123,calcium_fluorescence,not specified,not specified,,,CHO,,10.001999999999999,,human | not_reported | calcium_fluorescence | NA | NA | NA | CHO | NA | NA,9,,0,not_reported,not_required,,1,False,True,True,,
25448983,3958169,CHEMBL5436178,CHEMBL5436178,CC1(C)CCCC(O)(C(F)(F)F)C1Cc1ccc(C#N)cc1,CHEMBL5318377,CHEMBL5316309,2023,390.0,nM,6.4089353929735005,6.41,0.0010646070264996865,calcium_fluorescence,not specified,not specified,,,CHO,,10.001999999999999,,human | not_reported | calcium_fluorescence | NA | NA | NA | CHO | NA | NA,9,,0,not_reported,not_required,,1,False,True,True,,
25448984,3958168,CHEMBL5419068,CHEMBL5419068,Cc1ccc(CC2C(C)(C)CCCC2(O)C(F)(F)F)cc1,CHEMBL5318377,CHEMBL5316309,2023,1270.0,nM,5.896196279044043,5.9,0.0038037209559576013,calcium_fluorescence,not specified,not specified,,,CHO,,10.001999999999999,,human | not_reported | calcium_fluorescence | NA | NA | NA | CHO | NA | NA,9,,0,not_reported,not_required,,1,False,True,True,,
25448987,3958165,CHEMBL5408516,CHEMBL5408516,CC1(C)CCCC(O)(C(F)(F)F)C1Cc1cccc(F)c1,CHEMBL5318377,CHEMBL5316309,2023,750.0,nM,6.1249387366083,6.12,-0.0049387366082997985,calcium_fluorescence,not specified,not specified,,,CHO,,10.001999999999999,,human | not_reported | calcium_fluorescence | NA | NA | NA | CHO | NA | NA,9,,0,not_reported,not_required,,1,False,True,True,,
25448988,3958164,CHEMBL5401746,CHEMBL5401746,CC1(C)CCCC(O)(C(F)(F)F)C1Cc1cccc(C#N)c1,CHEMBL5318377,CHEMBL5316309,2023,5550.0,nM,5.255707016877324,5.26,0.0042929831226761195,calcium_fluorescence,not specified,not specified,,,CHO,,10.001999999999999,,human | not_reported | calcium_fluorescence | NA | NA | NA | CHO | NA | NA,9,,0,not_reported,not_required,,1,False,True,True,,
25448989,3958163,CHEMBL5436224,CHEMBL5436224,CC1(C)CCCC(O)(C(F)(F)F)C1Cc1ccc(F)cc1F,CHEMBL5318377,CHEMBL5316309,2023,1000.0,nM,6.0,6.0,0.0,calcium_fluorescence,not specified,not specified,,,CHO,,10.001999999999999,,human | not_reported | calcium_fluorescence | NA | NA | NA | CHO | NA | NA,9,,0,not_reported,not_required,,1,False,True,True,,
25448990,3958162,CHEMBL5428371,CHEMBL5428371,O[C@@]1(C(F)(F)F)CCCC[C@@H]1Cc1ccc(F)cc1,CHEMBL5318377,CHEMBL5316309,2023,4.0,nM,8.397940008672037,8.4,0.0020599913279628623,calcium_fluorescence,not specified,not specified,,,CHO,,10.001999999999999,,human | not_reported | calcium_fluorescence | NA | NA | NA | CHO | NA | NA,9,,0,not_reported,not_required,,1,False,True,True,,
25448991,3958161,CHEMBL5428179,CHEMBL5428179,O[C@]1(C(F)(F)F)CCCC[C@H]1Cc1csc(Cl)c1,CHEMBL5318377,CHEMBL5316309,2023,5.0,nM,8.301029995663981,8.3,-0.001029995663980543,calcium_fluorescence,not specified,not specified,,,CHO,,10.001999999999999,,human | not_reported | calcium_fluorescence | NA | NA | NA | CHO | NA | NA,9,,0,not_reported,not_required,,1,False,True,True,,
25448992,3958160,CHEMBL5413437,CHEMBL5413437,N#Cc1cc(C[C@@H]2CCCC[C@]2(O)C(F)(F)F)cs1,CHEMBL5318377,CHEMBL5316309,2023,43.0,nM,7.366531544420414,7.37,0.003468455579586305,calcium_fluorescence,not specified,not specified,,,CHO,,10.001999999999999,,human | not_reported | calcium_fluorescence | NA | NA | NA | CHO | NA | NA,9,,0,not_reported,not_required,,1,False,True,True,,
25448993,3958159,CHEMBL5440987,CHEMBL5440987,O[C@]1(C(F)(F)F)CCCC[C@H]1Cc1ccc(Cl)nc1,CHEMBL5318377,CHEMBL5316309,2023,100.0,nM,7.0,7.0,0.0,calcium_fluorescence,not specified,not specified,,,CHO,,10.001999999999999,,human | not_reported | calcium_fluorescence | NA | NA | NA | CHO | NA | NA,9,,0,not_reported,not_required,,1,False,True,True,,
25448994,3958158,CHEMBL5424431,CHEMBL5424431,O[C@]1(C(F)(F)F)CCCC[C@H]1Cc1cncc(Cl)c1,CHEMBL5318377,CHEMBL5316309,2023,1600.0,nM,5.795880017344075,5.8,0.0041199826559248365,calcium_fluorescence,not specified,not specified,,,CHO,,10.001999999999999,,human | not_reported | calcium_fluorescence | NA | NA | NA | CHO | NA | NA,9,,0,not_reported,not_required,,1,False,True,True,,
25448995,3958157,CHEMBL5424148,CHEMBL5424148,O[C@]1(C(F)(F)F)CCCC[C@H]1Cc1ccncc1,CHEMBL5318377,CHEMBL5316309,2023,722.0,nM,6.141462802430361,6.14,-0.001462802430361343,calcium_fluorescence,not specified,not specified,,,CHO,,10.001999999999999,,human | not_reported | calcium_fluorescence | NA | NA | NA | CHO | NA | NA,9,,0,not_reported,not_required,,1,False,True,True,,
25448996,3958189,CHEMBL5394183,CHEMBL5394183,O[C@]1(C(F)(F)F)CCCC[C@H]1Cc1ccc(Cl)cn1,CHEMBL5318377,CHEMBL5316309,2023,810.0,nM,6.09151498112135,6.09,-0.0015149811213497344,calcium_fluorescence,not specified,not specified,,,CHO,,10.001999999999999,,human | not_reported | calcium_fluorescence | NA | NA | NA | CHO | NA | NA,9,,0,not_reported,not_required,,1,False,True,True,,
25448997,3958190,CHEMBL5431088,CHEMBL5431088,OC(F)(F)[C@@]1(O)CCCC[C@H]1Cc1c[nH]c2ccccc12,CHEMBL5318377,CHEMBL5316309,2023,25000.0,nM,4.6020599913279625,4.6,-0.0020599913279628623,calcium_fluorescence,not specified,not specified,,,CHO,,10.001999999999999,,human | not_reported | calcium_fluorescence | NA | NA | NA | CHO | NA | NA,9,,0,not_reported,not_required,,1,False,True,True,,
25448998,3958191,CHEMBL5439762,CHEMBL5439762,O[C@]1(C(F)(F)F)CCCC[C@H]1Oc1ccc(F)cc1,CHEMBL5318377,CHEMBL5316309,2023,20.0,nM,7.698970004336019,7.7,0.0010299956639814312,calcium_fluorescence,not specified,not specified,,,CHO,,10.001999999999999,,human | not_reported | calcium_fluorescence | NA | NA | NA | CHO | NA | NA,9,,0,not_reported,not_required,,1,False,True,True,,
25448999,3958192,CHEMBL4514203,CHEMBL4514203,O[C@]1(C(F)(F)F)CCCC[C@H]1Nc1ccc(F)cc1,CHEMBL5318377,CHEMBL5316309,2023,16.0,nM,7.795880017344075,7.8,0.0041199826559248365,calcium_fluorescence,not specified,not specified,,,CHO,,10.001999999999999,,human | not_reported | calcium_fluorescence | NA | NA | NA | CHO | NA | NA,9,,0,not_reported,not_required,,1,False,True,True,,
25449000,3958193,CHEMBL5397630,CHEMBL5397630,CN(c1ccc(F)cc1)[C@@H]1CCCC[C@]1(O)C(F)(F)F,CHEMBL5318377,CHEMBL5316309,2023,430.0,nM,6.366531544420413,6.37,0.003468455579587193,calcium_fluorescence,not specified,not specified,,,CHO,,10.001999999999999,,human | not_reported | calcium_fluorescence | NA | NA | NA | CHO | NA | NA,9,,0,not_reported,not_required,,1,False,True,True,,
25449001,3958194,CHEMBL5411635,CHEMBL5411635,COCCN(c1ccc(F)cc1)[C@@H]1CCCC[C@]1(O)C(F)(F)F,CHEMBL5318377,CHEMBL5316309,2023,1200.0,nM,5.920818753952375,5.92,-0.0008187539523749621,calcium_fluorescence,not specified,not specified,,,CHO,,10.001999999999999,,human | not_reported | calcium_fluorescence | NA | NA | NA | CHO | NA | NA,9,,0,not_reported,not_required,,1,False,True,True,,
25449002,3958195,CHEMBL5426246,CHEMBL5426246,O[C@]1(C(F)(F)F)CCCC[C@H]1Nc1ccccc1,CHEMBL5318377,CHEMBL5316309,2023,430.0,nM,6.366531544420413,6.37,0.003468455579587193,calcium_fluorescence,not specified,not specified,,,CHO,,10.001999999999999,,human | not_reported | calcium_fluorescence | NA | NA | NA | CHO | NA | NA,9,,0,not_reported,not_required,,1,False,True,True,,
25449003,3958196,CHEMBL5419147,CHEMBL5419147,O[C@]1(C(F)(F)F)CCCC[C@H]1N1CCc2cc(F)ccc21,CHEMBL5318377,CHEMBL5316309,2023,45.0,nM,7.346787486224656,7.35,0.003212513775343595,calcium_fluorescence,not specified,not specified,,,CHO,,10.001999999999999,,human | not_reported | calcium_fluorescence | NA | NA | NA | CHO | NA | NA,9,,0,not_reported,not_required,,1,False,True,True,,
25449004,3958197,CHEMBL5407661,CHEMBL5407661,O=C(N[C@@H]1CCCC[C@]1(O)C(F)(F)F)c1ccc(F)cc1,CHEMBL5318377,CHEMBL5316309,2023,3400.0,nM,5.468521082957745,5.47,0.0014789170422551123,calcium_fluorescence,not specified,not specified,,,CHO,,10.001999999999999,,human | not_reported | calcium_fluorescence | NA | NA | NA | CHO | NA | NA,9,,0,not_reported,not_required,,1,False,True,True,,
25449006,3958199,CHEMBL5398623,CHEMBL5398623,CN([C@@H]1CCCC[C@]1(O)C(F)(F)F)S(=O)(=O)c1ccc(F)cc1,CHEMBL5318377,CHEMBL5316309,2023,3200.0,nM,5.494850021680094,5.5,0.005149978319906268,calcium_fluorescence,not specified,not specified,,,CHO,,10.001999999999999,,human | not_reported | calcium_fluorescence | NA | NA | NA | CHO | NA | NA,9,,0,not_reported,not_required,,1,False,True,True,,
25449007,3958182,CHEMBL5394758,CHEMBL5394758,O[C@]1(C(F)(F)F)CCCC[C@H]1Nc1ccc(Cl)cc1,CHEMBL5318377,CHEMBL5316309,2023,17.0,nM,7.769551078621726,7.77,0.00044892137827368117,calcium_fluorescence,not specified,not specified,,,CHO,,10.001999999999999,,human | not_reported | calcium_fluorescence | NA | NA | NA | CHO | NA | NA,9,,0,not_reported,not_required,,1,False,True,True,,
25449008,3958183,CHEMBL5394738,CHEMBL5394738,N#Cc1ccc(N[C@@H]2CCCC[C@]2(O)C(F)(F)F)cc1,CHEMBL5318377,CHEMBL5316309,2023,103.0,nM,6.987162775294828,6.99,0.0028372247051722255,calcium_fluorescence,not specified,not specified,,,CHO,,10.001999999999999,,human | not_reported | calcium_fluorescence | NA | NA | NA | CHO | NA | NA,9,,0,not_reported,not_required,,1,False,True,True,,
25449009,3958184,CHEMBL5413993,CHEMBL5413993,O[C@]1(C(F)(F)F)CCCC[C@H]1Nc1cccc(F)c1,CHEMBL5318377,CHEMBL5316309,2023,63.0,nM,7.200659450546418,7.2,-0.0006594505464176947,calcium_fluorescence,not specified,not specified,,,CHO,,10.001999999999999,,human | not_reported | calcium_fluorescence | NA | NA | NA | CHO | NA | NA,9,,0,not_reported,not_required,,1,False,True,True,,
25449010,3958185,CHEMBL5419942,CHEMBL5419942,O[C@]1(C(F)(F)F)CCCC[C@H]1Nc1ccc(F)cn1,CHEMBL5318377,CHEMBL5316309,2023,440.0,nM,6.356547323513812,6.36,0.0034526764861881887,calcium_fluorescence,not specified,not specified,,,CHO,,10.001999999999999,,human | not_reported | calcium_fluorescence | NA | NA | NA | CHO | NA | NA,9,,0,not_reported,not_required,,1,False,True,True,,
25449011,3958186,CHEMBL5419744,CHEMBL5419744,O[C@]1(C(F)(F)F)CCCC[C@H]1Nc1ccc(Cl)c(F)c1,CHEMBL5318377,CHEMBL5316309,2023,21.0,nM,7.6777807052660805,7.68,0.0022192947339192415,calcium_fluorescence,not specified,not specified,,,CHO,,10.001999999999999,,human | not_reported | calcium_fluorescence | NA | NA | NA | CHO | NA | NA,9,,0,not_reported,not_required,,1,False,True,True,,
25449012,3958187,CHEMBL5423752,CHEMBL5423752,O[C@]1(C(F)(F)F)CCCC[C@H]1Nc1ccc(F)c(Cl)c1,CHEMBL5318377,CHEMBL5316309,2023,55.0,nM,7.259637310505756,7.26,0.0003626894942438952,calcium_fluorescence,not specified,not specified,,,CHO,,10.001999999999999,,human | not_reported | calcium_fluorescence | NA | NA | NA | CHO | NA | NA,9,,0,not_reported,not_required,,1,False,True,True,,
25449013,3958188,CHEMBL5422541,CHEMBL5422541,O[C@]1(C(F)(F)F)CCCC[C@H]1Nc1ccc(Cl)c(Cl)c1,CHEMBL5318377,CHEMBL5316309,2023,41.0,nM,7.3872161432802645,7.39,0.002783856719735134,calcium_fluorescence,not specified,not specified,,,CHO,,10.001999999999999,,human | not_reported | calcium_fluorescence | NA | NA | NA | CHO | NA | NA,9,,0,not_reported,not_required,,1,False,True,True,,
25449015,3958174,CHEMBL5428534,CHEMBL5428534,N#Cc1ccc(NC2CCCCC2(O)C(F)(F)F)cc1C(F)(F)F,CHEMBL5318377,CHEMBL5316309,2023,19000.0,nM,4.721246399047171,4.72,-0.001246399047171387,calcium_fluorescence,not specified,not specified,,,CHO,,10.001999999999999,,human | not_reported | calcium_fluorescence | NA | NA | NA | CHO | NA | NA,9,,0,not_reported,not_required,,1,False,True,True,,
25449016,3958202,CHEMBL5440996,CHEMBL5440996,O[C@]1(C(F)(F)F)CCCC[C@H]1Cc1ncc(Cl)s1,CHEMBL5318377,CHEMBL5316309,2023,470.0,nM,6.327902142064282,6.33,0.0020978579357180394,calcium_fluorescence,not specified,not specified,,,CHO,,10.001999999999999,,human | not_reported | calcium_fluorescence | NA | NA | NA | CHO | NA | NA,9,,0,not_reported,not_required,,1,False,True,True,,
25449033,3958156,CHEMBL5402014,CHEMBL5402014,C[C@H]1[C@H](F)C[C@@H](C(=O)NCc2cc(-c3cnc(C(F)(F)F)nc3)ncc2C#N)N1Sc1ccc(F)cc1,CHEMBL5318380,CHEMBL5316309,2023,6.1,nM,8.214670164989233,8.21,-0.004670164989232006,calcium_fluorescence,not specified,not specified,,,CHO,,1440.0,,human | wild_type | calcium_fluorescence | NA | NA | NA | CHO | NA | NA,9,,0,wild_type,not_required,,1,False,True,True,,
25449034,3958175,CHEMBL3697701,CHEMBL3697701,CCC(=N\O)/C(C)=C/c1ccc(F)cc1,CHEMBL5318380,CHEMBL5316309,2023,44.0,nM,7.356547323513812,7.36,0.0034526764861881887,calcium_fluorescence,not specified,not specified,,,CHO,,1440.0,,human | wild_type | calcium_fluorescence | NA | NA | NA | CHO | NA | NA,9,,0,wild_type,not_required,,1,False,True,True,,
25449035,3958176,CHEMBL3298923,CHEMBL3298923,Cc1cc2[nH]ncc2cc1-c1ccccc1C(F)(F)F,CHEMBL5318380,CHEMBL5316309,2023,14.0,nM,7.853871964321762,7.85,-0.003871964321762178,calcium_fluorescence,not specified,not specified,,,CHO,,1440.0,,human | wild_type | calcium_fluorescence | NA | NA | NA | CHO | NA | NA,9,,0,wild_type,not_required,,1,False,True,True,,
25449036,3958177,CHEMBL5397673,CHEMBL5397673,Cc1cccc(N2CCN(C(=O)N[C@H](C(=O)c3ccc(C#N)cc3)C(C)(C)C)CC2)n1,CHEMBL5318380,CHEMBL5316309,2023,80.0,nM,7.096910013008056,7.1,0.0030899869919434053,calcium_fluorescence,not specified,not specified,,,CHO,,1440.0,,human | wild_type | calcium_fluorescence | NA | NA | NA | CHO | NA | NA,9,,0,wild_type,not_required,,1,False,True,True,,
25449037,3958178,CHEMBL5408439,CHEMBL5408439,C#CC(CC)(CC)NC(=O)c1cccnc1NC1CC(F)(F)C1,CHEMBL5318380,CHEMBL5316309,2023,1.0,nM,9.0,9.0,0.0,calcium_fluorescence,not specified,not specified,,,CHO,,1440.0,,human | wild_type | calcium_fluorescence | NA | NA | NA | CHO | NA | NA,9,,0,wild_type,not_required,,1,False,True,True,,
25449038,3958179,CHEMBL1086587,CHEMBL1086587,O=C(NC(Sc1ccc(Cl)cc1)C(Cl)(Cl)Cl)c1ccc([N+](=O)[O-])cc1,CHEMBL5318380,CHEMBL5316309,2023,98.0,nM,7.008773924307505,7.01,0.001226075692494888,calcium_fluorescence,not specified,not specified,,,CHO,,1440.0,,human | wild_type | calcium_fluorescence | NA | NA | NA | CHO | NA | NA,9,,0,wild_type,not_required,,1,False,True,True,,
25449039,3958180,CHEMBL3314489,CHEMBL3314489,COCCCOc1cccc([C@H]2NC(=S)Nc3c2oc2ncccc32)c1,CHEMBL5318380,CHEMBL5316309,2023,67.0,nM,7.173925197299173,7.17,-0.003925197299173178,calcium_fluorescence,not specified,not specified,,,CHO,,1440.0,,human | wild_type | calcium_fluorescence | NA | NA | NA | CHO | NA | NA,9,,0,wild_type,not_required,,1,False,True,True,,
25449040,3958181,CHEMBL5427438,CHEMBL5427438,O=c1c2[nH]cnc2ncn1Cc1nc(CCc2ccc(Cl)cc2)no1,CHEMBL5318380,CHEMBL5316309,2023,47.0,nM,7.327902142064282,7.33,0.0020978579357180394,calcium_fluorescence,not specified,not specified,,,CHO,,1440.0,,human | wild_type | calcium_fluorescence | NA | NA | NA | CHO | NA | NA,9,,0,wild_type,not_required,,1,False,True,True,,
25449041,3958192,CHEMBL4514203,CHEMBL4514203,O[C@]1(C(F)(F)F)CCCC[C@H]1Nc1ccc(F)cc1,CHEMBL5318380,CHEMBL5316309,2023,35.0,nM,7.455931955649724,7.46,0.004068044350275635,calcium_fluorescence,not specified,not specified,,,CHO,,1440.0,,human | wild_type | calcium_fluorescence | NA | NA | NA | CHO | NA | NA,9,,0,wild_type,not_required,,1,False,True,True,,
25449042,3958200,CHEMBL5436504,CHEMBL5436504,C[C@@H](C(=O)Nc1ccnc(-c2cnc(N3CCC[C@H]3C(F)(F)F)nc2)n1)n1cnc2c1c(=O)n(C)c(=O)n2C,CHEMBL5318380,CHEMBL5316309,2023,64.0,nM,7.1938200260161125,7.19,-0.003820026016112088,calcium_fluorescence,not specified,not specified,,,CHO,,1440.0,,human | wild_type | calcium_fluorescence | NA | NA | NA | CHO | NA | NA,9,,0,wild_type,not_required,,1,False,True,True,,
25449043,3958201,CHEMBL3905801,CHEMBL3905801,Cn1c(=O)c2c(CC(=O)Nc3nc(-c4ccc(F)c(C(F)(F)F)c4F)cs3)csc2n(C)c1=O,CHEMBL5318380,CHEMBL5316309,2023,6800.0,nM,5.167491087293763,5.17,0.0025089127062365435,calcium_fluorescence,not specified,not specified,,,CHO,,1440.0,,human | wild_type | calcium_fluorescence | NA | NA | NA | CHO | NA | NA,9,,0,wild_type,not_required,,1,False,True,True,,
25608061,3987939,CHEMBL451159,CHEMBL451159,COC(=O)[C@H](C)[C@H]1CC[C@@](C)(CCC2=C(C)CCCC2(C)C)OO1,CHEMBL5360087,CHEMBL5357058,2024,14100.0,nM,4.85078088734462,4.85,-0.0007808873446206732,calcium_fluorescence,AITC,AITC,,,HEK293,,4.9998000000000005,,human | not_reported | calcium_fluorescence | AITC | NA | NA | HEK293 | NA | NA,9,,0,not_reported,not_required,,1,False,True,True,,
25608062,3987940,CHEMBL465146,CHEMBL465146,C=C1CCCC(C)(C)C1CC[C@]1(C)CC[C@H]([C@@H](C)C(=O)OC)OO1,CHEMBL5360087,CHEMBL5357058,2024,18900.0,nM,4.723538195826756,4.72,-0.0035381958267564073,calcium_fluorescence,AITC,AITC,,,HEK293,,4.9998000000000005,,human | not_reported | calcium_fluorescence | AITC | NA | NA | HEK293 | NA | NA,9,,0,not_reported,not_required,,1,False,True,True,,
25608063,3987941,CHEMBL496650,CHEMBL496650,COC(=O)[C@H](C)[C@H]1CC[C@@](C)(CCC2=C(C)C(=O)CCC2(C)C)OO1,CHEMBL5360087,CHEMBL5357058,2024,22100.0,nM,4.655607726314889,4.66,0.004392273685111192,calcium_fluorescence,AITC,AITC,,,HEK293,,4.9998000000000005,,human | not_reported | calcium_fluorescence | AITC | NA | NA | HEK293 | NA | NA,9,,0,not_reported,not_required,,1,False,True,True,,
25608067,3987945,CHEMBL524897,CHEMBL524897,COC(=O)[C@H](C)[C@@H]1CC[C@@](C)(CCC2=C(C)CCCC2(C)C)OO1,CHEMBL5360087,CHEMBL5357058,2024,29300.0,nM,4.533132379645891,4.53,-0.0031323796458906372,calcium_fluorescence,AITC,AITC,,,HEK293,,4.9998000000000005,,human | not_reported | calcium_fluorescence | AITC | NA | NA | HEK293 | NA | NA,9,,0,not_reported,not_required,,1,False,True,True,,
25608073,3987930,CHEMBL463703,CHEMBL463703,CC1=C(CC/C(C)=C/CC[C@@]2(C)CC[C@@H]([C@H](C)C(=O)O)OO2)C(C)(C)CCC1,CHEMBL5360087,CHEMBL5357058,2024,4800.0,nM,5.318758762624412,5.32,0.0012412373755879003,calcium_fluorescence,AITC,AITC,,,HEK293,,4.9998000000000005,,human | not_reported | calcium_fluorescence | AITC | NA | NA | HEK293 | NA | NA,9,,0,not_reported,not_required,,1,False,True,True,,
25608075,3987932,CHEMBL5401727,CHEMBL5401727,CC1=C(CC/C(C)=C/CC[C@@]2(C)CC[C@@H]([C@H](C)C(=O)O)OO2)C(C)(C)CCC1=O,CHEMBL5360087,CHEMBL5357058,2024,15300.0,nM,4.815308569182402,4.82,0.004691430817598707,calcium_fluorescence,AITC,AITC,,,HEK293,,4.9998000000000005,,human | not_reported | calcium_fluorescence | AITC | NA | NA | HEK293 | NA | NA,9,,0,not_reported,not_required,,1,False,True,True,,
25608076,3987933,CHEMBL5401628,CHEMBL5401628,CC1=C(CC/C(C)=C/CC[C@]2(C)CC[C@@H]([C@H](C)C(=O)O)OO2)C(C)(C)CCC1,CHEMBL5360087,CHEMBL5357058,2024,5600.0,nM,5.251811972993799,5.25,-0.0018119729937993156,calcium_fluorescence,AITC,AITC,,,HEK293,,4.9998000000000005,,human | not_reported | calcium_fluorescence | AITC | NA | NA | HEK293 | NA | NA,9,,0,not_reported,not_required,,1,False,True,True,,
25608077,3987934,CHEMBL5432653,CHEMBL5432653,COC(=O)[C@@H](C)[C@@H]1CC[C@@](C)(CC/C=C(\C)CCC2=C(C)CCCC2(C)C)OO1,CHEMBL5360087,CHEMBL5357058,2024,20200.0,nM,4.694648630553377,4.7,0.005351369446623622,calcium_fluorescence,AITC,AITC,,,HEK293,,4.9998000000000005,,human | not_reported | calcium_fluorescence | AITC | NA | NA | HEK293 | NA | NA,9,,0,not_reported,not_required,,1,False,True,True,,
25608078,3987935,CHEMBL5412389,CHEMBL5412389,C=C1CCC[C@H]2[C@](C)(CC[C@@]3(C)CC[C@H]([C@@H](C)C(=O)O)OO3)[C@@H](C)CC[C@]12C,CHEMBL5360087,CHEMBL5357058,2024,2000.0,nM,5.698970004336019,5.7,0.0010299956639814312,calcium_fluorescence,AITC,AITC,,,HEK293,,4.9998000000000005,,human | not_reported | calcium_fluorescence | AITC | NA | NA | HEK293 | NA | NA,9,,0,not_reported,not_required,,1,False,True,True,,
25608079,3987936,CHEMBL5428600,CHEMBL5428600,C=C1CCC[C@H]2[C@](C)(CC[C@@]3(C)CC[C@H]([C@@H](C)C(=O)OC)OO3)[C@@H](C)CC[C@]12C,CHEMBL5360087,CHEMBL5357058,2024,13500.0,nM,4.8696662315049934,4.87,0.00033376849500665884,calcium_fluorescence,AITC,AITC,,,HEK293,,4.9998000000000005,,human | not_reported | calcium_fluorescence | AITC | NA | NA | HEK293 | NA | NA,9,,0,not_reported,not_required,,1,False,True,True,,
25608080,3987937,CHEMBL3697701,CHEMBL3697701,CCC(=N\O)/C(C)=C/c1ccc(F)cc1,CHEMBL5360087,CHEMBL5357058,2024,1000.0,nM,6.0,6.0,0.0,calcium_fluorescence,AITC,AITC,,,HEK293,,4.9998000000000005,,human | not_reported | calcium_fluorescence | AITC | NA | NA | HEK293 | NA | NA,9,,0,not_reported,not_required,,1,False,True,True,,
26010076,4089004,CHEMBL5591759,CHEMBL5591759,CC(CO)CC(C)c1ccccc1,CHEMBL5577360,CHEMBL5576088,2024,50500.0,nM,4.296708621881339,4.3,0.0032913781186607594,calcium_fluorescence,AITC,AITC,,10.0,HEK293,,,,human | not_reported | calcium_fluorescence | AITC | NA | 10 | HEK293 | NA | NA,9,,0,not_reported,not_required,,1,False,True,True,,
26010077,4089044,CHEMBL593902,CHEMBL593902,CC(=C\c1ccc(Cl)cc1)/C(C)=N/O,CHEMBL5577360,CHEMBL5576088,2024,1720.0,nM,5.764471553092451,5.76,-0.004471553092451508,calcium_fluorescence,AITC,AITC,,10.0,HEK293,,,,human | not_reported | calcium_fluorescence | AITC | NA | 10 | HEK293 | NA | NA,9,,0,not_reported,not_required,,1,False,True,True,,
26010090,4089043,CHEMBL5591349,CHEMBL5591349,C[C@@H](CO)C[C@@H](C)c1ccccc1,CHEMBL5577372,CHEMBL5576088,2024,10700.0,nM,4.97061622231479,4.97,-0.0006162223147905266,calcium_fluorescence,AITC,AITC,,,HEK293,,,,human | not_reported | calcium_fluorescence | AITC | NA | NA | HEK293 | NA | NA,9,,0,not_reported,not_required,,1,False,True,True,,
26010094,4089004,CHEMBL5591759,CHEMBL5591759,CC(CO)CC(C)c1ccccc1,CHEMBL5577374,CHEMBL5576088,2024,8350.0,nM,5.078313524516398,5.08,0.0016864754836021234,calcium_fluorescence,AITC,AITC,,5.0,HEK293,,,,human | not_reported | calcium_fluorescence | AITC | NA | 5 | HEK293 | NA | NA,9,,0,not_reported,not_required,,1,False,True,True,,
26010101,4089011,CHEMBL5594755,CHEMBL5594755,C/C(=C\C(C)c1ccccc1)CO,CHEMBL5577374,CHEMBL5576088,2024,32060.0,nM,4.494036481981874,4.49,-0.004036481981874118,calcium_fluorescence,AITC,AITC,,5.0,HEK293,,,,human | not_reported | calcium_fluorescence | AITC | NA | 5 | HEK293 | NA | NA,9,,0,not_reported,not_required,,1,False,True,True,,
26010103,4089013,CHEMBL5592753,CHEMBL5592753,CC(CO)C(C)Cc1ccccc1,CHEMBL5577374,CHEMBL5576088,2024,17020.0,nM,4.769040444251431,4.77,0.0009595557485688744,calcium_fluorescence,AITC,AITC,,5.0,HEK293,,,,human | not_reported | calcium_fluorescence | AITC | NA | 5 | HEK293 | NA | NA,9,,0,not_reported,not_required,,1,False,True,True,,
26010104,4089014,CHEMBL5590464,CHEMBL5590464,CC/C(=C/C(C)c1ccccc1)CO,CHEMBL5577374,CHEMBL5576088,2024,13940.0,nM,4.855737226238009,4.86,0.004262773761991134,calcium_fluorescence,AITC,AITC,,5.0,HEK293,,,,human | not_reported | calcium_fluorescence | AITC | NA | 5 | HEK293 | NA | NA,9,,0,not_reported,not_required,,1,False,True,True,,
26010105,4089015,CHEMBL5593661,CHEMBL5593661,CC/C(=C\C(C)c1ccccc1)CO,CHEMBL5577374,CHEMBL5576088,2024,7850.0,nM,5.105130343254747,5.11,0.0048696567452530815,calcium_fluorescence,AITC,AITC,,5.0,HEK293,,,,human | not_reported | calcium_fluorescence | AITC | NA | 5 | HEK293 | NA | NA,9,,0,not_reported,not_required,,1,False,True,True,,
26010106,4089016,CHEMBL5592730,CHEMBL5592730,CCC(CO)CC(C)c1ccccc1,CHEMBL5577374,CHEMBL5576088,2024,4250.0,nM,5.371611069949688,5.37,-0.001611069949688293,calcium_fluorescence,AITC,AITC,,5.0,HEK293,,,,human | not_reported | calcium_fluorescence | AITC | NA | 5 | HEK293 | NA | NA,9,,0,not_reported,not_required,,1,False,True,True,,
26010109,4089019,CHEMBL5595901,CHEMBL5595901,CC(CCO)CC(C)c1ccccc1,CHEMBL5577374,CHEMBL5576088,2024,19840.0,nM,4.70245833218184,4.7,-0.002458332181840106,calcium_fluorescence,AITC,AITC,,5.0,HEK293,,,,human | not_reported | calcium_fluorescence | AITC | NA | 5 | HEK293 | NA | NA,9,,0,not_reported,not_required,,1,False,True,True,,
26010111,4089021,CHEMBL5589859,CHEMBL5589859,C/C(=C\Cc1ccc(F)cc1)CO,CHEMBL5577374,CHEMBL5576088,2024,5400.0,nM,5.267606240177031,5.27,0.002393759822968633,calcium_fluorescence,AITC,AITC,,5.0,HEK293,,,,human | not_reported | calcium_fluorescence | AITC | NA | 5 | HEK293 | NA | NA,9,,0,not_reported,not_required,,1,False,True,True,,
26010112,4089022,CHEMBL5593584,CHEMBL5593584,CC(CO)C(C)Cc1ccc(F)cc1,CHEMBL5577374,CHEMBL5576088,2024,1120.0,nM,5.950781977329818,5.95,-0.0007819773298178845,calcium_fluorescence,AITC,AITC,,5.0,HEK293,,,,human | not_reported | calcium_fluorescence | AITC | NA | 5 | HEK293 | NA | NA,9,,0,not_reported,not_required,,1,False,True,True,,
26010120,4089030,CHEMBL5595834,CHEMBL5595834,CCC(O)C(C)Cc1ccccc1,CHEMBL5577374,CHEMBL5576088,2024,21780.0,nM,4.661942124580244,4.66,-0.001942124580243565,calcium_fluorescence,AITC,AITC,,5.0,HEK293,,,,human | not_reported | calcium_fluorescence | AITC | NA | 5 | HEK293 | NA | NA,9,,0,not_reported,not_required,,1,False,True,True,,
26010124,4089034,CHEMBL5595799,CHEMBL5595799,CC(C)C(O)C(C)(C)Cc1ccccc1,CHEMBL5577374,CHEMBL5576088,2024,1130.0,nM,5.94692155651658,5.95,0.0030784434834201235,calcium_fluorescence,AITC,AITC,,5.0,HEK293,,,,human | not_reported | calcium_fluorescence | AITC | NA | 5 | HEK293 | NA | NA,9,,0,not_reported,not_required,,1,False,True,True,,
26010129,4089039,CHEMBL5594756,CHEMBL5594756,C[C@]1(O)CCC[C@H](c2ccccc2)C1,CHEMBL5577374,CHEMBL5576088,2024,3240.0,nM,5.489454989793388,5.49,0.0005450102066122398,calcium_fluorescence,AITC,AITC,,5.0,HEK293,,,,human | not_reported | calcium_fluorescence | AITC | NA | 5 | HEK293 | NA | NA,9,,0,not_reported,not_required,,1,False,True,True,,
26136874,4127467,CHEMBL511995,CHEMBL511995,O=C1C[C@@H](c2ccc(O[C@@H]3O[C@H](CO)[C@@H](O)[C@H](O)[C@H]3O)cc2)Oc2cc(O)ccc21,CHEMBL5621665,CHEMBL5620371,2023,16200.0,nM,4.790484985457369,4.79,-0.0004849854573691914,unknown,not specified,not specified,,,,,,,human | not_reported | NA | NA | NA | NA | NA | NA | NA,9,,0,not_reported,not_required,,1,False,True,True,,
26136875,4127461,CHEMBL1950590,CHEMBL1950590,CC(C)c1cc(CCC(=O)CC(O)Cc2ccccc2)cc(C(C)C)c1O,CHEMBL5621665,CHEMBL5620371,2023,3300.0,nM,5.481486060122112,5.48,-0.0014860601221116099,unknown,not specified,not specified,,,,,,,human | not_reported | NA | NA | NA | NA | NA | NA | NA,9,,0,not_reported,not_required,,1,False,True,True,,
26136876,4127462,CHEMBL487732,CHEMBL487732,O=C(CCc1ccccc1)CC(O)Cc1ccccc1,CHEMBL5621665,CHEMBL5620371,2023,4500.0,nM,5.346787486224656,5.35,0.003212513775343595,unknown,not specified,not specified,,,,,,,human | not_reported | NA | NA | NA | NA | NA | NA | NA,9,,0,not_reported,not_required,,1,False,True,True,,
26136877,4127463,CHEMBL1950593,CHEMBL1950593,O=C(CCc1ccc2c(c1)OCO2)CC(O)CCCCCCc1ccccc1,CHEMBL5621665,CHEMBL5620371,2023,2800.0,nM,5.552841968657781,5.55,-0.002841968657780747,unknown,not specified,not specified,,,,,,,human | not_reported | NA | NA | NA | NA | NA | NA | NA,9,,0,not_reported,not_required,,1,False,True,True,,
26136878,4127464,CHEMBL1950595,CHEMBL1950595,O=C(CCc1ccccc1)CC(O)CCCCCCc1ccccc1,CHEMBL5621665,CHEMBL5620371,2023,3600.0,nM,5.443697499232712,5.44,-0.0036974992327118983,unknown,not specified,not specified,,,,,,,human | not_reported | NA | NA | NA | NA | NA | NA | NA,9,,0,not_reported,not_required,,1,False,True,True,,
26136879,4127466,CHEMBL5558033,CHEMBL5558033,O/N=C/CCc1nc(-c2ccccc2)c(-c2ccccc2)o1,CHEMBL5621665,CHEMBL5620371,2023,2390.0,nM,5.621602099051863,5.62,-0.0016020990518628153,unknown,not specified,not specified,,,,,,,human | not_reported | NA | NA | NA | NA | NA | NA | NA,9,,0,not_reported,not_required,,1,False,True,True,,
26276516,4139540,CHEMBL3697701,CHEMBL3697701,CCC(=N\O)/C(C)=C/c1ccc(F)cc1,CHEMBL5680872,CHEMBL5678803,2011,67.0,nM,7.173925197299173,7.17,-0.003925197299173178,calcium_fluorescence,AITC,AITC,,,HEK293,,,,human | not_reported | calcium_fluorescence | AITC | NA | NA | HEK293 | NA | NA,9,,0,not_reported,not_required,,1,False,True,True,,
26276518,4139538,CHEMBL5687035,CHEMBL5687035,CC(=N/O)/C(C)=C/c1ccc(Cl)cc1,CHEMBL5680872,CHEMBL5678803,2011,6900.0,nM,5.161150909262744,5.16,-0.001150909262744193,calcium_fluorescence,AITC,AITC,,,HEK293,,,,human | not_reported | calcium_fluorescence | AITC | NA | NA | HEK293 | NA | NA,9,,0,not_reported,not_required,,1,False,True,True,,
26276519,4139539,CHEMBL1086310,CHEMBL1086310,CC(C)c1ccc(NC(=O)Cn2cnc3c2c(=O)n(C)c(=O)n3C)cc1,CHEMBL5680872,CHEMBL5678803,2011,6900.0,nM,5.161150909262744,5.16,-0.001150909262744193,calcium_fluorescence,AITC,AITC,,,HEK293,,,,human | not_reported | calcium_fluorescence | AITC | NA | NA | HEK293 | NA | NA,9,,0,not_reported,not_required,,1,False,True,True,,
26276529,4139540,CHEMBL3697701,CHEMBL3697701,CCC(=N\O)/C(C)=C/c1ccc(F)cc1,CHEMBL5680880,CHEMBL5678803,2011,51.0,nM,7.292429823902063,7.29,-0.002429823902063255,electrophysiology,AITC,AITC,,,HEK293,,,,human | not_reported | electrophysiology | AITC | NA | NA | HEK293 | NA | NA,9,,0,not_reported,not_required,,1,False,True,True,,
26276580,4139538,CHEMBL5687035,CHEMBL5687035,CC(=N/O)/C(C)=C/c1ccc(Cl)cc1,CHEMBL5680929,CHEMBL5678803,2011,3100.0,nM,5.508638306165727,5.51,0.0013616938342728702,unknown,not specified,not specified,,,,,,,human | not_reported | NA | NA | NA | NA | NA | NA | NA,9,,0,not_reported,not_required,,1,False,True,True,,
26312739,4139871,CHEMBL1086589,CHEMBL1086589,Cc1ccc(C(=O)NC(Sc2ccc([N+](=O)[O-])cc2)C(Cl)(Cl)Cl)cc1,CHEMBL5708945,CHEMBL5705895,2012,1000.0,nM,6.0,6.0,0.0,calcium_fluorescence,AITC,AITC,,,HEK293,,,,human | not_reported | calcium_fluorescence | NA | NA | NA | HEK293 | NA | NA,9,,0,not_reported,not_required,,1,False,True,True,,
26312742,4139877,CHEMBL3697701,CHEMBL3697701,CCC(=N\O)/C(C)=C/c1ccc(F)cc1,CHEMBL5708945,CHEMBL5705895,2012,89.0,nM,7.050609993355087,7.05,-0.0006099933550869352,calcium_fluorescence,AITC,AITC,,,HEK293,,,,human | not_reported | calcium_fluorescence | NA | NA | NA | HEK293 | NA | NA,9,,0,not_reported,not_required,,1,False,True,True,,
26312744,4139878,CHEMBL593902,CHEMBL593902,CC(=C\c1ccc(Cl)cc1)/C(C)=N/O,CHEMBL5708945,CHEMBL5705895,2012,9100.0,nM,5.040958607678906,5.04,-0.0009586076789060982,calcium_fluorescence,AITC,AITC,,,HEK293,,,,human | not_reported | calcium_fluorescence | NA | NA | NA | HEK293 | NA | NA,9,,0,not_reported,not_required,,1,False,True,True,,
26959606,4207251,CHEMBL5798801,CHEMBL5798801,CC(C)N(CC(=O)NCc1cccc(N2CCCC2)c1)S(=O)(=O)c1ccc(F)cc1,CHEMBL5731467,CHEMBL5725783,2017,883.0,nM,6.054039296422431,6.05,-0.004039296422431171,calcium_fluorescence,cinnamaldehyde,cinnamaldehyde,,,CHO,20.0,,compound_before_agonist,human | not_reported | calcium_fluorescence | cinnamaldehyde | NA | NA | CHO | compound_before_agonist | 20,9,,0,not_reported,not_required,,1,False,True,True,,
26959609,4207252,CHEMBL5972523,CHEMBL5972523,CC(C)N(CC(=O)NCc1cccc(C2CC2)c1)S(=O)(=O)c1ccc(F)cc1,CHEMBL5731467,CHEMBL5725783,2017,1000.0,nM,6.0,6.0,0.0,calcium_fluorescence,cinnamaldehyde,cinnamaldehyde,,,CHO,20.0,,compound_before_agonist,human | not_reported | calcium_fluorescence | cinnamaldehyde | NA | NA | CHO | compound_before_agonist | 20,9,,0,not_reported,not_required,,1,False,True,True,,
26959612,4207253,CHEMBL5866878,CHEMBL5866878,CC(C)N(CC(=O)NCc1cccc(-c2cnc(N3CCC[C@@H]3C)nc2)c1)S(=O)(=O)c1ccc(F)cc1,CHEMBL5731467,CHEMBL5725783,2017,55.0,nM,7.259637310505756,7.26,0.0003626894942438952,calcium_fluorescence,cinnamaldehyde,cinnamaldehyde,,,CHO,20.0,,compound_before_agonist,human | not_reported | calcium_fluorescence | cinnamaldehyde | NA | NA | CHO | compound_before_agonist | 20,9,,0,not_reported,not_required,,2,True,True,True,,
26959615,4207253,CHEMBL5866878,CHEMBL5866878,CC(C)N(CC(=O)NCc1cccc(-c2cnc(N3CCC[C@@H]3C)nc2)c1)S(=O)(=O)c1ccc(F)cc1,CHEMBL5731467,CHEMBL5725783,2017,38.0,nM,7.42021640338319,7.42,-0.0002164033831899559,calcium_fluorescence,cinnamaldehyde,cinnamaldehyde,,,CHO,20.0,,compound_before_agonist,human | not_reported | calcium_fluorescence | cinnamaldehyde | NA | NA | CHO | compound_before_agonist | 20,9,,0,not_reported,not_required,,2,True,True,True,,
26959618,4207254,CHEMBL6054347,CHEMBL6054347,CC(C)N(CC(=O)NCc1cc(N2CCC(C(F)(F)F)CC2)ncn1)S(=O)(=O)c1ccc(F)cc1,CHEMBL5731467,CHEMBL5725783,2017,251.0,nM,6.600326278518962,6.6,-0.00032627851896194215,calcium_fluorescence,cinnamaldehyde,cinnamaldehyde,,,CHO,20.0,,compound_before_agonist,human | not_reported | calcium_fluorescence | cinnamaldehyde | NA | NA | CHO | compound_before_agonist | 20,9,,0,not_reported,not_required,,1,False,True,True,,
26959621,4207255,CHEMBL5955252,CHEMBL5955252,CC(C)N(CC(=O)NCc1cc(N2CCC(F)(F)CC2)ncn1)S(=O)(=O)c1ccc(F)cc1,CHEMBL5731467,CHEMBL5725783,2017,3000.0,nM,5.522878745280337,5.52,-0.0028787452803378244,calcium_fluorescence,cinnamaldehyde,cinnamaldehyde,,,CHO,20.0,,compound_before_agonist,human | not_reported | calcium_fluorescence | cinnamaldehyde | NA | NA | CHO | compound_before_agonist | 20,9,,0,not_reported,not_required,,1,False,True,True,,
26959624,4207256,CHEMBL5807967,CHEMBL5807967,CC(C)N(CC(=O)NCc1cccc(-c2ccc(C(F)(F)F)cc2)c1)S(=O)(=O)c1ccn(C)n1,CHEMBL5731467,CHEMBL5725783,2017,2400.0,nM,5.619788758288394,5.62,0.0002112417116064691,calcium_fluorescence,cinnamaldehyde,cinnamaldehyde,,,CHO,20.0,,compound_before_agonist,human | not_reported | calcium_fluorescence | cinnamaldehyde | NA | NA | CHO | compound_before_agonist | 20,9,,0,not_reported,not_required,,1,False,True,True,,
26959627,4207257,CHEMBL5766826,CHEMBL5766826,CC(C)N(CC(=O)NCc1cc(-c2ccc(C(F)(F)F)nc2)ncn1)S(=O)(=O)c1ccc(F)cc1,CHEMBL5731467,CHEMBL5725783,2017,58.0,nM,7.236572006437063,7.24,0.003427993562937104,calcium_fluorescence,cinnamaldehyde,cinnamaldehyde,,,CHO,20.0,,compound_before_agonist,human | not_reported | calcium_fluorescence | cinnamaldehyde | NA | NA | CHO | compound_before_agonist | 20,9,,0,not_reported,not_required,,1,False,True,True,,
26959630,4207258,CHEMBL5759706,CHEMBL5759706,CC(C)N(C1(C(=O)NCc2cc(-c3ccc(C(F)(F)F)nc3)ncn2)CC1)S(=O)(=O)c1ccc(F)cc1,CHEMBL5731467,CHEMBL5725783,2017,29.0,nM,7.537602002101044,7.54,0.0023979978989556727,calcium_fluorescence,cinnamaldehyde,cinnamaldehyde,,,CHO,20.0,,compound_before_agonist,human | not_reported | calcium_fluorescence | cinnamaldehyde | NA | NA | CHO | compound_before_agonist | 20,9,,0,not_reported,not_required,,1,False,True,True,,
26959633,4207259,CHEMBL6058851,CHEMBL6058851,CC(C)N(CC(=O)NCc1cc(C2=CCC(C(F)(F)F)CC2)ncn1)S(=O)(=O)c1ccc(F)cc1,CHEMBL5731467,CHEMBL5725783,2017,13.0,nM,7.886056647693163,7.89,0.003943352306836623,calcium_fluorescence,cinnamaldehyde,cinnamaldehyde,,,CHO,20.0,,compound_before_agonist,human | not_reported | calcium_fluorescence | cinnamaldehyde | NA | NA | CHO | compound_before_agonist | 20,9,,0,not_reported,not_required,,1,False,True,True,,
26959636,4207260,CHEMBL5956845,CHEMBL5956845,O=C(CN(c1ccc(F)cc1)S(=O)(=O)c1ccc(F)cc1)NCc1cc(-c2ccc(C(F)(F)F)nc2)ncn1,CHEMBL5731467,CHEMBL5725783,2017,9.0,nM,8.045757490560675,8.05,0.004242509439325914,calcium_fluorescence,cinnamaldehyde,cinnamaldehyde,,,CHO,20.0,,compound_before_agonist,human | not_reported | calcium_fluorescence | cinnamaldehyde | NA | NA | CHO | compound_before_agonist | 20,9,,0,not_reported,not_required,,1,False,True,True,,
27423647,4301336,CHEMBL5810298,CHEMBL5810298,C[C@@H](C(=O)Nc1cccc(-c2ccc(C(F)(F)F)nc2)n1)n1cnc2c1c(=O)n(Cc1ccccn1)c(=O)n2C,CHEMBL5733104,CHEMBL5726658,2019,28.0,nM,7.552841968657781,7.55,-0.002841968657780747,electrophysiology,not specified,not specified,,,,,,,human | not_reported | electrophysiology | NA | NA | NA | NA | NA | NA,9,,0,not_reported,verified_method_only,Whole-cell electrophysiology confirmed; agonist context remains unresolved.,1,False,True,True,,
27423650,4301337,CHEMBL5810663,CHEMBL5810663,CC(=O)Cn1c(=O)c2c(ncn2[C@@H](C)C(=O)Nc2cccc(-c3ccc(C(F)(F)F)nc3)n2)n(C)c1=O,CHEMBL5733104,CHEMBL5726658,2019,21.0,nM,7.6777807052660805,7.68,0.0022192947339192415,electrophysiology,not specified,not specified,,,,,,,human | not_reported | electrophysiology | NA | NA | NA | NA | NA | NA,9,,0,not_reported,verified_method_only,Whole-cell electrophysiology confirmed; agonist context remains unresolved.,1,False,True,True,,
27423653,4301338,CHEMBL6030098,CHEMBL6030098,CC(=O)Cn1c(=O)c2c(ncn2[C@@H](C)C(=O)Nc2cncc(-c3ccc(C(F)(F)F)nc3)n2)n(C)c1=O,CHEMBL5733104,CHEMBL5726658,2019,49.0,nM,7.309803919971486,7.31,0.00019608002851345674,electrophysiology,not specified,not specified,,,,,,,human | not_reported | electrophysiology | NA | NA | NA | NA | NA | NA,9,,0,not_reported,verified_method_only,Whole-cell electrophysiology confirmed; agonist context remains unresolved.,1,False,True,True,,
27423656,4301339,CHEMBL5842947,CHEMBL5842947,CC(=O)Cn1c(=O)c2c(ncn2[C@@H](C)C(=O)Nc2cccc(-c3cnc(C(F)(F)F)nc3)n2)n(C)c1=O,CHEMBL5733104,CHEMBL5726658,2019,25.0,nM,7.6020599913279625,7.6,-0.0020599913279628623,electrophysiology,not specified,not specified,,,,,,,human | not_reported | electrophysiology | NA | NA | NA | NA | NA | NA,9,,0,not_reported,verified_method_only,Whole-cell electrophysiology confirmed; agonist context remains unresolved.,1,False,True,True,,
27423659,4301340,CHEMBL5874200,CHEMBL5874200,C[C@@H](C(=O)Nc1cccc(-c2cnc(C(F)(F)F)nc2)n1)n1cnc2c1c(=O)n(Cc1ccccn1)c(=O)n2C,CHEMBL5733104,CHEMBL5726658,2019,39.0,nM,7.4089353929735005,7.41,0.0010646070264996865,electrophysiology,not specified,not specified,,,,,,,human | not_reported | electrophysiology | NA | NA | NA | NA | NA | NA,9,,0,not_reported,verified_method_only,Whole-cell electrophysiology confirmed; agonist context remains unresolved.,1,False,True,True,,
27423662,4301341,CHEMBL5810174,CHEMBL5810174,CC(=O)Cn1c(=O)c2c(ncn2[C@@H](C)C(=O)Nc2cncc(-c3cnc(C(F)(F)F)nc3)n2)n(C)c1=O,CHEMBL5733104,CHEMBL5726658,2019,39.0,nM,7.4089353929735005,7.41,0.0010646070264996865,electrophysiology,not specified,not specified,,,,,,,human | not_reported | electrophysiology | NA | NA | NA | NA | NA | NA,9,,0,not_reported,verified_method_only,Whole-cell electrophysiology confirmed; agonist context remains unresolved.,1,False,True,True,,
27423665,4301342,CHEMBL6007514,CHEMBL6007514,Cc1cc(Cn2c(=O)c3c(ncn3[C@@H](C)C(N)=O)n(C)c2=O)no1,CHEMBL5733104,CHEMBL5726658,2019,5.0,nM,8.301029995663981,8.3,-0.001029995663980543,electrophysiology,not specified,not specified,,,,,,,human | not_reported | electrophysiology | NA | NA | NA | NA | NA | NA,9,,0,not_reported,verified_method_only,Whole-cell electrophysiology confirmed; agonist context remains unresolved.,2,True,True,True,,
27423668,4301343,CHEMBL6061335,CHEMBL6061335,C[C@@H](C(=O)Nc1cncc(-c2cnc(C(F)(F)F)nc2)n1)n1cnc2c1c(=O)n(Cc1ccccn1)c(=O)n2C,CHEMBL5733104,CHEMBL5726658,2019,44.0,nM,7.356547323513812,7.36,0.0034526764861881887,electrophysiology,not specified,not specified,,,,,,,human | not_reported | electrophysiology | NA | NA | NA | NA | NA | NA,9,,0,not_reported,verified_method_only,Whole-cell electrophysiology confirmed; agonist context remains unresolved.,1,False,True,True,,
27423671,4301344,CHEMBL5882546,CHEMBL5882546,C[C@@H](C(=O)Nc1cncc(-c2ccc(C(F)(F)F)nc2)n1)n1cnc2c1c(=O)n(Cc1ccccn1)c(=O)n2C,CHEMBL5733104,CHEMBL5726658,2019,59.0,nM,7.229147988357855,7.23,0.0008520116421451007,electrophysiology,not specified,not specified,,,,,,,human | not_reported | electrophysiology | NA | NA | NA | NA | NA | NA,9,,0,not_reported,verified_method_only,Whole-cell electrophysiology confirmed; agonist context remains unresolved.,1,False,True,True,,
27423674,4301345,CHEMBL5891043,CHEMBL5891043,CC(C(=O)Nc1cccc(-c2cnc(C(F)(F)F)nc2)n1)n1cnc2c1c(=O)n(CC#N)c(=O)n2C,CHEMBL5733104,CHEMBL5726658,2019,24.0,nM,7.619788758288394,7.62,0.0002112417116064691,electrophysiology,not specified,not specified,,,,,,,human | not_reported | electrophysiology | NA | NA | NA | NA | NA | NA,9,,0,not_reported,verified_method_only,Whole-cell electrophysiology confirmed; agonist context remains unresolved.,1,False,True,True,,
27423677,4301346,CHEMBL6048542,CHEMBL6048542,C[C@@H](C(=O)Nc1cccc(-c2cnc(N3CC4CC4C3)nc2)n1)n1cnc2c1c(=O)n(CC#N)c(=O)n2C,CHEMBL5733104,CHEMBL5726658,2019,5.0,nM,8.301029995663981,8.3,-0.001029995663980543,electrophysiology,not specified,not specified,,,,,,,human | not_reported | electrophysiology | NA | NA | NA | NA | NA | NA,9,,0,not_reported,verified_method_only,Whole-cell electrophysiology confirmed; agonist context remains unresolved.,2,True,True,True,,
27423680,4301347,CHEMBL6039947,CHEMBL6039947,C[C@@H](C(=O)Nc1cncc(-c2cnc(N3CC4CC4C3)nc2)n1)n1cnc2c1c(=O)n(CC#N)c(=O)n2C,CHEMBL5733104,CHEMBL5726658,2019,7.0,nM,8.154901959985743,8.15,-0.004901959985742721,electrophysiology,not specified,not specified,,,,,,,human | not_reported | electrophysiology | NA | NA | NA | NA | NA | NA,9,,0,not_reported,verified_method_only,Whole-cell electrophysiology confirmed; agonist context remains unresolved.,2,True,True,True,,
27423683,4301348,CHEMBL5901326,CHEMBL5901326,CCC(=O)Cn1c(=O)c2c(ncn2[C@@H](C)C(=O)Nc2cncc(-c3cnc(N4CC5CC5C4)nc3)n2)n(C)c1=O,CHEMBL5733104,CHEMBL5726658,2019,8.0,nM,8.096910013008056,8.1,0.0030899869919434053,electrophysiology,not specified,not specified,,,,,,,human | not_reported | electrophysiology | NA | NA | NA | NA | NA | NA,9,,0,not_reported,verified_method_only,Whole-cell electrophysiology confirmed; agonist context remains unresolved.,2,True,True,True,,
27423686,4301349,CHEMBL5809370,CHEMBL5809370,CCC(=O)Cn1c(=O)c2c(ncn2[C@@H](C)C(=O)Nc2csc(-c3cnc(N4CC5CC5C4)nc3)n2)n(C)c1=O,CHEMBL5733104,CHEMBL5726658,2019,1.0,nM,9.0,9.0,0.0,electrophysiology,not specified,not specified,,,,,,,human | not_reported | electrophysiology | NA | NA | NA | NA | NA | NA,9,,0,not_reported,verified_method_only,Whole-cell electrophysiology confirmed; agonist context remains unresolved.,2,True,True,True,,
27423689,4301350,CHEMBL5758717,CHEMBL5758717,Cc1cc(Cn2c(=O)c3c(ncn3[C@@H](C)C(=O)Nc3cccc(-c4cnc(C(F)(F)F)nc4)n3)n(C)c2=O)no1,CHEMBL5733104,CHEMBL5726658,2019,4.0,nM,8.397940008672037,8.4,0.0020599913279628623,electrophysiology,not specified,not specified,,,,,,,human | not_reported | electrophysiology | NA | NA | NA | NA | NA | NA,9,,0,not_reported,verified_method_only,Whole-cell electrophysiology confirmed; agonist context remains unresolved.,1,False,True,True,,
27423692,4301351,CHEMBL5910411,CHEMBL5910411,CC(=O)Cn1c(=O)c2c(ncn2[C@@H](C)C(=O)Nc2csc(-c3cnc(N4CCC[C@H]4C(F)(F)F)nc3)n2)n(C)c1=O,CHEMBL5733104,CHEMBL5726658,2019,2.0,nM,8.698970004336019,8.7,0.001029995663980543,electrophysiology,not specified,not specified,,,,,,,human | not_reported | electrophysiology | NA | NA | NA | NA | NA | NA,9,,0,not_reported,verified_method_only,Whole-cell electrophysiology confirmed; agonist context remains unresolved.,1,False,True,True,,
27423695,4301352,CHEMBL5897591,CHEMBL5897591,CCC(=O)Cn1c(=O)c2c(ncn2C(C)C(=O)Nc2ccnc(-c3cnc(N4CC5CC5C4)nc3)n2)n(C)c1=O,CHEMBL5733104,CHEMBL5726658,2019,8.0,nM,8.096910013008056,8.1,0.0030899869919434053,electrophysiology,not specified,not specified,,,,,,,human | not_reported | electrophysiology | NA | NA | NA | NA | NA | NA,9,,0,not_reported,verified_method_only,Whole-cell electrophysiology confirmed; agonist context remains unresolved.,1,False,True,True,,
27423698,4301353,CHEMBL5951849,CHEMBL5951849,CCC(=O)Cn1c(=O)c2c(ncn2[C@@H](C)C(=O)Nc2csc(-c3cnc(N4CCC[C@H]4C(F)(F)F)nc3)n2)n(C)c1=O,CHEMBL5733104,CHEMBL5726658,2019,1.0,nM,9.0,9.0,0.0,electrophysiology,not specified,not specified,,,,,,,human | not_reported | electrophysiology | NA | NA | NA | NA | NA | NA,9,,0,not_reported,verified_method_only,Whole-cell electrophysiology confirmed; agonist context remains unresolved.,1,False,True,True,,
27423701,4301354,CHEMBL5780817,CHEMBL5780817,CCC(=O)Cn1c(=O)c2c(ncn2[C@@H](C)C(=O)Nc2csc(-c3ccc(Cl)c(Cl)c3)n2)n(C)c1=O,CHEMBL5733104,CHEMBL5726658,2019,1.0,nM,9.0,9.0,0.0,electrophysiology,not specified,not specified,,,,,,,human | not_reported | electrophysiology | NA | NA | NA | NA | NA | NA,9,,0,not_reported,verified_method_only,Whole-cell electrophysiology confirmed; agonist context remains unresolved.,1,False,True,True,,
27423704,4301355,CHEMBL5826617,CHEMBL5826617,CC(=O)Cn1c(=O)c2c(ncn2[C@@H](C)C(=O)Nc2csc(-c3ccc(Cl)c(Cl)c3)n2)n(C)c1=O,CHEMBL5733104,CHEMBL5726658,2019,2.0,nM,8.698970004336019,8.7,0.001029995663980543,electrophysiology,not specified,not specified,,,,,,,human | not_reported | electrophysiology | NA | NA | NA | NA | NA | NA,9,,0,not_reported,verified_method_only,Whole-cell electrophysiology confirmed; agonist context remains unresolved.,1,False,True,True,,
27423707,4301356,CHEMBL5770333,CHEMBL5770333,Cc1cc(Cn2c(=O)c3c(ncn3[C@@H](C)C(=O)Nc3cncc(-c4cnc(C(F)(F)F)nc4)n3)n(C)c2=O)no1,CHEMBL5733104,CHEMBL5726658,2019,19.0,nM,7.721246399047171,7.72,-0.001246399047171387,electrophysiology,not specified,not specified,,,,,,,human | not_reported | electrophysiology | NA | NA | NA | NA | NA | NA,9,,0,not_reported,verified_method_only,Whole-cell electrophysiology confirmed; agonist context remains unresolved.,1,False,True,True,,
27423710,4301357,CHEMBL5871339,CHEMBL5871339,CC(C(=O)Nc1cncc(-c2cnc(C(F)(F)F)nc2)n1)n1cnc2c1c(=O)n(CC#N)c(=O)n2C,CHEMBL5733104,CHEMBL5726658,2019,203.0,nM,6.692503962086787,6.69,-0.0025039620867870482,electrophysiology,not specified,not specified,,,,,,,human | not_reported | electrophysiology | NA | NA | NA | NA | NA | NA,9,,0,not_reported,verified_method_only,Whole-cell electrophysiology confirmed; agonist context remains unresolved.,1,False,True,True,,
27423713,4301358,CHEMBL6022109,CHEMBL6022109,Cc1cc(Cn2c(=O)c3c(ncn3[C@@H](C)C(=O)Nc3cccc(-c4ccc(C(F)(F)F)cc4)n3)n(C)c2=O)no1,CHEMBL5733104,CHEMBL5726658,2019,5.0,nM,8.301029995663981,8.3,-0.001029995663980543,electrophysiology,not specified,not specified,,,,,,,human | not_reported | electrophysiology | NA | NA | NA | NA | NA | NA,9,,0,not_reported,verified_method_only,Whole-cell electrophysiology confirmed; agonist context remains unresolved.,1,False,True,True,,
27423716,4301359,CHEMBL5837647,CHEMBL5837647,CC(C(=O)Nc1cccc(-c2cnc(N3CC4CC4C3)nc2)n1)n1cnc2c1c(=O)n(CC#N)c(=O)n2C,CHEMBL5733104,CHEMBL5726658,2019,10.0,nM,8.0,8.0,0.0,electrophysiology,not specified,not specified,,,,,,,human | not_reported | electrophysiology | NA | NA | NA | NA | NA | NA,9,,0,not_reported,verified_method_only,Whole-cell electrophysiology confirmed; agonist context remains unresolved.,1,False,True,True,,
27423719,4301360,CHEMBL5859038,CHEMBL5859038,CC(=O)Cn1c(=O)c2c(ncn2[C@@H](C)C(=O)Nc2cccc(-c3cnc(N4CC5C(C4)C5(F)F)nc3)n2)n(C)c1=O,CHEMBL5733104,CHEMBL5726658,2019,4.0,nM,8.397940008672037,8.4,0.0020599913279628623,electrophysiology,not specified,not specified,,,,,,,human | not_reported | electrophysiology | NA | NA | NA | NA | NA | NA,9,,0,not_reported,verified_method_only,Whole-cell electrophysiology confirmed; agonist context remains unresolved.,1,False,True,True,,
27423722,4301361,CHEMBL5912915,CHEMBL5912915,CCC(=O)Cn1c(=O)c2c(ncn2[C@@H](C)C(=O)Nc2cccc(-c3cnc(N4CC5C(C4)C5(F)F)nc3)n2)n(C)c1=O,CHEMBL5733104,CHEMBL5726658,2019,1.0,nM,9.0,9.0,0.0,electrophysiology,not specified,not specified,,,,,,,human | not_reported | electrophysiology | NA | NA | NA | NA | NA | NA,9,,0,not_reported,verified_method_only,Whole-cell electrophysiology confirmed; agonist context remains unresolved.,1,False,True,True,,
27423725,4301362,CHEMBL5984899,CHEMBL5984899,CCN(CC)c1ncc(-c2cccc(NC(=O)[C@H](C)n3cnc4c3c(=O)n(Cc3cc(C)on3)c(=O)n4C)n2)cn1,CHEMBL5733104,CHEMBL5726658,2019,2.0,nM,8.698970004336019,8.7,0.001029995663980543,electrophysiology,not specified,not specified,,,,,,,human | not_reported | electrophysiology | NA | NA | NA | NA | NA | NA,9,,0,not_reported,verified_method_only,Whole-cell electrophysiology confirmed; agonist context remains unresolved.,1,False,True,True,,
27423728,4301363,CHEMBL6049789,CHEMBL6049789,C[C@@H](C(=O)Nc1csc(-c2cnc(N3CCC[C@H]3C(F)(F)F)nc2)n1)n1cnc2c1c(=O)n(CC#N)c(=O)n2C,CHEMBL5733104,CHEMBL5726658,2019,1.0,nM,9.0,9.0,0.0,electrophysiology,not specified,not specified,,,,,,,human | not_reported | electrophysiology | NA | NA | NA | NA | NA | NA,9,,0,not_reported,verified_method_only,Whole-cell electrophysiology confirmed; agonist context remains unresolved.,1,False,True,True,,
27423731,4301364,CHEMBL5794855,CHEMBL5794855,C[C@@H](C(=O)Nc1csc(-c2ccc(Cl)c(Cl)c2)n1)n1cnc2c1c(=O)n(CC#N)c(=O)n2C,CHEMBL5733104,CHEMBL5726658,2019,1.0,nM,9.0,9.0,0.0,electrophysiology,not specified,not specified,,,,,,,human | not_reported | electrophysiology | NA | NA | NA | NA | NA | NA,9,,0,not_reported,verified_method_only,Whole-cell electrophysiology confirmed; agonist context remains unresolved.,1,False,True,True,,
27423734,4301365,CHEMBL5786413,CHEMBL5786413,C[C@@H](C(=O)Nc1cccc(-c2cnc(N3CC4C(C3)C4(F)F)nc2)n1)n1cnc2c1c(=O)n(CC#N)c(=O)n2C,CHEMBL5733104,CHEMBL5726658,2019,3.0,nM,8.522878745280337,8.52,-0.0028787452803378244,electrophysiology,not specified,not specified,,,,,,,human | not_reported | electrophysiology | NA | NA | NA | NA | NA | NA,9,,0,not_reported,verified_method_only,Whole-cell electrophysiology confirmed; agonist context remains unresolved.,1,False,True,True,,
27423737,4301366,CHEMBL5822190,CHEMBL5822190,CC(=O)Cn1c(=O)c2c(ncn2[C@@H](C)C(=O)Nc2csc(-c3cnc(C(F)(F)F)nc3)n2)n(C)c1=O,CHEMBL5733104,CHEMBL5726658,2019,16.0,nM,7.795880017344075,7.8,0.0041199826559248365,electrophysiology,not specified,not specified,,,,,,,human | not_reported | electrophysiology | NA | NA | NA | NA | NA | NA,9,,0,not_reported,verified_method_only,Whole-cell electrophysiology confirmed; agonist context remains unresolved.,1,False,True,True,,
27423740,4301367,CHEMBL5902906,CHEMBL5902906,Cc1cc(Cn2c(=O)c3c(ncn3[C@@H](C)C(=O)Nc3csc(-c4cnc(C(F)(F)F)nc4)n3)n(C)c2=O)no1,CHEMBL5733104,CHEMBL5726658,2019,3.0,nM,8.522878745280337,8.52,-0.0028787452803378244,electrophysiology,not specified,not specified,,,,,,,human | not_reported | electrophysiology | NA | NA | NA | NA | NA | NA,9,,0,not_reported,verified_method_only,Whole-cell electrophysiology confirmed; agonist context remains unresolved.,1,False,True,True,,
27423743,4301368,CHEMBL6037240,CHEMBL6037240,CCC(=O)Cn1c(=O)c2c(ncn2[C@@H](C)C(=O)Nc2csc(-c3ccc(N4CC5CC5C4)nc3)n2)n(C)c1=O,CHEMBL5733104,CHEMBL5726658,2019,1.0,nM,9.0,9.0,0.0,electrophysiology,not specified,not specified,,,,,,,human | not_reported | electrophysiology | NA | NA | NA | NA | NA | NA,9,,0,not_reported,verified_method_only,Whole-cell electrophysiology confirmed; agonist context remains unresolved.,1,False,True,True,,
27423746,4301369,CHEMBL6010308,CHEMBL6010308,C[C@@H](C(=O)Nc1csc(-c2cnc(N3CC4CC4C3)nc2)n1)n1cnc2c1c(=O)n(CC#N)c(=O)n2C,CHEMBL5733104,CHEMBL5726658,2019,1.0,nM,9.0,9.0,0.0,electrophysiology,not specified,not specified,,,,,,,human | not_reported | electrophysiology | NA | NA | NA | NA | NA | NA,9,,0,not_reported,verified_method_only,Whole-cell electrophysiology confirmed; agonist context remains unresolved.,1,False,True,True,,
27423749,4301370,CHEMBL5979092,CHEMBL5979092,C[C@@H](C(=O)Nc1cccc(-c2ccc(N3CC4CC4C3)nc2)n1)n1cnc2c1c(=O)n(CC#N)c(=O)n2C,CHEMBL5733104,CHEMBL5726658,2019,6.0,nM,8.221848749616356,8.22,-0.001848749616355505,electrophysiology,not specified,not specified,,,,,,,human | not_reported | electrophysiology | NA | NA | NA | NA | NA | NA,9,,0,not_reported,verified_method_only,Whole-cell electrophysiology confirmed; agonist context remains unresolved.,1,False,True,True,,
27423752,4301371,CHEMBL6040901,CHEMBL6040901,CCN(CC)c1ncc(-c2nc(NC(=O)[C@H](C)n3cnc4c3c(=O)n(Cc3cc(C)on3)c(=O)n4C)cs2)cn1,CHEMBL5733104,CHEMBL5726658,2019,2.0,nM,8.698970004336019,8.7,0.001029995663980543,electrophysiology,not specified,not specified,,,,,,,human | not_reported | electrophysiology | NA | NA | NA | NA | NA | NA,9,,0,not_reported,verified_method_only,Whole-cell electrophysiology confirmed; agonist context remains unresolved.,1,False,True,True,,
27423755,4301372,CHEMBL5746363,CHEMBL5746363,CCC(=O)Cn1c(=O)c2c(ncn2[C@@H](C)C(=O)Nc2cccc(-c3ccc(N4CC5CC5C4)nc3)n2)n(C)c1=O,CHEMBL5733104,CHEMBL5726658,2019,3.0,nM,8.522878745280337,8.52,-0.0028787452803378244,electrophysiology,not specified,not specified,,,,,,,human | not_reported | electrophysiology | NA | NA | NA | NA | NA | NA,9,,0,not_reported,verified_method_only,Whole-cell electrophysiology confirmed; agonist context remains unresolved.,1,False,True,True,,
27423758,4301373,CHEMBL5751844,CHEMBL5751844,CCC(=O)Cn1c(=O)c2c(ncn2[C@@H](C)C(=O)Nc2csc(-c3cnc(N(CC)CC)nc3)n2)n(C)c1=O,CHEMBL5733104,CHEMBL5726658,2019,3.0,nM,8.522878745280337,8.52,-0.0028787452803378244,electrophysiology,not specified,not specified,,,,,,,human | not_reported | electrophysiology | NA | NA | NA | NA | NA | NA,9,,0,not_reported,verified_method_only,Whole-cell electrophysiology confirmed; agonist context remains unresolved.,1,False,True,True,,
27423761,4301374,CHEMBL5909488,CHEMBL5909488,C[C@@H](C(=O)Nc1cccc(-c2cnc(N3CCC[C@@H]3C(F)(F)F)nc2)n1)n1cnc2c1c(=O)n(CC#N)c(=O)n2C,CHEMBL5733104,CHEMBL5726658,2019,3.0,nM,8.522878745280337,8.52,-0.0028787452803378244,electrophysiology,not specified,not specified,,,,,,,human | not_reported | electrophysiology | NA | NA | NA | NA | NA | NA,9,,0,not_reported,verified_method_only,Whole-cell electrophysiology confirmed; agonist context remains unresolved.,1,False,True,True,,
27423764,4301375,CHEMBL5769127,CHEMBL5769127,C[C@@H](C(=O)Nc1cncc(-c2cnc(N3CCC[C@@H]3C(F)(F)F)nc2)n1)n1cnc2c1c(=O)n(CC#N)c(=O)n2C,CHEMBL5733104,CHEMBL5726658,2019,8.0,nM,8.096910013008056,8.1,0.0030899869919434053,electrophysiology,not specified,not specified,,,,,,,human | not_reported | electrophysiology | NA | NA | NA | NA | NA | NA,9,,0,not_reported,verified_method_only,Whole-cell electrophysiology confirmed; agonist context remains unresolved.,1,False,True,True,,
27423767,4301376,CHEMBL6012740,CHEMBL6012740,CC(=O)Cn1c(=O)c2c(ncn2[C@@H](C)C(=O)Nc2cncc(-c3ccc(N4CC5CC5C4)nc3)n2)n(C)c1=O,CHEMBL5733104,CHEMBL5726658,2019,12.0,nM,7.920818753952375,7.92,-0.0008187539523749621,electrophysiology,not specified,not specified,,,,,,,human | not_reported | electrophysiology | NA | NA | NA | NA | NA | NA,9,,0,not_reported,verified_method_only,Whole-cell electrophysiology confirmed; agonist context remains unresolved.,1,False,True,True,,
27423770,4301377,CHEMBL5824623,CHEMBL5824623,CCC(=O)Cn1c(=O)c2c(ncn2[C@@H](C)C(=O)Nc2cncc(-c3ccc(N4CC5CC5C4)nc3)n2)n(C)c1=O,CHEMBL5733104,CHEMBL5726658,2019,4.0,nM,8.397940008672037,8.4,0.0020599913279628623,electrophysiology,not specified,not specified,,,,,,,human | not_reported | electrophysiology | NA | NA | NA | NA | NA | NA,9,,0,not_reported,verified_method_only,Whole-cell electrophysiology confirmed; agonist context remains unresolved.,1,False,True,True,,
27423773,4301378,CHEMBL5871560,CHEMBL5871560,C[C@@H](C(=O)Nc1cncc(-c2ccc(N3CC4CC4C3)nc2)n1)n1cnc2c1c(=O)n(CC#N)c(=O)n2C,CHEMBL5733104,CHEMBL5726658,2019,8.0,nM,8.096910013008056,8.1,0.0030899869919434053,electrophysiology,not specified,not specified,,,,,,,human | not_reported | electrophysiology | NA | NA | NA | NA | NA | NA,9,,0,not_reported,verified_method_only,Whole-cell electrophysiology confirmed; agonist context remains unresolved.,1,False,True,True,,
27423776,4301379,CHEMBL5972635,CHEMBL5972635,CC(=O)Cn1c(=O)c2c(ncn2[C@@H](C)C(N)=O)n(C)c1=O,CHEMBL5733104,CHEMBL5726658,2019,14.0,nM,7.853871964321762,7.85,-0.003871964321762178,electrophysiology,not specified,not specified,,,,,,,human | not_reported | electrophysiology | NA | NA | NA | NA | NA | NA,9,,0,not_reported,verified_method_only,Whole-cell electrophysiology confirmed; agonist context remains unresolved.,2,True,True,True,,
27423779,4301380,CHEMBL5979146,CHEMBL5979146,C[C@@H](C(=O)Nc1cccc(-c2cnc(N3CCC[C@H]3C(F)(F)F)nc2)n1)n1cnc2c1c(=O)n(CC#N)c(=O)n2C,CHEMBL5733104,CHEMBL5726658,2019,4.0,nM,8.397940008672037,8.4,0.0020599913279628623,electrophysiology,not specified,not specified,,,,,,,human | not_reported | electrophysiology | NA | NA | NA | NA | NA | NA,9,,0,not_reported,verified_method_only,Whole-cell electrophysiology confirmed; agonist context remains unresolved.,1,False,True,True,,
27423782,4301381,CHEMBL5915279,CHEMBL5915279,CC(=O)Cn1c(=O)c2c(ncn2[C@@H](C)C(=O)Nc2ccnc(-c3ccc(N4CC5CC5C4)nc3)n2)n(C)c1=O,CHEMBL5733104,CHEMBL5726658,2019,22.0,nM,7.657577319177793,7.66,0.0024226808222067575,electrophysiology,not specified,not specified,,,,,,,human | not_reported | electrophysiology | NA | NA | NA | NA | NA | NA,9,,0,not_reported,verified_method_only,Whole-cell electrophysiology confirmed; agonist context remains unresolved.,1,False,True,True,,
27423785,4301382,CHEMBL5877338,CHEMBL5877338,CCC(=O)Cn1c(=O)c2c(ncn2[C@@H](C)C(=O)Nc2ccnc(-c3ccc(N4CC5CC5C4)nc3)n2)n(C)c1=O,CHEMBL5733104,CHEMBL5726658,2019,4.0,nM,8.397940008672037,8.4,0.0020599913279628623,electrophysiology,not specified,not specified,,,,,,,human | not_reported | electrophysiology | NA | NA | NA | NA | NA | NA,9,,0,not_reported,verified_method_only,Whole-cell electrophysiology confirmed; agonist context remains unresolved.,1,False,True,True,,
27423788,4301383,CHEMBL5741988,CHEMBL5741988,C[C@@H](C(=O)Nc1cncc(-c2cnc(N3CCC[C@H]3C(F)(F)F)nc2)n1)n1cnc2c1c(=O)n(CC#N)c(=O)n2C,CHEMBL5733104,CHEMBL5726658,2019,7.0,nM,8.154901959985743,8.15,-0.004901959985742721,electrophysiology,not specified,not specified,,,,,,,human | not_reported | electrophysiology | NA | NA | NA | NA | NA | NA,9,,0,not_reported,verified_method_only,Whole-cell electrophysiology confirmed; agonist context remains unresolved.,1,False,True,True,,
27423791,4301384,CHEMBL5866311,CHEMBL5866311,C[C@@H](C(=O)Nc1ccnc(-c2cnc(N3CCC[C@@H]3C(F)(F)F)nc2)n1)n1cnc2c1c(=O)n(CC#N)c(=O)n2C,CHEMBL5733104,CHEMBL5726658,2019,7.0,nM,8.154901959985743,8.15,-0.004901959985742721,electrophysiology,not specified,not specified,,,,,,,human | not_reported | electrophysiology | NA | NA | NA | NA | NA | NA,9,,0,not_reported,verified_method_only,Whole-cell electrophysiology confirmed; agonist context remains unresolved.,1,False,True,True,,
27423794,4301385,CHEMBL5825686,CHEMBL5825686,C[C@@H](C(=O)Nc1csc(-c2cnc(N3CCC[C@@H]3C(F)(F)F)nc2)n1)n1cnc2c1c(=O)n(CC#N)c(=O)n2C,CHEMBL5733104,CHEMBL5726658,2019,4.0,nM,8.397940008672037,8.4,0.0020599913279628623,electrophysiology,not specified,not specified,,,,,,,human | not_reported | electrophysiology | NA | NA | NA | NA | NA | NA,9,,0,not_reported,verified_method_only,Whole-cell electrophysiology confirmed; agonist context remains unresolved.,1,False,True,True,,
27423800,4301387,CHEMBL5909669,CHEMBL5909669,CCCC(=O)Cn1c(=O)c2c(ncn2[C@@H](C)C(=O)Nc2cccc(-c3cnc(C(F)(F)F)nc3)n2)n(C)c1=O,CHEMBL5733104,CHEMBL5726658,2019,23.0,nM,7.638272163982407,7.64,0.0017278360175927432,electrophysiology,not specified,not specified,,,,,,,human | not_reported | electrophysiology | NA | NA | NA | NA | NA | NA,9,,0,not_reported,verified_method_only,Whole-cell electrophysiology confirmed; agonist context remains unresolved.,1,False,True,True,,
27423803,4301388,CHEMBL5916989,CHEMBL5916989,C[C@@H](C(=O)Nc1ccnc(-c2ccc(N3CC4CC4C3)nc2)n1)n1cnc2c1c(=O)n(CC#N)c(=O)n2C,CHEMBL5733104,CHEMBL5726658,2019,14.0,nM,7.853871964321762,7.85,-0.003871964321762178,electrophysiology,not specified,not specified,,,,,,,human | not_reported | electrophysiology | NA | NA | NA | NA | NA | NA,9,,0,not_reported,verified_method_only,Whole-cell electrophysiology confirmed; agonist context remains unresolved.,1,False,True,True,,
27423806,4301389,CHEMBL6061845,CHEMBL6061845,C[C@@H](C(=O)Nc1ccnc(-c2cnc(N3CCC[C@H]3C(F)(F)F)nc2)n1)n1cnc2c1c(=O)n(CC#N)c(=O)n2C,CHEMBL5733104,CHEMBL5726658,2019,7.0,nM,8.154901959985743,8.15,-0.004901959985742721,electrophysiology,not specified,not specified,,,,,,,human | not_reported | electrophysiology | NA | NA | NA | NA | NA | NA,9,,0,not_reported,verified_method_only,Whole-cell electrophysiology confirmed; agonist context remains unresolved.,1,False,True,True,,
27423809,4301390,CHEMBL6036941,CHEMBL6036941,Cc1cc(Cn2c(=O)c3c(ncn3[C@@H](C)C(=O)Nc3cncc(-c4cncc(C(F)(F)F)c4)n3)n(C)c2=O)no1,CHEMBL5733104,CHEMBL5726658,2019,5.0,nM,8.301029995663981,8.3,-0.001029995663980543,electrophysiology,not specified,not specified,,,,,,,human | not_reported | electrophysiology | NA | NA | NA | NA | NA | NA,9,,0,not_reported,verified_method_only,Whole-cell electrophysiology confirmed; agonist context remains unresolved.,1,False,True,True,,
27423812,4301391,CHEMBL5764449,CHEMBL5764449,CC(=O)Cn1c(=O)c2c(ncn2[C@@H](C)C(=O)Nc2csc(-c3cnc(N4CC5C(C4)C5(F)F)nc3)n2)n(C)c1=O,CHEMBL5733104,CHEMBL5726658,2019,3.0,nM,8.522878745280337,8.52,-0.0028787452803378244,electrophysiology,not specified,not specified,,,,,,,human | not_reported | electrophysiology | NA | NA | NA | NA | NA | NA,9,,0,not_reported,verified_method_only,Whole-cell electrophysiology confirmed; agonist context remains unresolved.,1,False,True,True,,
27423815,4301392,CHEMBL5761404,CHEMBL5761404,CCC(=O)Cn1c(=O)c2c(ncn2[C@@H](C)C(=O)Nc2csc(-c3cnc(N4CC5C(C4)C5(F)F)nc3)n2)n(C)c1=O,CHEMBL5733104,CHEMBL5726658,2019,2.0,nM,8.698970004336019,8.7,0.001029995663980543,electrophysiology,not specified,not specified,,,,,,,human | not_reported | electrophysiology | NA | NA | NA | NA | NA | NA,9,,0,not_reported,verified_method_only,Whole-cell electrophysiology confirmed; agonist context remains unresolved.,1,False,True,True,,
27423818,4301393,CHEMBL6035844,CHEMBL6035844,C[C@@H](C(=O)Nc1csc(-c2cnc(N3CC4C(C3)C4(F)F)nc2)n1)n1cnc2c1c(=O)n(CC#N)c(=O)n2C,CHEMBL5733104,CHEMBL5726658,2019,2.0,nM,8.698970004336019,8.7,0.001029995663980543,electrophysiology,not specified,not specified,,,,,,,human | not_reported | electrophysiology | NA | NA | NA | NA | NA | NA,9,,0,not_reported,verified_method_only,Whole-cell electrophysiology confirmed; agonist context remains unresolved.,1,False,True,True,,
27423821,4301394,CHEMBL6014669,CHEMBL6014669,COCC(=O)Cn1c(=O)c2c(ncn2[C@@H](C)C(=O)Nc2cccc(-c3cnc(C(F)(F)F)nc3)n2)n(C)c1=O,CHEMBL5733104,CHEMBL5726658,2019,45.0,nM,7.346787486224656,7.35,0.003212513775343595,electrophysiology,not specified,not specified,,,,,,,human | not_reported | electrophysiology | NA | NA | NA | NA | NA | NA,9,,0,not_reported,verified_method_only,Whole-cell electrophysiology confirmed; agonist context remains unresolved.,1,False,True,True,,
27423824,4301395,CHEMBL5959189,CHEMBL5959189,C[C@@H](C(=O)Nc1cncc(-c2cnc(N3CC4C(C3)C4(F)F)nc2)n1)n1cnc2c1c(=O)n(CC#N)c(=O)n2C,CHEMBL5733104,CHEMBL5726658,2019,7.0,nM,8.154901959985743,8.15,-0.004901959985742721,electrophysiology,not specified,not specified,,,,,,,human | not_reported | electrophysiology | NA | NA | NA | NA | NA | NA,9,,0,not_reported,verified_method_only,Whole-cell electrophysiology confirmed; agonist context remains unresolved.,1,False,True,True,,
27423827,4301396,CHEMBL6013956,CHEMBL6013956,CC(=O)Cn1c(=O)c2c(ncn2[C@@H](C)C(=O)Nc2ccnc(-c3cnc(N4CC5C(C4)C5(F)F)nc3)n2)n(C)c1=O,CHEMBL5733104,CHEMBL5726658,2019,8.0,nM,8.096910013008056,8.1,0.0030899869919434053,electrophysiology,not specified,not specified,,,,,,,human | not_reported | electrophysiology | NA | NA | NA | NA | NA | NA,9,,0,not_reported,verified_method_only,Whole-cell electrophysiology confirmed; agonist context remains unresolved.,1,False,True,True,,
27423830,4301397,CHEMBL5875545,CHEMBL5875545,CCC(=O)Cn1c(=O)c2c(ncn2[C@@H](C)C(=O)Nc2ccnc(-c3cnc(N4CC5C(C4)C5(F)F)nc3)n2)n(C)c1=O,CHEMBL5733104,CHEMBL5726658,2019,5.0,nM,8.301029995663981,8.3,-0.001029995663980543,electrophysiology,not specified,not specified,,,,,,,human | not_reported | electrophysiology | NA | NA | NA | NA | NA | NA,9,,0,not_reported,verified_method_only,Whole-cell electrophysiology confirmed; agonist context remains unresolved.,1,False,True,True,,
27423833,4301398,CHEMBL5826288,CHEMBL5826288,CC(=O)Cn1c(=O)c2c(ncn2[C@@H](C)C(=O)Nc2csc(-c3ccc(N4CC5CC5C4)nc3)n2)n(C)c1=O,CHEMBL5733104,CHEMBL5726658,2019,2.0,nM,8.698970004336019,8.7,0.001029995663980543,electrophysiology,not specified,not specified,,,,,,,human | not_reported | electrophysiology | NA | NA | NA | NA | NA | NA,9,,0,not_reported,verified_method_only,Whole-cell electrophysiology confirmed; agonist context remains unresolved.,1,False,True,True,,
27423836,4301399,CHEMBL5747691,CHEMBL5747691,C[C@@H](C(=O)Nc1csc(-c2ccc(N3CC4CC4C3)nc2)n1)n1cnc2c1c(=O)n(CC#N)c(=O)n2C,CHEMBL5733104,CHEMBL5726658,2019,2.0,nM,8.698970004336019,8.7,0.001029995663980543,electrophysiology,not specified,not specified,,,,,,,human | not_reported | electrophysiology | NA | NA | NA | NA | NA | NA,9,,0,not_reported,verified_method_only,Whole-cell electrophysiology confirmed; agonist context remains unresolved.,1,False,True,True,,
27423839,4301400,CHEMBL5787980,CHEMBL5787980,CC(=O)Cn1c(=O)c2c(ncn2[C@@H](C)C(=O)Nc2cccc(-c3ccc(N4CC5C(C4)C5(F)F)nc3)n2)n(C)c1=O,CHEMBL5733104,CHEMBL5726658,2019,8.0,nM,8.096910013008056,8.1,0.0030899869919434053,electrophysiology,not specified,not specified,,,,,,,human | not_reported | electrophysiology | NA | NA | NA | NA | NA | NA,9,,0,not_reported,verified_method_only,Whole-cell electrophysiology confirmed; agonist context remains unresolved.,1,False,True,True,,
27423842,4301401,CHEMBL5951532,CHEMBL5951532,C[C@@H](C(=O)Nc1cccc(-c2ccc(N3CC4C(C3)C4(F)F)nc2)n1)n1cnc2c1c(=O)n(CC#N)c(=O)n2C,CHEMBL5733104,CHEMBL5726658,2019,2.0,nM,8.698970004336019,8.7,0.001029995663980543,electrophysiology,not specified,not specified,,,,,,,human | not_reported | electrophysiology | NA | NA | NA | NA | NA | NA,9,,0,not_reported,verified_method_only,Whole-cell electrophysiology confirmed; agonist context remains unresolved.,1,False,True,True,,
27423845,4301402,CHEMBL5803475,CHEMBL5803475,C[C@@H](C(=O)Nc1ccnc(-c2cnc(N3CC4C(C3)C4(F)F)nc2)n1)n1cnc2c1c(=O)n(CC#N)c(=O)n2C,CHEMBL5733104,CHEMBL5726658,2019,7.0,nM,8.154901959985743,8.15,-0.004901959985742721,electrophysiology,not specified,not specified,,,,,,,human | not_reported | electrophysiology | NA | NA | NA | NA | NA | NA,9,,0,not_reported,verified_method_only,Whole-cell electrophysiology confirmed; agonist context remains unresolved.,1,False,True,True,,
27423848,4301403,CHEMBL5983223,CHEMBL5983223,CCC(=O)Cn1c(=O)c2c(ncn2[C@@H](C)C(=O)Nc2cccc(-c3ccc(N4CC5C(C4)C5(F)F)nc3)n2)n(C)c1=O,CHEMBL5733104,CHEMBL5726658,2019,5.0,nM,8.301029995663981,8.3,-0.001029995663980543,electrophysiology,not specified,not specified,,,,,,,human | not_reported | electrophysiology | NA | NA | NA | NA | NA | NA,9,,0,not_reported,verified_method_only,Whole-cell electrophysiology confirmed; agonist context remains unresolved.,1,False,True,True,,
27423851,4301404,CHEMBL6061471,CHEMBL6061471,CC(=O)Cn1c(=O)c2c(ncn2[C@@H](C)C(=O)Nc2ccnc(-c3ccc(N4CC5C(C4)C5(F)F)nc3)n2)n(C)c1=O,CHEMBL5733104,CHEMBL5726658,2019,7.0,nM,8.154901959985743,8.15,-0.004901959985742721,electrophysiology,not specified,not specified,,,,,,,human | not_reported | electrophysiology | NA | NA | NA | NA | NA | NA,9,,0,not_reported,verified_method_only,Whole-cell electrophysiology confirmed; agonist context remains unresolved.,1,False,True,True,,
27423854,4301405,CHEMBL5763260,CHEMBL5763260,CCC(=O)Cn1c(=O)c2c(ncn2[C@@H](C)C(=O)Nc2ccnc(-c3ccc(N4CC5C(C4)C5(F)F)nc3)n2)n(C)c1=O,CHEMBL5733104,CHEMBL5726658,2019,5.0,nM,8.301029995663981,8.3,-0.001029995663980543,electrophysiology,not specified,not specified,,,,,,,human | not_reported | electrophysiology | NA | NA | NA | NA | NA | NA,9,,0,not_reported,verified_method_only,Whole-cell electrophysiology confirmed; agonist context remains unresolved.,1,False,True,True,,
27423857,4301406,CHEMBL5934835,CHEMBL5934835,CNC(=O)Cn1c(=O)c2c(ncn2[C@@H](C)C(=O)Nc2csc(-c3cnc(N4CC5CC5C4)nc3)n2)n(C)c1=O,CHEMBL5733104,CHEMBL5726658,2019,44.0,nM,7.356547323513812,7.36,0.0034526764861881887,electrophysiology,not specified,not specified,,,,,,,human | not_reported | electrophysiology | NA | NA | NA | NA | NA | NA,9,,0,not_reported,verified_method_only,Whole-cell electrophysiology confirmed; agonist context remains unresolved.,1,False,True,True,,
27423860,4301407,CHEMBL5829683,CHEMBL5829683,C[C@@H](C(=O)Nc1csc(-c2cnc(N3CC4CC4C3)nc2)n1)n1cnc2c1c(=O)n(CC(N)=O)c(=O)n2C,CHEMBL5733104,CHEMBL5726658,2019,95.0,nM,7.022276394711152,7.02,-0.0022763947111528182,electrophysiology,not specified,not specified,,,,,,,human | not_reported | electrophysiology | NA | NA | NA | NA | NA | NA,9,,0,not_reported,verified_method_only,Whole-cell electrophysiology confirmed; agonist context remains unresolved.,1,False,True,True,,
27423863,4301408,CHEMBL5906916,CHEMBL5906916,C[C@@H](C(=O)Nc1csc(-c2cnc(N3CC4CC4C3)nc2)n1)n1cnc2c1c(=O)n(CC1CCO1)c(=O)n2C,CHEMBL5733104,CHEMBL5726658,2019,93.0,nM,7.031517051446065,7.03,-0.0015170514460649542,electrophysiology,not specified,not specified,,,,,,,human | not_reported | electrophysiology | NA | NA | NA | NA | NA | NA,9,,0,not_reported,verified_method_only,Whole-cell electrophysiology confirmed; agonist context remains unresolved.,1,False,True,True,,
27423866,4301409,CHEMBL5745226,CHEMBL5745226,CC(=O)Cn1c(=O)c2c(ncn2[C@@H](C)C(=O)Nc2cncc(-c3cnc(N4CC5C(C4)C5(F)F)nc3)n2)n(C)c1=O,CHEMBL5733104,CHEMBL5726658,2019,6.0,nM,8.221848749616356,8.22,-0.001848749616355505,electrophysiology,not specified,not specified,,,,,,,human | not_reported | electrophysiology | NA | NA | NA | NA | NA | NA,9,,0,not_reported,verified_method_only,Whole-cell electrophysiology confirmed; agonist context remains unresolved.,1,False,True,True,,
27423869,4301410,CHEMBL5948960,CHEMBL5948960,CCC(=O)Cn1c(=O)c2c(ncn2[C@@H](C)C(=O)Nc2cncc(-c3cnc(N4CC5C(C4)C5(F)F)nc3)n2)n(C)c1=O,CHEMBL5733104,CHEMBL5726658,2019,3.0,nM,8.522878745280337,8.52,-0.0028787452803378244,electrophysiology,not specified,not specified,,,,,,,human | not_reported | electrophysiology | NA | NA | NA | NA | NA | NA,9,,0,not_reported,verified_method_only,Whole-cell electrophysiology confirmed; agonist context remains unresolved.,1,False,True,True,,
27423872,4301411,CHEMBL6049051,CHEMBL6049051,CC(=O)Cn1c(=O)c2c(ncn2[C@@H](C)C(=O)Nc2cncc(-c3ccc(N4CC5C(C4)C5(F)F)nc3)n2)n(C)c1=O,CHEMBL5733104,CHEMBL5726658,2019,10.0,nM,8.0,8.0,0.0,electrophysiology,not specified,not specified,,,,,,,human | not_reported | electrophysiology | NA | NA | NA | NA | NA | NA,9,,0,not_reported,verified_method_only,Whole-cell electrophysiology confirmed; agonist context remains unresolved.,1,False,True,True,,
27423875,4301412,CHEMBL5745785,CHEMBL5745785,C[C@@H](C(=O)Nc1cncc(-c2ccc(N3CC4C(C3)C4(F)F)nc2)n1)n1cnc2c1c(=O)n(CC#N)c(=O)n2C,CHEMBL5733104,CHEMBL5726658,2019,2.0,nM,8.698970004336019,8.7,0.001029995663980543,electrophysiology,not specified,not specified,,,,,,,human | not_reported | electrophysiology | NA | NA | NA | NA | NA | NA,9,,0,not_reported,verified_method_only,Whole-cell electrophysiology confirmed; agonist context remains unresolved.,1,False,True,True,,
27423878,4301413,CHEMBL6013560,CHEMBL6013560,Cc1cc(Cn2c(=O)c3c(ncn3[C@@H](C)C(=O)Nc3cccc(-c4noc(C(F)(F)F)n4)n3)n(C)c2=O)no1,CHEMBL5733104,CHEMBL5726658,2019,86.0,nM,7.0655015487564325,7.07,0.004498451243567736,electrophysiology,not specified,not specified,,,,,,,human | not_reported | electrophysiology | NA | NA | NA | NA | NA | NA,9,,0,not_reported,verified_method_only,Whole-cell electrophysiology confirmed; agonist context remains unresolved.,1,False,True,True,,
27423881,4301414,CHEMBL5808567,CHEMBL5808567,CC(=O)Cn1c(=O)c2c(ncn2[C@@H](C)C(=O)Nc2csc(-c3ccc(N4CC5C(C4)C5(F)F)nc3)n2)n(C)c1=O,CHEMBL5733104,CHEMBL5726658,2019,3.0,nM,8.522878745280337,8.52,-0.0028787452803378244,electrophysiology,not specified,not specified,,,,,,,human | not_reported | electrophysiology | NA | NA | NA | NA | NA | NA,9,,0,not_reported,verified_method_only,Whole-cell electrophysiology confirmed; agonist context remains unresolved.,1,False,True,True,,
27423884,4301415,CHEMBL5943742,CHEMBL5943742,CCC(=O)Cn1c(=O)c2c(ncn2[C@@H](C)C(=O)Nc2csc(-c3ccc(N4CC5C(C4)C5(F)F)nc3)n2)n(C)c1=O,CHEMBL5733104,CHEMBL5726658,2019,1.0,nM,9.0,9.0,0.0,electrophysiology,not specified,not specified,,,,,,,human | not_reported | electrophysiology | NA | NA | NA | NA | NA | NA,9,,0,not_reported,verified_method_only,Whole-cell electrophysiology confirmed; agonist context remains unresolved.,1,False,True,True,,
27423887,4301416,CHEMBL6053101,CHEMBL6053101,CC(=O)Cn1c(=O)c2c(ncn2[C@@H](C)C(=O)Nc2csc(-c3cnc(C)c(Cl)c3)n2)n(C)c1=O,CHEMBL5733104,CHEMBL5726658,2019,10.0,nM,8.0,8.0,0.0,electrophysiology,not specified,not specified,,,,,,,human | not_reported | electrophysiology | NA | NA | NA | NA | NA | NA,9,,0,not_reported,verified_method_only,Whole-cell electrophysiology confirmed; agonist context remains unresolved.,1,False,True,True,,
27423890,4301417,CHEMBL5919639,CHEMBL5919639,CC(=O)Cn1c(=O)c2c(ncn2[C@@H](C)C(=O)Nc2csc(-c3cnc(C(F)(F)F)c(C)c3)n2)n(C)c1=O,CHEMBL5733104,CHEMBL5726658,2019,5.0,nM,8.301029995663981,8.3,-0.001029995663980543,electrophysiology,not specified,not specified,,,,,,,human | not_reported | electrophysiology | NA | NA | NA | NA | NA | NA,9,,0,not_reported,verified_method_only,Whole-cell electrophysiology confirmed; agonist context remains unresolved.,1,False,True,True,,
27423893,4301418,CHEMBL5988091,CHEMBL5988091,CCC(=O)Cn1c(=O)c2c(ncn2[C@@H](C)C(=O)Nc2csc(-c3cnc(C(F)(F)F)c(C)c3)n2)n(C)c1=O,CHEMBL5733104,CHEMBL5726658,2019,2.0,nM,8.698970004336019,8.7,0.001029995663980543,electrophysiology,not specified,not specified,,,,,,,human | not_reported | electrophysiology | NA | NA | NA | NA | NA | NA,9,,0,not_reported,verified_method_only,Whole-cell electrophysiology confirmed; agonist context remains unresolved.,1,False,True,True,,
27423896,4301419,CHEMBL5845178,CHEMBL5845178,CCC(=O)Cn1c(=O)c2c(ncn2[C@@H](C)C(=O)Nc2cncc(-c3ccc(N4CC5C(C4)C5(F)F)nc3)n2)n(C)c1=O,CHEMBL5733104,CHEMBL5726658,2019,4.0,nM,8.397940008672037,8.4,0.0020599913279628623,electrophysiology,not specified,not specified,,,,,,,human | not_reported | electrophysiology | NA | NA | NA | NA | NA | NA,9,,0,not_reported,verified_method_only,Whole-cell electrophysiology confirmed; agonist context remains unresolved.,1,False,True,True,,
27423899,4301420,CHEMBL5745397,CHEMBL5745397,Cc1cc(Cn2c(=O)c3c(ncn3[C@@H](C)C(=O)Nc3ccnc(-c4cnc(C(F)(F)F)c(C)c4)n3)n(C)c2=O)no1,CHEMBL5733104,CHEMBL5726658,2019,3.0,nM,8.522878745280337,8.52,-0.0028787452803378244,electrophysiology,not specified,not specified,,,,,,,human | not_reported | electrophysiology | NA | NA | NA | NA | NA | NA,9,,0,not_reported,verified_method_only,Whole-cell electrophysiology confirmed; agonist context remains unresolved.,1,False,True,True,,
27423902,4301421,CHEMBL5859921,CHEMBL5859921,COCCn1c(=O)c2c(ncn2[C@@H](C)C(=O)Nc2csc(-c3cnc(N4CC5CC5C4)nc3)n2)n(C)c1=O,CHEMBL5733104,CHEMBL5726658,2019,267.0,nM,6.573488738635424,6.57,-0.0034887386354238714,electrophysiology,not specified,not specified,,,,,,,human | not_reported | electrophysiology | NA | NA | NA | NA | NA | NA,9,,0,not_reported,verified_method_only,Whole-cell electrophysiology confirmed; agonist context remains unresolved.,1,False,True,True,,
27423905,4301422,CHEMBL5815262,CHEMBL5815262,CNC(=O)Cn1c(=O)c2c(ncn2[C@@H](C)C(N)=O)n(C)c1=O,CHEMBL5733104,CHEMBL5726658,2019,258.0,nM,6.58838029403677,6.59,0.0016197059632299116,electrophysiology,not specified,not specified,,,,,,,human | not_reported | electrophysiology | NA | NA | NA | NA | NA | NA,9,,0,not_reported,verified_method_only,Whole-cell electrophysiology confirmed; agonist context remains unresolved.,1,False,True,True,,
27423908,4301423,CHEMBL5975533,CHEMBL5975533,C[C@@H](C(N)=O)n1cnc2c1c(=O)n(CC1CCO1)c(=O)n2C,CHEMBL5733104,CHEMBL5726658,2019,894.0,nM,6.048662481204082,6.05,0.0013375187959177026,electrophysiology,not specified,not specified,,,,,,,human | not_reported | electrophysiology | NA | NA | NA | NA | NA | NA,9,,0,not_reported,verified_method_only,Whole-cell electrophysiology confirmed; agonist context remains unresolved.,1,False,True,True,,
27423911,4301424,CHEMBL5818464,CHEMBL5818464,CC(C)C(=O)Cn1c(=O)c2c(ncn2[C@@H](C)C(=O)Nc2cccc(-c3cnc(C(F)(F)F)nc3)n2)n(C)c1=O,CHEMBL5733104,CHEMBL5726658,2019,11.0,nM,7.958607314841775,7.96,0.0013926851582253263,electrophysiology,not specified,not specified,,,,,,,human | not_reported | electrophysiology | NA | NA | NA | NA | NA | NA,9,,0,not_reported,verified_method_only,Whole-cell electrophysiology confirmed; agonist context remains unresolved.,1,False,True,True,,
27423914,4301425,CHEMBL5818964,CHEMBL5818964,CCC(=O)Cn1c(=O)c2c(ncn2[C@@H](C)C(=O)Nc2csc(-c3cnc(C)c(Cl)c3)n2)n(C)c1=O,CHEMBL5733104,CHEMBL5726658,2019,3.0,nM,8.522878745280337,8.52,-0.0028787452803378244,electrophysiology,not specified,not specified,,,,,,,human | not_reported | electrophysiology | NA | NA | NA | NA | NA | NA,9,,0,not_reported,verified_method_only,Whole-cell electrophysiology confirmed; agonist context remains unresolved.,1,False,True,True,,
27423917,4301342,CHEMBL6007514,CHEMBL6007514,Cc1cc(Cn2c(=O)c3c(ncn3[C@@H](C)C(N)=O)n(C)c2=O)no1,CHEMBL5733104,CHEMBL5726658,2019,2.0,nM,8.698970004336019,8.7,0.001029995663980543,electrophysiology,not specified,not specified,,,,,,,human | not_reported | electrophysiology | NA | NA | NA | NA | NA | NA,9,,0,not_reported,verified_method_only,Whole-cell electrophysiology confirmed; agonist context remains unresolved.,2,True,True,True,,
27423920,4301426,CHEMBL6044767,CHEMBL6044767,CC(=O)Cn1c(=O)c2c(ncn2[C@@H](C)C(=O)Nc2csc(-c3cnc(C)c(F)c3)n2)n(C)c1=O,CHEMBL5733104,CHEMBL5726658,2019,33.0,nM,7.481486060122112,7.48,-0.0014860601221116099,electrophysiology,not specified,not specified,,,,,,,human | not_reported | electrophysiology | NA | NA | NA | NA | NA | NA,9,,0,not_reported,verified_method_only,Whole-cell electrophysiology confirmed; agonist context remains unresolved.,1,False,True,True,,
27423926,4301428,CHEMBL5920517,CHEMBL5920517,Cc1cc(Cn2c(=O)c3c(ncn3[C@@H](C)C(=O)Nc3csc(-c4cnc(C(F)(F)F)c(C)c4)n3)n(C)c2=O)no1,CHEMBL5733104,CHEMBL5726658,2019,3.0,nM,8.522878745280337,8.52,-0.0028787452803378244,electrophysiology,not specified,not specified,,,,,,,human | not_reported | electrophysiology | NA | NA | NA | NA | NA | NA,9,,0,not_reported,verified_method_only,Whole-cell electrophysiology confirmed; agonist context remains unresolved.,1,False,True,True,,
27423929,4301429,CHEMBL5772380,CHEMBL5772380,C[C@@H](C(N)=O)n1cnc2c1c(=O)n(Cc1ccon1)c(=O)n2C,CHEMBL5733104,CHEMBL5726658,2019,9.0,nM,8.045757490560675,8.05,0.004242509439325914,electrophysiology,not specified,not specified,,,,,,,human | not_reported | electrophysiology | NA | NA | NA | NA | NA | NA,9,,0,not_reported,verified_method_only,Whole-cell electrophysiology confirmed; agonist context remains unresolved.,1,False,True,True,,
27423932,4301430,CHEMBL5832537,CHEMBL5832537,Cc1cc(Cn2c(=O)c3c(ncn3[C@@H](C)C(=O)Nc3cncc(-c4cnc(N5CCC[C@H]5C(F)(F)F)nc4)n3)n(C)c2=O)no1,CHEMBL5733104,CHEMBL5726658,2019,2.0,nM,8.698970004336019,8.7,0.001029995663980543,electrophysiology,not specified,not specified,,,,,,,human | not_reported | electrophysiology | NA | NA | NA | NA | NA | NA,9,,0,not_reported,verified_method_only,Whole-cell electrophysiology confirmed; agonist context remains unresolved.,1,False,True,True,,
27423935,4301431,CHEMBL6004144,CHEMBL6004144,CC(=O)Cn1c(=O)c2c(ncn2[C@@H](C)C(=O)Nc2cccc(-c3cnc(C)c(C(F)(F)F)c3)n2)n(C)c1=O,CHEMBL5733104,CHEMBL5726658,2019,5.0,nM,8.301029995663981,8.3,-0.001029995663980543,electrophysiology,not specified,not specified,,,,,,,human | not_reported | electrophysiology | NA | NA | NA | NA | NA | NA,9,,0,not_reported,verified_method_only,Whole-cell electrophysiology confirmed; agonist context remains unresolved.,1,False,True,True,,
27423938,4301432,CHEMBL5934035,CHEMBL5934035,CC(=O)Cn1c(=O)c2c(ncn2[C@@H](C)C(=O)Nc2csc(-c3cnc(C)c(C(F)(F)F)c3)n2)n(C)c1=O,CHEMBL5733104,CHEMBL5726658,2019,3.0,nM,8.522878745280337,8.52,-0.0028787452803378244,electrophysiology,not specified,not specified,,,,,,,human | not_reported | electrophysiology | NA | NA | NA | NA | NA | NA,9,,0,not_reported,verified_method_only,Whole-cell electrophysiology confirmed; agonist context remains unresolved.,1,False,True,True,,
27423941,4301433,CHEMBL6051212,CHEMBL6051212,CCC(=O)Cn1c(=O)c2c(ncn2[C@@H](C)C(=O)Nc2csc(-c3cnc(C)c(C(F)(F)F)c3)n2)n(C)c1=O,CHEMBL5733104,CHEMBL5726658,2019,1.0,nM,9.0,9.0,0.0,electrophysiology,not specified,not specified,,,,,,,human | not_reported | electrophysiology | NA | NA | NA | NA | NA | NA,9,,0,not_reported,verified_method_only,Whole-cell electrophysiology confirmed; agonist context remains unresolved.,1,False,True,True,,
27423944,4301434,CHEMBL5778301,CHEMBL5778301,Cc1cc(Cn2c(=O)c3c(ncn3[C@@H](C)C(=O)Nc3csc(-c4cnc(C)c(F)c4)n3)n(C)c2=O)no1,CHEMBL5733104,CHEMBL5726658,2019,8.0,nM,8.096910013008056,8.1,0.0030899869919434053,electrophysiology,not specified,not specified,,,,,,,human | not_reported | electrophysiology | NA | NA | NA | NA | NA | NA,9,,0,not_reported,verified_method_only,Whole-cell electrophysiology confirmed; agonist context remains unresolved.,1,False,True,True,,
27423947,4301435,CHEMBL5857696,CHEMBL5857696,CCC(=O)Cn1c(=O)c2c(ncn2[C@@H](C)C(=O)Nc2csc(-c3cnc(C)c(F)c3)n2)n(C)c1=O,CHEMBL5733104,CHEMBL5726658,2019,12.0,nM,7.920818753952375,7.92,-0.0008187539523749621,electrophysiology,not specified,not specified,,,,,,,human | not_reported | electrophysiology | NA | NA | NA | NA | NA | NA,9,,0,not_reported,verified_method_only,Whole-cell electrophysiology confirmed; agonist context remains unresolved.,1,False,True,True,,
27423950,4301436,CHEMBL5918465,CHEMBL5918465,C[C@@H](C(=O)Nc1csc(-c2cnc(N3CC4CC4C3)nc2)n1)n1cnc2c1c(=O)n(CC(F)(F)F)c(=O)n2C,CHEMBL5733104,CHEMBL5726658,2019,30.0,nM,7.522878745280337,7.52,-0.0028787452803378244,electrophysiology,not specified,not specified,,,,,,,human | not_reported | electrophysiology | NA | NA | NA | NA | NA | NA,9,,0,not_reported,verified_method_only,Whole-cell electrophysiology confirmed; agonist context remains unresolved.,1,False,True,True,,
27423953,4301437,CHEMBL5811991,CHEMBL5811991,C[C@@H](C(=O)Nc1csc(-c2cnc(N3CC4CC4C3)nc2)n1)n1cnc2c1c(=O)n(CCC(F)(F)F)c(=O)n2C,CHEMBL5733104,CHEMBL5726658,2019,370.0,nM,6.431798275933005,6.43,-0.0017982759330053,electrophysiology,not specified,not specified,,,,,,,human | not_reported | electrophysiology | NA | NA | NA | NA | NA | NA,9,,0,not_reported,verified_method_only,Whole-cell electrophysiology confirmed; agonist context remains unresolved.,1,False,True,True,,
27423956,4301438,CHEMBL5832710,CHEMBL5832710,Cc1noc(Cn2c(=O)c3c(ncn3[C@@H](C)C(=O)Nc3cccc(-c4cnc(C(F)(F)F)nc4)n3)n(C)c2=O)n1,CHEMBL5733104,CHEMBL5726658,2019,15.0,nM,7.823908740944319,7.82,-0.003908740944318367,electrophysiology,not specified,not specified,,,,,,,human | not_reported | electrophysiology | NA | NA | NA | NA | NA | NA,9,,0,not_reported,verified_method_only,Whole-cell electrophysiology confirmed; agonist context remains unresolved.,1,False,True,True,,
27423959,4301439,CHEMBL5859441,CHEMBL5859441,COCC(=O)Cn1c(=O)c2c(ncn2[C@@H](C)C(=O)Nc2csc(-c3cnc(N4CC5CC5C4)nc3)n2)n(C)c1=O,CHEMBL5733104,CHEMBL5726658,2019,6.0,nM,8.221848749616356,8.22,-0.001848749616355505,electrophysiology,not specified,not specified,,,,,,,human | not_reported | electrophysiology | NA | NA | NA | NA | NA | NA,9,,0,not_reported,verified_method_only,Whole-cell electrophysiology confirmed; agonist context remains unresolved.,1,False,True,True,,
27423962,4301440,CHEMBL5945233,CHEMBL5945233,COCC(O)Cn1c(=O)c2c(ncn2[C@@H](C)C(=O)Nc2csc(-c3cnc(N4CC5CC5C4)nc3)n2)n(C)c1=O,CHEMBL5733104,CHEMBL5726658,2019,639.0,nM,6.1944991418416,6.19,-0.00449914184159983,electrophysiology,not specified,not specified,,,,,,,human | not_reported | electrophysiology | NA | NA | NA | NA | NA | NA,9,,0,not_reported,verified_method_only,Whole-cell electrophysiology confirmed; agonist context remains unresolved.,1,False,True,True,,
27423965,4301441,CHEMBL5927515,CHEMBL5927515,Cc1noc(Cn2c(=O)c3c(ncn3[C@@H](C)C(N)=O)n(C)c2=O)n1,CHEMBL5733104,CHEMBL5726658,2019,1.0,nM,9.0,9.0,0.0,electrophysiology,not specified,not specified,,,,,,,human | not_reported | electrophysiology | NA | NA | NA | NA | NA | NA,9,,0,not_reported,verified_method_only,Whole-cell electrophysiology confirmed; agonist context remains unresolved.,2,True,True,True,,
27423968,4301441,CHEMBL5927515,CHEMBL5927515,Cc1noc(Cn2c(=O)c3c(ncn3[C@@H](C)C(N)=O)n(C)c2=O)n1,CHEMBL5733104,CHEMBL5726658,2019,1.0,nM,9.0,9.0,0.0,electrophysiology,not specified,not specified,,,,,,,human | not_reported | electrophysiology | NA | NA | NA | NA | NA | NA,9,,0,not_reported,verified_method_only,Whole-cell electrophysiology confirmed; agonist context remains unresolved.,2,True,True,True,,
27423971,4301442,CHEMBL6062133,CHEMBL6062133,CC(=O)Cn1c(=O)c2c(ncn2[C@@H](C)C(=O)Nc2cncc(-c3cnc(C)c(C(F)(F)F)c3)n2)n(C)c1=O,CHEMBL5733104,CHEMBL5726658,2019,8.0,nM,8.096910013008056,8.1,0.0030899869919434053,electrophysiology,not specified,not specified,,,,,,,human | not_reported | electrophysiology | NA | NA | NA | NA | NA | NA,9,,0,not_reported,verified_method_only,Whole-cell electrophysiology confirmed; agonist context remains unresolved.,1,False,True,True,,
27423974,4301443,CHEMBL5806996,CHEMBL5806996,Cc1cc(Cn2c(=O)c3c(ncn3[C@@H](C)C(=O)Nc3ccnc(-c4cnc(C)c(C(F)(F)F)c4)n3)n(C)c2=O)no1,CHEMBL5733104,CHEMBL5726658,2019,1.0,nM,9.0,9.0,0.0,electrophysiology,not specified,not specified,,,,,,,human | not_reported | electrophysiology | NA | NA | NA | NA | NA | NA,9,,0,not_reported,verified_method_only,Whole-cell electrophysiology confirmed; agonist context remains unresolved.,1,False,True,True,,
27423977,4301444,CHEMBL5879929,CHEMBL5879929,CC(=O)Cn1c(=O)c2c(ncn2[C@@H](C)C(=O)Nc2ccnc(-c3cnc(C)c(C(F)(F)F)c3)n2)n(C)c1=O,CHEMBL5733104,CHEMBL5726658,2019,3.0,nM,8.522878745280337,8.52,-0.0028787452803378244,electrophysiology,not specified,not specified,,,,,,,human | not_reported | electrophysiology | NA | NA | NA | NA | NA | NA,9,,0,not_reported,verified_method_only,Whole-cell electrophysiology confirmed; agonist context remains unresolved.,1,False,True,True,,
27423980,4301445,CHEMBL6014001,CHEMBL6014001,Cc1cc(Cn2c(=O)c3c(ncn3[C@@H](C)C(=O)Nc3csc(-c4cnc(C)c(C(F)(F)F)c4)n3)n(C)c2=O)no1,CHEMBL5733104,CHEMBL5726658,2019,1.0,nM,9.0,9.0,0.0,electrophysiology,not specified,not specified,,,,,,,human | not_reported | electrophysiology | NA | NA | NA | NA | NA | NA,9,,0,not_reported,verified_method_only,Whole-cell electrophysiology confirmed; agonist context remains unresolved.,1,False,True,True,,
27423983,4301446,CHEMBL6064801,CHEMBL6064801,CCC(=O)Cn1c(=O)c2c(ncn2[C@@H](C)C(=O)Nc2cccc(-c3cnc(N4CC5CC5C4)cn3)n2)n(C)c1=O,CHEMBL5733104,CHEMBL5726658,2019,2.0,nM,8.698970004336019,8.7,0.001029995663980543,electrophysiology,not specified,not specified,,,,,,,human | not_reported | electrophysiology | NA | NA | NA | NA | NA | NA,9,,0,not_reported,verified_method_only,Whole-cell electrophysiology confirmed; agonist context remains unresolved.,1,False,True,True,,
27423986,4301447,CHEMBL6042280,CHEMBL6042280,Cc1cc(Cn2c(=O)c3c(ncn3[C@@H](C)C(=O)Nc3ccnc(-c4cnc(N5CCC[C@H]5C(F)(F)F)nc4)n3)n(C)c2=O)no1,CHEMBL5733104,CHEMBL5726658,2019,2.0,nM,8.698970004336019,8.7,0.001029995663980543,electrophysiology,not specified,not specified,,,,,,,human | not_reported | electrophysiology | NA | NA | NA | NA | NA | NA,9,,0,not_reported,verified_method_only,Whole-cell electrophysiology confirmed; agonist context remains unresolved.,1,False,True,True,,
27423989,4301448,CHEMBL5772739,CHEMBL5772739,Cc1cc(Cn2c(=O)c3c(ncn3[C@@H](C)C(=O)Nc3cccc(-c4cnc(N5CCC[C@H]5C(F)(F)F)nc4)n3)n(C)c2=O)no1,CHEMBL5733104,CHEMBL5726658,2019,1.0,nM,9.0,9.0,0.0,electrophysiology,not specified,not specified,,,,,,,human | not_reported | electrophysiology | NA | NA | NA | NA | NA | NA,9,,0,not_reported,verified_method_only,Whole-cell electrophysiology confirmed; agonist context remains unresolved.,1,False,True,True,,
27423995,4301450,CHEMBL5845331,CHEMBL5845331,C[C@@H](C(=O)Nc1cccc(-c2cnc(C(F)(F)F)nc2)n1)n1cnc2c1c(=O)n(Cc1ccon1)c(=O)n2C,CHEMBL5733104,CHEMBL5726658,2019,18.0,nM,7.7447274948966935,7.75,0.005272505103306457,electrophysiology,not specified,not specified,,,,,,,human | not_reported | electrophysiology | NA | NA | NA | NA | NA | NA,9,,0,not_reported,verified_method_only,Whole-cell electrophysiology confirmed; agonist context remains unresolved.,1,False,True,True,,
27423998,4301451,CHEMBL6037704,CHEMBL6037704,Cc1cc(Cn2c(=O)c3c(ncn3[C@@H](C)C(=O)Nc3cncc(-c4ccc(C(F)(F)F)nc4)n3)n(C)c2=O)no1,CHEMBL5733104,CHEMBL5726658,2019,17.0,nM,7.769551078621726,7.77,0.00044892137827368117,electrophysiology,not specified,not specified,,,,,,,human | not_reported | electrophysiology | NA | NA | NA | NA | NA | NA,9,,0,not_reported,verified_method_only,Whole-cell electrophysiology confirmed; agonist context remains unresolved.,1,False,True,True,,
27424001,4301452,CHEMBL5934948,CHEMBL5934948,C[C@@H](C(=O)Nc1cncc(-c2ccc(C(F)(F)F)nc2)n1)n1cnc2c1c(=O)n(Cc1ccon1)c(=O)n2C,CHEMBL5733104,CHEMBL5726658,2019,28.0,nM,7.552841968657781,7.55,-0.002841968657780747,electrophysiology,not specified,not specified,,,,,,,human | not_reported | electrophysiology | NA | NA | NA | NA | NA | NA,9,,0,not_reported,verified_method_only,Whole-cell electrophysiology confirmed; agonist context remains unresolved.,1,False,True,True,,
27424004,4301453,CHEMBL6061795,CHEMBL6061795,C[C@@H](C(=O)Nc1cncc(-c2cnc(C(F)(F)F)nc2)n1)n1cnc2c1c(=O)n(Cc1ccon1)c(=O)n2C,CHEMBL5733104,CHEMBL5726658,2019,26.0,nM,7.585026652029182,7.58,-0.005026652029181733,electrophysiology,not specified,not specified,,,,,,,human | not_reported | electrophysiology | NA | NA | NA | NA | NA | NA,9,,0,not_reported,verified_method_only,Whole-cell electrophysiology confirmed; agonist context remains unresolved.,1,False,True,True,,
27424007,4301454,CHEMBL5780751,CHEMBL5780751,COc1ncc(-c2cccc(NC(=O)[C@H](C)n3cnc4c3c(=O)n(Cc3cc(C)on3)c(=O)n4C)n2)cc1C(F)(F)F,CHEMBL5733104,CHEMBL5726658,2019,1.0,nM,9.0,9.0,0.0,electrophysiology,not specified,not specified,,,,,,,human | not_reported | electrophysiology | NA | NA | NA | NA | NA | NA,9,,0,not_reported,verified_method_only,Whole-cell electrophysiology confirmed; agonist context remains unresolved.,1,False,True,True,,
27424010,4301455,CHEMBL5924035,CHEMBL5924035,CCOc1ncc(-c2cccc(NC(=O)[C@H](C)n3cnc4c3c(=O)n(Cc3cc(C)on3)c(=O)n4C)n2)cc1C(F)(F)F,CHEMBL5733104,CHEMBL5726658,2019,1.0,nM,9.0,9.0,0.0,electrophysiology,not specified,not specified,,,,,,,human | not_reported | electrophysiology | NA | NA | NA | NA | NA | NA,9,,0,not_reported,verified_method_only,Whole-cell electrophysiology confirmed; agonist context remains unresolved.,1,False,True,True,,
27424013,4301456,CHEMBL5866397,CHEMBL5866397,Cc1cc(Cn2c(=O)c3c(ncn3[C@@H](C)C(=O)Nc3cccc(-c4cnc(Cl)c(C(F)(F)F)c4)n3)n(C)c2=O)no1,CHEMBL5733104,CHEMBL5726658,2019,2.0,nM,8.698970004336019,8.7,0.001029995663980543,electrophysiology,not specified,not specified,,,,,,,human | not_reported | electrophysiology | NA | NA | NA | NA | NA | NA,9,,0,not_reported,verified_method_only,Whole-cell electrophysiology confirmed; agonist context remains unresolved.,1,False,True,True,,
27424016,4301457,CHEMBL5992488,CHEMBL5992488,CCC(=O)Cn1c(=O)c2c(ncn2[C@@H](C)C(=O)Nc2cccc(-c3cnc(OC)c(C(F)(F)F)c3)n2)n(C)c1=O,CHEMBL5733104,CHEMBL5726658,2019,1.0,nM,9.0,9.0,0.0,electrophysiology,not specified,not specified,,,,,,,human | not_reported | electrophysiology | NA | NA | NA | NA | NA | NA,9,,0,not_reported,verified_method_only,Whole-cell electrophysiology confirmed; agonist context remains unresolved.,1,False,True,True,,
27424019,4301458,CHEMBL5989150,CHEMBL5989150,CCOc1ncc(-c2cccc(NC(=O)[C@H](C)n3cnc4c3c(=O)n(CC(=O)CC)c(=O)n4C)n2)cc1C(F)(F)F,CHEMBL5733104,CHEMBL5726658,2019,1.0,nM,9.0,9.0,0.0,electrophysiology,not specified,not specified,,,,,,,human | not_reported | electrophysiology | NA | NA | NA | NA | NA | NA,9,,0,not_reported,verified_method_only,Whole-cell electrophysiology confirmed; agonist context remains unresolved.,1,False,True,True,,
27424022,4301459,CHEMBL5929322,CHEMBL5929322,Cc1cc(Cn2c(=O)c3c(ncn3[C@@H](C)C(=O)Nc3cccc(-c4cnc(C)c(C(F)(F)F)c4)n3)n(C)c2=O)no1,CHEMBL5733104,CHEMBL5726658,2019,1.0,nM,9.0,9.0,0.0,electrophysiology,not specified,not specified,,,,,,,human | not_reported | electrophysiology | NA | NA | NA | NA | NA | NA,9,,0,not_reported,verified_method_only,Whole-cell electrophysiology confirmed; agonist context remains unresolved.,1,False,True,True,,
27424025,4301460,CHEMBL5746258,CHEMBL5746258,Cc1cc(Cn2c(=O)c3c(ncn3[C@@H](C)C(=O)Nc3cccc(-c4cnc(C)c(C)c4)n3)n(C)c2=O)no1,CHEMBL5733104,CHEMBL5726658,2019,25.0,nM,7.6020599913279625,7.6,-0.0020599913279628623,electrophysiology,not specified,not specified,,,,,,,human | not_reported | electrophysiology | NA | NA | NA | NA | NA | NA,9,,0,not_reported,verified_method_only,Whole-cell electrophysiology confirmed; agonist context remains unresolved.,1,False,True,True,,
27424028,4301461,CHEMBL5933482,CHEMBL5933482,Cc1cc(Cn2c(=O)c3c(ncn3[C@@H](C)C(=O)Nc3cncc(-c4cnc(C)c(C(F)(F)F)c4)n3)n(C)c2=O)no1,CHEMBL5733104,CHEMBL5726658,2019,4.0,nM,8.397940008672037,8.4,0.0020599913279628623,electrophysiology,not specified,not specified,,,,,,,human | not_reported | electrophysiology | NA | NA | NA | NA | NA | NA,9,,0,not_reported,verified_method_only,Whole-cell electrophysiology confirmed; agonist context remains unresolved.,1,False,True,True,,
27424031,4301462,CHEMBL5846838,CHEMBL5846838,Cc1cc(Cn2c(=O)c3c(ncn3[C@@H](C)C(=O)Nc3cccc(-c4cnc(C(F)(F)F)c(C)c4)n3)n(C)c2=O)no1,CHEMBL5733104,CHEMBL5726658,2019,2.0,nM,8.698970004336019,8.7,0.001029995663980543,electrophysiology,not specified,not specified,,,,,,,human | not_reported | electrophysiology | NA | NA | NA | NA | NA | NA,9,,0,not_reported,verified_method_only,Whole-cell electrophysiology confirmed; agonist context remains unresolved.,1,False,True,True,,
27424034,4301463,CHEMBL5749102,CHEMBL5749102,Cc1cc(Cn2c(=O)c3c(ncn3[C@@H](C)C(=O)Nc3cncc(-c4cnc(C(F)(F)F)c(C)c4)n3)n(C)c2=O)no1,CHEMBL5733104,CHEMBL5726658,2019,8.0,nM,8.096910013008056,8.1,0.0030899869919434053,electrophysiology,not specified,not specified,,,,,,,human | not_reported | electrophysiology | NA | NA | NA | NA | NA | NA,9,,0,not_reported,verified_method_only,Whole-cell electrophysiology confirmed; agonist context remains unresolved.,1,False,True,True,,
27424037,4301464,CHEMBL5976528,CHEMBL5976528,Cc1noc(Cn2c(=O)c3c(ncn3[C@@H](C)C(=O)Nc3cccc(-c4cnc(C(F)(F)F)c(C)c4)n3)n(C)c2=O)n1,CHEMBL5733104,CHEMBL5726658,2019,6.0,nM,8.221848749616356,8.22,-0.001848749616355505,electrophysiology,not specified,not specified,,,,,,,human | not_reported | electrophysiology | NA | NA | NA | NA | NA | NA,9,,0,not_reported,verified_method_only,Whole-cell electrophysiology confirmed; agonist context remains unresolved.,1,False,True,True,,
27424040,4301465,CHEMBL5938207,CHEMBL5938207,Cc1noc(Cn2c(=O)c3c(ncn3[C@@H](C)C(=O)Nc3cncc(-c4cnc(C)c(C(F)(F)F)c4)n3)n(C)c2=O)n1,CHEMBL5733104,CHEMBL5726658,2019,9.0,nM,8.045757490560675,8.05,0.004242509439325914,electrophysiology,not specified,not specified,,,,,,,human | not_reported | electrophysiology | NA | NA | NA | NA | NA | NA,9,,0,not_reported,verified_method_only,Whole-cell electrophysiology confirmed; agonist context remains unresolved.,1,False,True,True,,
27424043,4301466,CHEMBL5912245,CHEMBL5912245,Cc1noc(Cn2c(=O)c3c(ncn3[C@@H](C)C(=O)Nc3cncc(-c4cnc(C(F)(F)F)c(C)c4)n3)n(C)c2=O)n1,CHEMBL5733104,CHEMBL5726658,2019,9.0,nM,8.045757490560675,8.05,0.004242509439325914,electrophysiology,not specified,not specified,,,,,,,human | not_reported | electrophysiology | NA | NA | NA | NA | NA | NA,9,,0,not_reported,verified_method_only,Whole-cell electrophysiology confirmed; agonist context remains unresolved.,1,False,True,True,,
27424046,4301467,CHEMBL5769052,CHEMBL5769052,Cc1noc(Cn2c(=O)c3c(ncn3[C@@H](C)C(=O)Nc3cccc(-c4cnc(C)c(C(F)(F)F)c4)n3)n(C)c2=O)n1,CHEMBL5733104,CHEMBL5726658,2019,3.0,nM,8.522878745280337,8.52,-0.0028787452803378244,electrophysiology,not specified,not specified,,,,,,,human | not_reported | electrophysiology | NA | NA | NA | NA | NA | NA,9,,0,not_reported,verified_method_only,Whole-cell electrophysiology confirmed; agonist context remains unresolved.,1,False,True,True,,
27424049,4301468,CHEMBL6055251,CHEMBL6055251,CCC(=O)Cn1c(=O)c2c(ncn2[C@@H](C)C(=O)Nc2cccc(-c3cnc(C)c(C(F)(F)F)c3)n2)n(C)c1=O,CHEMBL5733104,CHEMBL5726658,2019,4.0,nM,8.397940008672037,8.4,0.0020599913279628623,electrophysiology,not specified,not specified,,,,,,,human | not_reported | electrophysiology | NA | NA | NA | NA | NA | NA,9,,0,not_reported,verified_method_only,Whole-cell electrophysiology confirmed; agonist context remains unresolved.,1,False,True,True,,
27424052,4301469,CHEMBL5912061,CHEMBL5912061,Cc1ncc(-c2cccc(NC(=O)[C@H](C)n3cnc4c3c(=O)n(Cc3ccon3)c(=O)n4C)n2)cc1C(F)(F)F,CHEMBL5733104,CHEMBL5726658,2019,3.0,nM,8.522878745280337,8.52,-0.0028787452803378244,electrophysiology,not specified,not specified,,,,,,,human | not_reported | electrophysiology | NA | NA | NA | NA | NA | NA,9,,0,not_reported,verified_method_only,Whole-cell electrophysiology confirmed; agonist context remains unresolved.,1,False,True,True,,
27424055,4301470,CHEMBL5843493,CHEMBL5843493,Cc1cc(-c2cncc(NC(=O)[C@H](C)n3cnc4c3c(=O)n(Cc3ccon3)c(=O)n4C)n2)cnc1C(F)(F)F,CHEMBL5733104,CHEMBL5726658,2019,13.0,nM,7.886056647693163,7.89,0.003943352306836623,electrophysiology,not specified,not specified,,,,,,,human | not_reported | electrophysiology | NA | NA | NA | NA | NA | NA,9,,0,not_reported,verified_method_only,Whole-cell electrophysiology confirmed; agonist context remains unresolved.,1,False,True,True,,
27424058,4301471,CHEMBL5959078,CHEMBL5959078,Cc1cc(Cn2c(=O)c3c(ncn3[C@@H](C)C(=O)Nc3cncc(-c4cnc(C)c(Cl)c4)n3)n(C)c2=O)no1,CHEMBL5733104,CHEMBL5726658,2019,11.0,nM,7.958607314841775,7.96,0.0013926851582253263,electrophysiology,not specified,not specified,,,,,,,human | not_reported | electrophysiology | NA | NA | NA | NA | NA | NA,9,,0,not_reported,verified_method_only,Whole-cell electrophysiology confirmed; agonist context remains unresolved.,1,False,True,True,,
27424061,4301472,CHEMBL5756580,CHEMBL5756580,CC(=O)Cn1c(=O)c2c(ncn2[C@@H](C)C(=O)Nc2cncc(-c3cnc(C)c(Cl)c3)n2)n(C)c1=O,CHEMBL5733104,CHEMBL5726658,2019,32.0,nM,7.494850021680094,7.5,0.005149978319906268,electrophysiology,not specified,not specified,,,,,,,human | not_reported | electrophysiology | NA | NA | NA | NA | NA | NA,9,,0,not_reported,verified_method_only,Whole-cell electrophysiology confirmed; agonist context remains unresolved.,1,False,True,True,,
27424064,4301473,CHEMBL5961003,CHEMBL5961003,C[C@@H](C(=O)Nc1ccnc(-c2cnc(C(F)(F)F)nc2)n1)n1cnc2c1c(=O)n(Cc1ccccn1)c(=O)n2C,CHEMBL5733104,CHEMBL5726658,2019,80.0,nM,7.096910013008056,7.1,0.0030899869919434053,electrophysiology,not specified,not specified,,,,,,,human | not_reported | electrophysiology | NA | NA | NA | NA | NA | NA,9,,0,not_reported,verified_method_only,Whole-cell electrophysiology confirmed; agonist context remains unresolved.,1,False,True,True,,
27424067,4301474,CHEMBL5869309,CHEMBL5869309,CC(=O)Cn1c(=O)c2c(ncn2[C@@H](C)C(=O)Nc2cccc(-c3cnc(N4CC5CC5C4)nc3)n2)n(C)c1=O,CHEMBL5733104,CHEMBL5726658,2019,7.0,nM,8.154901959985743,8.15,-0.004901959985742721,electrophysiology,not specified,not specified,,,,,,,human | not_reported | electrophysiology | NA | NA | NA | NA | NA | NA,9,,0,not_reported,verified_method_only,Whole-cell electrophysiology confirmed; agonist context remains unresolved.,1,False,True,True,,
27424070,4301475,CHEMBL5750088,CHEMBL5750088,CC(=O)Cn1c(=O)c2c(ncn2[C@@H](C)C(=O)Nc2ccnc(-c3cnc(N4CC5CC5C4)nc3)n2)n(C)c1=O,CHEMBL5733104,CHEMBL5726658,2019,20.0,nM,7.698970004336019,7.7,0.0010299956639814312,electrophysiology,not specified,not specified,,,,,,,human | not_reported | electrophysiology | NA | NA | NA | NA | NA | NA,9,,0,not_reported,verified_method_only,Whole-cell electrophysiology confirmed; agonist context remains unresolved.,1,False,True,True,,
27424073,4301347,CHEMBL6039947,CHEMBL6039947,C[C@@H](C(=O)Nc1cncc(-c2cnc(N3CC4CC4C3)nc2)n1)n1cnc2c1c(=O)n(CC#N)c(=O)n2C,CHEMBL5733104,CHEMBL5726658,2019,6.0,nM,8.221848749616356,8.22,-0.001848749616355505,electrophysiology,not specified,not specified,,,,,,,human | not_reported | electrophysiology | NA | NA | NA | NA | NA | NA,9,,0,not_reported,verified_method_only,Whole-cell electrophysiology confirmed; agonist context remains unresolved.,2,True,True,True,,
27424076,4301476,CHEMBL5942545,CHEMBL5942545,CC#CCn1c(=O)c2c(ncn2[C@@H](C)C(=O)Nc2csc(-c3cnc(N4CC5CC5C4)nc3)n2)n(C)c1=O,CHEMBL5733104,CHEMBL5726658,2019,2.0,nM,8.698970004336019,8.7,0.001029995663980543,electrophysiology,not specified,not specified,,,,,,,human | not_reported | electrophysiology | NA | NA | NA | NA | NA | NA,9,,0,not_reported,verified_method_only,Whole-cell electrophysiology confirmed; agonist context remains unresolved.,1,False,True,True,,
27424079,4301477,CHEMBL5754474,CHEMBL5754474,COCC(=O)Cn1c(=O)c2c(ncn2[C@@H](C)C(=O)Nc2cccc(-c3cnc(N4CC5C(C4)C5(F)F)nc3)n2)n(C)c1=O,CHEMBL5733104,CHEMBL5726658,2019,3.0,nM,8.522878745280337,8.52,-0.0028787452803378244,electrophysiology,not specified,not specified,,,,,,,human | not_reported | electrophysiology | NA | NA | NA | NA | NA | NA,9,,0,not_reported,verified_method_only,Whole-cell electrophysiology confirmed; agonist context remains unresolved.,1,False,True,True,,
27424082,4301478,CHEMBL5902529,CHEMBL5902529,CCC(=O)Cn1c(=O)c2c(ncn2[C@@H](C)C(=O)Nc2cccc(-c3cnc(N4CC5CC5C4)nc3)n2)n(C)c1=O,CHEMBL5733104,CHEMBL5726658,2019,6.0,nM,8.221848749616356,8.22,-0.001848749616355505,electrophysiology,not specified,not specified,,,,,,,human | not_reported | electrophysiology | NA | NA | NA | NA | NA | NA,9,,0,not_reported,verified_method_only,Whole-cell electrophysiology confirmed; agonist context remains unresolved.,1,False,True,True,,
27424085,4301346,CHEMBL6048542,CHEMBL6048542,C[C@@H](C(=O)Nc1cccc(-c2cnc(N3CC4CC4C3)nc2)n1)n1cnc2c1c(=O)n(CC#N)c(=O)n2C,CHEMBL5733104,CHEMBL5726658,2019,2.0,nM,8.698970004336019,8.7,0.001029995663980543,electrophysiology,not specified,not specified,,,,,,,human | not_reported | electrophysiology | NA | NA | NA | NA | NA | NA,9,,0,not_reported,verified_method_only,Whole-cell electrophysiology confirmed; agonist context remains unresolved.,2,True,True,True,,
27424088,4301479,CHEMBL5898991,CHEMBL5898991,Cc1noc(Cn2c(=O)c3c(ncn3[C@@H](C)C(=O)Nc3ccnc(-c4cnc(C(F)(F)F)c(C)c4)n3)n(C)c2=O)n1,CHEMBL5733104,CHEMBL5726658,2019,4.0,nM,8.397940008672037,8.4,0.0020599913279628623,electrophysiology,not specified,not specified,,,,,,,human | not_reported | electrophysiology | NA | NA | NA | NA | NA | NA,9,,0,not_reported,verified_method_only,Whole-cell electrophysiology confirmed; agonist context remains unresolved.,1,False,True,True,,
27424091,4301480,CHEMBL5844173,CHEMBL5844173,Cc1nc(Cn2c(=O)c3c(ncn3[C@@H](C)C(=O)Nc3cccc(-c4cnc(C)c(C(F)(F)F)c4)n3)n(C)c2=O)no1,CHEMBL5733104,CHEMBL5726658,2019,16.0,nM,7.795880017344075,7.8,0.0041199826559248365,electrophysiology,not specified,not specified,,,,,,,human | not_reported | electrophysiology | NA | NA | NA | NA | NA | NA,9,,0,not_reported,verified_method_only,Whole-cell electrophysiology confirmed; agonist context remains unresolved.,1,False,True,True,,
27424094,4301481,CHEMBL5914822,CHEMBL5914822,CC(=O)Cn1c(=O)c2c(ncn2[C@@H](C)C(=O)Nc2cncc(-c3cnc(N4CC5CC5C4)nc3)n2)n(C)c1=O,CHEMBL5733104,CHEMBL5726658,2019,7.0,nM,8.154901959985743,8.15,-0.004901959985742721,electrophysiology,not specified,not specified,,,,,,,human | not_reported | electrophysiology | NA | NA | NA | NA | NA | NA,9,,0,not_reported,verified_method_only,Whole-cell electrophysiology confirmed; agonist context remains unresolved.,1,False,True,True,,
27424097,4301482,CHEMBL5865537,CHEMBL5865537,CC(=O)Cn1c(=O)c2c(ncn2[C@@H](C)C(=O)Nc2csc(-c3cnc(N4CC5CC5C4)nc3)n2)n(C)c1=O,CHEMBL5733104,CHEMBL5726658,2019,2.0,nM,8.698970004336019,8.7,0.001029995663980543,electrophysiology,not specified,not specified,,,,,,,human | not_reported | electrophysiology | NA | NA | NA | NA | NA | NA,9,,0,not_reported,verified_method_only,Whole-cell electrophysiology confirmed; agonist context remains unresolved.,1,False,True,True,,
27424103,4301484,CHEMBL5949217,CHEMBL5949217,C[C@@H](C(=O)Nc1ccnc(-c2cnc(N3CC4CC4C3)nc2)n1)n1cnc2c1c(=O)n(CC#N)c(=O)n2C,CHEMBL5733104,CHEMBL5726658,2019,5.0,nM,8.301029995663981,8.3,-0.001029995663980543,electrophysiology,not specified,not specified,,,,,,,human | not_reported | electrophysiology | NA | NA | NA | NA | NA | NA,9,,0,not_reported,verified_method_only,Whole-cell electrophysiology confirmed; agonist context remains unresolved.,1,False,True,True,,
27424106,4301485,CHEMBL5788833,CHEMBL5788833,Cc1cc(Cn2c(=O)c3c(ncn3[C@@H](C)C(=O)Nc3cccc(-c4cncc(C(F)(F)F)c4)n3)n(C)c2=O)no1,CHEMBL5733104,CHEMBL5726658,2019,3.0,nM,8.522878745280337,8.52,-0.0028787452803378244,electrophysiology,not specified,not specified,,,,,,,human | not_reported | electrophysiology | NA | NA | NA | NA | NA | NA,9,,0,not_reported,verified_method_only,Whole-cell electrophysiology confirmed; agonist context remains unresolved.,1,False,True,True,,
27424109,4301486,CHEMBL6013485,CHEMBL6013485,CC#CCn1c(=O)c2c(ncn2[C@@H](C)C(=O)Nc2csc(-c3cnc(N4CCC[C@@H]4C(F)(F)F)nc3)n2)n(C)c1=O,CHEMBL5733104,CHEMBL5726658,2019,1.0,nM,9.0,9.0,0.0,electrophysiology,not specified,not specified,,,,,,,human | not_reported | electrophysiology | NA | NA | NA | NA | NA | NA,9,,0,not_reported,verified_method_only,Whole-cell electrophysiology confirmed; agonist context remains unresolved.,1,False,True,True,,
27424112,4301348,CHEMBL5901326,CHEMBL5901326,CCC(=O)Cn1c(=O)c2c(ncn2[C@@H](C)C(=O)Nc2cncc(-c3cnc(N4CC5CC5C4)nc3)n2)n(C)c1=O,CHEMBL5733104,CHEMBL5726658,2019,6.0,nM,8.221848749616356,8.22,-0.001848749616355505,electrophysiology,not specified,not specified,,,,,,,human | not_reported | electrophysiology | NA | NA | NA | NA | NA | NA,9,,0,not_reported,verified_method_only,Whole-cell electrophysiology confirmed; agonist context remains unresolved.,2,True,True,True,,
27424115,4301487,CHEMBL5743519,CHEMBL5743519,CCC(=O)Cn1c(=O)c2c(ncn2[C@@H](C)C(=O)Nc2cncc(-c3cnc(N4CC5C(C4)C5(F)F)cn3)n2)n(C)c1=O,CHEMBL5733104,CHEMBL5726658,2019,6.0,nM,8.221848749616356,8.22,-0.001848749616355505,electrophysiology,not specified,not specified,,,,,,,human | not_reported | electrophysiology | NA | NA | NA | NA | NA | NA,9,,0,not_reported,verified_method_only,Whole-cell electrophysiology confirmed; agonist context remains unresolved.,1,False,True,True,,
27424118,4301488,CHEMBL5940016,CHEMBL5940016,Cc1noc(Cn2c(=O)c3c(ncn3[C@@H](C)C(=O)Nc3cncc(-c4cnc(C(F)(F)F)nc4)n3)n(C)c2=O)n1,CHEMBL5733104,CHEMBL5726658,2019,20.0,nM,7.698970004336019,7.7,0.0010299956639814312,electrophysiology,not specified,not specified,,,,,,,human | not_reported | electrophysiology | NA | NA | NA | NA | NA | NA,9,,0,not_reported,verified_method_only,Whole-cell electrophysiology confirmed; agonist context remains unresolved.,1,False,True,True,,
27424121,4301489,CHEMBL5743353,CHEMBL5743353,Cc1cc(-c2nc(NC(=O)[C@H](C)n3cnc4c3c(=O)n(CC(F)(F)F)c(=O)n4C)cs2)cnc1C(F)(F)F,CHEMBL5733104,CHEMBL5726658,2019,219.0,nM,6.6595558851598815,6.66,0.0004441148401186368,electrophysiology,not specified,not specified,,,,,,,human | not_reported | electrophysiology | NA | NA | NA | NA | NA | NA,9,,0,not_reported,verified_method_only,Whole-cell electrophysiology confirmed; agonist context remains unresolved.,1,False,True,True,,
27424124,4301490,CHEMBL5782754,CHEMBL5782754,Cc1ncc(-c2nc(NC(=O)[C@H](C)n3cnc4c3c(=O)n(CC(F)(F)F)c(=O)n4C)cs2)cc1C(F)(F)F,CHEMBL5733104,CHEMBL5726658,2019,22.0,nM,7.657577319177793,7.66,0.0024226808222067575,electrophysiology,not specified,not specified,,,,,,,human | not_reported | electrophysiology | NA | NA | NA | NA | NA | NA,9,,0,not_reported,verified_method_only,Whole-cell electrophysiology confirmed; agonist context remains unresolved.,1,False,True,True,,
27424127,4301491,CHEMBL6056200,CHEMBL6056200,Cc1nc(Cn2c(=O)c3c(ncn3[C@@H](C)C(=O)Nc3csc(-c4cnc(C)c(C(F)(F)F)c4)n3)n(C)c2=O)no1,CHEMBL5733104,CHEMBL5726658,2019,2.0,nM,8.698970004336019,8.7,0.001029995663980543,electrophysiology,not specified,not specified,,,,,,,human | not_reported | electrophysiology | NA | NA | NA | NA | NA | NA,9,,0,not_reported,verified_method_only,Whole-cell electrophysiology confirmed; agonist context remains unresolved.,1,False,True,True,,
27424130,4301492,CHEMBL6056510,CHEMBL6056510,CC(=O)Cn1c(=O)c2c(ncn2[C@@H](C)C(=O)Nc2cncc(-c3cnc(N4CC5C(C4)C5(F)F)cn3)n2)n(C)c1=O,CHEMBL5733104,CHEMBL5726658,2019,21.0,nM,7.6777807052660805,7.68,0.0022192947339192415,electrophysiology,not specified,not specified,,,,,,,human | not_reported | electrophysiology | NA | NA | NA | NA | NA | NA,9,,0,not_reported,verified_method_only,Whole-cell electrophysiology confirmed; agonist context remains unresolved.,1,False,True,True,,
27424133,4301493,CHEMBL5955133,CHEMBL5955133,COCC(=O)Cn1c(=O)c2c(ncn2[C@@H](C)C(=O)Nc2cccc(-c3cnc(N4CC5CC5C4)nc3)n2)n(C)c1=O,CHEMBL5733104,CHEMBL5726658,2019,7.0,nM,8.154901959985743,8.15,-0.004901959985742721,electrophysiology,not specified,not specified,,,,,,,human | not_reported | electrophysiology | NA | NA | NA | NA | NA | NA,9,,0,not_reported,verified_method_only,Whole-cell electrophysiology confirmed; agonist context remains unresolved.,1,False,True,True,,
27424136,4301494,CHEMBL5808744,CHEMBL5808744,Cc1noc(Cn2c(=O)c3c(ncn3[C@@H](C)C(=O)Nc3csc(-c4cnc(N5CC6CC6C5)nc4)n3)n(C)c2=O)n1,CHEMBL5733104,CHEMBL5726658,2019,6.0,nM,8.221848749616356,8.22,-0.001848749616355505,electrophysiology,not specified,not specified,,,,,,,human | not_reported | electrophysiology | NA | NA | NA | NA | NA | NA,9,,0,not_reported,verified_method_only,Whole-cell electrophysiology confirmed; agonist context remains unresolved.,1,False,True,True,,
27424139,4301495,CHEMBL5953298,CHEMBL5953298,Cc1noc(Cn2c(=O)c3c(ncn3[C@@H](C)C(=O)Nc3cccc(-c4cnc(N5CC6CC6C5)nc4)n3)n(C)c2=O)n1,CHEMBL5733104,CHEMBL5726658,2019,4.0,nM,8.397940008672037,8.4,0.0020599913279628623,electrophysiology,not specified,not specified,,,,,,,human | not_reported | electrophysiology | NA | NA | NA | NA | NA | NA,9,,0,not_reported,verified_method_only,Whole-cell electrophysiology confirmed; agonist context remains unresolved.,1,False,True,True,,
27424142,4301496,CHEMBL5864934,CHEMBL5864934,CC#CCn1c(=O)c2c(ncn2[C@@H](C)C(N)=O)n(C)c1=O,CHEMBL5733104,CHEMBL5726658,2019,12.0,nM,7.920818753952375,7.92,-0.0008187539523749621,electrophysiology,not specified,not specified,,,,,,,human | not_reported | electrophysiology | NA | NA | NA | NA | NA | NA,9,,0,not_reported,verified_method_only,Whole-cell electrophysiology confirmed; agonist context remains unresolved.,2,True,True,True,,
27424145,4301496,CHEMBL5864934,CHEMBL5864934,CC#CCn1c(=O)c2c(ncn2[C@@H](C)C(N)=O)n(C)c1=O,CHEMBL5733104,CHEMBL5726658,2019,10.0,nM,8.0,8.0,0.0,electrophysiology,not specified,not specified,,,,,,,human | not_reported | electrophysiology | NA | NA | NA | NA | NA | NA,9,,0,not_reported,verified_method_only,Whole-cell electrophysiology confirmed; agonist context remains unresolved.,2,True,True,True,,
27424148,4301497,CHEMBL5979839,CHEMBL5979839,Cc1nc(Cn2c(=O)c3c(ncn3[C@@H](C)C(=O)Nc3cncc(-c4cnc(C)c(C(F)(F)F)c4)n3)n(C)c2=O)no1,CHEMBL5733104,CHEMBL5726658,2019,27.0,nM,7.568636235841012,7.57,0.00136376415898809,electrophysiology,not specified,not specified,,,,,,,human | not_reported | electrophysiology | NA | NA | NA | NA | NA | NA,9,,0,not_reported,verified_method_only,Whole-cell electrophysiology confirmed; agonist context remains unresolved.,1,False,True,True,,
27424151,4301498,CHEMBL5819550,CHEMBL5819550,Cc1nc(Cn2c(=O)c3c(ncn3[C@@H](C)C(=O)Nc3cccc(-c4cnc(C(F)(F)F)nc4)n3)n(C)c2=O)no1,CHEMBL5733104,CHEMBL5726658,2019,23.0,nM,7.638272163982407,7.64,0.0017278360175927432,electrophysiology,not specified,not specified,,,,,,,human | not_reported | electrophysiology | NA | NA | NA | NA | NA | NA,9,,0,not_reported,verified_method_only,Whole-cell electrophysiology confirmed; agonist context remains unresolved.,1,False,True,True,,
27424154,4301499,CHEMBL5875124,CHEMBL5875124,Cc1nc(Cn2c(=O)c3c(ncn3[C@@H](C)C(=O)Nc3ccnc(-c4cnc(C)c(C(F)(F)F)c4)n3)n(C)c2=O)no1,CHEMBL5733104,CHEMBL5726658,2019,2.0,nM,8.698970004336019,8.7,0.001029995663980543,electrophysiology,not specified,not specified,,,,,,,human | not_reported | electrophysiology | NA | NA | NA | NA | NA | NA,9,,0,not_reported,verified_method_only,Whole-cell electrophysiology confirmed; agonist context remains unresolved.,1,False,True,True,,
27424157,4301500,CHEMBL5918028,CHEMBL5918028,CC#CCn1c(=O)c2c(ncn2[C@@H](C)C(=O)Nc2ccnc(-c3cnc(N4CC5CC5C4)nc3)n2)n(C)c1=O,CHEMBL5733104,CHEMBL5726658,2019,6.0,nM,8.221848749616356,8.22,-0.001848749616355505,electrophysiology,not specified,not specified,,,,,,,human | not_reported | electrophysiology | NA | NA | NA | NA | NA | NA,9,,0,not_reported,verified_method_only,Whole-cell electrophysiology confirmed; agonist context remains unresolved.,1,False,True,True,,
27424160,4301501,CHEMBL6033658,CHEMBL6033658,Cc1nc2c(c(=O)n(Cc3ccccn3)c(=O)n2C)n1CC(=O)Nc1cccc(-c2ccc(Cl)cc2)n1,CHEMBL5733104,CHEMBL5726658,2019,24.0,nM,7.619788758288394,7.62,0.0002112417116064691,electrophysiology,not specified,not specified,,,,,,,human | not_reported | electrophysiology | NA | NA | NA | NA | NA | NA,9,,0,not_reported,verified_method_only,Whole-cell electrophysiology confirmed; agonist context remains unresolved.,1,False,True,True,,
27424163,4301502,CHEMBL5932773,CHEMBL5932773,Cc1nc2c(c(=O)n(Cc3ccccn3)c(=O)n2C)n1CC(=O)Nc1cccc(-c2ccc(F)c(F)c2)n1,CHEMBL5733104,CHEMBL5726658,2019,54.0,nM,7.267606240177031,7.27,0.002393759822968633,electrophysiology,not specified,not specified,,,,,,,human | not_reported | electrophysiology | NA | NA | NA | NA | NA | NA,9,,0,not_reported,verified_method_only,Whole-cell electrophysiology confirmed; agonist context remains unresolved.,1,False,True,True,,
27424166,4301503,CHEMBL6005670,CHEMBL6005670,Cc1nc2c(c(=O)n(Cc3ccccn3)c(=O)n2C)n1CC(=O)Nc1cccc(-c2cnc(N3CCC[C@H]3C(F)(F)F)nc2)n1,CHEMBL5733104,CHEMBL5726658,2019,10.0,nM,8.0,8.0,0.0,electrophysiology,not specified,not specified,,,,,,,human | not_reported | electrophysiology | NA | NA | NA | NA | NA | NA,9,,0,not_reported,verified_method_only,Whole-cell electrophysiology confirmed; agonist context remains unresolved.,1,False,True,True,,
27424169,4301504,CHEMBL5864222,CHEMBL5864222,Cc1nc2c(c(=O)n(Cc3ccccn3)c(=O)n2C)n1CC(=O)Nc1cccc(-c2cnc(C(F)(F)F)nc2)n1,CHEMBL5733104,CHEMBL5726658,2019,42.0,nM,7.376750709602099,7.38,0.0032492903979006726,electrophysiology,not specified,not specified,,,,,,,human | not_reported | electrophysiology | NA | NA | NA | NA | NA | NA,9,,0,not_reported,verified_method_only,Whole-cell electrophysiology confirmed; agonist context remains unresolved.,1,False,True,True,,
27424172,4301505,CHEMBL5914773,CHEMBL5914773,Cn1c(=O)n(Cc2ccccn2)c(=O)c2c1ncn2CC(=O)Nc1csc(-c2ccc(F)c(F)c2)n1,CHEMBL5733104,CHEMBL5726658,2019,14.0,nM,7.853871964321762,7.85,-0.003871964321762178,electrophysiology,not specified,not specified,,,,,,,human | not_reported | electrophysiology | NA | NA | NA | NA | NA | NA,9,,0,not_reported,verified_method_only,Whole-cell electrophysiology confirmed; agonist context remains unresolved.,1,False,True,True,,
27424175,4301506,CHEMBL5847001,CHEMBL5847001,CC(=O)Cn1c(=O)c2c(ncn2CC(=O)Nc2cccc(-c3ccc(Cl)cc3)n2)n(C)c1=O,CHEMBL5733104,CHEMBL5726658,2019,19.0,nM,7.721246399047171,7.72,-0.001246399047171387,electrophysiology,not specified,not specified,,,,,,,human | not_reported | electrophysiology | NA | NA | NA | NA | NA | NA,9,,0,not_reported,verified_method_only,Whole-cell electrophysiology confirmed; agonist context remains unresolved.,1,False,True,True,,
27424178,4301507,CHEMBL5757813,CHEMBL5757813,CC(=O)Cn1c(=O)c2c(ncn2CC(=O)Nc2cccc(-c3ccc(F)c(F)c3)n2)n(C)c1=O,CHEMBL5733104,CHEMBL5726658,2019,42.0,nM,7.376750709602099,7.38,0.0032492903979006726,electrophysiology,not specified,not specified,,,,,,,human | not_reported | electrophysiology | NA | NA | NA | NA | NA | NA,9,,0,not_reported,verified_method_only,Whole-cell electrophysiology confirmed; agonist context remains unresolved.,1,False,True,True,,
27424181,4301508,CHEMBL5975317,CHEMBL5975317,CC(=O)Cn1c(=O)c2c(ncn2CC(=O)Nc2cccc(-c3cnc(N4CCC[C@H]4C(F)(F)F)nc3)n2)n(C)c1=O,CHEMBL5733104,CHEMBL5726658,2019,3.0,nM,8.522878745280337,8.52,-0.0028787452803378244,electrophysiology,not specified,not specified,,,,,,,human | not_reported | electrophysiology | NA | NA | NA | NA | NA | NA,9,,0,not_reported,verified_method_only,Whole-cell electrophysiology confirmed; agonist context remains unresolved.,1,False,True,True,,
27424184,4301509,CHEMBL5776499,CHEMBL5776499,CC(O)Cn1c(=O)c2c(ncn2CC(=O)Nc2cccc(-c3cnc(N4CCC[C@H]4C(F)(F)F)nc3)n2)n(C)c1=O,CHEMBL5733104,CHEMBL5726658,2019,310.0,nM,6.508638306165727,6.51,0.0013616938342728702,electrophysiology,not specified,not specified,,,,,,,human | not_reported | electrophysiology | NA | NA | NA | NA | NA | NA,9,,0,not_reported,verified_method_only,Whole-cell electrophysiology confirmed; agonist context remains unresolved.,1,False,True,True,,
27424187,4301510,CHEMBL6033430,CHEMBL6033430,CC(=O)Cn1c(=O)c2c(ncn2CC(=O)Nc2cccc(-c3cnc(C(F)(F)F)nc3)n2)n(C)c1=O,CHEMBL5733104,CHEMBL5726658,2019,45.0,nM,7.346787486224656,7.35,0.003212513775343595,electrophysiology,not specified,not specified,,,,,,,human | not_reported | electrophysiology | NA | NA | NA | NA | NA | NA,9,,0,not_reported,verified_method_only,Whole-cell electrophysiology confirmed; agonist context remains unresolved.,1,False,True,True,,
27424190,4301511,CHEMBL5908875,CHEMBL5908875,Cn1c(=O)n(Cc2ccccn2)c(=O)c2c1ncn2CC(=O)Nc1cccc(-c2cnc(C(F)(F)F)nc2)n1,CHEMBL5733104,CHEMBL5726658,2019,74.0,nM,7.130768280269024,7.13,-0.0007682802690238688,electrophysiology,not specified,not specified,,,,,,,human | not_reported | electrophysiology | NA | NA | NA | NA | NA | NA,9,,0,not_reported,verified_method_only,Whole-cell electrophysiology confirmed; agonist context remains unresolved.,1,False,True,True,,
27424193,4301512,CHEMBL5769806,CHEMBL5769806,Cn1c(=O)n(Cc2ccccn2)c(=O)c2c1ncn2CC(=O)Nc1cccc(-c2ccc(F)c(F)c2)n1,CHEMBL5733104,CHEMBL5726658,2019,74.0,nM,7.130768280269024,7.13,-0.0007682802690238688,electrophysiology,not specified,not specified,,,,,,,human | not_reported | electrophysiology | NA | NA | NA | NA | NA | NA,9,,0,not_reported,verified_method_only,Whole-cell electrophysiology confirmed; agonist context remains unresolved.,1,False,True,True,,
27424196,4301513,CHEMBL5991106,CHEMBL5991106,Cn1c(=O)n(Cc2ccccn2)c(=O)c2c1ncn2CC(=O)Nc1cccc(-c2ccc(Cl)cc2)n1,CHEMBL5733104,CHEMBL5726658,2019,33.0,nM,7.481486060122112,7.48,-0.0014860601221116099,electrophysiology,not specified,not specified,,,,,,,human | not_reported | electrophysiology | NA | NA | NA | NA | NA | NA,9,,0,not_reported,verified_method_only,Whole-cell electrophysiology confirmed; agonist context remains unresolved.,1,False,True,True,,
27424199,4301514,CHEMBL5872230,CHEMBL5872230,Cn1c(=O)n(Cc2ccccn2)c(=O)c2c1ncn2CC(=O)Nc1cccc(-c2cnc(N3CCC[C@H]3C(F)(F)F)nc2)n1,CHEMBL5733104,CHEMBL5726658,2019,2.0,nM,8.698970004336019,8.7,0.001029995663980543,electrophysiology,not specified,not specified,,,,,,,human | not_reported | electrophysiology | NA | NA | NA | NA | NA | NA,9,,0,not_reported,verified_method_only,Whole-cell electrophysiology confirmed; agonist context remains unresolved.,1,False,True,True,,
27424202,4301515,CHEMBL5759146,CHEMBL5759146,Cn1c(=O)n(Cc2ccccn2)c(=O)c2c1ncn2CC(=O)Nc1csc(-c2ccc(Cl)cc2)n1,CHEMBL5733104,CHEMBL5726658,2019,17.0,nM,7.769551078621726,7.77,0.00044892137827368117,electrophysiology,not specified,not specified,,,,,,,human | not_reported | electrophysiology | NA | NA | NA | NA | NA | NA,9,,0,not_reported,verified_method_only,Whole-cell electrophysiology confirmed; agonist context remains unresolved.,1,False,True,True,,
27424205,4301516,CHEMBL5854825,CHEMBL5854825,Cn1c(=O)n(Cc2ccccn2)c(=O)c2c1ncn2CC(=O)Nc1csc(-c2cnc(C(F)(F)F)nc2)n1,CHEMBL5733104,CHEMBL5726658,2019,51.0,nM,7.292429823902063,7.29,-0.002429823902063255,electrophysiology,not specified,not specified,,,,,,,human | not_reported | electrophysiology | NA | NA | NA | NA | NA | NA,9,,0,not_reported,verified_method_only,Whole-cell electrophysiology confirmed; agonist context remains unresolved.,1,False,True,True,,
27424208,4301517,CHEMBL5895659,CHEMBL5895659,CC(=O)Cn1c(=O)c2c(nc(C)n2CC(=O)Nc2cccc(-c3ccc(Cl)cc3)n2)n(C)c1=O,CHEMBL5733104,CHEMBL5726658,2019,33.0,nM,7.481486060122112,7.48,-0.0014860601221116099,electrophysiology,not specified,not specified,,,,,,,human | not_reported | electrophysiology | NA | NA | NA | NA | NA | NA,9,,0,not_reported,verified_method_only,Whole-cell electrophysiology confirmed; agonist context remains unresolved.,1,False,True,True,,
27424211,4301518,CHEMBL5844543,CHEMBL5844543,CC(=O)Cn1c(=O)c2c(nc(C)n2CC(=O)Nc2cccc(-c3ccc(F)c(F)c3)n2)n(C)c1=O,CHEMBL5733104,CHEMBL5726658,2019,45.0,nM,7.346787486224656,7.35,0.003212513775343595,electrophysiology,not specified,not specified,,,,,,,human | not_reported | electrophysiology | NA | NA | NA | NA | NA | NA,9,,0,not_reported,verified_method_only,Whole-cell electrophysiology confirmed; agonist context remains unresolved.,1,False,True,True,,
27424214,4301519,CHEMBL5859891,CHEMBL5859891,CC(=O)Cn1c(=O)c2c(nc(C)n2CC(=O)Nc2cccc(-c3cnc(C(F)(F)F)cn3)n2)n(C)c1=O,CHEMBL5733104,CHEMBL5726658,2019,62.0,nM,7.207608310501746,7.21,0.0023916894982543013,electrophysiology,not specified,not specified,,,,,,,human | not_reported | electrophysiology | NA | NA | NA | NA | NA | NA,9,,0,not_reported,verified_method_only,Whole-cell electrophysiology confirmed; agonist context remains unresolved.,1,False,True,True,,
27424217,4301520,CHEMBL5893030,CHEMBL5893030,CC(=O)Cn1c(=O)c2c(nc(C)n2CC(=O)Nc2cccc(-c3cnc(N4CCC[C@H]4C(F)(F)F)nc3)n2)n(C)c1=O,CHEMBL5733104,CHEMBL5726658,2019,3.0,nM,8.522878745280337,8.52,-0.0028787452803378244,electrophysiology,not specified,not specified,,,,,,,human | not_reported | electrophysiology | NA | NA | NA | NA | NA | NA,9,,0,not_reported,verified_method_only,Whole-cell electrophysiology confirmed; agonist context remains unresolved.,1,False,True,True,,
27424220,4301521,CHEMBL6047908,CHEMBL6047908,Cc1cc(Cn2c(=O)c3c(ncn3CC(=O)Nc3cccc(N4CCC(F)(F)CC4)n3)n(C)c2=O)no1,CHEMBL5733104,CHEMBL5726658,2019,122.0,nM,6.913640169325252,6.91,-0.0036401693252514633,electrophysiology,not specified,not specified,,,,,,,human | not_reported | electrophysiology | NA | NA | NA | NA | NA | NA,9,,0,not_reported,verified_method_only,Whole-cell electrophysiology confirmed; agonist context remains unresolved.,1,False,True,True,,
27424223,4301522,CHEMBL5760713,CHEMBL5760713,Cc1cc(Cn2c(=O)c3c(ncn3CC(=O)Nc3cccc(N4CC(F)(F)C4)n3)n(C)c2=O)no1,CHEMBL5733104,CHEMBL5726658,2019,294.0,nM,6.531652669587842,6.53,-0.0016526695878420483,electrophysiology,not specified,not specified,,,,,,,human | not_reported | electrophysiology | NA | NA | NA | NA | NA | NA,9,,0,not_reported,verified_method_only,Whole-cell electrophysiology confirmed; agonist context remains unresolved.,1,False,True,True,,
27424226,4301523,CHEMBL5834328,CHEMBL5834328,Cc1cc(Cn2c(=O)c3c(ncn3CC(=O)Nc3ccc(N4CCC(C(C)C)CC4)cn3)n(C)c2=O)no1,CHEMBL5733104,CHEMBL5726658,2019,11.0,nM,7.958607314841775,7.96,0.0013926851582253263,electrophysiology,not specified,not specified,,,,,,,human | not_reported | electrophysiology | NA | NA | NA | NA | NA | NA,9,,0,not_reported,verified_method_only,Whole-cell electrophysiology confirmed; agonist context remains unresolved.,1,False,True,True,,
27424229,4301524,CHEMBL5820776,CHEMBL5820776,Cc1cc(Cn2c(=O)c3c(ncn3CC(=O)Nc3ccc4ccccc4n3)n(C)c2=O)no1,CHEMBL5733104,CHEMBL5726658,2019,404.0,nM,6.393618634889394,6.39,-0.003618634889394734,electrophysiology,not specified,not specified,,,,,,,human | not_reported | electrophysiology | NA | NA | NA | NA | NA | NA,9,,0,not_reported,verified_method_only,Whole-cell electrophysiology confirmed; agonist context remains unresolved.,1,False,True,True,,
27424232,4301525,CHEMBL5753838,CHEMBL5753838,Cc1cc(Cn2c(=O)c3c(ncn3CC(=O)Nc3ccc(Br)c(C(F)(F)F)n3)n(C)c2=O)no1,CHEMBL5733104,CHEMBL5726658,2019,34.0,nM,7.468521082957745,7.47,0.0014789170422551123,electrophysiology,not specified,not specified,,,,,,,human | not_reported | electrophysiology | NA | NA | NA | NA | NA | NA,9,,0,not_reported,verified_method_only,Whole-cell electrophysiology confirmed; agonist context remains unresolved.,1,False,True,True,,
27424235,4301526,CHEMBL5778514,CHEMBL5778514,Cc1cc(Cn2c(=O)c3c(ncn3CC(=O)Nc3ccc(C#N)c(C(F)(F)F)n3)n(C)c2=O)no1,CHEMBL5733104,CHEMBL5726658,2019,309.0,nM,6.510041520575165,6.51,-4.152057516559893e-05,electrophysiology,not specified,not specified,,,,,,,human | not_reported | electrophysiology | NA | NA | NA | NA | NA | NA,9,,0,not_reported,verified_method_only,Whole-cell electrophysiology confirmed; agonist context remains unresolved.,1,False,True,True,,
27424238,4301527,CHEMBL5778624,CHEMBL5778624,Cc1cc(Cn2c(=O)c3c(ncn3CC(=O)Nc3cccc(N4CCC(C(F)(F)F)CC4)n3)n(C)c2=O)no1,CHEMBL5733104,CHEMBL5726658,2019,26.0,nM,7.585026652029182,7.58,-0.005026652029181733,electrophysiology,not specified,not specified,,,,,,,human | not_reported | electrophysiology | NA | NA | NA | NA | NA | NA,9,,0,not_reported,verified_method_only,Whole-cell electrophysiology confirmed; agonist context remains unresolved.,1,False,True,True,,
27424241,4301528,CHEMBL5812994,CHEMBL5812994,CCc1cc(NC(=O)Cn2cnc3c2c(=O)n(Cc2cc(C)on2)c(=O)n3C)nc(C(F)(F)F)c1,CHEMBL5733104,CHEMBL5726658,2019,1610.0,nM,5.79317412396815,5.79,-0.0031741239681499778,electrophysiology,not specified,not specified,,,,,,,human | not_reported | electrophysiology | NA | NA | NA | NA | NA | NA,9,,0,not_reported,verified_method_only,Whole-cell electrophysiology confirmed; agonist context remains unresolved.,1,False,True,True,,
27424244,4301529,CHEMBL6026939,CHEMBL6026939,COc1cc(NC(=O)Cn2cnc3c2c(=O)n(Cc2cc(C)on2)c(=O)n3C)nc(C(F)(F)F)c1,CHEMBL5733104,CHEMBL5726658,2019,3250.0,nM,5.488116639021126,5.49,0.0018833609788746486,electrophysiology,not specified,not specified,,,,,,,human | not_reported | electrophysiology | NA | NA | NA | NA | NA | NA,9,,0,not_reported,verified_method_only,Whole-cell electrophysiology confirmed; agonist context remains unresolved.,1,False,True,True,,
27424250,4301531,CHEMBL5812116,CHEMBL5812116,Cc1cc(Cn2c(=O)c3c(ncn3CC(=O)Nc3cccc(N4CC5CC5C4)n3)n(C)c2=O)no1,CHEMBL5733104,CHEMBL5726658,2019,62.0,nM,7.207608310501746,7.21,0.0023916894982543013,electrophysiology,not specified,not specified,,,,,,,human | not_reported | electrophysiology | NA | NA | NA | NA | NA | NA,9,,0,not_reported,verified_method_only,Whole-cell electrophysiology confirmed; agonist context remains unresolved.,1,False,True,True,,
27424253,4301532,CHEMBL5899569,CHEMBL5899569,Cc1cc(Cn2c(=O)c3c(ncn3CC(=O)Nc3cccc(N4CC5C(C4)C5(F)F)n3)n(C)c2=O)no1,CHEMBL5733104,CHEMBL5726658,2019,141.0,nM,6.85078088734462,6.85,-0.0007808873446206732,electrophysiology,not specified,not specified,,,,,,,human | not_reported | electrophysiology | NA | NA | NA | NA | NA | NA,9,,0,not_reported,verified_method_only,Whole-cell electrophysiology confirmed; agonist context remains unresolved.,1,False,True,True,,
27424256,4301533,CHEMBL5958781,CHEMBL5958781,Cc1cc(Cn2c(=O)c3c(ncn3CC(=O)Nc3cccc(N4CCN(CC(F)(F)F)CC4)n3)n(C)c2=O)no1,CHEMBL5733104,CHEMBL5726658,2019,92.0,nM,7.036212172654444,7.04,0.0037878273455556055,electrophysiology,not specified,not specified,,,,,,,human | not_reported | electrophysiology | NA | NA | NA | NA | NA | NA,9,,0,not_reported,verified_method_only,Whole-cell electrophysiology confirmed; agonist context remains unresolved.,1,False,True,True,,
27424259,4301534,CHEMBL5960495,CHEMBL5960495,Cc1cc(Cn2c(=O)c3c(ncn3CC(=O)Nc3cccc(-c4ccc(C(F)(F)F)nc4)n3)n(C)c2=O)no1,CHEMBL5733104,CHEMBL5726658,2019,25.0,nM,7.6020599913279625,7.6,-0.0020599913279628623,electrophysiology,not specified,not specified,,,,,,,human | not_reported | electrophysiology | NA | NA | NA | NA | NA | NA,9,,0,not_reported,verified_method_only,Whole-cell electrophysiology confirmed; agonist context remains unresolved.,1,False,True,True,,
27424262,4301535,CHEMBL6032059,CHEMBL6032059,CC(=O)Cn1c(=O)c2c(ncn2CC(=O)Nc2csc(-c3cnc(C(F)(F)F)c(C)c3)n2)n(C)c1=O,CHEMBL5733104,CHEMBL5726658,2019,16.0,nM,7.795880017344075,7.8,0.0041199826559248365,electrophysiology,not specified,not specified,,,,,,,human | not_reported | electrophysiology | NA | NA | NA | NA | NA | NA,9,,0,not_reported,verified_method_only,Whole-cell electrophysiology confirmed; agonist context remains unresolved.,1,False,True,True,,
27424265,4301536,CHEMBL5759795,CHEMBL5759795,Cc1cc(Cn2c(=O)c3c(ncn3CC(=O)Nc3csc(-c4cnc(C(F)(F)F)c(C)c4)n3)n(C)c2=O)no1,CHEMBL5733104,CHEMBL5726658,2019,3.0,nM,8.522878745280337,8.52,-0.0028787452803378244,electrophysiology,not specified,not specified,,,,,,,human | not_reported | electrophysiology | NA | NA | NA | NA | NA | NA,9,,0,not_reported,verified_method_only,Whole-cell electrophysiology confirmed; agonist context remains unresolved.,1,False,True,True,,
27424268,4301537,CHEMBL5946891,CHEMBL5946891,CC(=O)Cn1c(=O)c2c(ncn2CC(=O)Nc2csc(-c3cnc(C)c(C(F)(F)F)c3)n2)n(C)c1=O,CHEMBL5733104,CHEMBL5726658,2019,4.0,nM,8.397940008672037,8.4,0.0020599913279628623,electrophysiology,not specified,not specified,,,,,,,human | not_reported | electrophysiology | NA | NA | NA | NA | NA | NA,9,,0,not_reported,verified_method_only,Whole-cell electrophysiology confirmed; agonist context remains unresolved.,1,False,True,True,,
27424271,4301530,CHEMBL6008410,CHEMBL6008410,Cc1cc(Cn2c(=O)c3c(ncn3CC(N)=O)n(C)c2=O)no1,CHEMBL5733104,CHEMBL5726658,2019,23.0,nM,7.638272163982407,7.64,0.0017278360175927432,electrophysiology,not specified,not specified,,,,,,,human | not_reported | electrophysiology | NA | NA | NA | NA | NA | NA,9,,0,not_reported,verified_method_only,Whole-cell electrophysiology confirmed; agonist context remains unresolved.,3,True,True,True,,
27424274,4301538,CHEMBL5831457,CHEMBL5831457,Cc1cc(Cn2c(=O)c3c(ncn3CC(=O)Nc3ccc(N4CCC(C(C)(C)F)CC4)cn3)n(C)c2=O)no1,CHEMBL5733104,CHEMBL5726658,2019,72.0,nM,7.142667503568731,7.14,-0.0026675035687313553,electrophysiology,not specified,not specified,,,,,,,human | not_reported | electrophysiology | NA | NA | NA | NA | NA | NA,9,,0,not_reported,verified_method_only,Whole-cell electrophysiology confirmed; agonist context remains unresolved.,1,False,True,True,,
27424277,4301539,CHEMBL5772133,CHEMBL5772133,Cc1cc(Cn2c(=O)c3c(ncn3CC(=O)Nc3cccc(-c4cnc(C(F)(F)F)c(C)c4)n3)n(C)c2=O)no1,CHEMBL5733104,CHEMBL5726658,2019,5.0,nM,8.301029995663981,8.3,-0.001029995663980543,electrophysiology,not specified,not specified,,,,,,,human | not_reported | electrophysiology | NA | NA | NA | NA | NA | NA,9,,0,not_reported,verified_method_only,Whole-cell electrophysiology confirmed; agonist context remains unresolved.,1,False,True,True,,
27424280,4301540,CHEMBL5937720,CHEMBL5937720,Cc1noc(Cn2c(=O)c3c(ncn3CC(=O)Nc3cccc(-c4cnc(C(F)(F)F)c(C)c4)n3)n(C)c2=O)n1,CHEMBL5733104,CHEMBL5726658,2019,5.0,nM,8.301029995663981,8.3,-0.001029995663980543,electrophysiology,not specified,not specified,,,,,,,human | not_reported | electrophysiology | NA | NA | NA | NA | NA | NA,9,,0,not_reported,verified_method_only,Whole-cell electrophysiology confirmed; agonist context remains unresolved.,1,False,True,True,,
27424283,4301541,CHEMBL6013316,CHEMBL6013316,Cc1nc(Cn2c(=O)c3c(ncn3CC(=O)Nc3cccc(-c4cnc(C(F)(F)F)c(C)c4)n3)n(C)c2=O)no1,CHEMBL5733104,CHEMBL5726658,2019,25.0,nM,7.6020599913279625,7.6,-0.0020599913279628623,electrophysiology,not specified,not specified,,,,,,,human | not_reported | electrophysiology | NA | NA | NA | NA | NA | NA,9,,0,not_reported,verified_method_only,Whole-cell electrophysiology confirmed; agonist context remains unresolved.,1,False,True,True,,
27424286,4301542,CHEMBL6032130,CHEMBL6032130,Cc1cc(-c2cccc(NC(=O)Cn3cnc4c3c(=O)n(Cc3ccon3)c(=O)n4C)n2)cnc1C(F)(F)F,CHEMBL5733104,CHEMBL5726658,2019,19.0,nM,7.721246399047171,7.72,-0.001246399047171387,electrophysiology,not specified,not specified,,,,,,,human | not_reported | electrophysiology | NA | NA | NA | NA | NA | NA,9,,0,not_reported,verified_method_only,Whole-cell electrophysiology confirmed; agonist context remains unresolved.,1,False,True,True,,
27424289,4301543,CHEMBL5908506,CHEMBL5908506,Cc1cc(Cn2c(=O)c3c(ncn3CC(=O)Nc3cccc(-c4cnc(C(F)(F)F)c(C)c4)n3)n(C)c2=O)on1,CHEMBL5733104,CHEMBL5726658,2019,49.0,nM,7.309803919971486,7.31,0.00019608002851345674,electrophysiology,not specified,not specified,,,,,,,human | not_reported | electrophysiology | NA | NA | NA | NA | NA | NA,9,,0,not_reported,verified_method_only,Whole-cell electrophysiology confirmed; agonist context remains unresolved.,1,False,True,True,,
27424292,4301544,CHEMBL5935417,CHEMBL5935417,CCC(=O)Cn1c(=O)c2c(ncn2CC(N)=O)n(C)c1=O,CHEMBL5733104,CHEMBL5726658,2019,8.0,nM,8.096910013008056,8.1,0.0030899869919434053,electrophysiology,not specified,not specified,,,,,,,human | not_reported | electrophysiology | NA | NA | NA | NA | NA | NA,9,,0,not_reported,verified_method_only,Whole-cell electrophysiology confirmed; agonist context remains unresolved.,1,False,True,True,,
27424295,4301545,CHEMBL5816790,CHEMBL5816790,CC(=O)Cn1c(=O)c2c(ncn2CC(N)=O)n(C)c1=O,CHEMBL5733104,CHEMBL5726658,2019,22.0,nM,7.657577319177793,7.66,0.0024226808222067575,electrophysiology,not specified,not specified,,,,,,,human | not_reported | electrophysiology | NA | NA | NA | NA | NA | NA,9,,0,not_reported,verified_method_only,Whole-cell electrophysiology confirmed; agonist context remains unresolved.,1,False,True,True,,
27424298,4301546,CHEMBL5837721,CHEMBL5837721,Cc1cc(Cn2c(=O)c3c(ncn3CC(=O)Nc3cccc(-c4cnc(C)c(F)c4)n3)n(C)c2=O)no1,CHEMBL5733104,CHEMBL5726658,2019,17.0,nM,7.769551078621726,7.77,0.00044892137827368117,electrophysiology,not specified,not specified,,,,,,,human | not_reported | electrophysiology | NA | NA | NA | NA | NA | NA,9,,0,not_reported,verified_method_only,Whole-cell electrophysiology confirmed; agonist context remains unresolved.,1,False,True,True,,
27424301,4301530,CHEMBL6008410,CHEMBL6008410,Cc1cc(Cn2c(=O)c3c(ncn3CC(N)=O)n(C)c2=O)no1,CHEMBL5733104,CHEMBL5726658,2019,9.0,nM,8.045757490560675,8.05,0.004242509439325914,electrophysiology,not specified,not specified,,,,,,,human | not_reported | electrophysiology | NA | NA | NA | NA | NA | NA,9,,0,not_reported,verified_method_only,Whole-cell electrophysiology confirmed; agonist context remains unresolved.,3,True,True,True,,
27424304,4301547,CHEMBL5747844,CHEMBL5747844,Cc1noc(Cn2c(=O)c3c(ncn3CC(N)=O)n(C)c2=O)n1,CHEMBL5733104,CHEMBL5726658,2019,14.0,nM,7.853871964321762,7.85,-0.003871964321762178,electrophysiology,not specified,not specified,,,,,,,human | not_reported | electrophysiology | NA | NA | NA | NA | NA | NA,9,,0,not_reported,verified_method_only,Whole-cell electrophysiology confirmed; agonist context remains unresolved.,3,True,True,True,,
27424307,4301547,CHEMBL5747844,CHEMBL5747844,Cc1noc(Cn2c(=O)c3c(ncn3CC(N)=O)n(C)c2=O)n1,CHEMBL5733104,CHEMBL5726658,2019,16.0,nM,7.795880017344075,7.8,0.0041199826559248365,electrophysiology,not specified,not specified,,,,,,,human | not_reported | electrophysiology | NA | NA | NA | NA | NA | NA,9,,0,not_reported,verified_method_only,Whole-cell electrophysiology confirmed; agonist context remains unresolved.,3,True,True,True,,
27424310,4301548,CHEMBL6002310,CHEMBL6002310,CC(=O)Cn1c(=O)c2c(ncn2CC(=O)Nc2cncc(-c3cnc(C(F)(F)F)c(C)c3)n2)n(C)c1=O,CHEMBL5733104,CHEMBL5726658,2019,56.0,nM,7.251811972993799,7.25,-0.0018119729937993156,electrophysiology,not specified,not specified,,,,,,,human | not_reported | electrophysiology | NA | NA | NA | NA | NA | NA,9,,0,not_reported,verified_method_only,Whole-cell electrophysiology confirmed; agonist context remains unresolved.,1,False,True,True,,
27424313,4301549,CHEMBL5922474,CHEMBL5922474,CCC(=O)Cn1c(=O)c2c(ncn2CC(=O)Nc2cncc(-c3cnc(C(F)(F)F)c(C)c3)n2)n(C)c1=O,CHEMBL5733104,CHEMBL5726658,2019,10.0,nM,8.0,8.0,0.0,electrophysiology,not specified,not specified,,,,,,,human | not_reported | electrophysiology | NA | NA | NA | NA | NA | NA,9,,0,not_reported,verified_method_only,Whole-cell electrophysiology confirmed; agonist context remains unresolved.,1,False,True,True,,
27424316,4301550,CHEMBL5980126,CHEMBL5980126,CC(=O)Cn1c(=O)c2c(ncn2CC(=O)Nc2cccc(-c3cnc(C)c(C(F)(F)F)c3)n2)n(C)c1=O,CHEMBL5733104,CHEMBL5726658,2019,4.0,nM,8.397940008672037,8.4,0.0020599913279628623,electrophysiology,not specified,not specified,,,,,,,human | not_reported | electrophysiology | NA | NA | NA | NA | NA | NA,9,,0,not_reported,verified_method_only,Whole-cell electrophysiology confirmed; agonist context remains unresolved.,1,False,True,True,,
27424319,4301551,CHEMBL5967082,CHEMBL5967082,CCC(=O)Cn1c(=O)c2c(ncn2CC(=O)Nc2cccc(-c3cnc(C)c(C(F)(F)F)c3)n2)n(C)c1=O,CHEMBL5733104,CHEMBL5726658,2019,2.0,nM,8.698970004336019,8.7,0.001029995663980543,electrophysiology,not specified,not specified,,,,,,,human | not_reported | electrophysiology | NA | NA | NA | NA | NA | NA,9,,0,not_reported,verified_method_only,Whole-cell electrophysiology confirmed; agonist context remains unresolved.,1,False,True,True,,
27424322,4301552,CHEMBL5957740,CHEMBL5957740,Cc1ncc(-c2cccc(NC(=O)Cn3cnc4c3c(=O)n(CCCO)c(=O)n4C)n2)cc1C(F)(F)F,CHEMBL5733104,CHEMBL5726658,2019,711.0,nM,6.148130399270234,6.15,0.0018696007297664963,electrophysiology,not specified,not specified,,,,,,,human | not_reported | electrophysiology | NA | NA | NA | NA | NA | NA,9,,0,not_reported,verified_method_only,Whole-cell electrophysiology confirmed; agonist context remains unresolved.,1,False,True,True,,
27424325,4301553,CHEMBL5884834,CHEMBL5884834,Cc1ncc(-c2cccc(NC(=O)Cn3cnc4c3c(=O)n(CCO)c(=O)n4C)n2)cc1C(F)(F)F,CHEMBL5733104,CHEMBL5726658,2019,236.0,nM,6.627087997029893,6.63,0.002912002970107075,electrophysiology,not specified,not specified,,,,,,,human | not_reported | electrophysiology | NA | NA | NA | NA | NA | NA,9,,0,not_reported,verified_method_only,Whole-cell electrophysiology confirmed; agonist context remains unresolved.,1,False,True,True,,
27424328,4301554,CHEMBL6038220,CHEMBL6038220,Cc1cc(Cn2c(=O)c3c(ncn3CC(=O)Nc3cccc(-c4cnc(C)c(C(F)(F)F)c4)n3)n(C)c2=O)no1,CHEMBL5733104,CHEMBL5726658,2019,4.0,nM,8.397940008672037,8.4,0.0020599913279628623,electrophysiology,not specified,not specified,,,,,,,human | not_reported | electrophysiology | NA | NA | NA | NA | NA | NA,9,,0,not_reported,verified_method_only,Whole-cell electrophysiology confirmed; agonist context remains unresolved.,1,False,True,True,,
27424331,4301555,CHEMBL6045228,CHEMBL6045228,Cc1ncc(-c2cccc(NC(=O)Cn3cnc4c3c(=O)n(Cc3ccon3)c(=O)n4C)n2)cc1C(F)(F)F,CHEMBL5733104,CHEMBL5726658,2019,3.0,nM,8.522878745280337,8.52,-0.0028787452803378244,electrophysiology,not specified,not specified,,,,,,,human | not_reported | electrophysiology | NA | NA | NA | NA | NA | NA,9,,0,not_reported,verified_method_only,Whole-cell electrophysiology confirmed; agonist context remains unresolved.,1,False,True,True,,
27424334,4301556,CHEMBL5910354,CHEMBL5910354,Cc1nc(Cn2c(=O)c3c(ncn3CC(=O)Nc3cccc(-c4cnc(C)c(C(F)(F)F)c4)n3)n(C)c2=O)no1,CHEMBL5733104,CHEMBL5726658,2019,7.0,nM,8.154901959985743,8.15,-0.004901959985742721,electrophysiology,not specified,not specified,,,,,,,human | not_reported | electrophysiology | NA | NA | NA | NA | NA | NA,9,,0,not_reported,verified_method_only,Whole-cell electrophysiology confirmed; agonist context remains unresolved.,1,False,True,True,,
27424337,4301557,CHEMBL6009992,CHEMBL6009992,Cc1noc(Cn2c(=O)c3c(ncn3CC(=O)Nc3cccc(-c4cnc(C)c(C(F)(F)F)c4)n3)n(C)c2=O)n1,CHEMBL5733104,CHEMBL5726658,2019,1.0,nM,9.0,9.0,0.0,electrophysiology,not specified,not specified,,,,,,,human | not_reported | electrophysiology | NA | NA | NA | NA | NA | NA,9,,0,not_reported,verified_method_only,Whole-cell electrophysiology confirmed; agonist context remains unresolved.,1,False,True,True,,
27424340,4301558,CHEMBL5977983,CHEMBL5977983,CC(=O)CCn1c(=O)c2c(ncn2CC(=O)Nc2cccc(-c3cnc(C)c(C(F)(F)F)c3)n2)n(C)c1=O,CHEMBL5733104,CHEMBL5726658,2019,290.0,nM,6.537602002101044,6.54,0.0023979978989556727,electrophysiology,not specified,not specified,,,,,,,human | not_reported | electrophysiology | NA | NA | NA | NA | NA | NA,9,,0,not_reported,verified_method_only,Whole-cell electrophysiology confirmed; agonist context remains unresolved.,1,False,True,True,,
27424343,4301559,CHEMBL5817925,CHEMBL5817925,CCC(=O)Cn1c(=O)c2c(ncn2CC(=O)Nc2cncc(-c3cnc(C)c(C(F)(F)F)c3)n2)n(C)c1=O,CHEMBL5733104,CHEMBL5726658,2019,6.0,nM,8.221848749616356,8.22,-0.001848749616355505,electrophysiology,not specified,not specified,,,,,,,human | not_reported | electrophysiology | NA | NA | NA | NA | NA | NA,9,,0,not_reported,verified_method_only,Whole-cell electrophysiology confirmed; agonist context remains unresolved.,1,False,True,True,,
27424346,4301560,CHEMBL5818087,CHEMBL5818087,CC(=O)Cn1c(=O)c2c(ncn2CC(=O)Nc2cncc(-c3cnc(C)c(C(F)(F)F)c3)n2)n(C)c1=O,CHEMBL5733104,CHEMBL5726658,2019,8.0,nM,8.096910013008056,8.1,0.0030899869919434053,electrophysiology,not specified,not specified,,,,,,,human | not_reported | electrophysiology | NA | NA | NA | NA | NA | NA,9,,0,not_reported,verified_method_only,Whole-cell electrophysiology confirmed; agonist context remains unresolved.,1,False,True,True,,
27424349,4301561,CHEMBL5869511,CHEMBL5869511,Cc1cc(Cn2c(=O)c3c(ncn3CC(=O)Nc3csc(-c4cnc(C)c(C(F)(F)F)c4)n3)n(C)c2=O)no1,CHEMBL5733104,CHEMBL5726658,2019,1.0,nM,9.0,9.0,0.0,electrophysiology,not specified,not specified,,,,,,,human | not_reported | electrophysiology | NA | NA | NA | NA | NA | NA,9,,0,not_reported,verified_method_only,Whole-cell electrophysiology confirmed; agonist context remains unresolved.,1,False,True,True,,
27424352,4301562,CHEMBL6062983,CHEMBL6062983,CCC(=O)Cn1c(=O)c2c(ncn2CC(=O)Nc2csc(-c3cnc(C)c(C(F)(F)F)c3)n2)n(C)c1=O,CHEMBL5733104,CHEMBL5726658,2019,2.0,nM,8.698970004336019,8.7,0.001029995663980543,electrophysiology,not specified,not specified,,,,,,,human | not_reported | electrophysiology | NA | NA | NA | NA | NA | NA,9,,0,not_reported,verified_method_only,Whole-cell electrophysiology confirmed; agonist context remains unresolved.,1,False,True,True,,
27424355,4301563,CHEMBL5846019,CHEMBL5846019,Cc1nc(Cn2c(=O)c3c(ncn3CC(=O)Nc3csc(-c4cnc(C)c(C(F)(F)F)c4)n3)n(C)c2=O)no1,CHEMBL5733104,CHEMBL5726658,2019,4.0,nM,8.397940008672037,8.4,0.0020599913279628623,electrophysiology,not specified,not specified,,,,,,,human | not_reported | electrophysiology | NA | NA | NA | NA | NA | NA,9,,0,not_reported,verified_method_only,Whole-cell electrophysiology confirmed; agonist context remains unresolved.,1,False,True,True,,
27424358,4301564,CHEMBL5930525,CHEMBL5930525,CCC(=O)Cn1c(=O)c2c(ncn2CC(=O)Nc2csc(-c3cnc(C(F)(F)F)c(C)c3)n2)n(C)c1=O,CHEMBL5733104,CHEMBL5726658,2019,6.0,nM,8.221848749616356,8.22,-0.001848749616355505,electrophysiology,not specified,not specified,,,,,,,human | not_reported | electrophysiology | NA | NA | NA | NA | NA | NA,9,,0,not_reported,verified_method_only,Whole-cell electrophysiology confirmed; agonist context remains unresolved.,1,False,True,True,,
27424361,4301565,CHEMBL5959751,CHEMBL5959751,Cc1noc(Cn2c(=O)c3c(ncn3CC(=O)Nc3csc(-c4cnc(C(F)(F)F)c(C)c4)n3)n(C)c2=O)n1,CHEMBL5733104,CHEMBL5726658,2019,6.0,nM,8.221848749616356,8.22,-0.001848749616355505,electrophysiology,not specified,not specified,,,,,,,human | not_reported | electrophysiology | NA | NA | NA | NA | NA | NA,9,,0,not_reported,verified_method_only,Whole-cell electrophysiology confirmed; agonist context remains unresolved.,1,False,True,True,,
27424364,4301566,CHEMBL5935225,CHEMBL5935225,Cc1cc(-c2nc(NC(=O)Cn3cnc4c3c(=O)n(CC(F)(F)F)c(=O)n4C)cs2)cnc1C(F)(F)F,CHEMBL5733104,CHEMBL5726658,2019,219.0,nM,6.6595558851598815,6.66,0.0004441148401186368,electrophysiology,not specified,not specified,,,,,,,human | not_reported | electrophysiology | NA | NA | NA | NA | NA | NA,9,,0,not_reported,verified_method_only,Whole-cell electrophysiology confirmed; agonist context remains unresolved.,1,False,True,True,,
27424367,4301567,CHEMBL5789639,CHEMBL5789639,Cc1noc(Cn2c(=O)c3c(ncn3CC(=O)Nc3csc(-c4cnc(C)c(C(F)(F)F)c4)n3)n(C)c2=O)n1,CHEMBL5733104,CHEMBL5726658,2019,1.0,nM,9.0,9.0,0.0,electrophysiology,not specified,not specified,,,,,,,human | not_reported | electrophysiology | NA | NA | NA | NA | NA | NA,9,,0,not_reported,verified_method_only,Whole-cell electrophysiology confirmed; agonist context remains unresolved.,1,False,True,True,,
27424370,4301568,CHEMBL5978862,CHEMBL5978862,Cc1nc(Cn2c(=O)c3c(ncn3CC(=O)Nc3csc(-c4cnc(C(F)(F)F)c(C)c4)n3)n(C)c2=O)no1,CHEMBL5733104,CHEMBL5726658,2019,20.0,nM,7.698970004336019,7.7,0.0010299956639814312,electrophysiology,not specified,not specified,,,,,,,human | not_reported | electrophysiology | NA | NA | NA | NA | NA | NA,9,,0,not_reported,verified_method_only,Whole-cell electrophysiology confirmed; agonist context remains unresolved.,1,False,True,True,,
27424373,4301569,CHEMBL5905564,CHEMBL5905564,COCC(=O)Cn1c(=O)c2c(ncn2CC(=O)Nc2csc(-c3cnc(C)c(C(F)(F)F)c3)n2)n(C)c1=O,CHEMBL5733104,CHEMBL5726658,2019,14.0,nM,7.853871964321762,7.85,-0.003871964321762178,electrophysiology,not specified,not specified,,,,,,,human | not_reported | electrophysiology | NA | NA | NA | NA | NA | NA,9,,0,not_reported,verified_method_only,Whole-cell electrophysiology confirmed; agonist context remains unresolved.,1,False,True,True,,
27424376,4301570,CHEMBL5819741,CHEMBL5819741,COCC(=O)Cn1c(=O)c2c(ncn2CC(=O)Nc2csc(-c3cnc(C(F)(F)F)c(C)c3)n2)n(C)c1=O,CHEMBL5733104,CHEMBL5726658,2019,13.0,nM,7.886056647693163,7.89,0.003943352306836623,electrophysiology,not specified,not specified,,,,,,,human | not_reported | electrophysiology | NA | NA | NA | NA | NA | NA,9,,0,not_reported,verified_method_only,Whole-cell electrophysiology confirmed; agonist context remains unresolved.,1,False,True,True,,
27424379,4301571,CHEMBL5973859,CHEMBL5973859,CCC(=O)Cn1c(=O)c2c(ncn2[C@@H](C)C(N)=O)n(C)c1=O,CHEMBL5733104,CHEMBL5726658,2019,5.0,nM,8.301029995663981,8.3,-0.001029995663980543,electrophysiology,not specified,not specified,,,,,,,human | not_reported | electrophysiology | NA | NA | NA | NA | NA | NA,9,,0,not_reported,verified_method_only,Whole-cell electrophysiology confirmed; agonist context remains unresolved.,1,False,True,True,,
27424382,4301379,CHEMBL5972635,CHEMBL5972635,CC(=O)Cn1c(=O)c2c(ncn2[C@@H](C)C(N)=O)n(C)c1=O,CHEMBL5733104,CHEMBL5726658,2019,11.0,nM,7.958607314841775,7.96,0.0013926851582253263,electrophysiology,not specified,not specified,,,,,,,human | not_reported | electrophysiology | NA | NA | NA | NA | NA | NA,9,,0,not_reported,verified_method_only,Whole-cell electrophysiology confirmed; agonist context remains unresolved.,2,True,True,True,,
27424385,4301572,CHEMBL5752677,CHEMBL5752677,COCC(=O)Cn1c(=O)c2c(ncn2[C@@H](C)C(=O)Nc2cccc(-c3ccc(N4CC5C(C4)C5(F)F)nc3)n2)n(C)c1=O,CHEMBL5733104,CHEMBL5726658,2019,7.0,nM,8.154901959985743,8.15,-0.004901959985742721,electrophysiology,not specified,not specified,,,,,,,human | not_reported | electrophysiology | NA | NA | NA | NA | NA | NA,9,,0,not_reported,verified_method_only,Whole-cell electrophysiology confirmed; agonist context remains unresolved.,1,False,True,True,,
27424388,4301530,CHEMBL6008410,CHEMBL6008410,Cc1cc(Cn2c(=O)c3c(ncn3CC(N)=O)n(C)c2=O)no1,CHEMBL5733104,CHEMBL5726658,2019,17.0,nM,7.769551078621726,7.77,0.00044892137827368117,electrophysiology,not specified,not specified,,,,,,,human | not_reported | electrophysiology | NA | NA | NA | NA | NA | NA,9,,0,not_reported,verified_method_only,Whole-cell electrophysiology confirmed; agonist context remains unresolved.,3,True,True,True,,
27424391,4301547,CHEMBL5747844,CHEMBL5747844,Cc1noc(Cn2c(=O)c3c(ncn3CC(N)=O)n(C)c2=O)n1,CHEMBL5733104,CHEMBL5726658,2019,17.0,nM,7.769551078621726,7.77,0.00044892137827368117,electrophysiology,not specified,not specified,,,,,,,human | not_reported | electrophysiology | NA | NA | NA | NA | NA | NA,9,,0,not_reported,verified_method_only,Whole-cell electrophysiology confirmed; agonist context remains unresolved.,3,True,True,True,,
27424394,4301573,CHEMBL5796485,CHEMBL5796485,CC#CCn1c(=O)c2c(ncn2[C@@H](C)C(=O)Nc2cncc(-c3cnc(N4CC5CC5C4)nc3)n2)n(C)c1=O,CHEMBL5733104,CHEMBL5726658,2019,5.0,nM,8.301029995663981,8.3,-0.001029995663980543,electrophysiology,not specified,not specified,,,,,,,human | not_reported | electrophysiology | NA | NA | NA | NA | NA | NA,9,,0,not_reported,verified_method_only,Whole-cell electrophysiology confirmed; agonist context remains unresolved.,1,False,True,True,,
27424397,4301574,CHEMBL6009944,CHEMBL6009944,CC#CCn1c(=O)c2c(ncn2[C@@H](C)C(=O)Nc2csc(-c3ccc(N4CC5C(C4)C5(F)F)nc3)n2)n(C)c1=O,CHEMBL5733104,CHEMBL5726658,2019,1.0,nM,9.0,9.0,0.0,electrophysiology,not specified,not specified,,,,,,,human | not_reported | electrophysiology | NA | NA | NA | NA | NA | NA,9,,0,not_reported,verified_method_only,Whole-cell electrophysiology confirmed; agonist context remains unresolved.,1,False,True,True,,
27424400,4301575,CHEMBL5885019,CHEMBL5885019,CC#CCn1c(=O)c2c(ncn2[C@@H](C)C(=O)Nc2csc(-c3ccc(N4CC5CC5C4)nc3)n2)n(C)c1=O,CHEMBL5733104,CHEMBL5726658,2019,4.0,nM,8.397940008672037,8.4,0.0020599913279628623,electrophysiology,not specified,not specified,,,,,,,human | not_reported | electrophysiology | NA | NA | NA | NA | NA | NA,9,,0,not_reported,verified_method_only,Whole-cell electrophysiology confirmed; agonist context remains unresolved.,1,False,True,True,,
27424403,4301576,CHEMBL6013472,CHEMBL6013472,COCC(=O)Cn1c(=O)c2c(ncn2[C@@H](C)C(N)=O)n(C)c1=O,CHEMBL5733104,CHEMBL5726658,2019,31.0,nM,7.508638306165727,7.51,0.0013616938342728702,electrophysiology,not specified,not specified,,,,,,,human | not_reported | electrophysiology | NA | NA | NA | NA | NA | NA,9,,0,not_reported,verified_method_only,Whole-cell electrophysiology confirmed; agonist context remains unresolved.,1,False,True,True,,
27424406,4301577,CHEMBL5962371,CHEMBL5962371,COCC(=O)Cn1c(=O)c2c(ncn2[C@@H](C)C(=O)Nc2csc(-c3cnc(N4CC5C(C4)C5(F)F)nc3)n2)n(C)c1=O,CHEMBL5733104,CHEMBL5726658,2019,3.0,nM,8.522878745280337,8.52,-0.0028787452803378244,electrophysiology,not specified,not specified,,,,,,,human | not_reported | electrophysiology | NA | NA | NA | NA | NA | NA,9,,0,not_reported,verified_method_only,Whole-cell electrophysiology confirmed; agonist context remains unresolved.,1,False,True,True,,
27424409,4301578,CHEMBL5780709,CHEMBL5780709,COCC(=O)Cn1c(=O)c2c(ncn2[C@@H](C)C(=O)Nc2cccc(-c3cnc(N4CC5CC5C4)cn3)n2)n(C)c1=O,CHEMBL5733104,CHEMBL5726658,2019,7.0,nM,8.154901959985743,8.15,-0.004901959985742721,electrophysiology,not specified,not specified,,,,,,,human | not_reported | electrophysiology | NA | NA | NA | NA | NA | NA,9,,0,not_reported,verified_method_only,Whole-cell electrophysiology confirmed; agonist context remains unresolved.,1,False,True,True,,
27424412,4301579,CHEMBL5908773,CHEMBL5908773,CC#CCn1c(=O)c2c(ncn2[C@@H](C)C(=O)Nc2csc(-c3cnc(N4CC5C(C4)C5(F)F)nc3)n2)n(C)c1=O,CHEMBL5733104,CHEMBL5726658,2019,2.0,nM,8.698970004336019,8.7,0.001029995663980543,electrophysiology,not specified,not specified,,,,,,,human | not_reported | electrophysiology | NA | NA | NA | NA | NA | NA,9,,0,not_reported,verified_method_only,Whole-cell electrophysiology confirmed; agonist context remains unresolved.,1,False,True,True,,
27424415,4301580,CHEMBL5867420,CHEMBL5867420,CC#CCn1c(=O)c2c(ncn2[C@@H](C)C(=O)Nc2csc(-c3cnc(N4CCC[C@H]4C(F)(F)F)nc3)n2)n(C)c1=O,CHEMBL5733104,CHEMBL5726658,2019,1.0,nM,9.0,9.0,0.0,electrophysiology,not specified,not specified,,,,,,,human | not_reported | electrophysiology | NA | NA | NA | NA | NA | NA,9,,0,not_reported,verified_method_only,Whole-cell electrophysiology confirmed; agonist context remains unresolved.,1,False,True,True,,
27424418,4301581,CHEMBL5845983,CHEMBL5845983,COCC(=O)Cn1c(=O)c2c(ncn2[C@@H](C)C(=O)Nc2csc(-c3ccc(N4CC5C(C4)C5(F)F)nc3)n2)n(C)c1=O,CHEMBL5733104,CHEMBL5726658,2019,4.0,nM,8.397940008672037,8.4,0.0020599913279628623,electrophysiology,not specified,not specified,,,,,,,human | not_reported | electrophysiology | NA | NA | NA | NA | NA | NA,9,,0,not_reported,verified_method_only,Whole-cell electrophysiology confirmed; agonist context remains unresolved.,1,False,True,True,,
27424421,4301349,CHEMBL5809370,CHEMBL5809370,CCC(=O)Cn1c(=O)c2c(ncn2[C@@H](C)C(=O)Nc2csc(-c3cnc(N4CC5CC5C4)nc3)n2)n(C)c1=O,CHEMBL5733104,CHEMBL5726658,2019,3.0,nM,8.522878745280337,8.52,-0.0028787452803378244,electrophysiology,not specified,not specified,,,,,,,human | not_reported | electrophysiology | NA | NA | NA | NA | NA | NA,9,,0,not_reported,verified_method_only,Whole-cell electrophysiology confirmed; agonist context remains unresolved.,2,True,True,True,,
27424424,4301582,CHEMBL5925671,CHEMBL5925671,COCC(=O)Cn1c(=O)c2c(ncn2[C@@H](C)C(=O)Nc2cncc(-c3ccc(N4CC5CC5C4)nc3)n2)n(C)c1=O,CHEMBL5733104,CHEMBL5726658,2019,5.0,nM,8.301029995663981,8.3,-0.001029995663980543,electrophysiology,not specified,not specified,,,,,,,human | not_reported | electrophysiology | NA | NA | NA | NA | NA | NA,9,,0,not_reported,verified_method_only,Whole-cell electrophysiology confirmed; agonist context remains unresolved.,1,False,True,True,,
27424427,4301583,CHEMBL5973426,CHEMBL5973426,COCC(=O)Cn1c(=O)c2c(ncn2[C@@H](C)C(=O)Nc2cccc(-c3cnc(N4CC5C(C4)C5(F)F)cn3)n2)n(C)c1=O,CHEMBL5733104,CHEMBL5726658,2019,7.0,nM,8.154901959985743,8.15,-0.004901959985742721,electrophysiology,not specified,not specified,,,,,,,human | not_reported | electrophysiology | NA | NA | NA | NA | NA | NA,9,,0,not_reported,verified_method_only,Whole-cell electrophysiology confirmed; agonist context remains unresolved.,1,False,True,True,,
27908723,4403932,CHEMBL5772812,CHEMBL5772812,CC(C)n1c(=O)c(CNC(=O)[C@@H]2CCCN2S(=O)(=O)c2cc3ccccc3o2)cn(-c2ccc(C(F)(F)F)cc2)c1=O,CHEMBL5734964,CHEMBL5727588,2020,16.0,nM,7.795880017344075,7.8,0.0041199826559248365,calcium_fluorescence,AITC,AITC,,,HEK293,10.0,,,human | not_reported | calcium_fluorescence | AITC | NA | NA | NA | NA | NA,9,,0,not_reported,verified_protocol_family,Full-length human TRPA1 in 293T/HEK293-family cells; calcium fluorescence; AITC after 10 min test compound.,1,False,True,True,,
27908726,4403933,CHEMBL5761777,CHEMBL5761777,CCn1c(=O)c(CNC(=O)[C@@H]2CCCN2S(=O)(=O)c2cc3ccccc3o2)cn(-c2ccc(C(F)(F)F)cc2)c1=O,CHEMBL5734964,CHEMBL5727588,2020,26.0,nM,7.585026652029182,7.58,-0.005026652029181733,calcium_fluorescence,AITC,AITC,,,HEK293,10.0,,,human | not_reported | calcium_fluorescence | AITC | NA | NA | NA | NA | NA,9,,0,not_reported,verified_protocol_family,Full-length human TRPA1 in 293T/HEK293-family cells; calcium fluorescence; AITC after 10 min test compound.,1,False,True,True,,
27908729,4403934,CHEMBL6016755,CHEMBL6016755,CC(C)n1c(=O)c(CNC(=O)[C@@H]2CCCN2S(=O)(=O)c2cc3cc(F)ccc3o2)cn(-c2ccc(C(F)(F)F)cc2)c1=O,CHEMBL5734964,CHEMBL5727588,2020,7.3,nM,8.136677139879545,8.14,0.003322860120455573,calcium_fluorescence,AITC,AITC,,,HEK293,10.0,,,human | not_reported | calcium_fluorescence | AITC | NA | NA | NA | NA | NA,9,,0,not_reported,verified_protocol_family,Full-length human TRPA1 in 293T/HEK293-family cells; calcium fluorescence; AITC after 10 min test compound.,1,False,True,True,,
27908732,4403935,CHEMBL5768707,CHEMBL5768707,CCn1c(=O)c(CNC(=O)[C@@H]2CCCN2S(=O)(=O)c2cc3cc(F)ccc3o2)cn(-c2ccc(C(F)(F)F)cc2)c1=O,CHEMBL5734964,CHEMBL5727588,2020,11.0,nM,7.958607314841775,7.96,0.0013926851582253263,calcium_fluorescence,AITC,AITC,,,HEK293,10.0,,,human | not_reported | calcium_fluorescence | AITC | NA | NA | NA | NA | NA,9,,0,not_reported,verified_protocol_family,Full-length human TRPA1 in 293T/HEK293-family cells; calcium fluorescence; AITC after 10 min test compound.,1,False,True,True,,
27908735,4403936,CHEMBL5995353,CHEMBL5995353,Cn1c(=O)c(CNC(=O)[C@@H]2CCCN2S(=O)(=O)c2cc3cc(F)ccc3o2)cn(-c2ccc(C(F)(F)F)cc2)c1=O,CHEMBL5734964,CHEMBL5727588,2020,21.0,nM,7.6777807052660805,7.68,0.0022192947339192415,calcium_fluorescence,AITC,AITC,,,HEK293,10.0,,,human | not_reported | calcium_fluorescence | AITC | NA | NA | NA | NA | NA,9,,0,not_reported,verified_protocol_family,Full-length human TRPA1 in 293T/HEK293-family cells; calcium fluorescence; AITC after 10 min test compound.,1,False,True,True,,
27908738,4403937,CHEMBL5759542,CHEMBL5759542,C[C@H](NS(=O)(=O)c1cc2cc(F)ccc2o1)C(=O)NCc1cn(-c2ccc(C(F)(F)F)cc2)c(=O)n(C)c1=O,CHEMBL5734964,CHEMBL5727588,2020,540.0,nM,6.267606240177031,6.27,0.002393759822968633,calcium_fluorescence,AITC,AITC,,,HEK293,10.0,,,human | not_reported | calcium_fluorescence | AITC | NA | NA | NA | NA | NA,9,,0,not_reported,verified_protocol_family,Full-length human TRPA1 in 293T/HEK293-family cells; calcium fluorescence; AITC after 10 min test compound.,1,False,True,True,,
27908741,4403938,CHEMBL5844042,CHEMBL5844042,CC(C)n1c(=O)c(CNC(=O)[C@@H]2[C@@H](O)CCN2S(=O)(=O)c2cc3ccccc3o2)cn(-c2ccc(C(F)(F)F)cc2)c1=O,CHEMBL5734964,CHEMBL5727588,2020,220.0,nM,6.657577319177793,6.66,0.0024226808222067575,calcium_fluorescence,AITC,AITC,,,HEK293,10.0,,,human | not_reported | calcium_fluorescence | AITC | NA | NA | NA | NA | NA,9,,0,not_reported,verified_protocol_family,Full-length human TRPA1 in 293T/HEK293-family cells; calcium fluorescence; AITC after 10 min test compound.,1,False,True,True,,
27908744,4403939,CHEMBL6034529,CHEMBL6034529,CC(C)n1c(=O)c(CNC(=O)[C@@H]2[C@@H](O)CCN2S(=O)(=O)c2cc3cc(F)ccc3o2)cn(-c2ccc(C(F)(F)F)cc2)c1=O,CHEMBL5734964,CHEMBL5727588,2020,64.0,nM,7.1938200260161125,7.19,-0.003820026016112088,calcium_fluorescence,AITC,AITC,,,HEK293,10.0,,,human | not_reported | calcium_fluorescence | AITC | NA | NA | NA | NA | NA,9,,0,not_reported,verified_protocol_family,Full-length human TRPA1 in 293T/HEK293-family cells; calcium fluorescence; AITC after 10 min test compound.,1,False,True,True,,
27908747,4403940,CHEMBL5758152,CHEMBL5758152,O=C(NCc1cn(-c2ccc(C(F)(F)F)cc2)c(=O)n(C2CCOCC2)c1=O)[C@@H]1CCCN1S(=O)(=O)c1cc2ccccc2o1,CHEMBL5734964,CHEMBL5727588,2020,140.0,nM,6.853871964321762,6.85,-0.003871964321762178,calcium_fluorescence,AITC,AITC,,,HEK293,10.0,,,human | not_reported | calcium_fluorescence | AITC | NA | NA | NA | NA | NA,9,,0,not_reported,verified_protocol_family,Full-length human TRPA1 in 293T/HEK293-family cells; calcium fluorescence; AITC after 10 min test compound.,1,False,True,True,,
27908750,4403941,CHEMBL5835419,CHEMBL5835419,CC(C)n1c(=O)c(CNC(=O)[C@@H]2CCCN2S(=O)(=O)c2cc3c(F)cccc3o2)cn(-c2ccc(C(F)(F)F)cc2)c1=O,CHEMBL5734964,CHEMBL5727588,2020,25.0,nM,7.6020599913279625,7.6,-0.0020599913279628623,calcium_fluorescence,AITC,AITC,,,HEK293,10.0,,,human | not_reported | calcium_fluorescence | AITC | NA | NA | NA | NA | NA,9,,0,not_reported,verified_protocol_family,Full-length human TRPA1 in 293T/HEK293-family cells; calcium fluorescence; AITC after 10 min test compound.,1,False,True,True,,
27908753,4403942,CHEMBL5785899,CHEMBL5785899,CC(C)n1c(=O)c(CNC(=O)[C@@H]2CCCN2S(=O)(=O)c2ccc(Cl)s2)cn(-c2ccc(C(F)(F)F)cc2)c1=O,CHEMBL5734964,CHEMBL5727588,2020,33.0,nM,7.481486060122112,7.48,-0.0014860601221116099,calcium_fluorescence,AITC,AITC,,,HEK293,10.0,,,human | not_reported | calcium_fluorescence | AITC | NA | NA | NA | NA | NA,9,,0,not_reported,verified_protocol_family,Full-length human TRPA1 in 293T/HEK293-family cells; calcium fluorescence; AITC after 10 min test compound.,1,False,True,True,,
27908756,4403943,CHEMBL6010274,CHEMBL6010274,CC(C)n1c(=O)c(CNC(=O)[C@@H]2CCCN2S(=O)(=O)c2ccc(F)cc2)cn(-c2ccc(C(F)(F)F)cc2)c1=O,CHEMBL5734964,CHEMBL5727588,2020,120.0,nM,6.920818753952375,6.92,-0.0008187539523749621,calcium_fluorescence,AITC,AITC,,,HEK293,10.0,,,human | not_reported | calcium_fluorescence | AITC | NA | NA | NA | NA | NA,9,,0,not_reported,verified_protocol_family,Full-length human TRPA1 in 293T/HEK293-family cells; calcium fluorescence; AITC after 10 min test compound.,1,False,True,True,,
27908759,4403944,CHEMBL5769928,CHEMBL5769928,CC(C)n1cc(CNC(=O)[C@@H]2CCCN2S(=O)(=O)c2cc3ccccc3o2)cc(-c2ccc(C(F)(F)F)cc2)c1=O,CHEMBL5734964,CHEMBL5727588,2020,27.0,nM,7.568636235841012,7.57,0.00136376415898809,calcium_fluorescence,AITC,AITC,,,HEK293,10.0,,,human | not_reported | calcium_fluorescence | AITC | NA | NA | NA | NA | NA,9,,0,not_reported,verified_protocol_family,Full-length human TRPA1 in 293T/HEK293-family cells; calcium fluorescence; AITC after 10 min test compound.,1,False,True,True,,
27908762,4403945,CHEMBL5774043,CHEMBL5774043,O=C(NCc1ccc(=O)n(-c2ccc(C(F)(F)F)cc2)c1)[C@@H]1CCCN1S(=O)(=O)c1cc2ccccc2o1,CHEMBL5734964,CHEMBL5727588,2020,160.0,nM,6.795880017344075,6.8,0.0041199826559248365,calcium_fluorescence,AITC,AITC,,,HEK293,10.0,,,human | not_reported | calcium_fluorescence | AITC | NA | NA | NA | NA | NA,9,,0,not_reported,verified_protocol_family,Full-length human TRPA1 in 293T/HEK293-family cells; calcium fluorescence; AITC after 10 min test compound.,1,False,True,True,,
27908765,4403946,CHEMBL5884485,CHEMBL5884485,CC(C)n1cc(-c2ccc(C(F)(F)F)cc2)cc(CNC(=O)[C@@H]2CCCN2S(=O)(=O)c2cc3ccccc3o2)c1=O,CHEMBL5734964,CHEMBL5727588,2020,79.0,nM,7.102372908709558,7.1,-0.00237290870955853,calcium_fluorescence,AITC,AITC,,,HEK293,10.0,,,human | not_reported | calcium_fluorescence | AITC | NA | NA | NA | NA | NA,9,,0,not_reported,verified_protocol_family,Full-length human TRPA1 in 293T/HEK293-family cells; calcium fluorescence; AITC after 10 min test compound.,1,False,True,True,,
27908768,4403947,CHEMBL5915022,CHEMBL5915022,CC(C)n1c(=O)c(CNC(=O)[C@@H]2C=CCN2S(=O)(=O)c2cc3cc(F)ccc3o2)cn(-c2ccc(C(F)(F)F)cc2)c1=O,CHEMBL5734964,CHEMBL5727588,2020,3.6,nM,8.443697499232712,8.44,-0.0036974992327127865,calcium_fluorescence,AITC,AITC,,,HEK293,10.0,,,human | not_reported | calcium_fluorescence | AITC | NA | NA | NA | NA | NA,9,,0,not_reported,verified_protocol_family,Full-length human TRPA1 in 293T/HEK293-family cells; calcium fluorescence; AITC after 10 min test compound.,1,False,True,True,,
27908771,4403948,CHEMBL6011479,CHEMBL6011479,CC(C)n1c(=O)c(CNC(=O)[C@@H]2CC(F)(F)CN2S(=O)(=O)c2cc3cc(F)ccc3o2)cn(-c2ccc(C(F)(F)F)cc2)c1=O,CHEMBL5734964,CHEMBL5727588,2020,46.0,nM,7.337242168318426,7.34,0.0027578316815741744,calcium_fluorescence,AITC,AITC,,,HEK293,10.0,,,human | not_reported | calcium_fluorescence | AITC | NA | NA | NA | NA | NA,9,,0,not_reported,verified_protocol_family,Full-length human TRPA1 in 293T/HEK293-family cells; calcium fluorescence; AITC after 10 min test compound.,1,False,True,True,,
27908774,4403949,CHEMBL5762350,CHEMBL5762350,CC(C)n1c(=O)c(CNC(=O)[C@@H]2CCN2S(=O)(=O)c2cc3cc(F)ccc3o2)cn(-c2ccc(C(F)(F)F)cc2)c1=O,CHEMBL5734964,CHEMBL5727588,2020,9.0,nM,8.045757490560675,8.05,0.004242509439325914,calcium_fluorescence,AITC,AITC,,,HEK293,10.0,,,human | not_reported | calcium_fluorescence | AITC | NA | NA | NA | NA | NA,9,,0,not_reported,verified_protocol_family,Full-length human TRPA1 in 293T/HEK293-family cells; calcium fluorescence; AITC after 10 min test compound.,1,False,True,True,,
27908777,4403950,CHEMBL6030826,CHEMBL6030826,CC(C)n1c(=O)c(CNC(=O)[C@@H]2CCCN2S(=O)(=O)c2cc3ccccc3s2)cn(-c2ccc(C(F)(F)F)cc2)c1=O,CHEMBL5734964,CHEMBL5727588,2020,56.0,nM,7.251811972993799,7.25,-0.0018119729937993156,calcium_fluorescence,AITC,AITC,,,HEK293,10.0,,,human | not_reported | calcium_fluorescence | AITC | NA | NA | NA | NA | NA,9,,0,not_reported,verified_protocol_family,Full-length human TRPA1 in 293T/HEK293-family cells; calcium fluorescence; AITC after 10 min test compound.,1,False,True,True,,
27908780,4403951,CHEMBL5748772,CHEMBL5748772,CC(C)n1cc(-c2ccc(C(F)(F)F)cc2)cc(CNC(=O)[C@@H]2CCCN2S(=O)(=O)c2cc3cc(F)ccc3o2)c1=O,CHEMBL5734964,CHEMBL5727588,2020,49.0,nM,7.309803919971486,7.31,0.00019608002851345674,calcium_fluorescence,AITC,AITC,,,HEK293,10.0,,,human | not_reported | calcium_fluorescence | AITC | NA | NA | NA | NA | NA,9,,0,not_reported,verified_protocol_family,Full-length human TRPA1 in 293T/HEK293-family cells; calcium fluorescence; AITC after 10 min test compound.,1,False,True,True,,
27908783,4403952,CHEMBL5942986,CHEMBL5942986,CC(C)n1cc(CNC(=O)[C@@H]2CCCN2S(=O)(=O)c2cc3cc(F)ccc3o2)cc(-c2ccc(C(F)(F)F)cc2)c1=O,CHEMBL5734964,CHEMBL5727588,2020,8.9,nM,8.050609993355087,8.05,-0.000609993355086047,calcium_fluorescence,AITC,AITC,,,HEK293,10.0,,,human | not_reported | calcium_fluorescence | AITC | NA | NA | NA | NA | NA,9,,0,not_reported,verified_protocol_family,Full-length human TRPA1 in 293T/HEK293-family cells; calcium fluorescence; AITC after 10 min test compound.,1,False,True,True,,
27908786,4403953,CHEMBL5826345,CHEMBL5826345,O=C(NCc1ccc(=O)n(-c2ccc(C(F)(F)F)cc2)c1)[C@@H]1CCCN1S(=O)(=O)c1cc2cc(F)ccc2o1,CHEMBL5734964,CHEMBL5727588,2020,60.0,nM,7.221848749616356,7.22,-0.0018487496163563932,calcium_fluorescence,AITC,AITC,,,HEK293,10.0,,,human | not_reported | calcium_fluorescence | AITC | NA | NA | NA | NA | NA,9,,0,not_reported,verified_protocol_family,Full-length human TRPA1 in 293T/HEK293-family cells; calcium fluorescence; AITC after 10 min test compound.,1,False,True,True,,
27908789,4403954,CHEMBL5978971,CHEMBL5978971,CC(C)n1c(=O)c(CNC(=O)[C@@H]2CCCN2S(=O)(=O)c2cc3cnccc3o2)cn(-c2ccc(C(F)(F)F)cc2)c1=O,CHEMBL5734964,CHEMBL5727588,2020,20.0,nM,7.698970004336019,7.7,0.0010299956639814312,calcium_fluorescence,AITC,AITC,,,HEK293,10.0,,,human | not_reported | calcium_fluorescence | AITC | NA | NA | NA | NA | NA,9,,0,not_reported,verified_protocol_family,Full-length human TRPA1 in 293T/HEK293-family cells; calcium fluorescence; AITC after 10 min test compound.,1,False,True,True,,
27908792,4403955,CHEMBL5821202,CHEMBL5821202,CC(C)n1c(=O)c(CNC(=O)[C@H](C)NS(=O)(=O)c2cc3cc(F)ccc3o2)cn(-c2ccc(C(F)(F)F)cc2)c1=O,CHEMBL5734964,CHEMBL5727588,2020,42.0,nM,7.376750709602099,7.38,0.0032492903979006726,calcium_fluorescence,AITC,AITC,,,HEK293,10.0,,,human | not_reported | calcium_fluorescence | AITC | NA | NA | NA | NA | NA,9,,0,not_reported,verified_protocol_family,Full-length human TRPA1 in 293T/HEK293-family cells; calcium fluorescence; AITC after 10 min test compound.,1,False,True,True,,
27908795,4403956,CHEMBL5871576,CHEMBL5871576,Cc1ccc2oc(S(=O)(=O)N3CCC[C@H]3C(=O)NCc3cn(-c4ccc(C(F)(F)F)cc4)c(=O)n(C(C)C)c3=O)cc2c1,CHEMBL5734964,CHEMBL5727588,2020,420.0,nM,6.376750709602099,6.38,0.0032492903979006726,calcium_fluorescence,AITC,AITC,,,HEK293,10.0,,,human | not_reported | calcium_fluorescence | AITC | NA | NA | NA | NA | NA,9,,0,not_reported,verified_protocol_family,Full-length human TRPA1 in 293T/HEK293-family cells; calcium fluorescence; AITC after 10 min test compound.,1,False,True,True,,
27908798,4403957,CHEMBL5885489,CHEMBL5885489,CC(C)n1c(=O)c(CNC(=O)C2(NS(=O)(=O)c3cc4cc(F)ccc4o3)CC2)cn(-c2ccc(C(F)(F)F)cc2)c1=O,CHEMBL5734964,CHEMBL5727588,2020,250.0,nM,6.6020599913279625,6.6,-0.0020599913279628623,calcium_fluorescence,AITC,AITC,,,HEK293,10.0,,,human | not_reported | calcium_fluorescence | AITC | NA | NA | NA | NA | NA,9,,0,not_reported,verified_protocol_family,Full-length human TRPA1 in 293T/HEK293-family cells; calcium fluorescence; AITC after 10 min test compound.,1,False,True,True,,
27908801,4403958,CHEMBL5885149,CHEMBL5885149,CC(C)N1C(=O)C(CNC(=O)[C@@H]2CCCN2S(=O)(=O)c2cc3cnccc3o2)=CC(c2ccc(C(F)(F)F)cc2)C1=O,CHEMBL5734964,CHEMBL5727588,2020,93.0,nM,7.031517051446065,7.03,-0.0015170514460649542,calcium_fluorescence,AITC,AITC,,,HEK293,10.0,,,human | not_reported | calcium_fluorescence | AITC | NA | NA | NA | NA | NA,9,,0,not_reported,verified_protocol_family,Full-length human TRPA1 in 293T/HEK293-family cells; calcium fluorescence; AITC after 10 min test compound.,1,False,True,True,,
27908804,4403959,CHEMBL5909651,CHEMBL5909651,CC(C)n1cc(-c2ccc(C(F)(F)F)nc2)cc(CNC(=O)[C@@H]2CCCN2S(=O)(=O)c2cc3ccccc3o2)c1=O,CHEMBL5734964,CHEMBL5727588,2020,180.0,nM,6.7447274948966935,6.75,0.005272505103306457,calcium_fluorescence,AITC,AITC,,,HEK293,10.0,,,human | not_reported | calcium_fluorescence | AITC | NA | NA | NA | NA | NA,9,,0,not_reported,verified_protocol_family,Full-length human TRPA1 in 293T/HEK293-family cells; calcium fluorescence; AITC after 10 min test compound.,1,False,True,True,,
27908807,4403960,CHEMBL6029113,CHEMBL6029113,CC(C)N1C(=O)C(CNC(=O)[C@@H]2CCCN2S(=O)(=O)c2cc3ccccc3o2)=CC(c2ccc(C(F)(F)F)nc2)C1=O,CHEMBL5734964,CHEMBL5727588,2020,30.0,nM,7.522878745280337,7.52,-0.0028787452803378244,calcium_fluorescence,AITC,AITC,,,HEK293,10.0,,,human | not_reported | calcium_fluorescence | AITC | NA | NA | NA | NA | NA,9,,0,not_reported,verified_protocol_family,Full-length human TRPA1 in 293T/HEK293-family cells; calcium fluorescence; AITC after 10 min test compound.,1,False,True,True,,
27908810,4403961,CHEMBL5838777,CHEMBL5838777,CC(C)n1c(=O)c(CNC(=O)[C@@H]2CCCN2S(=O)(=O)c2cc3cc(F)ccc3o2)cn(-c2ccc(C(F)(F)F)nc2)c1=O,CHEMBL5734964,CHEMBL5727588,2020,10.0,nM,8.0,8.0,0.0,calcium_fluorescence,AITC,AITC,,,HEK293,10.0,,,human | not_reported | calcium_fluorescence | AITC | NA | NA | NA | NA | NA,9,,0,not_reported,verified_protocol_family,Full-length human TRPA1 in 293T/HEK293-family cells; calcium fluorescence; AITC after 10 min test compound.,1,False,True,True,,
27908813,4403962,CHEMBL5833781,CHEMBL5833781,CC(C)n1c(=O)c(CNC(=O)[C@@H]2[C@@H](O)CCN2S(=O)(=O)c2cc3cc(F)ccc3o2)cn(-c2ccc(C(F)(F)F)nc2)c1=O,CHEMBL5734964,CHEMBL5727588,2020,380.0,nM,6.42021640338319,6.42,-0.0002164033831899559,calcium_fluorescence,AITC,AITC,,,HEK293,10.0,,,human | not_reported | calcium_fluorescence | AITC | NA | NA | NA | NA | NA,9,,0,not_reported,verified_protocol_family,Full-length human TRPA1 in 293T/HEK293-family cells; calcium fluorescence; AITC after 10 min test compound.,1,False,True,True,,
27908816,4403963,CHEMBL5920363,CHEMBL5920363,CC(C)n1c(=O)c(CNC(=O)[C@@H]2CCCN2S(=O)(=O)c2cc3cnccc3o2)cn(-c2ccc(C(F)(F)F)nc2)c1=O,CHEMBL5734964,CHEMBL5727588,2020,570.0,nM,6.2441251443275085,6.24,-0.004125144327508323,calcium_fluorescence,AITC,AITC,,,HEK293,10.0,,,human | not_reported | calcium_fluorescence | AITC | NA | NA | NA | NA | NA,9,,0,not_reported,verified_protocol_family,Full-length human TRPA1 in 293T/HEK293-family cells; calcium fluorescence; AITC after 10 min test compound.,1,False,True,True,,
27908819,4403964,CHEMBL5806189,CHEMBL5806189,CC(C)n1c(=O)c(CNC(=O)[C@@H]2CCCN2S(=O)(=O)c2cc3ccccc3o2)cn(-c2ccc(C(F)(F)F)cn2)c1=O,CHEMBL5734964,CHEMBL5727588,2020,44.0,nM,7.356547323513812,7.36,0.0034526764861881887,calcium_fluorescence,AITC,AITC,,,HEK293,10.0,,,human | not_reported | calcium_fluorescence | AITC | NA | NA | NA | NA | NA,9,,0,not_reported,verified_protocol_family,Full-length human TRPA1 in 293T/HEK293-family cells; calcium fluorescence; AITC after 10 min test compound.,1,False,True,True,,
27908822,4403965,CHEMBL5852103,CHEMBL5852103,CC(C)n1c(=O)c(CNC(=O)[C@@H]2CCCN2S(=O)(=O)c2cc3cc(F)ccc3o2)cn(-c2ccc(C(F)(F)F)cn2)c1=O,CHEMBL5734964,CHEMBL5727588,2020,18.0,nM,7.7447274948966935,7.75,0.005272505103306457,calcium_fluorescence,AITC,AITC,,,HEK293,10.0,,,human | not_reported | calcium_fluorescence | AITC | NA | NA | NA | NA | NA,9,,0,not_reported,verified_protocol_family,Full-length human TRPA1 in 293T/HEK293-family cells; calcium fluorescence; AITC after 10 min test compound.,1,False,True,True,,
27908825,4403966,CHEMBL5757866,CHEMBL5757866,CC(C)n1c(=O)c(CNC(=O)[C@@H]2[C@@H](O)CCN2S(=O)(=O)c2cc3cc(F)ccc3o2)cn(-c2ccc(C(F)(F)F)cn2)c1=O,CHEMBL5734964,CHEMBL5727588,2020,160.0,nM,6.795880017344075,6.8,0.0041199826559248365,calcium_fluorescence,AITC,AITC,,,HEK293,10.0,,,human | not_reported | calcium_fluorescence | AITC | NA | NA | NA | NA | NA,9,,0,not_reported,verified_protocol_family,Full-length human TRPA1 in 293T/HEK293-family cells; calcium fluorescence; AITC after 10 min test compound.,1,False,True,True,,
27908828,4403967,CHEMBL6014563,CHEMBL6014563,CC(C)n1c(=O)c(CNC(=O)[C@@H]2CCCN2S(=O)(=O)c2cc3cnccc3o2)cn(-c2ccc(C(F)(F)F)cn2)c1=O,CHEMBL5734964,CHEMBL5727588,2020,200.0,nM,6.698970004336019,6.7,0.0010299956639814312,calcium_fluorescence,AITC,AITC,,,HEK293,10.0,,,human | not_reported | calcium_fluorescence | AITC | NA | NA | NA | NA | NA,9,,0,not_reported,verified_protocol_family,Full-length human TRPA1 in 293T/HEK293-family cells; calcium fluorescence; AITC after 10 min test compound.,1,False,True,True,,
27908831,4403968,CHEMBL5794350,CHEMBL5794350,CC(C)n1cc(-c2ccc(C(F)(F)F)nc2)cc(CNC(=O)[C@@H]2CCCN2S(=O)(=O)c2cc3cc(F)ccc3o2)c1=O,CHEMBL5734964,CHEMBL5727588,2020,31.0,nM,7.508638306165727,7.51,0.0013616938342728702,calcium_fluorescence,AITC,AITC,,,HEK293,10.0,,,human | not_reported | calcium_fluorescence | AITC | NA | NA | NA | NA | NA,9,,0,not_reported,verified_protocol_family,Full-length human TRPA1 in 293T/HEK293-family cells; calcium fluorescence; AITC after 10 min test compound.,1,False,True,True,,
27908834,4403969,CHEMBL5837775,CHEMBL5837775,CC(C)n1c(=O)c(CNC(=O)[C@@H]2CCCN2S(=O)(=O)c2cc3ccccc3o2)cn(-c2ccc(F)cc2)c1=O,CHEMBL5734964,CHEMBL5727588,2020,240.0,nM,6.619788758288394,6.62,0.0002112417116064691,calcium_fluorescence,AITC,AITC,,,HEK293,10.0,,,human | not_reported | calcium_fluorescence | AITC | NA | NA | NA | NA | NA,9,,0,not_reported,verified_protocol_family,Full-length human TRPA1 in 293T/HEK293-family cells; calcium fluorescence; AITC after 10 min test compound.,1,False,True,True,,
27908837,4403970,CHEMBL5771658,CHEMBL5771658,CC(C)n1c(=O)c(CNC(=O)[C@@H]2CCCN2S(=O)(=O)c2cc3cc(F)ccc3o2)cn(-c2ccc(F)cc2)c1=O,CHEMBL5734964,CHEMBL5727588,2020,100.0,nM,7.0,7.0,0.0,calcium_fluorescence,AITC,AITC,,,HEK293,10.0,,,human | not_reported | calcium_fluorescence | AITC | NA | NA | NA | NA | NA,9,,0,not_reported,verified_protocol_family,Full-length human TRPA1 in 293T/HEK293-family cells; calcium fluorescence; AITC after 10 min test compound.,1,False,True,True,,
27908840,4403971,CHEMBL5862146,CHEMBL5862146,CC(C)n1c(=O)c(CNC(=O)[C@@H]2CCCN2S(=O)(=O)c2cc3ccccc3o2)cn(-c2ccc(Cl)cc2)c1=O,CHEMBL5734964,CHEMBL5727588,2020,85.0,nM,7.070581074285707,7.07,-0.0005810742857068618,calcium_fluorescence,AITC,AITC,,,HEK293,10.0,,,human | not_reported | calcium_fluorescence | AITC | NA | NA | NA | NA | NA,9,,0,not_reported,verified_protocol_family,Full-length human TRPA1 in 293T/HEK293-family cells; calcium fluorescence; AITC after 10 min test compound.,1,False,True,True,,
27908843,4403972,CHEMBL6060983,CHEMBL6060983,CC(C)n1c(=O)c(CNC(=O)[C@@H]2CCCN2S(=O)(=O)c2cc3cc(F)ccc3o2)cn(-c2ccc(Cl)cc2)c1=O,CHEMBL5734964,CHEMBL5727588,2020,24.0,nM,7.619788758288394,7.62,0.0002112417116064691,calcium_fluorescence,AITC,AITC,,,HEK293,10.0,,,human | not_reported | calcium_fluorescence | AITC | NA | NA | NA | NA | NA,9,,0,not_reported,verified_protocol_family,Full-length human TRPA1 in 293T/HEK293-family cells; calcium fluorescence; AITC after 10 min test compound.,1,False,True,True,,
27908846,4403973,CHEMBL5923530,CHEMBL5923530,CC(C)n1cc(-c2ccc(C(F)(F)F)cn2)cc(CNC(=O)[C@@H]2CCCN2S(=O)(=O)c2cc3ccccc3o2)c1=O,CHEMBL5734964,CHEMBL5727588,2020,79.0,nM,7.102372908709558,7.1,-0.00237290870955853,calcium_fluorescence,AITC,AITC,,,HEK293,10.0,,,human | not_reported | calcium_fluorescence | AITC | NA | NA | NA | NA | NA,9,,0,not_reported,verified_protocol_family,Full-length human TRPA1 in 293T/HEK293-family cells; calcium fluorescence; AITC after 10 min test compound.,1,False,True,True,,
27908849,4403974,CHEMBL5783476,CHEMBL5783476,CC(C)n1cc(-c2ccc(C(F)(F)F)cn2)cc(CNC(=O)[C@@H]2CCCN2S(=O)(=O)c2cc3cc(F)ccc3o2)c1=O,CHEMBL5734964,CHEMBL5727588,2020,23.0,nM,7.638272163982407,7.64,0.0017278360175927432,calcium_fluorescence,AITC,AITC,,,HEK293,10.0,,,human | not_reported | calcium_fluorescence | AITC | NA | NA | NA | NA | NA,9,,0,not_reported,verified_protocol_family,Full-length human TRPA1 in 293T/HEK293-family cells; calcium fluorescence; AITC after 10 min test compound.,1,False,True,True,,
27908852,4403975,CHEMBL5956606,CHEMBL5956606,CC(C)n1cc(-c2ccc(C(F)(F)F)cc2)cc(CNC(=O)[C@@H]2CCCN2S(=O)(=O)c2cc3c(F)cccc3o2)c1=O,CHEMBL5734964,CHEMBL5727588,2020,440.0,nM,6.356547323513812,6.36,0.0034526764861881887,calcium_fluorescence,AITC,AITC,,,HEK293,10.0,,,human | not_reported | calcium_fluorescence | AITC | NA | NA | NA | NA | NA,9,,0,not_reported,verified_protocol_family,Full-length human TRPA1 in 293T/HEK293-family cells; calcium fluorescence; AITC after 10 min test compound.,1,False,True,True,,
27908855,4403976,CHEMBL5836416,CHEMBL5836416,CC(C)n1cc(CNC(=O)[C@@H]2CCCN2S(=O)(=O)c2cc3c(F)cccc3o2)cc(-c2ccc(C(F)(F)F)cc2)c1=O,CHEMBL5734964,CHEMBL5727588,2020,86.0,nM,7.0655015487564325,7.07,0.004498451243567736,calcium_fluorescence,AITC,AITC,,,HEK293,10.0,,,human | not_reported | calcium_fluorescence | AITC | NA | NA | NA | NA | NA,9,,0,not_reported,verified_protocol_family,Full-length human TRPA1 in 293T/HEK293-family cells; calcium fluorescence; AITC after 10 min test compound.,1,False,True,True,,
27908858,4403977,CHEMBL5751478,CHEMBL5751478,CC(C)n1cc(CNC(=O)[C@@H]2CCCN2S(=O)(=O)c2cc3cnccc3o2)cc(-c2ccc(C(F)(F)F)cc2)c1=O,CHEMBL5734964,CHEMBL5727588,2020,98.0,nM,7.008773924307505,7.01,0.001226075692494888,calcium_fluorescence,AITC,AITC,,,HEK293,10.0,,,human | not_reported | calcium_fluorescence | AITC | NA | NA | NA | NA | NA,9,,0,not_reported,verified_protocol_family,Full-length human TRPA1 in 293T/HEK293-family cells; calcium fluorescence; AITC after 10 min test compound.,1,False,True,True,,
27908861,4403978,CHEMBL5804843,CHEMBL5804843,CC(C)n1cc(CNC(=O)[C@@H]2[C@@H](O)CCN2S(=O)(=O)c2cc3cc(F)ccc3o2)cc(-c2ccc(C(F)(F)F)cc2)c1=O,CHEMBL5734964,CHEMBL5727588,2020,230.0,nM,6.638272163982407,6.64,0.0017278360175927432,calcium_fluorescence,AITC,AITC,,,HEK293,10.0,,,human | not_reported | calcium_fluorescence | AITC | NA | NA | NA | NA | NA,9,,0,not_reported,verified_protocol_family,Full-length human TRPA1 in 293T/HEK293-family cells; calcium fluorescence; AITC after 10 min test compound.,1,False,True,True,,
27908864,4403979,CHEMBL6005621,CHEMBL6005621,CC(C)n1cc(CNC(=O)[C@@H]2CCCN2S(=O)(=O)c2cc3ccccc3o2)cc(-c2ccc(C(F)(F)F)nc2)c1=O,CHEMBL5734964,CHEMBL5727588,2020,210.0,nM,6.6777807052660805,6.68,0.0022192947339192415,calcium_fluorescence,AITC,AITC,,,HEK293,10.0,,,human | not_reported | calcium_fluorescence | AITC | NA | NA | NA | NA | NA,9,,0,not_reported,verified_protocol_family,Full-length human TRPA1 in 293T/HEK293-family cells; calcium fluorescence; AITC after 10 min test compound.,1,False,True,True,,
27908867,4403980,CHEMBL5979562,CHEMBL5979562,CC(C)n1cc(CNC(=O)[C@@H]2CCCN2S(=O)(=O)c2cc3cc(F)ccc3o2)cc(-c2ccc(C(F)(F)F)nc2)c1=O,CHEMBL5734964,CHEMBL5727588,2020,45.0,nM,7.346787486224656,7.35,0.003212513775343595,calcium_fluorescence,AITC,AITC,,,HEK293,10.0,,,human | not_reported | calcium_fluorescence | AITC | NA | NA | NA | NA | NA,9,,0,not_reported,verified_protocol_family,Full-length human TRPA1 in 293T/HEK293-family cells; calcium fluorescence; AITC after 10 min test compound.,1,False,True,True,,
27908870,4403981,CHEMBL5882747,CHEMBL5882747,CC(C)n1cc(CNC(=O)[C@@H]2CCCN2S(=O)(=O)c2cc3ccccc3o2)cc(-c2ccc(C(F)(F)F)cn2)c1=O,CHEMBL5734964,CHEMBL5727588,2020,110.0,nM,6.958607314841775,6.96,0.0013926851582253263,calcium_fluorescence,AITC,AITC,,,HEK293,10.0,,,human | not_reported | calcium_fluorescence | AITC | NA | NA | NA | NA | NA,9,,0,not_reported,verified_protocol_family,Full-length human TRPA1 in 293T/HEK293-family cells; calcium fluorescence; AITC after 10 min test compound.,1,False,True,True,,
27908873,4403982,CHEMBL6050040,CHEMBL6050040,CC(C)n1cc(CNC(=O)[C@@H]2CCCN2S(=O)(=O)c2cc3cc(F)ccc3o2)cc(-c2ccc(C(F)(F)F)cn2)c1=O,CHEMBL5734964,CHEMBL5727588,2020,81.0,nM,7.0915149811213505,7.09,-0.0015149811213506226,calcium_fluorescence,AITC,AITC,,,HEK293,10.0,,,human | not_reported | calcium_fluorescence | AITC | NA | NA | NA | NA | NA,9,,0,not_reported,verified_protocol_family,Full-length human TRPA1 in 293T/HEK293-family cells; calcium fluorescence; AITC after 10 min test compound.,1,False,True,True,,
28037432,4430077,CHEMBL4849329,CHEMBL4849329,Cn1cnc2ncn(Cc3nc([C@@H]4CO[C@@H](c5ccc(Cl)cc5)C4)no3)c(=O)c21,CHEMBL5735474,CHEMBL5727828,2020,3.69,nM,8.43297363384094,8.43,-0.002973633840939627,calcium_fluorescence,cinnamaldehyde,cinnamaldehyde,EC80,75.0,CHO,10.0,,compound_before_agonist,human | not_reported | calcium_fluorescence | cinnamaldehyde | EC80 | NA | CHO | compound_before_agonist | NA,9,,0,not_reported,verified_protocol,Paired patent table has 10- and 90-min hTRPA1 IC50; assay values match 10-min column.,5,True,True,True,,
28037438,4430078,CHEMBL5076509,CHEMBL5076509,Cn1cnc2ncn(Cc3nc([C@@H]4CO[C@@H](c5ccc(F)cc5)C4)no3)c(=O)c21,CHEMBL5735474,CHEMBL5727828,2020,19.3,nM,7.714442690992226,7.71,-0.0044426909922261615,calcium_fluorescence,cinnamaldehyde,cinnamaldehyde,EC80,75.0,CHO,10.0,,compound_before_agonist,human | not_reported | calcium_fluorescence | cinnamaldehyde | EC80 | NA | CHO | compound_before_agonist | NA,9,,0,not_reported,verified_protocol,Paired patent table has 10- and 90-min hTRPA1 IC50; assay values match 10-min column.,2,True,True,True,,
28037444,4430079,CHEMBL5894849,CHEMBL5894849,Cc1cnn2nc(N)n(Cc3nc([C@@H]4CO[C@@H](c5ccc(F)cc5)C4)no3)c(=O)c12,CHEMBL5735474,CHEMBL5727828,2020,5.02,nM,8.29929628285498,8.3,0.0007037171450203772,calcium_fluorescence,cinnamaldehyde,cinnamaldehyde,EC80,75.0,CHO,10.0,,compound_before_agonist,human | not_reported | calcium_fluorescence | cinnamaldehyde | EC80 | NA | CHO | compound_before_agonist | NA,9,,0,not_reported,verified_protocol,Paired patent table has 10- and 90-min hTRPA1 IC50; assay values match 10-min column.,1,False,True,True,,
28037450,4430080,CHEMBL5869397,CHEMBL5869397,Cc1cnn2nc(N)n(Cc3nc([C@@H]4CO[C@@H](c5ccc(Cl)cc5)C4)no3)c(=O)c12,CHEMBL5735474,CHEMBL5727828,2020,4.01,nM,8.396855627379818,8.4,0.003144372620182523,calcium_fluorescence,cinnamaldehyde,cinnamaldehyde,EC80,75.0,CHO,10.0,,compound_before_agonist,human | not_reported | calcium_fluorescence | cinnamaldehyde | EC80 | NA | CHO | compound_before_agonist | NA,9,,0,not_reported,verified_protocol,Paired patent table has 10- and 90-min hTRPA1 IC50; assay values match 10-min column.,1,False,True,True,,
28037456,4430077,CHEMBL4849329,CHEMBL4849329,Cn1cnc2ncn(Cc3nc([C@@H]4CO[C@@H](c5ccc(Cl)cc5)C4)no3)c(=O)c21,CHEMBL5735474,CHEMBL5727828,2020,17.6,nM,7.75448733218585,7.75,-0.004487332185849624,calcium_fluorescence,cinnamaldehyde,cinnamaldehyde,EC80,75.0,CHO,10.0,,compound_before_agonist,human | not_reported | calcium_fluorescence | cinnamaldehyde | EC80 | NA | CHO | compound_before_agonist | NA,9,,0,not_reported,verified_protocol,Paired patent table has 10- and 90-min hTRPA1 IC50; assay values match 10-min column.,5,True,True,True,,
28037462,4430077,CHEMBL4849329,CHEMBL4849329,Cn1cnc2ncn(Cc3nc([C@@H]4CO[C@@H](c5ccc(Cl)cc5)C4)no3)c(=O)c21,CHEMBL5735474,CHEMBL5727828,2020,18.3,nM,7.73754891026957,7.74,0.002451089730429956,calcium_fluorescence,cinnamaldehyde,cinnamaldehyde,EC80,75.0,CHO,10.0,,compound_before_agonist,human | not_reported | calcium_fluorescence | cinnamaldehyde | EC80 | NA | CHO | compound_before_agonist | NA,9,,0,not_reported,verified_protocol,Paired patent table has 10- and 90-min hTRPA1 IC50; assay values match 10-min column.,5,True,True,True,,
28037468,4430081,CHEMBL6047386,CHEMBL6047386,Cn1cnc2[nH]c(=O)n(Cc3nc([C@@H]4CO[C@@H](c5ccc(Cl)cc5)C4)no3)c(=O)c21,CHEMBL5735474,CHEMBL5727828,2020,313.0,nM,6.504455662453552,6.5,-0.004455662453551668,calcium_fluorescence,cinnamaldehyde,cinnamaldehyde,EC80,75.0,CHO,10.0,,compound_before_agonist,human | not_reported | calcium_fluorescence | cinnamaldehyde | EC80 | NA | CHO | compound_before_agonist | NA,9,,0,not_reported,verified_protocol,Paired patent table has 10- and 90-min hTRPA1 IC50; assay values match 10-min column.,1,False,True,True,,
28037474,4430082,CHEMBL5940975,CHEMBL5940975,Cc1nc2ncn(C)c2c(=O)n1Cc1nc([C@@H]2CO[C@@H](c3ccc(Cl)cc3)C2)no1,CHEMBL5735474,CHEMBL5727828,2020,9.38,nM,8.027797161620935,8.03,0.0022028383790644313,calcium_fluorescence,cinnamaldehyde,cinnamaldehyde,EC80,75.0,CHO,10.0,,compound_before_agonist,human | not_reported | calcium_fluorescence | cinnamaldehyde | EC80 | NA | CHO | compound_before_agonist | NA,9,,0,not_reported,verified_protocol,Paired patent table has 10- and 90-min hTRPA1 IC50; assay values match 10-min column.,2,True,True,True,,
28037480,4430083,CHEMBL6039453,CHEMBL6039453,Cn1c(=O)[nH]c2ncn(Cc3nc([C@@H]4CO[C@@H](c5ccc(Cl)cc5)C4)no3)c(=O)c21,CHEMBL5735474,CHEMBL5727828,2020,40.4,nM,7.393618634889395,7.39,-0.003618634889395622,calcium_fluorescence,cinnamaldehyde,cinnamaldehyde,EC80,75.0,CHO,10.0,,compound_before_agonist,human | not_reported | calcium_fluorescence | cinnamaldehyde | EC80 | NA | CHO | compound_before_agonist | NA,9,,0,not_reported,verified_protocol,Paired patent table has 10- and 90-min hTRPA1 IC50; assay values match 10-min column.,1,False,True,True,,
28037486,4430084,CHEMBL5872092,CHEMBL5872092,Cn1cnc2ncn(Cc3nc([C@@H]4CO[C@@H](c5cccc(F)c5)C4)no3)c(=O)c21,CHEMBL5735474,CHEMBL5727828,2020,27.4,nM,7.562249437179612,7.56,-0.002249437179612457,calcium_fluorescence,cinnamaldehyde,cinnamaldehyde,EC80,75.0,CHO,10.0,,compound_before_agonist,human | not_reported | calcium_fluorescence | cinnamaldehyde | EC80 | NA | CHO | compound_before_agonist | NA,9,,0,not_reported,verified_protocol,Paired patent table has 10- and 90-min hTRPA1 IC50; assay values match 10-min column.,1,False,True,True,,
28037492,4430085,CHEMBL5945569,CHEMBL5945569,O=c1c2cccnc2cnn1Cc1nc([C@@H]2CO[C@@H](c3ccc(F)cc3)C2)no1,CHEMBL5735474,CHEMBL5727828,2020,16.6,nM,7.779891911959945,7.78,0.00010808804005524308,calcium_fluorescence,cinnamaldehyde,cinnamaldehyde,EC80,75.0,CHO,10.0,,compound_before_agonist,human | not_reported | calcium_fluorescence | cinnamaldehyde | EC80 | NA | CHO | compound_before_agonist | NA,9,,0,not_reported,verified_protocol,Paired patent table has 10- and 90-min hTRPA1 IC50; assay values match 10-min column.,1,False,True,True,,
28037498,4430086,CHEMBL6024610,CHEMBL6024610,Cn1nnc2ncn(Cc3nc([C@@H]4CO[C@@H](c5ccc(F)cc5)C4)no3)c(=O)c21,CHEMBL5735474,CHEMBL5727828,2020,7.55,nM,8.122053048370812,8.12,-0.0020530483708132152,calcium_fluorescence,cinnamaldehyde,cinnamaldehyde,EC80,75.0,CHO,10.0,,compound_before_agonist,human | not_reported | calcium_fluorescence | cinnamaldehyde | EC80 | NA | CHO | compound_before_agonist | NA,9,,0,not_reported,verified_protocol,Paired patent table has 10- and 90-min hTRPA1 IC50; assay values match 10-min column.,1,False,True,True,,
28037504,4430087,CHEMBL5910703,CHEMBL5910703,Cn1cnc2ncn(Cc3nc([C@@H]4CO[C@@H](c5ccccc5)C4)no3)c(=O)c21,CHEMBL5735474,CHEMBL5727828,2020,82.3,nM,7.08460016478773,7.08,-0.0046001647877300655,calcium_fluorescence,cinnamaldehyde,cinnamaldehyde,EC80,75.0,CHO,10.0,,compound_before_agonist,human | not_reported | calcium_fluorescence | cinnamaldehyde | EC80 | NA | CHO | compound_before_agonist | NA,9,,0,not_reported,verified_protocol,Paired patent table has 10- and 90-min hTRPA1 IC50; assay values match 10-min column.,1,False,True,True,,
28037510,4430088,CHEMBL5905634,CHEMBL5905634,Cn1cnc2ncn(Cc3nc([C@@H]4CO[C@@H](c5ccccc5Cl)C4)no3)c(=O)c21,CHEMBL5735474,CHEMBL5727828,2020,335.0,nM,6.474955192963154,6.47,-0.004955192963154609,calcium_fluorescence,cinnamaldehyde,cinnamaldehyde,EC80,75.0,CHO,10.0,,compound_before_agonist,human | not_reported | calcium_fluorescence | cinnamaldehyde | EC80 | NA | CHO | compound_before_agonist | NA,9,,0,not_reported,verified_protocol,Paired patent table has 10- and 90-min hTRPA1 IC50; assay values match 10-min column.,1,False,True,True,,
28037516,4430089,CHEMBL5747637,CHEMBL5747637,Cn1cnc2ncn(Cc3nc([C@@H]4CO[C@@H](c5ccccc5F)C4)no3)c(=O)c21,CHEMBL5735474,CHEMBL5727828,2020,127.0,nM,6.896196279044043,6.9,0.0038037209559576013,calcium_fluorescence,cinnamaldehyde,cinnamaldehyde,EC80,75.0,CHO,10.0,,compound_before_agonist,human | not_reported | calcium_fluorescence | cinnamaldehyde | EC80 | NA | CHO | compound_before_agonist | NA,9,,0,not_reported,verified_protocol,Paired patent table has 10- and 90-min hTRPA1 IC50; assay values match 10-min column.,1,False,True,True,,
28037522,4430090,CHEMBL5956384,CHEMBL5956384,Cn1nnc2ncn(Cc3nc([C@@H]4CO[C@@H](c5ccc(Cl)cc5)C4)no3)c(=O)c21,CHEMBL5735474,CHEMBL5727828,2020,4.9,nM,8.309803919971486,8.31,0.00019608002851434492,calcium_fluorescence,cinnamaldehyde,cinnamaldehyde,EC80,75.0,CHO,10.0,,compound_before_agonist,human | not_reported | calcium_fluorescence | cinnamaldehyde | EC80 | NA | CHO | compound_before_agonist | NA,9,,0,not_reported,verified_protocol,Paired patent table has 10- and 90-min hTRPA1 IC50; assay values match 10-min column.,1,False,True,True,,
28037528,4430091,CHEMBL5857891,CHEMBL5857891,Cn1cnc2ncn(Cc3nc([C@@H]4CO[C@@H](c5cccc(Cl)c5)C4)no3)c(=O)c21,CHEMBL5735474,CHEMBL5727828,2020,29.5,nM,7.530177984021837,7.53,-0.00017798402183633044,calcium_fluorescence,cinnamaldehyde,cinnamaldehyde,EC80,75.0,CHO,10.0,,compound_before_agonist,human | not_reported | calcium_fluorescence | cinnamaldehyde | EC80 | NA | CHO | compound_before_agonist | NA,9,,0,not_reported,verified_protocol,Paired patent table has 10- and 90-min hTRPA1 IC50; assay values match 10-min column.,1,False,True,True,,
28037534,4430092,CHEMBL5762816,CHEMBL5762816,Cn1cnc2ncn(Cc3nc([C@@H]4CO[C@@H](c5ccc(F)c(F)c5)C4)no3)c(=O)c21,CHEMBL5735474,CHEMBL5727828,2020,173.0,nM,6.761953896871205,6.76,-0.001953896871205174,calcium_fluorescence,cinnamaldehyde,cinnamaldehyde,EC80,75.0,CHO,10.0,,compound_before_agonist,human | not_reported | calcium_fluorescence | cinnamaldehyde | EC80 | NA | CHO | compound_before_agonist | NA,9,,0,not_reported,verified_protocol,Paired patent table has 10- and 90-min hTRPA1 IC50; assay values match 10-min column.,1,False,True,True,,
28037540,4430093,CHEMBL5799445,CHEMBL5799445,Cn1cnc2ncn(Cc3nc([C@@H]4CO[C@@H](c5ccc(OC(F)F)cc5)C4)no3)c(=O)c21,CHEMBL5735474,CHEMBL5727828,2020,150.0,nM,6.823908740944319,6.82,-0.003908740944318367,calcium_fluorescence,cinnamaldehyde,cinnamaldehyde,EC80,75.0,CHO,10.0,,compound_before_agonist,human | not_reported | calcium_fluorescence | cinnamaldehyde | EC80 | NA | CHO | compound_before_agonist | NA,9,,0,not_reported,verified_protocol,Paired patent table has 10- and 90-min hTRPA1 IC50; assay values match 10-min column.,1,False,True,True,,
28037546,4430094,CHEMBL6001211,CHEMBL6001211,Cc1ccnc2ncn(Cc3nc([C@@H]4CO[C@@H](c5ccc(F)cc5)C4)no3)c(=O)c12,CHEMBL5735474,CHEMBL5727828,2020,7.05,nM,8.1518108830086,8.15,-0.001810883008600328,calcium_fluorescence,cinnamaldehyde,cinnamaldehyde,EC80,75.0,CHO,10.0,,compound_before_agonist,human | not_reported | calcium_fluorescence | cinnamaldehyde | EC80 | NA | CHO | compound_before_agonist | NA,9,,0,not_reported,verified_protocol,Paired patent table has 10- and 90-min hTRPA1 IC50; assay values match 10-min column.,1,False,True,True,,
28037552,4430095,CHEMBL6038964,CHEMBL6038964,Cn1cnc2ncn(Cc3nc([C@@H]4CO[C@@H](c5ccc(OC(F)(F)F)cc5)C4)no3)c(=O)c21,CHEMBL5735474,CHEMBL5727828,2020,98.5,nM,7.006563769502389,7.01,0.0034362304976109925,calcium_fluorescence,cinnamaldehyde,cinnamaldehyde,EC80,75.0,CHO,10.0,,compound_before_agonist,human | not_reported | calcium_fluorescence | cinnamaldehyde | EC80 | NA | CHO | compound_before_agonist | NA,9,,0,not_reported,verified_protocol,Paired patent table has 10- and 90-min hTRPA1 IC50; assay values match 10-min column.,1,False,True,True,,
28037558,4430096,CHEMBL6016416,CHEMBL6016416,Cn1c(N)nc2ncn(Cc3nc([C@@H]4CO[C@@H](c5ccc(F)cc5)C4)no3)c(=O)c21,CHEMBL5735474,CHEMBL5727828,2020,126.0,nM,6.899629454882437,6.9,0.0003705451175637364,calcium_fluorescence,cinnamaldehyde,cinnamaldehyde,EC80,75.0,CHO,10.0,,compound_before_agonist,human | not_reported | calcium_fluorescence | cinnamaldehyde | EC80 | NA | CHO | compound_before_agonist | NA,9,,0,not_reported,verified_protocol,Paired patent table has 10- and 90-min hTRPA1 IC50; assay values match 10-min column.,1,False,True,True,,
28037564,4430097,CHEMBL5861996,CHEMBL5861996,Cn1cnc2c(C#N)nn(Cc3nc([C@@H]4CO[C@@H](c5ccc(Cl)cc5)C4)no3)c2c1=O,CHEMBL5735474,CHEMBL5727828,2020,45.7,nM,7.34008379993015,7.34,-8.379993014973053e-05,calcium_fluorescence,cinnamaldehyde,cinnamaldehyde,EC80,75.0,CHO,10.0,,compound_before_agonist,human | not_reported | calcium_fluorescence | cinnamaldehyde | EC80 | NA | CHO | compound_before_agonist | NA,9,,0,not_reported,verified_protocol,Paired patent table has 10- and 90-min hTRPA1 IC50; assay values match 10-min column.,1,False,True,True,,
28037570,4430098,CHEMBL6025994,CHEMBL6025994,O=c1c2cccnc2cnn1Cc1nc([C@@H]2CO[C@@H](c3ccc(Cl)cc3)C2)no1,CHEMBL5735474,CHEMBL5727828,2020,7.2,nM,8.142667503568731,8.14,-0.002667503568730467,calcium_fluorescence,cinnamaldehyde,cinnamaldehyde,EC80,75.0,CHO,10.0,,compound_before_agonist,human | not_reported | calcium_fluorescence | cinnamaldehyde | EC80 | NA | CHO | compound_before_agonist | NA,9,,0,not_reported,verified_protocol,Paired patent table has 10- and 90-min hTRPA1 IC50; assay values match 10-min column.,1,False,True,True,,
28037576,4430099,CHEMBL5877962,CHEMBL5877962,O=c1c2cccnc2ncn1Cc1nc([C@@H]2CO[C@@H](c3ccc(Cl)cc3)C2)no1,CHEMBL5735474,CHEMBL5727828,2020,6.55,nM,8.183758700008218,8.18,-0.0037587000082179856,calcium_fluorescence,cinnamaldehyde,cinnamaldehyde,EC80,75.0,CHO,10.0,,compound_before_agonist,human | not_reported | calcium_fluorescence | cinnamaldehyde | EC80 | NA | CHO | compound_before_agonist | NA,9,,0,not_reported,verified_protocol,Paired patent table has 10- and 90-min hTRPA1 IC50; assay values match 10-min column.,1,False,True,True,,
28037582,4430100,CHEMBL5947433,CHEMBL5947433,Cn1c(N)nc2ncn(Cc3nc([C@@H]4CO[C@@H](c5ccc(Cl)cc5)C4)no3)c(=O)c21,CHEMBL5735474,CHEMBL5727828,2020,58.7,nM,7.231361898752386,7.23,-0.0013618987523855708,calcium_fluorescence,cinnamaldehyde,cinnamaldehyde,EC80,75.0,CHO,10.0,,compound_before_agonist,human | not_reported | calcium_fluorescence | cinnamaldehyde | EC80 | NA | CHO | compound_before_agonist | NA,9,,0,not_reported,verified_protocol,Paired patent table has 10- and 90-min hTRPA1 IC50; assay values match 10-min column.,1,False,True,True,,
28037588,4430101,CHEMBL6026042,CHEMBL6026042,Cc1ccc([C@H]2C[C@H](c3noc(Cn4cnc5ncn(C)c5c4=O)n3)CO2)cc1,CHEMBL5735474,CHEMBL5727828,2020,16.1,nM,7.79317412396815,7.79,-0.0031741239681499778,calcium_fluorescence,cinnamaldehyde,cinnamaldehyde,EC80,75.0,CHO,10.0,,compound_before_agonist,human | not_reported | calcium_fluorescence | cinnamaldehyde | EC80 | NA | CHO | compound_before_agonist | NA,9,,0,not_reported,verified_protocol,Paired patent table has 10- and 90-min hTRPA1 IC50; assay values match 10-min column.,1,False,True,True,,
28037594,4430102,CHEMBL5912314,CHEMBL5912314,Nc1ccc2c(=O)n(Cc3nc([C@@H]4CO[C@@H](c5ccc(Cl)cc5)C4)no3)cnc2n1,CHEMBL5735474,CHEMBL5727828,2020,6.32,nM,8.199282921717614,8.2,0.0007170782823848754,calcium_fluorescence,cinnamaldehyde,cinnamaldehyde,EC80,75.0,CHO,10.0,,compound_before_agonist,human | not_reported | calcium_fluorescence | cinnamaldehyde | EC80 | NA | CHO | compound_before_agonist | NA,9,,0,not_reported,verified_protocol,Paired patent table has 10- and 90-min hTRPA1 IC50; assay values match 10-min column.,1,False,True,True,,
28037600,4430103,CHEMBL5990285,CHEMBL5990285,Cn1cnc2ncn(Cc3nc([C@@H]4CO[C@@H](c5ccc(Br)cc5)C4)no3)c(=O)c21,CHEMBL5735474,CHEMBL5727828,2020,7.83,nM,8.106238237942057,8.11,0.0037617620579428745,calcium_fluorescence,cinnamaldehyde,cinnamaldehyde,EC80,75.0,CHO,10.0,,compound_before_agonist,human | not_reported | calcium_fluorescence | cinnamaldehyde | EC80 | NA | CHO | compound_before_agonist | NA,9,,0,not_reported,verified_protocol,Paired patent table has 10- and 90-min hTRPA1 IC50; assay values match 10-min column.,1,False,True,True,,
28037606,4430104,CHEMBL6013780,CHEMBL6013780,Cn1cnc2ncn(Cc3nc([C@@H]4CO[C@@H](c5ccc(-c6ccccc6)cc5)C4)no3)c(=O)c21,CHEMBL5735474,CHEMBL5727828,2020,623.0,nM,6.20551195334083,6.21,0.004488046659170131,calcium_fluorescence,cinnamaldehyde,cinnamaldehyde,EC80,75.0,CHO,10.0,,compound_before_agonist,human | not_reported | calcium_fluorescence | cinnamaldehyde | EC80 | NA | CHO | compound_before_agonist | NA,9,,0,not_reported,verified_protocol,Paired patent table has 10- and 90-min hTRPA1 IC50; assay values match 10-min column.,1,False,True,True,,
28037612,4430105,CHEMBL5774116,CHEMBL5774116,Cn1cnc2ncn(Cc3nc([C@@H]4CO[C@@H](c5ccc(Cl)c(Cl)c5)C4)no3)c(=O)c21,CHEMBL5735474,CHEMBL5727828,2020,19.7,nM,7.7055337738384075,7.71,0.004466226161592424,calcium_fluorescence,cinnamaldehyde,cinnamaldehyde,EC80,75.0,CHO,10.0,,compound_before_agonist,human | not_reported | calcium_fluorescence | cinnamaldehyde | EC80 | NA | CHO | compound_before_agonist | NA,9,,0,not_reported,verified_protocol,Paired patent table has 10- and 90-min hTRPA1 IC50; assay values match 10-min column.,1,False,True,True,,
28037618,4430106,CHEMBL5896686,CHEMBL5896686,Cn1cnc2ncn(Cc3nc([C@@H]4CO[C@@H](c5ccc(Cl)c(F)c5)C4)no3)c(=O)c21,CHEMBL5735474,CHEMBL5727828,2020,7.88,nM,8.103473782510445,8.1,-0.003473782510445389,calcium_fluorescence,cinnamaldehyde,cinnamaldehyde,EC80,75.0,CHO,10.0,,compound_before_agonist,human | not_reported | calcium_fluorescence | cinnamaldehyde | EC80 | NA | CHO | compound_before_agonist | NA,9,,0,not_reported,verified_protocol,Paired patent table has 10- and 90-min hTRPA1 IC50; assay values match 10-min column.,1,False,True,True,,
28037624,4430107,CHEMBL5954309,CHEMBL5954309,Cn1cnc2ncn(Cc3nc([C@@H]4CO[C@@H](c5ccc6ccccc6c5)C4)no3)c(=O)c21,CHEMBL5735474,CHEMBL5727828,2020,4.09,nM,8.388276691992658,8.39,0.001723308007342439,calcium_fluorescence,cinnamaldehyde,cinnamaldehyde,EC80,75.0,CHO,10.0,,compound_before_agonist,human | not_reported | calcium_fluorescence | cinnamaldehyde | EC80 | NA | CHO | compound_before_agonist | NA,9,,0,not_reported,verified_protocol,Paired patent table has 10- and 90-min hTRPA1 IC50; assay values match 10-min column.,1,False,True,True,,
28037630,4430108,CHEMBL6001322,CHEMBL6001322,Cn1cnc2ncn(Cc3nc([C@@H]4CO[C@@H](c5cc(F)cc(F)c5)C4)no3)c(=O)c21,CHEMBL5735474,CHEMBL5727828,2020,63.5,nM,7.197226274708024,7.2,0.00277372529197617,calcium_fluorescence,cinnamaldehyde,cinnamaldehyde,EC80,75.0,CHO,10.0,,compound_before_agonist,human | not_reported | calcium_fluorescence | cinnamaldehyde | EC80 | NA | CHO | compound_before_agonist | NA,9,,0,not_reported,verified_protocol,Paired patent table has 10- and 90-min hTRPA1 IC50; assay values match 10-min column.,1,False,True,True,,
28037636,4430109,CHEMBL5859911,CHEMBL5859911,Cn1cnc2ncn(Cc3nc([C@@H]4CO[C@@H](c5ccc(F)c(Cl)c5)C4)no3)c(=O)c21,CHEMBL5735474,CHEMBL5727828,2020,16.4,nM,7.785156151952302,7.79,0.004843848047697996,calcium_fluorescence,cinnamaldehyde,cinnamaldehyde,EC80,75.0,CHO,10.0,,compound_before_agonist,human | not_reported | calcium_fluorescence | cinnamaldehyde | EC80 | NA | CHO | compound_before_agonist | NA,9,,0,not_reported,verified_protocol,Paired patent table has 10- and 90-min hTRPA1 IC50; assay values match 10-min column.,1,False,True,True,,
28037642,4430078,CHEMBL5076509,CHEMBL5076509,Cn1cnc2ncn(Cc3nc([C@@H]4CO[C@@H](c5ccc(F)cc5)C4)no3)c(=O)c21,CHEMBL5735474,CHEMBL5727828,2020,19.0,nM,7.721246399047171,7.72,-0.001246399047171387,calcium_fluorescence,cinnamaldehyde,cinnamaldehyde,EC80,75.0,CHO,10.0,,compound_before_agonist,human | not_reported | calcium_fluorescence | cinnamaldehyde | EC80 | NA | CHO | compound_before_agonist | NA,9,,0,not_reported,verified_protocol,Paired patent table has 10- and 90-min hTRPA1 IC50; assay values match 10-min column.,2,True,True,True,,
28037648,4430110,CHEMBL5929533,CHEMBL5929533,Cn1cnc2ncn(Cc3nc([C@@H]4CO[C@@H](c5ccc(C#N)cc5)C4)no3)c(=O)c21,CHEMBL5735474,CHEMBL5727828,2020,108.0,nM,6.96657624451305,6.97,0.003423755486950064,calcium_fluorescence,cinnamaldehyde,cinnamaldehyde,EC80,75.0,CHO,10.0,,compound_before_agonist,human | not_reported | calcium_fluorescence | cinnamaldehyde | EC80 | NA | CHO | compound_before_agonist | NA,9,,0,not_reported,verified_protocol,Paired patent table has 10- and 90-min hTRPA1 IC50; assay values match 10-min column.,1,False,True,True,,
28037654,4430111,CHEMBL5994890,CHEMBL5994890,Cn1cnc2ncn(Cc3nc([C@@H]4CO[C@@H](c5ccc(C(F)(F)F)cc5)C4)no3)c(=O)c21,CHEMBL5735474,CHEMBL5727828,2020,46.4,nM,7.333482019445119,7.33,-0.0034820194451192776,calcium_fluorescence,cinnamaldehyde,cinnamaldehyde,EC80,75.0,CHO,10.0,,compound_before_agonist,human | not_reported | calcium_fluorescence | cinnamaldehyde | EC80 | NA | CHO | compound_before_agonist | NA,9,,0,not_reported,verified_protocol,Paired patent table has 10- and 90-min hTRPA1 IC50; assay values match 10-min column.,1,False,True,True,,
28037660,4430112,CHEMBL5952117,CHEMBL5952117,Cn1cnc2ccn(Cc3nc([C@@H]4CO[C@@H](c5ccc(Cl)cc5)C4)no3)c(=O)c21,CHEMBL5735474,CHEMBL5727828,2020,3.06,nM,8.51427857351842,8.51,-0.004278573518419648,calcium_fluorescence,cinnamaldehyde,cinnamaldehyde,EC80,75.0,CHO,10.0,,compound_before_agonist,human | not_reported | calcium_fluorescence | cinnamaldehyde | EC80 | NA | CHO | compound_before_agonist | NA,9,,0,not_reported,verified_protocol,Paired patent table has 10- and 90-min hTRPA1 IC50; assay values match 10-min column.,1,False,True,True,,
28037666,4430113,CHEMBL5853140,CHEMBL5853140,Cn1cnc2ncn(Cc3nc([C@@H]4CO[C@@H](c5cc(F)c(F)c(F)c5)C4)no3)c(=O)c21,CHEMBL5735474,CHEMBL5727828,2020,27.6,nM,7.559090917934782,7.56,0.0009090820652177811,calcium_fluorescence,cinnamaldehyde,cinnamaldehyde,EC80,75.0,CHO,10.0,,compound_before_agonist,human | not_reported | calcium_fluorescence | cinnamaldehyde | EC80 | NA | CHO | compound_before_agonist | NA,9,,0,not_reported,verified_protocol,Paired patent table has 10- and 90-min hTRPA1 IC50; assay values match 10-min column.,1,False,True,True,,
28037672,4430114,CHEMBL6024613,CHEMBL6024613,Cn1cnc2ncn(Cc3nc([C@@H]4CO[C@@H](c5ccc(Cl)cn5)C4)no3)c(=O)c21,CHEMBL5735474,CHEMBL5727828,2020,190.0,nM,6.721246399047171,6.72,-0.001246399047171387,calcium_fluorescence,cinnamaldehyde,cinnamaldehyde,EC80,75.0,CHO,10.0,,compound_before_agonist,human | not_reported | calcium_fluorescence | cinnamaldehyde | EC80 | NA | CHO | compound_before_agonist | NA,9,,0,not_reported,verified_protocol,Paired patent table has 10- and 90-min hTRPA1 IC50; assay values match 10-min column.,1,False,True,True,,
28037678,4430115,CHEMBL5914099,CHEMBL5914099,Cn1cnc2ncn(Cc3nc([C@@H]4CO[C@@](C)(c5ccc(Cl)cc5)C4)no3)c(=O)c21,CHEMBL5735474,CHEMBL5727828,2020,3710.0,nM,5.430626090384954,5.43,-0.0006260903849542032,calcium_fluorescence,cinnamaldehyde,cinnamaldehyde,EC80,75.0,CHO,10.0,,compound_before_agonist,human | not_reported | calcium_fluorescence | cinnamaldehyde | EC80 | NA | CHO | compound_before_agonist | NA,9,,0,not_reported,verified_protocol,Paired patent table has 10- and 90-min hTRPA1 IC50; assay values match 10-min column.,1,False,True,True,,
28037684,4430116,CHEMBL6062464,CHEMBL6062464,Cn1cnc2ncn(Cc3nc([C@@H]4CO[C@@]5(Cc6ccccc65)C4)no3)c(=O)c21,CHEMBL5735474,CHEMBL5727828,2020,278.0,nM,6.555955204081924,6.56,0.0040447959180758275,calcium_fluorescence,cinnamaldehyde,cinnamaldehyde,EC80,75.0,CHO,10.0,,compound_before_agonist,human | not_reported | calcium_fluorescence | cinnamaldehyde | EC80 | NA | CHO | compound_before_agonist | NA,9,,0,not_reported,verified_protocol,Paired patent table has 10- and 90-min hTRPA1 IC50; assay values match 10-min column.,1,False,True,True,,
28037690,4430117,CHEMBL5745647,CHEMBL5745647,Cc1cncc2ncn(Cc3nc([C@@H]4CO[C@@H](c5ccc(Cl)cc5)C4)no3)c(=O)c12,CHEMBL5735474,CHEMBL5727828,2020,3.2,nM,8.494850021680094,8.49,-0.004850021680093519,calcium_fluorescence,cinnamaldehyde,cinnamaldehyde,EC80,75.0,CHO,10.0,,compound_before_agonist,human | not_reported | calcium_fluorescence | cinnamaldehyde | EC80 | NA | CHO | compound_before_agonist | NA,9,,0,not_reported,verified_protocol,Paired patent table has 10- and 90-min hTRPA1 IC50; assay values match 10-min column.,1,False,True,True,,
28037696,4430118,CHEMBL5958151,CHEMBL5958151,O=c1c2ccncc2ncn1Cc1nc([C@@H]2CO[C@@H](c3ccc(Cl)cc3)C2)no1,CHEMBL5735474,CHEMBL5727828,2020,19.3,nM,7.714442690992226,7.71,-0.0044426909922261615,calcium_fluorescence,cinnamaldehyde,cinnamaldehyde,EC80,75.0,CHO,10.0,,compound_before_agonist,human | not_reported | calcium_fluorescence | cinnamaldehyde | EC80 | NA | CHO | compound_before_agonist | NA,9,,0,not_reported,verified_protocol,Paired patent table has 10- and 90-min hTRPA1 IC50; assay values match 10-min column.,1,False,True,True,,
28037702,4430119,CHEMBL5785195,CHEMBL5785195,Cn1c(=O)ccc2ncn(Cc3nc([C@@H]4CO[C@@H](c5ccc(Cl)cc5)C4)no3)c(=O)c21,CHEMBL5735474,CHEMBL5727828,2020,14.5,nM,7.838631997765026,7.84,0.0013680022349742416,calcium_fluorescence,cinnamaldehyde,cinnamaldehyde,EC80,75.0,CHO,10.0,,compound_before_agonist,human | not_reported | calcium_fluorescence | cinnamaldehyde | EC80 | NA | CHO | compound_before_agonist | NA,9,,0,not_reported,verified_protocol,Paired patent table has 10- and 90-min hTRPA1 IC50; assay values match 10-min column.,1,False,True,True,,
28037708,4430120,CHEMBL5990350,CHEMBL5990350,Cc1c(=O)ncn2cnn(Cc3nc([C@@H]4CO[C@@H](c5ccc(Cl)cc5)C4)no3)c(=O)c12,CHEMBL5735474,CHEMBL5727828,2020,332.0,nM,6.478861916295964,6.48,0.0011380837040366742,calcium_fluorescence,cinnamaldehyde,cinnamaldehyde,EC80,75.0,CHO,10.0,,compound_before_agonist,human | not_reported | calcium_fluorescence | cinnamaldehyde | EC80 | NA | CHO | compound_before_agonist | NA,9,,0,not_reported,verified_protocol,Paired patent table has 10- and 90-min hTRPA1 IC50; assay values match 10-min column.,1,False,True,True,,
28037714,4430121,CHEMBL6057282,CHEMBL6057282,Cc1cnn2ncn(Cc3nc([C@@H]4CO[C@@H](c5ccc(Cl)cc5)C4)no3)c(=O)c12,CHEMBL5735474,CHEMBL5727828,2020,1.2,nM,8.920818753952375,8.92,-0.0008187539523749621,calcium_fluorescence,cinnamaldehyde,cinnamaldehyde,EC80,75.0,CHO,10.0,,compound_before_agonist,human | not_reported | calcium_fluorescence | cinnamaldehyde | EC80 | NA | CHO | compound_before_agonist | NA,9,,0,not_reported,verified_protocol,Paired patent table has 10- and 90-min hTRPA1 IC50; assay values match 10-min column.,1,False,True,True,,
28037723,4430123,CHEMBL5929352,CHEMBL5929352,Cn1c(=O)c2c(ncn2Cc2nc([C@@H]3CO[C@@H](c4ccc(Cl)cc4)C3)no2)n(C)c1=O,CHEMBL5735474,CHEMBL5727828,2020,50.8,nM,7.29413628771608,7.29,-0.004136287716080211,calcium_fluorescence,cinnamaldehyde,cinnamaldehyde,EC80,75.0,CHO,10.0,,compound_before_agonist,human | not_reported | calcium_fluorescence | cinnamaldehyde | EC80 | NA | CHO | compound_before_agonist | NA,9,,0,not_reported,verified_protocol,Paired patent table has 10- and 90-min hTRPA1 IC50; assay values match 10-min column.,1,False,True,True,,
28037729,4430124,CHEMBL5915465,CHEMBL5915465,Cn1c(NCc2ccccn2)nc2ncn(Cc3nc([C@@H]4CO[C@@H](c5ccc(Cl)cc5)C4)no3)c(=O)c21,CHEMBL5735474,CHEMBL5727828,2020,40.1,nM,7.396855627379818,7.4,0.003144372620182523,calcium_fluorescence,cinnamaldehyde,cinnamaldehyde,EC80,75.0,CHO,10.0,,compound_before_agonist,human | not_reported | calcium_fluorescence | cinnamaldehyde | EC80 | NA | CHO | compound_before_agonist | NA,9,,0,not_reported,verified_protocol,Paired patent table has 10- and 90-min hTRPA1 IC50; assay values match 10-min column.,1,False,True,True,,
28037735,4430125,CHEMBL5787622,CHEMBL5787622,COc1nccc2c(=O)n(Cc3nc([C@@H]4CO[C@@H](c5ccc(Cl)cc5)C4)no3)cnc12,CHEMBL5735474,CHEMBL5727828,2020,95.1,nM,7.021819483062586,7.02,-0.0018194830625866132,calcium_fluorescence,cinnamaldehyde,cinnamaldehyde,EC80,75.0,CHO,10.0,,compound_before_agonist,human | not_reported | calcium_fluorescence | cinnamaldehyde | EC80 | NA | CHO | compound_before_agonist | NA,9,,0,not_reported,verified_protocol,Paired patent table has 10- and 90-min hTRPA1 IC50; assay values match 10-min column.,1,False,True,True,,
28037741,4430126,CHEMBL6000369,CHEMBL6000369,Cn1cnc2ncn(Cc3nc([C@@H]4CO[C@@H](c5ccc6ncsc6c5)C4)no3)c(=O)c21,CHEMBL5735474,CHEMBL5727828,2020,146.0,nM,6.835647144215563,6.84,0.004352855784437004,calcium_fluorescence,cinnamaldehyde,cinnamaldehyde,EC80,75.0,CHO,10.0,,compound_before_agonist,human | not_reported | calcium_fluorescence | cinnamaldehyde | EC80 | NA | CHO | compound_before_agonist | NA,9,,0,not_reported,verified_protocol,Paired patent table has 10- and 90-min hTRPA1 IC50; assay values match 10-min column.,1,False,True,True,,
28037747,4430127,CHEMBL5952658,CHEMBL5952658,Cc1ccnc2ncn(Cc3nc([C@@H]4CO[C@@H](c5ccc(Cl)cc5)C4)no3)c(=O)c12,CHEMBL5735474,CHEMBL5727828,2020,2.14,nM,8.669586226650809,8.67,0.0004137733491909046,calcium_fluorescence,cinnamaldehyde,cinnamaldehyde,EC80,75.0,CHO,10.0,,compound_before_agonist,human | not_reported | calcium_fluorescence | cinnamaldehyde | EC80 | NA | CHO | compound_before_agonist | NA,9,,0,not_reported,verified_protocol,Paired patent table has 10- and 90-min hTRPA1 IC50; assay values match 10-min column.,2,True,True,True,,
28037753,4430128,CHEMBL6030491,CHEMBL6030491,Cn1cnc2ncn(Cc3nc([C@@H]4CO[C@@H](c5ccc(Cl)cc5)C4)no3)c2c1=O,CHEMBL5735474,CHEMBL5727828,2020,19.0,nM,7.721246399047171,7.72,-0.001246399047171387,calcium_fluorescence,cinnamaldehyde,cinnamaldehyde,EC80,75.0,CHO,10.0,,compound_before_agonist,human | not_reported | calcium_fluorescence | cinnamaldehyde | EC80 | NA | CHO | compound_before_agonist | NA,9,,0,not_reported,verified_protocol,Paired patent table has 10- and 90-min hTRPA1 IC50; assay values match 10-min column.,1,False,True,True,,
28037759,4430129,CHEMBL5897708,CHEMBL5897708,Cn1cnc2ccn(Cc3nc([C@@H]4CO[C@@H](c5ccc(F)cc5)C4)no3)c(=O)c21,CHEMBL5735474,CHEMBL5727828,2020,6.76,nM,8.170053304058364,8.17,-5.330405836367902e-05,calcium_fluorescence,cinnamaldehyde,cinnamaldehyde,EC80,75.0,CHO,10.0,,compound_before_agonist,human | not_reported | calcium_fluorescence | cinnamaldehyde | EC80 | NA | CHO | compound_before_agonist | NA,9,,0,not_reported,verified_protocol,Paired patent table has 10- and 90-min hTRPA1 IC50; assay values match 10-min column.,1,False,True,True,,
28037765,4430130,CHEMBL6047901,CHEMBL6047901,Cn1cnc2cnn(Cc3nc([C@@H]4CO[C@@H](c5ccc(Cl)cc5)C4)no3)c(=O)c21,CHEMBL5735474,CHEMBL5727828,2020,38.8,nM,7.411168274405792,7.41,-0.0011682744057921468,calcium_fluorescence,cinnamaldehyde,cinnamaldehyde,EC80,75.0,CHO,10.0,,compound_before_agonist,human | not_reported | calcium_fluorescence | cinnamaldehyde | EC80 | NA | CHO | compound_before_agonist | NA,9,,0,not_reported,verified_protocol,Paired patent table has 10- and 90-min hTRPA1 IC50; assay values match 10-min column.,1,False,True,True,,
28037771,4430127,CHEMBL5952658,CHEMBL5952658,Cc1ccnc2ncn(Cc3nc([C@@H]4CO[C@@H](c5ccc(Cl)cc5)C4)no3)c(=O)c12,CHEMBL5735474,CHEMBL5727828,2020,69.0,nM,7.161150909262744,7.16,-0.001150909262744193,calcium_fluorescence,cinnamaldehyde,cinnamaldehyde,EC80,75.0,CHO,10.0,,compound_before_agonist,human | not_reported | calcium_fluorescence | cinnamaldehyde | EC80 | NA | CHO | compound_before_agonist | NA,9,,0,not_reported,verified_protocol,Paired patent table has 10- and 90-min hTRPA1 IC50; assay values match 10-min column.,2,True,True,True,,
28037777,4430131,CHEMBL5844147,CHEMBL5844147,Cn1cnc2ncn(Cc3nc([C@@H]4CO[C@@H](c5ccc(Cl)cc5)C4)no3)c(=S)c21,CHEMBL5735474,CHEMBL5727828,2020,4.16,nM,8.380906669373257,8.38,-0.0009066693732560083,calcium_fluorescence,cinnamaldehyde,cinnamaldehyde,EC80,75.0,CHO,10.0,,compound_before_agonist,human | not_reported | calcium_fluorescence | cinnamaldehyde | EC80 | NA | CHO | compound_before_agonist | NA,9,,0,not_reported,verified_protocol,Paired patent table has 10- and 90-min hTRPA1 IC50; assay values match 10-min column.,1,False,True,True,,
28037783,4430132,CHEMBL5917938,CHEMBL5917938,Nc1ccc2c(=O)n(Cc3nc([C@@H]4CO[C@@H](c5ccc(F)cc5)C4)no3)cnc2n1,CHEMBL5735474,CHEMBL5727828,2020,15.6,nM,7.806875401645538,7.81,0.0031245983544616607,calcium_fluorescence,cinnamaldehyde,cinnamaldehyde,EC80,75.0,CHO,10.0,,compound_before_agonist,human | not_reported | calcium_fluorescence | cinnamaldehyde | EC80 | NA | CHO | compound_before_agonist | NA,9,,0,not_reported,verified_protocol,Paired patent table has 10- and 90-min hTRPA1 IC50; assay values match 10-min column.,1,False,True,True,,
28037789,4430133,CHEMBL5769296,CHEMBL5769296,Cn1nnc2ccn(Cc3nc([C@@H]4CO[C@@H](c5ccc(Cl)cc5)C4)no3)c(=O)c21,CHEMBL5735474,CHEMBL5727828,2020,4.65,nM,8.332547047110046,8.33,-0.0025470471100454972,calcium_fluorescence,cinnamaldehyde,cinnamaldehyde,EC80,75.0,CHO,10.0,,compound_before_agonist,human | not_reported | calcium_fluorescence | cinnamaldehyde | EC80 | NA | CHO | compound_before_agonist | NA,9,,0,not_reported,verified_protocol,Paired patent table has 10- and 90-min hTRPA1 IC50; assay values match 10-min column.,1,False,True,True,,
28037795,4430134,CHEMBL5837590,CHEMBL5837590,Nc1nc2ncccc2c(=O)n1Cc1nc([C@@H]2CO[C@@H](c3ccc(Cl)cc3)C2)no1,CHEMBL5735474,CHEMBL5727828,2020,8.29,nM,8.081445469449726,8.08,-0.0014454694497256781,calcium_fluorescence,cinnamaldehyde,cinnamaldehyde,EC80,75.0,CHO,10.0,,compound_before_agonist,human | not_reported | calcium_fluorescence | cinnamaldehyde | EC80 | NA | CHO | compound_before_agonist | NA,9,,0,not_reported,verified_protocol,Paired patent table has 10- and 90-min hTRPA1 IC50; assay values match 10-min column.,1,False,True,True,,
28037801,4430135,CHEMBL5925816,CHEMBL5925816,Cc1cc(=O)nc2ccn(Cc3nc([C@@H]4CO[C@@H](c5ccc(Cl)cc5)C4)no3)c(=O)n12,CHEMBL5735474,CHEMBL5727828,2020,9.26,nM,8.033389013318066,8.03,-0.003389013318066958,calcium_fluorescence,cinnamaldehyde,cinnamaldehyde,EC80,75.0,CHO,10.0,,compound_before_agonist,human | not_reported | calcium_fluorescence | cinnamaldehyde | EC80 | NA | CHO | compound_before_agonist | NA,9,,0,not_reported,verified_protocol,Paired patent table has 10- and 90-min hTRPA1 IC50; assay values match 10-min column.,1,False,True,True,,
28037807,4430136,CHEMBL5987185,CHEMBL5987185,Cc1ncn2ncn(Cc3nc([C@@H]4CO[C@@H](c5ccc(Cl)cc5)C4)no3)c(=O)c12,CHEMBL5735474,CHEMBL5727828,2020,20.6,nM,7.686132779630847,7.69,0.0038672203691536566,calcium_fluorescence,cinnamaldehyde,cinnamaldehyde,EC80,75.0,CHO,10.0,,compound_before_agonist,human | not_reported | calcium_fluorescence | cinnamaldehyde | EC80 | NA | CHO | compound_before_agonist | NA,9,,0,not_reported,verified_protocol,Paired patent table has 10- and 90-min hTRPA1 IC50; assay values match 10-min column.,1,False,True,True,,
28037813,4430137,CHEMBL6001870,CHEMBL6001870,COc1ccc([C@H]2C[C@H](c3noc(CN4C=NC5N=CN(C)C5C4=O)n3)CO2)cc1,CHEMBL5735474,CHEMBL5727828,2020,137.0,nM,6.863279432843593,6.86,-0.003279432843593,calcium_fluorescence,cinnamaldehyde,cinnamaldehyde,EC80,75.0,CHO,10.0,,compound_before_agonist,human | not_reported | calcium_fluorescence | cinnamaldehyde | EC80 | NA | CHO | compound_before_agonist | NA,9,,0,not_reported,verified_protocol,Paired patent table has 10- and 90-min hTRPA1 IC50; assay values match 10-min column.,1,False,True,True,,
28037819,4430138,CHEMBL5940735,CHEMBL5940735,Cc1cnn2ncn(Cc3nc([C@@H]4CO[C@@H](c5ccc(F)cc5)C4)no3)c(=O)c12,CHEMBL5735474,CHEMBL5727828,2020,8.47,nM,8.072116589669292,8.07,-0.0021165896692920683,calcium_fluorescence,cinnamaldehyde,cinnamaldehyde,EC80,75.0,CHO,10.0,,compound_before_agonist,human | not_reported | calcium_fluorescence | cinnamaldehyde | EC80 | NA | CHO | compound_before_agonist | NA,9,,0,not_reported,verified_protocol,Paired patent table has 10- and 90-min hTRPA1 IC50; assay values match 10-min column.,1,False,True,True,,
28037825,4430139,CHEMBL5746517,CHEMBL5746517,Cc1cncc2ncn(Cc3nc([C@@H]4CO[C@@H](c5ccc(F)cc5)C4)no3)c(=O)c12,CHEMBL5735474,CHEMBL5727828,2020,10.7,nM,7.97061622231479,7.97,-0.0006162223147905266,calcium_fluorescence,cinnamaldehyde,cinnamaldehyde,EC80,75.0,CHO,10.0,,compound_before_agonist,human | not_reported | calcium_fluorescence | cinnamaldehyde | EC80 | NA | CHO | compound_before_agonist | NA,9,,0,not_reported,verified_protocol,Paired patent table has 10- and 90-min hTRPA1 IC50; assay values match 10-min column.,1,False,True,True,,
28037831,4430140,CHEMBL5775732,CHEMBL5775732,Cn1cnc2ncn(Cc3nc([C@@H]4CO[C@@H](c5ccc(C6CC6)cc5)C4)no3)c(=O)c21,CHEMBL5735474,CHEMBL5727828,2020,46.0,nM,7.337242168318426,7.34,0.0027578316815741744,calcium_fluorescence,cinnamaldehyde,cinnamaldehyde,EC80,75.0,CHO,10.0,,compound_before_agonist,human | not_reported | calcium_fluorescence | cinnamaldehyde | EC80 | NA | CHO | compound_before_agonist | NA,9,,0,not_reported,verified_protocol,Paired patent table has 10- and 90-min hTRPA1 IC50; assay values match 10-min column.,1,False,True,True,,
28037837,4430141,CHEMBL5827481,CHEMBL5827481,Cn1cnc2ncn(Cc3nc([C@@H]4CO[C@@H](c5ccc(F)cc5)C4)no3)c2c1=O,CHEMBL5735474,CHEMBL5727828,2020,59.5,nM,7.22548303427145,7.22,-0.005483034271450471,calcium_fluorescence,cinnamaldehyde,cinnamaldehyde,EC80,75.0,CHO,10.0,,compound_before_agonist,human | not_reported | calcium_fluorescence | cinnamaldehyde | EC80 | NA | CHO | compound_before_agonist | NA,9,,0,not_reported,verified_protocol,Paired patent table has 10- and 90-min hTRPA1 IC50; assay values match 10-min column.,1,False,True,True,,
28037843,4430077,CHEMBL4849329,CHEMBL4849329,Cn1cnc2ncn(Cc3nc([C@@H]4CO[C@@H](c5ccc(Cl)cc5)C4)no3)c(=O)c21,CHEMBL5735474,CHEMBL5727828,2020,4.71,nM,8.326979092871104,8.33,0.0030209071288958,calcium_fluorescence,cinnamaldehyde,cinnamaldehyde,EC80,75.0,CHO,10.0,,compound_before_agonist,human | not_reported | calcium_fluorescence | cinnamaldehyde | EC80 | NA | CHO | compound_before_agonist | NA,9,,0,not_reported,verified_protocol,Paired patent table has 10- and 90-min hTRPA1 IC50; assay values match 10-min column.,5,True,True,True,,
28037849,4430142,CHEMBL5781751,CHEMBL5781751,Cn1cnc2nc(N)n(Cc3nc([C@@H]4CO[C@@H](c5ccc(Cl)cc5)C4)no3)c(=O)c21,CHEMBL5735474,CHEMBL5727828,2020,18.4,nM,7.735182176990463,7.74,0.004817823009537037,calcium_fluorescence,cinnamaldehyde,cinnamaldehyde,EC80,75.0,CHO,10.0,,compound_before_agonist,human | not_reported | calcium_fluorescence | cinnamaldehyde | EC80 | NA | CHO | compound_before_agonist | NA,9,,0,not_reported,verified_protocol,Paired patent table has 10- and 90-min hTRPA1 IC50; assay values match 10-min column.,1,False,True,True,,
28037855,4430143,CHEMBL6035384,CHEMBL6035384,Cc1cnn2ncn(Cc3nc([C@@H]4CO[C@@H](c5ccc(Cl)cn5)C4)no3)c(=O)c12,CHEMBL5735474,CHEMBL5727828,2020,219.0,nM,6.6595558851598815,6.66,0.0004441148401186368,calcium_fluorescence,cinnamaldehyde,cinnamaldehyde,EC80,75.0,CHO,10.0,,compound_before_agonist,human | not_reported | calcium_fluorescence | cinnamaldehyde | EC80 | NA | CHO | compound_before_agonist | NA,9,,0,not_reported,verified_protocol,Paired patent table has 10- and 90-min hTRPA1 IC50; assay values match 10-min column.,2,True,True,True,,
28037864,4430145,CHEMBL5989449,CHEMBL5989449,Cn1cnc2nc(N)n(Cc3nc([C@@H]4CO[C@@H](c5ccc(S(F)(F)(F)(F)F)cc5)C4)no3)c(=O)c21,CHEMBL5735474,CHEMBL5727828,2020,170.0,nM,6.769551078621726,6.77,0.00044892137827368117,calcium_fluorescence,cinnamaldehyde,cinnamaldehyde,EC80,75.0,CHO,10.0,,compound_before_agonist,human | not_reported | calcium_fluorescence | cinnamaldehyde | EC80 | NA | CHO | compound_before_agonist | NA,9,,0,not_reported,verified_protocol,Paired patent table has 10- and 90-min hTRPA1 IC50; assay values match 10-min column.,1,False,True,True,,
28037894,4430154,CHEMBL5931500,CHEMBL5931500,CN1C=NC2N=CN(Cc3nc([C@@H]4CO[C@@H](c5cc(F)c(Cl)c(F)c5)C4)no3)C(=O)C21,CHEMBL5735474,CHEMBL5727828,2020,47.4,nM,7.324221658325915,7.32,-0.004221658325914923,calcium_fluorescence,cinnamaldehyde,cinnamaldehyde,EC80,75.0,CHO,10.0,,compound_before_agonist,human | not_reported | calcium_fluorescence | cinnamaldehyde | EC80 | NA | CHO | compound_before_agonist | NA,9,,0,not_reported,verified_protocol,Paired patent table has 10- and 90-min hTRPA1 IC50; assay values match 10-min column.,1,False,True,True,,
28037900,4430155,CHEMBL5812137,CHEMBL5812137,Cc1ncn2nc(N)n(Cc3nc([C@@H]4CO[C@@H](c5ccc(Cl)cc5)C4)no3)c(=O)c12,CHEMBL5735474,CHEMBL5727828,2020,142.0,nM,6.847711655616944,6.85,0.002288344383055474,calcium_fluorescence,cinnamaldehyde,cinnamaldehyde,EC80,75.0,CHO,10.0,,compound_before_agonist,human | not_reported | calcium_fluorescence | cinnamaldehyde | EC80 | NA | CHO | compound_before_agonist | NA,9,,0,not_reported,verified_protocol,Paired patent table has 10- and 90-min hTRPA1 IC50; assay values match 10-min column.,1,False,True,True,,
28037906,4430156,CHEMBL6026981,CHEMBL6026981,Cc1ncn2nc(N)n(Cc3nc([C@@H]4CO[C@@H](c5ccc(F)cc5)C4)no3)c(=O)c12,CHEMBL5735474,CHEMBL5727828,2020,15.5,nM,7.809668301829708,7.81,0.000331698170291439,calcium_fluorescence,cinnamaldehyde,cinnamaldehyde,EC80,75.0,CHO,10.0,,compound_before_agonist,human | not_reported | calcium_fluorescence | cinnamaldehyde | EC80 | NA | CHO | compound_before_agonist | NA,9,,0,not_reported,verified_protocol,Paired patent table has 10- and 90-min hTRPA1 IC50; assay values match 10-min column.,1,False,True,True,,
28037912,4430157,CHEMBL5762662,CHEMBL5762662,Cn1cnc2ncn(Cc3nc([C@@H]4CO[C@@H](c5ccc(S(F)(F)(F)(F)F)cc5)C4)no3)c(=O)c21,CHEMBL5735474,CHEMBL5727828,2020,1560.0,nM,5.806875401645538,5.81,0.0031245983544616607,calcium_fluorescence,cinnamaldehyde,cinnamaldehyde,EC80,75.0,CHO,10.0,,compound_before_agonist,human | not_reported | calcium_fluorescence | cinnamaldehyde | EC80 | NA | CHO | compound_before_agonist | NA,9,,0,not_reported,verified_protocol,Paired patent table has 10- and 90-min hTRPA1 IC50; assay values match 10-min column.,1,False,True,True,,
28037918,4430158,CHEMBL5970978,CHEMBL5970978,Nc1ccc2c(=O)n(Cc3nc([C@@H]4CO[C@@H](c5ccc(Cl)cc5)C4)no3)ncc2n1,CHEMBL5735474,CHEMBL5727828,2020,10.5,nM,7.978810700930062,7.98,0.0011892990699386985,calcium_fluorescence,cinnamaldehyde,cinnamaldehyde,EC80,75.0,CHO,10.0,,compound_before_agonist,human | not_reported | calcium_fluorescence | cinnamaldehyde | EC80 | NA | CHO | compound_before_agonist | NA,9,,0,not_reported,verified_protocol,Paired patent table has 10- and 90-min hTRPA1 IC50; assay values match 10-min column.,1,False,True,True,,
28037924,4430159,CHEMBL5891906,CHEMBL5891906,CN1CCc2c(ncn(Cc3nc([C@@H]4CO[C@@H](c5ccc(Cl)cc5)C4)no3)c2=O)C1,CHEMBL5735474,CHEMBL5727828,2020,2720.0,nM,5.565431095965801,5.57,0.004568904034199406,calcium_fluorescence,cinnamaldehyde,cinnamaldehyde,EC80,75.0,CHO,10.0,,compound_before_agonist,human | not_reported | calcium_fluorescence | cinnamaldehyde | EC80 | NA | CHO | compound_before_agonist | NA,9,,0,not_reported,verified_protocol,Paired patent table has 10- and 90-min hTRPA1 IC50; assay values match 10-min column.,1,False,True,True,,
28037930,4430160,CHEMBL5870857,CHEMBL5870857,Nc1nc2ncccc2c(=O)n1Cc1nc([C@@H]2CO[C@@H](c3ccc(F)cc3)C2)no1,CHEMBL5735474,CHEMBL5727828,2020,18.7,nM,7.7281583934635005,7.73,0.0018416065364998957,calcium_fluorescence,cinnamaldehyde,cinnamaldehyde,EC80,75.0,CHO,10.0,,compound_before_agonist,human | not_reported | calcium_fluorescence | cinnamaldehyde | EC80 | NA | CHO | compound_before_agonist | NA,9,,0,not_reported,verified_protocol,Paired patent table has 10- and 90-min hTRPA1 IC50; assay values match 10-min column.,1,False,True,True,,
28037960,4430169,CHEMBL5784263,CHEMBL5784263,O=c1c2cccc(=O)n2ccn1Cc1nc([C@@H]2CO[C@@H](c3ccc(Cl)cc3)C2)no1,CHEMBL5735474,CHEMBL5727828,2020,6.4,nM,8.193820026016112,8.19,-0.003820026016112976,calcium_fluorescence,cinnamaldehyde,cinnamaldehyde,EC80,75.0,CHO,10.0,,compound_before_agonist,human | not_reported | calcium_fluorescence | cinnamaldehyde | EC80 | NA | CHO | compound_before_agonist | NA,9,,0,not_reported,verified_protocol,Paired patent table has 10- and 90-min hTRPA1 IC50; assay values match 10-min column.,1,False,True,True,,
28037966,4430170,CHEMBL5834480,CHEMBL5834480,O=c1ccn2c(=O)n(Cc3nc([C@@H]4CO[C@@H](c5ccc(Cl)cc5)C4)no3)ccc2n1,CHEMBL5735474,CHEMBL5727828,2020,15.4,nM,7.8124792791635365,7.81,-0.0024792791635368516,calcium_fluorescence,cinnamaldehyde,cinnamaldehyde,EC80,75.0,CHO,10.0,,compound_before_agonist,human | not_reported | calcium_fluorescence | cinnamaldehyde | EC80 | NA | CHO | compound_before_agonist | NA,9,,0,not_reported,verified_protocol,Paired patent table has 10- and 90-min hTRPA1 IC50; assay values match 10-min column.,1,False,True,True,,
28037972,4430171,CHEMBL5745808,CHEMBL5745808,Cc1cccc2nn(Cc3nc([C@@H]4CO[C@@H](c5ccc(Cl)cc5)C4)no3)c(=O)n12,CHEMBL5735474,CHEMBL5727828,2020,153.0,nM,6.815308569182401,6.82,0.004691430817599596,calcium_fluorescence,cinnamaldehyde,cinnamaldehyde,EC80,75.0,CHO,10.0,,compound_before_agonist,human | not_reported | calcium_fluorescence | cinnamaldehyde | EC80 | NA | CHO | compound_before_agonist | NA,9,,0,not_reported,verified_protocol,Paired patent table has 10- and 90-min hTRPA1 IC50; assay values match 10-min column.,1,False,True,True,,
28037978,4430172,CHEMBL5879244,CHEMBL5879244,Cc1nc(N2CCOCC2)n2ccn(Cc3nc([C@@H]4CO[C@@H](c5ccc(Cl)cc5)C4)no3)c(=O)c12,CHEMBL5735474,CHEMBL5727828,2020,123.0,nM,6.910094888560602,6.91,-9.48885606018024e-05,calcium_fluorescence,cinnamaldehyde,cinnamaldehyde,EC80,75.0,CHO,10.0,,compound_before_agonist,human | not_reported | calcium_fluorescence | cinnamaldehyde | EC80 | NA | CHO | compound_before_agonist | NA,9,,0,not_reported,verified_protocol,Paired patent table has 10- and 90-min hTRPA1 IC50; assay values match 10-min column.,1,False,True,True,,
28037984,4430173,CHEMBL5834811,CHEMBL5834811,Cn1cncc1C(=O)NCc1nc([C@H]2CO[C@H](c3ccc(Cl)cc3)C2)no1,CHEMBL5735474,CHEMBL5727828,2020,38.9,nM,7.410050398674292,7.41,-5.03986742916851e-05,calcium_fluorescence,cinnamaldehyde,cinnamaldehyde,EC80,75.0,CHO,10.0,,compound_before_agonist,human | not_reported | calcium_fluorescence | cinnamaldehyde | EC80 | NA | CHO | compound_before_agonist | NA,9,,0,not_reported,verified_protocol,Paired patent table has 10- and 90-min hTRPA1 IC50; assay values match 10-min column.,1,False,True,True,,
28037990,4430174,CHEMBL6040725,CHEMBL6040725,O=c1c2ccnnc2ncn1Cc1nc([C@@H]2CO[C@@H](c3ccc(F)cc3)C2)no1,CHEMBL5735474,CHEMBL5727828,2020,71.7,nM,7.1444808443322,7.14,-0.00448084433220064,calcium_fluorescence,cinnamaldehyde,cinnamaldehyde,EC80,75.0,CHO,10.0,,compound_before_agonist,human | not_reported | calcium_fluorescence | cinnamaldehyde | EC80 | NA | CHO | compound_before_agonist | NA,9,,0,not_reported,verified_protocol,Paired patent table has 10- and 90-min hTRPA1 IC50; assay values match 10-min column.,1,False,True,True,,
28037996,4430175,CHEMBL5763650,CHEMBL5763650,Cc1ccnc2cnn(Cc3nc([C@@H]4CO[C@@H](c5ccc(F)cc5)C4)no3)c(=O)c12,CHEMBL5735474,CHEMBL5727828,2020,7.2,nM,8.142667503568731,8.14,-0.002667503568730467,calcium_fluorescence,cinnamaldehyde,cinnamaldehyde,EC80,75.0,CHO,10.0,,compound_before_agonist,human | not_reported | calcium_fluorescence | cinnamaldehyde | EC80 | NA | CHO | compound_before_agonist | NA,9,,0,not_reported,verified_protocol,Paired patent table has 10- and 90-min hTRPA1 IC50; assay values match 10-min column.,1,False,True,True,,
28038002,4430176,CHEMBL6018274,CHEMBL6018274,Cc1nc(N(C)C)n2ncn(Cc3nc([C@@H]4CO[C@@H](c5ccc(Cl)cc5)C4)no3)c(=O)c12,CHEMBL5735474,CHEMBL5727828,2020,42.0,nM,7.376750709602099,7.38,0.0032492903979006726,calcium_fluorescence,cinnamaldehyde,cinnamaldehyde,EC80,75.0,CHO,10.0,,compound_before_agonist,human | not_reported | calcium_fluorescence | cinnamaldehyde | EC80 | NA | CHO | compound_before_agonist | NA,9,,0,not_reported,verified_protocol,Paired patent table has 10- and 90-min hTRPA1 IC50; assay values match 10-min column.,1,False,True,True,,
28038008,4430177,CHEMBL6036980,CHEMBL6036980,Cn1nnc2ccn(Cc3nc([C@@H]4CO[C@@H](c5ccc(F)cc5)C4)no3)c(=O)c21,CHEMBL5735474,CHEMBL5727828,2020,6.9,nM,8.161150909262744,8.16,-0.001150909262744193,calcium_fluorescence,cinnamaldehyde,cinnamaldehyde,EC80,75.0,CHO,10.0,,compound_before_agonist,human | not_reported | calcium_fluorescence | cinnamaldehyde | EC80 | NA | CHO | compound_before_agonist | NA,9,,0,not_reported,verified_protocol,Paired patent table has 10- and 90-min hTRPA1 IC50; assay values match 10-min column.,1,False,True,True,,
28038014,4430178,CHEMBL5900571,CHEMBL5900571,Cc1nc(Br)n2ncn(Cc3nc([C@@H]4CO[C@@H](c5ccc(Cl)cc5)C4)no3)c(=O)c12,CHEMBL5735474,CHEMBL5727828,2020,0.8,nM,9.096910013008056,9.1,0.0030899869919434053,calcium_fluorescence,cinnamaldehyde,cinnamaldehyde,EC80,75.0,CHO,10.0,,compound_before_agonist,human | not_reported | calcium_fluorescence | cinnamaldehyde | EC80 | NA | CHO | compound_before_agonist | NA,9,,0,not_reported,verified_protocol,Paired patent table has 10- and 90-min hTRPA1 IC50; assay values match 10-min column.,1,False,True,True,,
28038020,4430179,CHEMBL6017309,CHEMBL6017309,NC1=NC=CC2C(=O)N(Cc3nc([C@@H]4CO[C@@H](c5ccc(Cl)cc5)C4)no3)C=NC12,CHEMBL5735474,CHEMBL5727828,2020,76.9,nM,7.114073660198569,7.11,-0.004073660198568696,calcium_fluorescence,cinnamaldehyde,cinnamaldehyde,EC80,75.0,CHO,10.0,,compound_before_agonist,human | not_reported | calcium_fluorescence | cinnamaldehyde | EC80 | NA | CHO | compound_before_agonist | NA,9,,0,not_reported,verified_protocol,Paired patent table has 10- and 90-min hTRPA1 IC50; assay values match 10-min column.,1,False,True,True,,
28038026,4430180,CHEMBL5765205,CHEMBL5765205,Cc1nc2nc(C)n(C)c2c(=O)n1Cc1nc([C@@H]2CO[C@@H](c3ccc(Cl)cc3)C2)no1,CHEMBL5735474,CHEMBL5727828,2020,85.0,nM,7.070581074285707,7.07,-0.0005810742857068618,calcium_fluorescence,cinnamaldehyde,cinnamaldehyde,EC80,75.0,CHO,10.0,,compound_before_agonist,human | not_reported | calcium_fluorescence | cinnamaldehyde | EC80 | NA | CHO | compound_before_agonist | NA,9,,0,not_reported,verified_protocol,Paired patent table has 10- and 90-min hTRPA1 IC50; assay values match 10-min column.,1,False,True,True,,
28038032,4430082,CHEMBL5940975,CHEMBL5940975,Cc1nc2ncn(C)c2c(=O)n1Cc1nc([C@@H]2CO[C@@H](c3ccc(Cl)cc3)C2)no1,CHEMBL5735474,CHEMBL5727828,2020,9.32,nM,8.03058408764602,8.03,-0.0005840876460201372,calcium_fluorescence,cinnamaldehyde,cinnamaldehyde,EC80,75.0,CHO,10.0,,compound_before_agonist,human | not_reported | calcium_fluorescence | cinnamaldehyde | EC80 | NA | CHO | compound_before_agonist | NA,9,,0,not_reported,verified_protocol,Paired patent table has 10- and 90-min hTRPA1 IC50; assay values match 10-min column.,2,True,True,True,,
28038038,4430181,CHEMBL6035579,CHEMBL6035579,Cc1nc2[nH]c(=O)n(C)c2c(=O)n1Cc1nc([C@@H]2CO[C@@H](c3ccc(Cl)cc3)C2)no1,CHEMBL5735474,CHEMBL5727828,2020,85.8,nM,7.066512712151295,7.07,0.003487287848705556,calcium_fluorescence,cinnamaldehyde,cinnamaldehyde,EC80,75.0,CHO,10.0,,compound_before_agonist,human | not_reported | calcium_fluorescence | cinnamaldehyde | EC80 | NA | CHO | compound_before_agonist | NA,9,,0,not_reported,verified_protocol,Paired patent table has 10- and 90-min hTRPA1 IC50; assay values match 10-min column.,1,False,True,True,,
28038044,4430182,CHEMBL5992092,CHEMBL5992092,Nc1nc2nccnc2n1Cc1nc([C@@H]2CO[C@@H](c3ccc(Cl)cc3)C2)no1,CHEMBL5735474,CHEMBL5727828,2020,10.8,nM,7.966576244513051,7.97,0.003423755486949176,calcium_fluorescence,cinnamaldehyde,cinnamaldehyde,EC80,75.0,CHO,10.0,,compound_before_agonist,human | not_reported | calcium_fluorescence | cinnamaldehyde | EC80 | NA | CHO | compound_before_agonist | NA,9,,0,not_reported,verified_protocol,Paired patent table has 10- and 90-min hTRPA1 IC50; assay values match 10-min column.,1,False,True,True,,
28038050,4430183,CHEMBL5928378,CHEMBL5928378,Cc1nc2nc(N)n(C)c2c(=O)n1Cc1nc([C@@H]2CO[C@@H](c3ccc(Cl)cc3)C2)no1,CHEMBL5735474,CHEMBL5727828,2020,123.0,nM,6.910094888560602,6.91,-9.48885606018024e-05,calcium_fluorescence,cinnamaldehyde,cinnamaldehyde,EC80,75.0,CHO,10.0,,compound_before_agonist,human | not_reported | calcium_fluorescence | cinnamaldehyde | EC80 | NA | CHO | compound_before_agonist | NA,9,,0,not_reported,verified_protocol,Paired patent table has 10- and 90-min hTRPA1 IC50; assay values match 10-min column.,1,False,True,True,,
28038056,4430184,CHEMBL6016654,CHEMBL6016654,Cc1nc2nc(Cl)n(C)c2c(=O)n1Cc1nc([C@@H]2CO[C@@H](c3ccc(Cl)cc3)C2)no1,CHEMBL5735474,CHEMBL5727828,2020,37.8,nM,7.422508200162775,7.42,-0.002508200162774976,calcium_fluorescence,cinnamaldehyde,cinnamaldehyde,EC80,75.0,CHO,10.0,,compound_before_agonist,human | not_reported | calcium_fluorescence | cinnamaldehyde | EC80 | NA | CHO | compound_before_agonist | NA,9,,0,not_reported,verified_protocol,Paired patent table has 10- and 90-min hTRPA1 IC50; assay values match 10-min column.,1,False,True,True,,
28038062,4430185,CHEMBL5937792,CHEMBL5937792,N#Cc1cnn2ncn(Cc3nc([C@@H]4CO[C@@H](c5ccc(Cl)cc5)C4)no3)c(=O)c12,CHEMBL5735474,CHEMBL5727828,2020,94.9,nM,7.022733787572707,7.02,-0.002733787572707591,calcium_fluorescence,cinnamaldehyde,cinnamaldehyde,EC80,75.0,CHO,10.0,,compound_before_agonist,human | not_reported | calcium_fluorescence | cinnamaldehyde | EC80 | NA | CHO | compound_before_agonist | NA,9,,0,not_reported,verified_protocol,Paired patent table has 10- and 90-min hTRPA1 IC50; assay values match 10-min column.,1,False,True,True,,
28038068,4430186,CHEMBL6028368,CHEMBL6028368,Cn1cnc2c(C(N)=O)nn(Cc3nc([C@@H]4CO[C@@H](c5ccc(Cl)cc5)C4)no3)c(=O)c21,CHEMBL5735474,CHEMBL5727828,2020,76.5,nM,7.116338564846382,7.12,0.0036614351536181644,calcium_fluorescence,cinnamaldehyde,cinnamaldehyde,EC80,75.0,CHO,10.0,,compound_before_agonist,human | not_reported | calcium_fluorescence | cinnamaldehyde | EC80 | NA | CHO | compound_before_agonist | NA,9,,0,not_reported,verified_protocol,Paired patent table has 10- and 90-min hTRPA1 IC50; assay values match 10-min column.,1,False,True,True,,
28038074,4430187,CHEMBL6003728,CHEMBL6003728,Cc1n[nH]c2ncn(Cc3nc([C@@H]4CO[C@@H](c5ccc(Cl)cc5)C4)no3)c(=O)c12,CHEMBL5735474,CHEMBL5727828,2020,11.3,nM,7.94692155651658,7.95,0.0030784434834201235,calcium_fluorescence,cinnamaldehyde,cinnamaldehyde,EC80,75.0,CHO,10.0,,compound_before_agonist,human | not_reported | calcium_fluorescence | cinnamaldehyde | EC80 | NA | CHO | compound_before_agonist | NA,9,,0,not_reported,verified_protocol,Paired patent table has 10- and 90-min hTRPA1 IC50; assay values match 10-min column.,1,False,True,True,,
28038080,4430188,CHEMBL5808735,CHEMBL5808735,O=C1CCc2c(ncn(Cc3nc([C@@H]4CO[C@@H](c5ccc(Cl)cc5)C4)no3)c2=O)N1,CHEMBL5735474,CHEMBL5727828,2020,96.4,nM,7.015922966097169,7.02,0.004077033902830429,calcium_fluorescence,cinnamaldehyde,cinnamaldehyde,EC80,75.0,CHO,10.0,,compound_before_agonist,human | not_reported | calcium_fluorescence | cinnamaldehyde | EC80 | NA | CHO | compound_before_agonist | NA,9,,0,not_reported,verified_protocol,Paired patent table has 10- and 90-min hTRPA1 IC50; assay values match 10-min column.,1,False,True,True,,
28038086,4430189,CHEMBL5811232,CHEMBL5811232,Nc1nc2ncccc2c(=O)n1Cc1nc([C@@H]2CO[C@@H](c3cccc(F)c3)C2)no1,CHEMBL5735474,CHEMBL5727828,2020,31.9,nM,7.496209316942819,7.5,0.003790683057180999,calcium_fluorescence,cinnamaldehyde,cinnamaldehyde,EC80,75.0,CHO,10.0,,compound_before_agonist,human | not_reported | calcium_fluorescence | cinnamaldehyde | EC80 | NA | CHO | compound_before_agonist | NA,9,,0,not_reported,verified_protocol,Paired patent table has 10- and 90-min hTRPA1 IC50; assay values match 10-min column.,1,False,True,True,,
28038092,4430190,CHEMBL5830842,CHEMBL5830842,Cn1cnc2nc(Cl)n(Cc3nc([C@@H]4CO[C@@H](c5ccc(Cl)cc5)C4)no3)c(=O)c21,CHEMBL5735474,CHEMBL5727828,2020,29.4,nM,7.531652669587842,7.53,-0.0016526695878420483,calcium_fluorescence,cinnamaldehyde,cinnamaldehyde,EC80,75.0,CHO,10.0,,compound_before_agonist,human | not_reported | calcium_fluorescence | cinnamaldehyde | EC80 | NA | CHO | compound_before_agonist | NA,9,,0,not_reported,verified_protocol,Paired patent table has 10- and 90-min hTRPA1 IC50; assay values match 10-min column.,1,False,True,True,,
28038098,4430191,CHEMBL5932139,CHEMBL5932139,Cn1nncc1C(=O)NCc1nc([C@@H]2CO[C@@H](c3ccc(Cl)cc3)C2)no1,CHEMBL5735474,CHEMBL5727828,2020,111.0,nM,6.954677021213342,6.96,0.005322978786657551,calcium_fluorescence,cinnamaldehyde,cinnamaldehyde,EC80,75.0,CHO,10.0,,compound_before_agonist,human | not_reported | calcium_fluorescence | cinnamaldehyde | EC80 | NA | CHO | compound_before_agonist | NA,9,,0,not_reported,verified_protocol,Paired patent table has 10- and 90-min hTRPA1 IC50; assay values match 10-min column.,1,False,True,True,,
28038104,4430192,CHEMBL5917454,CHEMBL5917454,Cc1cnn2ncn(Cc3nc([C@@H]4CO[C@@H](c5ccc(C#N)cc5)C4)no3)c(=O)c12,CHEMBL5735474,CHEMBL5727828,2020,75.8,nM,7.120330794367947,7.12,-0.0003307943679464742,calcium_fluorescence,cinnamaldehyde,cinnamaldehyde,EC80,75.0,CHO,10.0,,compound_before_agonist,human | not_reported | calcium_fluorescence | cinnamaldehyde | EC80 | NA | CHO | compound_before_agonist | NA,9,,0,not_reported,verified_protocol,Paired patent table has 10- and 90-min hTRPA1 IC50; assay values match 10-min column.,1,False,True,True,,
28038110,4430193,CHEMBL6018348,CHEMBL6018348,Cn1cnc2nc(N)n(Cc3nc([C@@H]4CO[C@@H](c5ccc(Cl)cc5)C4)no3)c2c1=O,CHEMBL5735474,CHEMBL5727828,2020,126.0,nM,6.899629454882437,6.9,0.0003705451175637364,calcium_fluorescence,cinnamaldehyde,cinnamaldehyde,EC80,75.0,CHO,10.0,,compound_before_agonist,human | not_reported | calcium_fluorescence | cinnamaldehyde | EC80 | NA | CHO | compound_before_agonist | NA,9,,0,not_reported,verified_protocol,Paired patent table has 10- and 90-min hTRPA1 IC50; assay values match 10-min column.,1,False,True,True,,
28038116,4430194,CHEMBL5812244,CHEMBL5812244,O=c1ccc2c(=O)n(Cc3nc([C@@H]4CO[C@@H](c5ccc(Cl)cc5)C4)no3)cnc2[nH]1,CHEMBL5735474,CHEMBL5727828,2020,12.7,nM,7.896196279044043,7.9,0.0038037209559576013,calcium_fluorescence,cinnamaldehyde,cinnamaldehyde,EC80,75.0,CHO,10.0,,compound_before_agonist,human | not_reported | calcium_fluorescence | cinnamaldehyde | EC80 | NA | CHO | compound_before_agonist | NA,9,,0,not_reported,verified_protocol,Paired patent table has 10- and 90-min hTRPA1 IC50; assay values match 10-min column.,1,False,True,True,,
28038122,4430195,CHEMBL5818029,CHEMBL5818029,Cn1cnc2nc(N)n(Cc3nc([C@@H]4CO[C@@H](c5cccc(F)c5)C4)no3)c(=O)c21,CHEMBL5735474,CHEMBL5727828,2020,40.5,nM,7.392544976785332,7.39,-0.0025449767853320537,calcium_fluorescence,cinnamaldehyde,cinnamaldehyde,EC80,75.0,CHO,10.0,,compound_before_agonist,human | not_reported | calcium_fluorescence | cinnamaldehyde | EC80 | NA | CHO | compound_before_agonist | NA,9,,0,not_reported,verified_protocol,Paired patent table has 10- and 90-min hTRPA1 IC50; assay values match 10-min column.,1,False,True,True,,
28038128,4430196,CHEMBL5989737,CHEMBL5989737,Nc1nc2ncn(Cc3nc([C@@H]4CO[C@@H](c5ccc(F)cc5)C4)no3)c(=O)c2s1,CHEMBL5735474,CHEMBL5727828,2020,89.9,nM,7.046240308266771,7.05,0.003759691733228543,calcium_fluorescence,cinnamaldehyde,cinnamaldehyde,EC80,75.0,CHO,10.0,,compound_before_agonist,human | not_reported | calcium_fluorescence | cinnamaldehyde | EC80 | NA | CHO | compound_before_agonist | NA,9,,0,not_reported,verified_protocol,Paired patent table has 10- and 90-min hTRPA1 IC50; assay values match 10-min column.,1,False,True,True,,
28038134,4430197,CHEMBL6063069,CHEMBL6063069,Cc1cnn2nc(N)n(Cc3nc([C@@H]4CO[C@@H](c5cccc(F)c5)C4)no3)c(=O)c12,CHEMBL5735474,CHEMBL5727828,2020,17.9,nM,7.747146969020107,7.75,0.0028530309798933118,calcium_fluorescence,cinnamaldehyde,cinnamaldehyde,EC80,75.0,CHO,10.0,,compound_before_agonist,human | not_reported | calcium_fluorescence | cinnamaldehyde | EC80 | NA | CHO | compound_before_agonist | NA,9,,0,not_reported,verified_protocol,Paired patent table has 10- and 90-min hTRPA1 IC50; assay values match 10-min column.,1,False,True,True,,
28038140,4430198,CHEMBL5793890,CHEMBL5793890,Cc1cnc(N)n(Cc2nc([C@@H]3CO[C@@H](c4ccc(Cl)cc4)C3)no2)c1=O,CHEMBL5735474,CHEMBL5727828,2020,146.0,nM,6.835647144215563,6.84,0.004352855784437004,calcium_fluorescence,cinnamaldehyde,cinnamaldehyde,EC80,75.0,CHO,10.0,,compound_before_agonist,human | not_reported | calcium_fluorescence | cinnamaldehyde | EC80 | NA | CHO | compound_before_agonist | NA,9,,0,not_reported,verified_protocol,Paired patent table has 10- and 90-min hTRPA1 IC50; assay values match 10-min column.,1,False,True,True,,
28038146,4430199,CHEMBL5885390,CHEMBL5885390,Nc1nc2ncn(Cc3nc([C@@H]4CO[C@@H](c5ccc(Cl)cc5)C4)no3)c(=O)c2s1,CHEMBL5735474,CHEMBL5727828,2020,15.1,nM,7.82102305270683,7.82,-0.0010230527068300077,calcium_fluorescence,cinnamaldehyde,cinnamaldehyde,EC80,75.0,CHO,10.0,,compound_before_agonist,human | not_reported | calcium_fluorescence | cinnamaldehyde | EC80 | NA | CHO | compound_before_agonist | NA,9,,0,not_reported,verified_protocol,Paired patent table has 10- and 90-min hTRPA1 IC50; assay values match 10-min column.,1,False,True,True,,
28038152,4430200,CHEMBL5857567,CHEMBL5857567,Nc1nc(=O)c2cccnc2n1Cc1nc([C@@H]2CO[C@@H](c3ccc(F)cc3)C2)no1,CHEMBL5735474,CHEMBL5727828,2020,83.3,nM,7.079354998593212,7.08,0.0006450014067880261,calcium_fluorescence,cinnamaldehyde,cinnamaldehyde,EC80,75.0,CHO,10.0,,compound_before_agonist,human | not_reported | calcium_fluorescence | cinnamaldehyde | EC80 | NA | CHO | compound_before_agonist | NA,9,,0,not_reported,verified_protocol,Paired patent table has 10- and 90-min hTRPA1 IC50; assay values match 10-min column.,1,False,True,True,,
28038158,4430201,CHEMBL5976955,CHEMBL5976955,Cn1cnc2c(C#N)nn(Cc3nc([C@@H]4CO[C@@H](c5ccc(Cl)cc5)C4)no3)c(=O)c21,CHEMBL5735474,CHEMBL5727828,2020,7.42,nM,8.129596094720974,8.13,0.00040390527902722795,calcium_fluorescence,cinnamaldehyde,cinnamaldehyde,EC80,75.0,CHO,10.0,,compound_before_agonist,human | not_reported | calcium_fluorescence | cinnamaldehyde | EC80 | NA | CHO | compound_before_agonist | NA,9,,0,not_reported,verified_protocol,Paired patent table has 10- and 90-min hTRPA1 IC50; assay values match 10-min column.,1,False,True,True,,
28038164,4430077,CHEMBL4849329,CHEMBL4849329,Cn1cnc2ncn(Cc3nc([C@@H]4CO[C@@H](c5ccc(Cl)cc5)C4)no3)c(=O)c21,CHEMBL5735474,CHEMBL5727828,2020,7.43,nM,8.129011186239424,8.13,0.00098881376057669,calcium_fluorescence,cinnamaldehyde,cinnamaldehyde,EC80,75.0,CHO,10.0,,compound_before_agonist,human | not_reported | calcium_fluorescence | cinnamaldehyde | EC80 | NA | CHO | compound_before_agonist | NA,9,,0,not_reported,verified_protocol,Paired patent table has 10- and 90-min hTRPA1 IC50; assay values match 10-min column.,5,True,True,True,,
28038170,4430202,CHEMBL5867511,CHEMBL5867511,Cc1ccnc2nc(N)n(Cc3nc([C@@H]4CO[C@@H](c5ccc(F)cc5)C4)no3)c(=O)c12,CHEMBL5735474,CHEMBL5727828,2020,13.4,nM,7.872895201635192,7.87,-0.0028952016351917464,calcium_fluorescence,cinnamaldehyde,cinnamaldehyde,EC80,75.0,CHO,10.0,,compound_before_agonist,human | not_reported | calcium_fluorescence | cinnamaldehyde | EC80 | NA | CHO | compound_before_agonist | NA,9,,0,not_reported,verified_protocol,Paired patent table has 10- and 90-min hTRPA1 IC50; assay values match 10-min column.,1,False,True,True,,
28038176,4430203,CHEMBL5938422,CHEMBL5938422,Cc1ccnc2c1c(=O)nc(N)n2Cc1nc([C@@H]2CO[C@@H](c3ccc(Cl)cc3)C2)no1,CHEMBL5735474,CHEMBL5727828,2020,20.0,nM,7.698970004336019,7.7,0.0010299956639814312,calcium_fluorescence,cinnamaldehyde,cinnamaldehyde,EC80,75.0,CHO,10.0,,compound_before_agonist,human | not_reported | calcium_fluorescence | cinnamaldehyde | EC80 | NA | CHO | compound_before_agonist | NA,9,,0,not_reported,verified_protocol,Paired patent table has 10- and 90-min hTRPA1 IC50; assay values match 10-min column.,1,False,True,True,,
28038182,4430204,CHEMBL5975671,CHEMBL5975671,Cc1ccnc2nc(N)n(Cc3nc([C@@H]4CO[C@@H](c5ccc(Cl)cc5)C4)no3)c(=O)c12,CHEMBL5735474,CHEMBL5727828,2020,10.4,nM,7.982966660701219,7.98,-0.0029666607012188706,calcium_fluorescence,cinnamaldehyde,cinnamaldehyde,EC80,75.0,CHO,10.0,,compound_before_agonist,human | not_reported | calcium_fluorescence | cinnamaldehyde | EC80 | NA | CHO | compound_before_agonist | NA,9,,0,not_reported,verified_protocol,Paired patent table has 10- and 90-min hTRPA1 IC50; assay values match 10-min column.,1,False,True,True,,
28038188,4430205,CHEMBL5907836,CHEMBL5907836,Cn1cnc2nc(N)n(Cc3nc([C@@H]4CO[C@@H](c5ccc(C(F)(F)F)cc5)C4)no3)c(=O)c21,CHEMBL5735474,CHEMBL5727828,2020,97.3,nM,7.011887159731648,7.01,-0.0018871597316483246,calcium_fluorescence,cinnamaldehyde,cinnamaldehyde,EC80,75.0,CHO,10.0,,compound_before_agonist,human | not_reported | calcium_fluorescence | cinnamaldehyde | EC80 | NA | CHO | compound_before_agonist | NA,9,,0,not_reported,verified_protocol,Paired patent table has 10- and 90-min hTRPA1 IC50; assay values match 10-min column.,1,False,True,True,,
28038194,4430206,CHEMBL5786125,CHEMBL5786125,Cc1nc2ncn(C)c2c(=O)n1Cc1nc([C@@H]2CO[C@@H](c3ccc(F)cc3)C2)no1,CHEMBL5735474,CHEMBL5727828,2020,64.1,nM,7.193141970481182,7.19,-0.0031419704811819216,calcium_fluorescence,cinnamaldehyde,cinnamaldehyde,EC80,75.0,CHO,10.0,,compound_before_agonist,human | not_reported | calcium_fluorescence | cinnamaldehyde | EC80 | NA | CHO | compound_before_agonist | NA,9,,0,not_reported,verified_protocol,Paired patent table has 10- and 90-min hTRPA1 IC50; assay values match 10-min column.,1,False,True,True,,
28038200,4430207,CHEMBL5797572,CHEMBL5797572,Cc1cnn2ncn(Cc3nc([C@@H]4CO[C@@H](c5ccc6cnn(C)c6c5)C4)no3)c(=O)c12,CHEMBL5735474,CHEMBL5727828,2020,8.26,nM,8.083019952679617,8.08,-0.0030199526796170773,calcium_fluorescence,cinnamaldehyde,cinnamaldehyde,EC80,75.0,CHO,10.0,,compound_before_agonist,human | not_reported | calcium_fluorescence | cinnamaldehyde | EC80 | NA | CHO | compound_before_agonist | NA,9,,0,not_reported,verified_protocol,Paired patent table has 10- and 90-min hTRPA1 IC50; assay values match 10-min column.,1,False,True,True,,
28038206,4430208,CHEMBL6061994,CHEMBL6061994,Cc1cnn2ncn(Cc3nc([C@@H]4CO[C@@H](c5ccc6cn[nH]c6c5)C4)no3)c(=O)c12,CHEMBL5735474,CHEMBL5727828,2020,19.5,nM,7.709965388637482,7.71,3.461136251825536e-05,calcium_fluorescence,cinnamaldehyde,cinnamaldehyde,EC80,75.0,CHO,10.0,,compound_before_agonist,human | not_reported | calcium_fluorescence | cinnamaldehyde | EC80 | NA | CHO | compound_before_agonist | NA,9,,0,not_reported,verified_protocol,Paired patent table has 10- and 90-min hTRPA1 IC50; assay values match 10-min column.,1,False,True,True,,
28038212,4430209,CHEMBL6042892,CHEMBL6042892,Cn1nnc2cnn(Cc3nc([C@@H]4CO[C@@H](c5ccc(Cl)cc5)C4)no3)c(=O)c21,CHEMBL5735474,CHEMBL5727828,2020,80.1,nM,7.096367483915762,7.1,0.003632516084237203,calcium_fluorescence,cinnamaldehyde,cinnamaldehyde,EC80,75.0,CHO,10.0,,compound_before_agonist,human | not_reported | calcium_fluorescence | cinnamaldehyde | EC80 | NA | CHO | compound_before_agonist | NA,9,,0,not_reported,verified_protocol,Paired patent table has 10- and 90-min hTRPA1 IC50; assay values match 10-min column.,1,False,True,True,,
28038218,4430210,CHEMBL5895814,CHEMBL5895814,Cn1cnc2nnn(Cc3nc([C@@H]4CO[C@@H](c5ccc(Cl)cc5)C4)no3)c(=O)c21,CHEMBL5735474,CHEMBL5727828,2020,30.9,nM,7.510041520575165,7.51,-4.152057516559893e-05,calcium_fluorescence,cinnamaldehyde,cinnamaldehyde,EC80,75.0,CHO,10.0,,compound_before_agonist,human | not_reported | calcium_fluorescence | cinnamaldehyde | EC80 | NA | CHO | compound_before_agonist | NA,9,,0,not_reported,verified_protocol,Paired patent table has 10- and 90-min hTRPA1 IC50; assay values match 10-min column.,1,False,True,True,,
28038224,4430211,CHEMBL5773914,CHEMBL5773914,Cc1cnn2ncn(Cc3nc([C@@H]4CO[C@@H](c5ccc6ncsc6c5)C4)no3)c(=O)c12,CHEMBL5735474,CHEMBL5727828,2020,81.7,nM,7.087777943467584,7.09,0.002222056532415806,calcium_fluorescence,cinnamaldehyde,cinnamaldehyde,EC80,75.0,CHO,10.0,,compound_before_agonist,human | not_reported | calcium_fluorescence | cinnamaldehyde | EC80 | NA | CHO | compound_before_agonist | NA,9,,0,not_reported,verified_protocol,Paired patent table has 10- and 90-min hTRPA1 IC50; assay values match 10-min column.,1,False,True,True,,
28038230,4430212,CHEMBL5912945,CHEMBL5912945,Nc1nn2ncc(Cl)c2c(=O)n1Cc1nc([C@@H]2CO[C@@H](c3ccc(F)cc3)C2)no1,CHEMBL5735474,CHEMBL5727828,2020,56.9,nM,7.244887733604929,7.25,0.005112266395070897,calcium_fluorescence,cinnamaldehyde,cinnamaldehyde,EC80,75.0,CHO,10.0,,compound_before_agonist,human | not_reported | calcium_fluorescence | cinnamaldehyde | EC80 | NA | CHO | compound_before_agonist | NA,9,,0,not_reported,verified_protocol,Paired patent table has 10- and 90-min hTRPA1 IC50; assay values match 10-min column.,1,False,True,True,,
28038236,4430213,CHEMBL5813133,CHEMBL5813133,Cn1cnc2nc(N)n(Cc3nc([C@@H]4CO[C@@H](c5ccc(F)cc5)C4)no3)c(=O)c21,CHEMBL5735474,CHEMBL5727828,2020,56.9,nM,7.244887733604929,7.25,0.005112266395070897,calcium_fluorescence,cinnamaldehyde,cinnamaldehyde,EC80,75.0,CHO,10.0,,compound_before_agonist,human | not_reported | calcium_fluorescence | cinnamaldehyde | EC80 | NA | CHO | compound_before_agonist | NA,9,,0,not_reported,verified_protocol,Paired patent table has 10- and 90-min hTRPA1 IC50; assay values match 10-min column.,1,False,True,True,,
28038242,4430214,CHEMBL5768800,CHEMBL5768800,Cc1c(N)nn2ncn(Cc3nc([C@@H]4CO[C@@H](c5ccc(F)cc5)C4)no3)c(=O)c12,CHEMBL5735474,CHEMBL5727828,2020,9.28,nM,8.032452023781138,8.03,-0.0024520237811387346,calcium_fluorescence,cinnamaldehyde,cinnamaldehyde,EC80,75.0,CHO,10.0,,compound_before_agonist,human | not_reported | calcium_fluorescence | cinnamaldehyde | EC80 | NA | CHO | compound_before_agonist | NA,9,,0,not_reported,verified_protocol,Paired patent table has 10- and 90-min hTRPA1 IC50; assay values match 10-min column.,1,False,True,True,,
28038248,4430215,CHEMBL6043197,CHEMBL6043197,O=c1c2c(cnn1Cc1nc([C@@H]3CO[C@@H](c4ccc(Cl)cc4)C3)no1)CNCC2,CHEMBL5735474,CHEMBL5727828,2020,2600.0,nM,5.585026652029182,5.58,-0.005026652029181733,calcium_fluorescence,cinnamaldehyde,cinnamaldehyde,EC80,75.0,CHO,10.0,,compound_before_agonist,human | not_reported | calcium_fluorescence | cinnamaldehyde | EC80 | NA | CHO | compound_before_agonist | NA,9,,0,not_reported,verified_protocol,Paired patent table has 10- and 90-min hTRPA1 IC50; assay values match 10-min column.,1,False,True,True,,
28038254,4430216,CHEMBL5934054,CHEMBL5934054,O=c1c2cccnc2ncn1Cc1nc([C@@H]2CO[C@@H](c3ccc(F)cc3)C2)no1,CHEMBL5735474,CHEMBL5727828,2020,107.0,nM,6.97061622231479,6.97,-0.0006162223147905266,calcium_fluorescence,cinnamaldehyde,cinnamaldehyde,EC80,75.0,CHO,10.0,,compound_before_agonist,human | not_reported | calcium_fluorescence | cinnamaldehyde | EC80 | NA | CHO | compound_before_agonist | NA,9,,0,not_reported,verified_protocol,Paired patent table has 10- and 90-min hTRPA1 IC50; assay values match 10-min column.,1,False,True,True,,
28038260,4430143,CHEMBL6035384,CHEMBL6035384,Cc1cnn2ncn(Cc3nc([C@@H]4CO[C@@H](c5ccc(Cl)cn5)C4)no3)c(=O)c12,CHEMBL5735474,CHEMBL5727828,2020,21.3,nM,7.671620396561262,7.67,-0.0016203965612620053,calcium_fluorescence,cinnamaldehyde,cinnamaldehyde,EC80,75.0,CHO,10.0,,compound_before_agonist,human | not_reported | calcium_fluorescence | cinnamaldehyde | EC80 | NA | CHO | compound_before_agonist | NA,9,,0,not_reported,verified_protocol,Paired patent table has 10- and 90-min hTRPA1 IC50; assay values match 10-min column.,2,True,True,True,,
28038266,4430217,CHEMBL5997995,CHEMBL5997995,Nc1nn2c(C(F)(F)F)ncc2c(=O)n1Cc1nc([C@@H]2CO[C@@H](c3ccc(Cl)cc3)C2)no1,CHEMBL5735474,CHEMBL5727828,2020,4.48,nM,8.348721986001856,8.35,0.0012780139981440897,calcium_fluorescence,cinnamaldehyde,cinnamaldehyde,EC80,75.0,CHO,10.0,,compound_before_agonist,human | not_reported | calcium_fluorescence | cinnamaldehyde | EC80 | NA | CHO | compound_before_agonist | NA,9,,0,not_reported,verified_protocol,Paired patent table has 10- and 90-min hTRPA1 IC50; assay values match 10-min column.,1,False,True,True,,
28038272,4430218,CHEMBL5795423,CHEMBL5795423,Cn1ncc2nc(N)n(Cc3nc([C@@H]4CO[C@@H](c5ccc(Cl)cc5)C4)no3)c(=O)c21,CHEMBL5735474,CHEMBL5727828,2020,3.19,nM,8.496209316942819,8.5,0.003790683057180999,calcium_fluorescence,cinnamaldehyde,cinnamaldehyde,EC80,75.0,CHO,10.0,,compound_before_agonist,human | not_reported | calcium_fluorescence | cinnamaldehyde | EC80 | NA | CHO | compound_before_agonist | NA,9,,0,not_reported,verified_protocol,Paired patent table has 10- and 90-min hTRPA1 IC50; assay values match 10-min column.,1,False,True,True,,
28038278,4430219,CHEMBL5845011,CHEMBL5845011,Cn1ncc2ncn(Cc3nc([C@@H]4CO[C@@H](c5ccc(Cl)cc5)C4)no3)c(=O)c21,CHEMBL5735474,CHEMBL5727828,2020,47.0,nM,7.327902142064282,7.33,0.0020978579357180394,calcium_fluorescence,cinnamaldehyde,cinnamaldehyde,EC80,75.0,CHO,10.0,,compound_before_agonist,human | not_reported | calcium_fluorescence | cinnamaldehyde | EC80 | NA | CHO | compound_before_agonist | NA,9,,0,not_reported,verified_protocol,Paired patent table has 10- and 90-min hTRPA1 IC50; assay values match 10-min column.,1,False,True,True,,
28038284,4430220,CHEMBL5872045,CHEMBL5872045,Cc1nc2nc(N)n(Cc3nc([C@@H]4CO[C@@H](c5ccc(Cl)cc5)C4)no3)c(=O)c2n1C,CHEMBL5735474,CHEMBL5727828,2020,43.1,nM,7.3655227298392685,7.37,0.004477270160731628,calcium_fluorescence,cinnamaldehyde,cinnamaldehyde,EC80,75.0,CHO,10.0,,compound_before_agonist,human | not_reported | calcium_fluorescence | cinnamaldehyde | EC80 | NA | CHO | compound_before_agonist | NA,9,,0,not_reported,verified_protocol,Paired patent table has 10- and 90-min hTRPA1 IC50; assay values match 10-min column.,1,False,True,True,,
28038290,4430221,CHEMBL5896296,CHEMBL5896296,Cn1c(=O)oc2ncn(Cc3nc([C@@H]4CO[C@@H](c5ccc(Cl)cc5)C4)no3)c(=O)c21,CHEMBL5735474,CHEMBL5727828,2020,6.35,nM,8.197226274708024,8.2,0.002773725291975282,calcium_fluorescence,cinnamaldehyde,cinnamaldehyde,EC80,75.0,CHO,10.0,,compound_before_agonist,human | not_reported | calcium_fluorescence | cinnamaldehyde | EC80 | NA | CHO | compound_before_agonist | NA,9,,0,not_reported,verified_protocol,Paired patent table has 10- and 90-min hTRPA1 IC50; assay values match 10-min column.,1,False,True,True,,
28038299,4430223,CHEMBL6002716,CHEMBL6002716,Nc1nc2cccnc2n1Cc1nc([C@@H]2CO[C@@H](c3ccc(Cl)cc3)C2)no1,CHEMBL5735474,CHEMBL5727828,2020,10.3,nM,7.987162775294828,7.99,0.0028372247051722255,calcium_fluorescence,cinnamaldehyde,cinnamaldehyde,EC80,75.0,CHO,10.0,,compound_before_agonist,human | not_reported | calcium_fluorescence | cinnamaldehyde | EC80 | NA | CHO | compound_before_agonist | NA,9,,0,not_reported,verified_protocol,Paired patent table has 10- and 90-min hTRPA1 IC50; assay values match 10-min column.,1,False,True,True,,
28038305,4430224,CHEMBL5969034,CHEMBL5969034,Cn1nnc2nc(N)n(Cc3nc([C@@H]4CO[C@@H](c5ccc(Cl)cc5)C4)no3)c(=O)c21,CHEMBL5735474,CHEMBL5727828,2020,16.1,nM,7.79317412396815,7.79,-0.0031741239681499778,calcium_fluorescence,cinnamaldehyde,cinnamaldehyde,EC80,75.0,CHO,10.0,,compound_before_agonist,human | not_reported | calcium_fluorescence | cinnamaldehyde | EC80 | NA | CHO | compound_before_agonist | NA,9,,0,not_reported,verified_protocol,Paired patent table has 10- and 90-min hTRPA1 IC50; assay values match 10-min column.,1,False,True,True,,
28038311,4430225,CHEMBL5782958,CHEMBL5782958,Cn1cnc2nc(N)n(Cc3nc([C@@H]4CO[C@@H](c5ccc(F)cc5)C4)no3)c2c1=O,CHEMBL5735474,CHEMBL5727828,2020,470.0,nM,6.327902142064282,6.33,0.0020978579357180394,calcium_fluorescence,cinnamaldehyde,cinnamaldehyde,EC80,75.0,CHO,10.0,,compound_before_agonist,human | not_reported | calcium_fluorescence | cinnamaldehyde | EC80 | NA | CHO | compound_before_agonist | NA,9,,0,not_reported,verified_protocol,Paired patent table has 10- and 90-min hTRPA1 IC50; assay values match 10-min column.,1,False,True,True,,
28038317,4430226,CHEMBL5782035,CHEMBL5782035,Nc1nc2ncsc2c(=O)n1Cc1nc([C@@H]2CO[C@@H](c3ccc(Cl)cc3)C2)no1,CHEMBL5735474,CHEMBL5727828,2020,5.73,nM,8.24184537803261,8.24,-0.0018453780326090907,calcium_fluorescence,cinnamaldehyde,cinnamaldehyde,EC80,75.0,CHO,10.0,,compound_before_agonist,human | not_reported | calcium_fluorescence | cinnamaldehyde | EC80 | NA | CHO | compound_before_agonist | NA,9,,0,not_reported,verified_protocol,Paired patent table has 10- and 90-min hTRPA1 IC50; assay values match 10-min column.,1,False,True,True,,
28037435,4430077,CHEMBL4849329,CHEMBL4849329,Cn1cnc2ncn(Cc3nc([C@@H]4CO[C@@H](c5ccc(Cl)cc5)C4)no3)c(=O)c21,CHEMBL5735475,CHEMBL5727828,2020,0.88,nM,9.05551732784983,9.06,0.00448267215016962,calcium_fluorescence,cinnamaldehyde,cinnamaldehyde,EC80,75.0,CHO,90.0,,compound_before_agonist,human | not_reported | calcium_fluorescence | cinnamaldehyde | EC80 | NA | CHO | compound_before_agonist | NA,9,,0,not_reported,verified_protocol,Paired patent table has 10- and 90-min hTRPA1 IC50; assay values match 90-min column.,5,True,True,True,,
28037441,4430078,CHEMBL5076509,CHEMBL5076509,Cn1cnc2ncn(Cc3nc([C@@H]4CO[C@@H](c5ccc(F)cc5)C4)no3)c(=O)c21,CHEMBL5735475,CHEMBL5727828,2020,5.6,nM,8.2518119729938,8.25,-0.0018119729937993156,calcium_fluorescence,cinnamaldehyde,cinnamaldehyde,EC80,75.0,CHO,90.0,,compound_before_agonist,human | not_reported | calcium_fluorescence | cinnamaldehyde | EC80 | NA | CHO | compound_before_agonist | NA,9,,0,not_reported,verified_protocol,Paired patent table has 10- and 90-min hTRPA1 IC50; assay values match 90-min column.,2,True,True,True,,
28037447,4430079,CHEMBL5894849,CHEMBL5894849,Cc1cnn2nc(N)n(Cc3nc([C@@H]4CO[C@@H](c5ccc(F)cc5)C4)no3)c(=O)c12,CHEMBL5735475,CHEMBL5727828,2020,1.3,nM,8.886056647693163,8.89,0.003943352306837511,calcium_fluorescence,cinnamaldehyde,cinnamaldehyde,EC80,75.0,CHO,90.0,,compound_before_agonist,human | not_reported | calcium_fluorescence | cinnamaldehyde | EC80 | NA | CHO | compound_before_agonist | NA,9,,0,not_reported,verified_protocol,Paired patent table has 10- and 90-min hTRPA1 IC50; assay values match 90-min column.,1,False,True,True,,
28037453,4430080,CHEMBL5869397,CHEMBL5869397,Cc1cnn2nc(N)n(Cc3nc([C@@H]4CO[C@@H](c5ccc(Cl)cc5)C4)no3)c(=O)c12,CHEMBL5735475,CHEMBL5727828,2020,0.66,nM,9.18045606445813,9.18,-0.0004560644581310669,calcium_fluorescence,cinnamaldehyde,cinnamaldehyde,EC80,75.0,CHO,90.0,,compound_before_agonist,human | not_reported | calcium_fluorescence | cinnamaldehyde | EC80 | NA | CHO | compound_before_agonist | NA,9,,0,not_reported,verified_protocol,Paired patent table has 10- and 90-min hTRPA1 IC50; assay values match 90-min column.,1,False,True,True,,
28037459,4430077,CHEMBL4849329,CHEMBL4849329,Cn1cnc2ncn(Cc3nc([C@@H]4CO[C@@H](c5ccc(Cl)cc5)C4)no3)c(=O)c21,CHEMBL5735475,CHEMBL5727828,2020,3.1,nM,8.508638306165727,8.51,0.0013616938342728702,calcium_fluorescence,cinnamaldehyde,cinnamaldehyde,EC80,75.0,CHO,90.0,,compound_before_agonist,human | not_reported | calcium_fluorescence | cinnamaldehyde | EC80 | NA | CHO | compound_before_agonist | NA,9,,0,not_reported,verified_protocol,Paired patent table has 10- and 90-min hTRPA1 IC50; assay values match 90-min column.,5,True,True,True,,
28037465,4430077,CHEMBL4849329,CHEMBL4849329,Cn1cnc2ncn(Cc3nc([C@@H]4CO[C@@H](c5ccc(Cl)cc5)C4)no3)c(=O)c21,CHEMBL5735475,CHEMBL5727828,2020,4.3,nM,8.366531544420413,8.37,0.003468455579586305,calcium_fluorescence,cinnamaldehyde,cinnamaldehyde,EC80,75.0,CHO,90.0,,compound_before_agonist,human | not_reported | calcium_fluorescence | cinnamaldehyde | EC80 | NA | CHO | compound_before_agonist | NA,9,,0,not_reported,verified_protocol,Paired patent table has 10- and 90-min hTRPA1 IC50; assay values match 90-min column.,5,True,True,True,,
28037471,4430081,CHEMBL6047386,CHEMBL6047386,Cn1cnc2[nH]c(=O)n(Cc3nc([C@@H]4CO[C@@H](c5ccc(Cl)cc5)C4)no3)c(=O)c21,CHEMBL5735475,CHEMBL5727828,2020,23.0,nM,7.638272163982407,7.64,0.0017278360175927432,calcium_fluorescence,cinnamaldehyde,cinnamaldehyde,EC80,75.0,CHO,90.0,,compound_before_agonist,human | not_reported | calcium_fluorescence | cinnamaldehyde | EC80 | NA | CHO | compound_before_agonist | NA,9,,0,not_reported,verified_protocol,Paired patent table has 10- and 90-min hTRPA1 IC50; assay values match 90-min column.,1,False,True,True,,
28037477,4430082,CHEMBL5940975,CHEMBL5940975,Cc1nc2ncn(C)c2c(=O)n1Cc1nc([C@@H]2CO[C@@H](c3ccc(Cl)cc3)C2)no1,CHEMBL5735475,CHEMBL5727828,2020,4.1,nM,8.387216143280265,8.39,0.002783856719736022,calcium_fluorescence,cinnamaldehyde,cinnamaldehyde,EC80,75.0,CHO,90.0,,compound_before_agonist,human | not_reported | calcium_fluorescence | cinnamaldehyde | EC80 | NA | CHO | compound_before_agonist | NA,9,,0,not_reported,verified_protocol,Paired patent table has 10- and 90-min hTRPA1 IC50; assay values match 90-min column.,2,True,True,True,,
28037483,4430083,CHEMBL6039453,CHEMBL6039453,Cn1c(=O)[nH]c2ncn(Cc3nc([C@@H]4CO[C@@H](c5ccc(Cl)cc5)C4)no3)c(=O)c21,CHEMBL5735475,CHEMBL5727828,2020,11.0,nM,7.958607314841775,7.96,0.0013926851582253263,calcium_fluorescence,cinnamaldehyde,cinnamaldehyde,EC80,75.0,CHO,90.0,,compound_before_agonist,human | not_reported | calcium_fluorescence | cinnamaldehyde | EC80 | NA | CHO | compound_before_agonist | NA,9,,0,not_reported,verified_protocol,Paired patent table has 10- and 90-min hTRPA1 IC50; assay values match 90-min column.,1,False,True,True,,
28037489,4430084,CHEMBL5872092,CHEMBL5872092,Cn1cnc2ncn(Cc3nc([C@@H]4CO[C@@H](c5cccc(F)c5)C4)no3)c(=O)c21,CHEMBL5735475,CHEMBL5727828,2020,17.0,nM,7.769551078621726,7.77,0.00044892137827368117,calcium_fluorescence,cinnamaldehyde,cinnamaldehyde,EC80,75.0,CHO,90.0,,compound_before_agonist,human | not_reported | calcium_fluorescence | cinnamaldehyde | EC80 | NA | CHO | compound_before_agonist | NA,9,,0,not_reported,verified_protocol,Paired patent table has 10- and 90-min hTRPA1 IC50; assay values match 90-min column.,1,False,True,True,,
28037495,4430085,CHEMBL5945569,CHEMBL5945569,O=c1c2cccnc2cnn1Cc1nc([C@@H]2CO[C@@H](c3ccc(F)cc3)C2)no1,CHEMBL5735475,CHEMBL5727828,2020,13.0,nM,7.886056647693163,7.89,0.003943352306836623,calcium_fluorescence,cinnamaldehyde,cinnamaldehyde,EC80,75.0,CHO,90.0,,compound_before_agonist,human | not_reported | calcium_fluorescence | cinnamaldehyde | EC80 | NA | CHO | compound_before_agonist | NA,9,,0,not_reported,verified_protocol,Paired patent table has 10- and 90-min hTRPA1 IC50; assay values match 90-min column.,1,False,True,True,,
28037501,4430086,CHEMBL6024610,CHEMBL6024610,Cn1nnc2ncn(Cc3nc([C@@H]4CO[C@@H](c5ccc(F)cc5)C4)no3)c(=O)c21,CHEMBL5735475,CHEMBL5727828,2020,3.4,nM,8.468521082957745,8.47,0.0014789170422560005,calcium_fluorescence,cinnamaldehyde,cinnamaldehyde,EC80,75.0,CHO,90.0,,compound_before_agonist,human | not_reported | calcium_fluorescence | cinnamaldehyde | EC80 | NA | CHO | compound_before_agonist | NA,9,,0,not_reported,verified_protocol,Paired patent table has 10- and 90-min hTRPA1 IC50; assay values match 90-min column.,1,False,True,True,,
28037507,4430087,CHEMBL5910703,CHEMBL5910703,Cn1cnc2ncn(Cc3nc([C@@H]4CO[C@@H](c5ccccc5)C4)no3)c(=O)c21,CHEMBL5735475,CHEMBL5727828,2020,33.0,nM,7.481486060122112,7.48,-0.0014860601221116099,calcium_fluorescence,cinnamaldehyde,cinnamaldehyde,EC80,75.0,CHO,90.0,,compound_before_agonist,human | not_reported | calcium_fluorescence | cinnamaldehyde | EC80 | NA | CHO | compound_before_agonist | NA,9,,0,not_reported,verified_protocol,Paired patent table has 10- and 90-min hTRPA1 IC50; assay values match 90-min column.,1,False,True,True,,
28037513,4430088,CHEMBL5905634,CHEMBL5905634,Cn1cnc2ncn(Cc3nc([C@@H]4CO[C@@H](c5ccccc5Cl)C4)no3)c(=O)c21,CHEMBL5735475,CHEMBL5727828,2020,160.0,nM,6.795880017344075,6.8,0.0041199826559248365,calcium_fluorescence,cinnamaldehyde,cinnamaldehyde,EC80,75.0,CHO,90.0,,compound_before_agonist,human | not_reported | calcium_fluorescence | cinnamaldehyde | EC80 | NA | CHO | compound_before_agonist | NA,9,,0,not_reported,verified_protocol,Paired patent table has 10- and 90-min hTRPA1 IC50; assay values match 90-min column.,1,False,True,True,,
28037519,4430089,CHEMBL5747637,CHEMBL5747637,Cn1cnc2ncn(Cc3nc([C@@H]4CO[C@@H](c5ccccc5F)C4)no3)c(=O)c21,CHEMBL5735475,CHEMBL5727828,2020,59.0,nM,7.229147988357855,7.23,0.0008520116421451007,calcium_fluorescence,cinnamaldehyde,cinnamaldehyde,EC80,75.0,CHO,90.0,,compound_before_agonist,human | not_reported | calcium_fluorescence | cinnamaldehyde | EC80 | NA | CHO | compound_before_agonist | NA,9,,0,not_reported,verified_protocol,Paired patent table has 10- and 90-min hTRPA1 IC50; assay values match 90-min column.,1,False,True,True,,
28037525,4430090,CHEMBL5956384,CHEMBL5956384,Cn1nnc2ncn(Cc3nc([C@@H]4CO[C@@H](c5ccc(Cl)cc5)C4)no3)c(=O)c21,CHEMBL5735475,CHEMBL5727828,2020,2.7,nM,8.568636235841012,8.57,0.00136376415898809,calcium_fluorescence,cinnamaldehyde,cinnamaldehyde,EC80,75.0,CHO,90.0,,compound_before_agonist,human | not_reported | calcium_fluorescence | cinnamaldehyde | EC80 | NA | CHO | compound_before_agonist | NA,9,,0,not_reported,verified_protocol,Paired patent table has 10- and 90-min hTRPA1 IC50; assay values match 90-min column.,1,False,True,True,,
28037531,4430091,CHEMBL5857891,CHEMBL5857891,Cn1cnc2ncn(Cc3nc([C@@H]4CO[C@@H](c5cccc(Cl)c5)C4)no3)c(=O)c21,CHEMBL5735475,CHEMBL5727828,2020,14.0,nM,7.853871964321762,7.85,-0.003871964321762178,calcium_fluorescence,cinnamaldehyde,cinnamaldehyde,EC80,75.0,CHO,90.0,,compound_before_agonist,human | not_reported | calcium_fluorescence | cinnamaldehyde | EC80 | NA | CHO | compound_before_agonist | NA,9,,0,not_reported,verified_protocol,Paired patent table has 10- and 90-min hTRPA1 IC50; assay values match 90-min column.,1,False,True,True,,
28037537,4430092,CHEMBL5762816,CHEMBL5762816,Cn1cnc2ncn(Cc3nc([C@@H]4CO[C@@H](c5ccc(F)c(F)c5)C4)no3)c(=O)c21,CHEMBL5735475,CHEMBL5727828,2020,130.0,nM,6.886056647693163,6.89,0.003943352306836623,calcium_fluorescence,cinnamaldehyde,cinnamaldehyde,EC80,75.0,CHO,90.0,,compound_before_agonist,human | not_reported | calcium_fluorescence | cinnamaldehyde | EC80 | NA | CHO | compound_before_agonist | NA,9,,0,not_reported,verified_protocol,Paired patent table has 10- and 90-min hTRPA1 IC50; assay values match 90-min column.,1,False,True,True,,
28037543,4430093,CHEMBL5799445,CHEMBL5799445,Cn1cnc2ncn(Cc3nc([C@@H]4CO[C@@H](c5ccc(OC(F)F)cc5)C4)no3)c(=O)c21,CHEMBL5735475,CHEMBL5727828,2020,110.0,nM,6.958607314841775,6.96,0.0013926851582253263,calcium_fluorescence,cinnamaldehyde,cinnamaldehyde,EC80,75.0,CHO,90.0,,compound_before_agonist,human | not_reported | calcium_fluorescence | cinnamaldehyde | EC80 | NA | CHO | compound_before_agonist | NA,9,,0,not_reported,verified_protocol,Paired patent table has 10- and 90-min hTRPA1 IC50; assay values match 90-min column.,1,False,True,True,,
28037549,4430094,CHEMBL6001211,CHEMBL6001211,Cc1ccnc2ncn(Cc3nc([C@@H]4CO[C@@H](c5ccc(F)cc5)C4)no3)c(=O)c12,CHEMBL5735475,CHEMBL5727828,2020,3.6,nM,8.443697499232712,8.44,-0.0036974992327127865,calcium_fluorescence,cinnamaldehyde,cinnamaldehyde,EC80,75.0,CHO,90.0,,compound_before_agonist,human | not_reported | calcium_fluorescence | cinnamaldehyde | EC80 | NA | CHO | compound_before_agonist | NA,9,,0,not_reported,verified_protocol,Paired patent table has 10- and 90-min hTRPA1 IC50; assay values match 90-min column.,1,False,True,True,,
28037555,4430095,CHEMBL6038964,CHEMBL6038964,Cn1cnc2ncn(Cc3nc([C@@H]4CO[C@@H](c5ccc(OC(F)(F)F)cc5)C4)no3)c(=O)c21,CHEMBL5735475,CHEMBL5727828,2020,67.0,nM,7.173925197299173,7.17,-0.003925197299173178,calcium_fluorescence,cinnamaldehyde,cinnamaldehyde,EC80,75.0,CHO,90.0,,compound_before_agonist,human | not_reported | calcium_fluorescence | cinnamaldehyde | EC80 | NA | CHO | compound_before_agonist | NA,9,,0,not_reported,verified_protocol,Paired patent table has 10- and 90-min hTRPA1 IC50; assay values match 90-min column.,1,False,True,True,,
28037561,4430096,CHEMBL6016416,CHEMBL6016416,Cn1c(N)nc2ncn(Cc3nc([C@@H]4CO[C@@H](c5ccc(F)cc5)C4)no3)c(=O)c21,CHEMBL5735475,CHEMBL5727828,2020,19.0,nM,7.721246399047171,7.72,-0.001246399047171387,calcium_fluorescence,cinnamaldehyde,cinnamaldehyde,EC80,75.0,CHO,90.0,,compound_before_agonist,human | not_reported | calcium_fluorescence | cinnamaldehyde | EC80 | NA | CHO | compound_before_agonist | NA,9,,0,not_reported,verified_protocol,Paired patent table has 10- and 90-min hTRPA1 IC50; assay values match 90-min column.,1,False,True,True,,
28037567,4430097,CHEMBL5861996,CHEMBL5861996,Cn1cnc2c(C#N)nn(Cc3nc([C@@H]4CO[C@@H](c5ccc(Cl)cc5)C4)no3)c2c1=O,CHEMBL5735475,CHEMBL5727828,2020,24.0,nM,7.619788758288394,7.62,0.0002112417116064691,calcium_fluorescence,cinnamaldehyde,cinnamaldehyde,EC80,75.0,CHO,90.0,,compound_before_agonist,human | not_reported | calcium_fluorescence | cinnamaldehyde | EC80 | NA | CHO | compound_before_agonist | NA,9,,0,not_reported,verified_protocol,Paired patent table has 10- and 90-min hTRPA1 IC50; assay values match 90-min column.,1,False,True,True,,
28037573,4430098,CHEMBL6025994,CHEMBL6025994,O=c1c2cccnc2cnn1Cc1nc([C@@H]2CO[C@@H](c3ccc(Cl)cc3)C2)no1,CHEMBL5735475,CHEMBL5727828,2020,4.9,nM,8.309803919971486,8.31,0.00019608002851434492,calcium_fluorescence,cinnamaldehyde,cinnamaldehyde,EC80,75.0,CHO,90.0,,compound_before_agonist,human | not_reported | calcium_fluorescence | cinnamaldehyde | EC80 | NA | CHO | compound_before_agonist | NA,9,,0,not_reported,verified_protocol,Paired patent table has 10- and 90-min hTRPA1 IC50; assay values match 90-min column.,1,False,True,True,,
28037579,4430099,CHEMBL5877962,CHEMBL5877962,O=c1c2cccnc2ncn1Cc1nc([C@@H]2CO[C@@H](c3ccc(Cl)cc3)C2)no1,CHEMBL5735475,CHEMBL5727828,2020,5.7,nM,8.244125144327509,8.24,-0.004125144327508323,calcium_fluorescence,cinnamaldehyde,cinnamaldehyde,EC80,75.0,CHO,90.0,,compound_before_agonist,human | not_reported | calcium_fluorescence | cinnamaldehyde | EC80 | NA | CHO | compound_before_agonist | NA,9,,0,not_reported,verified_protocol,Paired patent table has 10- and 90-min hTRPA1 IC50; assay values match 90-min column.,1,False,True,True,,
28037585,4430100,CHEMBL5947433,CHEMBL5947433,Cn1c(N)nc2ncn(Cc3nc([C@@H]4CO[C@@H](c5ccc(Cl)cc5)C4)no3)c(=O)c21,CHEMBL5735475,CHEMBL5727828,2020,9.7,nM,8.013228265733755,8.01,-0.003228265733755009,calcium_fluorescence,cinnamaldehyde,cinnamaldehyde,EC80,75.0,CHO,90.0,,compound_before_agonist,human | not_reported | calcium_fluorescence | cinnamaldehyde | EC80 | NA | CHO | compound_before_agonist | NA,9,,0,not_reported,verified_protocol,Paired patent table has 10- and 90-min hTRPA1 IC50; assay values match 90-min column.,1,False,True,True,,
28037591,4430101,CHEMBL6026042,CHEMBL6026042,Cc1ccc([C@H]2C[C@H](c3noc(Cn4cnc5ncn(C)c5c4=O)n3)CO2)cc1,CHEMBL5735475,CHEMBL5727828,2020,5.7,nM,8.244125144327509,8.24,-0.004125144327508323,calcium_fluorescence,cinnamaldehyde,cinnamaldehyde,EC80,75.0,CHO,90.0,,compound_before_agonist,human | not_reported | calcium_fluorescence | cinnamaldehyde | EC80 | NA | CHO | compound_before_agonist | NA,9,,0,not_reported,verified_protocol,Paired patent table has 10- and 90-min hTRPA1 IC50; assay values match 90-min column.,1,False,True,True,,
28037597,4430102,CHEMBL5912314,CHEMBL5912314,Nc1ccc2c(=O)n(Cc3nc([C@@H]4CO[C@@H](c5ccc(Cl)cc5)C4)no3)cnc2n1,CHEMBL5735475,CHEMBL5727828,2020,3.9,nM,8.4089353929735,8.41,0.0010646070264996865,calcium_fluorescence,cinnamaldehyde,cinnamaldehyde,EC80,75.0,CHO,90.0,,compound_before_agonist,human | not_reported | calcium_fluorescence | cinnamaldehyde | EC80 | NA | CHO | compound_before_agonist | NA,9,,0,not_reported,verified_protocol,Paired patent table has 10- and 90-min hTRPA1 IC50; assay values match 90-min column.,1,False,True,True,,
28037603,4430103,CHEMBL5990285,CHEMBL5990285,Cn1cnc2ncn(Cc3nc([C@@H]4CO[C@@H](c5ccc(Br)cc5)C4)no3)c(=O)c21,CHEMBL5735475,CHEMBL5727828,2020,1.8,nM,8.744727494896694,8.74,-0.0047274948966933295,calcium_fluorescence,cinnamaldehyde,cinnamaldehyde,EC80,75.0,CHO,90.0,,compound_before_agonist,human | not_reported | calcium_fluorescence | cinnamaldehyde | EC80 | NA | CHO | compound_before_agonist | NA,9,,0,not_reported,verified_protocol,Paired patent table has 10- and 90-min hTRPA1 IC50; assay values match 90-min column.,1,False,True,True,,
28037609,4430104,CHEMBL6013780,CHEMBL6013780,Cn1cnc2ncn(Cc3nc([C@@H]4CO[C@@H](c5ccc(-c6ccccc6)cc5)C4)no3)c(=O)c21,CHEMBL5735475,CHEMBL5727828,2020,370.0,nM,6.431798275933005,6.43,-0.0017982759330053,calcium_fluorescence,cinnamaldehyde,cinnamaldehyde,EC80,75.0,CHO,90.0,,compound_before_agonist,human | not_reported | calcium_fluorescence | cinnamaldehyde | EC80 | NA | CHO | compound_before_agonist | NA,9,,0,not_reported,verified_protocol,Paired patent table has 10- and 90-min hTRPA1 IC50; assay values match 90-min column.,1,False,True,True,,
28037615,4430105,CHEMBL5774116,CHEMBL5774116,Cn1cnc2ncn(Cc3nc([C@@H]4CO[C@@H](c5ccc(Cl)c(Cl)c5)C4)no3)c(=O)c21,CHEMBL5735475,CHEMBL5727828,2020,7.8,nM,8.10790539730952,8.11,0.0020946026904802295,calcium_fluorescence,cinnamaldehyde,cinnamaldehyde,EC80,75.0,CHO,90.0,,compound_before_agonist,human | not_reported | calcium_fluorescence | cinnamaldehyde | EC80 | NA | CHO | compound_before_agonist | NA,9,,0,not_reported,verified_protocol,Paired patent table has 10- and 90-min hTRPA1 IC50; assay values match 90-min column.,1,False,True,True,,
28037621,4430106,CHEMBL5896686,CHEMBL5896686,Cn1cnc2ncn(Cc3nc([C@@H]4CO[C@@H](c5ccc(Cl)c(F)c5)C4)no3)c(=O)c21,CHEMBL5735475,CHEMBL5727828,2020,2.0,nM,8.698970004336019,8.7,0.001029995663980543,calcium_fluorescence,cinnamaldehyde,cinnamaldehyde,EC80,75.0,CHO,90.0,,compound_before_agonist,human | not_reported | calcium_fluorescence | cinnamaldehyde | EC80 | NA | CHO | compound_before_agonist | NA,9,,0,not_reported,verified_protocol,Paired patent table has 10- and 90-min hTRPA1 IC50; assay values match 90-min column.,1,False,True,True,,
28037627,4430107,CHEMBL5954309,CHEMBL5954309,Cn1cnc2ncn(Cc3nc([C@@H]4CO[C@@H](c5ccc6ccccc6c5)C4)no3)c(=O)c21,CHEMBL5735475,CHEMBL5727828,2020,2.4,nM,8.619788758288394,8.62,0.00021124171160558092,calcium_fluorescence,cinnamaldehyde,cinnamaldehyde,EC80,75.0,CHO,90.0,,compound_before_agonist,human | not_reported | calcium_fluorescence | cinnamaldehyde | EC80 | NA | CHO | compound_before_agonist | NA,9,,0,not_reported,verified_protocol,Paired patent table has 10- and 90-min hTRPA1 IC50; assay values match 90-min column.,1,False,True,True,,
28037633,4430108,CHEMBL6001322,CHEMBL6001322,Cn1cnc2ncn(Cc3nc([C@@H]4CO[C@@H](c5cc(F)cc(F)c5)C4)no3)c(=O)c21,CHEMBL5735475,CHEMBL5727828,2020,28.0,nM,7.552841968657781,7.55,-0.002841968657780747,calcium_fluorescence,cinnamaldehyde,cinnamaldehyde,EC80,75.0,CHO,90.0,,compound_before_agonist,human | not_reported | calcium_fluorescence | cinnamaldehyde | EC80 | NA | CHO | compound_before_agonist | NA,9,,0,not_reported,verified_protocol,Paired patent table has 10- and 90-min hTRPA1 IC50; assay values match 90-min column.,1,False,True,True,,
28037639,4430109,CHEMBL5859911,CHEMBL5859911,Cn1cnc2ncn(Cc3nc([C@@H]4CO[C@@H](c5ccc(F)c(Cl)c5)C4)no3)c(=O)c21,CHEMBL5735475,CHEMBL5727828,2020,3.6,nM,8.443697499232712,8.44,-0.0036974992327127865,calcium_fluorescence,cinnamaldehyde,cinnamaldehyde,EC80,75.0,CHO,90.0,,compound_before_agonist,human | not_reported | calcium_fluorescence | cinnamaldehyde | EC80 | NA | CHO | compound_before_agonist | NA,9,,0,not_reported,verified_protocol,Paired patent table has 10- and 90-min hTRPA1 IC50; assay values match 90-min column.,1,False,True,True,,
28037645,4430078,CHEMBL5076509,CHEMBL5076509,Cn1cnc2ncn(Cc3nc([C@@H]4CO[C@@H](c5ccc(F)cc5)C4)no3)c(=O)c21,CHEMBL5735475,CHEMBL5727828,2020,6.6,nM,8.18045606445813,8.18,-0.0004560644581310669,calcium_fluorescence,cinnamaldehyde,cinnamaldehyde,EC80,75.0,CHO,90.0,,compound_before_agonist,human | not_reported | calcium_fluorescence | cinnamaldehyde | EC80 | NA | CHO | compound_before_agonist | NA,9,,0,not_reported,verified_protocol,Paired patent table has 10- and 90-min hTRPA1 IC50; assay values match 90-min column.,2,True,True,True,,
28037651,4430110,CHEMBL5929533,CHEMBL5929533,Cn1cnc2ncn(Cc3nc([C@@H]4CO[C@@H](c5ccc(C#N)cc5)C4)no3)c(=O)c21,CHEMBL5735475,CHEMBL5727828,2020,52.0,nM,7.2839966563652006,7.28,-0.003996656365200302,calcium_fluorescence,cinnamaldehyde,cinnamaldehyde,EC80,75.0,CHO,90.0,,compound_before_agonist,human | not_reported | calcium_fluorescence | cinnamaldehyde | EC80 | NA | CHO | compound_before_agonist | NA,9,,0,not_reported,verified_protocol,Paired patent table has 10- and 90-min hTRPA1 IC50; assay values match 90-min column.,1,False,True,True,,
28037657,4430111,CHEMBL5994890,CHEMBL5994890,Cn1cnc2ncn(Cc3nc([C@@H]4CO[C@@H](c5ccc(C(F)(F)F)cc5)C4)no3)c(=O)c21,CHEMBL5735475,CHEMBL5727828,2020,29.0,nM,7.537602002101044,7.54,0.0023979978989556727,calcium_fluorescence,cinnamaldehyde,cinnamaldehyde,EC80,75.0,CHO,90.0,,compound_before_agonist,human | not_reported | calcium_fluorescence | cinnamaldehyde | EC80 | NA | CHO | compound_before_agonist | NA,9,,0,not_reported,verified_protocol,Paired patent table has 10- and 90-min hTRPA1 IC50; assay values match 90-min column.,1,False,True,True,,
28037663,4430112,CHEMBL5952117,CHEMBL5952117,Cn1cnc2ccn(Cc3nc([C@@H]4CO[C@@H](c5ccc(Cl)cc5)C4)no3)c(=O)c21,CHEMBL5735475,CHEMBL5727828,2020,0.42,nM,9.3767507096021,9.38,0.003249290397901561,calcium_fluorescence,cinnamaldehyde,cinnamaldehyde,EC80,75.0,CHO,90.0,,compound_before_agonist,human | not_reported | calcium_fluorescence | cinnamaldehyde | EC80 | NA | CHO | compound_before_agonist | NA,9,,0,not_reported,verified_protocol,Paired patent table has 10- and 90-min hTRPA1 IC50; assay values match 90-min column.,1,False,True,True,,
28037669,4430113,CHEMBL5853140,CHEMBL5853140,Cn1cnc2ncn(Cc3nc([C@@H]4CO[C@@H](c5cc(F)c(F)c(F)c5)C4)no3)c(=O)c21,CHEMBL5735475,CHEMBL5727828,2020,11.0,nM,7.958607314841775,7.96,0.0013926851582253263,calcium_fluorescence,cinnamaldehyde,cinnamaldehyde,EC80,75.0,CHO,90.0,,compound_before_agonist,human | not_reported | calcium_fluorescence | cinnamaldehyde | EC80 | NA | CHO | compound_before_agonist | NA,9,,0,not_reported,verified_protocol,Paired patent table has 10- and 90-min hTRPA1 IC50; assay values match 90-min column.,1,False,True,True,,
28037675,4430114,CHEMBL6024613,CHEMBL6024613,Cn1cnc2ncn(Cc3nc([C@@H]4CO[C@@H](c5ccc(Cl)cn5)C4)no3)c(=O)c21,CHEMBL5735475,CHEMBL5727828,2020,170.0,nM,6.769551078621726,6.77,0.00044892137827368117,calcium_fluorescence,cinnamaldehyde,cinnamaldehyde,EC80,75.0,CHO,90.0,,compound_before_agonist,human | not_reported | calcium_fluorescence | cinnamaldehyde | EC80 | NA | CHO | compound_before_agonist | NA,9,,0,not_reported,verified_protocol,Paired patent table has 10- and 90-min hTRPA1 IC50; assay values match 90-min column.,1,False,True,True,,
28037681,4430115,CHEMBL5914099,CHEMBL5914099,Cn1cnc2ncn(Cc3nc([C@@H]4CO[C@@](C)(c5ccc(Cl)cc5)C4)no3)c(=O)c21,CHEMBL5735475,CHEMBL5727828,2020,2200.0,nM,5.657577319177793,5.66,0.0024226808222067575,calcium_fluorescence,cinnamaldehyde,cinnamaldehyde,EC80,75.0,CHO,90.0,,compound_before_agonist,human | not_reported | calcium_fluorescence | cinnamaldehyde | EC80 | NA | CHO | compound_before_agonist | NA,9,,0,not_reported,verified_protocol,Paired patent table has 10- and 90-min hTRPA1 IC50; assay values match 90-min column.,1,False,True,True,,
28037687,4430116,CHEMBL6062464,CHEMBL6062464,Cn1cnc2ncn(Cc3nc([C@@H]4CO[C@@]5(Cc6ccccc65)C4)no3)c(=O)c21,CHEMBL5735475,CHEMBL5727828,2020,140.0,nM,6.853871964321762,6.85,-0.003871964321762178,calcium_fluorescence,cinnamaldehyde,cinnamaldehyde,EC80,75.0,CHO,90.0,,compound_before_agonist,human | not_reported | calcium_fluorescence | cinnamaldehyde | EC80 | NA | CHO | compound_before_agonist | NA,9,,0,not_reported,verified_protocol,Paired patent table has 10- and 90-min hTRPA1 IC50; assay values match 90-min column.,1,False,True,True,,
28037693,4430117,CHEMBL5745647,CHEMBL5745647,Cc1cncc2ncn(Cc3nc([C@@H]4CO[C@@H](c5ccc(Cl)cc5)C4)no3)c(=O)c12,CHEMBL5735475,CHEMBL5727828,2020,1.3,nM,8.886056647693163,8.89,0.003943352306837511,calcium_fluorescence,cinnamaldehyde,cinnamaldehyde,EC80,75.0,CHO,90.0,,compound_before_agonist,human | not_reported | calcium_fluorescence | cinnamaldehyde | EC80 | NA | CHO | compound_before_agonist | NA,9,,0,not_reported,verified_protocol,Paired patent table has 10- and 90-min hTRPA1 IC50; assay values match 90-min column.,1,False,True,True,,
28037699,4430118,CHEMBL5958151,CHEMBL5958151,O=c1c2ccncc2ncn1Cc1nc([C@@H]2CO[C@@H](c3ccc(Cl)cc3)C2)no1,CHEMBL5735475,CHEMBL5727828,2020,7.8,nM,8.10790539730952,8.11,0.0020946026904802295,calcium_fluorescence,cinnamaldehyde,cinnamaldehyde,EC80,75.0,CHO,90.0,,compound_before_agonist,human | not_reported | calcium_fluorescence | cinnamaldehyde | EC80 | NA | CHO | compound_before_agonist | NA,9,,0,not_reported,verified_protocol,Paired patent table has 10- and 90-min hTRPA1 IC50; assay values match 90-min column.,1,False,True,True,,
28037705,4430119,CHEMBL5785195,CHEMBL5785195,Cn1c(=O)ccc2ncn(Cc3nc([C@@H]4CO[C@@H](c5ccc(Cl)cc5)C4)no3)c(=O)c21,CHEMBL5735475,CHEMBL5727828,2020,14.0,nM,7.853871964321762,7.85,-0.003871964321762178,calcium_fluorescence,cinnamaldehyde,cinnamaldehyde,EC80,75.0,CHO,90.0,,compound_before_agonist,human | not_reported | calcium_fluorescence | cinnamaldehyde | EC80 | NA | CHO | compound_before_agonist | NA,9,,0,not_reported,verified_protocol,Paired patent table has 10- and 90-min hTRPA1 IC50; assay values match 90-min column.,1,False,True,True,,
28037711,4430120,CHEMBL5990350,CHEMBL5990350,Cc1c(=O)ncn2cnn(Cc3nc([C@@H]4CO[C@@H](c5ccc(Cl)cc5)C4)no3)c(=O)c12,CHEMBL5735475,CHEMBL5727828,2020,240.0,nM,6.619788758288394,6.62,0.0002112417116064691,calcium_fluorescence,cinnamaldehyde,cinnamaldehyde,EC80,75.0,CHO,90.0,,compound_before_agonist,human | not_reported | calcium_fluorescence | cinnamaldehyde | EC80 | NA | CHO | compound_before_agonist | NA,9,,0,not_reported,verified_protocol,Paired patent table has 10- and 90-min hTRPA1 IC50; assay values match 90-min column.,1,False,True,True,,
28037717,4430121,CHEMBL6057282,CHEMBL6057282,Cc1cnn2ncn(Cc3nc([C@@H]4CO[C@@H](c5ccc(Cl)cc5)C4)no3)c(=O)c12,CHEMBL5735475,CHEMBL5727828,2020,0.8,nM,9.096910013008056,9.1,0.0030899869919434053,calcium_fluorescence,cinnamaldehyde,cinnamaldehyde,EC80,75.0,CHO,90.0,,compound_before_agonist,human | not_reported | calcium_fluorescence | cinnamaldehyde | EC80 | NA | CHO | compound_before_agonist | NA,9,,0,not_reported,verified_protocol,Paired patent table has 10- and 90-min hTRPA1 IC50; assay values match 90-min column.,1,False,True,True,,
28037720,4430122,CHEMBL5849460,CHEMBL5849460,Cc1ccc(=O)n2ccn(Cc3nc([C@@H]4CO[C@@H](c5ccc(Cl)cc5)C4)no3)c(=O)c12,CHEMBL5735475,CHEMBL5727828,2020,4.3,nM,8.366531544420413,8.37,0.003468455579586305,calcium_fluorescence,cinnamaldehyde,cinnamaldehyde,EC80,75.0,CHO,90.0,,compound_before_agonist,human | not_reported | calcium_fluorescence | cinnamaldehyde | EC80 | NA | CHO | compound_before_agonist | NA,9,,0,not_reported,verified_protocol,Paired patent table has 10- and 90-min hTRPA1 IC50; assay values match 90-min column.,1,False,True,True,,
28037726,4430123,CHEMBL5929352,CHEMBL5929352,Cn1c(=O)c2c(ncn2Cc2nc([C@@H]3CO[C@@H](c4ccc(Cl)cc4)C3)no2)n(C)c1=O,CHEMBL5735475,CHEMBL5727828,2020,57.0,nM,7.2441251443275085,7.24,-0.004125144327508323,calcium_fluorescence,cinnamaldehyde,cinnamaldehyde,EC80,75.0,CHO,90.0,,compound_before_agonist,human | not_reported | calcium_fluorescence | cinnamaldehyde | EC80 | NA | CHO | compound_before_agonist | NA,9,,0,not_reported,verified_protocol,Paired patent table has 10- and 90-min hTRPA1 IC50; assay values match 90-min column.,1,False,True,True,,
28037732,4430124,CHEMBL5915465,CHEMBL5915465,Cn1c(NCc2ccccn2)nc2ncn(Cc3nc([C@@H]4CO[C@@H](c5ccc(Cl)cc5)C4)no3)c(=O)c21,CHEMBL5735475,CHEMBL5727828,2020,29.0,nM,7.537602002101044,7.54,0.0023979978989556727,calcium_fluorescence,cinnamaldehyde,cinnamaldehyde,EC80,75.0,CHO,90.0,,compound_before_agonist,human | not_reported | calcium_fluorescence | cinnamaldehyde | EC80 | NA | CHO | compound_before_agonist | NA,9,,0,not_reported,verified_protocol,Paired patent table has 10- and 90-min hTRPA1 IC50; assay values match 90-min column.,1,False,True,True,,
28037738,4430125,CHEMBL5787622,CHEMBL5787622,COc1nccc2c(=O)n(Cc3nc([C@@H]4CO[C@@H](c5ccc(Cl)cc5)C4)no3)cnc12,CHEMBL5735475,CHEMBL5727828,2020,140.0,nM,6.853871964321762,6.85,-0.003871964321762178,calcium_fluorescence,cinnamaldehyde,cinnamaldehyde,EC80,75.0,CHO,90.0,,compound_before_agonist,human | not_reported | calcium_fluorescence | cinnamaldehyde | EC80 | NA | CHO | compound_before_agonist | NA,9,,0,not_reported,verified_protocol,Paired patent table has 10- and 90-min hTRPA1 IC50; assay values match 90-min column.,1,False,True,True,,
28037744,4430126,CHEMBL6000369,CHEMBL6000369,Cn1cnc2ncn(Cc3nc([C@@H]4CO[C@@H](c5ccc6ncsc6c5)C4)no3)c(=O)c21,CHEMBL5735475,CHEMBL5727828,2020,88.0,nM,7.055517327849831,7.06,0.004482672150168732,calcium_fluorescence,cinnamaldehyde,cinnamaldehyde,EC80,75.0,CHO,90.0,,compound_before_agonist,human | not_reported | calcium_fluorescence | cinnamaldehyde | EC80 | NA | CHO | compound_before_agonist | NA,9,,0,not_reported,verified_protocol,Paired patent table has 10- and 90-min hTRPA1 IC50; assay values match 90-min column.,1,False,True,True,,
28037750,4430127,CHEMBL5952658,CHEMBL5952658,Cc1ccnc2ncn(Cc3nc([C@@H]4CO[C@@H](c5ccc(Cl)cc5)C4)no3)c(=O)c12,CHEMBL5735475,CHEMBL5727828,2020,0.73,nM,9.136677139879545,9.14,0.003322860120455573,calcium_fluorescence,cinnamaldehyde,cinnamaldehyde,EC80,75.0,CHO,90.0,,compound_before_agonist,human | not_reported | calcium_fluorescence | cinnamaldehyde | EC80 | NA | CHO | compound_before_agonist | NA,9,,0,not_reported,verified_protocol,Paired patent table has 10- and 90-min hTRPA1 IC50; assay values match 90-min column.,2,True,True,True,,
28037756,4430128,CHEMBL6030491,CHEMBL6030491,Cn1cnc2ncn(Cc3nc([C@@H]4CO[C@@H](c5ccc(Cl)cc5)C4)no3)c2c1=O,CHEMBL5735475,CHEMBL5727828,2020,12.0,nM,7.920818753952375,7.92,-0.0008187539523749621,calcium_fluorescence,cinnamaldehyde,cinnamaldehyde,EC80,75.0,CHO,90.0,,compound_before_agonist,human | not_reported | calcium_fluorescence | cinnamaldehyde | EC80 | NA | CHO | compound_before_agonist | NA,9,,0,not_reported,verified_protocol,Paired patent table has 10- and 90-min hTRPA1 IC50; assay values match 90-min column.,1,False,True,True,,
28037762,4430129,CHEMBL5897708,CHEMBL5897708,Cn1cnc2ccn(Cc3nc([C@@H]4CO[C@@H](c5ccc(F)cc5)C4)no3)c(=O)c21,CHEMBL5735475,CHEMBL5727828,2020,1.9,nM,8.721246399047171,8.72,-0.0012463990471704989,calcium_fluorescence,cinnamaldehyde,cinnamaldehyde,EC80,75.0,CHO,90.0,,compound_before_agonist,human | not_reported | calcium_fluorescence | cinnamaldehyde | EC80 | NA | CHO | compound_before_agonist | NA,9,,0,not_reported,verified_protocol,Paired patent table has 10- and 90-min hTRPA1 IC50; assay values match 90-min column.,1,False,True,True,,
28037768,4430130,CHEMBL6047901,CHEMBL6047901,Cn1cnc2cnn(Cc3nc([C@@H]4CO[C@@H](c5ccc(Cl)cc5)C4)no3)c(=O)c21,CHEMBL5735475,CHEMBL5727828,2020,18.0,nM,7.7447274948966935,7.75,0.005272505103306457,calcium_fluorescence,cinnamaldehyde,cinnamaldehyde,EC80,75.0,CHO,90.0,,compound_before_agonist,human | not_reported | calcium_fluorescence | cinnamaldehyde | EC80 | NA | CHO | compound_before_agonist | NA,9,,0,not_reported,verified_protocol,Paired patent table has 10- and 90-min hTRPA1 IC50; assay values match 90-min column.,1,False,True,True,,
28037774,4430127,CHEMBL5952658,CHEMBL5952658,Cc1ccnc2ncn(Cc3nc([C@@H]4CO[C@@H](c5ccc(Cl)cc5)C4)no3)c(=O)c12,CHEMBL5735475,CHEMBL5727828,2020,52.0,nM,7.2839966563652006,7.28,-0.003996656365200302,calcium_fluorescence,cinnamaldehyde,cinnamaldehyde,EC80,75.0,CHO,90.0,,compound_before_agonist,human | not_reported | calcium_fluorescence | cinnamaldehyde | EC80 | NA | CHO | compound_before_agonist | NA,9,,0,not_reported,verified_protocol,Paired patent table has 10- and 90-min hTRPA1 IC50; assay values match 90-min column.,2,True,True,True,,
28037780,4430131,CHEMBL5844147,CHEMBL5844147,Cn1cnc2ncn(Cc3nc([C@@H]4CO[C@@H](c5ccc(Cl)cc5)C4)no3)c(=S)c21,CHEMBL5735475,CHEMBL5727828,2020,3.0,nM,8.522878745280337,8.52,-0.0028787452803378244,calcium_fluorescence,cinnamaldehyde,cinnamaldehyde,EC80,75.0,CHO,90.0,,compound_before_agonist,human | not_reported | calcium_fluorescence | cinnamaldehyde | EC80 | NA | CHO | compound_before_agonist | NA,9,,0,not_reported,verified_protocol,Paired patent table has 10- and 90-min hTRPA1 IC50; assay values match 90-min column.,1,False,True,True,,
28037786,4430132,CHEMBL5917938,CHEMBL5917938,Nc1ccc2c(=O)n(Cc3nc([C@@H]4CO[C@@H](c5ccc(F)cc5)C4)no3)cnc2n1,CHEMBL5735475,CHEMBL5727828,2020,12.0,nM,7.920818753952375,7.92,-0.0008187539523749621,calcium_fluorescence,cinnamaldehyde,cinnamaldehyde,EC80,75.0,CHO,90.0,,compound_before_agonist,human | not_reported | calcium_fluorescence | cinnamaldehyde | EC80 | NA | CHO | compound_before_agonist | NA,9,,0,not_reported,verified_protocol,Paired patent table has 10- and 90-min hTRPA1 IC50; assay values match 90-min column.,1,False,True,True,,
28037792,4430133,CHEMBL5769296,CHEMBL5769296,Cn1nnc2ccn(Cc3nc([C@@H]4CO[C@@H](c5ccc(Cl)cc5)C4)no3)c(=O)c21,CHEMBL5735475,CHEMBL5727828,2020,2.1,nM,8.67778070526608,8.68,0.0022192947339192415,calcium_fluorescence,cinnamaldehyde,cinnamaldehyde,EC80,75.0,CHO,90.0,,compound_before_agonist,human | not_reported | calcium_fluorescence | cinnamaldehyde | EC80 | NA | CHO | compound_before_agonist | NA,9,,0,not_reported,verified_protocol,Paired patent table has 10- and 90-min hTRPA1 IC50; assay values match 90-min column.,1,False,True,True,,
28037798,4430134,CHEMBL5837590,CHEMBL5837590,Nc1nc2ncccc2c(=O)n1Cc1nc([C@@H]2CO[C@@H](c3ccc(Cl)cc3)C2)no1,CHEMBL5735475,CHEMBL5727828,2020,2.7,nM,8.568636235841012,8.57,0.00136376415898809,calcium_fluorescence,cinnamaldehyde,cinnamaldehyde,EC80,75.0,CHO,90.0,,compound_before_agonist,human | not_reported | calcium_fluorescence | cinnamaldehyde | EC80 | NA | CHO | compound_before_agonist | NA,9,,0,not_reported,verified_protocol,Paired patent table has 10- and 90-min hTRPA1 IC50; assay values match 90-min column.,1,False,True,True,,
28037804,4430135,CHEMBL5925816,CHEMBL5925816,Cc1cc(=O)nc2ccn(Cc3nc([C@@H]4CO[C@@H](c5ccc(Cl)cc5)C4)no3)c(=O)n12,CHEMBL5735475,CHEMBL5727828,2020,2.8,nM,8.55284196865778,8.55,-0.0028419686577798586,calcium_fluorescence,cinnamaldehyde,cinnamaldehyde,EC80,75.0,CHO,90.0,,compound_before_agonist,human | not_reported | calcium_fluorescence | cinnamaldehyde | EC80 | NA | CHO | compound_before_agonist | NA,9,,0,not_reported,verified_protocol,Paired patent table has 10- and 90-min hTRPA1 IC50; assay values match 90-min column.,1,False,True,True,,
28037810,4430136,CHEMBL5987185,CHEMBL5987185,Cc1ncn2ncn(Cc3nc([C@@H]4CO[C@@H](c5ccc(Cl)cc5)C4)no3)c(=O)c12,CHEMBL5735475,CHEMBL5727828,2020,15.0,nM,7.823908740944319,7.82,-0.003908740944318367,calcium_fluorescence,cinnamaldehyde,cinnamaldehyde,EC80,75.0,CHO,90.0,,compound_before_agonist,human | not_reported | calcium_fluorescence | cinnamaldehyde | EC80 | NA | CHO | compound_before_agonist | NA,9,,0,not_reported,verified_protocol,Paired patent table has 10- and 90-min hTRPA1 IC50; assay values match 90-min column.,1,False,True,True,,
28037816,4430137,CHEMBL6001870,CHEMBL6001870,COc1ccc([C@H]2C[C@H](c3noc(CN4C=NC5N=CN(C)C5C4=O)n3)CO2)cc1,CHEMBL5735475,CHEMBL5727828,2020,67.0,nM,7.173925197299173,7.17,-0.003925197299173178,calcium_fluorescence,cinnamaldehyde,cinnamaldehyde,EC80,75.0,CHO,90.0,,compound_before_agonist,human | not_reported | calcium_fluorescence | cinnamaldehyde | EC80 | NA | CHO | compound_before_agonist | NA,9,,0,not_reported,verified_protocol,Paired patent table has 10- and 90-min hTRPA1 IC50; assay values match 90-min column.,1,False,True,True,,
28037822,4430138,CHEMBL5940735,CHEMBL5940735,Cc1cnn2ncn(Cc3nc([C@@H]4CO[C@@H](c5ccc(F)cc5)C4)no3)c(=O)c12,CHEMBL5735475,CHEMBL5727828,2020,1.6,nM,8.795880017344075,8.8,0.004119982655925725,calcium_fluorescence,cinnamaldehyde,cinnamaldehyde,EC80,75.0,CHO,90.0,,compound_before_agonist,human | not_reported | calcium_fluorescence | cinnamaldehyde | EC80 | NA | CHO | compound_before_agonist | NA,9,,0,not_reported,verified_protocol,Paired patent table has 10- and 90-min hTRPA1 IC50; assay values match 90-min column.,1,False,True,True,,
28037828,4430139,CHEMBL5746517,CHEMBL5746517,Cc1cncc2ncn(Cc3nc([C@@H]4CO[C@@H](c5ccc(F)cc5)C4)no3)c(=O)c12,CHEMBL5735475,CHEMBL5727828,2020,1.2,nM,8.920818753952375,8.92,-0.0008187539523749621,calcium_fluorescence,cinnamaldehyde,cinnamaldehyde,EC80,75.0,CHO,90.0,,compound_before_agonist,human | not_reported | calcium_fluorescence | cinnamaldehyde | EC80 | NA | CHO | compound_before_agonist | NA,9,,0,not_reported,verified_protocol,Paired patent table has 10- and 90-min hTRPA1 IC50; assay values match 90-min column.,1,False,True,True,,
28037834,4430140,CHEMBL5775732,CHEMBL5775732,Cn1cnc2ncn(Cc3nc([C@@H]4CO[C@@H](c5ccc(C6CC6)cc5)C4)no3)c(=O)c21,CHEMBL5735475,CHEMBL5727828,2020,27.0,nM,7.568636235841012,7.57,0.00136376415898809,calcium_fluorescence,cinnamaldehyde,cinnamaldehyde,EC80,75.0,CHO,90.0,,compound_before_agonist,human | not_reported | calcium_fluorescence | cinnamaldehyde | EC80 | NA | CHO | compound_before_agonist | NA,9,,0,not_reported,verified_protocol,Paired patent table has 10- and 90-min hTRPA1 IC50; assay values match 90-min column.,1,False,True,True,,
28037840,4430141,CHEMBL5827481,CHEMBL5827481,Cn1cnc2ncn(Cc3nc([C@@H]4CO[C@@H](c5ccc(F)cc5)C4)no3)c2c1=O,CHEMBL5735475,CHEMBL5727828,2020,34.0,nM,7.468521082957745,7.47,0.0014789170422551123,calcium_fluorescence,cinnamaldehyde,cinnamaldehyde,EC80,75.0,CHO,90.0,,compound_before_agonist,human | not_reported | calcium_fluorescence | cinnamaldehyde | EC80 | NA | CHO | compound_before_agonist | NA,9,,0,not_reported,verified_protocol,Paired patent table has 10- and 90-min hTRPA1 IC50; assay values match 90-min column.,1,False,True,True,,
28037846,4430077,CHEMBL4849329,CHEMBL4849329,Cn1cnc2ncn(Cc3nc([C@@H]4CO[C@@H](c5ccc(Cl)cc5)C4)no3)c(=O)c21,CHEMBL5735475,CHEMBL5727828,2020,1.2,nM,8.920818753952375,8.92,-0.0008187539523749621,calcium_fluorescence,cinnamaldehyde,cinnamaldehyde,EC80,75.0,CHO,90.0,,compound_before_agonist,human | not_reported | calcium_fluorescence | cinnamaldehyde | EC80 | NA | CHO | compound_before_agonist | NA,9,,0,not_reported,verified_protocol,Paired patent table has 10- and 90-min hTRPA1 IC50; assay values match 90-min column.,5,True,True,True,,
28037852,4430142,CHEMBL5781751,CHEMBL5781751,Cn1cnc2nc(N)n(Cc3nc([C@@H]4CO[C@@H](c5ccc(Cl)cc5)C4)no3)c(=O)c21,CHEMBL5735475,CHEMBL5727828,2020,1.5,nM,8.823908740944319,8.82,-0.003908740944318367,calcium_fluorescence,cinnamaldehyde,cinnamaldehyde,EC80,75.0,CHO,90.0,,compound_before_agonist,human | not_reported | calcium_fluorescence | cinnamaldehyde | EC80 | NA | CHO | compound_before_agonist | NA,9,,0,not_reported,verified_protocol,Paired patent table has 10- and 90-min hTRPA1 IC50; assay values match 90-min column.,1,False,True,True,,
28037858,4430143,CHEMBL6035384,CHEMBL6035384,Cc1cnn2ncn(Cc3nc([C@@H]4CO[C@@H](c5ccc(Cl)cn5)C4)no3)c(=O)c12,CHEMBL5735475,CHEMBL5727828,2020,150.0,nM,6.823908740944319,6.82,-0.003908740944318367,calcium_fluorescence,cinnamaldehyde,cinnamaldehyde,EC80,75.0,CHO,90.0,,compound_before_agonist,human | not_reported | calcium_fluorescence | cinnamaldehyde | EC80 | NA | CHO | compound_before_agonist | NA,9,,0,not_reported,verified_protocol,Paired patent table has 10- and 90-min hTRPA1 IC50; assay values match 90-min column.,2,True,True,True,,
28037861,4430144,CHEMBL5775087,CHEMBL5775087,O=c1c2c(ncn1Cc1nc([C@@H]3CO[C@@H](c4ccc(Cl)cc4)C3)no1)CNCC2,CHEMBL5735475,CHEMBL5727828,2020,22.0,nM,7.657577319177793,7.66,0.0024226808222067575,calcium_fluorescence,cinnamaldehyde,cinnamaldehyde,EC80,75.0,CHO,90.0,,compound_before_agonist,human | not_reported | calcium_fluorescence | cinnamaldehyde | EC80 | NA | CHO | compound_before_agonist | NA,9,,0,not_reported,verified_protocol,Paired patent table has 10- and 90-min hTRPA1 IC50; assay values match 90-min column.,1,False,True,True,,
28037867,4430145,CHEMBL5989449,CHEMBL5989449,Cn1cnc2nc(N)n(Cc3nc([C@@H]4CO[C@@H](c5ccc(S(F)(F)(F)(F)F)cc5)C4)no3)c(=O)c21,CHEMBL5735475,CHEMBL5727828,2020,120.0,nM,6.920818753952375,6.92,-0.0008187539523749621,calcium_fluorescence,cinnamaldehyde,cinnamaldehyde,EC80,75.0,CHO,90.0,,compound_before_agonist,human | not_reported | calcium_fluorescence | cinnamaldehyde | EC80 | NA | CHO | compound_before_agonist | NA,9,,0,not_reported,verified_protocol,Paired patent table has 10- and 90-min hTRPA1 IC50; assay values match 90-min column.,1,False,True,True,,
28037870,4430146,CHEMBL6043326,CHEMBL6043326,Cc1ncn2ncn(Cc3nc([C@@H]4CO[C@@H](c5ccc(F)cc5)C4)no3)c(=O)c12,CHEMBL5735475,CHEMBL5727828,2020,25.0,nM,7.6020599913279625,7.6,-0.0020599913279628623,calcium_fluorescence,cinnamaldehyde,cinnamaldehyde,EC80,75.0,CHO,90.0,,compound_before_agonist,human | not_reported | calcium_fluorescence | cinnamaldehyde | EC80 | NA | CHO | compound_before_agonist | NA,9,,0,not_reported,verified_protocol,Paired patent table has 10- and 90-min hTRPA1 IC50; assay values match 90-min column.,1,False,True,True,,
28037873,4430147,CHEMBL6040972,CHEMBL6040972,Cn1c(C(F)F)nc2ncn(Cc3nc([C@@H]4CO[C@@H](c5ccc(Cl)cc5)C4)no3)c(=O)c21,CHEMBL5735475,CHEMBL5727828,2020,11.0,nM,7.958607314841775,7.96,0.0013926851582253263,calcium_fluorescence,cinnamaldehyde,cinnamaldehyde,EC80,75.0,CHO,90.0,,compound_before_agonist,human | not_reported | calcium_fluorescence | cinnamaldehyde | EC80 | NA | CHO | compound_before_agonist | NA,9,,0,not_reported,verified_protocol,Paired patent table has 10- and 90-min hTRPA1 IC50; assay values match 90-min column.,1,False,True,True,,
28037876,4430148,CHEMBL5997957,CHEMBL5997957,NC(=O)c1ccc2c(=O)n(Cc3nc([C@@H]4CO[C@@H](c5ccc(Cl)cc5)C4)no3)cnc2n1,CHEMBL5735475,CHEMBL5727828,2020,66.0,nM,7.180456064458131,7.18,-0.0004560644581310669,calcium_fluorescence,cinnamaldehyde,cinnamaldehyde,EC80,75.0,CHO,90.0,,compound_before_agonist,human | not_reported | calcium_fluorescence | cinnamaldehyde | EC80 | NA | CHO | compound_before_agonist | NA,9,,0,not_reported,verified_protocol,Paired patent table has 10- and 90-min hTRPA1 IC50; assay values match 90-min column.,1,False,True,True,,
28037879,4430149,CHEMBL5986898,CHEMBL5986898,Cc1nc(NC2CCN(C)CC2)n2ncn(Cc3nc([C@@H]4CO[C@@H](c5ccc(Cl)cc5)C4)no3)c(=O)c12,CHEMBL5735475,CHEMBL5727828,2020,150.0,nM,6.823908740944319,6.82,-0.003908740944318367,calcium_fluorescence,cinnamaldehyde,cinnamaldehyde,EC80,75.0,CHO,90.0,,compound_before_agonist,human | not_reported | calcium_fluorescence | cinnamaldehyde | EC80 | NA | CHO | compound_before_agonist | NA,9,,0,not_reported,verified_protocol,Paired patent table has 10- and 90-min hTRPA1 IC50; assay values match 90-min column.,1,False,True,True,,
28037882,4430150,CHEMBL5838262,CHEMBL5838262,Cc1nc(NC2CNC2)n2ncn(Cc3nc([C@@H]4CO[C@@H](c5ccc(Cl)cc5)C4)no3)c(=O)c12,CHEMBL5735475,CHEMBL5727828,2020,92.0,nM,7.036212172654444,7.04,0.0037878273455556055,calcium_fluorescence,cinnamaldehyde,cinnamaldehyde,EC80,75.0,CHO,90.0,,compound_before_agonist,human | not_reported | calcium_fluorescence | cinnamaldehyde | EC80 | NA | CHO | compound_before_agonist | NA,9,,0,not_reported,verified_protocol,Paired patent table has 10- and 90-min hTRPA1 IC50; assay values match 90-min column.,1,False,True,True,,
28037885,4430151,CHEMBL6029127,CHEMBL6029127,Cc1nc(N2CC(CN)C2)n2ncn(Cc3nc([C@@H]4CO[C@@H](c5ccc(Cl)cc5)C4)no3)c(=O)c12,CHEMBL5735475,CHEMBL5727828,2020,180.0,nM,6.7447274948966935,6.75,0.005272505103306457,calcium_fluorescence,cinnamaldehyde,cinnamaldehyde,EC80,75.0,CHO,90.0,,compound_before_agonist,human | not_reported | calcium_fluorescence | cinnamaldehyde | EC80 | NA | CHO | compound_before_agonist | NA,9,,0,not_reported,verified_protocol,Paired patent table has 10- and 90-min hTRPA1 IC50; assay values match 90-min column.,1,False,True,True,,
28037888,4430152,CHEMBL5936828,CHEMBL5936828,Cc1nc(N)n2ncn(Cc3nc([C@@H]4CO[C@@H](c5ccc(F)cc5)C4)no3)c(=O)c12,CHEMBL5735475,CHEMBL5727828,2020,75.0,nM,7.1249387366083,7.12,-0.0049387366082997985,calcium_fluorescence,cinnamaldehyde,cinnamaldehyde,EC80,75.0,CHO,90.0,,compound_before_agonist,human | not_reported | calcium_fluorescence | cinnamaldehyde | EC80 | NA | CHO | compound_before_agonist | NA,9,,0,not_reported,verified_protocol,Paired patent table has 10- and 90-min hTRPA1 IC50; assay values match 90-min column.,1,False,True,True,,
28037891,4430153,CHEMBL5806080,CHEMBL5806080,O=c1c2cccc(=O)n2cnn1Cc1nc([C@@H]2CO[C@@H](c3ccc(Cl)cc3)C2)no1,CHEMBL5735475,CHEMBL5727828,2020,2.4,nM,8.619788758288394,8.62,0.00021124171160558092,calcium_fluorescence,cinnamaldehyde,cinnamaldehyde,EC80,75.0,CHO,90.0,,compound_before_agonist,human | not_reported | calcium_fluorescence | cinnamaldehyde | EC80 | NA | CHO | compound_before_agonist | NA,9,,0,not_reported,verified_protocol,Paired patent table has 10- and 90-min hTRPA1 IC50; assay values match 90-min column.,1,False,True,True,,
28037897,4430154,CHEMBL5931500,CHEMBL5931500,CN1C=NC2N=CN(Cc3nc([C@@H]4CO[C@@H](c5cc(F)c(Cl)c(F)c5)C4)no3)C(=O)C21,CHEMBL5735475,CHEMBL5727828,2020,13.0,nM,7.886056647693163,7.89,0.003943352306836623,calcium_fluorescence,cinnamaldehyde,cinnamaldehyde,EC80,75.0,CHO,90.0,,compound_before_agonist,human | not_reported | calcium_fluorescence | cinnamaldehyde | EC80 | NA | CHO | compound_before_agonist | NA,9,,0,not_reported,verified_protocol,Paired patent table has 10- and 90-min hTRPA1 IC50; assay values match 90-min column.,1,False,True,True,,
28037903,4430155,CHEMBL5812137,CHEMBL5812137,Cc1ncn2nc(N)n(Cc3nc([C@@H]4CO[C@@H](c5ccc(Cl)cc5)C4)no3)c(=O)c12,CHEMBL5735475,CHEMBL5727828,2020,4.6,nM,8.337242168318426,8.34,0.0027578316815741744,calcium_fluorescence,cinnamaldehyde,cinnamaldehyde,EC80,75.0,CHO,90.0,,compound_before_agonist,human | not_reported | calcium_fluorescence | cinnamaldehyde | EC80 | NA | CHO | compound_before_agonist | NA,9,,0,not_reported,verified_protocol,Paired patent table has 10- and 90-min hTRPA1 IC50; assay values match 90-min column.,1,False,True,True,,
28037909,4430156,CHEMBL6026981,CHEMBL6026981,Cc1ncn2nc(N)n(Cc3nc([C@@H]4CO[C@@H](c5ccc(F)cc5)C4)no3)c(=O)c12,CHEMBL5735475,CHEMBL5727828,2020,6.0,nM,8.221848749616356,8.22,-0.001848749616355505,calcium_fluorescence,cinnamaldehyde,cinnamaldehyde,EC80,75.0,CHO,90.0,,compound_before_agonist,human | not_reported | calcium_fluorescence | cinnamaldehyde | EC80 | NA | CHO | compound_before_agonist | NA,9,,0,not_reported,verified_protocol,Paired patent table has 10- and 90-min hTRPA1 IC50; assay values match 90-min column.,1,False,True,True,,
28037915,4430157,CHEMBL5762662,CHEMBL5762662,Cn1cnc2ncn(Cc3nc([C@@H]4CO[C@@H](c5ccc(S(F)(F)(F)(F)F)cc5)C4)no3)c(=O)c21,CHEMBL5735475,CHEMBL5727828,2020,930.0,nM,6.031517051446064,6.03,-0.001517051446064066,calcium_fluorescence,cinnamaldehyde,cinnamaldehyde,EC80,75.0,CHO,90.0,,compound_before_agonist,human | not_reported | calcium_fluorescence | cinnamaldehyde | EC80 | NA | CHO | compound_before_agonist | NA,9,,0,not_reported,verified_protocol,Paired patent table has 10- and 90-min hTRPA1 IC50; assay values match 90-min column.,1,False,True,True,,
28037921,4430158,CHEMBL5970978,CHEMBL5970978,Nc1ccc2c(=O)n(Cc3nc([C@@H]4CO[C@@H](c5ccc(Cl)cc5)C4)no3)ncc2n1,CHEMBL5735475,CHEMBL5727828,2020,3.5,nM,8.455931955649724,8.46,0.004068044350276523,calcium_fluorescence,cinnamaldehyde,cinnamaldehyde,EC80,75.0,CHO,90.0,,compound_before_agonist,human | not_reported | calcium_fluorescence | cinnamaldehyde | EC80 | NA | CHO | compound_before_agonist | NA,9,,0,not_reported,verified_protocol,Paired patent table has 10- and 90-min hTRPA1 IC50; assay values match 90-min column.,1,False,True,True,,
28037927,4430159,CHEMBL5891906,CHEMBL5891906,CN1CCc2c(ncn(Cc3nc([C@@H]4CO[C@@H](c5ccc(Cl)cc5)C4)no3)c2=O)C1,CHEMBL5735475,CHEMBL5727828,2020,450.0,nM,6.346787486224656,6.35,0.003212513775343595,calcium_fluorescence,cinnamaldehyde,cinnamaldehyde,EC80,75.0,CHO,90.0,,compound_before_agonist,human | not_reported | calcium_fluorescence | cinnamaldehyde | EC80 | NA | CHO | compound_before_agonist | NA,9,,0,not_reported,verified_protocol,Paired patent table has 10- and 90-min hTRPA1 IC50; assay values match 90-min column.,1,False,True,True,,
28037933,4430160,CHEMBL5870857,CHEMBL5870857,Nc1nc2ncccc2c(=O)n1Cc1nc([C@@H]2CO[C@@H](c3ccc(F)cc3)C2)no1,CHEMBL5735475,CHEMBL5727828,2020,2.9,nM,8.537602002101044,8.54,0.0023979978989547845,calcium_fluorescence,cinnamaldehyde,cinnamaldehyde,EC80,75.0,CHO,90.0,,compound_before_agonist,human | not_reported | calcium_fluorescence | cinnamaldehyde | EC80 | NA | CHO | compound_before_agonist | NA,9,,0,not_reported,verified_protocol,Paired patent table has 10- and 90-min hTRPA1 IC50; assay values match 90-min column.,1,False,True,True,,
28037936,4430161,CHEMBL5876271,CHEMBL5876271,Cc1nc(Br)n2ncn(Cc3nc([C@@H]4CO[C@@H](c5ccc(F)cc5)C4)no3)c(=O)c12,CHEMBL5735475,CHEMBL5727828,2020,33.0,nM,7.481486060122112,7.48,-0.0014860601221116099,calcium_fluorescence,cinnamaldehyde,cinnamaldehyde,EC80,75.0,CHO,90.0,,compound_before_agonist,human | not_reported | calcium_fluorescence | cinnamaldehyde | EC80 | NA | CHO | compound_before_agonist | NA,9,,0,not_reported,verified_protocol,Paired patent table has 10- and 90-min hTRPA1 IC50; assay values match 90-min column.,1,False,True,True,,
28037939,4430162,CHEMBL5881081,CHEMBL5881081,Cc1nc(N2CCNCC2)n2ncn(Cc3nc([C@@H]4CO[C@@H](c5ccc(Cl)cc5)C4)no3)c(=O)c12,CHEMBL5735475,CHEMBL5727828,2020,330.0,nM,6.481486060122112,6.48,-0.0014860601221116099,calcium_fluorescence,cinnamaldehyde,cinnamaldehyde,EC80,75.0,CHO,90.0,,compound_before_agonist,human | not_reported | calcium_fluorescence | cinnamaldehyde | EC80 | NA | CHO | compound_before_agonist | NA,9,,0,not_reported,verified_protocol,Paired patent table has 10- and 90-min hTRPA1 IC50; assay values match 90-min column.,1,False,True,True,,
28037942,4430163,CHEMBL5834598,CHEMBL5834598,Cc1nc(N2CCN(C)CC2)n2ncn(Cc3nc([C@@H]4CO[C@@H](c5ccc(Cl)cc5)C4)no3)c(=O)c12,CHEMBL5735475,CHEMBL5727828,2020,170.0,nM,6.769551078621726,6.77,0.00044892137827368117,calcium_fluorescence,cinnamaldehyde,cinnamaldehyde,EC80,75.0,CHO,90.0,,compound_before_agonist,human | not_reported | calcium_fluorescence | cinnamaldehyde | EC80 | NA | CHO | compound_before_agonist | NA,9,,0,not_reported,verified_protocol,Paired patent table has 10- and 90-min hTRPA1 IC50; assay values match 90-min column.,1,False,True,True,,
28037945,4430164,CHEMBL5747812,CHEMBL5747812,Cc1nc(Cl)n2ncn(Cc3nc([C@@H]4CO[C@@H](c5ccc(Cl)cc5)C4)no3)c(=O)c12,CHEMBL5735475,CHEMBL5727828,2020,13.0,nM,7.886056647693163,7.89,0.003943352306836623,calcium_fluorescence,cinnamaldehyde,cinnamaldehyde,EC80,75.0,CHO,90.0,,compound_before_agonist,human | not_reported | calcium_fluorescence | cinnamaldehyde | EC80 | NA | CHO | compound_before_agonist | NA,9,,0,not_reported,verified_protocol,Paired patent table has 10- and 90-min hTRPA1 IC50; assay values match 90-min column.,1,False,True,True,,
28037948,4430165,CHEMBL6028792,CHEMBL6028792,O=c1c2cccc(=O)n2ccn1Cc1nc([C@@H]2CO[C@@H](c3ccc(F)cc3)C2)no1,CHEMBL5735475,CHEMBL5727828,2020,12.0,nM,7.920818753952375,7.92,-0.0008187539523749621,calcium_fluorescence,cinnamaldehyde,cinnamaldehyde,EC80,75.0,CHO,90.0,,compound_before_agonist,human | not_reported | calcium_fluorescence | cinnamaldehyde | EC80 | NA | CHO | compound_before_agonist | NA,9,,0,not_reported,verified_protocol,Paired patent table has 10- and 90-min hTRPA1 IC50; assay values match 90-min column.,1,False,True,True,,
28037951,4430166,CHEMBL5865597,CHEMBL5865597,O=c1c2c(Cl)ccnc2ncn1Cc1nc([C@@H]2CO[C@@H](c3ccc(F)cc3)C2)no1,CHEMBL5735475,CHEMBL5727828,2020,15.0,nM,7.823908740944319,7.82,-0.003908740944318367,calcium_fluorescence,cinnamaldehyde,cinnamaldehyde,EC80,75.0,CHO,90.0,,compound_before_agonist,human | not_reported | calcium_fluorescence | cinnamaldehyde | EC80 | NA | CHO | compound_before_agonist | NA,9,,0,not_reported,verified_protocol,Paired patent table has 10- and 90-min hTRPA1 IC50; assay values match 90-min column.,1,False,True,True,,
28037954,4430167,CHEMBL5930487,CHEMBL5930487,Cc1nn(C)c2ncn(Cc3nc([C@@H]4CO[C@@H](c5ccc(Cl)cc5)C4)no3)c(=O)c12,CHEMBL5735475,CHEMBL5727828,2020,33.0,nM,7.481486060122112,7.48,-0.0014860601221116099,calcium_fluorescence,cinnamaldehyde,cinnamaldehyde,EC80,75.0,CHO,90.0,,compound_before_agonist,human | not_reported | calcium_fluorescence | cinnamaldehyde | EC80 | NA | CHO | compound_before_agonist | NA,9,,0,not_reported,verified_protocol,Paired patent table has 10- and 90-min hTRPA1 IC50; assay values match 90-min column.,1,False,True,True,,
28037957,4430168,CHEMBL5857937,CHEMBL5857937,Cc1nc(C)n2ncn(Cc3nc([C@@H]4CO[C@@H](c5ccc(Cl)cc5)C4)no3)c(=O)c12,CHEMBL5735475,CHEMBL5727828,2020,45.0,nM,7.346787486224656,7.35,0.003212513775343595,calcium_fluorescence,cinnamaldehyde,cinnamaldehyde,EC80,75.0,CHO,90.0,,compound_before_agonist,human | not_reported | calcium_fluorescence | cinnamaldehyde | EC80 | NA | CHO | compound_before_agonist | NA,9,,0,not_reported,verified_protocol,Paired patent table has 10- and 90-min hTRPA1 IC50; assay values match 90-min column.,1,False,True,True,,
28037963,4430169,CHEMBL5784263,CHEMBL5784263,O=c1c2cccc(=O)n2ccn1Cc1nc([C@@H]2CO[C@@H](c3ccc(Cl)cc3)C2)no1,CHEMBL5735475,CHEMBL5727828,2020,4.0,nM,8.397940008672037,8.4,0.0020599913279628623,calcium_fluorescence,cinnamaldehyde,cinnamaldehyde,EC80,75.0,CHO,90.0,,compound_before_agonist,human | not_reported | calcium_fluorescence | cinnamaldehyde | EC80 | NA | CHO | compound_before_agonist | NA,9,,0,not_reported,verified_protocol,Paired patent table has 10- and 90-min hTRPA1 IC50; assay values match 90-min column.,1,False,True,True,,
28037969,4430170,CHEMBL5834480,CHEMBL5834480,O=c1ccn2c(=O)n(Cc3nc([C@@H]4CO[C@@H](c5ccc(Cl)cc5)C4)no3)ccc2n1,CHEMBL5735475,CHEMBL5727828,2020,7.2,nM,8.142667503568731,8.14,-0.002667503568730467,calcium_fluorescence,cinnamaldehyde,cinnamaldehyde,EC80,75.0,CHO,90.0,,compound_before_agonist,human | not_reported | calcium_fluorescence | cinnamaldehyde | EC80 | NA | CHO | compound_before_agonist | NA,9,,0,not_reported,verified_protocol,Paired patent table has 10- and 90-min hTRPA1 IC50; assay values match 90-min column.,1,False,True,True,,
28037975,4430171,CHEMBL5745808,CHEMBL5745808,Cc1cccc2nn(Cc3nc([C@@H]4CO[C@@H](c5ccc(Cl)cc5)C4)no3)c(=O)n12,CHEMBL5735475,CHEMBL5727828,2020,140.0,nM,6.853871964321762,6.85,-0.003871964321762178,calcium_fluorescence,cinnamaldehyde,cinnamaldehyde,EC80,75.0,CHO,90.0,,compound_before_agonist,human | not_reported | calcium_fluorescence | cinnamaldehyde | EC80 | NA | CHO | compound_before_agonist | NA,9,,0,not_reported,verified_protocol,Paired patent table has 10- and 90-min hTRPA1 IC50; assay values match 90-min column.,1,False,True,True,,
28037981,4430172,CHEMBL5879244,CHEMBL5879244,Cc1nc(N2CCOCC2)n2ccn(Cc3nc([C@@H]4CO[C@@H](c5ccc(Cl)cc5)C4)no3)c(=O)c12,CHEMBL5735475,CHEMBL5727828,2020,96.0,nM,7.017728766960431,7.02,0.0022712330395684432,calcium_fluorescence,cinnamaldehyde,cinnamaldehyde,EC80,75.0,CHO,90.0,,compound_before_agonist,human | not_reported | calcium_fluorescence | cinnamaldehyde | EC80 | NA | CHO | compound_before_agonist | NA,9,,0,not_reported,verified_protocol,Paired patent table has 10- and 90-min hTRPA1 IC50; assay values match 90-min column.,1,False,True,True,,
28037987,4430173,CHEMBL5834811,CHEMBL5834811,Cn1cncc1C(=O)NCc1nc([C@H]2CO[C@H](c3ccc(Cl)cc3)C2)no1,CHEMBL5735475,CHEMBL5727828,2020,23.0,nM,7.638272163982407,7.64,0.0017278360175927432,calcium_fluorescence,cinnamaldehyde,cinnamaldehyde,EC80,75.0,CHO,90.0,,compound_before_agonist,human | not_reported | calcium_fluorescence | cinnamaldehyde | EC80 | NA | CHO | compound_before_agonist | NA,9,,0,not_reported,verified_protocol,Paired patent table has 10- and 90-min hTRPA1 IC50; assay values match 90-min column.,1,False,True,True,,
28037993,4430174,CHEMBL6040725,CHEMBL6040725,O=c1c2ccnnc2ncn1Cc1nc([C@@H]2CO[C@@H](c3ccc(F)cc3)C2)no1,CHEMBL5735475,CHEMBL5727828,2020,89.0,nM,7.050609993355087,7.05,-0.0006099933550869352,calcium_fluorescence,cinnamaldehyde,cinnamaldehyde,EC80,75.0,CHO,90.0,,compound_before_agonist,human | not_reported | calcium_fluorescence | cinnamaldehyde | EC80 | NA | CHO | compound_before_agonist | NA,9,,0,not_reported,verified_protocol,Paired patent table has 10- and 90-min hTRPA1 IC50; assay values match 90-min column.,1,False,True,True,,
28037999,4430175,CHEMBL5763650,CHEMBL5763650,Cc1ccnc2cnn(Cc3nc([C@@H]4CO[C@@H](c5ccc(F)cc5)C4)no3)c(=O)c12,CHEMBL5735475,CHEMBL5727828,2020,6.7,nM,8.173925197299173,8.17,-0.003925197299173178,calcium_fluorescence,cinnamaldehyde,cinnamaldehyde,EC80,75.0,CHO,90.0,,compound_before_agonist,human | not_reported | calcium_fluorescence | cinnamaldehyde | EC80 | NA | CHO | compound_before_agonist | NA,9,,0,not_reported,verified_protocol,Paired patent table has 10- and 90-min hTRPA1 IC50; assay values match 90-min column.,1,False,True,True,,
28038005,4430176,CHEMBL6018274,CHEMBL6018274,Cc1nc(N(C)C)n2ncn(Cc3nc([C@@H]4CO[C@@H](c5ccc(Cl)cc5)C4)no3)c(=O)c12,CHEMBL5735475,CHEMBL5727828,2020,59.0,nM,7.229147988357855,7.23,0.0008520116421451007,calcium_fluorescence,cinnamaldehyde,cinnamaldehyde,EC80,75.0,CHO,90.0,,compound_before_agonist,human | not_reported | calcium_fluorescence | cinnamaldehyde | EC80 | NA | CHO | compound_before_agonist | NA,9,,0,not_reported,verified_protocol,Paired patent table has 10- and 90-min hTRPA1 IC50; assay values match 90-min column.,1,False,True,True,,
28038011,4430177,CHEMBL6036980,CHEMBL6036980,Cn1nnc2ccn(Cc3nc([C@@H]4CO[C@@H](c5ccc(F)cc5)C4)no3)c(=O)c21,CHEMBL5735475,CHEMBL5727828,2020,5.6,nM,8.2518119729938,8.25,-0.0018119729937993156,calcium_fluorescence,cinnamaldehyde,cinnamaldehyde,EC80,75.0,CHO,90.0,,compound_before_agonist,human | not_reported | calcium_fluorescence | cinnamaldehyde | EC80 | NA | CHO | compound_before_agonist | NA,9,,0,not_reported,verified_protocol,Paired patent table has 10- and 90-min hTRPA1 IC50; assay values match 90-min column.,1,False,True,True,,
28038017,4430178,CHEMBL5900571,CHEMBL5900571,Cc1nc(Br)n2ncn(Cc3nc([C@@H]4CO[C@@H](c5ccc(Cl)cc5)C4)no3)c(=O)c12,CHEMBL5735475,CHEMBL5727828,2020,0.3,nM,9.522878745280337,9.52,-0.0028787452803378244,calcium_fluorescence,cinnamaldehyde,cinnamaldehyde,EC80,75.0,CHO,90.0,,compound_before_agonist,human | not_reported | calcium_fluorescence | cinnamaldehyde | EC80 | NA | CHO | compound_before_agonist | NA,9,,0,not_reported,verified_protocol,Paired patent table has 10- and 90-min hTRPA1 IC50; assay values match 90-min column.,1,False,True,True,,
28038023,4430179,CHEMBL6017309,CHEMBL6017309,NC1=NC=CC2C(=O)N(Cc3nc([C@@H]4CO[C@@H](c5ccc(Cl)cc5)C4)no3)C=NC12,CHEMBL5735475,CHEMBL5727828,2020,57.0,nM,7.2441251443275085,7.24,-0.004125144327508323,calcium_fluorescence,cinnamaldehyde,cinnamaldehyde,EC80,75.0,CHO,90.0,,compound_before_agonist,human | not_reported | calcium_fluorescence | cinnamaldehyde | EC80 | NA | CHO | compound_before_agonist | NA,9,,0,not_reported,verified_protocol,Paired patent table has 10- and 90-min hTRPA1 IC50; assay values match 90-min column.,1,False,True,True,,
28038029,4430180,CHEMBL5765205,CHEMBL5765205,Cc1nc2nc(C)n(C)c2c(=O)n1Cc1nc([C@@H]2CO[C@@H](c3ccc(Cl)cc3)C2)no1,CHEMBL5735475,CHEMBL5727828,2020,62.0,nM,7.207608310501746,7.21,0.0023916894982543013,calcium_fluorescence,cinnamaldehyde,cinnamaldehyde,EC80,75.0,CHO,90.0,,compound_before_agonist,human | not_reported | calcium_fluorescence | cinnamaldehyde | EC80 | NA | CHO | compound_before_agonist | NA,9,,0,not_reported,verified_protocol,Paired patent table has 10- and 90-min hTRPA1 IC50; assay values match 90-min column.,1,False,True,True,,
28038035,4430082,CHEMBL5940975,CHEMBL5940975,Cc1nc2ncn(C)c2c(=O)n1Cc1nc([C@@H]2CO[C@@H](c3ccc(Cl)cc3)C2)no1,CHEMBL5735475,CHEMBL5727828,2020,3.9,nM,8.4089353929735,8.41,0.0010646070264996865,calcium_fluorescence,cinnamaldehyde,cinnamaldehyde,EC80,75.0,CHO,90.0,,compound_before_agonist,human | not_reported | calcium_fluorescence | cinnamaldehyde | EC80 | NA | CHO | compound_before_agonist | NA,9,,0,not_reported,verified_protocol,Paired patent table has 10- and 90-min hTRPA1 IC50; assay values match 90-min column.,2,True,True,True,,
28038041,4430181,CHEMBL6035579,CHEMBL6035579,Cc1nc2[nH]c(=O)n(C)c2c(=O)n1Cc1nc([C@@H]2CO[C@@H](c3ccc(Cl)cc3)C2)no1,CHEMBL5735475,CHEMBL5727828,2020,34.0,nM,7.468521082957745,7.47,0.0014789170422551123,calcium_fluorescence,cinnamaldehyde,cinnamaldehyde,EC80,75.0,CHO,90.0,,compound_before_agonist,human | not_reported | calcium_fluorescence | cinnamaldehyde | EC80 | NA | CHO | compound_before_agonist | NA,9,,0,not_reported,verified_protocol,Paired patent table has 10- and 90-min hTRPA1 IC50; assay values match 90-min column.,1,False,True,True,,
28038047,4430182,CHEMBL5992092,CHEMBL5992092,Nc1nc2nccnc2n1Cc1nc([C@@H]2CO[C@@H](c3ccc(Cl)cc3)C2)no1,CHEMBL5735475,CHEMBL5727828,2020,3.8,nM,8.42021640338319,8.42,-0.0002164033831899559,calcium_fluorescence,cinnamaldehyde,cinnamaldehyde,EC80,75.0,CHO,90.0,,compound_before_agonist,human | not_reported | calcium_fluorescence | cinnamaldehyde | EC80 | NA | CHO | compound_before_agonist | NA,9,,0,not_reported,verified_protocol,Paired patent table has 10- and 90-min hTRPA1 IC50; assay values match 90-min column.,1,False,True,True,,
28038053,4430183,CHEMBL5928378,CHEMBL5928378,Cc1nc2nc(N)n(C)c2c(=O)n1Cc1nc([C@@H]2CO[C@@H](c3ccc(Cl)cc3)C2)no1,CHEMBL5735475,CHEMBL5727828,2020,14.0,nM,7.853871964321762,7.85,-0.003871964321762178,calcium_fluorescence,cinnamaldehyde,cinnamaldehyde,EC80,75.0,CHO,90.0,,compound_before_agonist,human | not_reported | calcium_fluorescence | cinnamaldehyde | EC80 | NA | CHO | compound_before_agonist | NA,9,,0,not_reported,verified_protocol,Paired patent table has 10- and 90-min hTRPA1 IC50; assay values match 90-min column.,1,False,True,True,,
28038059,4430184,CHEMBL6016654,CHEMBL6016654,Cc1nc2nc(Cl)n(C)c2c(=O)n1Cc1nc([C@@H]2CO[C@@H](c3ccc(Cl)cc3)C2)no1,CHEMBL5735475,CHEMBL5727828,2020,22.0,nM,7.657577319177793,7.66,0.0024226808222067575,calcium_fluorescence,cinnamaldehyde,cinnamaldehyde,EC80,75.0,CHO,90.0,,compound_before_agonist,human | not_reported | calcium_fluorescence | cinnamaldehyde | EC80 | NA | CHO | compound_before_agonist | NA,9,,0,not_reported,verified_protocol,Paired patent table has 10- and 90-min hTRPA1 IC50; assay values match 90-min column.,1,False,True,True,,
28038065,4430185,CHEMBL5937792,CHEMBL5937792,N#Cc1cnn2ncn(Cc3nc([C@@H]4CO[C@@H](c5ccc(Cl)cc5)C4)no3)c(=O)c12,CHEMBL5735475,CHEMBL5727828,2020,40.0,nM,7.3979400086720375,7.4,0.0020599913279628623,calcium_fluorescence,cinnamaldehyde,cinnamaldehyde,EC80,75.0,CHO,90.0,,compound_before_agonist,human | not_reported | calcium_fluorescence | cinnamaldehyde | EC80 | NA | CHO | compound_before_agonist | NA,9,,0,not_reported,verified_protocol,Paired patent table has 10- and 90-min hTRPA1 IC50; assay values match 90-min column.,1,False,True,True,,
28038071,4430186,CHEMBL6028368,CHEMBL6028368,Cn1cnc2c(C(N)=O)nn(Cc3nc([C@@H]4CO[C@@H](c5ccc(Cl)cc5)C4)no3)c(=O)c21,CHEMBL5735475,CHEMBL5727828,2020,39.0,nM,7.4089353929735005,7.41,0.0010646070264996865,calcium_fluorescence,cinnamaldehyde,cinnamaldehyde,EC80,75.0,CHO,90.0,,compound_before_agonist,human | not_reported | calcium_fluorescence | cinnamaldehyde | EC80 | NA | CHO | compound_before_agonist | NA,9,,0,not_reported,verified_protocol,Paired patent table has 10- and 90-min hTRPA1 IC50; assay values match 90-min column.,1,False,True,True,,
28038077,4430187,CHEMBL6003728,CHEMBL6003728,Cc1n[nH]c2ncn(Cc3nc([C@@H]4CO[C@@H](c5ccc(Cl)cc5)C4)no3)c(=O)c12,CHEMBL5735475,CHEMBL5727828,2020,5.9,nM,8.229147988357855,8.23,0.0008520116421451007,calcium_fluorescence,cinnamaldehyde,cinnamaldehyde,EC80,75.0,CHO,90.0,,compound_before_agonist,human | not_reported | calcium_fluorescence | cinnamaldehyde | EC80 | NA | CHO | compound_before_agonist | NA,9,,0,not_reported,verified_protocol,Paired patent table has 10- and 90-min hTRPA1 IC50; assay values match 90-min column.,1,False,True,True,,
28038083,4430188,CHEMBL5808735,CHEMBL5808735,O=C1CCc2c(ncn(Cc3nc([C@@H]4CO[C@@H](c5ccc(Cl)cc5)C4)no3)c2=O)N1,CHEMBL5735475,CHEMBL5727828,2020,47.0,nM,7.327902142064282,7.33,0.0020978579357180394,calcium_fluorescence,cinnamaldehyde,cinnamaldehyde,EC80,75.0,CHO,90.0,,compound_before_agonist,human | not_reported | calcium_fluorescence | cinnamaldehyde | EC80 | NA | CHO | compound_before_agonist | NA,9,,0,not_reported,verified_protocol,Paired patent table has 10- and 90-min hTRPA1 IC50; assay values match 90-min column.,1,False,True,True,,
28038089,4430189,CHEMBL5811232,CHEMBL5811232,Nc1nc2ncccc2c(=O)n1Cc1nc([C@@H]2CO[C@@H](c3cccc(F)c3)C2)no1,CHEMBL5735475,CHEMBL5727828,2020,13.0,nM,7.886056647693163,7.89,0.003943352306836623,calcium_fluorescence,cinnamaldehyde,cinnamaldehyde,EC80,75.0,CHO,90.0,,compound_before_agonist,human | not_reported | calcium_fluorescence | cinnamaldehyde | EC80 | NA | CHO | compound_before_agonist | NA,9,,0,not_reported,verified_protocol,Paired patent table has 10- and 90-min hTRPA1 IC50; assay values match 90-min column.,1,False,True,True,,
28038095,4430190,CHEMBL5830842,CHEMBL5830842,Cn1cnc2nc(Cl)n(Cc3nc([C@@H]4CO[C@@H](c5ccc(Cl)cc5)C4)no3)c(=O)c21,CHEMBL5735475,CHEMBL5727828,2020,20.0,nM,7.698970004336019,7.7,0.0010299956639814312,calcium_fluorescence,cinnamaldehyde,cinnamaldehyde,EC80,75.0,CHO,90.0,,compound_before_agonist,human | not_reported | calcium_fluorescence | cinnamaldehyde | EC80 | NA | CHO | compound_before_agonist | NA,9,,0,not_reported,verified_protocol,Paired patent table has 10- and 90-min hTRPA1 IC50; assay values match 90-min column.,1,False,True,True,,
28038101,4430191,CHEMBL5932139,CHEMBL5932139,Cn1nncc1C(=O)NCc1nc([C@@H]2CO[C@@H](c3ccc(Cl)cc3)C2)no1,CHEMBL5735475,CHEMBL5727828,2020,49.0,nM,7.309803919971486,7.31,0.00019608002851345674,calcium_fluorescence,cinnamaldehyde,cinnamaldehyde,EC80,75.0,CHO,90.0,,compound_before_agonist,human | not_reported | calcium_fluorescence | cinnamaldehyde | EC80 | NA | CHO | compound_before_agonist | NA,9,,0,not_reported,verified_protocol,Paired patent table has 10- and 90-min hTRPA1 IC50; assay values match 90-min column.,1,False,True,True,,
28038107,4430192,CHEMBL5917454,CHEMBL5917454,Cc1cnn2ncn(Cc3nc([C@@H]4CO[C@@H](c5ccc(C#N)cc5)C4)no3)c(=O)c12,CHEMBL5735475,CHEMBL5727828,2020,39.0,nM,7.4089353929735005,7.41,0.0010646070264996865,calcium_fluorescence,cinnamaldehyde,cinnamaldehyde,EC80,75.0,CHO,90.0,,compound_before_agonist,human | not_reported | calcium_fluorescence | cinnamaldehyde | EC80 | NA | CHO | compound_before_agonist | NA,9,,0,not_reported,verified_protocol,Paired patent table has 10- and 90-min hTRPA1 IC50; assay values match 90-min column.,1,False,True,True,,
28038113,4430193,CHEMBL6018348,CHEMBL6018348,Cn1cnc2nc(N)n(Cc3nc([C@@H]4CO[C@@H](c5ccc(Cl)cc5)C4)no3)c2c1=O,CHEMBL5735475,CHEMBL5727828,2020,17.0,nM,7.769551078621726,7.77,0.00044892137827368117,calcium_fluorescence,cinnamaldehyde,cinnamaldehyde,EC80,75.0,CHO,90.0,,compound_before_agonist,human | not_reported | calcium_fluorescence | cinnamaldehyde | EC80 | NA | CHO | compound_before_agonist | NA,9,,0,not_reported,verified_protocol,Paired patent table has 10- and 90-min hTRPA1 IC50; assay values match 90-min column.,1,False,True,True,,
28038119,4430194,CHEMBL5812244,CHEMBL5812244,O=c1ccc2c(=O)n(Cc3nc([C@@H]4CO[C@@H](c5ccc(Cl)cc5)C4)no3)cnc2[nH]1,CHEMBL5735475,CHEMBL5727828,2020,16.0,nM,7.795880017344075,7.8,0.0041199826559248365,calcium_fluorescence,cinnamaldehyde,cinnamaldehyde,EC80,75.0,CHO,90.0,,compound_before_agonist,human | not_reported | calcium_fluorescence | cinnamaldehyde | EC80 | NA | CHO | compound_before_agonist | NA,9,,0,not_reported,verified_protocol,Paired patent table has 10- and 90-min hTRPA1 IC50; assay values match 90-min column.,1,False,True,True,,
28038125,4430195,CHEMBL5818029,CHEMBL5818029,Cn1cnc2nc(N)n(Cc3nc([C@@H]4CO[C@@H](c5cccc(F)c5)C4)no3)c(=O)c21,CHEMBL5735475,CHEMBL5727828,2020,3.1,nM,8.508638306165727,8.51,0.0013616938342728702,calcium_fluorescence,cinnamaldehyde,cinnamaldehyde,EC80,75.0,CHO,90.0,,compound_before_agonist,human | not_reported | calcium_fluorescence | cinnamaldehyde | EC80 | NA | CHO | compound_before_agonist | NA,9,,0,not_reported,verified_protocol,Paired patent table has 10- and 90-min hTRPA1 IC50; assay values match 90-min column.,1,False,True,True,,
28038131,4430196,CHEMBL5989737,CHEMBL5989737,Nc1nc2ncn(Cc3nc([C@@H]4CO[C@@H](c5ccc(F)cc5)C4)no3)c(=O)c2s1,CHEMBL5735475,CHEMBL5727828,2020,36.0,nM,7.443697499232712,7.44,-0.0036974992327118983,calcium_fluorescence,cinnamaldehyde,cinnamaldehyde,EC80,75.0,CHO,90.0,,compound_before_agonist,human | not_reported | calcium_fluorescence | cinnamaldehyde | EC80 | NA | CHO | compound_before_agonist | NA,9,,0,not_reported,verified_protocol,Paired patent table has 10- and 90-min hTRPA1 IC50; assay values match 90-min column.,1,False,True,True,,
28038137,4430197,CHEMBL6063069,CHEMBL6063069,Cc1cnn2nc(N)n(Cc3nc([C@@H]4CO[C@@H](c5cccc(F)c5)C4)no3)c(=O)c12,CHEMBL5735475,CHEMBL5727828,2020,2.9,nM,8.537602002101044,8.54,0.0023979978989547845,calcium_fluorescence,cinnamaldehyde,cinnamaldehyde,EC80,75.0,CHO,90.0,,compound_before_agonist,human | not_reported | calcium_fluorescence | cinnamaldehyde | EC80 | NA | CHO | compound_before_agonist | NA,9,,0,not_reported,verified_protocol,Paired patent table has 10- and 90-min hTRPA1 IC50; assay values match 90-min column.,1,False,True,True,,
28038143,4430198,CHEMBL5793890,CHEMBL5793890,Cc1cnc(N)n(Cc2nc([C@@H]3CO[C@@H](c4ccc(Cl)cc4)C3)no2)c1=O,CHEMBL5735475,CHEMBL5727828,2020,67.0,nM,7.173925197299173,7.17,-0.003925197299173178,calcium_fluorescence,cinnamaldehyde,cinnamaldehyde,EC80,75.0,CHO,90.0,,compound_before_agonist,human | not_reported | calcium_fluorescence | cinnamaldehyde | EC80 | NA | CHO | compound_before_agonist | NA,9,,0,not_reported,verified_protocol,Paired patent table has 10- and 90-min hTRPA1 IC50; assay values match 90-min column.,1,False,True,True,,
28038149,4430199,CHEMBL5885390,CHEMBL5885390,Nc1nc2ncn(Cc3nc([C@@H]4CO[C@@H](c5ccc(Cl)cc5)C4)no3)c(=O)c2s1,CHEMBL5735475,CHEMBL5727828,2020,5.6,nM,8.2518119729938,8.25,-0.0018119729937993156,calcium_fluorescence,cinnamaldehyde,cinnamaldehyde,EC80,75.0,CHO,90.0,,compound_before_agonist,human | not_reported | calcium_fluorescence | cinnamaldehyde | EC80 | NA | CHO | compound_before_agonist | NA,9,,0,not_reported,verified_protocol,Paired patent table has 10- and 90-min hTRPA1 IC50; assay values match 90-min column.,1,False,True,True,,
28038155,4430200,CHEMBL5857567,CHEMBL5857567,Nc1nc(=O)c2cccnc2n1Cc1nc([C@@H]2CO[C@@H](c3ccc(F)cc3)C2)no1,CHEMBL5735475,CHEMBL5727828,2020,15.0,nM,7.823908740944319,7.82,-0.003908740944318367,calcium_fluorescence,cinnamaldehyde,cinnamaldehyde,EC80,75.0,CHO,90.0,,compound_before_agonist,human | not_reported | calcium_fluorescence | cinnamaldehyde | EC80 | NA | CHO | compound_before_agonist | NA,9,,0,not_reported,verified_protocol,Paired patent table has 10- and 90-min hTRPA1 IC50; assay values match 90-min column.,1,False,True,True,,
28038161,4430201,CHEMBL5976955,CHEMBL5976955,Cn1cnc2c(C#N)nn(Cc3nc([C@@H]4CO[C@@H](c5ccc(Cl)cc5)C4)no3)c(=O)c21,CHEMBL5735475,CHEMBL5727828,2020,3.1,nM,8.508638306165727,8.51,0.0013616938342728702,calcium_fluorescence,cinnamaldehyde,cinnamaldehyde,EC80,75.0,CHO,90.0,,compound_before_agonist,human | not_reported | calcium_fluorescence | cinnamaldehyde | EC80 | NA | CHO | compound_before_agonist | NA,9,,0,not_reported,verified_protocol,Paired patent table has 10- and 90-min hTRPA1 IC50; assay values match 90-min column.,1,False,True,True,,
28038167,4430077,CHEMBL4849329,CHEMBL4849329,Cn1cnc2ncn(Cc3nc([C@@H]4CO[C@@H](c5ccc(Cl)cc5)C4)no3)c(=O)c21,CHEMBL5735475,CHEMBL5727828,2020,2.2,nM,8.657577319177793,8.66,0.0024226808222067575,calcium_fluorescence,cinnamaldehyde,cinnamaldehyde,EC80,75.0,CHO,90.0,,compound_before_agonist,human | not_reported | calcium_fluorescence | cinnamaldehyde | EC80 | NA | CHO | compound_before_agonist | NA,9,,0,not_reported,verified_protocol,Paired patent table has 10- and 90-min hTRPA1 IC50; assay values match 90-min column.,5,True,True,True,,
28038173,4430202,CHEMBL5867511,CHEMBL5867511,Cc1ccnc2nc(N)n(Cc3nc([C@@H]4CO[C@@H](c5ccc(F)cc5)C4)no3)c(=O)c12,CHEMBL5735475,CHEMBL5727828,2020,1.4,nM,8.853871964321762,8.85,-0.003871964321762178,calcium_fluorescence,cinnamaldehyde,cinnamaldehyde,EC80,75.0,CHO,90.0,,compound_before_agonist,human | not_reported | calcium_fluorescence | cinnamaldehyde | EC80 | NA | CHO | compound_before_agonist | NA,9,,0,not_reported,verified_protocol,Paired patent table has 10- and 90-min hTRPA1 IC50; assay values match 90-min column.,1,False,True,True,,
28038179,4430203,CHEMBL5938422,CHEMBL5938422,Cc1ccnc2c1c(=O)nc(N)n2Cc1nc([C@@H]2CO[C@@H](c3ccc(Cl)cc3)C2)no1,CHEMBL5735475,CHEMBL5727828,2020,6.0,nM,8.221848749616356,8.22,-0.001848749616355505,calcium_fluorescence,cinnamaldehyde,cinnamaldehyde,EC80,75.0,CHO,90.0,,compound_before_agonist,human | not_reported | calcium_fluorescence | cinnamaldehyde | EC80 | NA | CHO | compound_before_agonist | NA,9,,0,not_reported,verified_protocol,Paired patent table has 10- and 90-min hTRPA1 IC50; assay values match 90-min column.,1,False,True,True,,
28038185,4430204,CHEMBL5975671,CHEMBL5975671,Cc1ccnc2nc(N)n(Cc3nc([C@@H]4CO[C@@H](c5ccc(Cl)cc5)C4)no3)c(=O)c12,CHEMBL5735475,CHEMBL5727828,2020,1.5,nM,8.823908740944319,8.82,-0.003908740944318367,calcium_fluorescence,cinnamaldehyde,cinnamaldehyde,EC80,75.0,CHO,90.0,,compound_before_agonist,human | not_reported | calcium_fluorescence | cinnamaldehyde | EC80 | NA | CHO | compound_before_agonist | NA,9,,0,not_reported,verified_protocol,Paired patent table has 10- and 90-min hTRPA1 IC50; assay values match 90-min column.,1,False,True,True,,
28038191,4430205,CHEMBL5907836,CHEMBL5907836,Cn1cnc2nc(N)n(Cc3nc([C@@H]4CO[C@@H](c5ccc(C(F)(F)F)cc5)C4)no3)c(=O)c21,CHEMBL5735475,CHEMBL5727828,2020,11.0,nM,7.958607314841775,7.96,0.0013926851582253263,calcium_fluorescence,cinnamaldehyde,cinnamaldehyde,EC80,75.0,CHO,90.0,,compound_before_agonist,human | not_reported | calcium_fluorescence | cinnamaldehyde | EC80 | NA | CHO | compound_before_agonist | NA,9,,0,not_reported,verified_protocol,Paired patent table has 10- and 90-min hTRPA1 IC50; assay values match 90-min column.,1,False,True,True,,
28038197,4430206,CHEMBL5786125,CHEMBL5786125,Cc1nc2ncn(C)c2c(=O)n1Cc1nc([C@@H]2CO[C@@H](c3ccc(F)cc3)C2)no1,CHEMBL5735475,CHEMBL5727828,2020,13.0,nM,7.886056647693163,7.89,0.003943352306836623,calcium_fluorescence,cinnamaldehyde,cinnamaldehyde,EC80,75.0,CHO,90.0,,compound_before_agonist,human | not_reported | calcium_fluorescence | cinnamaldehyde | EC80 | NA | CHO | compound_before_agonist | NA,9,,0,not_reported,verified_protocol,Paired patent table has 10- and 90-min hTRPA1 IC50; assay values match 90-min column.,1,False,True,True,,
28038203,4430207,CHEMBL5797572,CHEMBL5797572,Cc1cnn2ncn(Cc3nc([C@@H]4CO[C@@H](c5ccc6cnn(C)c6c5)C4)no3)c(=O)c12,CHEMBL5735475,CHEMBL5727828,2020,2.3,nM,8.638272163982407,8.64,0.0017278360175936314,calcium_fluorescence,cinnamaldehyde,cinnamaldehyde,EC80,75.0,CHO,90.0,,compound_before_agonist,human | not_reported | calcium_fluorescence | cinnamaldehyde | EC80 | NA | CHO | compound_before_agonist | NA,9,,0,not_reported,verified_protocol,Paired patent table has 10- and 90-min hTRPA1 IC50; assay values match 90-min column.,1,False,True,True,,
28038209,4430208,CHEMBL6061994,CHEMBL6061994,Cc1cnn2ncn(Cc3nc([C@@H]4CO[C@@H](c5ccc6cn[nH]c6c5)C4)no3)c(=O)c12,CHEMBL5735475,CHEMBL5727828,2020,7.5,nM,8.1249387366083,8.12,-0.004938736608300687,calcium_fluorescence,cinnamaldehyde,cinnamaldehyde,EC80,75.0,CHO,90.0,,compound_before_agonist,human | not_reported | calcium_fluorescence | cinnamaldehyde | EC80 | NA | CHO | compound_before_agonist | NA,9,,0,not_reported,verified_protocol,Paired patent table has 10- and 90-min hTRPA1 IC50; assay values match 90-min column.,1,False,True,True,,
28038215,4430209,CHEMBL6042892,CHEMBL6042892,Cn1nnc2cnn(Cc3nc([C@@H]4CO[C@@H](c5ccc(Cl)cc5)C4)no3)c(=O)c21,CHEMBL5735475,CHEMBL5727828,2020,43.0,nM,7.366531544420414,7.37,0.003468455579586305,calcium_fluorescence,cinnamaldehyde,cinnamaldehyde,EC80,75.0,CHO,90.0,,compound_before_agonist,human | not_reported | calcium_fluorescence | cinnamaldehyde | EC80 | NA | CHO | compound_before_agonist | NA,9,,0,not_reported,verified_protocol,Paired patent table has 10- and 90-min hTRPA1 IC50; assay values match 90-min column.,1,False,True,True,,
28038221,4430210,CHEMBL5895814,CHEMBL5895814,Cn1cnc2nnn(Cc3nc([C@@H]4CO[C@@H](c5ccc(Cl)cc5)C4)no3)c(=O)c21,CHEMBL5735475,CHEMBL5727828,2020,11.0,nM,7.958607314841775,7.96,0.0013926851582253263,calcium_fluorescence,cinnamaldehyde,cinnamaldehyde,EC80,75.0,CHO,90.0,,compound_before_agonist,human | not_reported | calcium_fluorescence | cinnamaldehyde | EC80 | NA | CHO | compound_before_agonist | NA,9,,0,not_reported,verified_protocol,Paired patent table has 10- and 90-min hTRPA1 IC50; assay values match 90-min column.,1,False,True,True,,
28038227,4430211,CHEMBL5773914,CHEMBL5773914,Cc1cnn2ncn(Cc3nc([C@@H]4CO[C@@H](c5ccc6ncsc6c5)C4)no3)c(=O)c12,CHEMBL5735475,CHEMBL5727828,2020,40.0,nM,7.3979400086720375,7.4,0.0020599913279628623,calcium_fluorescence,cinnamaldehyde,cinnamaldehyde,EC80,75.0,CHO,90.0,,compound_before_agonist,human | not_reported | calcium_fluorescence | cinnamaldehyde | EC80 | NA | CHO | compound_before_agonist | NA,9,,0,not_reported,verified_protocol,Paired patent table has 10- and 90-min hTRPA1 IC50; assay values match 90-min column.,1,False,True,True,,
28038233,4430212,CHEMBL5912945,CHEMBL5912945,Nc1nn2ncc(Cl)c2c(=O)n1Cc1nc([C@@H]2CO[C@@H](c3ccc(F)cc3)C2)no1,CHEMBL5735475,CHEMBL5727828,2020,6.6,nM,8.18045606445813,8.18,-0.0004560644581310669,calcium_fluorescence,cinnamaldehyde,cinnamaldehyde,EC80,75.0,CHO,90.0,,compound_before_agonist,human | not_reported | calcium_fluorescence | cinnamaldehyde | EC80 | NA | CHO | compound_before_agonist | NA,9,,0,not_reported,verified_protocol,Paired patent table has 10- and 90-min hTRPA1 IC50; assay values match 90-min column.,1,False,True,True,,
28038239,4430213,CHEMBL5813133,CHEMBL5813133,Cn1cnc2nc(N)n(Cc3nc([C@@H]4CO[C@@H](c5ccc(F)cc5)C4)no3)c(=O)c21,CHEMBL5735475,CHEMBL5727828,2020,6.6,nM,8.18045606445813,8.18,-0.0004560644581310669,calcium_fluorescence,cinnamaldehyde,cinnamaldehyde,EC80,75.0,CHO,90.0,,compound_before_agonist,human | not_reported | calcium_fluorescence | cinnamaldehyde | EC80 | NA | CHO | compound_before_agonist | NA,9,,0,not_reported,verified_protocol,Paired patent table has 10- and 90-min hTRPA1 IC50; assay values match 90-min column.,1,False,True,True,,
28038245,4430214,CHEMBL5768800,CHEMBL5768800,Cc1c(N)nn2ncn(Cc3nc([C@@H]4CO[C@@H](c5ccc(F)cc5)C4)no3)c(=O)c12,CHEMBL5735475,CHEMBL5727828,2020,46.0,nM,7.337242168318426,7.34,0.0027578316815741744,calcium_fluorescence,cinnamaldehyde,cinnamaldehyde,EC80,75.0,CHO,90.0,,compound_before_agonist,human | not_reported | calcium_fluorescence | cinnamaldehyde | EC80 | NA | CHO | compound_before_agonist | NA,9,,0,not_reported,verified_protocol,Paired patent table has 10- and 90-min hTRPA1 IC50; assay values match 90-min column.,1,False,True,True,,
28038251,4430215,CHEMBL6043197,CHEMBL6043197,O=c1c2c(cnn1Cc1nc([C@@H]3CO[C@@H](c4ccc(Cl)cc4)C3)no1)CNCC2,CHEMBL5735475,CHEMBL5727828,2020,97.0,nM,7.013228265733755,7.01,-0.003228265733755009,calcium_fluorescence,cinnamaldehyde,cinnamaldehyde,EC80,75.0,CHO,90.0,,compound_before_agonist,human | not_reported | calcium_fluorescence | cinnamaldehyde | EC80 | NA | CHO | compound_before_agonist | NA,9,,0,not_reported,verified_protocol,Paired patent table has 10- and 90-min hTRPA1 IC50; assay values match 90-min column.,1,False,True,True,,
28038257,4430216,CHEMBL5934054,CHEMBL5934054,O=c1c2cccnc2ncn1Cc1nc([C@@H]2CO[C@@H](c3ccc(F)cc3)C2)no1,CHEMBL5735475,CHEMBL5727828,2020,82.0,nM,7.086186147616283,7.09,0.003813852383716565,calcium_fluorescence,cinnamaldehyde,cinnamaldehyde,EC80,75.0,CHO,90.0,,compound_before_agonist,human | not_reported | calcium_fluorescence | cinnamaldehyde | EC80 | NA | CHO | compound_before_agonist | NA,9,,0,not_reported,verified_protocol,Paired patent table has 10- and 90-min hTRPA1 IC50; assay values match 90-min column.,1,False,True,True,,
28038263,4430143,CHEMBL6035384,CHEMBL6035384,Cc1cnn2ncn(Cc3nc([C@@H]4CO[C@@H](c5ccc(Cl)cn5)C4)no3)c(=O)c12,CHEMBL5735475,CHEMBL5727828,2020,14.0,nM,7.853871964321762,7.85,-0.003871964321762178,calcium_fluorescence,cinnamaldehyde,cinnamaldehyde,EC80,75.0,CHO,90.0,,compound_before_agonist,human | not_reported | calcium_fluorescence | cinnamaldehyde | EC80 | NA | CHO | compound_before_agonist | NA,9,,0,not_reported,verified_protocol,Paired patent table has 10- and 90-min hTRPA1 IC50; assay values match 90-min column.,2,True,True,True,,
28038269,4430217,CHEMBL5997995,CHEMBL5997995,Nc1nn2c(C(F)(F)F)ncc2c(=O)n1Cc1nc([C@@H]2CO[C@@H](c3ccc(Cl)cc3)C2)no1,CHEMBL5735475,CHEMBL5727828,2020,2.1,nM,8.67778070526608,8.68,0.0022192947339192415,calcium_fluorescence,cinnamaldehyde,cinnamaldehyde,EC80,75.0,CHO,90.0,,compound_before_agonist,human | not_reported | calcium_fluorescence | cinnamaldehyde | EC80 | NA | CHO | compound_before_agonist | NA,9,,0,not_reported,verified_protocol,Paired patent table has 10- and 90-min hTRPA1 IC50; assay values match 90-min column.,1,False,True,True,,
28038275,4430218,CHEMBL5795423,CHEMBL5795423,Cn1ncc2nc(N)n(Cc3nc([C@@H]4CO[C@@H](c5ccc(Cl)cc5)C4)no3)c(=O)c21,CHEMBL5735475,CHEMBL5727828,2020,1.7,nM,8.769551078621726,8.77,0.00044892137827368117,calcium_fluorescence,cinnamaldehyde,cinnamaldehyde,EC80,75.0,CHO,90.0,,compound_before_agonist,human | not_reported | calcium_fluorescence | cinnamaldehyde | EC80 | NA | CHO | compound_before_agonist | NA,9,,0,not_reported,verified_protocol,Paired patent table has 10- and 90-min hTRPA1 IC50; assay values match 90-min column.,1,False,True,True,,
28038281,4430219,CHEMBL5845011,CHEMBL5845011,Cn1ncc2ncn(Cc3nc([C@@H]4CO[C@@H](c5ccc(Cl)cc5)C4)no3)c(=O)c21,CHEMBL5735475,CHEMBL5727828,2020,32.0,nM,7.494850021680094,7.5,0.005149978319906268,calcium_fluorescence,cinnamaldehyde,cinnamaldehyde,EC80,75.0,CHO,90.0,,compound_before_agonist,human | not_reported | calcium_fluorescence | cinnamaldehyde | EC80 | NA | CHO | compound_before_agonist | NA,9,,0,not_reported,verified_protocol,Paired patent table has 10- and 90-min hTRPA1 IC50; assay values match 90-min column.,1,False,True,True,,
28038287,4430220,CHEMBL5872045,CHEMBL5872045,Cc1nc2nc(N)n(Cc3nc([C@@H]4CO[C@@H](c5ccc(Cl)cc5)C4)no3)c(=O)c2n1C,CHEMBL5735475,CHEMBL5727828,2020,6.2,nM,8.207608310501746,8.21,0.0023916894982551895,calcium_fluorescence,cinnamaldehyde,cinnamaldehyde,EC80,75.0,CHO,90.0,,compound_before_agonist,human | not_reported | calcium_fluorescence | cinnamaldehyde | EC80 | NA | CHO | compound_before_agonist | NA,9,,0,not_reported,verified_protocol,Paired patent table has 10- and 90-min hTRPA1 IC50; assay values match 90-min column.,1,False,True,True,,
28038293,4430221,CHEMBL5896296,CHEMBL5896296,Cn1c(=O)oc2ncn(Cc3nc([C@@H]4CO[C@@H](c5ccc(Cl)cc5)C4)no3)c(=O)c21,CHEMBL5735475,CHEMBL5727828,2020,1.8,nM,8.744727494896694,8.74,-0.0047274948966933295,calcium_fluorescence,cinnamaldehyde,cinnamaldehyde,EC80,75.0,CHO,90.0,,compound_before_agonist,human | not_reported | calcium_fluorescence | cinnamaldehyde | EC80 | NA | CHO | compound_before_agonist | NA,9,,0,not_reported,verified_protocol,Paired patent table has 10- and 90-min hTRPA1 IC50; assay values match 90-min column.,1,False,True,True,,
28038296,4430222,CHEMBL5831249,CHEMBL5831249,Nc1nc2ncsc2c(=O)n1Cc1nc([C@@H]2CO[C@@H](c3ccc(F)cc3)C2)no1,CHEMBL5735475,CHEMBL5727828,2020,2.3,nM,8.638272163982407,8.64,0.0017278360175936314,calcium_fluorescence,cinnamaldehyde,cinnamaldehyde,EC80,75.0,CHO,90.0,,compound_before_agonist,human | not_reported | calcium_fluorescence | cinnamaldehyde | EC80 | NA | CHO | compound_before_agonist | NA,9,,0,not_reported,verified_protocol,Paired patent table has 10- and 90-min hTRPA1 IC50; assay values match 90-min column.,1,False,True,True,,
28038302,4430223,CHEMBL6002716,CHEMBL6002716,Nc1nc2cccnc2n1Cc1nc([C@@H]2CO[C@@H](c3ccc(Cl)cc3)C2)no1,CHEMBL5735475,CHEMBL5727828,2020,7.5,nM,8.1249387366083,8.12,-0.004938736608300687,calcium_fluorescence,cinnamaldehyde,cinnamaldehyde,EC80,75.0,CHO,90.0,,compound_before_agonist,human | not_reported | calcium_fluorescence | cinnamaldehyde | EC80 | NA | CHO | compound_before_agonist | NA,9,,0,not_reported,verified_protocol,Paired patent table has 10- and 90-min hTRPA1 IC50; assay values match 90-min column.,1,False,True,True,,
28038308,4430224,CHEMBL5969034,CHEMBL5969034,Cn1nnc2nc(N)n(Cc3nc([C@@H]4CO[C@@H](c5ccc(Cl)cc5)C4)no3)c(=O)c21,CHEMBL5735475,CHEMBL5727828,2020,2.1,nM,8.67778070526608,8.68,0.0022192947339192415,calcium_fluorescence,cinnamaldehyde,cinnamaldehyde,EC80,75.0,CHO,90.0,,compound_before_agonist,human | not_reported | calcium_fluorescence | cinnamaldehyde | EC80 | NA | CHO | compound_before_agonist | NA,9,,0,not_reported,verified_protocol,Paired patent table has 10- and 90-min hTRPA1 IC50; assay values match 90-min column.,1,False,True,True,,
28038314,4430225,CHEMBL5782958,CHEMBL5782958,Cn1cnc2nc(N)n(Cc3nc([C@@H]4CO[C@@H](c5ccc(F)cc5)C4)no3)c2c1=O,CHEMBL5735475,CHEMBL5727828,2020,87.0,nM,7.060480747381382,7.06,-0.00048074738138215167,calcium_fluorescence,cinnamaldehyde,cinnamaldehyde,EC80,75.0,CHO,90.0,,compound_before_agonist,human | not_reported | calcium_fluorescence | cinnamaldehyde | EC80 | NA | CHO | compound_before_agonist | NA,9,,0,not_reported,verified_protocol,Paired patent table has 10- and 90-min hTRPA1 IC50; assay values match 90-min column.,1,False,True,True,,
28038320,4430226,CHEMBL5782035,CHEMBL5782035,Nc1nc2ncsc2c(=O)n1Cc1nc([C@@H]2CO[C@@H](c3ccc(Cl)cc3)C2)no1,CHEMBL5735475,CHEMBL5727828,2020,1.4,nM,8.853871964321762,8.85,-0.003871964321762178,calcium_fluorescence,cinnamaldehyde,cinnamaldehyde,EC80,75.0,CHO,90.0,,compound_before_agonist,human | not_reported | calcium_fluorescence | cinnamaldehyde | EC80 | NA | CHO | compound_before_agonist | NA,9,,0,not_reported,verified_protocol,Paired patent table has 10- and 90-min hTRPA1 IC50; assay values match 90-min column.,1,False,True,True,,
28038323,4430227,CHEMBL5828929,CHEMBL5828929,Cn1cnc2ncn(Cc3nc([C@H]4C[C@H](c5ccccc5)C4)no3)c(=O)c21,CHEMBL5735476,CHEMBL5727829,2020,225.0,nM,6.647817481888637,6.65,0.002182518111363052,calcium_fluorescence,cinnamaldehyde,cinnamaldehyde,EC50,75.0,CHO,,,compound_before_agonist,human | not_reported | calcium_fluorescence | cinnamaldehyde | EC50 | NA | CHO | compound_before_agonist | NA,9,,0,not_reported,partially_verified,Core context explicit; source says 10 or 90 min but this assay was not unambiguously mapped to one time.,1,False,True,True,,
28038326,4430228,CHEMBL5860081,CHEMBL5860081,Cn1cnc2ncn(Cc3nc([C@@H]4[C@H]5Cc6ccccc6[C@H]54)no3)c(=O)c21,CHEMBL5735476,CHEMBL5727829,2020,277.0,nM,6.557520230935552,6.56,0.002479769064447801,calcium_fluorescence,cinnamaldehyde,cinnamaldehyde,EC50,75.0,CHO,,,compound_before_agonist,human | not_reported | calcium_fluorescence | cinnamaldehyde | EC50 | NA | CHO | compound_before_agonist | NA,9,,0,not_reported,partially_verified,Core context explicit; source says 10 or 90 min but this assay was not unambiguously mapped to one time.,1,False,True,True,,
28038329,4430229,CHEMBL5906843,CHEMBL5906843,Cn1cnc2ncn(Cc3nc([C@H]4[C@@H]5Cc6ccccc6[C@@H]54)no3)c(=O)c21,CHEMBL5735476,CHEMBL5727829,2020,588.0,nM,6.230622673923861,6.23,-0.0006226739238606172,calcium_fluorescence,cinnamaldehyde,cinnamaldehyde,EC50,75.0,CHO,,,compound_before_agonist,human | not_reported | calcium_fluorescence | cinnamaldehyde | EC50 | NA | CHO | compound_before_agonist | NA,9,,0,not_reported,partially_verified,Core context explicit; source says 10 or 90 min but this assay was not unambiguously mapped to one time.,1,False,True,True,,
28038332,4430230,CHEMBL5820517,CHEMBL5820517,Cn1cnc2ncn(Cc3nc([C@H]4[C@@H]5CN(c6cccc(OC(F)(F)F)c6)C[C@@H]54)no3)c(=O)c21,CHEMBL5735476,CHEMBL5727829,2020,119.0,nM,6.924453038607469,6.92,-0.00445303860746904,calcium_fluorescence,cinnamaldehyde,cinnamaldehyde,EC50,75.0,CHO,,,compound_before_agonist,human | not_reported | calcium_fluorescence | cinnamaldehyde | EC50 | NA | CHO | compound_before_agonist | NA,9,,0,not_reported,partially_verified,Core context explicit; source says 10 or 90 min but this assay was not unambiguously mapped to one time.,1,False,True,True,,
28038335,4430231,CHEMBL5854360,CHEMBL5854360,Cn1cnc2ncn(Cc3nc([C@H]4[C@@H]5CN(c6cc(Cl)cc(Cl)c6)C[C@@H]54)no3)c(=O)c21,CHEMBL5735476,CHEMBL5727829,2020,272.0,nM,6.565431095965801,6.57,0.004568904034199406,calcium_fluorescence,cinnamaldehyde,cinnamaldehyde,EC50,75.0,CHO,,,compound_before_agonist,human | not_reported | calcium_fluorescence | cinnamaldehyde | EC50 | NA | CHO | compound_before_agonist | NA,9,,0,not_reported,partially_verified,Core context explicit; source says 10 or 90 min but this assay was not unambiguously mapped to one time.,1,False,True,True,,
28038338,4430232,CHEMBL5785384,CHEMBL5785384,Cn1cnc2ncn(Cc3nc([C@H]4[C@@H]5CN(c6ccc(OC(F)(F)F)cc6)C[C@@H]54)no3)c(=O)c21,CHEMBL5735476,CHEMBL5727829,2020,42.4,nM,7.372634143407267,7.37,-0.0026341434072669756,calcium_fluorescence,cinnamaldehyde,cinnamaldehyde,EC50,75.0,CHO,,,compound_before_agonist,human | not_reported | calcium_fluorescence | cinnamaldehyde | EC50 | NA | CHO | compound_before_agonist | NA,9,,0,not_reported,partially_verified,Core context explicit; source says 10 or 90 min but this assay was not unambiguously mapped to one time.,1,False,True,True,,
28038341,4430233,CHEMBL5819369,CHEMBL5819369,Cn1cnc2ncn(Cc3nc([C@H]4[C@@H]5CN(c6ccc(F)cc6)C[C@@H]54)no3)c(=O)c21,CHEMBL5735476,CHEMBL5727829,2020,31.0,nM,7.508638306165727,7.51,0.0013616938342728702,calcium_fluorescence,cinnamaldehyde,cinnamaldehyde,EC50,75.0,CHO,,,compound_before_agonist,human | not_reported | calcium_fluorescence | cinnamaldehyde | EC50 | NA | CHO | compound_before_agonist | NA,9,,0,not_reported,partially_verified,Core context explicit; source says 10 or 90 min but this assay was not unambiguously mapped to one time.,1,False,True,True,,
28038344,4430234,CHEMBL5924890,CHEMBL5924890,Cn1cnc2ncn(Cc3nc([C@H]4[C@@H]5CN(c6cccc(OC(F)F)c6)C[C@@H]54)no3)c(=O)c21,CHEMBL5735476,CHEMBL5727829,2020,105.0,nM,6.978810700930062,6.98,0.0011892990699386985,calcium_fluorescence,cinnamaldehyde,cinnamaldehyde,EC50,75.0,CHO,,,compound_before_agonist,human | not_reported | calcium_fluorescence | cinnamaldehyde | EC50 | NA | CHO | compound_before_agonist | NA,9,,0,not_reported,partially_verified,Core context explicit; source says 10 or 90 min but this assay was not unambiguously mapped to one time.,1,False,True,True,,
28038347,4430235,CHEMBL5873771,CHEMBL5873771,Cc1cncc2ncn(Cc3nc([C@H]4C[C@](O)(c5ccc(Cl)cc5)C4)no3)c(=O)c12,CHEMBL5735476,CHEMBL5727829,2020,30.9,nM,7.510041520575165,7.51,-4.152057516559893e-05,calcium_fluorescence,cinnamaldehyde,cinnamaldehyde,EC50,75.0,CHO,,,compound_before_agonist,human | not_reported | calcium_fluorescence | cinnamaldehyde | EC50 | NA | CHO | compound_before_agonist | NA,9,,0,not_reported,partially_verified,Core context explicit; source says 10 or 90 min but this assay was not unambiguously mapped to one time.,1,False,True,True,,
28038350,4430236,CHEMBL5754776,CHEMBL5754776,Cc1ccnc2ncn(Cc3nc([C@H]4C[C@](O)(c5ccc(Cl)cc5)C4)no3)c(=O)c12,CHEMBL5735476,CHEMBL5727829,2020,141.0,nM,6.85078088734462,6.85,-0.0007808873446206732,calcium_fluorescence,cinnamaldehyde,cinnamaldehyde,EC50,75.0,CHO,,,compound_before_agonist,human | not_reported | calcium_fluorescence | cinnamaldehyde | EC50 | NA | CHO | compound_before_agonist | NA,9,,0,not_reported,partially_verified,Core context explicit; source says 10 or 90 min but this assay was not unambiguously mapped to one time.,1,False,True,True,,
28038353,4430237,CHEMBL5833018,CHEMBL5833018,O=c1c2cccnc2ncn1Cc1nc([C@H]2C[C@](O)(c3ccc(Cl)cc3)C2)no1,CHEMBL5735476,CHEMBL5727829,2020,261.0,nM,6.583359492661719,6.58,-0.003359492661719088,calcium_fluorescence,cinnamaldehyde,cinnamaldehyde,EC50,75.0,CHO,,,compound_before_agonist,human | not_reported | calcium_fluorescence | cinnamaldehyde | EC50 | NA | CHO | compound_before_agonist | NA,9,,0,not_reported,partially_verified,Core context explicit; source says 10 or 90 min but this assay was not unambiguously mapped to one time.,1,False,True,True,,
28038356,4430238,CHEMBL5790079,CHEMBL5790079,Cn1cnc2ncn(Cc3nc([C@H]4[C@@H]5CN(c6ccc(OC(F)F)cc6)C[C@@H]54)no3)c(=O)c21,CHEMBL5735476,CHEMBL5727829,2020,50.4,nM,7.297569463554475,7.3,0.0024305364455248224,calcium_fluorescence,cinnamaldehyde,cinnamaldehyde,EC50,75.0,CHO,,,compound_before_agonist,human | not_reported | calcium_fluorescence | cinnamaldehyde | EC50 | NA | CHO | compound_before_agonist | NA,9,,0,not_reported,partially_verified,Core context explicit; source says 10 or 90 min but this assay was not unambiguously mapped to one time.,1,False,True,True,,
28038359,4430239,CHEMBL6051404,CHEMBL6051404,COc1cccc(N2C[C@@H]3[C@H](C2)[C@H]3c2noc(Cn3cnc4ncn(C)c4c3=O)n2)c1,CHEMBL5735476,CHEMBL5727829,2020,158.0,nM,6.801342913045577,6.8,-0.0013429130455770988,calcium_fluorescence,cinnamaldehyde,cinnamaldehyde,EC50,75.0,CHO,,,compound_before_agonist,human | not_reported | calcium_fluorescence | cinnamaldehyde | EC50 | NA | CHO | compound_before_agonist | NA,9,,0,not_reported,partially_verified,Core context explicit; source says 10 or 90 min but this assay was not unambiguously mapped to one time.,1,False,True,True,,
28038362,4430240,CHEMBL5942342,CHEMBL5942342,Cc1ccnc2ncn(Cc3nc([C@@H]4[C@H]5Cc6ccccc6[C@H]54)no3)c(=O)c12,CHEMBL5735476,CHEMBL5727829,2020,119.0,nM,6.924453038607469,6.92,-0.00445303860746904,calcium_fluorescence,cinnamaldehyde,cinnamaldehyde,EC50,75.0,CHO,,,compound_before_agonist,human | not_reported | calcium_fluorescence | cinnamaldehyde | EC50 | NA | CHO | compound_before_agonist | NA,9,,0,not_reported,partially_verified,Core context explicit; source says 10 or 90 min but this assay was not unambiguously mapped to one time.,1,False,True,True,,
28038365,4430241,CHEMBL6015050,CHEMBL6015050,Cc1ccnc2ncn(Cc3nc([C@H]4[C@@H]5Cc6ccccc6[C@@H]54)no3)c(=O)c12,CHEMBL5735476,CHEMBL5727829,2020,305.0,nM,6.515700160653214,6.52,0.004299839346785461,calcium_fluorescence,cinnamaldehyde,cinnamaldehyde,EC50,75.0,CHO,,,compound_before_agonist,human | not_reported | calcium_fluorescence | cinnamaldehyde | EC50 | NA | CHO | compound_before_agonist | NA,9,,0,not_reported,partially_verified,Core context explicit; source says 10 or 90 min but this assay was not unambiguously mapped to one time.,1,False,True,True,,
28038368,4430242,CHEMBL5806157,CHEMBL5806157,Cn1cnc2ncn(Cc3nc([C@H]4[C@@H]5CN(c6cccc(F)c6)C[C@@H]54)no3)c(=O)c21,CHEMBL5735476,CHEMBL5727829,2020,55.8,nM,7.253365801062421,7.25,-0.0033658010624213475,calcium_fluorescence,cinnamaldehyde,cinnamaldehyde,EC50,75.0,CHO,,,compound_before_agonist,human | not_reported | calcium_fluorescence | cinnamaldehyde | EC50 | NA | CHO | compound_before_agonist | NA,9,,0,not_reported,partially_verified,Core context explicit; source says 10 or 90 min but this assay was not unambiguously mapped to one time.,3,True,True,True,,
28038371,4430243,CHEMBL5949196,CHEMBL5949196,Cc1ccnc2ncn(Cc3nc([C@H]4C[C@H](c5ccc(Cl)cc5)C4)no3)c(=O)c12,CHEMBL5735476,CHEMBL5727829,2020,21.3,nM,7.671620396561262,7.67,-0.0016203965612620053,calcium_fluorescence,cinnamaldehyde,cinnamaldehyde,EC50,75.0,CHO,,,compound_before_agonist,human | not_reported | calcium_fluorescence | cinnamaldehyde | EC50 | NA | CHO | compound_before_agonist | NA,9,,0,not_reported,partially_verified,Core context explicit; source says 10 or 90 min but this assay was not unambiguously mapped to one time.,1,False,True,True,,
28038374,4430244,CHEMBL5948717,CHEMBL5948717,Cn1cnc2ncn(Cc3nc([C@H]4[C@@H]5CN(c6cccnc6)C[C@@H]54)no3)c(=O)c21,CHEMBL5735476,CHEMBL5727829,2020,778.0,nM,6.109020403010311,6.11,0.000979596989689746,calcium_fluorescence,cinnamaldehyde,cinnamaldehyde,EC50,75.0,CHO,,,compound_before_agonist,human | not_reported | calcium_fluorescence | cinnamaldehyde | EC50 | NA | CHO | compound_before_agonist | NA,9,,0,not_reported,partially_verified,Core context explicit; source says 10 or 90 min but this assay was not unambiguously mapped to one time.,1,False,True,True,,
28038377,4430245,CHEMBL6036727,CHEMBL6036727,Cc1cncc2ncn(Cc3nc([C@@H]4[C@H]5Cc6ccccc6[C@H]54)no3)c(=O)c12,CHEMBL5735476,CHEMBL5727829,2020,29.9,nM,7.52432881167557,7.52,-0.004328811675570421,calcium_fluorescence,cinnamaldehyde,cinnamaldehyde,EC50,75.0,CHO,,,compound_before_agonist,human | not_reported | calcium_fluorescence | cinnamaldehyde | EC50 | NA | CHO | compound_before_agonist | NA,9,,0,not_reported,partially_verified,Core context explicit; source says 10 or 90 min but this assay was not unambiguously mapped to one time.,1,False,True,True,,
28038380,4430246,CHEMBL5849425,CHEMBL5849425,Cc1cncc2ncn(Cc3nc([C@H]4[C@@H]5Cc6ccccc6[C@@H]54)no3)c(=O)c12,CHEMBL5735476,CHEMBL5727829,2020,94.3,nM,7.0254883072626715,7.03,0.004511692737328765,calcium_fluorescence,cinnamaldehyde,cinnamaldehyde,EC50,75.0,CHO,,,compound_before_agonist,human | not_reported | calcium_fluorescence | cinnamaldehyde | EC50 | NA | CHO | compound_before_agonist | NA,9,,0,not_reported,partially_verified,Core context explicit; source says 10 or 90 min but this assay was not unambiguously mapped to one time.,1,False,True,True,,
28038383,4430247,CHEMBL6016524,CHEMBL6016524,Cn1cnc2ncn(Cc3nc([C@H]4C[C@H](c5ccc(Cl)cc5)C4)no3)c(=O)c21,CHEMBL5735476,CHEMBL5727829,2020,70.5,nM,7.151810883008602,7.15,-0.0018108830086012162,calcium_fluorescence,cinnamaldehyde,cinnamaldehyde,EC50,75.0,CHO,,,compound_before_agonist,human | not_reported | calcium_fluorescence | cinnamaldehyde | EC50 | NA | CHO | compound_before_agonist | NA,9,,0,not_reported,partially_verified,Core context explicit; source says 10 or 90 min but this assay was not unambiguously mapped to one time.,1,False,True,True,,
28038386,4430248,CHEMBL5752252,CHEMBL5752252,Cn1cnc2c(C#N)nn(Cc3nc([C@H]4[C@@H]5CN(c6ccccc6)C[C@@H]54)no3)c2c1=O,CHEMBL5735476,CHEMBL5727829,2020,352.0,nM,6.453457336521868,6.45,-0.003457336521868193,calcium_fluorescence,cinnamaldehyde,cinnamaldehyde,EC50,75.0,CHO,,,compound_before_agonist,human | not_reported | calcium_fluorescence | cinnamaldehyde | EC50 | NA | CHO | compound_before_agonist | NA,9,,0,not_reported,partially_verified,Core context explicit; source says 10 or 90 min but this assay was not unambiguously mapped to one time.,1,False,True,True,,
28038389,4430249,CHEMBL5929425,CHEMBL5929425,Cn1cnc2ncn(Cc3nc([C@H]4C[C@](F)(c5ccc(Cl)cc5)C4)no3)c(=O)c21,CHEMBL5735476,CHEMBL5727829,2020,88.6,nM,7.052566278112949,7.05,-0.002566278112949405,calcium_fluorescence,cinnamaldehyde,cinnamaldehyde,EC50,75.0,CHO,,,compound_before_agonist,human | not_reported | calcium_fluorescence | cinnamaldehyde | EC50 | NA | CHO | compound_before_agonist | NA,9,,0,not_reported,partially_verified,Core context explicit; source says 10 or 90 min but this assay was not unambiguously mapped to one time.,1,False,True,True,,
28038392,4430250,CHEMBL5793575,CHEMBL5793575,Cn1cnc2ncn(Cc3nc([C@@H]4[C@@H]5CN(c6cccc(Cl)c6)C[C@@H]54)no3)c(=O)c21,CHEMBL5735476,CHEMBL5727829,2020,8.38,nM,8.076755981369724,8.08,0.0032440186302764573,calcium_fluorescence,cinnamaldehyde,cinnamaldehyde,EC50,75.0,CHO,,,compound_before_agonist,human | not_reported | calcium_fluorescence | cinnamaldehyde | EC50 | NA | CHO | compound_before_agonist | NA,9,,0,not_reported,partially_verified,Core context explicit; source says 10 or 90 min but this assay was not unambiguously mapped to one time.,1,False,True,True,,
28038395,4430251,CHEMBL5801630,CHEMBL5801630,Cn1cnc2ncn(Cc3nc([C@H]4[C@@H]5CN(c6ccc(Cl)cc6)C[C@@H]54)no3)c(=O)c21,CHEMBL5735476,CHEMBL5727829,2020,20.4,nM,7.690369832574101,7.69,-0.0003698325741003927,calcium_fluorescence,cinnamaldehyde,cinnamaldehyde,EC50,75.0,CHO,,,compound_before_agonist,human | not_reported | calcium_fluorescence | cinnamaldehyde | EC50 | NA | CHO | compound_before_agonist | NA,9,,0,not_reported,partially_verified,Core context explicit; source says 10 or 90 min but this assay was not unambiguously mapped to one time.,1,False,True,True,,
28038398,4430252,CHEMBL6023045,CHEMBL6023045,Cn1cnc2ncn(Cc3nc([C@H]4[C@@H]5CN(c6ccccc6)C[C@@H]54)no3)c(=O)c21,CHEMBL5735476,CHEMBL5727829,2020,28.7,nM,7.542118103266008,7.54,-0.002118103266007587,calcium_fluorescence,cinnamaldehyde,cinnamaldehyde,EC50,75.0,CHO,,,compound_before_agonist,human | not_reported | calcium_fluorescence | cinnamaldehyde | EC50 | NA | CHO | compound_before_agonist | NA,9,,0,not_reported,partially_verified,Core context explicit; source says 10 or 90 min but this assay was not unambiguously mapped to one time.,1,False,True,True,,
28038401,4430253,CHEMBL6019879,CHEMBL6019879,Cc1ccnc2ncn(Cc3nc(C4Cc5ccccc5C4)no3)c(=O)c12,CHEMBL5735476,CHEMBL5727829,2020,531.0,nM,6.274905478918531,6.28,0.005094521081469239,calcium_fluorescence,cinnamaldehyde,cinnamaldehyde,EC50,75.0,CHO,,,compound_before_agonist,human | not_reported | calcium_fluorescence | cinnamaldehyde | EC50 | NA | CHO | compound_before_agonist | NA,9,,0,not_reported,partially_verified,Core context explicit; source says 10 or 90 min but this assay was not unambiguously mapped to one time.,1,False,True,True,,
28038404,4430254,CHEMBL6048714,CHEMBL6048714,Cn1cnc2ncn(Cc3nc([C@H]4C[C@](O)(c5ccc(Cl)cc5)C4)no3)c(=O)c21,CHEMBL5735476,CHEMBL5727829,2020,643.0,nM,6.191789027075778,6.19,-0.0017890270757776605,calcium_fluorescence,cinnamaldehyde,cinnamaldehyde,EC50,75.0,CHO,,,compound_before_agonist,human | not_reported | calcium_fluorescence | cinnamaldehyde | EC50 | NA | CHO | compound_before_agonist | NA,9,,0,not_reported,partially_verified,Core context explicit; source says 10 or 90 min but this assay was not unambiguously mapped to one time.,1,False,True,True,,
28038407,4430255,CHEMBL5910674,CHEMBL5910674,Cc1ccnc2ncn(Cc3nc([C@H]4[C@@H]5CN(c6ccc(Cl)cc6)C[C@@H]54)no3)c(=O)c12,CHEMBL5735476,CHEMBL5727829,2020,290.0,nM,6.537602002101044,6.54,0.0023979978989556727,calcium_fluorescence,cinnamaldehyde,cinnamaldehyde,EC50,75.0,CHO,,,compound_before_agonist,human | not_reported | calcium_fluorescence | cinnamaldehyde | EC50 | NA | CHO | compound_before_agonist | NA,9,,0,not_reported,partially_verified,Core context explicit; source says 10 or 90 min but this assay was not unambiguously mapped to one time.,1,False,True,True,,
28038410,4430256,CHEMBL5853460,CHEMBL5853460,Cn1cnc2ncn(Cc3nc([C@H]4[C@@H]5CN(c6cccc(C(F)(F)F)c6)C[C@@H]54)no3)c(=O)c21,CHEMBL5735476,CHEMBL5727829,2020,52.7,nM,7.278189384787454,7.28,0.0018106152125465513,calcium_fluorescence,cinnamaldehyde,cinnamaldehyde,EC50,75.0,CHO,,,compound_before_agonist,human | not_reported | calcium_fluorescence | cinnamaldehyde | EC50 | NA | CHO | compound_before_agonist | NA,9,,0,not_reported,partially_verified,Core context explicit; source says 10 or 90 min but this assay was not unambiguously mapped to one time.,1,False,True,True,,
28038413,4430257,CHEMBL5942290,CHEMBL5942290,Cn1cnc2ncn(Cc3nc([C@H]4[C@@H]5CN(c6ccc(C(F)(F)F)cc6)C[C@@H]54)no3)c(=O)c21,CHEMBL5735476,CHEMBL5727829,2020,97.1,nM,7.012780770091995,7.01,-0.002780770091995066,calcium_fluorescence,cinnamaldehyde,cinnamaldehyde,EC50,75.0,CHO,,,compound_before_agonist,human | not_reported | calcium_fluorescence | cinnamaldehyde | EC50 | NA | CHO | compound_before_agonist | NA,9,,0,not_reported,partially_verified,Core context explicit; source says 10 or 90 min but this assay was not unambiguously mapped to one time.,1,False,True,True,,
28038416,4430258,CHEMBL5784487,CHEMBL5784487,Cn1cnc2ncn(Cc3nc([C@H]4[C@@H]5CN(c6ccc(C=O)cc6)C[C@@H]54)no3)c(=O)c21,CHEMBL5735476,CHEMBL5727829,2020,54.9,nM,7.260427655549908,7.26,-0.00042765554990786825,calcium_fluorescence,cinnamaldehyde,cinnamaldehyde,EC50,75.0,CHO,,,compound_before_agonist,human | not_reported | calcium_fluorescence | cinnamaldehyde | EC50 | NA | CHO | compound_before_agonist | NA,9,,0,not_reported,partially_verified,Core context explicit; source says 10 or 90 min but this assay was not unambiguously mapped to one time.,1,False,True,True,,
28038419,4430259,CHEMBL5776029,CHEMBL5776029,Cn1cnc2ncn(Cc3nc([C@H]4[C@@H]5CN(c6ccc7ccccc7c6)C[C@@H]54)no3)c(=O)c21,CHEMBL5735476,CHEMBL5727829,2020,7.31,nM,8.136082623042139,8.14,0.003917376957861762,calcium_fluorescence,cinnamaldehyde,cinnamaldehyde,EC50,75.0,CHO,,,compound_before_agonist,human | not_reported | calcium_fluorescence | cinnamaldehyde | EC50 | NA | CHO | compound_before_agonist | NA,9,,0,not_reported,partially_verified,Core context explicit; source says 10 or 90 min but this assay was not unambiguously mapped to one time.,1,False,True,True,,
28038422,4430260,CHEMBL5924185,CHEMBL5924185,Cn1cnc2ncn(Cc3nc([C@H]4[C@@H]5CN(c6ccc(Cl)nc6)C[C@@H]54)no3)c(=O)c21,CHEMBL5735476,CHEMBL5727829,2020,464.0,nM,6.333482019445119,6.33,-0.0034820194451192776,calcium_fluorescence,cinnamaldehyde,cinnamaldehyde,EC50,75.0,CHO,,,compound_before_agonist,human | not_reported | calcium_fluorescence | cinnamaldehyde | EC50 | NA | CHO | compound_before_agonist | NA,9,,0,not_reported,partially_verified,Core context explicit; source says 10 or 90 min but this assay was not unambiguously mapped to one time.,1,False,True,True,,
28038425,4430261,CHEMBL6003086,CHEMBL6003086,COc1ccc(N2C[C@@H]3[C@H](C2)[C@H]3c2noc(Cn3cnc4ncn(C)c4c3=O)n2)cc1,CHEMBL5735476,CHEMBL5727829,2020,48.0,nM,7.318758762624412,7.32,0.0012412373755879003,calcium_fluorescence,cinnamaldehyde,cinnamaldehyde,EC50,75.0,CHO,,,compound_before_agonist,human | not_reported | calcium_fluorescence | cinnamaldehyde | EC50 | NA | CHO | compound_before_agonist | NA,9,,0,not_reported,partially_verified,Core context explicit; source says 10 or 90 min but this assay was not unambiguously mapped to one time.,1,False,True,True,,
28038428,4430262,CHEMBL5878138,CHEMBL5878138,Cc1cncc2ncn(Cc3nc([C@H]4[C@@H]5CN(c6ccc(Cl)cc6)C[C@@H]54)no3)c(=O)c12,CHEMBL5735476,CHEMBL5727829,2020,71.4,nM,7.146301788223825,7.15,0.003698211776175242,calcium_fluorescence,cinnamaldehyde,cinnamaldehyde,EC50,75.0,CHO,,,compound_before_agonist,human | not_reported | calcium_fluorescence | cinnamaldehyde | EC50 | NA | CHO | compound_before_agonist | NA,9,,0,not_reported,partially_verified,Core context explicit; source says 10 or 90 min but this assay was not unambiguously mapped to one time.,1,False,True,True,,
28038431,4430263,CHEMBL6048512,CHEMBL6048512,Cc1cncc2ncn(Cc3nc([C@H]4C[C@](F)(c5ccc(Cl)cc5)C4)no3)c(=O)c12,CHEMBL5735476,CHEMBL5727829,2020,22.8,nM,7.642065152999546,7.64,-0.002065152999546349,calcium_fluorescence,cinnamaldehyde,cinnamaldehyde,EC50,75.0,CHO,,,compound_before_agonist,human | not_reported | calcium_fluorescence | cinnamaldehyde | EC50 | NA | CHO | compound_before_agonist | NA,9,,0,not_reported,partially_verified,Core context explicit; source says 10 or 90 min but this assay was not unambiguously mapped to one time.,1,False,True,True,,
28038434,4430264,CHEMBL5933408,CHEMBL5933408,Cc1ccnc2ncn(Cc3nc([C@H]4C[C@](F)(c5ccc(Cl)cc5)C4)no3)c(=O)c12,CHEMBL5735476,CHEMBL5727829,2020,28.9,nM,7.539102157243452,7.54,0.0008978427565482505,calcium_fluorescence,cinnamaldehyde,cinnamaldehyde,EC50,75.0,CHO,,,compound_before_agonist,human | not_reported | calcium_fluorescence | cinnamaldehyde | EC50 | NA | CHO | compound_before_agonist | NA,9,,0,not_reported,partially_verified,Core context explicit; source says 10 or 90 min but this assay was not unambiguously mapped to one time.,1,False,True,True,,
28038437,4430265,CHEMBL5808811,CHEMBL5808811,Cn1cnc2ncn(Cc3nc([C@@H]4[C@H]5Cc6c(Cl)cccc6[C@H]54)no3)c(=O)c21,CHEMBL5735476,CHEMBL5727829,2020,36.3,nM,7.440093374963888,7.44,-9.33749638871717e-05,calcium_fluorescence,cinnamaldehyde,cinnamaldehyde,EC50,75.0,CHO,,,compound_before_agonist,human | not_reported | calcium_fluorescence | cinnamaldehyde | EC50 | NA | CHO | compound_before_agonist | NA,9,,0,not_reported,partially_verified,Core context explicit; source says 10 or 90 min but this assay was not unambiguously mapped to one time.,1,False,True,True,,
28038440,4430266,CHEMBL5798393,CHEMBL5798393,Cn1cnc2ncn(Cc3nc([C@H]4[C@@H]5Cc6c(Cl)cccc6[C@@H]54)no3)c(=O)c21,CHEMBL5735476,CHEMBL5727829,2020,143.0,nM,6.844663962534938,6.84,-0.004663962534937838,calcium_fluorescence,cinnamaldehyde,cinnamaldehyde,EC50,75.0,CHO,,,compound_before_agonist,human | not_reported | calcium_fluorescence | cinnamaldehyde | EC50 | NA | CHO | compound_before_agonist | NA,9,,0,not_reported,partially_verified,Core context explicit; source says 10 or 90 min but this assay was not unambiguously mapped to one time.,1,False,True,True,,
28038443,4430267,CHEMBL5959974,CHEMBL5959974,Cn1cnc2ncn(Cc3nc([C@H]4[C@@H]5Cc6cc(Cl)ccc6[C@@H]54)no3)c(=O)c21,CHEMBL5735476,CHEMBL5727829,2020,377.0,nM,6.423658649794207,6.42,-0.0036586497942074914,calcium_fluorescence,cinnamaldehyde,cinnamaldehyde,EC50,75.0,CHO,,,compound_before_agonist,human | not_reported | calcium_fluorescence | cinnamaldehyde | EC50 | NA | CHO | compound_before_agonist | NA,9,,0,not_reported,partially_verified,Core context explicit; source says 10 or 90 min but this assay was not unambiguously mapped to one time.,1,False,True,True,,
28038446,4430268,CHEMBL5949558,CHEMBL5949558,Cn1cnc2ncn(Cc3nc([C@@H]4[C@H]5Cc6cc(Cl)ccc6[C@H]54)no3)c(=O)c21,CHEMBL5735476,CHEMBL5727829,2020,73.7,nM,7.132532512140949,7.13,-0.0025325121409487394,calcium_fluorescence,cinnamaldehyde,cinnamaldehyde,EC50,75.0,CHO,,,compound_before_agonist,human | not_reported | calcium_fluorescence | cinnamaldehyde | EC50 | NA | CHO | compound_before_agonist | NA,9,,0,not_reported,partially_verified,Core context explicit; source says 10 or 90 min but this assay was not unambiguously mapped to one time.,1,False,True,True,,
28038449,4430269,CHEMBL5871159,CHEMBL5871159,Cn1cnc2ncn(Cc3nc([C@H]4C[C@H](c5cccc(Cl)c5)C4)no3)c(=O)c21,CHEMBL5735476,CHEMBL5727829,2020,31.1,nM,7.507239610973162,7.51,0.0027603890268377285,calcium_fluorescence,cinnamaldehyde,cinnamaldehyde,EC50,75.0,CHO,,,compound_before_agonist,human | not_reported | calcium_fluorescence | cinnamaldehyde | EC50 | NA | CHO | compound_before_agonist | NA,9,,0,not_reported,partially_verified,Core context explicit; source says 10 or 90 min but this assay was not unambiguously mapped to one time.,1,False,True,True,,
28038452,4430270,CHEMBL5834986,CHEMBL5834986,Cn1cnc2ncn(Cc3nc([C@H]4[C@@H]5CN(c6cncc(Cl)c6)C[C@@H]54)no3)c(=O)c21,CHEMBL5735476,CHEMBL5727829,2020,287.0,nM,6.542118103266008,6.54,-0.002118103266007587,calcium_fluorescence,cinnamaldehyde,cinnamaldehyde,EC50,75.0,CHO,,,compound_before_agonist,human | not_reported | calcium_fluorescence | cinnamaldehyde | EC50 | NA | CHO | compound_before_agonist | NA,9,,0,not_reported,partially_verified,Core context explicit; source says 10 or 90 min but this assay was not unambiguously mapped to one time.,1,False,True,True,,
28038455,4430271,CHEMBL5828855,CHEMBL5828855,Cn1cnc2ncn(Cc3nc([C@H]4[C@@H]5Cc6ccccc6C[C@@H]54)no3)c(=O)c21,CHEMBL5735476,CHEMBL5727829,2020,76.6,nM,7.115771230367396,7.12,0.004228769632604212,calcium_fluorescence,cinnamaldehyde,cinnamaldehyde,EC50,75.0,CHO,,,compound_before_agonist,human | not_reported | calcium_fluorescence | cinnamaldehyde | EC50 | NA | CHO | compound_before_agonist | NA,9,,0,not_reported,partially_verified,Core context explicit; source says 10 or 90 min but this assay was not unambiguously mapped to one time.,1,False,True,True,,
28038458,4430272,CHEMBL5995838,CHEMBL5995838,Cn1cnc2ncn(Cc3nc([C@@H]4CC[C@@H](c5ccccc5)C4)no3)c(=O)c21,CHEMBL5735476,CHEMBL5727829,2020,149.0,nM,6.826813731587726,6.83,0.003186268412274096,calcium_fluorescence,cinnamaldehyde,cinnamaldehyde,EC50,75.0,CHO,,,compound_before_agonist,human | not_reported | calcium_fluorescence | cinnamaldehyde | EC50 | NA | CHO | compound_before_agonist | NA,9,,0,not_reported,partially_verified,Core context explicit; source says 10 or 90 min but this assay was not unambiguously mapped to one time.,1,False,True,True,,
28038461,4430273,CHEMBL5956832,CHEMBL5956832,Cn1cnc2ncn(Cc3nc([C@H]4C[C@H](c5ccc(OC(F)F)cc5)C4)no3)c(=O)c21,CHEMBL5735476,CHEMBL5727829,2020,142.0,nM,6.847711655616944,6.85,0.002288344383055474,calcium_fluorescence,cinnamaldehyde,cinnamaldehyde,EC50,75.0,CHO,,,compound_before_agonist,human | not_reported | calcium_fluorescence | cinnamaldehyde | EC50 | NA | CHO | compound_before_agonist | NA,9,,0,not_reported,partially_verified,Core context explicit; source says 10 or 90 min but this assay was not unambiguously mapped to one time.,1,False,True,True,,
28038464,4430274,CHEMBL5962769,CHEMBL5962769,Cn1cnc2ncn(Cc3nc([C@H]4C[C@H](c5ccc(OC(F)(F)F)cc5)C4)no3)c(=O)c21,CHEMBL5735476,CHEMBL5727829,2020,196.0,nM,6.707743928643524,6.71,0.002256071356476319,calcium_fluorescence,cinnamaldehyde,cinnamaldehyde,EC50,75.0,CHO,,,compound_before_agonist,human | not_reported | calcium_fluorescence | cinnamaldehyde | EC50 | NA | CHO | compound_before_agonist | NA,9,,0,not_reported,partially_verified,Core context explicit; source says 10 or 90 min but this assay was not unambiguously mapped to one time.,1,False,True,True,,
28038467,4430275,CHEMBL5820633,CHEMBL5820633,Cn1cnc2ncn(Cc3nc([C@H]4[C@@H]5CN(c6ccccc6Cl)C[C@@H]54)no3)c(=O)c21,CHEMBL5735476,CHEMBL5727829,2020,77.3,nM,7.111820506081675,7.11,-0.001820506081674722,calcium_fluorescence,cinnamaldehyde,cinnamaldehyde,EC50,75.0,CHO,,,compound_before_agonist,human | not_reported | calcium_fluorescence | cinnamaldehyde | EC50 | NA | CHO | compound_before_agonist | NA,9,,0,not_reported,partially_verified,Core context explicit; source says 10 or 90 min but this assay was not unambiguously mapped to one time.,1,False,True,True,,
28038470,4430276,CHEMBL6053710,CHEMBL6053710,Cn1cnc2ncn(Cc3nc([C@H]4[C@@H]5CN(c6ccc(Cl)c(Cl)c6)C[C@@H]54)no3)c(=O)c21,CHEMBL5735476,CHEMBL5727829,2020,64.3,nM,7.191789027075778,7.19,-0.0017890270757776605,calcium_fluorescence,cinnamaldehyde,cinnamaldehyde,EC50,75.0,CHO,,,compound_before_agonist,human | not_reported | calcium_fluorescence | cinnamaldehyde | EC50 | NA | CHO | compound_before_agonist | NA,9,,0,not_reported,partially_verified,Core context explicit; source says 10 or 90 min but this assay was not unambiguously mapped to one time.,1,False,True,True,,
28038473,4430277,CHEMBL5804080,CHEMBL5804080,Cn1cnc2ncn(Cc3nc([C@H]4[C@@H]5CN(c6cc(Cl)ccc6F)C[C@@H]54)no3)c(=O)c21,CHEMBL5735476,CHEMBL5727829,2020,12.5,nM,7.903089986991944,7.9,-0.0030899869919434053,calcium_fluorescence,cinnamaldehyde,cinnamaldehyde,EC50,75.0,CHO,,,compound_before_agonist,human | not_reported | calcium_fluorescence | cinnamaldehyde | EC50 | NA | CHO | compound_before_agonist | NA,9,,0,not_reported,partially_verified,Core context explicit; source says 10 or 90 min but this assay was not unambiguously mapped to one time.,1,False,True,True,,
28038476,4430278,CHEMBL5978169,CHEMBL5978169,Cn1cnc2ncn(Cc3nc([C@H]4[C@@H]5CN(c6cc(F)cc(Cl)c6)C[C@@H]54)no3)c(=O)c21,CHEMBL5735476,CHEMBL5727829,2020,20.5,nM,7.688246138944246,7.69,0.0017538610557545908,calcium_fluorescence,cinnamaldehyde,cinnamaldehyde,EC50,75.0,CHO,,,compound_before_agonist,human | not_reported | calcium_fluorescence | cinnamaldehyde | EC50 | NA | CHO | compound_before_agonist | NA,9,,0,not_reported,partially_verified,Core context explicit; source says 10 or 90 min but this assay was not unambiguously mapped to one time.,1,False,True,True,,
28038479,4430279,CHEMBL5833560,CHEMBL5833560,Cn1cnc2ncn(Cc3nc([C@H]4[C@@H]5CN(c6ccc(F)c(Cl)c6)C[C@@H]54)no3)c(=O)c21,CHEMBL5735476,CHEMBL5727829,2020,9.78,nM,8.009661145212398,8.01,0.00033885478760176113,calcium_fluorescence,cinnamaldehyde,cinnamaldehyde,EC50,75.0,CHO,,,compound_before_agonist,human | not_reported | calcium_fluorescence | cinnamaldehyde | EC50 | NA | CHO | compound_before_agonist | NA,9,,0,not_reported,partially_verified,Core context explicit; source says 10 or 90 min but this assay was not unambiguously mapped to one time.,1,False,True,True,,
28038482,4430280,CHEMBL5786572,CHEMBL5786572,Cn1cnc2ncn(Cc3nc([C@H]4[C@@H]5CN(c6cccc(C(F)F)c6)C[C@@H]54)no3)c(=O)c21,CHEMBL5735476,CHEMBL5727829,2020,64.4,nM,7.1911141326401875,7.19,-0.0011141326401871154,calcium_fluorescence,cinnamaldehyde,cinnamaldehyde,EC50,75.0,CHO,,,compound_before_agonist,human | not_reported | calcium_fluorescence | cinnamaldehyde | EC50 | NA | CHO | compound_before_agonist | NA,9,,0,not_reported,partially_verified,Core context explicit; source says 10 or 90 min but this assay was not unambiguously mapped to one time.,1,False,True,True,,
28038485,4430281,CHEMBL5989984,CHEMBL5989984,Cn1cnc2ncn(Cc3nc([C@H]4[C@@H]5CN(c6cccc(SC(F)(F)F)c6)C[C@@H]54)no3)c(=O)c21,CHEMBL5735476,CHEMBL5727829,2020,300.0,nM,6.522878745280337,6.52,-0.0028787452803378244,calcium_fluorescence,cinnamaldehyde,cinnamaldehyde,EC50,75.0,CHO,,,compound_before_agonist,human | not_reported | calcium_fluorescence | cinnamaldehyde | EC50 | NA | CHO | compound_before_agonist | NA,9,,0,not_reported,partially_verified,Core context explicit; source says 10 or 90 min but this assay was not unambiguously mapped to one time.,1,False,True,True,,
28038488,4430282,CHEMBL6039616,CHEMBL6039616,CC(=O)c1cccc(N2C[C@@H]3[C@H](C2)[C@H]3c2noc(Cn3cnc4ncn(C)c4c3=O)n2)c1,CHEMBL5735476,CHEMBL5727829,2020,295.0,nM,6.530177984021837,6.53,-0.00017798402183633044,calcium_fluorescence,cinnamaldehyde,cinnamaldehyde,EC50,75.0,CHO,,,compound_before_agonist,human | not_reported | calcium_fluorescence | cinnamaldehyde | EC50 | NA | CHO | compound_before_agonist | NA,9,,0,not_reported,partially_verified,Core context explicit; source says 10 or 90 min but this assay was not unambiguously mapped to one time.,1,False,True,True,,
28038491,4430283,CHEMBL5941868,CHEMBL5941868,Cn1cnc2ncn(Cc3nc([C@H]4[C@@H]5CN(c6ccc7c(c6)CCC7)C[C@@H]54)no3)c(=O)c21,CHEMBL5735476,CHEMBL5727829,2020,111.0,nM,6.954677021213342,6.96,0.005322978786657551,calcium_fluorescence,cinnamaldehyde,cinnamaldehyde,EC50,75.0,CHO,,,compound_before_agonist,human | not_reported | calcium_fluorescence | cinnamaldehyde | EC50 | NA | CHO | compound_before_agonist | NA,9,,0,not_reported,partially_verified,Core context explicit; source says 10 or 90 min but this assay was not unambiguously mapped to one time.,1,False,True,True,,
28038494,4430284,CHEMBL6051214,CHEMBL6051214,Cn1cnc2ncn(Cc3nc([C@H]4[C@@H]5CN(c6cccc(C7CC7)c6)C[C@@H]54)no3)c(=O)c21,CHEMBL5735476,CHEMBL5727829,2020,112.0,nM,6.950781977329818,6.95,-0.0007819773298178845,calcium_fluorescence,cinnamaldehyde,cinnamaldehyde,EC50,75.0,CHO,,,compound_before_agonist,human | not_reported | calcium_fluorescence | cinnamaldehyde | EC50 | NA | CHO | compound_before_agonist | NA,9,,0,not_reported,partially_verified,Core context explicit; source says 10 or 90 min but this assay was not unambiguously mapped to one time.,1,False,True,True,,
28038497,4430285,CHEMBL5813752,CHEMBL5813752,Cn1cnc2ncn(Cc3nc([C@H]4[C@@H]5CN(c6ccc7c(c6)CCCC7)C[C@@H]54)no3)c(=O)c21,CHEMBL5735476,CHEMBL5727829,2020,685.0,nM,6.164309428507575,6.16,-0.004309428507574431,calcium_fluorescence,cinnamaldehyde,cinnamaldehyde,EC50,75.0,CHO,,,compound_before_agonist,human | not_reported | calcium_fluorescence | cinnamaldehyde | EC50 | NA | CHO | compound_before_agonist | NA,9,,0,not_reported,partially_verified,Core context explicit; source says 10 or 90 min but this assay was not unambiguously mapped to one time.,1,False,True,True,,
28038500,4430286,CHEMBL5864778,CHEMBL5864778,O=c1c2ccncc2ncn1Cc1nc([C@H]2C[C@](F)(c3ccc(Cl)cc3)C2)no1,CHEMBL5735476,CHEMBL5727829,2020,190.0,nM,6.721246399047171,6.72,-0.001246399047171387,calcium_fluorescence,cinnamaldehyde,cinnamaldehyde,EC50,75.0,CHO,,,compound_before_agonist,human | not_reported | calcium_fluorescence | cinnamaldehyde | EC50 | NA | CHO | compound_before_agonist | NA,9,,0,not_reported,partially_verified,Core context explicit; source says 10 or 90 min but this assay was not unambiguously mapped to one time.,1,False,True,True,,
28038503,4430287,CHEMBL5803349,CHEMBL5803349,O=c1c2cccnc2ncn1Cc1nc([C@H]2C[C@H](c3cccc(Cl)c3)C2)no1,CHEMBL5735476,CHEMBL5727829,2020,49.0,nM,7.309803919971486,7.31,0.00019608002851345674,calcium_fluorescence,cinnamaldehyde,cinnamaldehyde,EC50,75.0,CHO,,,compound_before_agonist,human | not_reported | calcium_fluorescence | cinnamaldehyde | EC50 | NA | CHO | compound_before_agonist | NA,9,,0,not_reported,partially_verified,Core context explicit; source says 10 or 90 min but this assay was not unambiguously mapped to one time.,1,False,True,True,,
28038506,4430288,CHEMBL5753770,CHEMBL5753770,O=c1c2cccnc2ncn1Cc1nc([C@H]2C[C@](F)(c3ccc(Cl)cc3)C2)no1,CHEMBL5735476,CHEMBL5727829,2020,20.2,nM,7.694648630553377,7.7,0.005351369446623622,calcium_fluorescence,cinnamaldehyde,cinnamaldehyde,EC50,75.0,CHO,,,compound_before_agonist,human | not_reported | calcium_fluorescence | cinnamaldehyde | EC50 | NA | CHO | compound_before_agonist | NA,9,,0,not_reported,partially_verified,Core context explicit; source says 10 or 90 min but this assay was not unambiguously mapped to one time.,1,False,True,True,,
28038509,4430289,CHEMBL5863260,CHEMBL5863260,O=c1c2cccnc2ncn1Cc1nc([C@H]2C[C@](O)(c3cccc(Cl)c3)C2)no1,CHEMBL5735476,CHEMBL5727829,2020,281.0,nM,6.55129368009492,6.55,-0.0012936800949203686,calcium_fluorescence,cinnamaldehyde,cinnamaldehyde,EC50,75.0,CHO,,,compound_before_agonist,human | not_reported | calcium_fluorescence | cinnamaldehyde | EC50 | NA | CHO | compound_before_agonist | NA,9,,0,not_reported,partially_verified,Core context explicit; source says 10 or 90 min but this assay was not unambiguously mapped to one time.,1,False,True,True,,
28038512,4430290,CHEMBL5826450,CHEMBL5826450,Cc1ccnc2ncn(Cc3nc([C@H]4C[C@H](c5cccc(Cl)c5)C4)no3)c(=O)c12,CHEMBL5735476,CHEMBL5727829,2020,12.2,nM,7.913640169325252,7.91,-0.0036401693252514633,calcium_fluorescence,cinnamaldehyde,cinnamaldehyde,EC50,75.0,CHO,,,compound_before_agonist,human | not_reported | calcium_fluorescence | cinnamaldehyde | EC50 | NA | CHO | compound_before_agonist | NA,9,,0,not_reported,partially_verified,Core context explicit; source says 10 or 90 min but this assay was not unambiguously mapped to one time.,1,False,True,True,,
28038515,4430291,CHEMBL5823474,CHEMBL5823474,Cc1ccnc2ncn(Cc3nc([C@H]4C[C@](O)(c5cccc(Cl)c5)C4)no3)c(=O)c12,CHEMBL5735476,CHEMBL5727829,2020,57.8,nM,7.2380721615794705,7.24,0.0019278384205296817,calcium_fluorescence,cinnamaldehyde,cinnamaldehyde,EC50,75.0,CHO,,,compound_before_agonist,human | not_reported | calcium_fluorescence | cinnamaldehyde | EC50 | NA | CHO | compound_before_agonist | NA,9,,0,not_reported,partially_verified,Core context explicit; source says 10 or 90 min but this assay was not unambiguously mapped to one time.,1,False,True,True,,
28038518,4430292,CHEMBL6030650,CHEMBL6030650,COc1ccc([C@H]2C[C@H](c3noc(Cn4cnc5nccc(C)c5c4=O)n3)C2)cc1,CHEMBL5735476,CHEMBL5727829,2020,38.7,nM,7.412289034981089,7.41,-0.002289034981088456,calcium_fluorescence,cinnamaldehyde,cinnamaldehyde,EC50,75.0,CHO,,,compound_before_agonist,human | not_reported | calcium_fluorescence | cinnamaldehyde | EC50 | NA | CHO | compound_before_agonist | NA,9,,0,not_reported,partially_verified,Core context explicit; source says 10 or 90 min but this assay was not unambiguously mapped to one time.,1,False,True,True,,
28038521,4430293,CHEMBL5781292,CHEMBL5781292,Cc1ccnc2ncn(Cc3nc([C@H]4C[C@H](c5ccc(OC(F)F)cc5)C4)no3)c(=O)c12,CHEMBL5735476,CHEMBL5727829,2020,51.3,nM,7.289882634888183,7.29,0.00011736511181670295,calcium_fluorescence,cinnamaldehyde,cinnamaldehyde,EC50,75.0,CHO,,,compound_before_agonist,human | not_reported | calcium_fluorescence | cinnamaldehyde | EC50 | NA | CHO | compound_before_agonist | NA,9,,0,not_reported,partially_verified,Core context explicit; source says 10 or 90 min but this assay was not unambiguously mapped to one time.,1,False,True,True,,
28038524,4430294,CHEMBL5754794,CHEMBL5754794,Cc1ccnc2ncn(Cc3nc([C@H]4C[C@H](c5ccc(OC(F)(F)F)cc5)C4)no3)c(=O)c12,CHEMBL5735476,CHEMBL5727829,2020,63.8,nM,7.195179321278838,7.2,0.00482067872116243,calcium_fluorescence,cinnamaldehyde,cinnamaldehyde,EC50,75.0,CHO,,,compound_before_agonist,human | not_reported | calcium_fluorescence | cinnamaldehyde | EC50 | NA | CHO | compound_before_agonist | NA,9,,0,not_reported,partially_verified,Core context explicit; source says 10 or 90 min but this assay was not unambiguously mapped to one time.,1,False,True,True,,
28038527,4430295,CHEMBL5866124,CHEMBL5866124,Cc1ccnc2ncn(Cc3nc([C@H]4[C@@H]5CN(c6ccccc6)C[C@@H]54)no3)c(=O)c12,CHEMBL5735476,CHEMBL5727829,2020,39.0,nM,7.4089353929735005,7.41,0.0010646070264996865,calcium_fluorescence,cinnamaldehyde,cinnamaldehyde,EC50,75.0,CHO,,,compound_before_agonist,human | not_reported | calcium_fluorescence | cinnamaldehyde | EC50 | NA | CHO | compound_before_agonist | NA,9,,0,not_reported,partially_verified,Core context explicit; source says 10 or 90 min but this assay was not unambiguously mapped to one time.,1,False,True,True,,
28038530,4430296,CHEMBL5826497,CHEMBL5826497,Cc1cncc2ncn(Cc3nc([C@H]4[C@@H]5CN(c6ccccc6)C[C@@H]54)no3)c(=O)c12,CHEMBL5735476,CHEMBL5727829,2020,14.6,nM,7.835647144215563,7.84,0.004352855784437004,calcium_fluorescence,cinnamaldehyde,cinnamaldehyde,EC50,75.0,CHO,,,compound_before_agonist,human | not_reported | calcium_fluorescence | cinnamaldehyde | EC50 | NA | CHO | compound_before_agonist | NA,9,,0,not_reported,partially_verified,Core context explicit; source says 10 or 90 min but this assay was not unambiguously mapped to one time.,1,False,True,True,,
28038533,4430297,CHEMBL6063999,CHEMBL6063999,Cc1cncc2ncn(Cc3nc([C@H]4[C@@H]5CN(c6cccc(Cl)c6)C[C@@H]54)no3)c(=O)c12,CHEMBL5735476,CHEMBL5727829,2020,81.5,nM,7.088842391260023,7.09,0.0011576087399767232,calcium_fluorescence,cinnamaldehyde,cinnamaldehyde,EC50,75.0,CHO,,,compound_before_agonist,human | not_reported | calcium_fluorescence | cinnamaldehyde | EC50 | NA | CHO | compound_before_agonist | NA,9,,0,not_reported,partially_verified,Core context explicit; source says 10 or 90 min but this assay was not unambiguously mapped to one time.,1,False,True,True,,
28038536,4430298,CHEMBL5847873,CHEMBL5847873,Cn1cnc2ncn(Cc3nc([C@H]4[C@@H]5CN(c6ccc7c(cnn7C)c6)C[C@@H]54)no3)c(=O)c21,CHEMBL5735476,CHEMBL5727829,2020,141.0,nM,6.85078088734462,6.85,-0.0007808873446206732,calcium_fluorescence,cinnamaldehyde,cinnamaldehyde,EC50,75.0,CHO,,,compound_before_agonist,human | not_reported | calcium_fluorescence | cinnamaldehyde | EC50 | NA | CHO | compound_before_agonist | NA,9,,0,not_reported,partially_verified,Core context explicit; source says 10 or 90 min but this assay was not unambiguously mapped to one time.,1,False,True,True,,
28038539,4430299,CHEMBL6015267,CHEMBL6015267,Cn1ccc2cc(N3C[C@@H]4[C@H](C3)[C@H]4c3noc(Cn4cnc5ncn(C)c5c4=O)n3)ccc21,CHEMBL5735476,CHEMBL5727829,2020,262.0,nM,6.581698708680255,6.58,-0.0016987086802551232,calcium_fluorescence,cinnamaldehyde,cinnamaldehyde,EC50,75.0,CHO,,,compound_before_agonist,human | not_reported | calcium_fluorescence | cinnamaldehyde | EC50 | NA | CHO | compound_before_agonist | NA,9,,0,not_reported,partially_verified,Core context explicit; source says 10 or 90 min but this assay was not unambiguously mapped to one time.,1,False,True,True,,
28038542,4430300,CHEMBL5831072,CHEMBL5831072,Cn1cnc2ncn(Cc3nc([C@H]4[C@@H]5CN(c6ccc7ccncc7c6)C[C@@H]54)no3)c(=O)c21,CHEMBL5735476,CHEMBL5727829,2020,69.2,nM,7.1598939055432425,7.16,0.00010609445675768825,calcium_fluorescence,cinnamaldehyde,cinnamaldehyde,EC50,75.0,CHO,,,compound_before_agonist,human | not_reported | calcium_fluorescence | cinnamaldehyde | EC50 | NA | CHO | compound_before_agonist | NA,9,,0,not_reported,partially_verified,Core context explicit; source says 10 or 90 min but this assay was not unambiguously mapped to one time.,1,False,True,True,,
28038545,4430301,CHEMBL5949546,CHEMBL5949546,Cn1cnc2ncn(Cc3nc([C@H]4[C@@H]5CN(c6ccc7ncccc7c6)C[C@@H]54)no3)c(=O)c21,CHEMBL5735476,CHEMBL5727829,2020,166.0,nM,6.779891911959945,6.78,0.00010808804005524308,calcium_fluorescence,cinnamaldehyde,cinnamaldehyde,EC50,75.0,CHO,,,compound_before_agonist,human | not_reported | calcium_fluorescence | cinnamaldehyde | EC50 | NA | CHO | compound_before_agonist | NA,9,,0,not_reported,partially_verified,Core context explicit; source says 10 or 90 min but this assay was not unambiguously mapped to one time.,1,False,True,True,,
28038548,4430302,CHEMBL5897326,CHEMBL5897326,Cn1cnc2ncn(Cc3nc([C@H]4[C@@H]5CN(c6cnc7ccccc7c6)C[C@@H]54)no3)c(=O)c21,CHEMBL5735476,CHEMBL5727829,2020,169.0,nM,6.772113295386326,6.77,-0.0021132953863265413,calcium_fluorescence,cinnamaldehyde,cinnamaldehyde,EC50,75.0,CHO,,,compound_before_agonist,human | not_reported | calcium_fluorescence | cinnamaldehyde | EC50 | NA | CHO | compound_before_agonist | NA,9,,0,not_reported,partially_verified,Core context explicit; source says 10 or 90 min but this assay was not unambiguously mapped to one time.,1,False,True,True,,
28038551,4430303,CHEMBL5748632,CHEMBL5748632,Cn1cnc2ncn(Cc3nc([C@H]4[C@@H]5CN(c6ccc(C#N)c(F)c6)C[C@@H]54)no3)c(=O)c21,CHEMBL5735476,CHEMBL5727829,2020,55.3,nM,7.257274868695301,7.26,0.002725131304698536,calcium_fluorescence,cinnamaldehyde,cinnamaldehyde,EC50,75.0,CHO,,,compound_before_agonist,human | not_reported | calcium_fluorescence | cinnamaldehyde | EC50 | NA | CHO | compound_before_agonist | NA,9,,0,not_reported,partially_verified,Core context explicit; source says 10 or 90 min but this assay was not unambiguously mapped to one time.,1,False,True,True,,
28038557,4430242,CHEMBL5806157,CHEMBL5806157,Cn1cnc2ncn(Cc3nc([C@H]4[C@@H]5CN(c6cccc(F)c6)C[C@@H]54)no3)c(=O)c21,CHEMBL5735476,CHEMBL5727829,2020,24.6,nM,7.609064892896621,7.61,0.0009351071033796288,calcium_fluorescence,cinnamaldehyde,cinnamaldehyde,EC50,75.0,CHO,,,compound_before_agonist,human | not_reported | calcium_fluorescence | cinnamaldehyde | EC50 | NA | CHO | compound_before_agonist | NA,9,,0,not_reported,partially_verified,Core context explicit; source says 10 or 90 min but this assay was not unambiguously mapped to one time.,3,True,True,True,,
28038563,4430304,CHEMBL5842669,CHEMBL5842669,Cn1cnc2ncn(Cc3nc([C@H]4C[C@H](C(F)(F)c5cccc(Cl)c5)C4)no3)c(=O)c21,CHEMBL5735476,CHEMBL5727829,2020,26.4,nM,7.578396073130169,7.58,0.0016039268698309073,calcium_fluorescence,cinnamaldehyde,cinnamaldehyde,EC50,75.0,CHO,,,compound_before_agonist,human | not_reported | calcium_fluorescence | cinnamaldehyde | EC50 | NA | CHO | compound_before_agonist | NA,9,,0,not_reported,partially_verified,Core context explicit; source says 10 or 90 min but this assay was not unambiguously mapped to one time.,1,False,True,True,,
28038569,4430305,CHEMBL5742566,CHEMBL5742566,Cn1cnc2ncn(Cc3nc([C@@H]4[C@H]5C=C(c6ccccc6F)C[C@H]54)no3)c(=O)c21,CHEMBL5735476,CHEMBL5727829,2020,15.4,nM,7.8124792791635365,7.81,-0.0024792791635368516,calcium_fluorescence,cinnamaldehyde,cinnamaldehyde,EC50,75.0,CHO,,,compound_before_agonist,human | not_reported | calcium_fluorescence | cinnamaldehyde | EC50 | NA | CHO | compound_before_agonist | NA,9,,0,not_reported,partially_verified,Core context explicit; source says 10 or 90 min but this assay was not unambiguously mapped to one time.,2,True,True,True,,
28038575,4430305,CHEMBL5742566,CHEMBL5742566,Cn1cnc2ncn(Cc3nc([C@@H]4[C@H]5C=C(c6ccccc6F)C[C@H]54)no3)c(=O)c21,CHEMBL5735476,CHEMBL5727829,2020,12.7,nM,7.896196279044043,7.9,0.0038037209559576013,calcium_fluorescence,cinnamaldehyde,cinnamaldehyde,EC50,75.0,CHO,,,compound_before_agonist,human | not_reported | calcium_fluorescence | cinnamaldehyde | EC50 | NA | CHO | compound_before_agonist | NA,9,,0,not_reported,partially_verified,Core context explicit; source says 10 or 90 min but this assay was not unambiguously mapped to one time.,2,True,True,True,,
28038581,4430306,CHEMBL6031616,CHEMBL6031616,O=c1c2cccnc2ncn1Cc1nc([C@H]2[C@@H]3CN(c4cccc(F)c4)C[C@@H]32)no1,CHEMBL5735476,CHEMBL5727829,2020,10.4,nM,7.982966660701219,7.98,-0.0029666607012188706,calcium_fluorescence,cinnamaldehyde,cinnamaldehyde,EC50,75.0,CHO,,,compound_before_agonist,human | not_reported | calcium_fluorescence | cinnamaldehyde | EC50 | NA | CHO | compound_before_agonist | NA,9,,0,not_reported,partially_verified,Core context explicit; source says 10 or 90 min but this assay was not unambiguously mapped to one time.,1,False,True,True,,
28038587,4430307,CHEMBL6058047,CHEMBL6058047,O=c1c2cccnc2ncn1Cc1nc([C@H]2[C@@H]3CN(c4ccc5ncsc5c4)C[C@@H]32)no1,CHEMBL5735476,CHEMBL5727829,2020,24.0,nM,7.619788758288394,7.62,0.0002112417116064691,calcium_fluorescence,cinnamaldehyde,cinnamaldehyde,EC50,75.0,CHO,,,compound_before_agonist,human | not_reported | calcium_fluorescence | cinnamaldehyde | EC50 | NA | CHO | compound_before_agonist | NA,9,,0,not_reported,partially_verified,Core context explicit; source says 10 or 90 min but this assay was not unambiguously mapped to one time.,1,False,True,True,,
28038593,4430308,CHEMBL5979844,CHEMBL5979844,Cn1cnc2ncn(Cc3nc([C@H]4[C@@H]5CN(c6cc(F)cc(C#N)c6)C[C@@H]54)no3)c(=O)c21,CHEMBL5735476,CHEMBL5727829,2020,99.1,nM,7.003926345514724,7.0,-0.003926345514724261,calcium_fluorescence,cinnamaldehyde,cinnamaldehyde,EC50,75.0,CHO,,,compound_before_agonist,human | not_reported | calcium_fluorescence | cinnamaldehyde | EC50 | NA | CHO | compound_before_agonist | NA,9,,0,not_reported,partially_verified,Core context explicit; source says 10 or 90 min but this assay was not unambiguously mapped to one time.,1,False,True,True,,
28038599,4430309,CHEMBL5867523,CHEMBL5867523,Cn1cnc2ncn(Cc3nc([C@H]4[C@@H]5CN(c6ccc7ocnc7c6)C[C@@H]54)no3)c(=O)c21,CHEMBL5735476,CHEMBL5727829,2020,27.5,nM,7.560667306169737,7.56,-0.000667306169737536,calcium_fluorescence,cinnamaldehyde,cinnamaldehyde,EC50,75.0,CHO,,,compound_before_agonist,human | not_reported | calcium_fluorescence | cinnamaldehyde | EC50 | NA | CHO | compound_before_agonist | NA,9,,0,not_reported,partially_verified,Core context explicit; source says 10 or 90 min but this assay was not unambiguously mapped to one time.,1,False,True,True,,
28038605,4430310,CHEMBL5754138,CHEMBL5754138,O=c1c2cccc(=O)n2ccn1Cc1nc([C@H]2C[C@](F)(c3ccc(Cl)cc3)C2)no1,CHEMBL5735476,CHEMBL5727829,2020,37.7,nM,7.423658649794207,7.42,-0.0036586497942074914,calcium_fluorescence,cinnamaldehyde,cinnamaldehyde,EC50,75.0,CHO,,,compound_before_agonist,human | not_reported | calcium_fluorescence | cinnamaldehyde | EC50 | NA | CHO | compound_before_agonist | NA,9,,0,not_reported,partially_verified,Core context explicit; source says 10 or 90 min but this assay was not unambiguously mapped to one time.,1,False,True,True,,
28038611,4430242,CHEMBL5806157,CHEMBL5806157,Cn1cnc2ncn(Cc3nc([C@H]4[C@@H]5CN(c6cccc(F)c6)C[C@@H]54)no3)c(=O)c21,CHEMBL5735476,CHEMBL5727829,2020,33.3,nM,7.47755576649368,7.48,0.0024442335063206144,calcium_fluorescence,cinnamaldehyde,cinnamaldehyde,EC50,75.0,CHO,,,compound_before_agonist,human | not_reported | calcium_fluorescence | cinnamaldehyde | EC50 | NA | CHO | compound_before_agonist | NA,9,,0,not_reported,partially_verified,Core context explicit; source says 10 or 90 min but this assay was not unambiguously mapped to one time.,3,True,True,True,,
28038617,4430311,CHEMBL5865172,CHEMBL5865172,Cc1cnn2ncn(Cc3nc([C@H]4C[C@](F)(c5ccc(Cl)cc5)C4)no3)c(=O)c12,CHEMBL5735476,CHEMBL5727829,2020,64.9,nM,7.187755303199631,7.19,0.002244696800369539,calcium_fluorescence,cinnamaldehyde,cinnamaldehyde,EC50,75.0,CHO,,,compound_before_agonist,human | not_reported | calcium_fluorescence | cinnamaldehyde | EC50 | NA | CHO | compound_before_agonist | NA,9,,0,not_reported,partially_verified,Core context explicit; source says 10 or 90 min but this assay was not unambiguously mapped to one time.,1,False,True,True,,
28038623,4430312,CHEMBL5903390,CHEMBL5903390,Cn1cnc2ncn(Cc3nc([C@H]4[C@@H]5CN(c6ccc7ncoc7c6)C[C@@H]54)no3)c(=O)c21,CHEMBL5735476,CHEMBL5727829,2020,38.4,nM,7.4156687756324695,7.42,0.004331224367530417,calcium_fluorescence,cinnamaldehyde,cinnamaldehyde,EC50,75.0,CHO,,,compound_before_agonist,human | not_reported | calcium_fluorescence | cinnamaldehyde | EC50 | NA | CHO | compound_before_agonist | NA,9,,0,not_reported,partially_verified,Core context explicit; source says 10 or 90 min but this assay was not unambiguously mapped to one time.,1,False,True,True,,
28038629,4430313,CHEMBL5967246,CHEMBL5967246,Cn1cnc2ncn(Cc3nc([C@H]4[C@@H]5CN(c6cc(F)cc(F)c6)C[C@@H]54)no3)c(=O)c21,CHEMBL5735476,CHEMBL5727829,2020,20.6,nM,7.686132779630847,7.69,0.0038672203691536566,calcium_fluorescence,cinnamaldehyde,cinnamaldehyde,EC50,75.0,CHO,,,compound_before_agonist,human | not_reported | calcium_fluorescence | cinnamaldehyde | EC50 | NA | CHO | compound_before_agonist | NA,9,,0,not_reported,partially_verified,Core context explicit; source says 10 or 90 min but this assay was not unambiguously mapped to one time.,1,False,True,True,,
28038635,4430314,CHEMBL5964943,CHEMBL5964943,Cn1cnc2ncn(Cc3nc([C@H]4[C@@H]5C=C(c6ccc(F)c(F)c6)C[C@@H]54)no3)c(=O)c21,CHEMBL5735476,CHEMBL5727829,2020,12.7,nM,7.896196279044043,7.9,0.0038037209559576013,calcium_fluorescence,cinnamaldehyde,cinnamaldehyde,EC50,75.0,CHO,,,compound_before_agonist,human | not_reported | calcium_fluorescence | cinnamaldehyde | EC50 | NA | CHO | compound_before_agonist | NA,9,,0,not_reported,partially_verified,Core context explicit; source says 10 or 90 min but this assay was not unambiguously mapped to one time.,1,False,True,True,,
28038641,4430315,CHEMBL6058281,CHEMBL6058281,Cn1cnc2ncn(Cc3nc([C@@H]4[C@H]5C=C(c6ccc(F)c(F)c6)C[C@H]54)no3)c(=O)c21,CHEMBL5735476,CHEMBL5727829,2020,9.35,nM,8.029188389127482,8.03,0.0008116108725175764,calcium_fluorescence,cinnamaldehyde,cinnamaldehyde,EC50,75.0,CHO,,,compound_before_agonist,human | not_reported | calcium_fluorescence | cinnamaldehyde | EC50 | NA | CHO | compound_before_agonist | NA,9,,0,not_reported,partially_verified,Core context explicit; source says 10 or 90 min but this assay was not unambiguously mapped to one time.,1,False,True,True,,
28038647,4430316,CHEMBL5856251,CHEMBL5856251,Cc1cnn2ncn(Cc3nc([C@H]4[C@@H]5CN(c6ccccc6)C[C@@H]54)no3)c(=O)c12,CHEMBL5735476,CHEMBL5727829,2020,8.11,nM,8.090979145788843,8.09,-0.000979145788843283,calcium_fluorescence,cinnamaldehyde,cinnamaldehyde,EC50,75.0,CHO,,,compound_before_agonist,human | not_reported | calcium_fluorescence | cinnamaldehyde | EC50 | NA | CHO | compound_before_agonist | NA,9,,0,not_reported,partially_verified,Core context explicit; source says 10 or 90 min but this assay was not unambiguously mapped to one time.,1,False,True,True,,
28038653,4430317,CHEMBL5774326,CHEMBL5774326,O=c1c2cccnc2cnn1Cc1nc([C@H]2[C@@H]3CN(c4cccc(F)c4)C[C@@H]32)no1,CHEMBL5735476,CHEMBL5727829,2020,8.39,nM,8.0762380391713,8.08,0.00376196082870095,calcium_fluorescence,cinnamaldehyde,cinnamaldehyde,EC50,75.0,CHO,,,compound_before_agonist,human | not_reported | calcium_fluorescence | cinnamaldehyde | EC50 | NA | CHO | compound_before_agonist | NA,9,,0,not_reported,partially_verified,Core context explicit; source says 10 or 90 min but this assay was not unambiguously mapped to one time.,1,False,True,True,,
28038659,4430318,CHEMBL5777536,CHEMBL5777536,Cn1cnc2ncn(Cc3nc([C@H]4[C@@H]5CN(c6ccccc6F)C[C@@H]54)no3)c(=O)c21,CHEMBL5735476,CHEMBL5727829,2020,48.1,nM,7.317854923626168,7.32,0.002145076373832211,calcium_fluorescence,cinnamaldehyde,cinnamaldehyde,EC50,75.0,CHO,,,compound_before_agonist,human | not_reported | calcium_fluorescence | cinnamaldehyde | EC50 | NA | CHO | compound_before_agonist | NA,9,,0,not_reported,partially_verified,Core context explicit; source says 10 or 90 min but this assay was not unambiguously mapped to one time.,1,False,True,True,,
28038665,4430319,CHEMBL6021662,CHEMBL6021662,Cn1cnc2ncn(Cc3nc([C@H]4[C@@H]5CN(c6ccccc6C#N)C[C@@H]54)no3)c(=O)c21,CHEMBL5735476,CHEMBL5727829,2020,157.0,nM,6.804100347590767,6.8,-0.004100347590767051,calcium_fluorescence,cinnamaldehyde,cinnamaldehyde,EC50,75.0,CHO,,,compound_before_agonist,human | not_reported | calcium_fluorescence | cinnamaldehyde | EC50 | NA | CHO | compound_before_agonist | NA,9,,0,not_reported,partially_verified,Core context explicit; source says 10 or 90 min but this assay was not unambiguously mapped to one time.,1,False,True,True,,
28038671,4430320,CHEMBL5845808,CHEMBL5845808,Cn1cnc2ncn(Cc3nc([C@H]4[C@@H]5CN(c6cc(F)ccc6F)C[C@@H]54)no3)c(=O)c21,CHEMBL5735476,CHEMBL5727829,2020,15.1,nM,7.82102305270683,7.82,-0.0010230527068300077,calcium_fluorescence,cinnamaldehyde,cinnamaldehyde,EC50,75.0,CHO,,,compound_before_agonist,human | not_reported | calcium_fluorescence | cinnamaldehyde | EC50 | NA | CHO | compound_before_agonist | NA,9,,0,not_reported,partially_verified,Core context explicit; source says 10 or 90 min but this assay was not unambiguously mapped to one time.,1,False,True,True,,
28038677,4430321,CHEMBL5752360,CHEMBL5752360,Cn1cnc2ncn(Cc3nc([C@H]4[C@@H]5CN(c6cccc(F)c6F)C[C@@H]54)no3)c(=O)c21,CHEMBL5735476,CHEMBL5727829,2020,12.8,nM,7.892790030352131,7.89,-0.002790030352131545,calcium_fluorescence,cinnamaldehyde,cinnamaldehyde,EC50,75.0,CHO,,,compound_before_agonist,human | not_reported | calcium_fluorescence | cinnamaldehyde | EC50 | NA | CHO | compound_before_agonist | NA,9,,0,not_reported,partially_verified,Core context explicit; source says 10 or 90 min but this assay was not unambiguously mapped to one time.,1,False,True,True,,
28038683,4430322,CHEMBL5991506,CHEMBL5991506,Cn1cnc2ncn(Cc3nc([C@H]4C[C@H](C(=O)c5cccc(Cl)c5)C4)no3)c(=O)c21,CHEMBL5735476,CHEMBL5727829,2020,117.0,nM,6.931814138253838,6.93,-0.0018141382538381379,calcium_fluorescence,cinnamaldehyde,cinnamaldehyde,EC50,75.0,CHO,,,compound_before_agonist,human | not_reported | calcium_fluorescence | cinnamaldehyde | EC50 | NA | CHO | compound_before_agonist | NA,9,,0,not_reported,partially_verified,Core context explicit; source says 10 or 90 min but this assay was not unambiguously mapped to one time.,1,False,True,True,,
28038689,4430323,CHEMBL5828488,CHEMBL5828488,Cn1cnc2ncn(Cc3nc([C@@H]4[C@H]5C=C(c6cccc(C(F)F)c6)C[C@H]54)no3)c(=O)c21,CHEMBL5735476,CHEMBL5727829,2020,49.5,nM,7.305394801066432,7.3,-0.005394801066431754,calcium_fluorescence,cinnamaldehyde,cinnamaldehyde,EC50,75.0,CHO,,,compound_before_agonist,human | not_reported | calcium_fluorescence | cinnamaldehyde | EC50 | NA | CHO | compound_before_agonist | NA,9,,0,not_reported,partially_verified,Core context explicit; source says 10 or 90 min but this assay was not unambiguously mapped to one time.,1,False,True,True,,
28038695,4430324,CHEMBL5777279,CHEMBL5777279,Cn1cnc2ncn(Cc3nc([C@H]4[C@@H]5C=C(c6cccc(C(F)F)c6)C[C@@H]54)no3)c(=O)c21,CHEMBL5735476,CHEMBL5727829,2020,31.9,nM,7.496209316942819,7.5,0.003790683057180999,calcium_fluorescence,cinnamaldehyde,cinnamaldehyde,EC50,75.0,CHO,,,compound_before_agonist,human | not_reported | calcium_fluorescence | cinnamaldehyde | EC50 | NA | CHO | compound_before_agonist | NA,9,,0,not_reported,partially_verified,Core context explicit; source says 10 or 90 min but this assay was not unambiguously mapped to one time.,1,False,True,True,,
28038701,4430325,CHEMBL5744652,CHEMBL5744652,Cc1noc2ncn(Cc3nc([C@H]4[C@@H]5CN(c6cc(Cl)ccn6)C[C@@H]54)no3)c(=O)c12,CHEMBL5735476,CHEMBL5727829,2020,43.0,nM,7.366531544420414,7.37,0.003468455579586305,calcium_fluorescence,cinnamaldehyde,cinnamaldehyde,EC50,75.0,CHO,,,compound_before_agonist,human | not_reported | calcium_fluorescence | cinnamaldehyde | EC50 | NA | CHO | compound_before_agonist | NA,9,,0,not_reported,partially_verified,Core context explicit; source says 10 or 90 min but this assay was not unambiguously mapped to one time.,1,False,True,True,,
28038707,4430326,CHEMBL6009524,CHEMBL6009524,Cn1cnc2ncn(Cc3nc([C@H]4[C@@H]5CN(c6ccc(F)c(F)c6)C[C@@H]54)no3)c(=O)c21,CHEMBL5735476,CHEMBL5727829,2020,21.5,nM,7.667561540084394,7.67,0.002438459915605762,calcium_fluorescence,cinnamaldehyde,cinnamaldehyde,EC50,75.0,CHO,,,compound_before_agonist,human | not_reported | calcium_fluorescence | cinnamaldehyde | EC50 | NA | CHO | compound_before_agonist | NA,9,,0,not_reported,partially_verified,Core context explicit; source says 10 or 90 min but this assay was not unambiguously mapped to one time.,1,False,True,True,,
28038713,4430327,CHEMBL5897594,CHEMBL5897594,Cn1nnc2ncn(Cc3nc([C@@H]4CC[C@@H](c5ccc(F)cc5)C4)no3)c(=O)c21,CHEMBL5735476,CHEMBL5727829,2020,40.3,nM,7.394694953858891,7.39,-0.004694953858891182,calcium_fluorescence,cinnamaldehyde,cinnamaldehyde,EC50,75.0,CHO,,,compound_before_agonist,human | not_reported | calcium_fluorescence | cinnamaldehyde | EC50 | NA | CHO | compound_before_agonist | NA,9,,0,not_reported,partially_verified,Core context explicit; source says 10 or 90 min but this assay was not unambiguously mapped to one time.,1,False,True,True,,
28038719,4430328,CHEMBL6000403,CHEMBL6000403,Cc1cc(C#N)nc2ncn(Cc3nc([C@H]4[C@@H]5CN(c6cc(Cl)ccn6)C[C@@H]54)no3)c(=O)c12,CHEMBL5735476,CHEMBL5727829,2020,49.0,nM,7.309803919971486,7.31,0.00019608002851345674,calcium_fluorescence,cinnamaldehyde,cinnamaldehyde,EC50,75.0,CHO,,,compound_before_agonist,human | not_reported | calcium_fluorescence | cinnamaldehyde | EC50 | NA | CHO | compound_before_agonist | NA,9,,0,not_reported,partially_verified,Core context explicit; source says 10 or 90 min but this assay was not unambiguously mapped to one time.,1,False,True,True,,
28038725,4430329,CHEMBL6027272,CHEMBL6027272,Cn1nnc2ncn(Cc3nc([C@H]4[C@@H]5C=C(c6ccccc6)C[C@@H]54)no3)c(=O)c21,CHEMBL5735476,CHEMBL5727829,2020,6.12,nM,8.213248577854438,8.21,-0.003248577854437329,calcium_fluorescence,cinnamaldehyde,cinnamaldehyde,EC50,75.0,CHO,,,compound_before_agonist,human | not_reported | calcium_fluorescence | cinnamaldehyde | EC50 | NA | CHO | compound_before_agonist | NA,9,,0,not_reported,partially_verified,Core context explicit; source says 10 or 90 min but this assay was not unambiguously mapped to one time.,1,False,True,True,,
28038731,4430330,CHEMBL5879055,CHEMBL5879055,Cn1nnc2ncn(Cc3nc([C@@H]4[C@H]5C=C(c6ccccc6)C[C@H]54)no3)c(=O)c21,CHEMBL5735476,CHEMBL5727829,2020,10.4,nM,7.982966660701219,7.98,-0.0029666607012188706,calcium_fluorescence,cinnamaldehyde,cinnamaldehyde,EC50,75.0,CHO,,,compound_before_agonist,human | not_reported | calcium_fluorescence | cinnamaldehyde | EC50 | NA | CHO | compound_before_agonist | NA,9,,0,not_reported,partially_verified,Core context explicit; source says 10 or 90 min but this assay was not unambiguously mapped to one time.,1,False,True,True,,
28038737,4430331,CHEMBL5805829,CHEMBL5805829,Cn1cnc2ncn(Cc3nc([C@@H]4[C@H]5C=C(c6ccc(F)cn6)C[C@H]54)no3)c(=O)c21,CHEMBL5735476,CHEMBL5727829,2020,64.0,nM,7.1938200260161125,7.19,-0.003820026016112088,calcium_fluorescence,cinnamaldehyde,cinnamaldehyde,EC50,75.0,CHO,,,compound_before_agonist,human | not_reported | calcium_fluorescence | cinnamaldehyde | EC50 | NA | CHO | compound_before_agonist | NA,9,,0,not_reported,partially_verified,Core context explicit; source says 10 or 90 min but this assay was not unambiguously mapped to one time.,1,False,True,True,,
28038743,4430332,CHEMBL5863856,CHEMBL5863856,Cn1cnc2ncn(Cc3nc([C@H]4[C@@H]5C=C(c6ccc(F)cn6)C[C@@H]54)no3)c(=O)c21,CHEMBL5735476,CHEMBL5727829,2020,116.0,nM,6.935542010773082,6.94,0.004457989226918535,calcium_fluorescence,cinnamaldehyde,cinnamaldehyde,EC50,75.0,CHO,,,compound_before_agonist,human | not_reported | calcium_fluorescence | cinnamaldehyde | EC50 | NA | CHO | compound_before_agonist | NA,9,,0,not_reported,partially_verified,Core context explicit; source says 10 or 90 min but this assay was not unambiguously mapped to one time.,1,False,True,True,,
28038749,4430333,CHEMBL5907024,CHEMBL5907024,Cn1cnc2ncn(Cc3nc([C@H]4[C@@H]5C=C(c6ccc7scnc7c6)C[C@@H]54)no3)c(=O)c21,CHEMBL5735476,CHEMBL5727829,2020,36.0,nM,7.443697499232712,7.44,-0.0036974992327118983,calcium_fluorescence,cinnamaldehyde,cinnamaldehyde,EC50,75.0,CHO,,,compound_before_agonist,human | not_reported | calcium_fluorescence | cinnamaldehyde | EC50 | NA | CHO | compound_before_agonist | NA,9,,0,not_reported,partially_verified,Core context explicit; source says 10 or 90 min but this assay was not unambiguously mapped to one time.,1,False,True,True,,
28038755,4430334,CHEMBL5850879,CHEMBL5850879,Cn1cnc2ncn(Cc3nc([C@@H]4[C@H]5C=C(c6ccc7scnc7c6)C[C@H]54)no3)c(=O)c21,CHEMBL5735476,CHEMBL5727829,2020,36.2,nM,7.441291429466834,7.44,-0.0012914294668338044,calcium_fluorescence,cinnamaldehyde,cinnamaldehyde,EC50,75.0,CHO,,,compound_before_agonist,human | not_reported | calcium_fluorescence | cinnamaldehyde | EC50 | NA | CHO | compound_before_agonist | NA,9,,0,not_reported,partially_verified,Core context explicit; source says 10 or 90 min but this assay was not unambiguously mapped to one time.,1,False,True,True,,
28038761,4430335,CHEMBL5845513,CHEMBL5845513,Cn1cnc2ncn(Cc3nc([C@H]4[C@@H]5C=C(c6cccc(F)c6)C[C@@H]54)no3)c(=O)c21,CHEMBL5735476,CHEMBL5727829,2020,6.4,nM,8.193820026016112,8.19,-0.003820026016112976,calcium_fluorescence,cinnamaldehyde,cinnamaldehyde,EC50,75.0,CHO,,,compound_before_agonist,human | not_reported | calcium_fluorescence | cinnamaldehyde | EC50 | NA | CHO | compound_before_agonist | NA,9,,0,not_reported,partially_verified,Core context explicit; source says 10 or 90 min but this assay was not unambiguously mapped to one time.,1,False,True,True,,
28038767,4430336,CHEMBL5885885,CHEMBL5885885,Cn1cnc2ncn(Cc3nc([C@@H]4[C@H]5C=C(c6cccc(F)c6)C[C@H]54)no3)c(=O)c21,CHEMBL5735476,CHEMBL5727829,2020,9.73,nM,8.011887159731648,8.01,-0.0018871597316483246,calcium_fluorescence,cinnamaldehyde,cinnamaldehyde,EC50,75.0,CHO,,,compound_before_agonist,human | not_reported | calcium_fluorescence | cinnamaldehyde | EC50 | NA | CHO | compound_before_agonist | NA,9,,0,not_reported,partially_verified,Core context explicit; source says 10 or 90 min but this assay was not unambiguously mapped to one time.,1,False,True,True,,
28038773,4430337,CHEMBL5778727,CHEMBL5778727,Cc1ncn2ncn(Cc3nc([C@H]4[C@@H]5CN(c6cc(Cl)ccn6)C[C@@H]54)no3)c(=O)c12,CHEMBL5735476,CHEMBL5727829,2020,61.1,nM,7.213958789757446,7.21,-0.003958789757446013,calcium_fluorescence,cinnamaldehyde,cinnamaldehyde,EC50,75.0,CHO,,,compound_before_agonist,human | not_reported | calcium_fluorescence | cinnamaldehyde | EC50 | NA | CHO | compound_before_agonist | NA,9,,0,not_reported,partially_verified,Core context explicit; source says 10 or 90 min but this assay was not unambiguously mapped to one time.,1,False,True,True,,
28038779,4430338,CHEMBL5751966,CHEMBL5751966,Cc1cnn2ncn(Cc3nc([C@H]4[C@@H]5CN(c6cc(F)ccn6)C[C@@H]54)no3)c(=O)c12,CHEMBL5735476,CHEMBL5727829,2020,19.2,nM,7.71669877129645,7.72,0.0033012287035498744,calcium_fluorescence,cinnamaldehyde,cinnamaldehyde,EC50,75.0,CHO,,,compound_before_agonist,human | not_reported | calcium_fluorescence | cinnamaldehyde | EC50 | NA | CHO | compound_before_agonist | NA,9,,0,not_reported,partially_verified,Core context explicit; source says 10 or 90 min but this assay was not unambiguously mapped to one time.,1,False,True,True,,
28038785,4430339,CHEMBL5832402,CHEMBL5832402,COc1ccc(C2=C[C@@H]3[C@H](C2)[C@H]3c2noc(Cn3cnc4ncn(C)c4c3=O)n2)cc1,CHEMBL5735476,CHEMBL5727829,2020,41.8,nM,7.3788237182249645,7.38,0.0011762817750353705,calcium_fluorescence,cinnamaldehyde,cinnamaldehyde,EC50,75.0,CHO,,,compound_before_agonist,human | not_reported | calcium_fluorescence | cinnamaldehyde | EC50 | NA | CHO | compound_before_agonist | NA,9,,0,not_reported,partially_verified,Core context explicit; source says 10 or 90 min but this assay was not unambiguously mapped to one time.,1,False,True,True,,
28038791,4430340,CHEMBL5810601,CHEMBL5810601,COc1ccc(C2=C[C@H]3[C@@H](C2)[C@@H]3c2noc(Cn3cnc4ncn(C)c4c3=O)n2)cc1,CHEMBL5735476,CHEMBL5727829,2020,26.6,nM,7.575118363368933,7.58,0.00488163663106711,calcium_fluorescence,cinnamaldehyde,cinnamaldehyde,EC50,75.0,CHO,,,compound_before_agonist,human | not_reported | calcium_fluorescence | cinnamaldehyde | EC50 | NA | CHO | compound_before_agonist | NA,9,,0,not_reported,partially_verified,Core context explicit; source says 10 or 90 min but this assay was not unambiguously mapped to one time.,1,False,True,True,,
28038797,4430341,CHEMBL5956030,CHEMBL5956030,Cn1cnc2ncn(Cc3nc([C@H]4[C@@H]5CN(c6cc7ccccc7cn6)C[C@@H]54)no3)c(=O)c21,CHEMBL5735476,CHEMBL5727829,2020,90.8,nM,7.041914151478915,7.04,-0.0019141514789149383,calcium_fluorescence,cinnamaldehyde,cinnamaldehyde,EC50,75.0,CHO,,,compound_before_agonist,human | not_reported | calcium_fluorescence | cinnamaldehyde | EC50 | NA | CHO | compound_before_agonist | NA,9,,0,not_reported,partially_verified,Core context explicit; source says 10 or 90 min but this assay was not unambiguously mapped to one time.,1,False,True,True,,
28038803,4430342,CHEMBL6048544,CHEMBL6048544,O=c1c2c(Cl)ccnc2ncn1Cc1nc([C@H]2C[C@](F)(c3ccc(Cl)cc3)C2)no1,CHEMBL5735476,CHEMBL5727829,2020,13.1,nM,7.882728704344236,7.88,-0.002728704344235666,calcium_fluorescence,cinnamaldehyde,cinnamaldehyde,EC50,75.0,CHO,,,compound_before_agonist,human | not_reported | calcium_fluorescence | cinnamaldehyde | EC50 | NA | CHO | compound_before_agonist | NA,9,,0,not_reported,partially_verified,Core context explicit; source says 10 or 90 min but this assay was not unambiguously mapped to one time.,1,False,True,True,,
28038809,4430343,CHEMBL5918650,CHEMBL5918650,Cn1cnc2ncn(Cc3nc([C@H]4[C@@H]5C=C(c6ccc(Cl)cn6)C[C@@H]54)no3)c(=O)c21,CHEMBL5735476,CHEMBL5727829,2020,142.0,nM,6.847711655616944,6.85,0.002288344383055474,calcium_fluorescence,cinnamaldehyde,cinnamaldehyde,EC50,75.0,CHO,,,compound_before_agonist,human | not_reported | calcium_fluorescence | cinnamaldehyde | EC50 | NA | CHO | compound_before_agonist | NA,9,,0,not_reported,partially_verified,Core context explicit; source says 10 or 90 min but this assay was not unambiguously mapped to one time.,1,False,True,True,,
28038815,4430344,CHEMBL6004745,CHEMBL6004745,Cn1cnc2ncn(Cc3nc([C@@H]4[C@H]5C=C(c6ccc(Cl)cn6)C[C@H]54)no3)c(=O)c21,CHEMBL5735476,CHEMBL5727829,2020,296.0,nM,6.528708288941061,6.53,0.0012917110589389935,calcium_fluorescence,cinnamaldehyde,cinnamaldehyde,EC50,75.0,CHO,,,compound_before_agonist,human | not_reported | calcium_fluorescence | cinnamaldehyde | EC50 | NA | CHO | compound_before_agonist | NA,9,,0,not_reported,partially_verified,Core context explicit; source says 10 or 90 min but this assay was not unambiguously mapped to one time.,1,False,True,True,,
28038821,4430345,CHEMBL6040138,CHEMBL6040138,Cn1cnc2ncn(Cc3nc([C@@H]4[C@H]5C=C(c6ccc(F)cc6)C[C@H]54)no3)c(=O)c21,CHEMBL5735476,CHEMBL5727829,2020,10.9,nM,7.962573502059376,7.96,-0.0025735020593762314,calcium_fluorescence,cinnamaldehyde,cinnamaldehyde,EC50,75.0,CHO,,,compound_before_agonist,human | not_reported | calcium_fluorescence | cinnamaldehyde | EC50 | NA | CHO | compound_before_agonist | NA,9,,0,not_reported,partially_verified,Core context explicit; source says 10 or 90 min but this assay was not unambiguously mapped to one time.,1,False,True,True,,
28038827,4430346,CHEMBL5785596,CHEMBL5785596,Cn1cnc2ncn(Cc3nc([C@H]4[C@@H]5C=C(c6ccc(F)cc6)C[C@@H]54)no3)c(=O)c21,CHEMBL5735476,CHEMBL5727829,2020,7.48,nM,8.126098402135538,8.13,0.003901597864462758,calcium_fluorescence,cinnamaldehyde,cinnamaldehyde,EC50,75.0,CHO,,,compound_before_agonist,human | not_reported | calcium_fluorescence | cinnamaldehyde | EC50 | NA | CHO | compound_before_agonist | NA,9,,0,not_reported,partially_verified,Core context explicit; source says 10 or 90 min but this assay was not unambiguously mapped to one time.,1,False,True,True,,
28038833,4430347,CHEMBL5860004,CHEMBL5860004,Cn1cnc2ncn(Cc3nc([C@H]4[C@@H]5C=C(c6ccncc6)C[C@@H]54)no3)c(=O)c21,CHEMBL5735476,CHEMBL5727829,2020,189.0,nM,6.723538195826755,6.72,-0.003538195826755519,calcium_fluorescence,cinnamaldehyde,cinnamaldehyde,EC50,75.0,CHO,,,compound_before_agonist,human | not_reported | calcium_fluorescence | cinnamaldehyde | EC50 | NA | CHO | compound_before_agonist | NA,9,,0,not_reported,partially_verified,Core context explicit; source says 10 or 90 min but this assay was not unambiguously mapped to one time.,1,False,True,True,,
28038839,4430348,CHEMBL5934623,CHEMBL5934623,Cn1cnc2ncn(Cc3nc([C@@H]4[C@H]5C=C(c6ccncc6)C[C@H]54)no3)c(=O)c21,CHEMBL5735476,CHEMBL5727829,2020,129.0,nM,6.889410289700751,6.89,0.0005897102992484804,calcium_fluorescence,cinnamaldehyde,cinnamaldehyde,EC50,75.0,CHO,,,compound_before_agonist,human | not_reported | calcium_fluorescence | cinnamaldehyde | EC50 | NA | CHO | compound_before_agonist | NA,9,,0,not_reported,partially_verified,Core context explicit; source says 10 or 90 min but this assay was not unambiguously mapped to one time.,1,False,True,True,,
28038845,4430349,CHEMBL6037392,CHEMBL6037392,Cn1cnc2ncn(Cc3nc([C@@H]4[C@H]5C=C(c6ccccn6)C[C@H]54)no3)c(=O)c21,CHEMBL5735476,CHEMBL5727829,2020,118.0,nM,6.928117992693874,6.93,0.0018820073061256437,calcium_fluorescence,cinnamaldehyde,cinnamaldehyde,EC50,75.0,CHO,,,compound_before_agonist,human | not_reported | calcium_fluorescence | cinnamaldehyde | EC50 | NA | CHO | compound_before_agonist | NA,9,,0,not_reported,partially_verified,Core context explicit; source says 10 or 90 min but this assay was not unambiguously mapped to one time.,1,False,True,True,,
28038851,4430350,CHEMBL6043296,CHEMBL6043296,Cn1cnc2ncn(Cc3nc([C@H]4[C@@H]5C=C(c6ccccn6)C[C@@H]54)no3)c(=O)c21,CHEMBL5735476,CHEMBL5727829,2020,209.0,nM,6.679853713888946,6.68,0.0001462861110539393,calcium_fluorescence,cinnamaldehyde,cinnamaldehyde,EC50,75.0,CHO,,,compound_before_agonist,human | not_reported | calcium_fluorescence | cinnamaldehyde | EC50 | NA | CHO | compound_before_agonist | NA,9,,0,not_reported,partially_verified,Core context explicit; source says 10 or 90 min but this assay was not unambiguously mapped to one time.,1,False,True,True,,
28038857,4430351,CHEMBL6015216,CHEMBL6015216,Cn1nnc2ncn(Cc3nc([C@H]4[C@@H]5CN(c6cc(Cl)ccn6)C[C@@H]54)no3)c(=O)c21,CHEMBL5735476,CHEMBL5727829,2020,74.5,nM,7.127843727251707,7.13,0.0021562727482926647,calcium_fluorescence,cinnamaldehyde,cinnamaldehyde,EC50,75.0,CHO,,,compound_before_agonist,human | not_reported | calcium_fluorescence | cinnamaldehyde | EC50 | NA | CHO | compound_before_agonist | NA,9,,0,not_reported,partially_verified,Core context explicit; source says 10 or 90 min but this assay was not unambiguously mapped to one time.,1,False,True,True,,
28038863,4430352,CHEMBL5957719,CHEMBL5957719,Cn1cnc2ncn(Cc3nc([C@H]4[C@@H]5CN(c6ccncc6F)C[C@@H]54)no3)c(=O)c21,CHEMBL5735476,CHEMBL5727829,2020,383.0,nM,6.416801226031377,6.42,0.003198773968622781,calcium_fluorescence,cinnamaldehyde,cinnamaldehyde,EC50,75.0,CHO,,,compound_before_agonist,human | not_reported | calcium_fluorescence | cinnamaldehyde | EC50 | NA | CHO | compound_before_agonist | NA,9,,0,not_reported,partially_verified,Core context explicit; source says 10 or 90 min but this assay was not unambiguously mapped to one time.,1,False,True,True,,
28038869,4430353,CHEMBL5854314,CHEMBL5854314,Cn1cnc2ncn(Cc3nc([C@H]4[C@@H]5CN(c6ncccc6F)C[C@@H]54)no3)c(=O)c21,CHEMBL5735476,CHEMBL5727829,2020,143.0,nM,6.844663962534938,6.84,-0.004663962534937838,calcium_fluorescence,cinnamaldehyde,cinnamaldehyde,EC50,75.0,CHO,,,compound_before_agonist,human | not_reported | calcium_fluorescence | cinnamaldehyde | EC50 | NA | CHO | compound_before_agonist | NA,9,,0,not_reported,partially_verified,Core context explicit; source says 10 or 90 min but this assay was not unambiguously mapped to one time.,1,False,True,True,,
28038875,4430354,CHEMBL6020750,CHEMBL6020750,Cn1cnc2ncn(Cc3nc([C@H]4[C@@H]5C=C(c6cccnc6)C[C@@H]54)no3)c(=O)c21,CHEMBL5735476,CHEMBL5727829,2020,179.0,nM,6.747146969020107,6.75,0.0028530309798933118,calcium_fluorescence,cinnamaldehyde,cinnamaldehyde,EC50,75.0,CHO,,,compound_before_agonist,human | not_reported | calcium_fluorescence | cinnamaldehyde | EC50 | NA | CHO | compound_before_agonist | NA,9,,0,not_reported,partially_verified,Core context explicit; source says 10 or 90 min but this assay was not unambiguously mapped to one time.,1,False,True,True,,
28038881,4430355,CHEMBL6013511,CHEMBL6013511,Cn1cnc2ncn(Cc3nc([C@@H]4[C@H]5C=C(c6cccnc6)C[C@H]54)no3)c(=O)c21,CHEMBL5735476,CHEMBL5727829,2020,348.0,nM,6.458420756053419,6.46,0.0015792439465807107,calcium_fluorescence,cinnamaldehyde,cinnamaldehyde,EC50,75.0,CHO,,,compound_before_agonist,human | not_reported | calcium_fluorescence | cinnamaldehyde | EC50 | NA | CHO | compound_before_agonist | NA,9,,0,not_reported,partially_verified,Core context explicit; source says 10 or 90 min but this assay was not unambiguously mapped to one time.,1,False,True,True,,
28038887,4430356,CHEMBL5976855,CHEMBL5976855,Cn1cnc2ncn(Cc3nc([C@H]4[C@@H]5C=C(c6ccc7ccncc7c6)C[C@@H]54)no3)c(=O)c21,CHEMBL5735476,CHEMBL5727829,2020,58.7,nM,7.231361898752386,7.23,-0.0013618987523855708,calcium_fluorescence,cinnamaldehyde,cinnamaldehyde,EC50,75.0,CHO,,,compound_before_agonist,human | not_reported | calcium_fluorescence | cinnamaldehyde | EC50 | NA | CHO | compound_before_agonist | NA,9,,0,not_reported,partially_verified,Core context explicit; source says 10 or 90 min but this assay was not unambiguously mapped to one time.,1,False,True,True,,
28038893,4430357,CHEMBL5761361,CHEMBL5761361,Cn1cnc2ncn(Cc3nc([C@@H]4[C@H]5C=C(c6ccc7ccncc7c6)C[C@H]54)no3)c(=O)c21,CHEMBL5735476,CHEMBL5727829,2020,16.6,nM,7.779891911959945,7.78,0.00010808804005524308,calcium_fluorescence,cinnamaldehyde,cinnamaldehyde,EC50,75.0,CHO,,,compound_before_agonist,human | not_reported | calcium_fluorescence | cinnamaldehyde | EC50 | NA | CHO | compound_before_agonist | NA,9,,0,not_reported,partially_verified,Core context explicit; source says 10 or 90 min but this assay was not unambiguously mapped to one time.,1,False,True,True,,
28038899,4430358,CHEMBL5952236,CHEMBL5952236,Cc1nn(C)c2ncn(Cc3nc([C@H]4[C@@H]5CN(c6cc(Cl)ccn6)C[C@@H]54)no3)c(=O)c12,CHEMBL5735476,CHEMBL5727829,2020,58.5,nM,7.232844133917819,7.23,-0.002844133917818681,calcium_fluorescence,cinnamaldehyde,cinnamaldehyde,EC50,75.0,CHO,,,compound_before_agonist,human | not_reported | calcium_fluorescence | cinnamaldehyde | EC50 | NA | CHO | compound_before_agonist | NA,9,,0,not_reported,partially_verified,Core context explicit; source says 10 or 90 min but this assay was not unambiguously mapped to one time.,1,False,True,True,,
28038905,4430359,CHEMBL5836096,CHEMBL5836096,Cc1cnn2ncn(Cc3nc([C@H]4[C@@H]5CN(c6cc(Cl)ccn6)C[C@@H]54)no3)c(=O)c12,CHEMBL5735476,CHEMBL5727829,2020,15.1,nM,7.82102305270683,7.82,-0.0010230527068300077,calcium_fluorescence,cinnamaldehyde,cinnamaldehyde,EC50,75.0,CHO,,,compound_before_agonist,human | not_reported | calcium_fluorescence | cinnamaldehyde | EC50 | NA | CHO | compound_before_agonist | NA,9,,0,not_reported,partially_verified,Core context explicit; source says 10 or 90 min but this assay was not unambiguously mapped to one time.,1,False,True,True,,
28038911,4430360,CHEMBL5823394,CHEMBL5823394,Cn1nnc2ncn(Cc3nc([C@H]4[C@@H]5CN(c6cccc(Cl)c6)C[C@@H]54)no3)c(=O)c21,CHEMBL5735476,CHEMBL5727829,2020,10.6,nM,7.97469413473523,7.97,-0.004694134735229838,calcium_fluorescence,cinnamaldehyde,cinnamaldehyde,EC50,75.0,CHO,,,compound_before_agonist,human | not_reported | calcium_fluorescence | cinnamaldehyde | EC50 | NA | CHO | compound_before_agonist | NA,9,,0,not_reported,partially_verified,Core context explicit; source says 10 or 90 min but this assay was not unambiguously mapped to one time.,1,False,True,True,,
28038917,4430361,CHEMBL6047294,CHEMBL6047294,Cc1ccc(N2C[C@@H]3[C@H](C2)[C@H]3c2noc(Cn3cnc4ncn(C)c4c3=O)n2)nc1,CHEMBL5735476,CHEMBL5727829,2020,222.0,nM,6.653647025549361,6.65,-0.003647025549360805,calcium_fluorescence,cinnamaldehyde,cinnamaldehyde,EC50,75.0,CHO,,,compound_before_agonist,human | not_reported | calcium_fluorescence | cinnamaldehyde | EC50 | NA | CHO | compound_before_agonist | NA,9,,0,not_reported,partially_verified,Core context explicit; source says 10 or 90 min but this assay was not unambiguously mapped to one time.,1,False,True,True,,
28038923,4430362,CHEMBL5972614,CHEMBL5972614,Cn1cnc2ncn(Cc3nc([C@H]4[C@@H]5C=C(c6ccc(Cl)cc6)C[C@@H]54)no3)c(=O)c21,CHEMBL5735476,CHEMBL5727829,2020,9.78,nM,8.009661145212398,8.01,0.00033885478760176113,calcium_fluorescence,cinnamaldehyde,cinnamaldehyde,EC50,75.0,CHO,,,compound_before_agonist,human | not_reported | calcium_fluorescence | cinnamaldehyde | EC50 | NA | CHO | compound_before_agonist | NA,9,,0,not_reported,partially_verified,Core context explicit; source says 10 or 90 min but this assay was not unambiguously mapped to one time.,1,False,True,True,,
28038929,4430363,CHEMBL5766146,CHEMBL5766146,Cn1cnc2ncn(Cc3nc([C@@H]4[C@H]5C=C(c6ccc(Cl)cc6)C[C@H]54)no3)c(=O)c21,CHEMBL5735476,CHEMBL5727829,2020,15.2,nM,7.818156412055227,7.82,0.0018435879447729064,calcium_fluorescence,cinnamaldehyde,cinnamaldehyde,EC50,75.0,CHO,,,compound_before_agonist,human | not_reported | calcium_fluorescence | cinnamaldehyde | EC50 | NA | CHO | compound_before_agonist | NA,9,,0,not_reported,partially_verified,Core context explicit; source says 10 or 90 min but this assay was not unambiguously mapped to one time.,1,False,True,True,,
28038935,4430364,CHEMBL5879601,CHEMBL5879601,Cc1ccnc2ncn(Cc3nc([C@H]4C[C@](F)(c5cccc(F)c5)C4)no3)c(=O)c12,CHEMBL5735476,CHEMBL5727829,2020,33.7,nM,7.4723700991286615,7.47,-0.002370099128661707,calcium_fluorescence,cinnamaldehyde,cinnamaldehyde,EC50,75.0,CHO,,,compound_before_agonist,human | not_reported | calcium_fluorescence | cinnamaldehyde | EC50 | NA | CHO | compound_before_agonist | NA,9,,0,not_reported,partially_verified,Core context explicit; source says 10 or 90 min but this assay was not unambiguously mapped to one time.,1,False,True,True,,
28038941,4430365,CHEMBL5815794,CHEMBL5815794,Cn1cnc2ncn(Cc3nc([C@H]4[C@@H]5CN(c6cncc(F)c6)C[C@@H]54)no3)c(=O)c21,CHEMBL5735476,CHEMBL5727829,2020,363.0,nM,6.440093374963888,6.44,-9.33749638871717e-05,calcium_fluorescence,cinnamaldehyde,cinnamaldehyde,EC50,75.0,CHO,,,compound_before_agonist,human | not_reported | calcium_fluorescence | cinnamaldehyde | EC50 | NA | CHO | compound_before_agonist | NA,9,,0,not_reported,partially_verified,Core context explicit; source says 10 or 90 min but this assay was not unambiguously mapped to one time.,1,False,True,True,,
28038947,4430366,CHEMBL5908556,CHEMBL5908556,Cn1cnc2ncn(Cc3nc([C@H]4[C@@H]5CN(c6cncc(C(F)(F)F)c6)C[C@@H]54)no3)c(=O)c21,CHEMBL5735476,CHEMBL5727829,2020,797.0,nM,6.098541678603888,6.1,0.0014583213961119057,calcium_fluorescence,cinnamaldehyde,cinnamaldehyde,EC50,75.0,CHO,,,compound_before_agonist,human | not_reported | calcium_fluorescence | cinnamaldehyde | EC50 | NA | CHO | compound_before_agonist | NA,9,,0,not_reported,partially_verified,Core context explicit; source says 10 or 90 min but this assay was not unambiguously mapped to one time.,1,False,True,True,,
28038953,4430367,CHEMBL5768249,CHEMBL5768249,Cn1cnc2ncn(Cc3nc([C@H]4[C@@H]5CN(c6ccnc(Cl)c6)C[C@@H]54)no3)c(=O)c21,CHEMBL5735476,CHEMBL5727829,2020,460.0,nM,6.337242168318426,6.34,0.0027578316815741744,calcium_fluorescence,cinnamaldehyde,cinnamaldehyde,EC50,75.0,CHO,,,compound_before_agonist,human | not_reported | calcium_fluorescence | cinnamaldehyde | EC50 | NA | CHO | compound_before_agonist | NA,9,,0,not_reported,partially_verified,Core context explicit; source says 10 or 90 min but this assay was not unambiguously mapped to one time.,1,False,True,True,,
28038959,4430368,CHEMBL5901772,CHEMBL5901772,O=c1c2cccnc2ncn1Cc1nc([C@H]2C[C@H](Oc3cccc(F)c3)C2)no1,CHEMBL5735476,CHEMBL5727829,2020,232.0,nM,6.634512015109101,6.63,-0.004512015109100709,calcium_fluorescence,cinnamaldehyde,cinnamaldehyde,EC50,75.0,CHO,,,compound_before_agonist,human | not_reported | calcium_fluorescence | cinnamaldehyde | EC50 | NA | CHO | compound_before_agonist | NA,9,,0,not_reported,partially_verified,Core context explicit; source says 10 or 90 min but this assay was not unambiguously mapped to one time.,1,False,True,True,,
28038965,4430369,CHEMBL6060007,CHEMBL6060007,Cn1cnc2cnn(Cc3nc([C@H]4[C@@H]5CN(c6cncc(Cl)c6)C[C@@H]54)no3)c(=O)c21,CHEMBL5735476,CHEMBL5727829,2020,305.0,nM,6.515700160653214,6.52,0.004299839346785461,calcium_fluorescence,cinnamaldehyde,cinnamaldehyde,EC50,75.0,CHO,,,compound_before_agonist,human | not_reported | calcium_fluorescence | cinnamaldehyde | EC50 | NA | CHO | compound_before_agonist | NA,9,,0,not_reported,partially_verified,Core context explicit; source says 10 or 90 min but this assay was not unambiguously mapped to one time.,1,False,True,True,,
28038971,4430370,CHEMBL6003957,CHEMBL6003957,Cn1nnc2ncn(Cc3nc([C@H]4C[C@](F)(c5ccc(Cl)cc5)C4)no3)c(=O)c21,CHEMBL5735476,CHEMBL5727829,2020,253.0,nM,6.596879478824182,6.6,0.0031205211758180695,calcium_fluorescence,cinnamaldehyde,cinnamaldehyde,EC50,75.0,CHO,,,compound_before_agonist,human | not_reported | calcium_fluorescence | cinnamaldehyde | EC50 | NA | CHO | compound_before_agonist | NA,9,,0,not_reported,partially_verified,Core context explicit; source says 10 or 90 min but this assay was not unambiguously mapped to one time.,1,False,True,True,,
28038977,4430371,CHEMBL5794096,CHEMBL5794096,Cn1cnc2ncn(Cc3nc([C@H]4[C@@H]5CN(c6ccc(-c7cnco7)cc6)C[C@@H]54)no3)c(=O)c21,CHEMBL5735476,CHEMBL5727829,2020,162.0,nM,6.790484985457369,6.79,-0.0004849854573691914,calcium_fluorescence,cinnamaldehyde,cinnamaldehyde,EC50,75.0,CHO,,,compound_before_agonist,human | not_reported | calcium_fluorescence | cinnamaldehyde | EC50 | NA | CHO | compound_before_agonist | NA,9,,0,not_reported,partially_verified,Core context explicit; source says 10 or 90 min but this assay was not unambiguously mapped to one time.,1,False,True,True,,
28038983,4430372,CHEMBL5965558,CHEMBL5965558,O=c1c2cccnc2ncn1Cc1nc([C@H]2[C@@H]3CN(c4ccc(Cl)cn4)C[C@@H]32)no1,CHEMBL5735476,CHEMBL5727829,2020,40.0,nM,7.3979400086720375,7.4,0.0020599913279628623,calcium_fluorescence,cinnamaldehyde,cinnamaldehyde,EC50,75.0,CHO,,,compound_before_agonist,human | not_reported | calcium_fluorescence | cinnamaldehyde | EC50 | NA | CHO | compound_before_agonist | NA,9,,0,not_reported,partially_verified,Core context explicit; source says 10 or 90 min but this assay was not unambiguously mapped to one time.,1,False,True,True,,
28038989,4430373,CHEMBL6028364,CHEMBL6028364,O=c1c2cccnc2cnn1Cc1nc([C@H]2[C@@H]3CN(c4ccnc(F)c4)C[C@@H]32)no1,CHEMBL5735476,CHEMBL5727829,2020,58.7,nM,7.231361898752386,7.23,-0.0013618987523855708,calcium_fluorescence,cinnamaldehyde,cinnamaldehyde,EC50,75.0,CHO,,,compound_before_agonist,human | not_reported | calcium_fluorescence | cinnamaldehyde | EC50 | NA | CHO | compound_before_agonist | NA,9,,0,not_reported,partially_verified,Core context explicit; source says 10 or 90 min but this assay was not unambiguously mapped to one time.,1,False,True,True,,
28038995,4430374,CHEMBL5858664,CHEMBL5858664,O=c1c2cccnc2cnn1Cc1nc([C@H]2[C@@H]3CN(c4cc(F)ccn4)C[C@@H]32)no1,CHEMBL5735476,CHEMBL5727829,2020,95.7,nM,7.019088062223156,7.02,0.0009119377768431747,calcium_fluorescence,cinnamaldehyde,cinnamaldehyde,EC50,75.0,CHO,,,compound_before_agonist,human | not_reported | calcium_fluorescence | cinnamaldehyde | EC50 | NA | CHO | compound_before_agonist | NA,9,,0,not_reported,partially_verified,Core context explicit; source says 10 or 90 min but this assay was not unambiguously mapped to one time.,1,False,True,True,,
28039001,4430375,CHEMBL5914583,CHEMBL5914583,O=c1c2cccnc2ncn1Cc1nc([C@H]2[C@@H]3CN(c4cc(F)ccn4)C[C@@H]32)no1,CHEMBL5735476,CHEMBL5727829,2020,196.0,nM,6.707743928643524,6.71,0.002256071356476319,calcium_fluorescence,cinnamaldehyde,cinnamaldehyde,EC50,75.0,CHO,,,compound_before_agonist,human | not_reported | calcium_fluorescence | cinnamaldehyde | EC50 | NA | CHO | compound_before_agonist | NA,9,,0,not_reported,partially_verified,Core context explicit; source says 10 or 90 min but this assay was not unambiguously mapped to one time.,1,False,True,True,,
28039007,4430376,CHEMBL5758234,CHEMBL5758234,Cn1ncc2ncn(Cc3nc([C@H]4[C@@H]5CN(c6cc(Cl)ccn6)C[C@@H]54)no3)c(=O)c21,CHEMBL5735476,CHEMBL5727829,2020,89.3,nM,7.049148541111453,7.05,0.0008514588885466523,calcium_fluorescence,cinnamaldehyde,cinnamaldehyde,EC50,75.0,CHO,,,compound_before_agonist,human | not_reported | calcium_fluorescence | cinnamaldehyde | EC50 | NA | CHO | compound_before_agonist | NA,9,,0,not_reported,partially_verified,Core context explicit; source says 10 or 90 min but this assay was not unambiguously mapped to one time.,1,False,True,True,,
28039013,4430377,CHEMBL5950280,CHEMBL5950280,Cn1cnc2ncn(Cc3nc([C@H]4[C@@H]5CN(C[C@@H](F)c6ccc(Cl)cc6)C[C@@H]54)no3)c(=O)c21,CHEMBL5735476,CHEMBL5727829,2020,843.0,nM,6.074172425375258,6.07,-0.004172425375257305,calcium_fluorescence,cinnamaldehyde,cinnamaldehyde,EC50,75.0,CHO,,,compound_before_agonist,human | not_reported | calcium_fluorescence | cinnamaldehyde | EC50 | NA | CHO | compound_before_agonist | NA,9,,0,not_reported,partially_verified,Core context explicit; source says 10 or 90 min but this assay was not unambiguously mapped to one time.,1,False,True,True,,
28039019,4430378,CHEMBL5927746,CHEMBL5927746,O=c1c2cccnc2cnn1Cc1nc([C@H]2C[C@](F)(c3ccc(Cl)cc3)C2)no1,CHEMBL5735476,CHEMBL5727829,2020,98.9,nM,7.004803708402821,7.0,-0.004803708402820739,calcium_fluorescence,cinnamaldehyde,cinnamaldehyde,EC50,75.0,CHO,,,compound_before_agonist,human | not_reported | calcium_fluorescence | cinnamaldehyde | EC50 | NA | CHO | compound_before_agonist | NA,9,,0,not_reported,partially_verified,Core context explicit; source says 10 or 90 min but this assay was not unambiguously mapped to one time.,1,False,True,True,,
28039025,4430379,CHEMBL6053269,CHEMBL6053269,Cc1cc(C#N)nc2ncn(Cc3nc([C@H]4C[C@](F)(c5ccc(Cl)cc5)C4)no3)c(=O)c12,CHEMBL5735476,CHEMBL5727829,2020,19.4,nM,7.7121982700697735,7.71,-0.002198270069773578,calcium_fluorescence,cinnamaldehyde,cinnamaldehyde,EC50,75.0,CHO,,,compound_before_agonist,human | not_reported | calcium_fluorescence | cinnamaldehyde | EC50 | NA | CHO | compound_before_agonist | NA,9,,0,not_reported,partially_verified,Core context explicit; source says 10 or 90 min but this assay was not unambiguously mapped to one time.,1,False,True,True,,
28039031,4430380,CHEMBL6000988,CHEMBL6000988,Cn1cnc2ncn(Cc3nc([C@@H]4[C@H]5C=C(c6cc(Cl)ccn6)C[C@H]54)no3)c(=O)c21,CHEMBL5735476,CHEMBL5727829,2020,119.0,nM,6.924453038607469,6.92,-0.00445303860746904,calcium_fluorescence,cinnamaldehyde,cinnamaldehyde,EC50,75.0,CHO,,,compound_before_agonist,human | not_reported | calcium_fluorescence | cinnamaldehyde | EC50 | NA | CHO | compound_before_agonist | NA,9,,0,not_reported,partially_verified,Core context explicit; source says 10 or 90 min but this assay was not unambiguously mapped to one time.,1,False,True,True,,
28039037,4430381,CHEMBL5804088,CHEMBL5804088,Cn1cnc2ncn(Cc3nc([C@H]4[C@@H]5C=C(c6cc(Cl)ccn6)C[C@@H]54)no3)c(=O)c21,CHEMBL5735476,CHEMBL5727829,2020,91.5,nM,7.0385789059335515,7.04,0.001421094066448525,calcium_fluorescence,cinnamaldehyde,cinnamaldehyde,EC50,75.0,CHO,,,compound_before_agonist,human | not_reported | calcium_fluorescence | cinnamaldehyde | EC50 | NA | CHO | compound_before_agonist | NA,9,,0,not_reported,partially_verified,Core context explicit; source says 10 or 90 min but this assay was not unambiguously mapped to one time.,1,False,True,True,,
28039043,4430382,CHEMBL5853567,CHEMBL5853567,O=c1c2cccnc2ncn1Cc1nc([C@H]2[C@@H]3C=C(c4cc(Cl)ccn4)C[C@@H]32)no1,CHEMBL5735476,CHEMBL5727829,2020,315.0,nM,6.501689446210399,6.5,-0.001689446210399126,calcium_fluorescence,cinnamaldehyde,cinnamaldehyde,EC50,75.0,CHO,,,compound_before_agonist,human | not_reported | calcium_fluorescence | cinnamaldehyde | EC50 | NA | CHO | compound_before_agonist | NA,9,,0,not_reported,partially_verified,Core context explicit; source says 10 or 90 min but this assay was not unambiguously mapped to one time.,1,False,True,True,,
28039049,4430383,CHEMBL5810932,CHEMBL5810932,O=c1c2cccnc2ncn1Cc1nc([C@@H]2[C@H]3C=C(c4cc(Cl)ccn4)C[C@H]32)no1,CHEMBL5735476,CHEMBL5727829,2020,132.0,nM,6.8794260687941495,6.88,0.0005739312058503643,calcium_fluorescence,cinnamaldehyde,cinnamaldehyde,EC50,75.0,CHO,,,compound_before_agonist,human | not_reported | calcium_fluorescence | cinnamaldehyde | EC50 | NA | CHO | compound_before_agonist | NA,9,,0,not_reported,partially_verified,Core context explicit; source says 10 or 90 min but this assay was not unambiguously mapped to one time.,1,False,True,True,,
28039055,4430384,CHEMBL5749499,CHEMBL5749499,Cn1cc(-c2cc(Cl)cc(N3C[C@@H]4[C@H](C3)[C@H]4c3noc(Cn4cnc5ncn(C)c5c4=O)n3)c2)cn1,CHEMBL5735476,CHEMBL5727829,2020,71.3,nM,7.146910470148135,7.15,0.0030895298518656134,calcium_fluorescence,cinnamaldehyde,cinnamaldehyde,EC50,75.0,CHO,,,compound_before_agonist,human | not_reported | calcium_fluorescence | cinnamaldehyde | EC50 | NA | CHO | compound_before_agonist | NA,9,,0,not_reported,partially_verified,Core context explicit; source says 10 or 90 min but this assay was not unambiguously mapped to one time.,1,False,True,True,,
28039061,4430385,CHEMBL5901394,CHEMBL5901394,Cc1ccnc2ncn(Cc3nc([C@H]4C[C@H](c5ccc(F)cc5)C4)no3)c(=O)c12,CHEMBL5735476,CHEMBL5727829,2020,15.1,nM,7.82102305270683,7.82,-0.0010230527068300077,calcium_fluorescence,cinnamaldehyde,cinnamaldehyde,EC50,75.0,CHO,,,compound_before_agonist,human | not_reported | calcium_fluorescence | cinnamaldehyde | EC50 | NA | CHO | compound_before_agonist | NA,9,,0,not_reported,partially_verified,Core context explicit; source says 10 or 90 min but this assay was not unambiguously mapped to one time.,1,False,True,True,,
28039064,4430386,CHEMBL5788773,CHEMBL5788773,Cc1ccnc2ncn(Cc3nc([C@H]4[C@@H]5Oc6c(Cl)cccc6[C@@H]54)no3)c(=O)c12,CHEMBL5735476,CHEMBL5727829,2020,22.2,nM,7.653647025549361,7.65,-0.003647025549360805,calcium_fluorescence,cinnamaldehyde,cinnamaldehyde,EC50,75.0,CHO,,,compound_before_agonist,human | not_reported | calcium_fluorescence | cinnamaldehyde | EC50 | NA | CHO | compound_before_agonist | NA,9,,0,not_reported,partially_verified,Core context explicit; source says 10 or 90 min but this assay was not unambiguously mapped to one time.,1,False,True,True,,
28039067,4430387,CHEMBL5753660,CHEMBL5753660,Cc1cc(C#N)nc2ncn(Cc3nc([C@H]4C[C@](F)(c5ccc(F)cc5)C4)no3)c(=O)c12,CHEMBL5735476,CHEMBL5727829,2020,37.6,nM,7.424812155072339,7.42,-0.00481215507233923,calcium_fluorescence,cinnamaldehyde,cinnamaldehyde,EC50,75.0,CHO,,,compound_before_agonist,human | not_reported | calcium_fluorescence | cinnamaldehyde | EC50 | NA | CHO | compound_before_agonist | NA,9,,0,not_reported,partially_verified,Core context explicit; source says 10 or 90 min but this assay was not unambiguously mapped to one time.,1,False,True,True,,
28039070,4430388,CHEMBL5092342,CHEMBL5092342,O=c1c2cccnc2cnn1Cc1nc([C@H]2[C@@H]3CN(c4cc(Cl)ccn4)C[C@@H]32)no1,CHEMBL5735476,CHEMBL5727829,2020,51.1,nM,7.291579099865287,7.29,-0.001579099865287148,calcium_fluorescence,cinnamaldehyde,cinnamaldehyde,EC50,75.0,CHO,,,compound_before_agonist,human | not_reported | calcium_fluorescence | cinnamaldehyde | EC50 | NA | CHO | compound_before_agonist | NA,9,,0,not_reported,partially_verified,Core context explicit; source says 10 or 90 min but this assay was not unambiguously mapped to one time.,1,False,True,True,,
28039076,4430389,CHEMBL5759535,CHEMBL5759535,Cc1ccnc2ncn(Cc3nc([C@H]4[C@@H]5CN(c6cc(Cl)ccn6)C[C@@H]54)no3)c(=O)c12,CHEMBL5735476,CHEMBL5727829,2020,50.8,nM,7.29413628771608,7.29,-0.004136287716080211,calcium_fluorescence,cinnamaldehyde,cinnamaldehyde,EC50,75.0,CHO,,,compound_before_agonist,human | not_reported | calcium_fluorescence | cinnamaldehyde | EC50 | NA | CHO | compound_before_agonist | NA,9,,0,not_reported,partially_verified,Core context explicit; source says 10 or 90 min but this assay was not unambiguously mapped to one time.,1,False,True,True,,
28039079,4430390,CHEMBL5741223,CHEMBL5741223,Cn1cc(-c2cccc(N3C[C@@H]4[C@H](C3)[C@H]4c3noc(Cn4ncc5ncccc5c4=O)n3)c2)cn1,CHEMBL5735476,CHEMBL5727829,2020,43.0,nM,7.366531544420414,7.37,0.003468455579586305,calcium_fluorescence,cinnamaldehyde,cinnamaldehyde,EC50,75.0,CHO,,,compound_before_agonist,human | not_reported | calcium_fluorescence | cinnamaldehyde | EC50 | NA | CHO | compound_before_agonist | NA,9,,0,not_reported,partially_verified,Core context explicit; source says 10 or 90 min but this assay was not unambiguously mapped to one time.,1,False,True,True,,
28039085,4430391,CHEMBL6032016,CHEMBL6032016,Cn1cnc2ncn(Cc3nc([C@H]4[C@@H]5CN(c6cc(Cl)c(F)cn6)C[C@@H]54)no3)c(=O)c21,CHEMBL5735476,CHEMBL5727829,2020,233.0,nM,6.632644078973981,6.63,-0.002644078973981223,calcium_fluorescence,cinnamaldehyde,cinnamaldehyde,EC50,75.0,CHO,,,compound_before_agonist,human | not_reported | calcium_fluorescence | cinnamaldehyde | EC50 | NA | CHO | compound_before_agonist | NA,9,,0,not_reported,partially_verified,Core context explicit; source says 10 or 90 min but this assay was not unambiguously mapped to one time.,1,False,True,True,,
28039091,4430392,CHEMBL5979384,CHEMBL5979384,Cn1cnc2ncn(Cc3nc([C@H]4[C@@H]5CN(c6cccc(C#N)n6)C[C@@H]54)no3)c(=O)c21,CHEMBL5735476,CHEMBL5727829,2020,271.0,nM,6.567030709125595,6.57,0.0029692908744056723,calcium_fluorescence,cinnamaldehyde,cinnamaldehyde,EC50,75.0,CHO,,,compound_before_agonist,human | not_reported | calcium_fluorescence | cinnamaldehyde | EC50 | NA | CHO | compound_before_agonist | NA,9,,0,not_reported,partially_verified,Core context explicit; source says 10 or 90 min but this assay was not unambiguously mapped to one time.,1,False,True,True,,
28039097,4430393,CHEMBL5756126,CHEMBL5756126,Cn1cnc2ncn(Cc3nc([C@@H]4CC[C@@H](c5ccc(F)cc5)C4)no3)c(=O)c21,CHEMBL5735476,CHEMBL5727829,2020,26.6,nM,7.575118363368933,7.58,0.00488163663106711,calcium_fluorescence,cinnamaldehyde,cinnamaldehyde,EC50,75.0,CHO,,,compound_before_agonist,human | not_reported | calcium_fluorescence | cinnamaldehyde | EC50 | NA | CHO | compound_before_agonist | NA,9,,0,not_reported,partially_verified,Core context explicit; source says 10 or 90 min but this assay was not unambiguously mapped to one time.,1,False,True,True,,
28039103,4430394,CHEMBL5836212,CHEMBL5836212,Cn1c(=O)ccc2ncn(Cc3nc([C@H]4[C@@H]5CN(c6cccc(Cl)c6)C[C@@H]54)no3)c(=O)c21,CHEMBL5735476,CHEMBL5727829,2020,3.97,nM,8.401209493236886,8.4,-0.0012094932368853506,calcium_fluorescence,cinnamaldehyde,cinnamaldehyde,EC50,75.0,CHO,,,compound_before_agonist,human | not_reported | calcium_fluorescence | cinnamaldehyde | EC50 | NA | CHO | compound_before_agonist | NA,9,,0,not_reported,partially_verified,Core context explicit; source says 10 or 90 min but this assay was not unambiguously mapped to one time.,1,False,True,True,,
28039106,4430395,CHEMBL5893767,CHEMBL5893767,Cn1c(=O)ccc2ncn(Cc3nc([C@H]4[C@@H]5CN(c6cc(Cl)ccn6)C[C@@H]54)no3)c(=O)c21,CHEMBL5735476,CHEMBL5727829,2020,60.6,nM,7.217527375833714,7.22,0.0024726241662857973,calcium_fluorescence,cinnamaldehyde,cinnamaldehyde,EC50,75.0,CHO,,,compound_before_agonist,human | not_reported | calcium_fluorescence | cinnamaldehyde | EC50 | NA | CHO | compound_before_agonist | NA,9,,0,not_reported,partially_verified,Core context explicit; source says 10 or 90 min but this assay was not unambiguously mapped to one time.,1,False,True,True,,
28039112,4430396,CHEMBL5894388,CHEMBL5894388,Cn1cnc2ncn(Cc3nc([C@H]4[C@@H]5CN(c6ccnc(F)c6)C[C@@H]54)no3)c(=O)c21,CHEMBL5735476,CHEMBL5727829,2020,420.0,nM,6.376750709602099,6.38,0.0032492903979006726,calcium_fluorescence,cinnamaldehyde,cinnamaldehyde,EC50,75.0,CHO,,,compound_before_agonist,human | not_reported | calcium_fluorescence | cinnamaldehyde | EC50 | NA | CHO | compound_before_agonist | NA,9,,0,not_reported,partially_verified,Core context explicit; source says 10 or 90 min but this assay was not unambiguously mapped to one time.,1,False,True,True,,
28039118,4430397,CHEMBL5947766,CHEMBL5947766,Cn1cnc2ncn(Cc3nc([C@H]4C[C@H](Oc5cccc(F)c5)C4)no3)c(=O)c21,CHEMBL5735476,CHEMBL5727829,2020,24.3,nM,7.614393726401688,7.61,-0.004393726401687559,calcium_fluorescence,cinnamaldehyde,cinnamaldehyde,EC50,75.0,CHO,,,compound_before_agonist,human | not_reported | calcium_fluorescence | cinnamaldehyde | EC50 | NA | CHO | compound_before_agonist | NA,9,,0,not_reported,partially_verified,Core context explicit; source says 10 or 90 min but this assay was not unambiguously mapped to one time.,1,False,True,True,,
28039121,4430398,CHEMBL5833830,CHEMBL5833830,Cn1cnc2ncn(Cc3nc([C@H]4C[C@H](Oc5ccc(F)cc5)C4)no3)c(=O)c21,CHEMBL5735476,CHEMBL5727829,2020,40.1,nM,7.396855627379818,7.4,0.003144372620182523,calcium_fluorescence,cinnamaldehyde,cinnamaldehyde,EC50,75.0,CHO,,,compound_before_agonist,human | not_reported | calcium_fluorescence | cinnamaldehyde | EC50 | NA | CHO | compound_before_agonist | NA,9,,0,not_reported,partially_verified,Core context explicit; source says 10 or 90 min but this assay was not unambiguously mapped to one time.,1,False,True,True,,
28039124,4430399,CHEMBL5852189,CHEMBL5852189,Cn1cnc2ncn(Cc3nc([C@H]4C[C@H](Oc5cccc(C#N)c5)C4)no3)c(=O)c21,CHEMBL5735476,CHEMBL5727829,2020,81.5,nM,7.088842391260023,7.09,0.0011576087399767232,calcium_fluorescence,cinnamaldehyde,cinnamaldehyde,EC50,75.0,CHO,,,compound_before_agonist,human | not_reported | calcium_fluorescence | cinnamaldehyde | EC50 | NA | CHO | compound_before_agonist | NA,9,,0,not_reported,partially_verified,Core context explicit; source says 10 or 90 min but this assay was not unambiguously mapped to one time.,1,False,True,True,,
28039127,4430400,CHEMBL5929993,CHEMBL5929993,Cn1cc(-c2ccc(N3C[C@@H]4[C@H](C3)[C@H]4c3noc(Cn4cnc5ncn(C)c5c4=O)n3)cc2)cn1,CHEMBL5735476,CHEMBL5727829,2020,134.0,nM,6.872895201635192,6.87,-0.0028952016351917464,calcium_fluorescence,cinnamaldehyde,cinnamaldehyde,EC50,75.0,CHO,,,compound_before_agonist,human | not_reported | calcium_fluorescence | cinnamaldehyde | EC50 | NA | CHO | compound_before_agonist | NA,9,,0,not_reported,partially_verified,Core context explicit; source says 10 or 90 min but this assay was not unambiguously mapped to one time.,1,False,True,True,,
28039133,4430401,CHEMBL5878495,CHEMBL5878495,O=c1c2cccnc2ncn1Cc1nc([C@H]2[C@@H]3C=C(c4cccc(Cl)c4)C[C@@H]32)no1,CHEMBL5735476,CHEMBL5727829,2020,23.3,nM,7.632644078973981,7.63,-0.002644078973981223,calcium_fluorescence,cinnamaldehyde,cinnamaldehyde,EC50,75.0,CHO,,,compound_before_agonist,human | not_reported | calcium_fluorescence | cinnamaldehyde | EC50 | NA | CHO | compound_before_agonist | NA,9,,0,not_reported,partially_verified,Core context explicit; source says 10 or 90 min but this assay was not unambiguously mapped to one time.,1,False,True,True,,
28039139,4430402,CHEMBL5743365,CHEMBL5743365,O=c1c2cccnc2ncn1Cc1nc([C@@H]2[C@H]3C=C(c4cccc(Cl)c4)C[C@H]32)no1,CHEMBL5735476,CHEMBL5727829,2020,21.8,nM,7.661543506395395,7.66,-0.0015435063953948003,calcium_fluorescence,cinnamaldehyde,cinnamaldehyde,EC50,75.0,CHO,,,compound_before_agonist,human | not_reported | calcium_fluorescence | cinnamaldehyde | EC50 | NA | CHO | compound_before_agonist | NA,9,,0,not_reported,partially_verified,Core context explicit; source says 10 or 90 min but this assay was not unambiguously mapped to one time.,1,False,True,True,,
28039145,4430403,CHEMBL5831050,CHEMBL5831050,Cn1cnc2ncn(Cc3nc([C@H]4[C@@H]5CN(c6cc(F)ccn6)C[C@@H]54)no3)c(=O)c21,CHEMBL5735476,CHEMBL5727829,2020,194.0,nM,6.7121982700697735,6.71,-0.002198270069773578,calcium_fluorescence,cinnamaldehyde,cinnamaldehyde,EC50,75.0,CHO,,,compound_before_agonist,human | not_reported | calcium_fluorescence | cinnamaldehyde | EC50 | NA | CHO | compound_before_agonist | NA,9,,0,not_reported,partially_verified,Core context explicit; source says 10 or 90 min but this assay was not unambiguously mapped to one time.,1,False,True,True,,
28039151,4430404,CHEMBL5084582,CHEMBL5084582,O=c1c2cccnc2ncn1Cc1nc([C@H]2[C@@H]3CN(c4cc(Cl)ccn4)C[C@@H]32)no1,CHEMBL5735476,CHEMBL5727829,2020,65.1,nM,7.186419011431808,7.19,0.0035809885681921116,calcium_fluorescence,cinnamaldehyde,cinnamaldehyde,EC50,75.0,CHO,,,compound_before_agonist,human | not_reported | calcium_fluorescence | cinnamaldehyde | EC50 | NA | CHO | compound_before_agonist | NA,9,,0,not_reported,partially_verified,Core context explicit; source says 10 or 90 min but this assay was not unambiguously mapped to one time.,1,False,True,True,,
28039157,4430405,CHEMBL6065175,CHEMBL6065175,Cn1cnc2ncn(Cc3nc([C@H]4[C@@H]5C=C(c6cccc(Cl)c6)C[C@@H]54)no3)c(=O)c21,CHEMBL5735476,CHEMBL5727829,2020,8.83,nM,8.054039296422431,8.05,-0.004039296422430283,calcium_fluorescence,cinnamaldehyde,cinnamaldehyde,EC50,75.0,CHO,,,compound_before_agonist,human | not_reported | calcium_fluorescence | cinnamaldehyde | EC50 | NA | CHO | compound_before_agonist | NA,9,,0,not_reported,partially_verified,Core context explicit; source says 10 or 90 min but this assay was not unambiguously mapped to one time.,1,False,True,True,,
28039163,4430406,CHEMBL5832611,CHEMBL5832611,Cn1cnc2ncn(Cc3nc([C@@H]4[C@H]5C=C(c6cccc(Cl)c6)C[C@H]54)no3)c(=O)c21,CHEMBL5735476,CHEMBL5727829,2020,18.5,nM,7.732828271596986,7.73,-0.002828271596985843,calcium_fluorescence,cinnamaldehyde,cinnamaldehyde,EC50,75.0,CHO,,,compound_before_agonist,human | not_reported | calcium_fluorescence | cinnamaldehyde | EC50 | NA | CHO | compound_before_agonist | NA,9,,0,not_reported,partially_verified,Core context explicit; source says 10 or 90 min but this assay was not unambiguously mapped to one time.,1,False,True,True,,
28039169,4430407,CHEMBL5897867,CHEMBL5897867,Cn1cnc2ncn(Cc3nc([C@H]4[C@@H]5Oc6c(Cl)cccc6[C@@H]54)no3)c(=O)c21,CHEMBL5735476,CHEMBL5727829,2020,49.9,nM,7.30189945437661,7.3,-0.001899454376609988,calcium_fluorescence,cinnamaldehyde,cinnamaldehyde,EC50,75.0,CHO,,,compound_before_agonist,human | not_reported | calcium_fluorescence | cinnamaldehyde | EC50 | NA | CHO | compound_before_agonist | NA,9,,0,not_reported,partially_verified,Core context explicit; source says 10 or 90 min but this assay was not unambiguously mapped to one time.,1,False,True,True,,
28039175,4430408,CHEMBL5782442,CHEMBL5782442,Cn1cnc2ncn(Cc3nc([C@@H]4[C@H]5Oc6c(Cl)cccc6[C@H]54)no3)c(=O)c21,CHEMBL5735476,CHEMBL5727829,2020,763.0,nM,6.117475462045119,6.12,0.0025245379548808344,calcium_fluorescence,cinnamaldehyde,cinnamaldehyde,EC50,75.0,CHO,,,compound_before_agonist,human | not_reported | calcium_fluorescence | cinnamaldehyde | EC50 | NA | CHO | compound_before_agonist | NA,9,,0,not_reported,partially_verified,Core context explicit; source says 10 or 90 min but this assay was not unambiguously mapped to one time.,1,False,True,True,,
28039178,4430409,CHEMBL5985433,CHEMBL5985433,Cn1cnc2ncn(Cc3nc([C@H]4[C@@H]5CN(c6ccc(C#N)c(Cl)c6)C[C@@H]54)no3)c(=O)c21,CHEMBL5735476,CHEMBL5727829,2020,63.8,nM,7.195179321278838,7.2,0.00482067872116243,calcium_fluorescence,cinnamaldehyde,cinnamaldehyde,EC50,75.0,CHO,,,compound_before_agonist,human | not_reported | calcium_fluorescence | cinnamaldehyde | EC50 | NA | CHO | compound_before_agonist | NA,9,,0,not_reported,partially_verified,Core context explicit; source says 10 or 90 min but this assay was not unambiguously mapped to one time.,1,False,True,True,,
28039184,4430410,CHEMBL5915509,CHEMBL5915509,Cn1cnc2ncn(Cc3nc([C@H]4C[C@H](c5cccc(C#N)c5)C4)no3)c(=O)c21,CHEMBL5735476,CHEMBL5727829,2020,68.2,nM,7.166215625343521,7.17,0.0037843746564787395,calcium_fluorescence,cinnamaldehyde,cinnamaldehyde,EC50,75.0,CHO,,,compound_before_agonist,human | not_reported | calcium_fluorescence | cinnamaldehyde | EC50 | NA | CHO | compound_before_agonist | NA,9,,0,not_reported,partially_verified,Core context explicit; source says 10 or 90 min but this assay was not unambiguously mapped to one time.,1,False,True,True,,
28039187,4430411,CHEMBL5892972,CHEMBL5892972,Cn1cnc2ncn(Cc3nc([C@H]4[C@@H]5CN(c6cccc(-c7ncco7)c6)C[C@@H]54)no3)c(=O)c21,CHEMBL5735476,CHEMBL5727829,2020,78.3,nM,7.106238237942057,7.11,0.0037617620579437627,calcium_fluorescence,cinnamaldehyde,cinnamaldehyde,EC50,75.0,CHO,,,compound_before_agonist,human | not_reported | calcium_fluorescence | cinnamaldehyde | EC50 | NA | CHO | compound_before_agonist | NA,9,,0,not_reported,partially_verified,Core context explicit; source says 10 or 90 min but this assay was not unambiguously mapped to one time.,1,False,True,True,,
28039193,4430412,CHEMBL5959308,CHEMBL5959308,Cn1cnc2ncn(Cc3nc([C@H]4C[C@H](c5cccc(F)c5)C4)no3)c(=O)c21,CHEMBL5735476,CHEMBL5727829,2020,83.0,nM,7.080921907623926,7.08,-0.0009219076239261881,calcium_fluorescence,cinnamaldehyde,cinnamaldehyde,EC50,75.0,CHO,,,compound_before_agonist,human | not_reported | calcium_fluorescence | cinnamaldehyde | EC50 | NA | CHO | compound_before_agonist | NA,9,,0,not_reported,partially_verified,Core context explicit; source says 10 or 90 min but this assay was not unambiguously mapped to one time.,1,False,True,True,,
28039196,4430413,CHEMBL6028569,CHEMBL6028569,Cn1cnc2ncn(Cc3nc([C@H]4[C@@H]5CN(c6ccc(C#N)cc6)C[C@@H]54)no3)c(=O)c21,CHEMBL5735476,CHEMBL5727829,2020,27.4,nM,7.562249437179612,7.56,-0.002249437179612457,calcium_fluorescence,cinnamaldehyde,cinnamaldehyde,EC50,75.0,CHO,,,compound_before_agonist,human | not_reported | calcium_fluorescence | cinnamaldehyde | EC50 | NA | CHO | compound_before_agonist | NA,9,,0,not_reported,partially_verified,Core context explicit; source says 10 or 90 min but this assay was not unambiguously mapped to one time.,1,False,True,True,,
28039202,4430414,CHEMBL6054619,CHEMBL6054619,Cn1cnc2ncn(Cc3nc([C@H]4[C@@H]5CN(c6cc(Cl)cc(C#N)c6)C[C@@H]54)no3)c(=O)c21,CHEMBL5735476,CHEMBL5727829,2020,37.1,nM,7.430626090384954,7.43,-0.0006260903849542032,calcium_fluorescence,cinnamaldehyde,cinnamaldehyde,EC50,75.0,CHO,,,compound_before_agonist,human | not_reported | calcium_fluorescence | cinnamaldehyde | EC50 | NA | CHO | compound_before_agonist | NA,9,,0,not_reported,partially_verified,Core context explicit; source says 10 or 90 min but this assay was not unambiguously mapped to one time.,1,False,True,True,,
28039208,4430415,CHEMBL5850839,CHEMBL5850839,O=c1c2cccnc2ncn1Cc1nc([C@H]2[C@@H]3CN(c4ccccc4)C[C@@H]32)no1,CHEMBL5735476,CHEMBL5727829,2020,20.1,nM,7.696803942579511,7.7,0.003196057420488785,calcium_fluorescence,cinnamaldehyde,cinnamaldehyde,EC50,75.0,CHO,,,compound_before_agonist,human | not_reported | calcium_fluorescence | cinnamaldehyde | EC50 | NA | CHO | compound_before_agonist | NA,9,,0,not_reported,partially_verified,Core context explicit; source says 10 or 90 min but this assay was not unambiguously mapped to one time.,1,False,True,True,,
28039214,4430416,CHEMBL5842749,CHEMBL5842749,O=c1c2ccncc2ncn1Cc1nc([C@H]2[C@@H]3CN(c4ccccc4)C[C@@H]32)no1,CHEMBL5735476,CHEMBL5727829,2020,99.4,nM,7.002613615602686,7.0,-0.002613615602686359,calcium_fluorescence,cinnamaldehyde,cinnamaldehyde,EC50,75.0,CHO,,,compound_before_agonist,human | not_reported | calcium_fluorescence | cinnamaldehyde | EC50 | NA | CHO | compound_before_agonist | NA,9,,0,not_reported,partially_verified,Core context explicit; source says 10 or 90 min but this assay was not unambiguously mapped to one time.,1,False,True,True,,
28039220,4430417,CHEMBL5832960,CHEMBL5832960,Cc1ccnc2ncn(Cc3nc([C@H]4C[C@](F)(c5ccc(F)cc5)C4)no3)c(=O)c12,CHEMBL5735476,CHEMBL5727829,2020,13.0,nM,7.886056647693163,7.89,0.003943352306836623,calcium_fluorescence,cinnamaldehyde,cinnamaldehyde,EC50,75.0,CHO,,,compound_before_agonist,human | not_reported | calcium_fluorescence | cinnamaldehyde | EC50 | NA | CHO | compound_before_agonist | NA,9,,0,not_reported,partially_verified,Core context explicit; source says 10 or 90 min but this assay was not unambiguously mapped to one time.,1,False,True,True,,
28039226,4430418,CHEMBL6029313,CHEMBL6029313,O=c1c2cccnc2ncn1Cc1nc([C@H]2C[C@](F)(c3cccc(F)c3)C2)no1,CHEMBL5735476,CHEMBL5727829,2020,66.9,nM,7.174573882232177,7.17,-0.004573882232176807,calcium_fluorescence,cinnamaldehyde,cinnamaldehyde,EC50,75.0,CHO,,,compound_before_agonist,human | not_reported | calcium_fluorescence | cinnamaldehyde | EC50 | NA | CHO | compound_before_agonist | NA,9,,0,not_reported,partially_verified,Core context explicit; source says 10 or 90 min but this assay was not unambiguously mapped to one time.,1,False,True,True,,
28039229,4430419,CHEMBL5816786,CHEMBL5816786,O=c1c2cccnc2ncn1Cc1nc([C@H]2C[C@](F)(c3cccc(Cl)c3)C2)no1,CHEMBL5735476,CHEMBL5727829,2020,58.7,nM,7.231361898752386,7.23,-0.0013618987523855708,calcium_fluorescence,cinnamaldehyde,cinnamaldehyde,EC50,75.0,CHO,,,compound_before_agonist,human | not_reported | calcium_fluorescence | cinnamaldehyde | EC50 | NA | CHO | compound_before_agonist | NA,9,,0,not_reported,partially_verified,Core context explicit; source says 10 or 90 min but this assay was not unambiguously mapped to one time.,1,False,True,True,,
28039232,4430420,CHEMBL6007249,CHEMBL6007249,Cn1cnc2ncn(Cc3nc([C@H]4[C@@H]5CN(c6cccc(-c7cnco7)c6)C[C@@H]54)no3)c(=O)c21,CHEMBL5735476,CHEMBL5727829,2020,26.2,nM,7.581698708680254,7.58,-0.001698708680254235,calcium_fluorescence,cinnamaldehyde,cinnamaldehyde,EC50,75.0,CHO,,,compound_before_agonist,human | not_reported | calcium_fluorescence | cinnamaldehyde | EC50 | NA | CHO | compound_before_agonist | NA,9,,0,not_reported,partially_verified,Core context explicit; source says 10 or 90 min but this assay was not unambiguously mapped to one time.,1,False,True,True,,
28039238,4430421,CHEMBL5939414,CHEMBL5939414,Cn1cc(-c2cccc(N3C[C@@H]4[C@H](C3)[C@H]4c3noc(Cn4cnc5ncn(C)c5c4=O)n3)c2)cn1,CHEMBL5735476,CHEMBL5727829,2020,38.4,nM,7.4156687756324695,7.42,0.004331224367530417,calcium_fluorescence,cinnamaldehyde,cinnamaldehyde,EC50,75.0,CHO,,,compound_before_agonist,human | not_reported | calcium_fluorescence | cinnamaldehyde | EC50 | NA | CHO | compound_before_agonist | NA,9,,0,not_reported,partially_verified,Core context explicit; source says 10 or 90 min but this assay was not unambiguously mapped to one time.,1,False,True,True,,
28039244,4430422,CHEMBL5933906,CHEMBL5933906,Cn1cnc2ncn(Cc3nc([C@H]4[C@@H]5CN(c6cccc(-c7ccncc7)c6)C[C@@H]54)no3)c(=O)c21,CHEMBL5735476,CHEMBL5727829,2020,67.0,nM,7.173925197299173,7.17,-0.003925197299173178,calcium_fluorescence,cinnamaldehyde,cinnamaldehyde,EC50,75.0,CHO,,,compound_before_agonist,human | not_reported | calcium_fluorescence | cinnamaldehyde | EC50 | NA | CHO | compound_before_agonist | NA,9,,0,not_reported,partially_verified,Core context explicit; source says 10 or 90 min but this assay was not unambiguously mapped to one time.,1,False,True,True,,
28039250,4430423,CHEMBL5981941,CHEMBL5981941,Cn1cnc2ncn(Cc3nc([C@H]4[C@@H]5CN(c6cccc(-n7cccn7)c6)C[C@@H]54)no3)c(=O)c21,CHEMBL5735476,CHEMBL5727829,2020,50.1,nM,7.300162274132754,7.3,-0.00016227413275426983,calcium_fluorescence,cinnamaldehyde,cinnamaldehyde,EC50,75.0,CHO,,,compound_before_agonist,human | not_reported | calcium_fluorescence | cinnamaldehyde | EC50 | NA | CHO | compound_before_agonist | NA,9,,0,not_reported,partially_verified,Core context explicit; source says 10 or 90 min but this assay was not unambiguously mapped to one time.,1,False,True,True,,
28039253,4430424,CHEMBL6057953,CHEMBL6057953,Cn1cnc2ncn(Cc3nc([C@H]4[C@@H]5CN(c6cccc(-c7cccnc7)c6)C[C@@H]54)no3)c(=O)c21,CHEMBL5735476,CHEMBL5727829,2020,46.3,nM,7.334419008982047,7.33,-0.004419008982046613,calcium_fluorescence,cinnamaldehyde,cinnamaldehyde,EC50,75.0,CHO,,,compound_before_agonist,human | not_reported | calcium_fluorescence | cinnamaldehyde | EC50 | NA | CHO | compound_before_agonist | NA,9,,0,not_reported,partially_verified,Core context explicit; source says 10 or 90 min but this assay was not unambiguously mapped to one time.,1,False,True,True,,
28039259,4430425,CHEMBL5872131,CHEMBL5872131,C[C@H]1[C@@H]2[C@H](CN1c1cccc(Cl)c1)[C@H]2c1noc(Cn2cnc3ncn(C)c3c2=O)n1,CHEMBL5735476,CHEMBL5727829,2020,335.0,nM,6.474955192963154,6.47,-0.004955192963154609,calcium_fluorescence,cinnamaldehyde,cinnamaldehyde,EC50,75.0,CHO,,,compound_before_agonist,human | not_reported | calcium_fluorescence | cinnamaldehyde | EC50 | NA | CHO | compound_before_agonist | NA,9,,0,not_reported,partially_verified,Core context explicit; source says 10 or 90 min but this assay was not unambiguously mapped to one time.,1,False,True,True,,
28039262,4430426,CHEMBL5761251,CHEMBL5761251,Cn1cnc2ncn(Cc3nc([C@H]4[C@@H]5CN(c6ccc(Cl)cn6)C[C@@H]54)no3)c(=O)c21,CHEMBL5735476,CHEMBL5727829,2020,496.0,nM,6.304518323509802,6.3,-0.00451832350980208,calcium_fluorescence,cinnamaldehyde,cinnamaldehyde,EC50,75.0,CHO,,,compound_before_agonist,human | not_reported | calcium_fluorescence | cinnamaldehyde | EC50 | NA | CHO | compound_before_agonist | NA,9,,0,not_reported,partially_verified,Core context explicit; source says 10 or 90 min but this assay was not unambiguously mapped to one time.,1,False,True,True,,
28039268,4430427,CHEMBL5858075,CHEMBL5858075,Cn1cnc2ncn(Cc3nc([C@H]4C[C@](F)(c5ccc(F)cc5)C4)no3)c(=O)c21,CHEMBL5735476,CHEMBL5727829,2020,313.0,nM,6.504455662453552,6.5,-0.004455662453551668,calcium_fluorescence,cinnamaldehyde,cinnamaldehyde,EC50,75.0,CHO,,,compound_before_agonist,human | not_reported | calcium_fluorescence | cinnamaldehyde | EC50 | NA | CHO | compound_before_agonist | NA,9,,0,not_reported,partially_verified,Core context explicit; source says 10 or 90 min but this assay was not unambiguously mapped to one time.,1,False,True,True,,
28039271,4430428,CHEMBL5882796,CHEMBL5882796,O=c1c2cccnc2ncn1Cc1nc([C@H]2C[C@](F)(c3ccc(F)cc3)C2)no1,CHEMBL5735476,CHEMBL5727829,2020,95.0,nM,7.022276394711152,7.02,-0.0022763947111528182,calcium_fluorescence,cinnamaldehyde,cinnamaldehyde,EC50,75.0,CHO,,,compound_before_agonist,human | not_reported | calcium_fluorescence | cinnamaldehyde | EC50 | NA | CHO | compound_before_agonist | NA,9,,0,not_reported,partially_verified,Core context explicit; source says 10 or 90 min but this assay was not unambiguously mapped to one time.,1,False,True,True,,
28039274,4430429,CHEMBL5929559,CHEMBL5929559,O=c1c2cccnc2ncn1Cc1nc([C@H]2C[C@H](c3ccc(Cl)cc3)C2)no1,CHEMBL5735476,CHEMBL5727829,2020,78.5,nM,7.105130343254747,7.11,0.0048696567452530815,calcium_fluorescence,cinnamaldehyde,cinnamaldehyde,EC50,75.0,CHO,,,compound_before_agonist,human | not_reported | calcium_fluorescence | cinnamaldehyde | EC50 | NA | CHO | compound_before_agonist | NA,9,,0,not_reported,partially_verified,Core context explicit; source says 10 or 90 min but this assay was not unambiguously mapped to one time.,1,False,True,True,,
28039277,4430430,CHEMBL5771516,CHEMBL5771516,Cn1cnc2ncn(Cc3nc([C@H]4C[C@H](c5cc(Cl)ccc5F)C4)no3)c(=O)c21,CHEMBL5735476,CHEMBL5727829,2020,886.0,nM,6.052566278112949,6.05,-0.002566278112949405,calcium_fluorescence,cinnamaldehyde,cinnamaldehyde,EC50,75.0,CHO,,,compound_before_agonist,human | not_reported | calcium_fluorescence | cinnamaldehyde | EC50 | NA | CHO | compound_before_agonist | NA,9,,0,not_reported,partially_verified,Core context explicit; source says 10 or 90 min but this assay was not unambiguously mapped to one time.,1,False,True,True,,
28039280,4430431,CHEMBL5892766,CHEMBL5892766,Cc1ccnc2ncn(Cc3nc([C@H]4C[C@](F)(c5cccc(Cl)c5)C4)no3)c(=O)c12,CHEMBL5735476,CHEMBL5727829,2020,15.1,nM,7.82102305270683,7.82,-0.0010230527068300077,calcium_fluorescence,cinnamaldehyde,cinnamaldehyde,EC50,75.0,CHO,,,compound_before_agonist,human | not_reported | calcium_fluorescence | cinnamaldehyde | EC50 | NA | CHO | compound_before_agonist | NA,9,,0,not_reported,partially_verified,Core context explicit; source says 10 or 90 min but this assay was not unambiguously mapped to one time.,1,False,True,True,,
28039283,4430432,CHEMBL5949303,CHEMBL5949303,Cn1cnc2ncn(Cc3nc([C@H]4[C@@H]5CN(c6ccc7ncsc7c6)C[C@@H]54)no3)c(=O)c21,CHEMBL5735476,CHEMBL5727829,2020,63.8,nM,7.195179321278838,7.2,0.00482067872116243,calcium_fluorescence,cinnamaldehyde,cinnamaldehyde,EC50,75.0,CHO,,,compound_before_agonist,human | not_reported | calcium_fluorescence | cinnamaldehyde | EC50 | NA | CHO | compound_before_agonist | NA,9,,0,not_reported,partially_verified,Core context explicit; source says 10 or 90 min but this assay was not unambiguously mapped to one time.,1,False,True,True,,
28039289,4430433,CHEMBL5091060,CHEMBL5091060,Cn1cnc2ncn(Cc3nc([C@H]4[C@@H]5CN(c6cc(Cl)ccn6)C[C@@H]54)no3)c(=O)c21,CHEMBL5735476,CHEMBL5727829,2020,84.7,nM,7.072116589669293,7.07,-0.0021165896692929564,calcium_fluorescence,cinnamaldehyde,cinnamaldehyde,EC50,75.0,CHO,,,compound_before_agonist,human | not_reported | calcium_fluorescence | cinnamaldehyde | EC50 | NA | CHO | compound_before_agonist | NA,9,,0,not_reported,partially_verified,Core context explicit; source says 10 or 90 min but this assay was not unambiguously mapped to one time.,1,False,True,True,,
28039295,4430434,CHEMBL5858382,CHEMBL5858382,O=c1c2cccnc2cnn1Cc1nc([C@H]2[C@@H]3CN(c4ccccc4)C[C@@H]32)no1,CHEMBL5735476,CHEMBL5727829,2020,6.17,nM,8.209714835966759,8.21,0.00028516403324196915,calcium_fluorescence,cinnamaldehyde,cinnamaldehyde,EC50,75.0,CHO,,,compound_before_agonist,human | not_reported | calcium_fluorescence | cinnamaldehyde | EC50 | NA | CHO | compound_before_agonist | NA,9,,0,not_reported,partially_verified,Core context explicit; source says 10 or 90 min but this assay was not unambiguously mapped to one time.,1,False,True,True,,
28039301,4430435,CHEMBL5779299,CHEMBL5779299,O=c1c2cccnc2cnn1Cc1nc([C@H]2[C@@H]3CN(c4cccc(Cl)c4)C[C@@H]32)no1,CHEMBL5735476,CHEMBL5727829,2020,2.88,nM,8.540607512240769,8.54,-0.0006075122407693812,calcium_fluorescence,cinnamaldehyde,cinnamaldehyde,EC50,75.0,CHO,,,compound_before_agonist,human | not_reported | calcium_fluorescence | cinnamaldehyde | EC50 | NA | CHO | compound_before_agonist | NA,9,,0,not_reported,partially_verified,Core context explicit; source says 10 or 90 min but this assay was not unambiguously mapped to one time.,1,False,True,True,,
28039304,4430436,CHEMBL6033693,CHEMBL6033693,Cn1c(=O)c2c(ncn2Cc2nc([C@H]3[C@@H]4CN(c5cccc(Cl)c5)C[C@@H]43)no2)n(C)c1=O,CHEMBL5735476,CHEMBL5727829,2020,56.5,nM,7.247951552180561,7.25,0.0020484478194386924,calcium_fluorescence,cinnamaldehyde,cinnamaldehyde,EC50,75.0,CHO,,,compound_before_agonist,human | not_reported | calcium_fluorescence | cinnamaldehyde | EC50 | NA | CHO | compound_before_agonist | NA,9,,0,not_reported,partially_verified,Core context explicit; source says 10 or 90 min but this assay was not unambiguously mapped to one time.,1,False,True,True,,
28039307,4430437,CHEMBL5951749,CHEMBL5951749,O=c1c2cccnc2ncn1Cc1nc([C@H]2[C@@H]3CN(c4cccc(Cl)c4)C[C@@H]32)no1,CHEMBL5735476,CHEMBL5727829,2020,13.8,nM,7.860120913598763,7.86,-0.00012091359876276186,calcium_fluorescence,cinnamaldehyde,cinnamaldehyde,EC50,75.0,CHO,,,compound_before_agonist,human | not_reported | calcium_fluorescence | cinnamaldehyde | EC50 | NA | CHO | compound_before_agonist | NA,9,,0,not_reported,partially_verified,Core context explicit; source says 10 or 90 min but this assay was not unambiguously mapped to one time.,1,False,True,True,,
28039313,4430438,CHEMBL5961356,CHEMBL5961356,Cn1cnc2ncn(Cc3nc([C@H]4C[C@H](Oc5cccc(Cl)c5)C4)no3)c(=O)c21,CHEMBL5735476,CHEMBL5727829,2020,38.0,nM,7.42021640338319,7.42,-0.0002164033831899559,calcium_fluorescence,cinnamaldehyde,cinnamaldehyde,EC50,75.0,CHO,,,compound_before_agonist,human | not_reported | calcium_fluorescence | cinnamaldehyde | EC50 | NA | CHO | compound_before_agonist | NA,9,,0,not_reported,partially_verified,Core context explicit; source says 10 or 90 min but this assay was not unambiguously mapped to one time.,1,False,True,True,,
28039316,4430439,CHEMBL5904043,CHEMBL5904043,Cn1cnc2ncn(Cc3nc([C@H]4C[C@H](Oc5ccc(Cl)cc5)C4)no3)c(=O)c21,CHEMBL5735476,CHEMBL5727829,2020,24.9,nM,7.603800652904264,7.6,-0.0038006529042640125,calcium_fluorescence,cinnamaldehyde,cinnamaldehyde,EC50,75.0,CHO,,,compound_before_agonist,human | not_reported | calcium_fluorescence | cinnamaldehyde | EC50 | NA | CHO | compound_before_agonist | NA,9,,0,not_reported,partially_verified,Core context explicit; source says 10 or 90 min but this assay was not unambiguously mapped to one time.,1,False,True,True,,
28039322,4430440,CHEMBL5972839,CHEMBL5972839,Cn1cnc2ncn(Cc3nc([C@H]4[C@@H]5CN(c6cc(Cl)c(F)cc6F)C[C@@H]54)no3)c(=O)c21,CHEMBL5735476,CHEMBL5727829,2020,29.3,nM,7.53313237964589,7.53,-0.003132379645889749,calcium_fluorescence,cinnamaldehyde,cinnamaldehyde,EC50,75.0,CHO,,,compound_before_agonist,human | not_reported | calcium_fluorescence | cinnamaldehyde | EC50 | NA | CHO | compound_before_agonist | NA,9,,0,not_reported,partially_verified,Core context explicit; source says 10 or 90 min but this assay was not unambiguously mapped to one time.,1,False,True,True,,
28039328,4430441,CHEMBL5853017,CHEMBL5853017,Cn1cnc2ncn(Cc3nc([C@H]4C[C@H](c5ccc(F)c(Cl)c5)C4)no3)c(=O)c21,CHEMBL5735476,CHEMBL5727829,2020,54.6,nM,7.262807357295262,7.26,-0.0028073572952624914,calcium_fluorescence,cinnamaldehyde,cinnamaldehyde,EC50,75.0,CHO,,,compound_before_agonist,human | not_reported | calcium_fluorescence | cinnamaldehyde | EC50 | NA | CHO | compound_before_agonist | NA,9,,0,not_reported,partially_verified,Core context explicit; source says 10 or 90 min but this assay was not unambiguously mapped to one time.,1,False,True,True,,
28039331,4430442,CHEMBL6000092,CHEMBL6000092,Cn1cnc2ncn(Cc3nc([C@H]4[C@@H]5CN(c6ccc7scnc7c6)C[C@@H]54)no3)c(=O)c21,CHEMBL5735476,CHEMBL5727829,2020,94.0,nM,7.026872146400302,7.03,0.0031278535996985823,calcium_fluorescence,cinnamaldehyde,cinnamaldehyde,EC50,75.0,CHO,,,compound_before_agonist,human | not_reported | calcium_fluorescence | cinnamaldehyde | EC50 | NA | CHO | compound_before_agonist | NA,9,,0,not_reported,partially_verified,Core context explicit; source says 10 or 90 min but this assay was not unambiguously mapped to one time.,1,False,True,True,,
28039337,4430443,CHEMBL6034527,CHEMBL6034527,Cn1cnc2ncn(Cc3nc([C@H]4[C@@H]5CN(c6c(F)ccc(Cl)c6F)C[C@@H]54)no3)c(=O)c21,CHEMBL5735476,CHEMBL5727829,2020,29.7,nM,7.527243550682788,7.53,0.002756449317212528,calcium_fluorescence,cinnamaldehyde,cinnamaldehyde,EC50,75.0,CHO,,,compound_before_agonist,human | not_reported | calcium_fluorescence | cinnamaldehyde | EC50 | NA | CHO | compound_before_agonist | NA,9,,0,not_reported,partially_verified,Core context explicit; source says 10 or 90 min but this assay was not unambiguously mapped to one time.,1,False,True,True,,
28039343,4430444,CHEMBL5767078,CHEMBL5767078,Cn1cnc2ncn(Cc3nc([C@H]4CC[C@H](c5ccc(Cl)cc5)C4)no3)c(=O)c21,CHEMBL5735476,CHEMBL5727829,2020,22.2,nM,7.653647025549361,7.65,-0.003647025549360805,calcium_fluorescence,cinnamaldehyde,cinnamaldehyde,EC50,75.0,CHO,,,compound_before_agonist,human | not_reported | calcium_fluorescence | cinnamaldehyde | EC50 | NA | CHO | compound_before_agonist | NA,9,,0,not_reported,partially_verified,Core context explicit; source says 10 or 90 min but this assay was not unambiguously mapped to one time.,1,False,True,True,,
28039346,4430445,CHEMBL5802404,CHEMBL5802404,Cc1cccc(N2C[C@@H]3[C@H](C2)[C@H]3c2noc(Cn3cnc4ncn(C)c4c3=O)n2)c1,CHEMBL5735476,CHEMBL5727829,2020,71.6,nM,7.145086977692144,7.14,-0.005086977692144501,calcium_fluorescence,cinnamaldehyde,cinnamaldehyde,EC50,75.0,CHO,,,compound_before_agonist,human | not_reported | calcium_fluorescence | cinnamaldehyde | EC50 | NA | CHO | compound_before_agonist | NA,9,,0,not_reported,partially_verified,Core context explicit; source says 10 or 90 min but this assay was not unambiguously mapped to one time.,1,False,True,True,,
28039352,4430446,CHEMBL5079912,CHEMBL5079912,Cn1cnc2ncn(Cc3nc([C@H]4[C@@H]5C=C(c6ccccc6)C[C@@H]54)no3)c(=O)c21,CHEMBL5735476,CHEMBL5727829,2020,13.8,nM,7.860120913598763,7.86,-0.00012091359876276186,calcium_fluorescence,cinnamaldehyde,cinnamaldehyde,EC50,75.0,CHO,,,compound_before_agonist,human | not_reported | calcium_fluorescence | cinnamaldehyde | EC50 | NA | CHO | compound_before_agonist | NA,9,,0,not_reported,partially_verified,Core context explicit; source says 10 or 90 min but this assay was not unambiguously mapped to one time.,1,False,True,True,,
28039358,4430447,CHEMBL5987323,CHEMBL5987323,Cn1cnc2ncn(Cc3nc([C@@H]4[C@H]5C=C(c6ccccc6)C[C@H]54)no3)c(=O)c21,CHEMBL5735476,CHEMBL5727829,2020,21.6,nM,7.665546248849069,7.67,0.004453751150930607,calcium_fluorescence,cinnamaldehyde,cinnamaldehyde,EC50,75.0,CHO,,,compound_before_agonist,human | not_reported | calcium_fluorescence | cinnamaldehyde | EC50 | NA | CHO | compound_before_agonist | NA,9,,0,not_reported,partially_verified,Core context explicit; source says 10 or 90 min but this assay was not unambiguously mapped to one time.,1,False,True,True,,
28039364,4430448,CHEMBL5781313,CHEMBL5781313,Cc1ccnc2ncn(Cc3nc([C@@H]4[C@H]5C=C(c6ccccc6)C[C@H]54)no3)c(=O)c12,CHEMBL5735476,CHEMBL5727829,2020,14.0,nM,7.853871964321762,7.85,-0.003871964321762178,calcium_fluorescence,cinnamaldehyde,cinnamaldehyde,EC50,75.0,CHO,,,compound_before_agonist,human | not_reported | calcium_fluorescence | cinnamaldehyde | EC50 | NA | CHO | compound_before_agonist | NA,9,,0,not_reported,partially_verified,Core context explicit; source says 10 or 90 min but this assay was not unambiguously mapped to one time.,1,False,True,True,,
28039367,4430449,CHEMBL5936920,CHEMBL5936920,Cn1cnc2ncn(Cc3nc([C@H]4[C@@H]5CN(c6ccccn6)C[C@@H]54)no3)c(=O)c21,CHEMBL5735476,CHEMBL5727829,2020,223.0,nM,6.651695136951839,6.65,-0.0016951369518389825,calcium_fluorescence,cinnamaldehyde,cinnamaldehyde,EC50,75.0,CHO,,,compound_before_agonist,human | not_reported | calcium_fluorescence | cinnamaldehyde | EC50 | NA | CHO | compound_before_agonist | NA,9,,0,not_reported,partially_verified,Core context explicit; source says 10 or 90 min but this assay was not unambiguously mapped to one time.,1,False,True,True,,
28039373,4430450,CHEMBL6001185,CHEMBL6001185,Cn1cnc2ncn(Cc3nc([C@H]4[C@@H]5CN(c6ccc(Cl)c(F)c6)C[C@@H]54)no3)c(=O)c21,CHEMBL5735476,CHEMBL5727829,2020,21.7,nM,7.66354026615147,7.66,-0.003540266151469851,calcium_fluorescence,cinnamaldehyde,cinnamaldehyde,EC50,75.0,CHO,,,compound_before_agonist,human | not_reported | calcium_fluorescence | cinnamaldehyde | EC50 | NA | CHO | compound_before_agonist | NA,9,,0,not_reported,partially_verified,Core context explicit; source says 10 or 90 min but this assay was not unambiguously mapped to one time.,1,False,True,True,,
28039379,4430451,CHEMBL5844754,CHEMBL5844754,O=c1c2ccncc2ncn1Cc1nc([C@H]2[C@@H]3CN(c4cccc(Cl)c4)C[C@@H]32)no1,CHEMBL5735476,CHEMBL5727829,2020,33.1,nM,7.480172006224281,7.48,-0.00017200622428070744,calcium_fluorescence,cinnamaldehyde,cinnamaldehyde,EC50,75.0,CHO,,,compound_before_agonist,human | not_reported | calcium_fluorescence | cinnamaldehyde | EC50 | NA | CHO | compound_before_agonist | NA,9,,0,not_reported,partially_verified,Core context explicit; source says 10 or 90 min but this assay was not unambiguously mapped to one time.,1,False,True,True,,
28039382,4430452,CHEMBL5744019,CHEMBL5744019,Cn1cnc2ncn(Cc3nc([C@H]4C[C@H](c5ccc6ccccc6c5)C4)no3)c(=O)c21,CHEMBL5735476,CHEMBL5727829,2020,57.3,nM,7.24184537803261,7.24,-0.001845378032609979,calcium_fluorescence,cinnamaldehyde,cinnamaldehyde,EC50,75.0,CHO,,,compound_before_agonist,human | not_reported | calcium_fluorescence | cinnamaldehyde | EC50 | NA | CHO | compound_before_agonist | NA,9,,0,not_reported,partially_verified,Core context explicit; source says 10 or 90 min but this assay was not unambiguously mapped to one time.,1,False,True,True,,
28039385,4430453,CHEMBL5796116,CHEMBL5796116,Cc1cncc2ncn(Cc3nc([C@H]4C[C@H](c5ccc6ccccc6c5)C4)no3)c(=O)c12,CHEMBL5735476,CHEMBL5727829,2020,14.5,nM,7.838631997765026,7.84,0.0013680022349742416,calcium_fluorescence,cinnamaldehyde,cinnamaldehyde,EC50,75.0,CHO,,,compound_before_agonist,human | not_reported | calcium_fluorescence | cinnamaldehyde | EC50 | NA | CHO | compound_before_agonist | NA,9,,0,not_reported,partially_verified,Core context explicit; source says 10 or 90 min but this assay was not unambiguously mapped to one time.,1,False,True,True,,
28039388,4430454,CHEMBL5741964,CHEMBL5741964,Cc1ccnc2ncn(Cc3nc([C@H]4C[C@H](c5ccc6ccccc6c5)C4)no3)c(=O)c12,CHEMBL5735476,CHEMBL5727829,2020,38.6,nM,7.413412695328245,7.41,-0.0034126953282447303,calcium_fluorescence,cinnamaldehyde,cinnamaldehyde,EC50,75.0,CHO,,,compound_before_agonist,human | not_reported | calcium_fluorescence | cinnamaldehyde | EC50 | NA | CHO | compound_before_agonist | NA,9,,0,not_reported,partially_verified,Core context explicit; source says 10 or 90 min but this assay was not unambiguously mapped to one time.,1,False,True,True,,
28039391,4430455,CHEMBL5832413,CHEMBL5832413,Cn1cnc2ncn(Cc3nc([C@H]4[C@@H]5CN(c6cccc(-c7ccccc7)c6)C[C@@H]54)no3)c(=O)c21,CHEMBL5735476,CHEMBL5727829,2020,340.0,nM,6.468521082957745,6.47,0.0014789170422551123,calcium_fluorescence,cinnamaldehyde,cinnamaldehyde,EC50,75.0,CHO,,,compound_before_agonist,human | not_reported | calcium_fluorescence | cinnamaldehyde | EC50 | NA | CHO | compound_before_agonist | NA,9,,0,not_reported,partially_verified,Core context explicit; source says 10 or 90 min but this assay was not unambiguously mapped to one time.,1,False,True,True,,
28039394,4430456,CHEMBL5976618,CHEMBL5976618,Cn1cnc2ncn(Cc3nc([C@H]4[C@@H]5CN(c6cccc(C#N)c6)C[C@@H]54)no3)c(=O)c21,CHEMBL5735476,CHEMBL5727829,2020,73.5,nM,7.133712660915805,7.13,-0.0037126609158049106,calcium_fluorescence,cinnamaldehyde,cinnamaldehyde,EC50,75.0,CHO,,,compound_before_agonist,human | not_reported | calcium_fluorescence | cinnamaldehyde | EC50 | NA | CHO | compound_before_agonist | NA,9,,0,not_reported,partially_verified,Core context explicit; source says 10 or 90 min but this assay was not unambiguously mapped to one time.,1,False,True,True,,
28039400,4430457,CHEMBL6005266,CHEMBL6005266,Cn1cnc2ncn(Cc3nc([C@H]4[C@@H]5CN(c6cccc(Cl)c6F)C[C@@H]54)no3)c(=O)c21,CHEMBL5735476,CHEMBL5727829,2020,21.3,nM,7.671620396561262,7.67,-0.0016203965612620053,calcium_fluorescence,cinnamaldehyde,cinnamaldehyde,EC50,75.0,CHO,,,compound_before_agonist,human | not_reported | calcium_fluorescence | cinnamaldehyde | EC50 | NA | CHO | compound_before_agonist | NA,9,,0,not_reported,partially_verified,Core context explicit; source says 10 or 90 min but this assay was not unambiguously mapped to one time.,1,False,True,True,,
28039406,4430458,CHEMBL6048418,CHEMBL6048418,Cn1cnc2ncn(Cc3nc([C@H]4[C@@H]5CN(c6ccc7sncc7c6)C[C@@H]54)no3)c(=O)c21,CHEMBL5735476,CHEMBL5727829,2020,18.2,nM,7.739928612014925,7.74,7.138798507533295e-05,calcium_fluorescence,cinnamaldehyde,cinnamaldehyde,EC50,75.0,CHO,,,compound_before_agonist,human | not_reported | calcium_fluorescence | cinnamaldehyde | EC50 | NA | CHO | compound_before_agonist | NA,9,,0,not_reported,partially_verified,Core context explicit; source says 10 or 90 min but this assay was not unambiguously mapped to one time.,1,False,True,True,,
28039412,4430459,CHEMBL5896142,CHEMBL5896142,Cc1cc(N)nc2ncn(Cc3nc([C@H]4[C@@H]5C=C(c6ccccc6)C[C@@H]54)no3)c(=O)c12,CHEMBL5735476,CHEMBL5727829,2020,11.3,nM,7.94692155651658,7.95,0.0030784434834201235,calcium_fluorescence,cinnamaldehyde,cinnamaldehyde,EC50,75.0,CHO,,,compound_before_agonist,human | not_reported | calcium_fluorescence | cinnamaldehyde | EC50 | NA | CHO | compound_before_agonist | NA,9,,0,not_reported,partially_verified,Core context explicit; source says 10 or 90 min but this assay was not unambiguously mapped to one time.,1,False,True,True,,
28039418,4430460,CHEMBL6061542,CHEMBL6061542,Nc1ccc2c(=O)n(Cc3nc([C@H]4[C@@H]5C=C(c6ccccc6)C[C@@H]54)no3)cnc2n1,CHEMBL5735476,CHEMBL5727829,2020,10.5,nM,7.978810700930062,7.98,0.0011892990699386985,calcium_fluorescence,cinnamaldehyde,cinnamaldehyde,EC50,75.0,CHO,,,compound_before_agonist,human | not_reported | calcium_fluorescence | cinnamaldehyde | EC50 | NA | CHO | compound_before_agonist | NA,9,,0,not_reported,partially_verified,Core context explicit; source says 10 or 90 min but this assay was not unambiguously mapped to one time.,1,False,True,True,,
28039424,4430461,CHEMBL5826807,CHEMBL5826807,Cn1cnc2ncn(Cc3nc([C@@H]4[C@H]5CC[C@H](Oc6ccccc6)[C@H]54)no3)c(=O)c21,CHEMBL5735476,CHEMBL5727829,2020,254.0,nM,6.5951662833800615,6.59,-0.0051662833800616426,calcium_fluorescence,cinnamaldehyde,cinnamaldehyde,EC50,75.0,CHO,,,compound_before_agonist,human | not_reported | calcium_fluorescence | cinnamaldehyde | EC50 | NA | CHO | compound_before_agonist | NA,9,,0,not_reported,partially_verified,Core context explicit; source says 10 or 90 min but this assay was not unambiguously mapped to one time.,1,False,True,True,,
28039430,4430462,CHEMBL5941093,CHEMBL5941093,CC(=O)Nc1nc2ncn(Cc3nc([C@H]4[C@@H]5C=C(c6ccccc6)C[C@@H]54)no3)c(=O)c2n1C,CHEMBL5735476,CHEMBL5727829,2020,66.9,nM,7.174573882232177,7.17,-0.004573882232176807,calcium_fluorescence,cinnamaldehyde,cinnamaldehyde,EC50,75.0,CHO,,,compound_before_agonist,human | not_reported | calcium_fluorescence | cinnamaldehyde | EC50 | NA | CHO | compound_before_agonist | NA,9,,0,not_reported,partially_verified,Core context explicit; source says 10 or 90 min but this assay was not unambiguously mapped to one time.,1,False,True,True,,
28039436,4430463,CHEMBL5774642,CHEMBL5774642,Cn1cnc2ncn(Cc3nc([C@@H]4[C@H]5C=C(c6ccc(F)c(F)c6F)C[C@H]54)no3)c(=O)c21,CHEMBL5735476,CHEMBL5727829,2020,19.1,nM,7.718966632752272,7.72,0.0010333672477278455,calcium_fluorescence,cinnamaldehyde,cinnamaldehyde,EC50,75.0,CHO,,,compound_before_agonist,human | not_reported | calcium_fluorescence | cinnamaldehyde | EC50 | NA | CHO | compound_before_agonist | NA,9,,0,not_reported,partially_verified,Core context explicit; source says 10 or 90 min but this assay was not unambiguously mapped to one time.,2,True,True,True,,
28039442,4430464,CHEMBL5866386,CHEMBL5866386,Cn1c(NC2COC2)nc2ncn(Cc3nc([C@H]4[C@@H]5C=C(c6ccccc6)C[C@@H]54)no3)c(=O)c21,CHEMBL5735476,CHEMBL5727829,2020,101.0,nM,6.995678626217357,7.0,0.004321373782643079,calcium_fluorescence,cinnamaldehyde,cinnamaldehyde,EC50,75.0,CHO,,,compound_before_agonist,human | not_reported | calcium_fluorescence | cinnamaldehyde | EC50 | NA | CHO | compound_before_agonist | NA,9,,0,not_reported,partially_verified,Core context explicit; source says 10 or 90 min but this assay was not unambiguously mapped to one time.,1,False,True,True,,
28039448,4430465,CHEMBL5872653,CHEMBL5872653,CN(C)C(=O)CNc1nc2ncn(Cc3nc([C@H]4[C@@H]5C=C(c6ccccc6)C[C@@H]54)no3)c(=O)c2n1C,CHEMBL5735476,CHEMBL5727829,2020,68.7,nM,7.16304326294045,7.16,-0.0030432629404497646,calcium_fluorescence,cinnamaldehyde,cinnamaldehyde,EC50,75.0,CHO,,,compound_before_agonist,human | not_reported | calcium_fluorescence | cinnamaldehyde | EC50 | NA | CHO | compound_before_agonist | NA,9,,0,not_reported,partially_verified,Core context explicit; source says 10 or 90 min but this assay was not unambiguously mapped to one time.,1,False,True,True,,
28039454,4430466,CHEMBL5899823,CHEMBL5899823,Cn1c(NC2CCOCC2)nc2ncn(Cc3nc([C@H]4[C@@H]5C=C(c6ccccc6)C[C@@H]54)no3)c(=O)c21,CHEMBL5735476,CHEMBL5727829,2020,79.9,nM,7.097453220686009,7.1,0.0025467793139908323,calcium_fluorescence,cinnamaldehyde,cinnamaldehyde,EC50,75.0,CHO,,,compound_before_agonist,human | not_reported | calcium_fluorescence | cinnamaldehyde | EC50 | NA | CHO | compound_before_agonist | NA,9,,0,not_reported,partially_verified,Core context explicit; source says 10 or 90 min but this assay was not unambiguously mapped to one time.,1,False,True,True,,
28039460,4430467,CHEMBL5758525,CHEMBL5758525,CCNc1nc2ncn(Cc3nc([C@H]4[C@@H]5C=C(c6ccccc6)C[C@@H]54)no3)c(=O)c2n1C,CHEMBL5735476,CHEMBL5727829,2020,53.9,nM,7.268411234813261,7.27,0.001588765186738783,calcium_fluorescence,cinnamaldehyde,cinnamaldehyde,EC50,75.0,CHO,,,compound_before_agonist,human | not_reported | calcium_fluorescence | cinnamaldehyde | EC50 | NA | CHO | compound_before_agonist | NA,9,,0,not_reported,partially_verified,Core context explicit; source says 10 or 90 min but this assay was not unambiguously mapped to one time.,1,False,True,True,,
28039466,4430468,CHEMBL6064613,CHEMBL6064613,Cn1cnc2ncn(Cc3nc([C@H]4[C@@H]5CN(c6ccc(C#N)cc6F)C[C@@H]54)no3)c(=O)c21,CHEMBL5735476,CHEMBL5727829,2020,57.9,nM,7.2373214362725635,7.24,0.002678563727436689,calcium_fluorescence,cinnamaldehyde,cinnamaldehyde,EC50,75.0,CHO,,,compound_before_agonist,human | not_reported | calcium_fluorescence | cinnamaldehyde | EC50 | NA | CHO | compound_before_agonist | NA,9,,0,not_reported,partially_verified,Core context explicit; source says 10 or 90 min but this assay was not unambiguously mapped to one time.,1,False,True,True,,
28039472,4430469,CHEMBL6063332,CHEMBL6063332,Cn1cnc2ncn(Cc3nc([C@H]4C[C@@H](C(F)(F)c5cccc(F)c5)C4)no3)c(=O)c21,CHEMBL5735476,CHEMBL5727829,2020,11.1,nM,7.954677021213342,7.96,0.005322978786657551,calcium_fluorescence,cinnamaldehyde,cinnamaldehyde,EC50,75.0,CHO,,,compound_before_agonist,human | not_reported | calcium_fluorescence | cinnamaldehyde | EC50 | NA | CHO | compound_before_agonist | NA,9,,0,not_reported,partially_verified,Core context explicit; source says 10 or 90 min but this assay was not unambiguously mapped to one time.,1,False,True,True,,
28039478,4430470,CHEMBL6195964,CHEMBL6195964,Cn1cnc2ncn(Cc3nc([C@@H]4[C@@H]5C[C@H]4CN(c4ccccc4)C5)no3)c(=O)c21,CHEMBL5735476,CHEMBL5727829,2020,83.4,nM,7.078833949362261,7.08,0.0011660506377388913,calcium_fluorescence,cinnamaldehyde,cinnamaldehyde,EC50,75.0,CHO,,,compound_before_agonist,human | not_reported | calcium_fluorescence | cinnamaldehyde | EC50 | NA | CHO | compound_before_agonist | NA,9,,0,not_reported,partially_verified,Core context explicit; source says 10 or 90 min but this assay was not unambiguously mapped to one time.,1,False,True,True,,
28039484,4430471,CHEMBL5839547,CHEMBL5839547,Cn1cnc2ncn(Cc3nc([C@@H]4[C@H]5C=C(c6ccccc6)[C@@H](O)[C@H]54)no3)c(=O)c21,CHEMBL5735476,CHEMBL5727829,2020,312.0,nM,6.505845405981557,6.51,0.004154594018443092,calcium_fluorescence,cinnamaldehyde,cinnamaldehyde,EC50,75.0,CHO,,,compound_before_agonist,human | not_reported | calcium_fluorescence | cinnamaldehyde | EC50 | NA | CHO | compound_before_agonist | NA,9,,0,not_reported,partially_verified,Core context explicit; source says 10 or 90 min but this assay was not unambiguously mapped to one time.,1,False,True,True,,
28039490,4430472,CHEMBL5786064,CHEMBL5786064,Cn1cnc2ncn(Cc3nc([C@H]4[C@@H]5C=C(c6cc(F)c(F)c(F)c6)C[C@@H]54)no3)c(=O)c21,CHEMBL5735476,CHEMBL5727829,2020,14.9,nM,7.826813731587726,7.83,0.003186268412274096,calcium_fluorescence,cinnamaldehyde,cinnamaldehyde,EC50,75.0,CHO,,,compound_before_agonist,human | not_reported | calcium_fluorescence | cinnamaldehyde | EC50 | NA | CHO | compound_before_agonist | NA,9,,0,not_reported,partially_verified,Core context explicit; source says 10 or 90 min but this assay was not unambiguously mapped to one time.,2,True,True,True,,
28039496,4430473,CHEMBL6019586,CHEMBL6019586,Cn1c(NCCO)nc2ncn(Cc3nc([C@H]4[C@@H]5C=C(c6ccccc6)C[C@@H]54)no3)c(=O)c21,CHEMBL5735476,CHEMBL5727829,2020,304.0,nM,6.517126416391246,6.52,0.0028735836087534494,calcium_fluorescence,cinnamaldehyde,cinnamaldehyde,EC50,75.0,CHO,,,compound_before_agonist,human | not_reported | calcium_fluorescence | cinnamaldehyde | EC50 | NA | CHO | compound_before_agonist | NA,9,,0,not_reported,partially_verified,Core context explicit; source says 10 or 90 min but this assay was not unambiguously mapped to one time.,1,False,True,True,,
28039502,4430474,CHEMBL5900516,CHEMBL5900516,Cc1cnn2ncn(Cc3nc([C@H]4C[C@](F)(c5cccc(Cl)c5)C4)no3)c(=O)c12,CHEMBL5735476,CHEMBL5727829,2020,43.5,nM,7.361510743045363,7.36,-0.0015107430453626947,calcium_fluorescence,cinnamaldehyde,cinnamaldehyde,EC50,75.0,CHO,,,compound_before_agonist,human | not_reported | calcium_fluorescence | cinnamaldehyde | EC50 | NA | CHO | compound_before_agonist | NA,9,,0,not_reported,partially_verified,Core context explicit; source says 10 or 90 min but this assay was not unambiguously mapped to one time.,1,False,True,True,,
28039508,4430475,CHEMBL5899415,CHEMBL5899415,Cn1cnc2ncn(Cc3nc([C@@H]4[C@H]5C=C(c6cccc(F)c6F)C[C@H]54)no3)c(=O)c21,CHEMBL5735476,CHEMBL5727829,2020,12.3,nM,7.910094888560602,7.91,-9.48885606018024e-05,calcium_fluorescence,cinnamaldehyde,cinnamaldehyde,EC50,75.0,CHO,,,compound_before_agonist,human | not_reported | calcium_fluorescence | cinnamaldehyde | EC50 | NA | CHO | compound_before_agonist | NA,9,,0,not_reported,partially_verified,Core context explicit; source says 10 or 90 min but this assay was not unambiguously mapped to one time.,2,True,True,True,,
28039514,4430476,CHEMBL5778028,CHEMBL5778028,Cn1c(N)nc2ncn(Cc3nc([C@H]4[C@@H]5C=C(c6ccccc6)C[C@@H]54)no3)c(=O)c21,CHEMBL5735476,CHEMBL5727829,2020,33.3,nM,7.47755576649368,7.48,0.0024442335063206144,calcium_fluorescence,cinnamaldehyde,cinnamaldehyde,EC50,75.0,CHO,,,compound_before_agonist,human | not_reported | calcium_fluorescence | cinnamaldehyde | EC50 | NA | CHO | compound_before_agonist | NA,9,,0,not_reported,partially_verified,Core context explicit; source says 10 or 90 min but this assay was not unambiguously mapped to one time.,1,False,True,True,,
28039520,4430477,CHEMBL6034788,CHEMBL6034788,Cn1cnc2ncn(Cc3nc([C@H]4[C@@H]5C=C(c6ccc(C#N)cc6)C[C@@H]54)no3)c(=O)c21,CHEMBL5735476,CHEMBL5727829,2020,21.7,nM,7.66354026615147,7.66,-0.003540266151469851,calcium_fluorescence,cinnamaldehyde,cinnamaldehyde,EC50,75.0,CHO,,,compound_before_agonist,human | not_reported | calcium_fluorescence | cinnamaldehyde | EC50 | NA | CHO | compound_before_agonist | NA,9,,0,not_reported,partially_verified,Core context explicit; source says 10 or 90 min but this assay was not unambiguously mapped to one time.,1,False,True,True,,
28039526,4430478,CHEMBL5845287,CHEMBL5845287,Cn1cnc2ncn(Cc3nc([C@H]4C[C@H](Cc5cccc(Cl)c5)C4)no3)c(=O)c21,CHEMBL5735476,CHEMBL5727829,2020,16.6,nM,7.779891911959945,7.78,0.00010808804005524308,calcium_fluorescence,cinnamaldehyde,cinnamaldehyde,EC50,75.0,CHO,,,compound_before_agonist,human | not_reported | calcium_fluorescence | cinnamaldehyde | EC50 | NA | CHO | compound_before_agonist | NA,9,,0,not_reported,partially_verified,Core context explicit; source says 10 or 90 min but this assay was not unambiguously mapped to one time.,1,False,True,True,,
28039532,4430479,CHEMBL5995388,CHEMBL5995388,Cn1cnc2ncn(Cc3nc([C@H]4[C@@H]5CN(c6cc(F)c(C#N)c(F)c6)C[C@@H]54)no3)c(=O)c21,CHEMBL5735476,CHEMBL5727829,2020,78.2,nM,7.106793246940152,7.11,0.0032067530598487437,calcium_fluorescence,cinnamaldehyde,cinnamaldehyde,EC50,75.0,CHO,,,compound_before_agonist,human | not_reported | calcium_fluorescence | cinnamaldehyde | EC50 | NA | CHO | compound_before_agonist | NA,9,,0,not_reported,partially_verified,Core context explicit; source says 10 or 90 min but this assay was not unambiguously mapped to one time.,1,False,True,True,,
28039538,4430480,CHEMBL5940557,CHEMBL5940557,Cn1cnc2nnn(Cc3nc([C@H]4[C@@H]5C=C(c6ccccc6)C[C@@H]54)no3)c(=O)c21,CHEMBL5735476,CHEMBL5727829,2020,25.1,nM,7.600326278518962,7.6,-0.00032627851896194215,calcium_fluorescence,cinnamaldehyde,cinnamaldehyde,EC50,75.0,CHO,,,compound_before_agonist,human | not_reported | calcium_fluorescence | cinnamaldehyde | EC50 | NA | CHO | compound_before_agonist | NA,9,,0,not_reported,partially_verified,Core context explicit; source says 10 or 90 min but this assay was not unambiguously mapped to one time.,1,False,True,True,,
28039544,4430481,CHEMBL5915480,CHEMBL5915480,COCCNc1nc2ncn(Cc3nc([C@@H]4[C@H]5C=C(c6ccccc6)C[C@H]54)no3)c(=O)c2n1C,CHEMBL5735476,CHEMBL5727829,2020,42.6,nM,7.370590400897282,7.37,-0.0005904008972814623,calcium_fluorescence,cinnamaldehyde,cinnamaldehyde,EC50,75.0,CHO,,,compound_before_agonist,human | not_reported | calcium_fluorescence | cinnamaldehyde | EC50 | NA | CHO | compound_before_agonist | NA,9,,0,not_reported,partially_verified,Core context explicit; source says 10 or 90 min but this assay was not unambiguously mapped to one time.,1,False,True,True,,
28039550,4430482,CHEMBL5907292,CHEMBL5907292,Nc1ccc2c(=O)n(Cc3nc([C@H]4[C@@H]5CN(c6cccc(F)c6)C[C@@H]54)no3)cnc2n1,CHEMBL5735476,CHEMBL5727829,2020,9.73,nM,8.011887159731648,8.01,-0.0018871597316483246,calcium_fluorescence,cinnamaldehyde,cinnamaldehyde,EC50,75.0,CHO,,,compound_before_agonist,human | not_reported | calcium_fluorescence | cinnamaldehyde | EC50 | NA | CHO | compound_before_agonist | NA,9,,0,not_reported,partially_verified,Core context explicit; source says 10 or 90 min but this assay was not unambiguously mapped to one time.,1,False,True,True,,
28039556,4430483,CHEMBL5803062,CHEMBL5803062,CNc1nc2ncn(Cc3nc([C@@H]4[C@H]5C=C(c6ccccc6)C[C@H]54)no3)c(=O)c2n1C,CHEMBL5735476,CHEMBL5727829,2020,33.5,nM,7.474955192963154,7.47,-0.004955192963154609,calcium_fluorescence,cinnamaldehyde,cinnamaldehyde,EC50,75.0,CHO,,,compound_before_agonist,human | not_reported | calcium_fluorescence | cinnamaldehyde | EC50 | NA | CHO | compound_before_agonist | NA,9,,0,not_reported,partially_verified,Core context explicit; source says 10 or 90 min but this assay was not unambiguously mapped to one time.,1,False,True,True,,
28039562,4430484,CHEMBL5888814,CHEMBL5888814,Cn1c(Cl)nc2ncn(Cc3nc([C@@H]4[C@H]5C=C(c6ccccc6)C[C@H]54)no3)c(=O)c21,CHEMBL5735476,CHEMBL5727829,2020,15.8,nM,7.801342913045577,7.8,-0.0013429130455770988,calcium_fluorescence,cinnamaldehyde,cinnamaldehyde,EC50,75.0,CHO,,,compound_before_agonist,human | not_reported | calcium_fluorescence | cinnamaldehyde | EC50 | NA | CHO | compound_before_agonist | NA,9,,0,not_reported,partially_verified,Core context explicit; source says 10 or 90 min but this assay was not unambiguously mapped to one time.,1,False,True,True,,
28039568,4430485,CHEMBL5909466,CHEMBL5909466,Cn1cnc2ncn(Cc3nc([C@@H]4[C@H]5C=C(c6ccc7c(cnn7C)c6)C[C@H]54)no3)c(=O)c21,CHEMBL5735476,CHEMBL5727829,2020,29.0,nM,7.537602002101044,7.54,0.0023979978989556727,calcium_fluorescence,cinnamaldehyde,cinnamaldehyde,EC50,75.0,CHO,,,compound_before_agonist,human | not_reported | calcium_fluorescence | cinnamaldehyde | EC50 | NA | CHO | compound_before_agonist | NA,9,,0,not_reported,partially_verified,Core context explicit; source says 10 or 90 min but this assay was not unambiguously mapped to one time.,1,False,True,True,,
28039574,4430486,CHEMBL5844475,CHEMBL5844475,Cn1c(=O)ccc2ncn(Cc3nc([C@@H]4[C@H]5C=C(c6ccccc6)C[C@H]54)no3)c(=O)c21,CHEMBL5735476,CHEMBL5727829,2020,16.1,nM,7.79317412396815,7.79,-0.0031741239681499778,calcium_fluorescence,cinnamaldehyde,cinnamaldehyde,EC50,75.0,CHO,,,compound_before_agonist,human | not_reported | calcium_fluorescence | cinnamaldehyde | EC50 | NA | CHO | compound_before_agonist | NA,9,,0,not_reported,partially_verified,Core context explicit; source says 10 or 90 min but this assay was not unambiguously mapped to one time.,1,False,True,True,,
28039580,4430487,CHEMBL5753774,CHEMBL5753774,N#Cc1ccc2c(=O)n(Cc3nc([C@@H]4[C@H]5C=C(c6ccccc6)C[C@H]54)no3)cnc2n1,CHEMBL5735476,CHEMBL5727829,2020,54.6,nM,7.262807357295262,7.26,-0.0028073572952624914,calcium_fluorescence,cinnamaldehyde,cinnamaldehyde,EC50,75.0,CHO,,,compound_before_agonist,human | not_reported | calcium_fluorescence | cinnamaldehyde | EC50 | NA | CHO | compound_before_agonist | NA,9,,0,not_reported,partially_verified,Core context explicit; source says 10 or 90 min but this assay was not unambiguously mapped to one time.,1,False,True,True,,
28039586,4430488,CHEMBL5973150,CHEMBL5973150,Cn1cnc2ncn(Cc3nc([C@@H]4[C@H]5C=C(c6ccc7oncc7c6)C[C@H]54)no3)c(=O)c21,CHEMBL5735476,CHEMBL5727829,2020,13.9,nM,7.856985199745905,7.86,0.0030148002540952845,calcium_fluorescence,cinnamaldehyde,cinnamaldehyde,EC50,75.0,CHO,,,compound_before_agonist,human | not_reported | calcium_fluorescence | cinnamaldehyde | EC50 | NA | CHO | compound_before_agonist | NA,9,,0,not_reported,partially_verified,Core context explicit; source says 10 or 90 min but this assay was not unambiguously mapped to one time.,1,False,True,True,,
28039592,4430489,CHEMBL6054159,CHEMBL6054159,Cn1cnc2ncn(Cc3nc([C@H]4[C@@H]5C=C(c6ccc7[nH]ncc7c6)C[C@@H]54)no3)c(=O)c21,CHEMBL5735476,CHEMBL5727829,2020,20.0,nM,7.698970004336019,7.7,0.0010299956639814312,calcium_fluorescence,cinnamaldehyde,cinnamaldehyde,EC50,75.0,CHO,,,compound_before_agonist,human | not_reported | calcium_fluorescence | cinnamaldehyde | EC50 | NA | CHO | compound_before_agonist | NA,9,,0,not_reported,partially_verified,Core context explicit; source says 10 or 90 min but this assay was not unambiguously mapped to one time.,1,False,True,True,,
28039598,4430490,CHEMBL6065256,CHEMBL6065256,Cn1cnc2ncn(Cc3nc([C@H]4[C@@H]5C=C(c6ccc(F)cc6F)C[C@@H]54)no3)c(=O)c21,CHEMBL5735476,CHEMBL5727829,2020,6.96,nM,8.157390760389438,8.16,0.002609239610562142,calcium_fluorescence,cinnamaldehyde,cinnamaldehyde,EC50,75.0,CHO,,,compound_before_agonist,human | not_reported | calcium_fluorescence | cinnamaldehyde | EC50 | NA | CHO | compound_before_agonist | NA,9,,0,not_reported,partially_verified,Core context explicit; source says 10 or 90 min but this assay was not unambiguously mapped to one time.,1,False,True,True,,
28039604,4430491,CHEMBL5969388,CHEMBL5969388,Cn1cnc2ncn(Cc3nc([C@H]4[C@@H]5C=C(c6cc(F)cc(F)c6)C[C@@H]54)no3)c(=O)c21,CHEMBL5735476,CHEMBL5727829,2020,13.0,nM,7.886056647693163,7.89,0.003943352306836623,calcium_fluorescence,cinnamaldehyde,cinnamaldehyde,EC50,75.0,CHO,,,compound_before_agonist,human | not_reported | calcium_fluorescence | cinnamaldehyde | EC50 | NA | CHO | compound_before_agonist | NA,9,,0,not_reported,partially_verified,Core context explicit; source says 10 or 90 min but this assay was not unambiguously mapped to one time.,1,False,True,True,,
28039610,4430492,CHEMBL5908767,CHEMBL5908767,Cn1cnc2ncn(Cc3nc([C@H]4[C@@H]5CN(c6cc(F)c(Cl)c(F)c6)C[C@@H]54)no3)c(=O)c21,CHEMBL5735476,CHEMBL5727829,2020,34.7,nM,7.459670525209126,7.46,0.0003294747908739737,calcium_fluorescence,cinnamaldehyde,cinnamaldehyde,EC50,75.0,CHO,,,compound_before_agonist,human | not_reported | calcium_fluorescence | cinnamaldehyde | EC50 | NA | CHO | compound_before_agonist | NA,9,,0,not_reported,partially_verified,Core context explicit; source says 10 or 90 min but this assay was not unambiguously mapped to one time.,1,False,True,True,,
28039616,4430493,CHEMBL5961563,CHEMBL5961563,O=c1c2ccc(Cl)nc2ncn1Cc1nc([C@H]2[C@@H]3CN(c4cccc(F)c4)C[C@@H]32)no1,CHEMBL5735476,CHEMBL5727829,2020,58.3,nM,7.234331445240986,7.23,-0.004331445240985943,calcium_fluorescence,cinnamaldehyde,cinnamaldehyde,EC50,75.0,CHO,,,compound_before_agonist,human | not_reported | calcium_fluorescence | cinnamaldehyde | EC50 | NA | CHO | compound_before_agonist | NA,9,,0,not_reported,partially_verified,Core context explicit; source says 10 or 90 min but this assay was not unambiguously mapped to one time.,1,False,True,True,,
28039622,4430472,CHEMBL5786064,CHEMBL5786064,Cn1cnc2ncn(Cc3nc([C@H]4[C@@H]5C=C(c6cc(F)c(F)c(F)c6)C[C@@H]54)no3)c(=O)c21,CHEMBL5735476,CHEMBL5727829,2020,14.9,nM,7.826813731587726,7.83,0.003186268412274096,calcium_fluorescence,cinnamaldehyde,cinnamaldehyde,EC50,75.0,CHO,,,compound_before_agonist,human | not_reported | calcium_fluorescence | cinnamaldehyde | EC50 | NA | CHO | compound_before_agonist | NA,9,,0,not_reported,partially_verified,Core context explicit; source says 10 or 90 min but this assay was not unambiguously mapped to one time.,2,True,True,True,,
28039628,4430463,CHEMBL5774642,CHEMBL5774642,Cn1cnc2ncn(Cc3nc([C@@H]4[C@H]5C=C(c6ccc(F)c(F)c6F)C[C@H]54)no3)c(=O)c21,CHEMBL5735476,CHEMBL5727829,2020,19.1,nM,7.718966632752272,7.72,0.0010333672477278455,calcium_fluorescence,cinnamaldehyde,cinnamaldehyde,EC50,75.0,CHO,,,compound_before_agonist,human | not_reported | calcium_fluorescence | cinnamaldehyde | EC50 | NA | CHO | compound_before_agonist | NA,9,,0,not_reported,partially_verified,Core context explicit; source says 10 or 90 min but this assay was not unambiguously mapped to one time.,2,True,True,True,,
28039634,4430494,CHEMBL5821169,CHEMBL5821169,O=c1c2cccc(=O)n2ccn1Cc1nc([C@@H]2[C@H]3C=C(c4ccccc4)C[C@H]32)no1,CHEMBL5735476,CHEMBL5727829,2020,11.9,nM,7.924453038607469,7.92,-0.00445303860746904,calcium_fluorescence,cinnamaldehyde,cinnamaldehyde,EC50,75.0,CHO,,,compound_before_agonist,human | not_reported | calcium_fluorescence | cinnamaldehyde | EC50 | NA | CHO | compound_before_agonist | NA,9,,0,not_reported,partially_verified,Core context explicit; source says 10 or 90 min but this assay was not unambiguously mapped to one time.,1,False,True,True,,
28039640,4430495,CHEMBL5761362,CHEMBL5761362,Cn1cnc2ncn(Cc3nc([C@H]4[C@@H]5CN(c6ccc(Cl)cc6F)C[C@@H]54)no3)c(=O)c21,CHEMBL5735476,CHEMBL5727829,2020,15.0,nM,7.823908740944319,7.82,-0.003908740944318367,calcium_fluorescence,cinnamaldehyde,cinnamaldehyde,EC50,75.0,CHO,,,compound_before_agonist,human | not_reported | calcium_fluorescence | cinnamaldehyde | EC50 | NA | CHO | compound_before_agonist | NA,9,,0,not_reported,partially_verified,Core context explicit; source says 10 or 90 min but this assay was not unambiguously mapped to one time.,1,False,True,True,,
28039646,4430496,CHEMBL5909172,CHEMBL5909172,Cn1cnc2ncn(Cc3nc([C@@H]4[C@H]5C=C(c6cnco6)C[C@H]54)no3)c(=O)c21,CHEMBL5735476,CHEMBL5727829,2020,16.8,nM,7.774690718274137,7.78,0.005309281725863535,calcium_fluorescence,cinnamaldehyde,cinnamaldehyde,EC50,75.0,CHO,,,compound_before_agonist,human | not_reported | calcium_fluorescence | cinnamaldehyde | EC50 | NA | CHO | compound_before_agonist | NA,9,,0,not_reported,partially_verified,Core context explicit; source says 10 or 90 min but this assay was not unambiguously mapped to one time.,1,False,True,True,,
28039652,4430497,CHEMBL6010659,CHEMBL6010659,Cn1cnc2ncn(Cc3nc([C@H]4[C@@H]5C=C(c6ccc7ncsc7c6)C[C@@H]54)no3)c(=O)c21,CHEMBL5735476,CHEMBL5727829,2020,15.8,nM,7.801342913045577,7.8,-0.0013429130455770988,calcium_fluorescence,cinnamaldehyde,cinnamaldehyde,EC50,75.0,CHO,,,compound_before_agonist,human | not_reported | calcium_fluorescence | cinnamaldehyde | EC50 | NA | CHO | compound_before_agonist | NA,9,,0,not_reported,partially_verified,Core context explicit; source says 10 or 90 min but this assay was not unambiguously mapped to one time.,1,False,True,True,,
28039658,4430498,CHEMBL5826297,CHEMBL5826297,O=c1c2cccnc2cnn1Cc1nc([C@H]2[C@@H]3CN(c4ccc5ncsc5c4)C[C@@H]32)no1,CHEMBL5735476,CHEMBL5727829,2020,11.2,nM,7.950781977329818,7.95,-0.0007819773298178845,calcium_fluorescence,cinnamaldehyde,cinnamaldehyde,EC50,75.0,CHO,,,compound_before_agonist,human | not_reported | calcium_fluorescence | cinnamaldehyde | EC50 | NA | CHO | compound_before_agonist | NA,9,,0,not_reported,partially_verified,Core context explicit; source says 10 or 90 min but this assay was not unambiguously mapped to one time.,1,False,True,True,,
28039664,4430499,CHEMBL5791429,CHEMBL5791429,Cn1cnc2ncn(Cc3nc([C@@H]4[C@H]5C=C(c6cccc(-c7cnco7)c6)C[C@H]54)no3)c(=O)c21,CHEMBL5735476,CHEMBL5727829,2020,46.1,nM,7.336299074610352,7.34,0.0037009253896478356,calcium_fluorescence,cinnamaldehyde,cinnamaldehyde,EC50,75.0,CHO,,,compound_before_agonist,human | not_reported | calcium_fluorescence | cinnamaldehyde | EC50 | NA | CHO | compound_before_agonist | NA,9,,0,not_reported,partially_verified,Core context explicit; source says 10 or 90 min but this assay was not unambiguously mapped to one time.,1,False,True,True,,
28039670,4430500,CHEMBL5740471,CHEMBL5740471,Cn1cnc2ncn(Cc3nc([C@@H]4[C@H]5C=C(c6ccc(C(F)F)cc6)C[C@H]54)no3)c(=O)c21,CHEMBL5735476,CHEMBL5727829,2020,67.9,nM,7.168130225719498,7.17,0.0018697742805020567,calcium_fluorescence,cinnamaldehyde,cinnamaldehyde,EC50,75.0,CHO,,,compound_before_agonist,human | not_reported | calcium_fluorescence | cinnamaldehyde | EC50 | NA | CHO | compound_before_agonist | NA,9,,0,not_reported,partially_verified,Core context explicit; source says 10 or 90 min but this assay was not unambiguously mapped to one time.,1,False,True,True,,
28039676,4430475,CHEMBL5899415,CHEMBL5899415,Cn1cnc2ncn(Cc3nc([C@@H]4[C@H]5C=C(c6cccc(F)c6F)C[C@H]54)no3)c(=O)c21,CHEMBL5735476,CHEMBL5727829,2020,16.9,nM,7.772113295386326,7.77,-0.0021132953863265413,calcium_fluorescence,cinnamaldehyde,cinnamaldehyde,EC50,75.0,CHO,,,compound_before_agonist,human | not_reported | calcium_fluorescence | cinnamaldehyde | EC50 | NA | CHO | compound_before_agonist | NA,9,,0,not_reported,partially_verified,Core context explicit; source says 10 or 90 min but this assay was not unambiguously mapped to one time.,2,True,True,True,,
28039682,4430501,CHEMBL5783225,CHEMBL5783225,Cn1cnc2ncn(Cc3nc([C@@H]4[C@H]5C=C(c6ccc(C#N)c(F)c6)C[C@H]54)no3)c(=O)c21,CHEMBL5735476,CHEMBL5727829,2020,19.6,nM,7.707743928643524,7.71,0.002256071356476319,calcium_fluorescence,cinnamaldehyde,cinnamaldehyde,EC50,75.0,CHO,,,compound_before_agonist,human | not_reported | calcium_fluorescence | cinnamaldehyde | EC50 | NA | CHO | compound_before_agonist | NA,9,,0,not_reported,partially_verified,Core context explicit; source says 10 or 90 min but this assay was not unambiguously mapped to one time.,1,False,True,True,,
28038554,4430303,CHEMBL5748632,CHEMBL5748632,Cn1cnc2ncn(Cc3nc([C@H]4[C@@H]5CN(c6ccc(C#N)c(F)c6)C[C@@H]54)no3)c(=O)c21,CHEMBL5735477,CHEMBL5727829,2020,15.0,nM,7.823908740944319,7.82,-0.003908740944318367,calcium_fluorescence,cinnamaldehyde,cinnamaldehyde,EC50,75.0,CHO,,,compound_before_agonist,human | not_reported | calcium_fluorescence | cinnamaldehyde | EC50 | NA | CHO | compound_before_agonist | NA,9,,0,not_reported,partially_verified,Core context explicit; source says 10 or 90 min but this assay was not unambiguously mapped to one time.,1,False,True,True,,
28038560,4430242,CHEMBL5806157,CHEMBL5806157,Cn1cnc2ncn(Cc3nc([C@H]4[C@@H]5CN(c6cccc(F)c6)C[C@@H]54)no3)c(=O)c21,CHEMBL5735477,CHEMBL5727829,2020,5.2,nM,8.2839966563652,8.28,-0.00399665636520119,calcium_fluorescence,cinnamaldehyde,cinnamaldehyde,EC50,75.0,CHO,,,compound_before_agonist,human | not_reported | calcium_fluorescence | cinnamaldehyde | EC50 | NA | CHO | compound_before_agonist | NA,9,,0,not_reported,partially_verified,Core context explicit; source says 10 or 90 min but this assay was not unambiguously mapped to one time.,2,True,True,True,,
28038566,4430304,CHEMBL5842669,CHEMBL5842669,Cn1cnc2ncn(Cc3nc([C@H]4C[C@H](C(F)(F)c5cccc(Cl)c5)C4)no3)c(=O)c21,CHEMBL5735477,CHEMBL5727829,2020,13.0,nM,7.886056647693163,7.89,0.003943352306836623,calcium_fluorescence,cinnamaldehyde,cinnamaldehyde,EC50,75.0,CHO,,,compound_before_agonist,human | not_reported | calcium_fluorescence | cinnamaldehyde | EC50 | NA | CHO | compound_before_agonist | NA,9,,0,not_reported,partially_verified,Core context explicit; source says 10 or 90 min but this assay was not unambiguously mapped to one time.,1,False,True,True,,
28038572,4430305,CHEMBL5742566,CHEMBL5742566,Cn1cnc2ncn(Cc3nc([C@@H]4[C@H]5C=C(c6ccccc6F)C[C@H]54)no3)c(=O)c21,CHEMBL5735477,CHEMBL5727829,2020,8.5,nM,8.070581074285707,8.07,-0.0005810742857068618,calcium_fluorescence,cinnamaldehyde,cinnamaldehyde,EC50,75.0,CHO,,,compound_before_agonist,human | not_reported | calcium_fluorescence | cinnamaldehyde | EC50 | NA | CHO | compound_before_agonist | NA,9,,0,not_reported,partially_verified,Core context explicit; source says 10 or 90 min but this assay was not unambiguously mapped to one time.,2,True,True,True,,
28038578,4430305,CHEMBL5742566,CHEMBL5742566,Cn1cnc2ncn(Cc3nc([C@@H]4[C@H]5C=C(c6ccccc6F)C[C@H]54)no3)c(=O)c21,CHEMBL5735477,CHEMBL5727829,2020,4.7,nM,8.327902142064282,8.33,0.0020978579357180394,calcium_fluorescence,cinnamaldehyde,cinnamaldehyde,EC50,75.0,CHO,,,compound_before_agonist,human | not_reported | calcium_fluorescence | cinnamaldehyde | EC50 | NA | CHO | compound_before_agonist | NA,9,,0,not_reported,partially_verified,Core context explicit; source says 10 or 90 min but this assay was not unambiguously mapped to one time.,2,True,True,True,,
28038584,4430306,CHEMBL6031616,CHEMBL6031616,O=c1c2cccnc2ncn1Cc1nc([C@H]2[C@@H]3CN(c4cccc(F)c4)C[C@@H]32)no1,CHEMBL5735477,CHEMBL5727829,2020,8.7,nM,8.060480747381382,8.06,-0.0004807473813812635,calcium_fluorescence,cinnamaldehyde,cinnamaldehyde,EC50,75.0,CHO,,,compound_before_agonist,human | not_reported | calcium_fluorescence | cinnamaldehyde | EC50 | NA | CHO | compound_before_agonist | NA,9,,0,not_reported,partially_verified,Core context explicit; source says 10 or 90 min but this assay was not unambiguously mapped to one time.,1,False,True,True,,
28038590,4430307,CHEMBL6058047,CHEMBL6058047,O=c1c2cccnc2ncn1Cc1nc([C@H]2[C@@H]3CN(c4ccc5ncsc5c4)C[C@@H]32)no1,CHEMBL5735477,CHEMBL5727829,2020,8.6,nM,8.065501548756432,8.07,0.004498451243568624,calcium_fluorescence,cinnamaldehyde,cinnamaldehyde,EC50,75.0,CHO,,,compound_before_agonist,human | not_reported | calcium_fluorescence | cinnamaldehyde | EC50 | NA | CHO | compound_before_agonist | NA,9,,0,not_reported,partially_verified,Core context explicit; source says 10 or 90 min but this assay was not unambiguously mapped to one time.,1,False,True,True,,
28038596,4430308,CHEMBL5979844,CHEMBL5979844,Cn1cnc2ncn(Cc3nc([C@H]4[C@@H]5CN(c6cc(F)cc(C#N)c6)C[C@@H]54)no3)c(=O)c21,CHEMBL5735477,CHEMBL5727829,2020,40.0,nM,7.3979400086720375,7.4,0.0020599913279628623,calcium_fluorescence,cinnamaldehyde,cinnamaldehyde,EC50,75.0,CHO,,,compound_before_agonist,human | not_reported | calcium_fluorescence | cinnamaldehyde | EC50 | NA | CHO | compound_before_agonist | NA,9,,0,not_reported,partially_verified,Core context explicit; source says 10 or 90 min but this assay was not unambiguously mapped to one time.,1,False,True,True,,
28038602,4430309,CHEMBL5867523,CHEMBL5867523,Cn1cnc2ncn(Cc3nc([C@H]4[C@@H]5CN(c6ccc7ocnc7c6)C[C@@H]54)no3)c(=O)c21,CHEMBL5735477,CHEMBL5727829,2020,18.0,nM,7.7447274948966935,7.75,0.005272505103306457,calcium_fluorescence,cinnamaldehyde,cinnamaldehyde,EC50,75.0,CHO,,,compound_before_agonist,human | not_reported | calcium_fluorescence | cinnamaldehyde | EC50 | NA | CHO | compound_before_agonist | NA,9,,0,not_reported,partially_verified,Core context explicit; source says 10 or 90 min but this assay was not unambiguously mapped to one time.,1,False,True,True,,
28038608,4430310,CHEMBL5754138,CHEMBL5754138,O=c1c2cccc(=O)n2ccn1Cc1nc([C@H]2C[C@](F)(c3ccc(Cl)cc3)C2)no1,CHEMBL5735477,CHEMBL5727829,2020,38.0,nM,7.42021640338319,7.42,-0.0002164033831899559,calcium_fluorescence,cinnamaldehyde,cinnamaldehyde,EC50,75.0,CHO,,,compound_before_agonist,human | not_reported | calcium_fluorescence | cinnamaldehyde | EC50 | NA | CHO | compound_before_agonist | NA,9,,0,not_reported,partially_verified,Core context explicit; source says 10 or 90 min but this assay was not unambiguously mapped to one time.,1,False,True,True,,
28038614,4430242,CHEMBL5806157,CHEMBL5806157,Cn1cnc2ncn(Cc3nc([C@H]4[C@@H]5CN(c6cccc(F)c6)C[C@@H]54)no3)c(=O)c21,CHEMBL5735477,CHEMBL5727829,2020,4.8,nM,8.318758762624412,8.32,0.0012412373755879003,calcium_fluorescence,cinnamaldehyde,cinnamaldehyde,EC50,75.0,CHO,,,compound_before_agonist,human | not_reported | calcium_fluorescence | cinnamaldehyde | EC50 | NA | CHO | compound_before_agonist | NA,9,,0,not_reported,partially_verified,Core context explicit; source says 10 or 90 min but this assay was not unambiguously mapped to one time.,2,True,True,True,,
28038620,4430311,CHEMBL5865172,CHEMBL5865172,Cc1cnn2ncn(Cc3nc([C@H]4C[C@](F)(c5ccc(Cl)cc5)C4)no3)c(=O)c12,CHEMBL5735477,CHEMBL5727829,2020,8.1,nM,8.09151498112135,8.09,-0.0015149811213497344,calcium_fluorescence,cinnamaldehyde,cinnamaldehyde,EC50,75.0,CHO,,,compound_before_agonist,human | not_reported | calcium_fluorescence | cinnamaldehyde | EC50 | NA | CHO | compound_before_agonist | NA,9,,0,not_reported,partially_verified,Core context explicit; source says 10 or 90 min but this assay was not unambiguously mapped to one time.,1,False,True,True,,
28038626,4430312,CHEMBL5903390,CHEMBL5903390,Cn1cnc2ncn(Cc3nc([C@H]4[C@@H]5CN(c6ccc7ncoc7c6)C[C@@H]54)no3)c(=O)c21,CHEMBL5735477,CHEMBL5727829,2020,28.0,nM,7.552841968657781,7.55,-0.002841968657780747,calcium_fluorescence,cinnamaldehyde,cinnamaldehyde,EC50,75.0,CHO,,,compound_before_agonist,human | not_reported | calcium_fluorescence | cinnamaldehyde | EC50 | NA | CHO | compound_before_agonist | NA,9,,0,not_reported,partially_verified,Core context explicit; source says 10 or 90 min but this assay was not unambiguously mapped to one time.,1,False,True,True,,
28038632,4430313,CHEMBL5967246,CHEMBL5967246,Cn1cnc2ncn(Cc3nc([C@H]4[C@@H]5CN(c6cc(F)cc(F)c6)C[C@@H]54)no3)c(=O)c21,CHEMBL5735477,CHEMBL5727829,2020,3.1,nM,8.508638306165727,8.51,0.0013616938342728702,calcium_fluorescence,cinnamaldehyde,cinnamaldehyde,EC50,75.0,CHO,,,compound_before_agonist,human | not_reported | calcium_fluorescence | cinnamaldehyde | EC50 | NA | CHO | compound_before_agonist | NA,9,,0,not_reported,partially_verified,Core context explicit; source says 10 or 90 min but this assay was not unambiguously mapped to one time.,1,False,True,True,,
28038638,4430314,CHEMBL5964943,CHEMBL5964943,Cn1cnc2ncn(Cc3nc([C@H]4[C@@H]5C=C(c6ccc(F)c(F)c6)C[C@@H]54)no3)c(=O)c21,CHEMBL5735477,CHEMBL5727829,2020,3.9,nM,8.4089353929735,8.41,0.0010646070264996865,calcium_fluorescence,cinnamaldehyde,cinnamaldehyde,EC50,75.0,CHO,,,compound_before_agonist,human | not_reported | calcium_fluorescence | cinnamaldehyde | EC50 | NA | CHO | compound_before_agonist | NA,9,,0,not_reported,partially_verified,Core context explicit; source says 10 or 90 min but this assay was not unambiguously mapped to one time.,1,False,True,True,,
28038644,4430315,CHEMBL6058281,CHEMBL6058281,Cn1cnc2ncn(Cc3nc([C@@H]4[C@H]5C=C(c6ccc(F)c(F)c6)C[C@H]54)no3)c(=O)c21,CHEMBL5735477,CHEMBL5727829,2020,4.9,nM,8.309803919971486,8.31,0.00019608002851434492,calcium_fluorescence,cinnamaldehyde,cinnamaldehyde,EC50,75.0,CHO,,,compound_before_agonist,human | not_reported | calcium_fluorescence | cinnamaldehyde | EC50 | NA | CHO | compound_before_agonist | NA,9,,0,not_reported,partially_verified,Core context explicit; source says 10 or 90 min but this assay was not unambiguously mapped to one time.,1,False,True,True,,
28038650,4430316,CHEMBL5856251,CHEMBL5856251,Cc1cnn2ncn(Cc3nc([C@H]4[C@@H]5CN(c6ccccc6)C[C@@H]54)no3)c(=O)c12,CHEMBL5735477,CHEMBL5727829,2020,3.5,nM,8.455931955649724,8.46,0.004068044350276523,calcium_fluorescence,cinnamaldehyde,cinnamaldehyde,EC50,75.0,CHO,,,compound_before_agonist,human | not_reported | calcium_fluorescence | cinnamaldehyde | EC50 | NA | CHO | compound_before_agonist | NA,9,,0,not_reported,partially_verified,Core context explicit; source says 10 or 90 min but this assay was not unambiguously mapped to one time.,1,False,True,True,,
28038656,4430317,CHEMBL5774326,CHEMBL5774326,O=c1c2cccnc2cnn1Cc1nc([C@H]2[C@@H]3CN(c4cccc(F)c4)C[C@@H]32)no1,CHEMBL5735477,CHEMBL5727829,2020,5.1,nM,8.292429823902063,8.29,-0.0024298239020641432,calcium_fluorescence,cinnamaldehyde,cinnamaldehyde,EC50,75.0,CHO,,,compound_before_agonist,human | not_reported | calcium_fluorescence | cinnamaldehyde | EC50 | NA | CHO | compound_before_agonist | NA,9,,0,not_reported,partially_verified,Core context explicit; source says 10 or 90 min but this assay was not unambiguously mapped to one time.,1,False,True,True,,
28038662,4430318,CHEMBL5777536,CHEMBL5777536,Cn1cnc2ncn(Cc3nc([C@H]4[C@@H]5CN(c6ccccc6F)C[C@@H]54)no3)c(=O)c21,CHEMBL5735477,CHEMBL5727829,2020,19.0,nM,7.721246399047171,7.72,-0.001246399047171387,calcium_fluorescence,cinnamaldehyde,cinnamaldehyde,EC50,75.0,CHO,,,compound_before_agonist,human | not_reported | calcium_fluorescence | cinnamaldehyde | EC50 | NA | CHO | compound_before_agonist | NA,9,,0,not_reported,partially_verified,Core context explicit; source says 10 or 90 min but this assay was not unambiguously mapped to one time.,1,False,True,True,,
28038668,4430319,CHEMBL6021662,CHEMBL6021662,Cn1cnc2ncn(Cc3nc([C@H]4[C@@H]5CN(c6ccccc6C#N)C[C@@H]54)no3)c(=O)c21,CHEMBL5735477,CHEMBL5727829,2020,100.0,nM,7.0,7.0,0.0,calcium_fluorescence,cinnamaldehyde,cinnamaldehyde,EC50,75.0,CHO,,,compound_before_agonist,human | not_reported | calcium_fluorescence | cinnamaldehyde | EC50 | NA | CHO | compound_before_agonist | NA,9,,0,not_reported,partially_verified,Core context explicit; source says 10 or 90 min but this assay was not unambiguously mapped to one time.,1,False,True,True,,
28038674,4430320,CHEMBL5845808,CHEMBL5845808,Cn1cnc2ncn(Cc3nc([C@H]4[C@@H]5CN(c6cc(F)ccc6F)C[C@@H]54)no3)c(=O)c21,CHEMBL5735477,CHEMBL5727829,2020,6.3,nM,8.200659450546418,8.2,-0.0006594505464185829,calcium_fluorescence,cinnamaldehyde,cinnamaldehyde,EC50,75.0,CHO,,,compound_before_agonist,human | not_reported | calcium_fluorescence | cinnamaldehyde | EC50 | NA | CHO | compound_before_agonist | NA,9,,0,not_reported,partially_verified,Core context explicit; source says 10 or 90 min but this assay was not unambiguously mapped to one time.,1,False,True,True,,
28038680,4430321,CHEMBL5752360,CHEMBL5752360,Cn1cnc2ncn(Cc3nc([C@H]4[C@@H]5CN(c6cccc(F)c6F)C[C@@H]54)no3)c(=O)c21,CHEMBL5735477,CHEMBL5727829,2020,2.5,nM,8.602059991327963,8.6,-0.0020599913279628623,calcium_fluorescence,cinnamaldehyde,cinnamaldehyde,EC50,75.0,CHO,,,compound_before_agonist,human | not_reported | calcium_fluorescence | cinnamaldehyde | EC50 | NA | CHO | compound_before_agonist | NA,9,,0,not_reported,partially_verified,Core context explicit; source says 10 or 90 min but this assay was not unambiguously mapped to one time.,1,False,True,True,,
28038686,4430322,CHEMBL5991506,CHEMBL5991506,Cn1cnc2ncn(Cc3nc([C@H]4C[C@H](C(=O)c5cccc(Cl)c5)C4)no3)c(=O)c21,CHEMBL5735477,CHEMBL5727829,2020,64.0,nM,7.1938200260161125,7.19,-0.003820026016112088,calcium_fluorescence,cinnamaldehyde,cinnamaldehyde,EC50,75.0,CHO,,,compound_before_agonist,human | not_reported | calcium_fluorescence | cinnamaldehyde | EC50 | NA | CHO | compound_before_agonist | NA,9,,0,not_reported,partially_verified,Core context explicit; source says 10 or 90 min but this assay was not unambiguously mapped to one time.,1,False,True,True,,
28038692,4430323,CHEMBL5828488,CHEMBL5828488,Cn1cnc2ncn(Cc3nc([C@@H]4[C@H]5C=C(c6cccc(C(F)F)c6)C[C@H]54)no3)c(=O)c21,CHEMBL5735477,CHEMBL5727829,2020,37.0,nM,7.431798275933005,7.43,-0.0017982759330053,calcium_fluorescence,cinnamaldehyde,cinnamaldehyde,EC50,75.0,CHO,,,compound_before_agonist,human | not_reported | calcium_fluorescence | cinnamaldehyde | EC50 | NA | CHO | compound_before_agonist | NA,9,,0,not_reported,partially_verified,Core context explicit; source says 10 or 90 min but this assay was not unambiguously mapped to one time.,1,False,True,True,,
28038698,4430324,CHEMBL5777279,CHEMBL5777279,Cn1cnc2ncn(Cc3nc([C@H]4[C@@H]5C=C(c6cccc(C(F)F)c6)C[C@@H]54)no3)c(=O)c21,CHEMBL5735477,CHEMBL5727829,2020,26.0,nM,7.585026652029182,7.58,-0.005026652029181733,calcium_fluorescence,cinnamaldehyde,cinnamaldehyde,EC50,75.0,CHO,,,compound_before_agonist,human | not_reported | calcium_fluorescence | cinnamaldehyde | EC50 | NA | CHO | compound_before_agonist | NA,9,,0,not_reported,partially_verified,Core context explicit; source says 10 or 90 min but this assay was not unambiguously mapped to one time.,1,False,True,True,,
28038704,4430325,CHEMBL5744652,CHEMBL5744652,Cc1noc2ncn(Cc3nc([C@H]4[C@@H]5CN(c6cc(Cl)ccn6)C[C@@H]54)no3)c(=O)c12,CHEMBL5735477,CHEMBL5727829,2020,30.0,nM,7.522878745280337,7.52,-0.0028787452803378244,calcium_fluorescence,cinnamaldehyde,cinnamaldehyde,EC50,75.0,CHO,,,compound_before_agonist,human | not_reported | calcium_fluorescence | cinnamaldehyde | EC50 | NA | CHO | compound_before_agonist | NA,9,,0,not_reported,partially_verified,Core context explicit; source says 10 or 90 min but this assay was not unambiguously mapped to one time.,1,False,True,True,,
28038710,4430326,CHEMBL6009524,CHEMBL6009524,Cn1cnc2ncn(Cc3nc([C@H]4[C@@H]5CN(c6ccc(F)c(F)c6)C[C@@H]54)no3)c(=O)c21,CHEMBL5735477,CHEMBL5727829,2020,3.9,nM,8.4089353929735,8.41,0.0010646070264996865,calcium_fluorescence,cinnamaldehyde,cinnamaldehyde,EC50,75.0,CHO,,,compound_before_agonist,human | not_reported | calcium_fluorescence | cinnamaldehyde | EC50 | NA | CHO | compound_before_agonist | NA,9,,0,not_reported,partially_verified,Core context explicit; source says 10 or 90 min but this assay was not unambiguously mapped to one time.,1,False,True,True,,
28038716,4430327,CHEMBL5897594,CHEMBL5897594,Cn1nnc2ncn(Cc3nc([C@@H]4CC[C@@H](c5ccc(F)cc5)C4)no3)c(=O)c21,CHEMBL5735477,CHEMBL5727829,2020,44.0,nM,7.356547323513812,7.36,0.0034526764861881887,calcium_fluorescence,cinnamaldehyde,cinnamaldehyde,EC50,75.0,CHO,,,compound_before_agonist,human | not_reported | calcium_fluorescence | cinnamaldehyde | EC50 | NA | CHO | compound_before_agonist | NA,9,,0,not_reported,partially_verified,Core context explicit; source says 10 or 90 min but this assay was not unambiguously mapped to one time.,1,False,True,True,,
28038722,4430328,CHEMBL6000403,CHEMBL6000403,Cc1cc(C#N)nc2ncn(Cc3nc([C@H]4[C@@H]5CN(c6cc(Cl)ccn6)C[C@@H]54)no3)c(=O)c12,CHEMBL5735477,CHEMBL5727829,2020,9.1,nM,8.040958607678906,8.04,-0.0009586076789069864,calcium_fluorescence,cinnamaldehyde,cinnamaldehyde,EC50,75.0,CHO,,,compound_before_agonist,human | not_reported | calcium_fluorescence | cinnamaldehyde | EC50 | NA | CHO | compound_before_agonist | NA,9,,0,not_reported,partially_verified,Core context explicit; source says 10 or 90 min but this assay was not unambiguously mapped to one time.,1,False,True,True,,
28038728,4430329,CHEMBL6027272,CHEMBL6027272,Cn1nnc2ncn(Cc3nc([C@H]4[C@@H]5C=C(c6ccccc6)C[C@@H]54)no3)c(=O)c21,CHEMBL5735477,CHEMBL5727829,2020,3.1,nM,8.508638306165727,8.51,0.0013616938342728702,calcium_fluorescence,cinnamaldehyde,cinnamaldehyde,EC50,75.0,CHO,,,compound_before_agonist,human | not_reported | calcium_fluorescence | cinnamaldehyde | EC50 | NA | CHO | compound_before_agonist | NA,9,,0,not_reported,partially_verified,Core context explicit; source says 10 or 90 min but this assay was not unambiguously mapped to one time.,1,False,True,True,,
28038734,4430330,CHEMBL5879055,CHEMBL5879055,Cn1nnc2ncn(Cc3nc([C@@H]4[C@H]5C=C(c6ccccc6)C[C@H]54)no3)c(=O)c21,CHEMBL5735477,CHEMBL5727829,2020,4.1,nM,8.387216143280265,8.39,0.002783856719736022,calcium_fluorescence,cinnamaldehyde,cinnamaldehyde,EC50,75.0,CHO,,,compound_before_agonist,human | not_reported | calcium_fluorescence | cinnamaldehyde | EC50 | NA | CHO | compound_before_agonist | NA,9,,0,not_reported,partially_verified,Core context explicit; source says 10 or 90 min but this assay was not unambiguously mapped to one time.,1,False,True,True,,
28038740,4430331,CHEMBL5805829,CHEMBL5805829,Cn1cnc2ncn(Cc3nc([C@@H]4[C@H]5C=C(c6ccc(F)cn6)C[C@H]54)no3)c(=O)c21,CHEMBL5735477,CHEMBL5727829,2020,27.0,nM,7.568636235841012,7.57,0.00136376415898809,calcium_fluorescence,cinnamaldehyde,cinnamaldehyde,EC50,75.0,CHO,,,compound_before_agonist,human | not_reported | calcium_fluorescence | cinnamaldehyde | EC50 | NA | CHO | compound_before_agonist | NA,9,,0,not_reported,partially_verified,Core context explicit; source says 10 or 90 min but this assay was not unambiguously mapped to one time.,1,False,True,True,,
28038746,4430332,CHEMBL5863856,CHEMBL5863856,Cn1cnc2ncn(Cc3nc([C@H]4[C@@H]5C=C(c6ccc(F)cn6)C[C@@H]54)no3)c(=O)c21,CHEMBL5735477,CHEMBL5727829,2020,78.0,nM,7.107905397309519,7.11,0.0020946026904811177,calcium_fluorescence,cinnamaldehyde,cinnamaldehyde,EC50,75.0,CHO,,,compound_before_agonist,human | not_reported | calcium_fluorescence | cinnamaldehyde | EC50 | NA | CHO | compound_before_agonist | NA,9,,0,not_reported,partially_verified,Core context explicit; source says 10 or 90 min but this assay was not unambiguously mapped to one time.,1,False,True,True,,
28038752,4430333,CHEMBL5907024,CHEMBL5907024,Cn1cnc2ncn(Cc3nc([C@H]4[C@@H]5C=C(c6ccc7scnc7c6)C[C@@H]54)no3)c(=O)c21,CHEMBL5735477,CHEMBL5727829,2020,24.0,nM,7.619788758288394,7.62,0.0002112417116064691,calcium_fluorescence,cinnamaldehyde,cinnamaldehyde,EC50,75.0,CHO,,,compound_before_agonist,human | not_reported | calcium_fluorescence | cinnamaldehyde | EC50 | NA | CHO | compound_before_agonist | NA,9,,0,not_reported,partially_verified,Core context explicit; source says 10 or 90 min but this assay was not unambiguously mapped to one time.,1,False,True,True,,
28038758,4430334,CHEMBL5850879,CHEMBL5850879,Cn1cnc2ncn(Cc3nc([C@@H]4[C@H]5C=C(c6ccc7scnc7c6)C[C@H]54)no3)c(=O)c21,CHEMBL5735477,CHEMBL5727829,2020,34.0,nM,7.468521082957745,7.47,0.0014789170422551123,calcium_fluorescence,cinnamaldehyde,cinnamaldehyde,EC50,75.0,CHO,,,compound_before_agonist,human | not_reported | calcium_fluorescence | cinnamaldehyde | EC50 | NA | CHO | compound_before_agonist | NA,9,,0,not_reported,partially_verified,Core context explicit; source says 10 or 90 min but this assay was not unambiguously mapped to one time.,1,False,True,True,,
28038764,4430335,CHEMBL5845513,CHEMBL5845513,Cn1cnc2ncn(Cc3nc([C@H]4[C@@H]5C=C(c6cccc(F)c6)C[C@@H]54)no3)c(=O)c21,CHEMBL5735477,CHEMBL5727829,2020,1.7,nM,8.769551078621726,8.77,0.00044892137827368117,calcium_fluorescence,cinnamaldehyde,cinnamaldehyde,EC50,75.0,CHO,,,compound_before_agonist,human | not_reported | calcium_fluorescence | cinnamaldehyde | EC50 | NA | CHO | compound_before_agonist | NA,9,,0,not_reported,partially_verified,Core context explicit; source says 10 or 90 min but this assay was not unambiguously mapped to one time.,1,False,True,True,,
28038770,4430336,CHEMBL5885885,CHEMBL5885885,Cn1cnc2ncn(Cc3nc([C@@H]4[C@H]5C=C(c6cccc(F)c6)C[C@H]54)no3)c(=O)c21,CHEMBL5735477,CHEMBL5727829,2020,2.3,nM,8.638272163982407,8.64,0.0017278360175936314,calcium_fluorescence,cinnamaldehyde,cinnamaldehyde,EC50,75.0,CHO,,,compound_before_agonist,human | not_reported | calcium_fluorescence | cinnamaldehyde | EC50 | NA | CHO | compound_before_agonist | NA,9,,0,not_reported,partially_verified,Core context explicit; source says 10 or 90 min but this assay was not unambiguously mapped to one time.,1,False,True,True,,
28038776,4430337,CHEMBL5778727,CHEMBL5778727,Cc1ncn2ncn(Cc3nc([C@H]4[C@@H]5CN(c6cc(Cl)ccn6)C[C@@H]54)no3)c(=O)c12,CHEMBL5735477,CHEMBL5727829,2020,50.0,nM,7.301029995663981,7.3,-0.0010299956639814312,calcium_fluorescence,cinnamaldehyde,cinnamaldehyde,EC50,75.0,CHO,,,compound_before_agonist,human | not_reported | calcium_fluorescence | cinnamaldehyde | EC50 | NA | CHO | compound_before_agonist | NA,9,,0,not_reported,partially_verified,Core context explicit; source says 10 or 90 min but this assay was not unambiguously mapped to one time.,1,False,True,True,,
28038782,4430338,CHEMBL5751966,CHEMBL5751966,Cc1cnn2ncn(Cc3nc([C@H]4[C@@H]5CN(c6cc(F)ccn6)C[C@@H]54)no3)c(=O)c12,CHEMBL5735477,CHEMBL5727829,2020,7.5,nM,8.1249387366083,8.12,-0.004938736608300687,calcium_fluorescence,cinnamaldehyde,cinnamaldehyde,EC50,75.0,CHO,,,compound_before_agonist,human | not_reported | calcium_fluorescence | cinnamaldehyde | EC50 | NA | CHO | compound_before_agonist | NA,9,,0,not_reported,partially_verified,Core context explicit; source says 10 or 90 min but this assay was not unambiguously mapped to one time.,1,False,True,True,,
28038788,4430339,CHEMBL5832402,CHEMBL5832402,COc1ccc(C2=C[C@@H]3[C@H](C2)[C@H]3c2noc(Cn3cnc4ncn(C)c4c3=O)n2)cc1,CHEMBL5735477,CHEMBL5727829,2020,15.0,nM,7.823908740944319,7.82,-0.003908740944318367,calcium_fluorescence,cinnamaldehyde,cinnamaldehyde,EC50,75.0,CHO,,,compound_before_agonist,human | not_reported | calcium_fluorescence | cinnamaldehyde | EC50 | NA | CHO | compound_before_agonist | NA,9,,0,not_reported,partially_verified,Core context explicit; source says 10 or 90 min but this assay was not unambiguously mapped to one time.,1,False,True,True,,
28038794,4430340,CHEMBL5810601,CHEMBL5810601,COc1ccc(C2=C[C@H]3[C@@H](C2)[C@@H]3c2noc(Cn3cnc4ncn(C)c4c3=O)n2)cc1,CHEMBL5735477,CHEMBL5727829,2020,16.0,nM,7.795880017344075,7.8,0.0041199826559248365,calcium_fluorescence,cinnamaldehyde,cinnamaldehyde,EC50,75.0,CHO,,,compound_before_agonist,human | not_reported | calcium_fluorescence | cinnamaldehyde | EC50 | NA | CHO | compound_before_agonist | NA,9,,0,not_reported,partially_verified,Core context explicit; source says 10 or 90 min but this assay was not unambiguously mapped to one time.,1,False,True,True,,
28038800,4430341,CHEMBL5956030,CHEMBL5956030,Cn1cnc2ncn(Cc3nc([C@H]4[C@@H]5CN(c6cc7ccccc7cn6)C[C@@H]54)no3)c(=O)c21,CHEMBL5735477,CHEMBL5727829,2020,81.0,nM,7.0915149811213505,7.09,-0.0015149811213506226,calcium_fluorescence,cinnamaldehyde,cinnamaldehyde,EC50,75.0,CHO,,,compound_before_agonist,human | not_reported | calcium_fluorescence | cinnamaldehyde | EC50 | NA | CHO | compound_before_agonist | NA,9,,0,not_reported,partially_verified,Core context explicit; source says 10 or 90 min but this assay was not unambiguously mapped to one time.,1,False,True,True,,
28038806,4430342,CHEMBL6048544,CHEMBL6048544,O=c1c2c(Cl)ccnc2ncn1Cc1nc([C@H]2C[C@](F)(c3ccc(Cl)cc3)C2)no1,CHEMBL5735477,CHEMBL5727829,2020,22.0,nM,7.657577319177793,7.66,0.0024226808222067575,calcium_fluorescence,cinnamaldehyde,cinnamaldehyde,EC50,75.0,CHO,,,compound_before_agonist,human | not_reported | calcium_fluorescence | cinnamaldehyde | EC50 | NA | CHO | compound_before_agonist | NA,9,,0,not_reported,partially_verified,Core context explicit; source says 10 or 90 min but this assay was not unambiguously mapped to one time.,1,False,True,True,,
28038812,4430343,CHEMBL5918650,CHEMBL5918650,Cn1cnc2ncn(Cc3nc([C@H]4[C@@H]5C=C(c6ccc(Cl)cn6)C[C@@H]54)no3)c(=O)c21,CHEMBL5735477,CHEMBL5727829,2020,130.0,nM,6.886056647693163,6.89,0.003943352306836623,calcium_fluorescence,cinnamaldehyde,cinnamaldehyde,EC50,75.0,CHO,,,compound_before_agonist,human | not_reported | calcium_fluorescence | cinnamaldehyde | EC50 | NA | CHO | compound_before_agonist | NA,9,,0,not_reported,partially_verified,Core context explicit; source says 10 or 90 min but this assay was not unambiguously mapped to one time.,1,False,True,True,,
28038818,4430344,CHEMBL6004745,CHEMBL6004745,Cn1cnc2ncn(Cc3nc([C@@H]4[C@H]5C=C(c6ccc(Cl)cn6)C[C@H]54)no3)c(=O)c21,CHEMBL5735477,CHEMBL5727829,2020,360.0,nM,6.443697499232712,6.44,-0.0036974992327118983,calcium_fluorescence,cinnamaldehyde,cinnamaldehyde,EC50,75.0,CHO,,,compound_before_agonist,human | not_reported | calcium_fluorescence | cinnamaldehyde | EC50 | NA | CHO | compound_before_agonist | NA,9,,0,not_reported,partially_verified,Core context explicit; source says 10 or 90 min but this assay was not unambiguously mapped to one time.,1,False,True,True,,
28038824,4430345,CHEMBL6040138,CHEMBL6040138,Cn1cnc2ncn(Cc3nc([C@@H]4[C@H]5C=C(c6ccc(F)cc6)C[C@H]54)no3)c(=O)c21,CHEMBL5735477,CHEMBL5727829,2020,7.5,nM,8.1249387366083,8.12,-0.004938736608300687,calcium_fluorescence,cinnamaldehyde,cinnamaldehyde,EC50,75.0,CHO,,,compound_before_agonist,human | not_reported | calcium_fluorescence | cinnamaldehyde | EC50 | NA | CHO | compound_before_agonist | NA,9,,0,not_reported,partially_verified,Core context explicit; source says 10 or 90 min but this assay was not unambiguously mapped to one time.,1,False,True,True,,
28038830,4430346,CHEMBL5785596,CHEMBL5785596,Cn1cnc2ncn(Cc3nc([C@H]4[C@@H]5C=C(c6ccc(F)cc6)C[C@@H]54)no3)c(=O)c21,CHEMBL5735477,CHEMBL5727829,2020,3.0,nM,8.522878745280337,8.52,-0.0028787452803378244,calcium_fluorescence,cinnamaldehyde,cinnamaldehyde,EC50,75.0,CHO,,,compound_before_agonist,human | not_reported | calcium_fluorescence | cinnamaldehyde | EC50 | NA | CHO | compound_before_agonist | NA,9,,0,not_reported,partially_verified,Core context explicit; source says 10 or 90 min but this assay was not unambiguously mapped to one time.,1,False,True,True,,
28038836,4430347,CHEMBL5860004,CHEMBL5860004,Cn1cnc2ncn(Cc3nc([C@H]4[C@@H]5C=C(c6ccncc6)C[C@@H]54)no3)c(=O)c21,CHEMBL5735477,CHEMBL5727829,2020,96.0,nM,7.017728766960431,7.02,0.0022712330395684432,calcium_fluorescence,cinnamaldehyde,cinnamaldehyde,EC50,75.0,CHO,,,compound_before_agonist,human | not_reported | calcium_fluorescence | cinnamaldehyde | EC50 | NA | CHO | compound_before_agonist | NA,9,,0,not_reported,partially_verified,Core context explicit; source says 10 or 90 min but this assay was not unambiguously mapped to one time.,1,False,True,True,,
28038842,4430348,CHEMBL5934623,CHEMBL5934623,Cn1cnc2ncn(Cc3nc([C@@H]4[C@H]5C=C(c6ccncc6)C[C@H]54)no3)c(=O)c21,CHEMBL5735477,CHEMBL5727829,2020,85.0,nM,7.070581074285707,7.07,-0.0005810742857068618,calcium_fluorescence,cinnamaldehyde,cinnamaldehyde,EC50,75.0,CHO,,,compound_before_agonist,human | not_reported | calcium_fluorescence | cinnamaldehyde | EC50 | NA | CHO | compound_before_agonist | NA,9,,0,not_reported,partially_verified,Core context explicit; source says 10 or 90 min but this assay was not unambiguously mapped to one time.,1,False,True,True,,
28038848,4430349,CHEMBL6037392,CHEMBL6037392,Cn1cnc2ncn(Cc3nc([C@@H]4[C@H]5C=C(c6ccccn6)C[C@H]54)no3)c(=O)c21,CHEMBL5735477,CHEMBL5727829,2020,78.0,nM,7.107905397309519,7.11,0.0020946026904811177,calcium_fluorescence,cinnamaldehyde,cinnamaldehyde,EC50,75.0,CHO,,,compound_before_agonist,human | not_reported | calcium_fluorescence | cinnamaldehyde | EC50 | NA | CHO | compound_before_agonist | NA,9,,0,not_reported,partially_verified,Core context explicit; source says 10 or 90 min but this assay was not unambiguously mapped to one time.,1,False,True,True,,
28038854,4430350,CHEMBL6043296,CHEMBL6043296,Cn1cnc2ncn(Cc3nc([C@H]4[C@@H]5C=C(c6ccccn6)C[C@@H]54)no3)c(=O)c21,CHEMBL5735477,CHEMBL5727829,2020,210.0,nM,6.6777807052660805,6.68,0.0022192947339192415,calcium_fluorescence,cinnamaldehyde,cinnamaldehyde,EC50,75.0,CHO,,,compound_before_agonist,human | not_reported | calcium_fluorescence | cinnamaldehyde | EC50 | NA | CHO | compound_before_agonist | NA,9,,0,not_reported,partially_verified,Core context explicit; source says 10 or 90 min but this assay was not unambiguously mapped to one time.,1,False,True,True,,
28038860,4430351,CHEMBL6015216,CHEMBL6015216,Cn1nnc2ncn(Cc3nc([C@H]4[C@@H]5CN(c6cc(Cl)ccn6)C[C@@H]54)no3)c(=O)c21,CHEMBL5735477,CHEMBL5727829,2020,44.0,nM,7.356547323513812,7.36,0.0034526764861881887,calcium_fluorescence,cinnamaldehyde,cinnamaldehyde,EC50,75.0,CHO,,,compound_before_agonist,human | not_reported | calcium_fluorescence | cinnamaldehyde | EC50 | NA | CHO | compound_before_agonist | NA,9,,0,not_reported,partially_verified,Core context explicit; source says 10 or 90 min but this assay was not unambiguously mapped to one time.,1,False,True,True,,
28038866,4430352,CHEMBL5957719,CHEMBL5957719,Cn1cnc2ncn(Cc3nc([C@H]4[C@@H]5CN(c6ccncc6F)C[C@@H]54)no3)c(=O)c21,CHEMBL5735477,CHEMBL5727829,2020,110.0,nM,6.958607314841775,6.96,0.0013926851582253263,calcium_fluorescence,cinnamaldehyde,cinnamaldehyde,EC50,75.0,CHO,,,compound_before_agonist,human | not_reported | calcium_fluorescence | cinnamaldehyde | EC50 | NA | CHO | compound_before_agonist | NA,9,,0,not_reported,partially_verified,Core context explicit; source says 10 or 90 min but this assay was not unambiguously mapped to one time.,1,False,True,True,,
28038872,4430353,CHEMBL5854314,CHEMBL5854314,Cn1cnc2ncn(Cc3nc([C@H]4[C@@H]5CN(c6ncccc6F)C[C@@H]54)no3)c(=O)c21,CHEMBL5735477,CHEMBL5727829,2020,110.0,nM,6.958607314841775,6.96,0.0013926851582253263,calcium_fluorescence,cinnamaldehyde,cinnamaldehyde,EC50,75.0,CHO,,,compound_before_agonist,human | not_reported | calcium_fluorescence | cinnamaldehyde | EC50 | NA | CHO | compound_before_agonist | NA,9,,0,not_reported,partially_verified,Core context explicit; source says 10 or 90 min but this assay was not unambiguously mapped to one time.,1,False,True,True,,
28038878,4430354,CHEMBL6020750,CHEMBL6020750,Cn1cnc2ncn(Cc3nc([C@H]4[C@@H]5C=C(c6cccnc6)C[C@@H]54)no3)c(=O)c21,CHEMBL5735477,CHEMBL5727829,2020,160.0,nM,6.795880017344075,6.8,0.0041199826559248365,calcium_fluorescence,cinnamaldehyde,cinnamaldehyde,EC50,75.0,CHO,,,compound_before_agonist,human | not_reported | calcium_fluorescence | cinnamaldehyde | EC50 | NA | CHO | compound_before_agonist | NA,9,,0,not_reported,partially_verified,Core context explicit; source says 10 or 90 min but this assay was not unambiguously mapped to one time.,1,False,True,True,,
28038884,4430355,CHEMBL6013511,CHEMBL6013511,Cn1cnc2ncn(Cc3nc([C@@H]4[C@H]5C=C(c6cccnc6)C[C@H]54)no3)c(=O)c21,CHEMBL5735477,CHEMBL5727829,2020,440.0,nM,6.356547323513812,6.36,0.0034526764861881887,calcium_fluorescence,cinnamaldehyde,cinnamaldehyde,EC50,75.0,CHO,,,compound_before_agonist,human | not_reported | calcium_fluorescence | cinnamaldehyde | EC50 | NA | CHO | compound_before_agonist | NA,9,,0,not_reported,partially_verified,Core context explicit; source says 10 or 90 min but this assay was not unambiguously mapped to one time.,1,False,True,True,,
28038890,4430356,CHEMBL5976855,CHEMBL5976855,Cn1cnc2ncn(Cc3nc([C@H]4[C@@H]5C=C(c6ccc7ccncc7c6)C[C@@H]54)no3)c(=O)c21,CHEMBL5735477,CHEMBL5727829,2020,48.0,nM,7.318758762624412,7.32,0.0012412373755879003,calcium_fluorescence,cinnamaldehyde,cinnamaldehyde,EC50,75.0,CHO,,,compound_before_agonist,human | not_reported | calcium_fluorescence | cinnamaldehyde | EC50 | NA | CHO | compound_before_agonist | NA,9,,0,not_reported,partially_verified,Core context explicit; source says 10 or 90 min but this assay was not unambiguously mapped to one time.,1,False,True,True,,
28038896,4430357,CHEMBL5761361,CHEMBL5761361,Cn1cnc2ncn(Cc3nc([C@@H]4[C@H]5C=C(c6ccc7ccncc7c6)C[C@H]54)no3)c(=O)c21,CHEMBL5735477,CHEMBL5727829,2020,7.6,nM,8.119186407719209,8.12,0.0008135922807905871,calcium_fluorescence,cinnamaldehyde,cinnamaldehyde,EC50,75.0,CHO,,,compound_before_agonist,human | not_reported | calcium_fluorescence | cinnamaldehyde | EC50 | NA | CHO | compound_before_agonist | NA,9,,0,not_reported,partially_verified,Core context explicit; source says 10 or 90 min but this assay was not unambiguously mapped to one time.,1,False,True,True,,
28038902,4430358,CHEMBL5952236,CHEMBL5952236,Cc1nn(C)c2ncn(Cc3nc([C@H]4[C@@H]5CN(c6cc(Cl)ccn6)C[C@@H]54)no3)c(=O)c12,CHEMBL5735477,CHEMBL5727829,2020,43.0,nM,7.366531544420414,7.37,0.003468455579586305,calcium_fluorescence,cinnamaldehyde,cinnamaldehyde,EC50,75.0,CHO,,,compound_before_agonist,human | not_reported | calcium_fluorescence | cinnamaldehyde | EC50 | NA | CHO | compound_before_agonist | NA,9,,0,not_reported,partially_verified,Core context explicit; source says 10 or 90 min but this assay was not unambiguously mapped to one time.,1,False,True,True,,
28038908,4430359,CHEMBL5836096,CHEMBL5836096,Cc1cnn2ncn(Cc3nc([C@H]4[C@@H]5CN(c6cc(Cl)ccn6)C[C@@H]54)no3)c(=O)c12,CHEMBL5735477,CHEMBL5727829,2020,5.5,nM,8.259637310505756,8.26,0.0003626894942438952,calcium_fluorescence,cinnamaldehyde,cinnamaldehyde,EC50,75.0,CHO,,,compound_before_agonist,human | not_reported | calcium_fluorescence | cinnamaldehyde | EC50 | NA | CHO | compound_before_agonist | NA,9,,0,not_reported,partially_verified,Core context explicit; source says 10 or 90 min but this assay was not unambiguously mapped to one time.,1,False,True,True,,
28038914,4430360,CHEMBL5823394,CHEMBL5823394,Cn1nnc2ncn(Cc3nc([C@H]4[C@@H]5CN(c6cccc(Cl)c6)C[C@@H]54)no3)c(=O)c21,CHEMBL5735477,CHEMBL5727829,2020,3.6,nM,8.443697499232712,8.44,-0.0036974992327127865,calcium_fluorescence,cinnamaldehyde,cinnamaldehyde,EC50,75.0,CHO,,,compound_before_agonist,human | not_reported | calcium_fluorescence | cinnamaldehyde | EC50 | NA | CHO | compound_before_agonist | NA,9,,0,not_reported,partially_verified,Core context explicit; source says 10 or 90 min but this assay was not unambiguously mapped to one time.,1,False,True,True,,
28038920,4430361,CHEMBL6047294,CHEMBL6047294,Cc1ccc(N2C[C@@H]3[C@H](C2)[C@H]3c2noc(Cn3cnc4ncn(C)c4c3=O)n2)nc1,CHEMBL5735477,CHEMBL5727829,2020,170.0,nM,6.769551078621726,6.77,0.00044892137827368117,calcium_fluorescence,cinnamaldehyde,cinnamaldehyde,EC50,75.0,CHO,,,compound_before_agonist,human | not_reported | calcium_fluorescence | cinnamaldehyde | EC50 | NA | CHO | compound_before_agonist | NA,9,,0,not_reported,partially_verified,Core context explicit; source says 10 or 90 min but this assay was not unambiguously mapped to one time.,1,False,True,True,,
28038926,4430362,CHEMBL5972614,CHEMBL5972614,Cn1cnc2ncn(Cc3nc([C@H]4[C@@H]5C=C(c6ccc(Cl)cc6)C[C@@H]54)no3)c(=O)c21,CHEMBL5735477,CHEMBL5727829,2020,5.1,nM,8.292429823902063,8.29,-0.0024298239020641432,calcium_fluorescence,cinnamaldehyde,cinnamaldehyde,EC50,75.0,CHO,,,compound_before_agonist,human | not_reported | calcium_fluorescence | cinnamaldehyde | EC50 | NA | CHO | compound_before_agonist | NA,9,,0,not_reported,partially_verified,Core context explicit; source says 10 or 90 min but this assay was not unambiguously mapped to one time.,1,False,True,True,,
28038932,4430363,CHEMBL5766146,CHEMBL5766146,Cn1cnc2ncn(Cc3nc([C@@H]4[C@H]5C=C(c6ccc(Cl)cc6)C[C@H]54)no3)c(=O)c21,CHEMBL5735477,CHEMBL5727829,2020,12.0,nM,7.920818753952375,7.92,-0.0008187539523749621,calcium_fluorescence,cinnamaldehyde,cinnamaldehyde,EC50,75.0,CHO,,,compound_before_agonist,human | not_reported | calcium_fluorescence | cinnamaldehyde | EC50 | NA | CHO | compound_before_agonist | NA,9,,0,not_reported,partially_verified,Core context explicit; source says 10 or 90 min but this assay was not unambiguously mapped to one time.,1,False,True,True,,
28038938,4430364,CHEMBL5879601,CHEMBL5879601,Cc1ccnc2ncn(Cc3nc([C@H]4C[C@](F)(c5cccc(F)c5)C4)no3)c(=O)c12,CHEMBL5735477,CHEMBL5727829,2020,28.0,nM,7.552841968657781,7.55,-0.002841968657780747,calcium_fluorescence,cinnamaldehyde,cinnamaldehyde,EC50,75.0,CHO,,,compound_before_agonist,human | not_reported | calcium_fluorescence | cinnamaldehyde | EC50 | NA | CHO | compound_before_agonist | NA,9,,0,not_reported,partially_verified,Core context explicit; source says 10 or 90 min but this assay was not unambiguously mapped to one time.,1,False,True,True,,
28038944,4430365,CHEMBL5815794,CHEMBL5815794,Cn1cnc2ncn(Cc3nc([C@H]4[C@@H]5CN(c6cncc(F)c6)C[C@@H]54)no3)c(=O)c21,CHEMBL5735477,CHEMBL5727829,2020,89.0,nM,7.050609993355087,7.05,-0.0006099933550869352,calcium_fluorescence,cinnamaldehyde,cinnamaldehyde,EC50,75.0,CHO,,,compound_before_agonist,human | not_reported | calcium_fluorescence | cinnamaldehyde | EC50 | NA | CHO | compound_before_agonist | NA,9,,0,not_reported,partially_verified,Core context explicit; source says 10 or 90 min but this assay was not unambiguously mapped to one time.,1,False,True,True,,
28038950,4430366,CHEMBL5908556,CHEMBL5908556,Cn1cnc2ncn(Cc3nc([C@H]4[C@@H]5CN(c6cncc(C(F)(F)F)c6)C[C@@H]54)no3)c(=O)c21,CHEMBL5735477,CHEMBL5727829,2020,480.0,nM,6.318758762624412,6.32,0.0012412373755879003,calcium_fluorescence,cinnamaldehyde,cinnamaldehyde,EC50,75.0,CHO,,,compound_before_agonist,human | not_reported | calcium_fluorescence | cinnamaldehyde | EC50 | NA | CHO | compound_before_agonist | NA,9,,0,not_reported,partially_verified,Core context explicit; source says 10 or 90 min but this assay was not unambiguously mapped to one time.,1,False,True,True,,
28038956,4430367,CHEMBL5768249,CHEMBL5768249,Cn1cnc2ncn(Cc3nc([C@H]4[C@@H]5CN(c6ccnc(Cl)c6)C[C@@H]54)no3)c(=O)c21,CHEMBL5735477,CHEMBL5727829,2020,100.0,nM,7.0,7.0,0.0,calcium_fluorescence,cinnamaldehyde,cinnamaldehyde,EC50,75.0,CHO,,,compound_before_agonist,human | not_reported | calcium_fluorescence | cinnamaldehyde | EC50 | NA | CHO | compound_before_agonist | NA,9,,0,not_reported,partially_verified,Core context explicit; source says 10 or 90 min but this assay was not unambiguously mapped to one time.,1,False,True,True,,
28038962,4430368,CHEMBL5901772,CHEMBL5901772,O=c1c2cccnc2ncn1Cc1nc([C@H]2C[C@H](Oc3cccc(F)c3)C2)no1,CHEMBL5735477,CHEMBL5727829,2020,140.0,nM,6.853871964321762,6.85,-0.003871964321762178,calcium_fluorescence,cinnamaldehyde,cinnamaldehyde,EC50,75.0,CHO,,,compound_before_agonist,human | not_reported | calcium_fluorescence | cinnamaldehyde | EC50 | NA | CHO | compound_before_agonist | NA,9,,0,not_reported,partially_verified,Core context explicit; source says 10 or 90 min but this assay was not unambiguously mapped to one time.,1,False,True,True,,
28038968,4430369,CHEMBL6060007,CHEMBL6060007,Cn1cnc2cnn(Cc3nc([C@H]4[C@@H]5CN(c6cncc(Cl)c6)C[C@@H]54)no3)c(=O)c21,CHEMBL5735477,CHEMBL5727829,2020,150.0,nM,6.823908740944319,6.82,-0.003908740944318367,calcium_fluorescence,cinnamaldehyde,cinnamaldehyde,EC50,75.0,CHO,,,compound_before_agonist,human | not_reported | calcium_fluorescence | cinnamaldehyde | EC50 | NA | CHO | compound_before_agonist | NA,9,,0,not_reported,partially_verified,Core context explicit; source says 10 or 90 min but this assay was not unambiguously mapped to one time.,1,False,True,True,,
28038974,4430370,CHEMBL6003957,CHEMBL6003957,Cn1nnc2ncn(Cc3nc([C@H]4C[C@](F)(c5ccc(Cl)cc5)C4)no3)c(=O)c21,CHEMBL5735477,CHEMBL5727829,2020,160.0,nM,6.795880017344075,6.8,0.0041199826559248365,calcium_fluorescence,cinnamaldehyde,cinnamaldehyde,EC50,75.0,CHO,,,compound_before_agonist,human | not_reported | calcium_fluorescence | cinnamaldehyde | EC50 | NA | CHO | compound_before_agonist | NA,9,,0,not_reported,partially_verified,Core context explicit; source says 10 or 90 min but this assay was not unambiguously mapped to one time.,1,False,True,True,,
28038980,4430371,CHEMBL5794096,CHEMBL5794096,Cn1cnc2ncn(Cc3nc([C@H]4[C@@H]5CN(c6ccc(-c7cnco7)cc6)C[C@@H]54)no3)c(=O)c21,CHEMBL5735477,CHEMBL5727829,2020,38.0,nM,7.42021640338319,7.42,-0.0002164033831899559,calcium_fluorescence,cinnamaldehyde,cinnamaldehyde,EC50,75.0,CHO,,,compound_before_agonist,human | not_reported | calcium_fluorescence | cinnamaldehyde | EC50 | NA | CHO | compound_before_agonist | NA,9,,0,not_reported,partially_verified,Core context explicit; source says 10 or 90 min but this assay was not unambiguously mapped to one time.,1,False,True,True,,
28038986,4430372,CHEMBL5965558,CHEMBL5965558,O=c1c2cccnc2ncn1Cc1nc([C@H]2[C@@H]3CN(c4ccc(Cl)cn4)C[C@@H]32)no1,CHEMBL5735477,CHEMBL5727829,2020,38.0,nM,7.42021640338319,7.42,-0.0002164033831899559,calcium_fluorescence,cinnamaldehyde,cinnamaldehyde,EC50,75.0,CHO,,,compound_before_agonist,human | not_reported | calcium_fluorescence | cinnamaldehyde | EC50 | NA | CHO | compound_before_agonist | NA,9,,0,not_reported,partially_verified,Core context explicit; source says 10 or 90 min but this assay was not unambiguously mapped to one time.,1,False,True,True,,
28038992,4430373,CHEMBL6028364,CHEMBL6028364,O=c1c2cccnc2cnn1Cc1nc([C@H]2[C@@H]3CN(c4ccnc(F)c4)C[C@@H]32)no1,CHEMBL5735477,CHEMBL5727829,2020,41.0,nM,7.3872161432802645,7.39,0.002783856719735134,calcium_fluorescence,cinnamaldehyde,cinnamaldehyde,EC50,75.0,CHO,,,compound_before_agonist,human | not_reported | calcium_fluorescence | cinnamaldehyde | EC50 | NA | CHO | compound_before_agonist | NA,9,,0,not_reported,partially_verified,Core context explicit; source says 10 or 90 min but this assay was not unambiguously mapped to one time.,1,False,True,True,,
28038998,4430374,CHEMBL5858664,CHEMBL5858664,O=c1c2cccnc2cnn1Cc1nc([C@H]2[C@@H]3CN(c4cc(F)ccn4)C[C@@H]32)no1,CHEMBL5735477,CHEMBL5727829,2020,60.0,nM,7.221848749616356,7.22,-0.0018487496163563932,calcium_fluorescence,cinnamaldehyde,cinnamaldehyde,EC50,75.0,CHO,,,compound_before_agonist,human | not_reported | calcium_fluorescence | cinnamaldehyde | EC50 | NA | CHO | compound_before_agonist | NA,9,,0,not_reported,partially_verified,Core context explicit; source says 10 or 90 min but this assay was not unambiguously mapped to one time.,1,False,True,True,,
28039004,4430375,CHEMBL5914583,CHEMBL5914583,O=c1c2cccnc2ncn1Cc1nc([C@H]2[C@@H]3CN(c4cc(F)ccn4)C[C@@H]32)no1,CHEMBL5735477,CHEMBL5727829,2020,130.0,nM,6.886056647693163,6.89,0.003943352306836623,calcium_fluorescence,cinnamaldehyde,cinnamaldehyde,EC50,75.0,CHO,,,compound_before_agonist,human | not_reported | calcium_fluorescence | cinnamaldehyde | EC50 | NA | CHO | compound_before_agonist | NA,9,,0,not_reported,partially_verified,Core context explicit; source says 10 or 90 min but this assay was not unambiguously mapped to one time.,1,False,True,True,,
28039010,4430376,CHEMBL5758234,CHEMBL5758234,Cn1ncc2ncn(Cc3nc([C@H]4[C@@H]5CN(c6cc(Cl)ccn6)C[C@@H]54)no3)c(=O)c21,CHEMBL5735477,CHEMBL5727829,2020,73.0,nM,7.136677139879544,7.14,0.003322860120455573,calcium_fluorescence,cinnamaldehyde,cinnamaldehyde,EC50,75.0,CHO,,,compound_before_agonist,human | not_reported | calcium_fluorescence | cinnamaldehyde | EC50 | NA | CHO | compound_before_agonist | NA,9,,0,not_reported,partially_verified,Core context explicit; source says 10 or 90 min but this assay was not unambiguously mapped to one time.,1,False,True,True,,
28039016,4430377,CHEMBL5950280,CHEMBL5950280,Cn1cnc2ncn(Cc3nc([C@H]4[C@@H]5CN(C[C@@H](F)c6ccc(Cl)cc6)C[C@@H]54)no3)c(=O)c21,CHEMBL5735477,CHEMBL5727829,2020,860.0,nM,6.065501548756432,6.07,0.004498451243568624,calcium_fluorescence,cinnamaldehyde,cinnamaldehyde,EC50,75.0,CHO,,,compound_before_agonist,human | not_reported | calcium_fluorescence | cinnamaldehyde | EC50 | NA | CHO | compound_before_agonist | NA,9,,0,not_reported,partially_verified,Core context explicit; source says 10 or 90 min but this assay was not unambiguously mapped to one time.,1,False,True,True,,
28039022,4430378,CHEMBL5927746,CHEMBL5927746,O=c1c2cccnc2cnn1Cc1nc([C@H]2C[C@](F)(c3ccc(Cl)cc3)C2)no1,CHEMBL5735477,CHEMBL5727829,2020,59.0,nM,7.229147988357855,7.23,0.0008520116421451007,calcium_fluorescence,cinnamaldehyde,cinnamaldehyde,EC50,75.0,CHO,,,compound_before_agonist,human | not_reported | calcium_fluorescence | cinnamaldehyde | EC50 | NA | CHO | compound_before_agonist | NA,9,,0,not_reported,partially_verified,Core context explicit; source says 10 or 90 min but this assay was not unambiguously mapped to one time.,1,False,True,True,,
28039028,4430379,CHEMBL6053269,CHEMBL6053269,Cc1cc(C#N)nc2ncn(Cc3nc([C@H]4C[C@](F)(c5ccc(Cl)cc5)C4)no3)c(=O)c12,CHEMBL5735477,CHEMBL5727829,2020,10.0,nM,8.0,8.0,0.0,calcium_fluorescence,cinnamaldehyde,cinnamaldehyde,EC50,75.0,CHO,,,compound_before_agonist,human | not_reported | calcium_fluorescence | cinnamaldehyde | EC50 | NA | CHO | compound_before_agonist | NA,9,,0,not_reported,partially_verified,Core context explicit; source says 10 or 90 min but this assay was not unambiguously mapped to one time.,1,False,True,True,,
28039034,4430380,CHEMBL6000988,CHEMBL6000988,Cn1cnc2ncn(Cc3nc([C@@H]4[C@H]5C=C(c6cc(Cl)ccn6)C[C@H]54)no3)c(=O)c21,CHEMBL5735477,CHEMBL5727829,2020,68.0,nM,7.167491087293763,7.17,0.0025089127062365435,calcium_fluorescence,cinnamaldehyde,cinnamaldehyde,EC50,75.0,CHO,,,compound_before_agonist,human | not_reported | calcium_fluorescence | cinnamaldehyde | EC50 | NA | CHO | compound_before_agonist | NA,9,,0,not_reported,partially_verified,Core context explicit; source says 10 or 90 min but this assay was not unambiguously mapped to one time.,1,False,True,True,,
28039040,4430381,CHEMBL5804088,CHEMBL5804088,Cn1cnc2ncn(Cc3nc([C@H]4[C@@H]5C=C(c6cc(Cl)ccn6)C[C@@H]54)no3)c(=O)c21,CHEMBL5735477,CHEMBL5727829,2020,31.0,nM,7.508638306165727,7.51,0.0013616938342728702,calcium_fluorescence,cinnamaldehyde,cinnamaldehyde,EC50,75.0,CHO,,,compound_before_agonist,human | not_reported | calcium_fluorescence | cinnamaldehyde | EC50 | NA | CHO | compound_before_agonist | NA,9,,0,not_reported,partially_verified,Core context explicit; source says 10 or 90 min but this assay was not unambiguously mapped to one time.,1,False,True,True,,
28039046,4430382,CHEMBL5853567,CHEMBL5853567,O=c1c2cccnc2ncn1Cc1nc([C@H]2[C@@H]3C=C(c4cc(Cl)ccn4)C[C@@H]32)no1,CHEMBL5735477,CHEMBL5727829,2020,200.0,nM,6.698970004336019,6.7,0.0010299956639814312,calcium_fluorescence,cinnamaldehyde,cinnamaldehyde,EC50,75.0,CHO,,,compound_before_agonist,human | not_reported | calcium_fluorescence | cinnamaldehyde | EC50 | NA | CHO | compound_before_agonist | NA,9,,0,not_reported,partially_verified,Core context explicit; source says 10 or 90 min but this assay was not unambiguously mapped to one time.,1,False,True,True,,
28039052,4430383,CHEMBL5810932,CHEMBL5810932,O=c1c2cccnc2ncn1Cc1nc([C@@H]2[C@H]3C=C(c4cc(Cl)ccn4)C[C@H]32)no1,CHEMBL5735477,CHEMBL5727829,2020,88.0,nM,7.055517327849831,7.06,0.004482672150168732,calcium_fluorescence,cinnamaldehyde,cinnamaldehyde,EC50,75.0,CHO,,,compound_before_agonist,human | not_reported | calcium_fluorescence | cinnamaldehyde | EC50 | NA | CHO | compound_before_agonist | NA,9,,0,not_reported,partially_verified,Core context explicit; source says 10 or 90 min but this assay was not unambiguously mapped to one time.,1,False,True,True,,
28039058,4430384,CHEMBL5749499,CHEMBL5749499,Cn1cc(-c2cc(Cl)cc(N3C[C@@H]4[C@H](C3)[C@H]4c3noc(Cn4cnc5ncn(C)c5c4=O)n3)c2)cn1,CHEMBL5735477,CHEMBL5727829,2020,23.0,nM,7.638272163982407,7.64,0.0017278360175927432,calcium_fluorescence,cinnamaldehyde,cinnamaldehyde,EC50,75.0,CHO,,,compound_before_agonist,human | not_reported | calcium_fluorescence | cinnamaldehyde | EC50 | NA | CHO | compound_before_agonist | NA,9,,0,not_reported,partially_verified,Core context explicit; source says 10 or 90 min but this assay was not unambiguously mapped to one time.,1,False,True,True,,
28039073,4430388,CHEMBL5092342,CHEMBL5092342,O=c1c2cccnc2cnn1Cc1nc([C@H]2[C@@H]3CN(c4cc(Cl)ccn4)C[C@@H]32)no1,CHEMBL5735477,CHEMBL5727829,2020,46.0,nM,7.337242168318426,7.34,0.0027578316815741744,calcium_fluorescence,cinnamaldehyde,cinnamaldehyde,EC50,75.0,CHO,,,compound_before_agonist,human | not_reported | calcium_fluorescence | cinnamaldehyde | EC50 | NA | CHO | compound_before_agonist | NA,9,,0,not_reported,partially_verified,Core context explicit; source says 10 or 90 min but this assay was not unambiguously mapped to one time.,1,False,True,True,,
28039082,4430390,CHEMBL5741223,CHEMBL5741223,Cn1cc(-c2cccc(N3C[C@@H]4[C@H](C3)[C@H]4c3noc(Cn4ncc5ncccc5c4=O)n3)c2)cn1,CHEMBL5735477,CHEMBL5727829,2020,41.0,nM,7.3872161432802645,7.39,0.002783856719735134,calcium_fluorescence,cinnamaldehyde,cinnamaldehyde,EC50,75.0,CHO,,,compound_before_agonist,human | not_reported | calcium_fluorescence | cinnamaldehyde | EC50 | NA | CHO | compound_before_agonist | NA,9,,0,not_reported,partially_verified,Core context explicit; source says 10 or 90 min but this assay was not unambiguously mapped to one time.,1,False,True,True,,
28039088,4430391,CHEMBL6032016,CHEMBL6032016,Cn1cnc2ncn(Cc3nc([C@H]4[C@@H]5CN(c6cc(Cl)c(F)cn6)C[C@@H]54)no3)c(=O)c21,CHEMBL5735477,CHEMBL5727829,2020,130.0,nM,6.886056647693163,6.89,0.003943352306836623,calcium_fluorescence,cinnamaldehyde,cinnamaldehyde,EC50,75.0,CHO,,,compound_before_agonist,human | not_reported | calcium_fluorescence | cinnamaldehyde | EC50 | NA | CHO | compound_before_agonist | NA,9,,0,not_reported,partially_verified,Core context explicit; source says 10 or 90 min but this assay was not unambiguously mapped to one time.,1,False,True,True,,
28039094,4430392,CHEMBL5979384,CHEMBL5979384,Cn1cnc2ncn(Cc3nc([C@H]4[C@@H]5CN(c6cccc(C#N)n6)C[C@@H]54)no3)c(=O)c21,CHEMBL5735477,CHEMBL5727829,2020,89.0,nM,7.050609993355087,7.05,-0.0006099933550869352,calcium_fluorescence,cinnamaldehyde,cinnamaldehyde,EC50,75.0,CHO,,,compound_before_agonist,human | not_reported | calcium_fluorescence | cinnamaldehyde | EC50 | NA | CHO | compound_before_agonist | NA,9,,0,not_reported,partially_verified,Core context explicit; source says 10 or 90 min but this assay was not unambiguously mapped to one time.,1,False,True,True,,
28039100,4430393,CHEMBL5756126,CHEMBL5756126,Cn1cnc2ncn(Cc3nc([C@@H]4CC[C@@H](c5ccc(F)cc5)C4)no3)c(=O)c21,CHEMBL5735477,CHEMBL5727829,2020,18.0,nM,7.7447274948966935,7.75,0.005272505103306457,calcium_fluorescence,cinnamaldehyde,cinnamaldehyde,EC50,75.0,CHO,,,compound_before_agonist,human | not_reported | calcium_fluorescence | cinnamaldehyde | EC50 | NA | CHO | compound_before_agonist | NA,9,,0,not_reported,partially_verified,Core context explicit; source says 10 or 90 min but this assay was not unambiguously mapped to one time.,1,False,True,True,,
28039109,4430395,CHEMBL5893767,CHEMBL5893767,Cn1c(=O)ccc2ncn(Cc3nc([C@H]4[C@@H]5CN(c6cc(Cl)ccn6)C[C@@H]54)no3)c(=O)c21,CHEMBL5735477,CHEMBL5727829,2020,50.0,nM,7.301029995663981,7.3,-0.0010299956639814312,calcium_fluorescence,cinnamaldehyde,cinnamaldehyde,EC50,75.0,CHO,,,compound_before_agonist,human | not_reported | calcium_fluorescence | cinnamaldehyde | EC50 | NA | CHO | compound_before_agonist | NA,9,,0,not_reported,partially_verified,Core context explicit; source says 10 or 90 min but this assay was not unambiguously mapped to one time.,1,False,True,True,,
28039115,4430396,CHEMBL5894388,CHEMBL5894388,Cn1cnc2ncn(Cc3nc([C@H]4[C@@H]5CN(c6ccnc(F)c6)C[C@@H]54)no3)c(=O)c21,CHEMBL5735477,CHEMBL5727829,2020,73.0,nM,7.136677139879544,7.14,0.003322860120455573,calcium_fluorescence,cinnamaldehyde,cinnamaldehyde,EC50,75.0,CHO,,,compound_before_agonist,human | not_reported | calcium_fluorescence | cinnamaldehyde | EC50 | NA | CHO | compound_before_agonist | NA,9,,0,not_reported,partially_verified,Core context explicit; source says 10 or 90 min but this assay was not unambiguously mapped to one time.,1,False,True,True,,
28039130,4430400,CHEMBL5929993,CHEMBL5929993,Cn1cc(-c2ccc(N3C[C@@H]4[C@H](C3)[C@H]4c3noc(Cn4cnc5ncn(C)c5c4=O)n3)cc2)cn1,CHEMBL5735477,CHEMBL5727829,2020,67.0,nM,7.173925197299173,7.17,-0.003925197299173178,calcium_fluorescence,cinnamaldehyde,cinnamaldehyde,EC50,75.0,CHO,,,compound_before_agonist,human | not_reported | calcium_fluorescence | cinnamaldehyde | EC50 | NA | CHO | compound_before_agonist | NA,9,,0,not_reported,partially_verified,Core context explicit; source says 10 or 90 min but this assay was not unambiguously mapped to one time.,1,False,True,True,,
28039136,4430401,CHEMBL5878495,CHEMBL5878495,O=c1c2cccnc2ncn1Cc1nc([C@H]2[C@@H]3C=C(c4cccc(Cl)c4)C[C@@H]32)no1,CHEMBL5735477,CHEMBL5727829,2020,24.0,nM,7.619788758288394,7.62,0.0002112417116064691,calcium_fluorescence,cinnamaldehyde,cinnamaldehyde,EC50,75.0,CHO,,,compound_before_agonist,human | not_reported | calcium_fluorescence | cinnamaldehyde | EC50 | NA | CHO | compound_before_agonist | NA,9,,0,not_reported,partially_verified,Core context explicit; source says 10 or 90 min but this assay was not unambiguously mapped to one time.,1,False,True,True,,
28039142,4430402,CHEMBL5743365,CHEMBL5743365,O=c1c2cccnc2ncn1Cc1nc([C@@H]2[C@H]3C=C(c4cccc(Cl)c4)C[C@H]32)no1,CHEMBL5735477,CHEMBL5727829,2020,21.0,nM,7.6777807052660805,7.68,0.0022192947339192415,calcium_fluorescence,cinnamaldehyde,cinnamaldehyde,EC50,75.0,CHO,,,compound_before_agonist,human | not_reported | calcium_fluorescence | cinnamaldehyde | EC50 | NA | CHO | compound_before_agonist | NA,9,,0,not_reported,partially_verified,Core context explicit; source says 10 or 90 min but this assay was not unambiguously mapped to one time.,1,False,True,True,,
28039148,4430403,CHEMBL5831050,CHEMBL5831050,Cn1cnc2ncn(Cc3nc([C@H]4[C@@H]5CN(c6cc(F)ccn6)C[C@@H]54)no3)c(=O)c21,CHEMBL5735477,CHEMBL5727829,2020,43.0,nM,7.366531544420414,7.37,0.003468455579586305,calcium_fluorescence,cinnamaldehyde,cinnamaldehyde,EC50,75.0,CHO,,,compound_before_agonist,human | not_reported | calcium_fluorescence | cinnamaldehyde | EC50 | NA | CHO | compound_before_agonist | NA,9,,0,not_reported,partially_verified,Core context explicit; source says 10 or 90 min but this assay was not unambiguously mapped to one time.,1,False,True,True,,
28039154,4430404,CHEMBL5084582,CHEMBL5084582,O=c1c2cccnc2ncn1Cc1nc([C@H]2[C@@H]3CN(c4cc(Cl)ccn4)C[C@@H]32)no1,CHEMBL5735477,CHEMBL5727829,2020,52.0,nM,7.2839966563652006,7.28,-0.003996656365200302,calcium_fluorescence,cinnamaldehyde,cinnamaldehyde,EC50,75.0,CHO,,,compound_before_agonist,human | not_reported | calcium_fluorescence | cinnamaldehyde | EC50 | NA | CHO | compound_before_agonist | NA,9,,0,not_reported,partially_verified,Core context explicit; source says 10 or 90 min but this assay was not unambiguously mapped to one time.,1,False,True,True,,
28039160,4430405,CHEMBL6065175,CHEMBL6065175,Cn1cnc2ncn(Cc3nc([C@H]4[C@@H]5C=C(c6cccc(Cl)c6)C[C@@H]54)no3)c(=O)c21,CHEMBL5735477,CHEMBL5727829,2020,1.8,nM,8.744727494896694,8.74,-0.0047274948966933295,calcium_fluorescence,cinnamaldehyde,cinnamaldehyde,EC50,75.0,CHO,,,compound_before_agonist,human | not_reported | calcium_fluorescence | cinnamaldehyde | EC50 | NA | CHO | compound_before_agonist | NA,9,,0,not_reported,partially_verified,Core context explicit; source says 10 or 90 min but this assay was not unambiguously mapped to one time.,1,False,True,True,,
28039166,4430406,CHEMBL5832611,CHEMBL5832611,Cn1cnc2ncn(Cc3nc([C@@H]4[C@H]5C=C(c6cccc(Cl)c6)C[C@H]54)no3)c(=O)c21,CHEMBL5735477,CHEMBL5727829,2020,7.8,nM,8.10790539730952,8.11,0.0020946026904802295,calcium_fluorescence,cinnamaldehyde,cinnamaldehyde,EC50,75.0,CHO,,,compound_before_agonist,human | not_reported | calcium_fluorescence | cinnamaldehyde | EC50 | NA | CHO | compound_before_agonist | NA,9,,0,not_reported,partially_verified,Core context explicit; source says 10 or 90 min but this assay was not unambiguously mapped to one time.,1,False,True,True,,
28039172,4430407,CHEMBL5897867,CHEMBL5897867,Cn1cnc2ncn(Cc3nc([C@H]4[C@@H]5Oc6c(Cl)cccc6[C@@H]54)no3)c(=O)c21,CHEMBL5735477,CHEMBL5727829,2020,46.0,nM,7.337242168318426,7.34,0.0027578316815741744,calcium_fluorescence,cinnamaldehyde,cinnamaldehyde,EC50,75.0,CHO,,,compound_before_agonist,human | not_reported | calcium_fluorescence | cinnamaldehyde | EC50 | NA | CHO | compound_before_agonist | NA,9,,0,not_reported,partially_verified,Core context explicit; source says 10 or 90 min but this assay was not unambiguously mapped to one time.,1,False,True,True,,
28039181,4430409,CHEMBL5985433,CHEMBL5985433,Cn1cnc2ncn(Cc3nc([C@H]4[C@@H]5CN(c6ccc(C#N)c(Cl)c6)C[C@@H]54)no3)c(=O)c21,CHEMBL5735477,CHEMBL5727829,2020,21.0,nM,7.6777807052660805,7.68,0.0022192947339192415,calcium_fluorescence,cinnamaldehyde,cinnamaldehyde,EC50,75.0,CHO,,,compound_before_agonist,human | not_reported | calcium_fluorescence | cinnamaldehyde | EC50 | NA | CHO | compound_before_agonist | NA,9,,0,not_reported,partially_verified,Core context explicit; source says 10 or 90 min but this assay was not unambiguously mapped to one time.,1,False,True,True,,
28039190,4430411,CHEMBL5892972,CHEMBL5892972,Cn1cnc2ncn(Cc3nc([C@H]4[C@@H]5CN(c6cccc(-c7ncco7)c6)C[C@@H]54)no3)c(=O)c21,CHEMBL5735477,CHEMBL5727829,2020,72.0,nM,7.142667503568731,7.14,-0.0026675035687313553,calcium_fluorescence,cinnamaldehyde,cinnamaldehyde,EC50,75.0,CHO,,,compound_before_agonist,human | not_reported | calcium_fluorescence | cinnamaldehyde | EC50 | NA | CHO | compound_before_agonist | NA,9,,0,not_reported,partially_verified,Core context explicit; source says 10 or 90 min but this assay was not unambiguously mapped to one time.,1,False,True,True,,
28039199,4430413,CHEMBL6028569,CHEMBL6028569,Cn1cnc2ncn(Cc3nc([C@H]4[C@@H]5CN(c6ccc(C#N)cc6)C[C@@H]54)no3)c(=O)c21,CHEMBL5735477,CHEMBL5727829,2020,13.0,nM,7.886056647693163,7.89,0.003943352306836623,calcium_fluorescence,cinnamaldehyde,cinnamaldehyde,EC50,75.0,CHO,,,compound_before_agonist,human | not_reported | calcium_fluorescence | cinnamaldehyde | EC50 | NA | CHO | compound_before_agonist | NA,9,,0,not_reported,partially_verified,Core context explicit; source says 10 or 90 min but this assay was not unambiguously mapped to one time.,1,False,True,True,,
28039205,4430414,CHEMBL6054619,CHEMBL6054619,Cn1cnc2ncn(Cc3nc([C@H]4[C@@H]5CN(c6cc(Cl)cc(C#N)c6)C[C@@H]54)no3)c(=O)c21,CHEMBL5735477,CHEMBL5727829,2020,32.0,nM,7.494850021680094,7.5,0.005149978319906268,calcium_fluorescence,cinnamaldehyde,cinnamaldehyde,EC50,75.0,CHO,,,compound_before_agonist,human | not_reported | calcium_fluorescence | cinnamaldehyde | EC50 | NA | CHO | compound_before_agonist | NA,9,,0,not_reported,partially_verified,Core context explicit; source says 10 or 90 min but this assay was not unambiguously mapped to one time.,1,False,True,True,,
28039211,4430415,CHEMBL5850839,CHEMBL5850839,O=c1c2cccnc2ncn1Cc1nc([C@H]2[C@@H]3CN(c4ccccc4)C[C@@H]32)no1,CHEMBL5735477,CHEMBL5727829,2020,15.0,nM,7.823908740944319,7.82,-0.003908740944318367,calcium_fluorescence,cinnamaldehyde,cinnamaldehyde,EC50,75.0,CHO,,,compound_before_agonist,human | not_reported | calcium_fluorescence | cinnamaldehyde | EC50 | NA | CHO | compound_before_agonist | NA,9,,0,not_reported,partially_verified,Core context explicit; source says 10 or 90 min but this assay was not unambiguously mapped to one time.,1,False,True,True,,
28039217,4430416,CHEMBL5842749,CHEMBL5842749,O=c1c2ccncc2ncn1Cc1nc([C@H]2[C@@H]3CN(c4ccccc4)C[C@@H]32)no1,CHEMBL5735477,CHEMBL5727829,2020,110.0,nM,6.958607314841775,6.96,0.0013926851582253263,calcium_fluorescence,cinnamaldehyde,cinnamaldehyde,EC50,75.0,CHO,,,compound_before_agonist,human | not_reported | calcium_fluorescence | cinnamaldehyde | EC50 | NA | CHO | compound_before_agonist | NA,9,,0,not_reported,partially_verified,Core context explicit; source says 10 or 90 min but this assay was not unambiguously mapped to one time.,1,False,True,True,,
28039223,4430417,CHEMBL5832960,CHEMBL5832960,Cc1ccnc2ncn(Cc3nc([C@H]4C[C@](F)(c5ccc(F)cc5)C4)no3)c(=O)c12,CHEMBL5735477,CHEMBL5727829,2020,30.0,nM,7.522878745280337,7.52,-0.0028787452803378244,calcium_fluorescence,cinnamaldehyde,cinnamaldehyde,EC50,75.0,CHO,,,compound_before_agonist,human | not_reported | calcium_fluorescence | cinnamaldehyde | EC50 | NA | CHO | compound_before_agonist | NA,9,,0,not_reported,partially_verified,Core context explicit; source says 10 or 90 min but this assay was not unambiguously mapped to one time.,1,False,True,True,,
28039235,4430420,CHEMBL6007249,CHEMBL6007249,Cn1cnc2ncn(Cc3nc([C@H]4[C@@H]5CN(c6cccc(-c7cnco7)c6)C[C@@H]54)no3)c(=O)c21,CHEMBL5735477,CHEMBL5727829,2020,22.0,nM,7.657577319177793,7.66,0.0024226808222067575,calcium_fluorescence,cinnamaldehyde,cinnamaldehyde,EC50,75.0,CHO,,,compound_before_agonist,human | not_reported | calcium_fluorescence | cinnamaldehyde | EC50 | NA | CHO | compound_before_agonist | NA,9,,0,not_reported,partially_verified,Core context explicit; source says 10 or 90 min but this assay was not unambiguously mapped to one time.,1,False,True,True,,
28039241,4430421,CHEMBL5939414,CHEMBL5939414,Cn1cc(-c2cccc(N3C[C@@H]4[C@H](C3)[C@H]4c3noc(Cn4cnc5ncn(C)c5c4=O)n3)c2)cn1,CHEMBL5735477,CHEMBL5727829,2020,17.0,nM,7.769551078621726,7.77,0.00044892137827368117,calcium_fluorescence,cinnamaldehyde,cinnamaldehyde,EC50,75.0,CHO,,,compound_before_agonist,human | not_reported | calcium_fluorescence | cinnamaldehyde | EC50 | NA | CHO | compound_before_agonist | NA,9,,0,not_reported,partially_verified,Core context explicit; source says 10 or 90 min but this assay was not unambiguously mapped to one time.,1,False,True,True,,
28039247,4430422,CHEMBL5933906,CHEMBL5933906,Cn1cnc2ncn(Cc3nc([C@H]4[C@@H]5CN(c6cccc(-c7ccncc7)c6)C[C@@H]54)no3)c(=O)c21,CHEMBL5735477,CHEMBL5727829,2020,66.0,nM,7.180456064458131,7.18,-0.0004560644581310669,calcium_fluorescence,cinnamaldehyde,cinnamaldehyde,EC50,75.0,CHO,,,compound_before_agonist,human | not_reported | calcium_fluorescence | cinnamaldehyde | EC50 | NA | CHO | compound_before_agonist | NA,9,,0,not_reported,partially_verified,Core context explicit; source says 10 or 90 min but this assay was not unambiguously mapped to one time.,1,False,True,True,,
28039256,4430424,CHEMBL6057953,CHEMBL6057953,Cn1cnc2ncn(Cc3nc([C@H]4[C@@H]5CN(c6cccc(-c7cccnc7)c6)C[C@@H]54)no3)c(=O)c21,CHEMBL5735477,CHEMBL5727829,2020,78.0,nM,7.107905397309519,7.11,0.0020946026904811177,calcium_fluorescence,cinnamaldehyde,cinnamaldehyde,EC50,75.0,CHO,,,compound_before_agonist,human | not_reported | calcium_fluorescence | cinnamaldehyde | EC50 | NA | CHO | compound_before_agonist | NA,9,,0,not_reported,partially_verified,Core context explicit; source says 10 or 90 min but this assay was not unambiguously mapped to one time.,1,False,True,True,,
28039265,4430426,CHEMBL5761251,CHEMBL5761251,Cn1cnc2ncn(Cc3nc([C@H]4[C@@H]5CN(c6ccc(Cl)cn6)C[C@@H]54)no3)c(=O)c21,CHEMBL5735477,CHEMBL5727829,2020,86.0,nM,7.0655015487564325,7.07,0.004498451243567736,calcium_fluorescence,cinnamaldehyde,cinnamaldehyde,EC50,75.0,CHO,,,compound_before_agonist,human | not_reported | calcium_fluorescence | cinnamaldehyde | EC50 | NA | CHO | compound_before_agonist | NA,9,,0,not_reported,partially_verified,Core context explicit; source says 10 or 90 min but this assay was not unambiguously mapped to one time.,1,False,True,True,,
28039286,4430432,CHEMBL5949303,CHEMBL5949303,Cn1cnc2ncn(Cc3nc([C@H]4[C@@H]5CN(c6ccc7ncsc7c6)C[C@@H]54)no3)c(=O)c21,CHEMBL5735477,CHEMBL5727829,2020,10.0,nM,8.0,8.0,0.0,calcium_fluorescence,cinnamaldehyde,cinnamaldehyde,EC50,75.0,CHO,,,compound_before_agonist,human | not_reported | calcium_fluorescence | cinnamaldehyde | EC50 | NA | CHO | compound_before_agonist | NA,9,,0,not_reported,partially_verified,Core context explicit; source says 10 or 90 min but this assay was not unambiguously mapped to one time.,1,False,True,True,,
28039292,4430433,CHEMBL5091060,CHEMBL5091060,Cn1cnc2ncn(Cc3nc([C@H]4[C@@H]5CN(c6cc(Cl)ccn6)C[C@@H]54)no3)c(=O)c21,CHEMBL5735477,CHEMBL5727829,2020,25.0,nM,7.6020599913279625,7.6,-0.0020599913279628623,calcium_fluorescence,cinnamaldehyde,cinnamaldehyde,EC50,75.0,CHO,,,compound_before_agonist,human | not_reported | calcium_fluorescence | cinnamaldehyde | EC50 | NA | CHO | compound_before_agonist | NA,9,,0,not_reported,partially_verified,Core context explicit; source says 10 or 90 min but this assay was not unambiguously mapped to one time.,1,False,True,True,,
28039298,4430434,CHEMBL5858382,CHEMBL5858382,O=c1c2cccnc2cnn1Cc1nc([C@H]2[C@@H]3CN(c4ccccc4)C[C@@H]32)no1,CHEMBL5735477,CHEMBL5727829,2020,5.1,nM,8.292429823902063,8.29,-0.0024298239020641432,calcium_fluorescence,cinnamaldehyde,cinnamaldehyde,EC50,75.0,CHO,,,compound_before_agonist,human | not_reported | calcium_fluorescence | cinnamaldehyde | EC50 | NA | CHO | compound_before_agonist | NA,9,,0,not_reported,partially_verified,Core context explicit; source says 10 or 90 min but this assay was not unambiguously mapped to one time.,1,False,True,True,,
28039310,4430437,CHEMBL5951749,CHEMBL5951749,O=c1c2cccnc2ncn1Cc1nc([C@H]2[C@@H]3CN(c4cccc(Cl)c4)C[C@@H]32)no1,CHEMBL5735477,CHEMBL5727829,2020,13.0,nM,7.886056647693163,7.89,0.003943352306836623,calcium_fluorescence,cinnamaldehyde,cinnamaldehyde,EC50,75.0,CHO,,,compound_before_agonist,human | not_reported | calcium_fluorescence | cinnamaldehyde | EC50 | NA | CHO | compound_before_agonist | NA,9,,0,not_reported,partially_verified,Core context explicit; source says 10 or 90 min but this assay was not unambiguously mapped to one time.,1,False,True,True,,
28039319,4430439,CHEMBL5904043,CHEMBL5904043,Cn1cnc2ncn(Cc3nc([C@H]4C[C@H](Oc5ccc(Cl)cc5)C4)no3)c(=O)c21,CHEMBL5735477,CHEMBL5727829,2020,13.0,nM,7.886056647693163,7.89,0.003943352306836623,calcium_fluorescence,cinnamaldehyde,cinnamaldehyde,EC50,75.0,CHO,,,compound_before_agonist,human | not_reported | calcium_fluorescence | cinnamaldehyde | EC50 | NA | CHO | compound_before_agonist | NA,9,,0,not_reported,partially_verified,Core context explicit; source says 10 or 90 min but this assay was not unambiguously mapped to one time.,1,False,True,True,,
28039325,4430440,CHEMBL5972839,CHEMBL5972839,Cn1cnc2ncn(Cc3nc([C@H]4[C@@H]5CN(c6cc(Cl)c(F)cc6F)C[C@@H]54)no3)c(=O)c21,CHEMBL5735477,CHEMBL5727829,2020,31.0,nM,7.508638306165727,7.51,0.0013616938342728702,calcium_fluorescence,cinnamaldehyde,cinnamaldehyde,EC50,75.0,CHO,,,compound_before_agonist,human | not_reported | calcium_fluorescence | cinnamaldehyde | EC50 | NA | CHO | compound_before_agonist | NA,9,,0,not_reported,partially_verified,Core context explicit; source says 10 or 90 min but this assay was not unambiguously mapped to one time.,1,False,True,True,,
28039334,4430442,CHEMBL6000092,CHEMBL6000092,Cn1cnc2ncn(Cc3nc([C@H]4[C@@H]5CN(c6ccc7scnc7c6)C[C@@H]54)no3)c(=O)c21,CHEMBL5735477,CHEMBL5727829,2020,41.0,nM,7.3872161432802645,7.39,0.002783856719735134,calcium_fluorescence,cinnamaldehyde,cinnamaldehyde,EC50,75.0,CHO,,,compound_before_agonist,human | not_reported | calcium_fluorescence | cinnamaldehyde | EC50 | NA | CHO | compound_before_agonist | NA,9,,0,not_reported,partially_verified,Core context explicit; source says 10 or 90 min but this assay was not unambiguously mapped to one time.,1,False,True,True,,
28039340,4430443,CHEMBL6034527,CHEMBL6034527,Cn1cnc2ncn(Cc3nc([C@H]4[C@@H]5CN(c6c(F)ccc(Cl)c6F)C[C@@H]54)no3)c(=O)c21,CHEMBL5735477,CHEMBL5727829,2020,6.7,nM,8.173925197299173,8.17,-0.003925197299173178,calcium_fluorescence,cinnamaldehyde,cinnamaldehyde,EC50,75.0,CHO,,,compound_before_agonist,human | not_reported | calcium_fluorescence | cinnamaldehyde | EC50 | NA | CHO | compound_before_agonist | NA,9,,0,not_reported,partially_verified,Core context explicit; source says 10 or 90 min but this assay was not unambiguously mapped to one time.,1,False,True,True,,
28039349,4430445,CHEMBL5802404,CHEMBL5802404,Cc1cccc(N2C[C@@H]3[C@H](C2)[C@H]3c2noc(Cn3cnc4ncn(C)c4c3=O)n2)c1,CHEMBL5735477,CHEMBL5727829,2020,19.0,nM,7.721246399047171,7.72,-0.001246399047171387,calcium_fluorescence,cinnamaldehyde,cinnamaldehyde,EC50,75.0,CHO,,,compound_before_agonist,human | not_reported | calcium_fluorescence | cinnamaldehyde | EC50 | NA | CHO | compound_before_agonist | NA,9,,0,not_reported,partially_verified,Core context explicit; source says 10 or 90 min but this assay was not unambiguously mapped to one time.,1,False,True,True,,
28039355,4430446,CHEMBL5079912,CHEMBL5079912,Cn1cnc2ncn(Cc3nc([C@H]4[C@@H]5C=C(c6ccccc6)C[C@@H]54)no3)c(=O)c21,CHEMBL5735477,CHEMBL5727829,2020,1.7,nM,8.769551078621726,8.77,0.00044892137827368117,calcium_fluorescence,cinnamaldehyde,cinnamaldehyde,EC50,75.0,CHO,,,compound_before_agonist,human | not_reported | calcium_fluorescence | cinnamaldehyde | EC50 | NA | CHO | compound_before_agonist | NA,9,,0,not_reported,partially_verified,Core context explicit; source says 10 or 90 min but this assay was not unambiguously mapped to one time.,1,False,True,True,,
28039361,4430447,CHEMBL5987323,CHEMBL5987323,Cn1cnc2ncn(Cc3nc([C@@H]4[C@H]5C=C(c6ccccc6)C[C@H]54)no3)c(=O)c21,CHEMBL5735477,CHEMBL5727829,2020,9.9,nM,8.00436480540245,8.0,-0.004364805402449434,calcium_fluorescence,cinnamaldehyde,cinnamaldehyde,EC50,75.0,CHO,,,compound_before_agonist,human | not_reported | calcium_fluorescence | cinnamaldehyde | EC50 | NA | CHO | compound_before_agonist | NA,9,,0,not_reported,partially_verified,Core context explicit; source says 10 or 90 min but this assay was not unambiguously mapped to one time.,1,False,True,True,,
28039370,4430449,CHEMBL5936920,CHEMBL5936920,Cn1cnc2ncn(Cc3nc([C@H]4[C@@H]5CN(c6ccccn6)C[C@@H]54)no3)c(=O)c21,CHEMBL5735477,CHEMBL5727829,2020,130.0,nM,6.886056647693163,6.89,0.003943352306836623,calcium_fluorescence,cinnamaldehyde,cinnamaldehyde,EC50,75.0,CHO,,,compound_before_agonist,human | not_reported | calcium_fluorescence | cinnamaldehyde | EC50 | NA | CHO | compound_before_agonist | NA,9,,0,not_reported,partially_verified,Core context explicit; source says 10 or 90 min but this assay was not unambiguously mapped to one time.,1,False,True,True,,
28039376,4430450,CHEMBL6001185,CHEMBL6001185,Cn1cnc2ncn(Cc3nc([C@H]4[C@@H]5CN(c6ccc(Cl)c(F)c6)C[C@@H]54)no3)c(=O)c21,CHEMBL5735477,CHEMBL5727829,2020,10.0,nM,8.0,8.0,0.0,calcium_fluorescence,cinnamaldehyde,cinnamaldehyde,EC50,75.0,CHO,,,compound_before_agonist,human | not_reported | calcium_fluorescence | cinnamaldehyde | EC50 | NA | CHO | compound_before_agonist | NA,9,,0,not_reported,partially_verified,Core context explicit; source says 10 or 90 min but this assay was not unambiguously mapped to one time.,1,False,True,True,,
28039397,4430456,CHEMBL5976618,CHEMBL5976618,Cn1cnc2ncn(Cc3nc([C@H]4[C@@H]5CN(c6cccc(C#N)c6)C[C@@H]54)no3)c(=O)c21,CHEMBL5735477,CHEMBL5727829,2020,17.0,nM,7.769551078621726,7.77,0.00044892137827368117,calcium_fluorescence,cinnamaldehyde,cinnamaldehyde,EC50,75.0,CHO,,,compound_before_agonist,human | not_reported | calcium_fluorescence | cinnamaldehyde | EC50 | NA | CHO | compound_before_agonist | NA,9,,0,not_reported,partially_verified,Core context explicit; source says 10 or 90 min but this assay was not unambiguously mapped to one time.,1,False,True,True,,
28039403,4430457,CHEMBL6005266,CHEMBL6005266,Cn1cnc2ncn(Cc3nc([C@H]4[C@@H]5CN(c6cccc(Cl)c6F)C[C@@H]54)no3)c(=O)c21,CHEMBL5735477,CHEMBL5727829,2020,4.4,nM,8.356547323513812,8.36,0.0034526764861873005,calcium_fluorescence,cinnamaldehyde,cinnamaldehyde,EC50,75.0,CHO,,,compound_before_agonist,human | not_reported | calcium_fluorescence | cinnamaldehyde | EC50 | NA | CHO | compound_before_agonist | NA,9,,0,not_reported,partially_verified,Core context explicit; source says 10 or 90 min but this assay was not unambiguously mapped to one time.,1,False,True,True,,
28039409,4430458,CHEMBL6048418,CHEMBL6048418,Cn1cnc2ncn(Cc3nc([C@H]4[C@@H]5CN(c6ccc7sncc7c6)C[C@@H]54)no3)c(=O)c21,CHEMBL5735477,CHEMBL5727829,2020,2.1,nM,8.67778070526608,8.68,0.0022192947339192415,calcium_fluorescence,cinnamaldehyde,cinnamaldehyde,EC50,75.0,CHO,,,compound_before_agonist,human | not_reported | calcium_fluorescence | cinnamaldehyde | EC50 | NA | CHO | compound_before_agonist | NA,9,,0,not_reported,partially_verified,Core context explicit; source says 10 or 90 min but this assay was not unambiguously mapped to one time.,1,False,True,True,,
28039415,4430459,CHEMBL5896142,CHEMBL5896142,Cc1cc(N)nc2ncn(Cc3nc([C@H]4[C@@H]5C=C(c6ccccc6)C[C@@H]54)no3)c(=O)c12,CHEMBL5735477,CHEMBL5727829,2020,1.5,nM,8.823908740944319,8.82,-0.003908740944318367,calcium_fluorescence,cinnamaldehyde,cinnamaldehyde,EC50,75.0,CHO,,,compound_before_agonist,human | not_reported | calcium_fluorescence | cinnamaldehyde | EC50 | NA | CHO | compound_before_agonist | NA,9,,0,not_reported,partially_verified,Core context explicit; source says 10 or 90 min but this assay was not unambiguously mapped to one time.,1,False,True,True,,
28039421,4430460,CHEMBL6061542,CHEMBL6061542,Nc1ccc2c(=O)n(Cc3nc([C@H]4[C@@H]5C=C(c6ccccc6)C[C@@H]54)no3)cnc2n1,CHEMBL5735477,CHEMBL5727829,2020,5.3,nM,8.275724130399212,8.28,0.0042758696007876296,calcium_fluorescence,cinnamaldehyde,cinnamaldehyde,EC50,75.0,CHO,,,compound_before_agonist,human | not_reported | calcium_fluorescence | cinnamaldehyde | EC50 | NA | CHO | compound_before_agonist | NA,9,,0,not_reported,partially_verified,Core context explicit; source says 10 or 90 min but this assay was not unambiguously mapped to one time.,1,False,True,True,,
28039427,4430461,CHEMBL5826807,CHEMBL5826807,Cn1cnc2ncn(Cc3nc([C@@H]4[C@H]5CC[C@H](Oc6ccccc6)[C@H]54)no3)c(=O)c21,CHEMBL5735477,CHEMBL5727829,2020,80.0,nM,7.096910013008056,7.1,0.0030899869919434053,calcium_fluorescence,cinnamaldehyde,cinnamaldehyde,EC50,75.0,CHO,,,compound_before_agonist,human | not_reported | calcium_fluorescence | cinnamaldehyde | EC50 | NA | CHO | compound_before_agonist | NA,9,,0,not_reported,partially_verified,Core context explicit; source says 10 or 90 min but this assay was not unambiguously mapped to one time.,1,False,True,True,,
28039433,4430462,CHEMBL5941093,CHEMBL5941093,CC(=O)Nc1nc2ncn(Cc3nc([C@H]4[C@@H]5C=C(c6ccccc6)C[C@@H]54)no3)c(=O)c2n1C,CHEMBL5735477,CHEMBL5727829,2020,18.0,nM,7.7447274948966935,7.75,0.005272505103306457,calcium_fluorescence,cinnamaldehyde,cinnamaldehyde,EC50,75.0,CHO,,,compound_before_agonist,human | not_reported | calcium_fluorescence | cinnamaldehyde | EC50 | NA | CHO | compound_before_agonist | NA,9,,0,not_reported,partially_verified,Core context explicit; source says 10 or 90 min but this assay was not unambiguously mapped to one time.,1,False,True,True,,
28039439,4430463,CHEMBL5774642,CHEMBL5774642,Cn1cnc2ncn(Cc3nc([C@@H]4[C@H]5C=C(c6ccc(F)c(F)c6F)C[C@H]54)no3)c(=O)c21,CHEMBL5735477,CHEMBL5727829,2020,6.3,nM,8.200659450546418,8.2,-0.0006594505464185829,calcium_fluorescence,cinnamaldehyde,cinnamaldehyde,EC50,75.0,CHO,,,compound_before_agonist,human | not_reported | calcium_fluorescence | cinnamaldehyde | EC50 | NA | CHO | compound_before_agonist | NA,9,,0,not_reported,partially_verified,Core context explicit; source says 10 or 90 min but this assay was not unambiguously mapped to one time.,2,True,True,True,,
28039445,4430464,CHEMBL5866386,CHEMBL5866386,Cn1c(NC2COC2)nc2ncn(Cc3nc([C@H]4[C@@H]5C=C(c6ccccc6)C[C@@H]54)no3)c(=O)c21,CHEMBL5735477,CHEMBL5727829,2020,45.0,nM,7.346787486224656,7.35,0.003212513775343595,calcium_fluorescence,cinnamaldehyde,cinnamaldehyde,EC50,75.0,CHO,,,compound_before_agonist,human | not_reported | calcium_fluorescence | cinnamaldehyde | EC50 | NA | CHO | compound_before_agonist | NA,9,,0,not_reported,partially_verified,Core context explicit; source says 10 or 90 min but this assay was not unambiguously mapped to one time.,1,False,True,True,,
28039451,4430465,CHEMBL5872653,CHEMBL5872653,CN(C)C(=O)CNc1nc2ncn(Cc3nc([C@H]4[C@@H]5C=C(c6ccccc6)C[C@@H]54)no3)c(=O)c2n1C,CHEMBL5735477,CHEMBL5727829,2020,26.0,nM,7.585026652029182,7.58,-0.005026652029181733,calcium_fluorescence,cinnamaldehyde,cinnamaldehyde,EC50,75.0,CHO,,,compound_before_agonist,human | not_reported | calcium_fluorescence | cinnamaldehyde | EC50 | NA | CHO | compound_before_agonist | NA,9,,0,not_reported,partially_verified,Core context explicit; source says 10 or 90 min but this assay was not unambiguously mapped to one time.,1,False,True,True,,
28039457,4430466,CHEMBL5899823,CHEMBL5899823,Cn1c(NC2CCOCC2)nc2ncn(Cc3nc([C@H]4[C@@H]5C=C(c6ccccc6)C[C@@H]54)no3)c(=O)c21,CHEMBL5735477,CHEMBL5727829,2020,43.0,nM,7.366531544420414,7.37,0.003468455579586305,calcium_fluorescence,cinnamaldehyde,cinnamaldehyde,EC50,75.0,CHO,,,compound_before_agonist,human | not_reported | calcium_fluorescence | cinnamaldehyde | EC50 | NA | CHO | compound_before_agonist | NA,9,,0,not_reported,partially_verified,Core context explicit; source says 10 or 90 min but this assay was not unambiguously mapped to one time.,1,False,True,True,,
28039463,4430467,CHEMBL5758525,CHEMBL5758525,CCNc1nc2ncn(Cc3nc([C@H]4[C@@H]5C=C(c6ccccc6)C[C@@H]54)no3)c(=O)c2n1C,CHEMBL5735477,CHEMBL5727829,2020,29.0,nM,7.537602002101044,7.54,0.0023979978989556727,calcium_fluorescence,cinnamaldehyde,cinnamaldehyde,EC50,75.0,CHO,,,compound_before_agonist,human | not_reported | calcium_fluorescence | cinnamaldehyde | EC50 | NA | CHO | compound_before_agonist | NA,9,,0,not_reported,partially_verified,Core context explicit; source says 10 or 90 min but this assay was not unambiguously mapped to one time.,1,False,True,True,,
28039469,4430468,CHEMBL6064613,CHEMBL6064613,Cn1cnc2ncn(Cc3nc([C@H]4[C@@H]5CN(c6ccc(C#N)cc6F)C[C@@H]54)no3)c(=O)c21,CHEMBL5735477,CHEMBL5727829,2020,23.0,nM,7.638272163982407,7.64,0.0017278360175927432,calcium_fluorescence,cinnamaldehyde,cinnamaldehyde,EC50,75.0,CHO,,,compound_before_agonist,human | not_reported | calcium_fluorescence | cinnamaldehyde | EC50 | NA | CHO | compound_before_agonist | NA,9,,0,not_reported,partially_verified,Core context explicit; source says 10 or 90 min but this assay was not unambiguously mapped to one time.,1,False,True,True,,
28039475,4430469,CHEMBL6063332,CHEMBL6063332,Cn1cnc2ncn(Cc3nc([C@H]4C[C@@H](C(F)(F)c5cccc(F)c5)C4)no3)c(=O)c21,CHEMBL5735477,CHEMBL5727829,2020,5.5,nM,8.259637310505756,8.26,0.0003626894942438952,calcium_fluorescence,cinnamaldehyde,cinnamaldehyde,EC50,75.0,CHO,,,compound_before_agonist,human | not_reported | calcium_fluorescence | cinnamaldehyde | EC50 | NA | CHO | compound_before_agonist | NA,9,,0,not_reported,partially_verified,Core context explicit; source says 10 or 90 min but this assay was not unambiguously mapped to one time.,1,False,True,True,,
28039481,4430470,CHEMBL6195964,CHEMBL6195964,Cn1cnc2ncn(Cc3nc([C@@H]4[C@@H]5C[C@H]4CN(c4ccccc4)C5)no3)c(=O)c21,CHEMBL5735477,CHEMBL5727829,2020,72.0,nM,7.142667503568731,7.14,-0.0026675035687313553,calcium_fluorescence,cinnamaldehyde,cinnamaldehyde,EC50,75.0,CHO,,,compound_before_agonist,human | not_reported | calcium_fluorescence | cinnamaldehyde | EC50 | NA | CHO | compound_before_agonist | NA,9,,0,not_reported,partially_verified,Core context explicit; source says 10 or 90 min but this assay was not unambiguously mapped to one time.,1,False,True,True,,
28039487,4430471,CHEMBL5839547,CHEMBL5839547,Cn1cnc2ncn(Cc3nc([C@@H]4[C@H]5C=C(c6ccccc6)[C@@H](O)[C@H]54)no3)c(=O)c21,CHEMBL5735477,CHEMBL5727829,2020,40.0,nM,7.3979400086720375,7.4,0.0020599913279628623,calcium_fluorescence,cinnamaldehyde,cinnamaldehyde,EC50,75.0,CHO,,,compound_before_agonist,human | not_reported | calcium_fluorescence | cinnamaldehyde | EC50 | NA | CHO | compound_before_agonist | NA,9,,0,not_reported,partially_verified,Core context explicit; source says 10 or 90 min but this assay was not unambiguously mapped to one time.,1,False,True,True,,
28039493,4430472,CHEMBL5786064,CHEMBL5786064,Cn1cnc2ncn(Cc3nc([C@H]4[C@@H]5C=C(c6cc(F)c(F)c(F)c6)C[C@@H]54)no3)c(=O)c21,CHEMBL5735477,CHEMBL5727829,2020,2.0,nM,8.698970004336019,8.7,0.001029995663980543,calcium_fluorescence,cinnamaldehyde,cinnamaldehyde,EC50,75.0,CHO,,,compound_before_agonist,human | not_reported | calcium_fluorescence | cinnamaldehyde | EC50 | NA | CHO | compound_before_agonist | NA,9,,0,not_reported,partially_verified,Core context explicit; source says 10 or 90 min but this assay was not unambiguously mapped to one time.,2,True,True,True,,
28039499,4430473,CHEMBL6019586,CHEMBL6019586,Cn1c(NCCO)nc2ncn(Cc3nc([C@H]4[C@@H]5C=C(c6ccccc6)C[C@@H]54)no3)c(=O)c21,CHEMBL5735477,CHEMBL5727829,2020,68.0,nM,7.167491087293763,7.17,0.0025089127062365435,calcium_fluorescence,cinnamaldehyde,cinnamaldehyde,EC50,75.0,CHO,,,compound_before_agonist,human | not_reported | calcium_fluorescence | cinnamaldehyde | EC50 | NA | CHO | compound_before_agonist | NA,9,,0,not_reported,partially_verified,Core context explicit; source says 10 or 90 min but this assay was not unambiguously mapped to one time.,1,False,True,True,,
28039505,4430474,CHEMBL5900516,CHEMBL5900516,Cc1cnn2ncn(Cc3nc([C@H]4C[C@](F)(c5cccc(Cl)c5)C4)no3)c(=O)c12,CHEMBL5735477,CHEMBL5727829,2020,31.0,nM,7.508638306165727,7.51,0.0013616938342728702,calcium_fluorescence,cinnamaldehyde,cinnamaldehyde,EC50,75.0,CHO,,,compound_before_agonist,human | not_reported | calcium_fluorescence | cinnamaldehyde | EC50 | NA | CHO | compound_before_agonist | NA,9,,0,not_reported,partially_verified,Core context explicit; source says 10 or 90 min but this assay was not unambiguously mapped to one time.,1,False,True,True,,
28039511,4430475,CHEMBL5899415,CHEMBL5899415,Cn1cnc2ncn(Cc3nc([C@@H]4[C@H]5C=C(c6cccc(F)c6F)C[C@H]54)no3)c(=O)c21,CHEMBL5735477,CHEMBL5727829,2020,2.1,nM,8.67778070526608,8.68,0.0022192947339192415,calcium_fluorescence,cinnamaldehyde,cinnamaldehyde,EC50,75.0,CHO,,,compound_before_agonist,human | not_reported | calcium_fluorescence | cinnamaldehyde | EC50 | NA | CHO | compound_before_agonist | NA,9,,0,not_reported,partially_verified,Core context explicit; source says 10 or 90 min but this assay was not unambiguously mapped to one time.,2,True,True,True,,
28039517,4430476,CHEMBL5778028,CHEMBL5778028,Cn1c(N)nc2ncn(Cc3nc([C@H]4[C@@H]5C=C(c6ccccc6)C[C@@H]54)no3)c(=O)c21,CHEMBL5735477,CHEMBL5727829,2020,3.8,nM,8.42021640338319,8.42,-0.0002164033831899559,calcium_fluorescence,cinnamaldehyde,cinnamaldehyde,EC50,75.0,CHO,,,compound_before_agonist,human | not_reported | calcium_fluorescence | cinnamaldehyde | EC50 | NA | CHO | compound_before_agonist | NA,9,,0,not_reported,partially_verified,Core context explicit; source says 10 or 90 min but this assay was not unambiguously mapped to one time.,1,False,True,True,,
28039523,4430477,CHEMBL6034788,CHEMBL6034788,Cn1cnc2ncn(Cc3nc([C@H]4[C@@H]5C=C(c6ccc(C#N)cc6)C[C@@H]54)no3)c(=O)c21,CHEMBL5735477,CHEMBL5727829,2020,6.6,nM,8.18045606445813,8.18,-0.0004560644581310669,calcium_fluorescence,cinnamaldehyde,cinnamaldehyde,EC50,75.0,CHO,,,compound_before_agonist,human | not_reported | calcium_fluorescence | cinnamaldehyde | EC50 | NA | CHO | compound_before_agonist | NA,9,,0,not_reported,partially_verified,Core context explicit; source says 10 or 90 min but this assay was not unambiguously mapped to one time.,1,False,True,True,,
28039529,4430478,CHEMBL5845287,CHEMBL5845287,Cn1cnc2ncn(Cc3nc([C@H]4C[C@H](Cc5cccc(Cl)c5)C4)no3)c(=O)c21,CHEMBL5735477,CHEMBL5727829,2020,19.0,nM,7.721246399047171,7.72,-0.001246399047171387,calcium_fluorescence,cinnamaldehyde,cinnamaldehyde,EC50,75.0,CHO,,,compound_before_agonist,human | not_reported | calcium_fluorescence | cinnamaldehyde | EC50 | NA | CHO | compound_before_agonist | NA,9,,0,not_reported,partially_verified,Core context explicit; source says 10 or 90 min but this assay was not unambiguously mapped to one time.,1,False,True,True,,
28039535,4430479,CHEMBL5995388,CHEMBL5995388,Cn1cnc2ncn(Cc3nc([C@H]4[C@@H]5CN(c6cc(F)c(C#N)c(F)c6)C[C@@H]54)no3)c(=O)c21,CHEMBL5735477,CHEMBL5727829,2020,18.0,nM,7.7447274948966935,7.75,0.005272505103306457,calcium_fluorescence,cinnamaldehyde,cinnamaldehyde,EC50,75.0,CHO,,,compound_before_agonist,human | not_reported | calcium_fluorescence | cinnamaldehyde | EC50 | NA | CHO | compound_before_agonist | NA,9,,0,not_reported,partially_verified,Core context explicit; source says 10 or 90 min but this assay was not unambiguously mapped to one time.,1,False,True,True,,
28039541,4430480,CHEMBL5940557,CHEMBL5940557,Cn1cnc2nnn(Cc3nc([C@H]4[C@@H]5C=C(c6ccccc6)C[C@@H]54)no3)c(=O)c21,CHEMBL5735477,CHEMBL5727829,2020,16.0,nM,7.795880017344075,7.8,0.0041199826559248365,calcium_fluorescence,cinnamaldehyde,cinnamaldehyde,EC50,75.0,CHO,,,compound_before_agonist,human | not_reported | calcium_fluorescence | cinnamaldehyde | EC50 | NA | CHO | compound_before_agonist | NA,9,,0,not_reported,partially_verified,Core context explicit; source says 10 or 90 min but this assay was not unambiguously mapped to one time.,1,False,True,True,,
28039547,4430481,CHEMBL5915480,CHEMBL5915480,COCCNc1nc2ncn(Cc3nc([C@@H]4[C@H]5C=C(c6ccccc6)C[C@H]54)no3)c(=O)c2n1C,CHEMBL5735477,CHEMBL5727829,2020,35.0,nM,7.455931955649724,7.46,0.004068044350275635,calcium_fluorescence,cinnamaldehyde,cinnamaldehyde,EC50,75.0,CHO,,,compound_before_agonist,human | not_reported | calcium_fluorescence | cinnamaldehyde | EC50 | NA | CHO | compound_before_agonist | NA,9,,0,not_reported,partially_verified,Core context explicit; source says 10 or 90 min but this assay was not unambiguously mapped to one time.,1,False,True,True,,
28039553,4430482,CHEMBL5907292,CHEMBL5907292,Nc1ccc2c(=O)n(Cc3nc([C@H]4[C@@H]5CN(c6cccc(F)c6)C[C@@H]54)no3)cnc2n1,CHEMBL5735477,CHEMBL5727829,2020,4.3,nM,8.366531544420413,8.37,0.003468455579586305,calcium_fluorescence,cinnamaldehyde,cinnamaldehyde,EC50,75.0,CHO,,,compound_before_agonist,human | not_reported | calcium_fluorescence | cinnamaldehyde | EC50 | NA | CHO | compound_before_agonist | NA,9,,0,not_reported,partially_verified,Core context explicit; source says 10 or 90 min but this assay was not unambiguously mapped to one time.,1,False,True,True,,
28039559,4430483,CHEMBL5803062,CHEMBL5803062,CNc1nc2ncn(Cc3nc([C@@H]4[C@H]5C=C(c6ccccc6)C[C@H]54)no3)c(=O)c2n1C,CHEMBL5735477,CHEMBL5727829,2020,14.0,nM,7.853871964321762,7.85,-0.003871964321762178,calcium_fluorescence,cinnamaldehyde,cinnamaldehyde,EC50,75.0,CHO,,,compound_before_agonist,human | not_reported | calcium_fluorescence | cinnamaldehyde | EC50 | NA | CHO | compound_before_agonist | NA,9,,0,not_reported,partially_verified,Core context explicit; source says 10 or 90 min but this assay was not unambiguously mapped to one time.,1,False,True,True,,
28039565,4430484,CHEMBL5888814,CHEMBL5888814,Cn1c(Cl)nc2ncn(Cc3nc([C@@H]4[C@H]5C=C(c6ccccc6)C[C@H]54)no3)c(=O)c21,CHEMBL5735477,CHEMBL5727829,2020,6.5,nM,8.187086643357144,8.19,0.0029133566428551916,calcium_fluorescence,cinnamaldehyde,cinnamaldehyde,EC50,75.0,CHO,,,compound_before_agonist,human | not_reported | calcium_fluorescence | cinnamaldehyde | EC50 | NA | CHO | compound_before_agonist | NA,9,,0,not_reported,partially_verified,Core context explicit; source says 10 or 90 min but this assay was not unambiguously mapped to one time.,1,False,True,True,,
28039571,4430485,CHEMBL5909466,CHEMBL5909466,Cn1cnc2ncn(Cc3nc([C@@H]4[C@H]5C=C(c6ccc7c(cnn7C)c6)C[C@H]54)no3)c(=O)c21,CHEMBL5735477,CHEMBL5727829,2020,14.0,nM,7.853871964321762,7.85,-0.003871964321762178,calcium_fluorescence,cinnamaldehyde,cinnamaldehyde,EC50,75.0,CHO,,,compound_before_agonist,human | not_reported | calcium_fluorescence | cinnamaldehyde | EC50 | NA | CHO | compound_before_agonist | NA,9,,0,not_reported,partially_verified,Core context explicit; source says 10 or 90 min but this assay was not unambiguously mapped to one time.,1,False,True,True,,
28039577,4430486,CHEMBL5844475,CHEMBL5844475,Cn1c(=O)ccc2ncn(Cc3nc([C@@H]4[C@H]5C=C(c6ccccc6)C[C@H]54)no3)c(=O)c21,CHEMBL5735477,CHEMBL5727829,2020,12.0,nM,7.920818753952375,7.92,-0.0008187539523749621,calcium_fluorescence,cinnamaldehyde,cinnamaldehyde,EC50,75.0,CHO,,,compound_before_agonist,human | not_reported | calcium_fluorescence | cinnamaldehyde | EC50 | NA | CHO | compound_before_agonist | NA,9,,0,not_reported,partially_verified,Core context explicit; source says 10 or 90 min but this assay was not unambiguously mapped to one time.,1,False,True,True,,
28039583,4430487,CHEMBL5753774,CHEMBL5753774,N#Cc1ccc2c(=O)n(Cc3nc([C@@H]4[C@H]5C=C(c6ccccc6)C[C@H]54)no3)cnc2n1,CHEMBL5735477,CHEMBL5727829,2020,39.0,nM,7.4089353929735005,7.41,0.0010646070264996865,calcium_fluorescence,cinnamaldehyde,cinnamaldehyde,EC50,75.0,CHO,,,compound_before_agonist,human | not_reported | calcium_fluorescence | cinnamaldehyde | EC50 | NA | CHO | compound_before_agonist | NA,9,,0,not_reported,partially_verified,Core context explicit; source says 10 or 90 min but this assay was not unambiguously mapped to one time.,1,False,True,True,,
28039589,4430488,CHEMBL5973150,CHEMBL5973150,Cn1cnc2ncn(Cc3nc([C@@H]4[C@H]5C=C(c6ccc7oncc7c6)C[C@H]54)no3)c(=O)c21,CHEMBL5735477,CHEMBL5727829,2020,4.4,nM,8.356547323513812,8.36,0.0034526764861873005,calcium_fluorescence,cinnamaldehyde,cinnamaldehyde,EC50,75.0,CHO,,,compound_before_agonist,human | not_reported | calcium_fluorescence | cinnamaldehyde | EC50 | NA | CHO | compound_before_agonist | NA,9,,0,not_reported,partially_verified,Core context explicit; source says 10 or 90 min but this assay was not unambiguously mapped to one time.,1,False,True,True,,
28039595,4430489,CHEMBL6054159,CHEMBL6054159,Cn1cnc2ncn(Cc3nc([C@H]4[C@@H]5C=C(c6ccc7[nH]ncc7c6)C[C@@H]54)no3)c(=O)c21,CHEMBL5735477,CHEMBL5727829,2020,12.0,nM,7.920818753952375,7.92,-0.0008187539523749621,calcium_fluorescence,cinnamaldehyde,cinnamaldehyde,EC50,75.0,CHO,,,compound_before_agonist,human | not_reported | calcium_fluorescence | cinnamaldehyde | EC50 | NA | CHO | compound_before_agonist | NA,9,,0,not_reported,partially_verified,Core context explicit; source says 10 or 90 min but this assay was not unambiguously mapped to one time.,1,False,True,True,,
28039601,4430490,CHEMBL6065256,CHEMBL6065256,Cn1cnc2ncn(Cc3nc([C@H]4[C@@H]5C=C(c6ccc(F)cc6F)C[C@@H]54)no3)c(=O)c21,CHEMBL5735477,CHEMBL5727829,2020,4.6,nM,8.337242168318426,8.34,0.0027578316815741744,calcium_fluorescence,cinnamaldehyde,cinnamaldehyde,EC50,75.0,CHO,,,compound_before_agonist,human | not_reported | calcium_fluorescence | cinnamaldehyde | EC50 | NA | CHO | compound_before_agonist | NA,9,,0,not_reported,partially_verified,Core context explicit; source says 10 or 90 min but this assay was not unambiguously mapped to one time.,1,False,True,True,,
28039607,4430491,CHEMBL5969388,CHEMBL5969388,Cn1cnc2ncn(Cc3nc([C@H]4[C@@H]5C=C(c6cc(F)cc(F)c6)C[C@@H]54)no3)c(=O)c21,CHEMBL5735477,CHEMBL5727829,2020,2.4,nM,8.619788758288394,8.62,0.00021124171160558092,calcium_fluorescence,cinnamaldehyde,cinnamaldehyde,EC50,75.0,CHO,,,compound_before_agonist,human | not_reported | calcium_fluorescence | cinnamaldehyde | EC50 | NA | CHO | compound_before_agonist | NA,9,,0,not_reported,partially_verified,Core context explicit; source says 10 or 90 min but this assay was not unambiguously mapped to one time.,1,False,True,True,,
28039613,4430492,CHEMBL5908767,CHEMBL5908767,Cn1cnc2ncn(Cc3nc([C@H]4[C@@H]5CN(c6cc(F)c(Cl)c(F)c6)C[C@@H]54)no3)c(=O)c21,CHEMBL5735477,CHEMBL5727829,2020,11.0,nM,7.958607314841775,7.96,0.0013926851582253263,calcium_fluorescence,cinnamaldehyde,cinnamaldehyde,EC50,75.0,CHO,,,compound_before_agonist,human | not_reported | calcium_fluorescence | cinnamaldehyde | EC50 | NA | CHO | compound_before_agonist | NA,9,,0,not_reported,partially_verified,Core context explicit; source says 10 or 90 min but this assay was not unambiguously mapped to one time.,1,False,True,True,,
28039619,4430493,CHEMBL5961563,CHEMBL5961563,O=c1c2ccc(Cl)nc2ncn1Cc1nc([C@H]2[C@@H]3CN(c4cccc(F)c4)C[C@@H]32)no1,CHEMBL5735477,CHEMBL5727829,2020,35.0,nM,7.455931955649724,7.46,0.004068044350275635,calcium_fluorescence,cinnamaldehyde,cinnamaldehyde,EC50,75.0,CHO,,,compound_before_agonist,human | not_reported | calcium_fluorescence | cinnamaldehyde | EC50 | NA | CHO | compound_before_agonist | NA,9,,0,not_reported,partially_verified,Core context explicit; source says 10 or 90 min but this assay was not unambiguously mapped to one time.,1,False,True,True,,
28039625,4430472,CHEMBL5786064,CHEMBL5786064,Cn1cnc2ncn(Cc3nc([C@H]4[C@@H]5C=C(c6cc(F)c(F)c(F)c6)C[C@@H]54)no3)c(=O)c21,CHEMBL5735477,CHEMBL5727829,2020,2.0,nM,8.698970004336019,8.7,0.001029995663980543,calcium_fluorescence,cinnamaldehyde,cinnamaldehyde,EC50,75.0,CHO,,,compound_before_agonist,human | not_reported | calcium_fluorescence | cinnamaldehyde | EC50 | NA | CHO | compound_before_agonist | NA,9,,0,not_reported,partially_verified,Core context explicit; source says 10 or 90 min but this assay was not unambiguously mapped to one time.,2,True,True,True,,
28039631,4430463,CHEMBL5774642,CHEMBL5774642,Cn1cnc2ncn(Cc3nc([C@@H]4[C@H]5C=C(c6ccc(F)c(F)c6F)C[C@H]54)no3)c(=O)c21,CHEMBL5735477,CHEMBL5727829,2020,6.3,nM,8.200659450546418,8.2,-0.0006594505464185829,calcium_fluorescence,cinnamaldehyde,cinnamaldehyde,EC50,75.0,CHO,,,compound_before_agonist,human | not_reported | calcium_fluorescence | cinnamaldehyde | EC50 | NA | CHO | compound_before_agonist | NA,9,,0,not_reported,partially_verified,Core context explicit; source says 10 or 90 min but this assay was not unambiguously mapped to one time.,2,True,True,True,,
28039637,4430494,CHEMBL5821169,CHEMBL5821169,O=c1c2cccc(=O)n2ccn1Cc1nc([C@@H]2[C@H]3C=C(c4ccccc4)C[C@H]32)no1,CHEMBL5735477,CHEMBL5727829,2020,6.5,nM,8.187086643357144,8.19,0.0029133566428551916,calcium_fluorescence,cinnamaldehyde,cinnamaldehyde,EC50,75.0,CHO,,,compound_before_agonist,human | not_reported | calcium_fluorescence | cinnamaldehyde | EC50 | NA | CHO | compound_before_agonist | NA,9,,0,not_reported,partially_verified,Core context explicit; source says 10 or 90 min but this assay was not unambiguously mapped to one time.,1,False,True,True,,
28039643,4430495,CHEMBL5761362,CHEMBL5761362,Cn1cnc2ncn(Cc3nc([C@H]4[C@@H]5CN(c6ccc(Cl)cc6F)C[C@@H]54)no3)c(=O)c21,CHEMBL5735477,CHEMBL5727829,2020,7.4,nM,8.130768280269024,8.13,-0.0007682802690229806,calcium_fluorescence,cinnamaldehyde,cinnamaldehyde,EC50,75.0,CHO,,,compound_before_agonist,human | not_reported | calcium_fluorescence | cinnamaldehyde | EC50 | NA | CHO | compound_before_agonist | NA,9,,0,not_reported,partially_verified,Core context explicit; source says 10 or 90 min but this assay was not unambiguously mapped to one time.,1,False,True,True,,
28039649,4430496,CHEMBL5909172,CHEMBL5909172,Cn1cnc2ncn(Cc3nc([C@@H]4[C@H]5C=C(c6cnco6)C[C@H]54)no3)c(=O)c21,CHEMBL5735477,CHEMBL5727829,2020,11.0,nM,7.958607314841775,7.96,0.0013926851582253263,calcium_fluorescence,cinnamaldehyde,cinnamaldehyde,EC50,75.0,CHO,,,compound_before_agonist,human | not_reported | calcium_fluorescence | cinnamaldehyde | EC50 | NA | CHO | compound_before_agonist | NA,9,,0,not_reported,partially_verified,Core context explicit; source says 10 or 90 min but this assay was not unambiguously mapped to one time.,1,False,True,True,,
28039655,4430497,CHEMBL6010659,CHEMBL6010659,Cn1cnc2ncn(Cc3nc([C@H]4[C@@H]5C=C(c6ccc7ncsc7c6)C[C@@H]54)no3)c(=O)c21,CHEMBL5735477,CHEMBL5727829,2020,3.1,nM,8.508638306165727,8.51,0.0013616938342728702,calcium_fluorescence,cinnamaldehyde,cinnamaldehyde,EC50,75.0,CHO,,,compound_before_agonist,human | not_reported | calcium_fluorescence | cinnamaldehyde | EC50 | NA | CHO | compound_before_agonist | NA,9,,0,not_reported,partially_verified,Core context explicit; source says 10 or 90 min but this assay was not unambiguously mapped to one time.,1,False,True,True,,
28039661,4430498,CHEMBL5826297,CHEMBL5826297,O=c1c2cccnc2cnn1Cc1nc([C@H]2[C@@H]3CN(c4ccc5ncsc5c4)C[C@@H]32)no1,CHEMBL5735477,CHEMBL5727829,2020,5.6,nM,8.2518119729938,8.25,-0.0018119729937993156,calcium_fluorescence,cinnamaldehyde,cinnamaldehyde,EC50,75.0,CHO,,,compound_before_agonist,human | not_reported | calcium_fluorescence | cinnamaldehyde | EC50 | NA | CHO | compound_before_agonist | NA,9,,0,not_reported,partially_verified,Core context explicit; source says 10 or 90 min but this assay was not unambiguously mapped to one time.,1,False,True,True,,
28039667,4430499,CHEMBL5791429,CHEMBL5791429,Cn1cnc2ncn(Cc3nc([C@@H]4[C@H]5C=C(c6cccc(-c7cnco7)c6)C[C@H]54)no3)c(=O)c21,CHEMBL5735477,CHEMBL5727829,2020,40.0,nM,7.3979400086720375,7.4,0.0020599913279628623,calcium_fluorescence,cinnamaldehyde,cinnamaldehyde,EC50,75.0,CHO,,,compound_before_agonist,human | not_reported | calcium_fluorescence | cinnamaldehyde | EC50 | NA | CHO | compound_before_agonist | NA,9,,0,not_reported,partially_verified,Core context explicit; source says 10 or 90 min but this assay was not unambiguously mapped to one time.,1,False,True,True,,
28039673,4430500,CHEMBL5740471,CHEMBL5740471,Cn1cnc2ncn(Cc3nc([C@@H]4[C@H]5C=C(c6ccc(C(F)F)cc6)C[C@H]54)no3)c(=O)c21,CHEMBL5735477,CHEMBL5727829,2020,35.0,nM,7.455931955649724,7.46,0.004068044350275635,calcium_fluorescence,cinnamaldehyde,cinnamaldehyde,EC50,75.0,CHO,,,compound_before_agonist,human | not_reported | calcium_fluorescence | cinnamaldehyde | EC50 | NA | CHO | compound_before_agonist | NA,9,,0,not_reported,partially_verified,Core context explicit; source says 10 or 90 min but this assay was not unambiguously mapped to one time.,1,False,True,True,,
28039679,4430475,CHEMBL5899415,CHEMBL5899415,Cn1cnc2ncn(Cc3nc([C@@H]4[C@H]5C=C(c6cccc(F)c6F)C[C@H]54)no3)c(=O)c21,CHEMBL5735477,CHEMBL5727829,2020,3.1,nM,8.508638306165727,8.51,0.0013616938342728702,calcium_fluorescence,cinnamaldehyde,cinnamaldehyde,EC50,75.0,CHO,,,compound_before_agonist,human | not_reported | calcium_fluorescence | cinnamaldehyde | EC50 | NA | CHO | compound_before_agonist | NA,9,,0,not_reported,partially_verified,Core context explicit; source says 10 or 90 min but this assay was not unambiguously mapped to one time.,2,True,True,True,,
28039685,4430501,CHEMBL5783225,CHEMBL5783225,Cn1cnc2ncn(Cc3nc([C@@H]4[C@H]5C=C(c6ccc(C#N)c(F)c6)C[C@H]54)no3)c(=O)c21,CHEMBL5735477,CHEMBL5727829,2020,5.3,nM,8.275724130399212,8.28,0.0042758696007876296,calcium_fluorescence,cinnamaldehyde,cinnamaldehyde,EC50,75.0,CHO,,,compound_before_agonist,human | not_reported | calcium_fluorescence | cinnamaldehyde | EC50 | NA | CHO | compound_before_agonist | NA,9,,0,not_reported,partially_verified,Core context explicit; source says 10 or 90 min but this assay was not unambiguously mapped to one time.,1,False,True,True,,
28107755,4444462,CHEMBL5883435,CHEMBL5883435,O=C(NCc1cn(-c2ccc(C(F)(F)F)cc2)nc1C(F)F)[C@@H]1CC[C@@H]1S(=O)(=O)c1ccc(F)cc1,CHEMBL5735742,CHEMBL5727953,2020,34.6,nM,7.460923901207224,7.46,-0.0009239012072237429,calcium_fluorescence,cinnamaldehyde,cinnamaldehyde,EC80,75.0,CHO,20.0,,compound_before_agonist,human | not_reported | calcium_fluorescence | cinnamaldehyde | EC80 | 75 | CHO | compound_before_agonist | 20,9,,0,not_reported,not_required,,4,True,True,True,,
28107758,4444463,CHEMBL5953393,CHEMBL5953393,O=C(Cc1cn(-c2cnc(C(F)(F)F)nc2)nc1C(F)(F)F)N[C@@H]1CC[C@@H]1[S+]([O-])c1ccc(F)cc1,CHEMBL5735742,CHEMBL5727953,2020,500.0,nM,6.301029995663981,6.3,-0.0010299956639814312,calcium_fluorescence,cinnamaldehyde,cinnamaldehyde,EC80,75.0,CHO,20.0,,compound_before_agonist,human | not_reported | calcium_fluorescence | cinnamaldehyde | EC80 | 75 | CHO | compound_before_agonist | 20,9,,0,not_reported,not_required,,1,False,True,True,,
28107761,4444464,CHEMBL5742797,CHEMBL5742797,O=C(Cc1cn(-c2cnc(C(F)(F)F)nc2)nc1C(F)(F)F)N[C@@H]1CC[C@@H]1S(=O)(=O)c1ccc(F)cc1,CHEMBL5735742,CHEMBL5727953,2020,7.88,nM,8.103473782510445,8.1,-0.003473782510445389,calcium_fluorescence,cinnamaldehyde,cinnamaldehyde,EC80,75.0,CHO,20.0,,compound_before_agonist,human | not_reported | calcium_fluorescence | cinnamaldehyde | EC80 | 75 | CHO | compound_before_agonist | 20,9,,0,not_reported,not_required,,2,True,True,True,,
28107764,4444465,CHEMBL5866810,CHEMBL5866810,O=C(NCc1cn(-c2ccc(C(F)(F)F)nc2)nc1C(F)(F)F)[C@@H]1CCC[C@@H]1S(=O)(=O)c1ccc(F)cc1,CHEMBL5735742,CHEMBL5727953,2020,21.8,nM,7.661543506395395,7.66,-0.0015435063953948003,calcium_fluorescence,cinnamaldehyde,cinnamaldehyde,EC80,75.0,CHO,20.0,,compound_before_agonist,human | not_reported | calcium_fluorescence | cinnamaldehyde | EC80 | 75 | CHO | compound_before_agonist | 20,9,,0,not_reported,not_required,,3,True,True,True,,
28107767,4444466,CHEMBL5747523,CHEMBL5747523,CC1(C(=O)NCc2cn(-c3ccc(C(F)(F)F)cc3)nc2Cl)CCCC1S(=O)(=O)c1ccc(F)cc1,CHEMBL5735742,CHEMBL5727953,2020,8.79,nM,8.056011124926227,8.06,0.003988875073773102,calcium_fluorescence,cinnamaldehyde,cinnamaldehyde,EC80,75.0,CHO,20.0,,compound_before_agonist,human | not_reported | calcium_fluorescence | cinnamaldehyde | EC80 | 75 | CHO | compound_before_agonist | 20,9,,0,not_reported,not_required,,6,True,True,True,,
28107770,4444467,CHEMBL5847488,CHEMBL5847488,O=C(Cc1cn(-c2cnc(C(F)(F)F)nc2)nc1C1CC1)N[C@@H]1CC[C@@H]1S(=O)(=O)c1ccc(F)cc1,CHEMBL5735742,CHEMBL5727953,2020,46.9,nM,7.328827157284917,7.33,0.001172842715083,calcium_fluorescence,cinnamaldehyde,cinnamaldehyde,EC80,75.0,CHO,20.0,,compound_before_agonist,human | not_reported | calcium_fluorescence | cinnamaldehyde | EC80 | 75 | CHO | compound_before_agonist | 20,9,,0,not_reported,not_required,,2,True,True,True,,
28107773,4444468,CHEMBL5905667,CHEMBL5905667,O=C(Cc1cn(-c2cnc(C(F)(F)F)nc2)nc1Cl)N[C@@H]1CC[C@@H]1S(=O)(=O)c1ccc(F)cc1,CHEMBL5735742,CHEMBL5727953,2020,40.3,nM,7.394694953858891,7.39,-0.004694953858891182,calcium_fluorescence,cinnamaldehyde,cinnamaldehyde,EC80,75.0,CHO,20.0,,compound_before_agonist,human | not_reported | calcium_fluorescence | cinnamaldehyde | EC80 | 75 | CHO | compound_before_agonist | 20,9,,0,not_reported,not_required,,2,True,True,True,,
28107776,4444469,CHEMBL5860851,CHEMBL5860851,COc1nn(-c2cnc(C(F)(F)F)nc2)cc1CC(=O)N[C@@H]1CC[C@@H]1S(=O)(=O)c1ccc(F)cc1,CHEMBL5735742,CHEMBL5727953,2020,246.0,nM,6.609064892896621,6.61,0.0009351071033796288,calcium_fluorescence,cinnamaldehyde,cinnamaldehyde,EC80,75.0,CHO,20.0,,compound_before_agonist,human | not_reported | calcium_fluorescence | cinnamaldehyde | EC80 | 75 | CHO | compound_before_agonist | 20,9,,0,not_reported,not_required,,1,False,True,True,,
28107779,4444470,CHEMBL5772246,CHEMBL5772246,O=C(Cc1cn(-c2cnc(C(F)(F)F)nc2)nc1C(F)F)N[C@@H]1CC[C@@H]1S(=O)(=O)c1ccc(F)cc1,CHEMBL5735742,CHEMBL5727953,2020,35.2,nM,7.453457336521869,7.45,-0.003457336521869081,calcium_fluorescence,cinnamaldehyde,cinnamaldehyde,EC80,75.0,CHO,20.0,,compound_before_agonist,human | not_reported | calcium_fluorescence | cinnamaldehyde | EC80 | 75 | CHO | compound_before_agonist | 20,9,,0,not_reported,not_required,,2,True,True,True,,
28107782,4444471,CHEMBL5949672,CHEMBL5949672,COc1nn(-c2ccc(C(F)F)cc2)cc1CC(=O)N[C@@H]1CC[C@@H]1S(=O)(=O)c1ccc(F)cc1,CHEMBL5735742,CHEMBL5727953,2020,43.6,nM,7.360513510731414,7.36,-0.0005135107314133691,calcium_fluorescence,cinnamaldehyde,cinnamaldehyde,EC80,75.0,CHO,20.0,,compound_before_agonist,human | not_reported | calcium_fluorescence | cinnamaldehyde | EC80 | 75 | CHO | compound_before_agonist | 20,9,,0,not_reported,not_required,,1,False,True,True,,
28107785,4444472,CHEMBL5998282,CHEMBL5998282,O=C(Cn1cc(-c2ccc(C(F)(F)F)cc2)cn1)N[C@@H]1CC[C@@H]1S(=O)(=O)c1ccc(F)cc1,CHEMBL5735742,CHEMBL5727953,2020,200.0,nM,6.698970004336019,6.7,0.0010299956639814312,calcium_fluorescence,cinnamaldehyde,cinnamaldehyde,EC80,75.0,CHO,20.0,,compound_before_agonist,human | not_reported | calcium_fluorescence | cinnamaldehyde | EC80 | 75 | CHO | compound_before_agonist | 20,9,,0,not_reported,not_required,,1,False,True,True,,
28107788,4444473,CHEMBL5833223,CHEMBL5833223,COc1nn(-c2ccc(C(F)(F)F)nc2)cc1CC(=O)NC1CCC1S(=O)(=O)c1ccc(F)cc1,CHEMBL5735742,CHEMBL5727953,2020,213.0,nM,6.671620396561263,6.67,-0.0016203965612628934,calcium_fluorescence,cinnamaldehyde,cinnamaldehyde,EC80,75.0,CHO,20.0,,compound_before_agonist,human | not_reported | calcium_fluorescence | cinnamaldehyde | EC80 | 75 | CHO | compound_before_agonist | 20,9,,0,not_reported,not_required,,1,False,True,True,,
28107791,4444474,CHEMBL5984897,CHEMBL5984897,COc1nn(-c2ccc(C(F)(F)F)nc2)cc1CC(=O)N[C@@H]1CC[C@@H]1S(=O)(=O)c1ccc(F)cc1,CHEMBL5735742,CHEMBL5727953,2020,18.5,nM,7.732828271596986,7.73,-0.002828271596985843,calcium_fluorescence,cinnamaldehyde,cinnamaldehyde,EC80,75.0,CHO,20.0,,compound_before_agonist,human | not_reported | calcium_fluorescence | cinnamaldehyde | EC80 | 75 | CHO | compound_before_agonist | 20,9,,0,not_reported,not_required,,2,True,True,True,,
28107794,4444475,CHEMBL5753999,CHEMBL5753999,COc1nn(-c2ccc(C(F)(F)F)cc2)cc1CC(=O)N[C@@H]1CC[C@@H]1S(=O)(=O)c1ccc(F)cc1,CHEMBL5735742,CHEMBL5727953,2020,5.2,nM,8.2839966563652,8.28,-0.00399665636520119,calcium_fluorescence,cinnamaldehyde,cinnamaldehyde,EC80,75.0,CHO,20.0,,compound_before_agonist,human | not_reported | calcium_fluorescence | cinnamaldehyde | EC80 | 75 | CHO | compound_before_agonist | 20,9,,0,not_reported,not_required,,2,True,True,True,,
28107797,4444476,CHEMBL6007194,CHEMBL6007194,O=C(NCc1cc(-c2ccc(C(F)(F)F)nc2)ncc1Cl)[C@@H]1CC[C@@H]1S(=O)(=O)c1ccc(F)cc1,CHEMBL5735742,CHEMBL5727953,2020,140.0,nM,6.853871964321762,6.85,-0.003871964321762178,calcium_fluorescence,cinnamaldehyde,cinnamaldehyde,EC80,75.0,CHO,20.0,,compound_before_agonist,human | not_reported | calcium_fluorescence | cinnamaldehyde | EC80 | 75 | CHO | compound_before_agonist | 20,9,,0,not_reported,not_required,,1,False,True,True,,
28107800,4444477,CHEMBL5984284,CHEMBL5984284,O=C(NCc1cn(-c2cnc(C(F)(F)F)nc2)nc1C(F)F)[C@@H]1CC[C@@H]1S(=O)(=O)c1ccc(F)cc1,CHEMBL5735742,CHEMBL5727953,2020,162.0,nM,6.790484985457369,6.79,-0.0004849854573691914,calcium_fluorescence,cinnamaldehyde,cinnamaldehyde,EC80,75.0,CHO,20.0,,compound_before_agonist,human | not_reported | calcium_fluorescence | cinnamaldehyde | EC80 | 75 | CHO | compound_before_agonist | 20,9,,0,not_reported,not_required,,1,False,True,True,,
28107803,4444462,CHEMBL5883435,CHEMBL5883435,O=C(NCc1cn(-c2ccc(C(F)(F)F)cc2)nc1C(F)F)[C@@H]1CC[C@@H]1S(=O)(=O)c1ccc(F)cc1,CHEMBL5735742,CHEMBL5727953,2020,24.2,nM,7.616184634019569,7.62,0.0038153659804311957,calcium_fluorescence,cinnamaldehyde,cinnamaldehyde,EC80,75.0,CHO,20.0,,compound_before_agonist,human | not_reported | calcium_fluorescence | cinnamaldehyde | EC80 | 75 | CHO | compound_before_agonist | 20,9,,0,not_reported,not_required,,4,True,True,True,,
28107806,4444478,CHEMBL6009891,CHEMBL6009891,O=C(NCc1cn(-c2ccc(C(F)(F)F)cc2)nc1C(F)F)C1CCC1S(=O)(=O)c1ccc(F)cc1,CHEMBL5735742,CHEMBL5727953,2020,96.0,nM,7.017728766960431,7.02,0.0022712330395684432,calcium_fluorescence,cinnamaldehyde,cinnamaldehyde,EC80,75.0,CHO,20.0,,compound_before_agonist,human | not_reported | calcium_fluorescence | cinnamaldehyde | EC80 | 75 | CHO | compound_before_agonist | 20,9,,0,not_reported,not_required,,1,False,True,True,,
28107809,4444479,CHEMBL5930880,CHEMBL5930880,O=C(NCc1ccc(F)c(-c2cnc(C(F)(F)F)nc2)c1)[C@@H]1CC[C@@H]1S(=O)(=O)c1ccc(F)cc1,CHEMBL5735742,CHEMBL5727953,2020,159.0,nM,6.798602875679549,6.8,0.0013971243204506933,calcium_fluorescence,cinnamaldehyde,cinnamaldehyde,EC80,75.0,CHO,20.0,,compound_before_agonist,human | not_reported | calcium_fluorescence | cinnamaldehyde | EC80 | 75 | CHO | compound_before_agonist | 20,9,,0,not_reported,not_required,,1,False,True,True,,
28107812,4444480,CHEMBL5760074,CHEMBL5760074,O=C(NCc1cn(-c2ccc(C(F)(F)F)nc2)nc1C(F)F)[C@@H]1CC[C@@H]1S(=O)(=O)c1ccc(F)cc1,CHEMBL5735742,CHEMBL5727953,2020,98.4,nM,7.007004901568658,7.01,0.002995098431341603,calcium_fluorescence,cinnamaldehyde,cinnamaldehyde,EC80,75.0,CHO,20.0,,compound_before_agonist,human | not_reported | calcium_fluorescence | cinnamaldehyde | EC80 | 75 | CHO | compound_before_agonist | 20,9,,0,not_reported,not_required,,1,False,True,True,,
28107815,4444481,CHEMBL5968237,CHEMBL5968237,O=C(NCc1cc(-c2cccc(C(F)(F)F)c2)ncn1)[C@@H]1CC[C@@H]1S(=O)(=O)c1ccc(F)cc1,CHEMBL5735742,CHEMBL5727953,2020,386.0,nM,6.413412695328245,6.41,-0.0034126953282447303,calcium_fluorescence,cinnamaldehyde,cinnamaldehyde,EC80,75.0,CHO,20.0,,compound_before_agonist,human | not_reported | calcium_fluorescence | cinnamaldehyde | EC80 | 75 | CHO | compound_before_agonist | 20,9,,0,not_reported,not_required,,1,False,True,True,,
28107818,4444482,CHEMBL5888715,CHEMBL5888715,COc1nn(-c2ccc(C(F)(F)F)cc2)cc1CNC(=O)C1CCC1(C)S(=O)(=O)c1ccc(F)cc1,CHEMBL5735742,CHEMBL5727953,2020,71.7,nM,7.1444808443322,7.14,-0.00448084433220064,calcium_fluorescence,cinnamaldehyde,cinnamaldehyde,EC80,75.0,CHO,20.0,,compound_before_agonist,human | not_reported | calcium_fluorescence | cinnamaldehyde | EC80 | 75 | CHO | compound_before_agonist | 20,9,,0,not_reported,not_required,,3,True,True,True,,
28107821,4444482,CHEMBL5888715,CHEMBL5888715,COc1nn(-c2ccc(C(F)(F)F)cc2)cc1CNC(=O)C1CCC1(C)S(=O)(=O)c1ccc(F)cc1,CHEMBL5735742,CHEMBL5727953,2020,38.0,nM,7.42021640338319,7.42,-0.0002164033831899559,calcium_fluorescence,cinnamaldehyde,cinnamaldehyde,EC80,75.0,CHO,20.0,,compound_before_agonist,human | not_reported | calcium_fluorescence | cinnamaldehyde | EC80 | 75 | CHO | compound_before_agonist | 20,9,,0,not_reported,not_required,,3,True,True,True,,
28107824,4444483,CHEMBL5931223,CHEMBL5931223,O=C(NCc1cn(-c2ccc(C(F)(F)F)nc2)nc1C(F)(F)F)[C@@H]1CC[C@@H]1S(=O)(=O)c1ccc(F)cc1,CHEMBL5735742,CHEMBL5727953,2020,41.5,nM,7.3819519032879075,7.38,-0.0019519032879076192,calcium_fluorescence,cinnamaldehyde,cinnamaldehyde,EC80,75.0,CHO,20.0,,compound_before_agonist,human | not_reported | calcium_fluorescence | cinnamaldehyde | EC80 | 75 | CHO | compound_before_agonist | 20,9,,0,not_reported,not_required,,2,True,True,True,,
28107827,4444484,CHEMBL5788146,CHEMBL5788146,O=C(NCc1cn(-c2ccc(C(F)(F)F)nc2)nc1C(F)(F)F)C1CCC1S(=O)(=O)c1ccc(F)cc1,CHEMBL5735742,CHEMBL5727953,2020,192.0,nM,6.71669877129645,6.72,0.0033012287035498744,calcium_fluorescence,cinnamaldehyde,cinnamaldehyde,EC80,75.0,CHO,20.0,,compound_before_agonist,human | not_reported | calcium_fluorescence | cinnamaldehyde | EC80 | 75 | CHO | compound_before_agonist | 20,9,,0,not_reported,not_required,,2,True,True,True,,
28107830,4444484,CHEMBL5788146,CHEMBL5788146,O=C(NCc1cn(-c2ccc(C(F)(F)F)nc2)nc1C(F)(F)F)C1CCC1S(=O)(=O)c1ccc(F)cc1,CHEMBL5735742,CHEMBL5727953,2020,90.2,nM,7.044793462458058,7.04,-0.0047934624580578955,calcium_fluorescence,cinnamaldehyde,cinnamaldehyde,EC80,75.0,CHO,20.0,,compound_before_agonist,human | not_reported | calcium_fluorescence | cinnamaldehyde | EC80 | 75 | CHO | compound_before_agonist | 20,9,,0,not_reported,not_required,,2,True,True,True,,
28107833,4444485,CHEMBL5799192,CHEMBL5799192,O=C(NCc1cc(-c2ccc(C(F)(F)F)cc2)ncn1)[C@@H]1CC[C@@H]1S(=O)(=O)c1ccc(F)cc1,CHEMBL5735742,CHEMBL5727953,2020,113.0,nM,6.94692155651658,6.95,0.0030784434834201235,calcium_fluorescence,cinnamaldehyde,cinnamaldehyde,EC80,75.0,CHO,20.0,,compound_before_agonist,human | not_reported | calcium_fluorescence | cinnamaldehyde | EC80 | 75 | CHO | compound_before_agonist | 20,9,,0,not_reported,not_required,,1,False,True,True,,
28107836,4444486,CHEMBL5877044,CHEMBL5877044,O=C(NCc1cn(-c2ccc(C(F)(F)F)cc2)nc1Cl)[C@@H]1CC[C@@H]1S(=O)(=O)c1ccc(F)cc1,CHEMBL5735742,CHEMBL5727953,2020,19.4,nM,7.7121982700697735,7.71,-0.002198270069773578,calcium_fluorescence,cinnamaldehyde,cinnamaldehyde,EC80,75.0,CHO,20.0,,compound_before_agonist,human | not_reported | calcium_fluorescence | cinnamaldehyde | EC80 | 75 | CHO | compound_before_agonist | 20,9,,0,not_reported,not_required,,2,True,True,True,,
28107839,4444487,CHEMBL6008445,CHEMBL6008445,O=C(NCc1cn(-c2ccc(C(F)(F)F)cc2)nc1Cl)C1CCC1S(=O)(=O)c1ccc(F)cc1,CHEMBL5735742,CHEMBL5727953,2020,65.8,nM,7.181774106386045,7.18,-0.0017741063860450268,calcium_fluorescence,cinnamaldehyde,cinnamaldehyde,EC80,75.0,CHO,20.0,,compound_before_agonist,human | not_reported | calcium_fluorescence | cinnamaldehyde | EC80 | 75 | CHO | compound_before_agonist | 20,9,,0,not_reported,not_required,,2,True,True,True,,
28107842,4444487,CHEMBL6008445,CHEMBL6008445,O=C(NCc1cn(-c2ccc(C(F)(F)F)cc2)nc1Cl)C1CCC1S(=O)(=O)c1ccc(F)cc1,CHEMBL5735742,CHEMBL5727953,2020,56.7,nM,7.246416941107094,7.25,0.0035830588929064433,calcium_fluorescence,cinnamaldehyde,cinnamaldehyde,EC80,75.0,CHO,20.0,,compound_before_agonist,human | not_reported | calcium_fluorescence | cinnamaldehyde | EC80 | 75 | CHO | compound_before_agonist | 20,9,,0,not_reported,not_required,,2,True,True,True,,
28107845,4444488,CHEMBL6057116,CHEMBL6057116,CC1(C(=O)NCc2cn(-c3ccc(C(F)(F)F)nc3)nc2Cl)CCCC1S(=O)(=O)c1ccc(F)cc1,CHEMBL5735742,CHEMBL5727953,2020,39.2,nM,7.406713932979542,7.41,0.0032860670204577502,calcium_fluorescence,cinnamaldehyde,cinnamaldehyde,EC80,75.0,CHO,20.0,,compound_before_agonist,human | not_reported | calcium_fluorescence | cinnamaldehyde | EC80 | 75 | CHO | compound_before_agonist | 20,9,,0,not_reported,not_required,,4,True,True,True,,
28107848,4444488,CHEMBL6057116,CHEMBL6057116,CC1(C(=O)NCc2cn(-c3ccc(C(F)(F)F)nc3)nc2Cl)CCCC1S(=O)(=O)c1ccc(F)cc1,CHEMBL5735742,CHEMBL5727953,2020,85.7,nM,7.0670191780768015,7.07,0.0029808219231988176,calcium_fluorescence,cinnamaldehyde,cinnamaldehyde,EC80,75.0,CHO,20.0,,compound_before_agonist,human | not_reported | calcium_fluorescence | cinnamaldehyde | EC80 | 75 | CHO | compound_before_agonist | 20,9,,0,not_reported,not_required,,4,True,True,True,,
28107851,4444488,CHEMBL6057116,CHEMBL6057116,CC1(C(=O)NCc2cn(-c3ccc(C(F)(F)F)nc3)nc2Cl)CCCC1S(=O)(=O)c1ccc(F)cc1,CHEMBL5735742,CHEMBL5727953,2020,88.5,nM,7.053056729302175,7.05,-0.003056729302175043,calcium_fluorescence,cinnamaldehyde,cinnamaldehyde,EC80,75.0,CHO,20.0,,compound_before_agonist,human | not_reported | calcium_fluorescence | cinnamaldehyde | EC80 | 75 | CHO | compound_before_agonist | 20,9,,0,not_reported,not_required,,4,True,True,True,,
28107854,4444489,CHEMBL5754580,CHEMBL5754580,COc1nn(-c2ccc(C(F)(F)F)nc2)cc1CNC(=O)C1(C)CCCC1S(=O)(=O)c1ccc(F)cc1,CHEMBL5735742,CHEMBL5727953,2020,33.1,nM,7.480172006224281,7.48,-0.00017200622428070744,calcium_fluorescence,cinnamaldehyde,cinnamaldehyde,EC80,75.0,CHO,20.0,,compound_before_agonist,human | not_reported | calcium_fluorescence | cinnamaldehyde | EC80 | 75 | CHO | compound_before_agonist | 20,9,,0,not_reported,not_required,,4,True,True,True,,
28107857,4444489,CHEMBL5754580,CHEMBL5754580,COc1nn(-c2ccc(C(F)(F)F)nc2)cc1CNC(=O)C1(C)CCCC1S(=O)(=O)c1ccc(F)cc1,CHEMBL5735742,CHEMBL5727953,2020,199.0,nM,6.701146923590294,6.7,-0.0011469235902934471,calcium_fluorescence,cinnamaldehyde,cinnamaldehyde,EC80,75.0,CHO,20.0,,compound_before_agonist,human | not_reported | calcium_fluorescence | cinnamaldehyde | EC80 | 75 | CHO | compound_before_agonist | 20,9,,0,not_reported,not_required,,4,True,True,True,,
28107860,4444489,CHEMBL5754580,CHEMBL5754580,COc1nn(-c2ccc(C(F)(F)F)nc2)cc1CNC(=O)C1(C)CCCC1S(=O)(=O)c1ccc(F)cc1,CHEMBL5735742,CHEMBL5727953,2020,62.2,nM,7.206209615309181,7.21,0.0037903846908191596,calcium_fluorescence,cinnamaldehyde,cinnamaldehyde,EC80,75.0,CHO,20.0,,compound_before_agonist,human | not_reported | calcium_fluorescence | cinnamaldehyde | EC80 | 75 | CHO | compound_before_agonist | 20,9,,0,not_reported,not_required,,4,True,True,True,,
28107863,4444466,CHEMBL5747523,CHEMBL5747523,CC1(C(=O)NCc2cn(-c3ccc(C(F)(F)F)cc3)nc2Cl)CCCC1S(=O)(=O)c1ccc(F)cc1,CHEMBL5735742,CHEMBL5727953,2020,23.9,nM,7.621602099051862,7.62,-0.0016020990518619271,calcium_fluorescence,cinnamaldehyde,cinnamaldehyde,EC80,75.0,CHO,20.0,,compound_before_agonist,human | not_reported | calcium_fluorescence | cinnamaldehyde | EC80 | 75 | CHO | compound_before_agonist | 20,9,,0,not_reported,not_required,,6,True,True,True,,
28107866,4444466,CHEMBL5747523,CHEMBL5747523,CC1(C(=O)NCc2cn(-c3ccc(C(F)(F)F)cc3)nc2Cl)CCCC1S(=O)(=O)c1ccc(F)cc1,CHEMBL5735742,CHEMBL5727953,2020,47.1,nM,7.326979092871104,7.33,0.0030209071288958,calcium_fluorescence,cinnamaldehyde,cinnamaldehyde,EC80,75.0,CHO,20.0,,compound_before_agonist,human | not_reported | calcium_fluorescence | cinnamaldehyde | EC80 | 75 | CHO | compound_before_agonist | 20,9,,0,not_reported,not_required,,6,True,True,True,,
28107869,4444490,CHEMBL5835247,CHEMBL5835247,COc1nn(-c2ccc(C(F)(F)F)nc2)cc1CNC(=O)C1CCCC1S(=O)(=O)c1ccc(F)cc1,CHEMBL5735742,CHEMBL5727953,2020,218.0,nM,6.661543506395395,6.66,-0.0015435063953948003,calcium_fluorescence,cinnamaldehyde,cinnamaldehyde,EC80,75.0,CHO,20.0,,compound_before_agonist,human | not_reported | calcium_fluorescence | cinnamaldehyde | EC80 | 75 | CHO | compound_before_agonist | 20,9,,0,not_reported,not_required,,1,False,True,True,,
28107872,4444491,CHEMBL5827645,CHEMBL5827645,COc1nn(-c2ccc(C(F)(F)F)nc2)cc1CNC(=O)[C@@H]1CCC[C@@H]1S(=O)(=O)c1ccc(F)cc1,CHEMBL5735742,CHEMBL5727953,2020,159.0,nM,6.798602875679549,6.8,0.0013971243204506933,calcium_fluorescence,cinnamaldehyde,cinnamaldehyde,EC80,75.0,CHO,20.0,,compound_before_agonist,human | not_reported | calcium_fluorescence | cinnamaldehyde | EC80 | 75 | CHO | compound_before_agonist | 20,9,,0,not_reported,not_required,,1,False,True,True,,
28107875,4444492,CHEMBL5767216,CHEMBL5767216,O=C(NCc1cn(-c2ccc(C(F)(F)F)nc2)nc1C(F)(F)F)[C@@H]1CCCC1S(=O)(=O)c1ccc(F)cc1,CHEMBL5735742,CHEMBL5727953,2020,40.4,nM,7.393618634889395,7.39,-0.003618634889395622,calcium_fluorescence,cinnamaldehyde,cinnamaldehyde,EC80,75.0,CHO,20.0,,compound_before_agonist,human | not_reported | calcium_fluorescence | cinnamaldehyde | EC80 | 75 | CHO | compound_before_agonist | 20,9,,0,not_reported,not_required,,1,False,True,True,,
28107878,4444493,CHEMBL5941790,CHEMBL5941790,O=C(NCc1cn(-c2ccc(C(F)(F)F)cc2)nc1Cl)C1CCCC1S(=O)(=O)c1ccc(F)cc1,CHEMBL5735742,CHEMBL5727953,2020,45.5,nM,7.341988603342887,7.34,-0.0019886033428875294,calcium_fluorescence,cinnamaldehyde,cinnamaldehyde,EC80,75.0,CHO,20.0,,compound_before_agonist,human | not_reported | calcium_fluorescence | cinnamaldehyde | EC80 | 75 | CHO | compound_before_agonist | 20,9,,0,not_reported,not_required,,2,True,True,True,,
28107881,4444494,CHEMBL5963594,CHEMBL5963594,O=C(NCc1cn(-c2ccc(C(F)(F)F)cc2)nc1Cl)[C@@H]1CCC[C@@H]1S(=O)(=O)c1ccc(F)cc1,CHEMBL5735742,CHEMBL5727953,2020,38.9,nM,7.410050398674292,7.41,-5.03986742916851e-05,calcium_fluorescence,cinnamaldehyde,cinnamaldehyde,EC80,75.0,CHO,20.0,,compound_before_agonist,human | not_reported | calcium_fluorescence | cinnamaldehyde | EC80 | 75 | CHO | compound_before_agonist | 20,9,,0,not_reported,not_required,,2,True,True,True,,
28113182,4444475,CHEMBL5753999,CHEMBL5753999,COc1nn(-c2ccc(C(F)(F)F)cc2)cc1CC(=O)N[C@@H]1CC[C@@H]1S(=O)(=O)c1ccc(F)cc1,CHEMBL5735742,CHEMBL5727953,2020,5.2,nM,8.2839966563652,8.28,-0.00399665636520119,calcium_fluorescence,cinnamaldehyde,cinnamaldehyde,EC80,75.0,CHO,20.0,,compound_before_agonist,human | not_reported | calcium_fluorescence | cinnamaldehyde | EC80 | 75 | CHO | compound_before_agonist | 20,9,,0,not_reported,not_required,,2,True,True,True,,
28113185,4444464,CHEMBL5742797,CHEMBL5742797,O=C(Cc1cn(-c2cnc(C(F)(F)F)nc2)nc1C(F)(F)F)N[C@@H]1CC[C@@H]1S(=O)(=O)c1ccc(F)cc1,CHEMBL5735742,CHEMBL5727953,2020,7.88,nM,8.103473782510445,8.1,-0.003473782510445389,calcium_fluorescence,cinnamaldehyde,cinnamaldehyde,EC80,75.0,CHO,20.0,,compound_before_agonist,human | not_reported | calcium_fluorescence | cinnamaldehyde | EC80 | 75 | CHO | compound_before_agonist | 20,9,,0,not_reported,not_required,,2,True,True,True,,
28113188,4444466,CHEMBL5747523,CHEMBL5747523,CC1(C(=O)NCc2cn(-c3ccc(C(F)(F)F)cc3)nc2Cl)CCCC1S(=O)(=O)c1ccc(F)cc1,CHEMBL5735742,CHEMBL5727953,2020,8.79,nM,8.056011124926227,8.06,0.003988875073773102,calcium_fluorescence,cinnamaldehyde,cinnamaldehyde,EC80,75.0,CHO,20.0,,compound_before_agonist,human | not_reported | calcium_fluorescence | cinnamaldehyde | EC80 | 75 | CHO | compound_before_agonist | 20,9,,0,not_reported,not_required,,6,True,True,True,,
28113191,4444474,CHEMBL5984897,CHEMBL5984897,COc1nn(-c2ccc(C(F)(F)F)nc2)cc1CC(=O)N[C@@H]1CC[C@@H]1S(=O)(=O)c1ccc(F)cc1,CHEMBL5735742,CHEMBL5727953,2020,18.5,nM,7.732828271596986,7.73,-0.002828271596985843,calcium_fluorescence,cinnamaldehyde,cinnamaldehyde,EC80,75.0,CHO,20.0,,compound_before_agonist,human | not_reported | calcium_fluorescence | cinnamaldehyde | EC80 | 75 | CHO | compound_before_agonist | 20,9,,0,not_reported,not_required,,2,True,True,True,,
28113194,4444486,CHEMBL5877044,CHEMBL5877044,O=C(NCc1cn(-c2ccc(C(F)(F)F)cc2)nc1Cl)[C@@H]1CC[C@@H]1S(=O)(=O)c1ccc(F)cc1,CHEMBL5735742,CHEMBL5727953,2020,19.4,nM,7.7121982700697735,7.71,-0.002198270069773578,calcium_fluorescence,cinnamaldehyde,cinnamaldehyde,EC80,75.0,CHO,20.0,,compound_before_agonist,human | not_reported | calcium_fluorescence | cinnamaldehyde | EC80 | 75 | CHO | compound_before_agonist | 20,9,,0,not_reported,not_required,,2,True,True,True,,
28113197,4444465,CHEMBL5866810,CHEMBL5866810,O=C(NCc1cn(-c2ccc(C(F)(F)F)nc2)nc1C(F)(F)F)[C@@H]1CCC[C@@H]1S(=O)(=O)c1ccc(F)cc1,CHEMBL5735742,CHEMBL5727953,2020,21.8,nM,7.661543506395395,7.66,-0.0015435063953948003,calcium_fluorescence,cinnamaldehyde,cinnamaldehyde,EC80,75.0,CHO,20.0,,compound_before_agonist,human | not_reported | calcium_fluorescence | cinnamaldehyde | EC80 | 75 | CHO | compound_before_agonist | 20,9,,0,not_reported,not_required,,3,True,True,True,,
28113200,4444466,CHEMBL5747523,CHEMBL5747523,CC1(C(=O)NCc2cn(-c3ccc(C(F)(F)F)cc3)nc2Cl)CCCC1S(=O)(=O)c1ccc(F)cc1,CHEMBL5735742,CHEMBL5727953,2020,23.9,nM,7.621602099051862,7.62,-0.0016020990518619271,calcium_fluorescence,cinnamaldehyde,cinnamaldehyde,EC80,75.0,CHO,20.0,,compound_before_agonist,human | not_reported | calcium_fluorescence | cinnamaldehyde | EC80 | 75 | CHO | compound_before_agonist | 20,9,,0,not_reported,not_required,,6,True,True,True,,
28113203,4444462,CHEMBL5883435,CHEMBL5883435,O=C(NCc1cn(-c2ccc(C(F)(F)F)cc2)nc1C(F)F)[C@@H]1CC[C@@H]1S(=O)(=O)c1ccc(F)cc1,CHEMBL5735742,CHEMBL5727953,2020,24.2,nM,7.616184634019569,7.62,0.0038153659804311957,calcium_fluorescence,cinnamaldehyde,cinnamaldehyde,EC80,75.0,CHO,20.0,,compound_before_agonist,human | not_reported | calcium_fluorescence | cinnamaldehyde | EC80 | 75 | CHO | compound_before_agonist | 20,9,,0,not_reported,not_required,,4,True,True,True,,
28113206,4444489,CHEMBL5754580,CHEMBL5754580,COc1nn(-c2ccc(C(F)(F)F)nc2)cc1CNC(=O)C1(C)CCCC1S(=O)(=O)c1ccc(F)cc1,CHEMBL5735742,CHEMBL5727953,2020,33.1,nM,7.480172006224281,7.48,-0.00017200622428070744,calcium_fluorescence,cinnamaldehyde,cinnamaldehyde,EC80,75.0,CHO,20.0,,compound_before_agonist,human | not_reported | calcium_fluorescence | cinnamaldehyde | EC80 | 75 | CHO | compound_before_agonist | 20,9,,0,not_reported,not_required,,4,True,True,True,,
28113209,4444462,CHEMBL5883435,CHEMBL5883435,O=C(NCc1cn(-c2ccc(C(F)(F)F)cc2)nc1C(F)F)[C@@H]1CC[C@@H]1S(=O)(=O)c1ccc(F)cc1,CHEMBL5735742,CHEMBL5727953,2020,34.6,nM,7.460923901207224,7.46,-0.0009239012072237429,calcium_fluorescence,cinnamaldehyde,cinnamaldehyde,EC80,75.0,CHO,20.0,,compound_before_agonist,human | not_reported | calcium_fluorescence | cinnamaldehyde | EC80 | 75 | CHO | compound_before_agonist | 20,9,,0,not_reported,not_required,,4,True,True,True,,
28113212,4444470,CHEMBL5772246,CHEMBL5772246,O=C(Cc1cn(-c2cnc(C(F)(F)F)nc2)nc1C(F)F)N[C@@H]1CC[C@@H]1S(=O)(=O)c1ccc(F)cc1,CHEMBL5735742,CHEMBL5727953,2020,35.2,nM,7.453457336521869,7.45,-0.003457336521869081,calcium_fluorescence,cinnamaldehyde,cinnamaldehyde,EC80,75.0,CHO,20.0,,compound_before_agonist,human | not_reported | calcium_fluorescence | cinnamaldehyde | EC80 | 75 | CHO | compound_before_agonist | 20,9,,0,not_reported,not_required,,2,True,True,True,,
28113215,4444482,CHEMBL5888715,CHEMBL5888715,COc1nn(-c2ccc(C(F)(F)F)cc2)cc1CNC(=O)C1CCC1(C)S(=O)(=O)c1ccc(F)cc1,CHEMBL5735742,CHEMBL5727953,2020,38.0,nM,7.42021640338319,7.42,-0.0002164033831899559,calcium_fluorescence,cinnamaldehyde,cinnamaldehyde,EC80,75.0,CHO,20.0,,compound_before_agonist,human | not_reported | calcium_fluorescence | cinnamaldehyde | EC80 | 75 | CHO | compound_before_agonist | 20,9,,0,not_reported,not_required,,3,True,True,True,,
28113218,4444494,CHEMBL5963594,CHEMBL5963594,O=C(NCc1cn(-c2ccc(C(F)(F)F)cc2)nc1Cl)[C@@H]1CCC[C@@H]1S(=O)(=O)c1ccc(F)cc1,CHEMBL5735742,CHEMBL5727953,2020,38.9,nM,7.410050398674292,7.41,-5.03986742916851e-05,calcium_fluorescence,cinnamaldehyde,cinnamaldehyde,EC80,75.0,CHO,20.0,,compound_before_agonist,human | not_reported | calcium_fluorescence | cinnamaldehyde | EC80 | 75 | CHO | compound_before_agonist | 20,9,,0,not_reported,not_required,,2,True,True,True,,
28113221,4444488,CHEMBL6057116,CHEMBL6057116,CC1(C(=O)NCc2cn(-c3ccc(C(F)(F)F)nc3)nc2Cl)CCCC1S(=O)(=O)c1ccc(F)cc1,CHEMBL5735742,CHEMBL5727953,2020,39.2,nM,7.406713932979542,7.41,0.0032860670204577502,calcium_fluorescence,cinnamaldehyde,cinnamaldehyde,EC80,75.0,CHO,20.0,,compound_before_agonist,human | not_reported | calcium_fluorescence | cinnamaldehyde | EC80 | 75 | CHO | compound_before_agonist | 20,9,,0,not_reported,not_required,,4,True,True,True,,
28113224,4444468,CHEMBL5905667,CHEMBL5905667,O=C(Cc1cn(-c2cnc(C(F)(F)F)nc2)nc1Cl)N[C@@H]1CC[C@@H]1S(=O)(=O)c1ccc(F)cc1,CHEMBL5735742,CHEMBL5727953,2020,40.3,nM,7.394694953858891,7.39,-0.004694953858891182,calcium_fluorescence,cinnamaldehyde,cinnamaldehyde,EC80,75.0,CHO,20.0,,compound_before_agonist,human | not_reported | calcium_fluorescence | cinnamaldehyde | EC80 | 75 | CHO | compound_before_agonist | 20,9,,0,not_reported,not_required,,2,True,True,True,,
28113227,4444465,CHEMBL5866810,CHEMBL5866810,O=C(NCc1cn(-c2ccc(C(F)(F)F)nc2)nc1C(F)(F)F)[C@@H]1CCC[C@@H]1S(=O)(=O)c1ccc(F)cc1,CHEMBL5735742,CHEMBL5727953,2020,40.4,nM,7.393618634889395,7.39,-0.003618634889395622,calcium_fluorescence,cinnamaldehyde,cinnamaldehyde,EC80,75.0,CHO,20.0,,compound_before_agonist,human | not_reported | calcium_fluorescence | cinnamaldehyde | EC80 | 75 | CHO | compound_before_agonist | 20,9,,0,not_reported,not_required,,3,True,True,True,,
28113230,4444483,CHEMBL5931223,CHEMBL5931223,O=C(NCc1cn(-c2ccc(C(F)(F)F)nc2)nc1C(F)(F)F)[C@@H]1CC[C@@H]1S(=O)(=O)c1ccc(F)cc1,CHEMBL5735742,CHEMBL5727953,2020,41.5,nM,7.3819519032879075,7.38,-0.0019519032879076192,calcium_fluorescence,cinnamaldehyde,cinnamaldehyde,EC80,75.0,CHO,20.0,,compound_before_agonist,human | not_reported | calcium_fluorescence | cinnamaldehyde | EC80 | 75 | CHO | compound_before_agonist | 20,9,,0,not_reported,not_required,,2,True,True,True,,
28113233,4444493,CHEMBL5941790,CHEMBL5941790,O=C(NCc1cn(-c2ccc(C(F)(F)F)cc2)nc1Cl)C1CCCC1S(=O)(=O)c1ccc(F)cc1,CHEMBL5735742,CHEMBL5727953,2020,45.5,nM,7.341988603342887,7.34,-0.0019886033428875294,calcium_fluorescence,cinnamaldehyde,cinnamaldehyde,EC80,75.0,CHO,20.0,,compound_before_agonist,human | not_reported | calcium_fluorescence | cinnamaldehyde | EC80 | 75 | CHO | compound_before_agonist | 20,9,,0,not_reported,not_required,,2,True,True,True,,
28113236,4444467,CHEMBL5847488,CHEMBL5847488,O=C(Cc1cn(-c2cnc(C(F)(F)F)nc2)nc1C1CC1)N[C@@H]1CC[C@@H]1S(=O)(=O)c1ccc(F)cc1,CHEMBL5735742,CHEMBL5727953,2020,46.9,nM,7.328827157284917,7.33,0.001172842715083,calcium_fluorescence,cinnamaldehyde,cinnamaldehyde,EC80,75.0,CHO,20.0,,compound_before_agonist,human | not_reported | calcium_fluorescence | cinnamaldehyde | EC80 | 75 | CHO | compound_before_agonist | 20,9,,0,not_reported,not_required,,2,True,True,True,,
28113239,4444466,CHEMBL5747523,CHEMBL5747523,CC1(C(=O)NCc2cn(-c3ccc(C(F)(F)F)cc3)nc2Cl)CCCC1S(=O)(=O)c1ccc(F)cc1,CHEMBL5735742,CHEMBL5727953,2020,47.1,nM,7.326979092871104,7.33,0.0030209071288958,calcium_fluorescence,cinnamaldehyde,cinnamaldehyde,EC80,75.0,CHO,20.0,,compound_before_agonist,human | not_reported | calcium_fluorescence | cinnamaldehyde | EC80 | 75 | CHO | compound_before_agonist | 20,9,,0,not_reported,not_required,,6,True,True,True,,
28242287,4474700,CHEMBL5805790,CHEMBL5805790,Cn1cnc2ncn(Cc3nn(CCc4ccc(Cl)cc4)c(=O)o3)c(=O)c21,CHEMBL5736402,CHEMBL5728262,2021,95.0,nM,7.022276394711152,7.02,-0.0022763947111528182,calcium_fluorescence,cinnamaldehyde,cinnamaldehyde,EC50,75.0,CHO,20.0,,compound_before_agonist,human | not_reported | calcium_fluorescence | cinnamaldehyde | EC50 | 75 | CHO | compound_before_agonist | 20,9,,0,not_reported,not_required,,1,False,True,True,,
28242290,4474701,CHEMBL5815789,CHEMBL5815789,Cn1cnc2ncn(Cc3nn(CCc4ccc(OC(F)F)cc4)c(=O)o3)c(=O)c21,CHEMBL5736402,CHEMBL5728262,2021,211.0,nM,6.675717544702307,6.68,0.004282455297692778,calcium_fluorescence,cinnamaldehyde,cinnamaldehyde,EC50,75.0,CHO,20.0,,compound_before_agonist,human | not_reported | calcium_fluorescence | cinnamaldehyde | EC50 | 75 | CHO | compound_before_agonist | 20,9,,0,not_reported,not_required,,1,False,True,True,,
28242293,4474702,CHEMBL5947600,CHEMBL5947600,Cn1cnc2ncn(Cc3nn(CCc4ccc(Br)cc4)c(=O)o3)c(=O)c21,CHEMBL5736402,CHEMBL5728262,2021,44.0,nM,7.356547323513812,7.36,0.0034526764861881887,calcium_fluorescence,cinnamaldehyde,cinnamaldehyde,EC50,75.0,CHO,20.0,,compound_before_agonist,human | not_reported | calcium_fluorescence | cinnamaldehyde | EC50 | 75 | CHO | compound_before_agonist | 20,9,,0,not_reported,not_required,,1,False,True,True,,
28242296,4474703,CHEMBL5918599,CHEMBL5918599,Cn1cnc2ncn(Cc3nn(CCc4ccccc4)c(=O)o3)c(=O)c21,CHEMBL5736402,CHEMBL5728262,2021,1055.0,nM,5.976747540366288,5.98,0.0032524596337122347,calcium_fluorescence,cinnamaldehyde,cinnamaldehyde,EC50,75.0,CHO,20.0,,compound_before_agonist,human | not_reported | calcium_fluorescence | cinnamaldehyde | EC50 | 75 | CHO | compound_before_agonist | 20,9,,0,not_reported,not_required,,1,False,True,True,,
28242299,4474704,CHEMBL6035547,CHEMBL6035547,Cn1cnc2ncn(Cc3nn(CCc4ccc(C#N)cc4)c(=O)o3)c(=O)c21,CHEMBL5736402,CHEMBL5728262,2021,1172.0,nM,5.9310723883179275,5.93,-0.001072388317927775,calcium_fluorescence,cinnamaldehyde,cinnamaldehyde,EC50,75.0,CHO,20.0,,compound_before_agonist,human | not_reported | calcium_fluorescence | cinnamaldehyde | EC50 | 75 | CHO | compound_before_agonist | 20,9,,0,not_reported,not_required,,1,False,True,True,,
28242302,4474705,CHEMBL5985158,CHEMBL5985158,Cc1cncc2ncn(Cc3nn(CCc4ccc(Cl)cc4)c(=O)o3)c(=O)c12,CHEMBL5736402,CHEMBL5728262,2021,13.0,nM,7.886056647693163,7.89,0.003943352306836623,calcium_fluorescence,cinnamaldehyde,cinnamaldehyde,EC50,75.0,CHO,20.0,,compound_before_agonist,human | not_reported | calcium_fluorescence | cinnamaldehyde | EC50 | 75 | CHO | compound_before_agonist | 20,9,,0,not_reported,not_required,,1,False,True,True,,
28242305,4474706,CHEMBL6022767,CHEMBL6022767,Cc1ccnc2ncn(Cc3nn(CCc4ccc(Cl)cc4)c(=O)o3)c(=O)c12,CHEMBL5736402,CHEMBL5728262,2021,12.0,nM,7.920818753952375,7.92,-0.0008187539523749621,calcium_fluorescence,cinnamaldehyde,cinnamaldehyde,EC50,75.0,CHO,20.0,,compound_before_agonist,human | not_reported | calcium_fluorescence | cinnamaldehyde | EC50 | 75 | CHO | compound_before_agonist | 20,9,,0,not_reported,not_required,,1,False,True,True,,
28242308,4474707,CHEMBL5782777,CHEMBL5782777,Cc1ccnc2ncn(Cc3nn(CCc4ccc(C#N)cc4)c(=O)o3)c(=O)c12,CHEMBL5736402,CHEMBL5728262,2021,166.0,nM,6.779891911959945,6.78,0.00010808804005524308,calcium_fluorescence,cinnamaldehyde,cinnamaldehyde,EC50,75.0,CHO,20.0,,compound_before_agonist,human | not_reported | calcium_fluorescence | cinnamaldehyde | EC50 | 75 | CHO | compound_before_agonist | 20,9,,0,not_reported,not_required,,1,False,True,True,,
28242311,4474708,CHEMBL5907774,CHEMBL5907774,Cn1cnc2ncn(Cc3nn(CCc4ccc(C(F)(F)F)cc4)c(=O)o3)c(=O)c21,CHEMBL5736402,CHEMBL5728262,2021,582.0,nM,6.235077015350111,6.24,0.004922984649889273,calcium_fluorescence,cinnamaldehyde,cinnamaldehyde,EC50,75.0,CHO,20.0,,compound_before_agonist,human | not_reported | calcium_fluorescence | cinnamaldehyde | EC50 | 75 | CHO | compound_before_agonist | 20,9,,0,not_reported,not_required,,1,False,True,True,,
28242314,4474709,CHEMBL6035619,CHEMBL6035619,Cn1cnc2ncn(Cc3nn(CCc4ccc(OC(F)(F)F)cc4)c(=O)o3)c(=O)c21,CHEMBL5736402,CHEMBL5728262,2021,86.0,nM,7.0655015487564325,7.07,0.004498451243567736,calcium_fluorescence,cinnamaldehyde,cinnamaldehyde,EC50,75.0,CHO,20.0,,compound_before_agonist,human | not_reported | calcium_fluorescence | cinnamaldehyde | EC50 | 75 | CHO | compound_before_agonist | 20,9,,0,not_reported,not_required,,1,False,True,True,,
28242317,4474710,CHEMBL5953819,CHEMBL5953819,COc1ccc(CCn2nc(Cn3cnc4ncn(C)c4c3=O)oc2=O)cc1,CHEMBL5736402,CHEMBL5728262,2021,278.0,nM,6.555955204081924,6.56,0.0040447959180758275,calcium_fluorescence,cinnamaldehyde,cinnamaldehyde,EC50,75.0,CHO,20.0,,compound_before_agonist,human | not_reported | calcium_fluorescence | cinnamaldehyde | EC50 | 75 | CHO | compound_before_agonist | 20,9,,0,not_reported,not_required,,1,False,True,True,,
28242320,4474711,CHEMBL5791721,CHEMBL5791721,Cn1cnc2ncn(Cc3nn(CCc4ccc5ccccc5c4)c(=O)o3)c(=O)c21,CHEMBL5736402,CHEMBL5728262,2021,41.0,nM,7.3872161432802645,7.39,0.002783856719735134,calcium_fluorescence,cinnamaldehyde,cinnamaldehyde,EC50,75.0,CHO,20.0,,compound_before_agonist,human | not_reported | calcium_fluorescence | cinnamaldehyde | EC50 | 75 | CHO | compound_before_agonist | 20,9,,0,not_reported,not_required,,1,False,True,True,,
28242323,4474712,CHEMBL5975142,CHEMBL5975142,Cc1nc(C)n2ncn(Cc3nn(CCc4ccc(Cl)cc4)c(=O)o3)c(=O)c12,CHEMBL5736402,CHEMBL5728262,2021,265.0,nM,6.576754126063192,6.58,0.0032458739368079748,calcium_fluorescence,cinnamaldehyde,cinnamaldehyde,EC50,75.0,CHO,20.0,,compound_before_agonist,human | not_reported | calcium_fluorescence | cinnamaldehyde | EC50 | 75 | CHO | compound_before_agonist | 20,9,,0,not_reported,not_required,,1,False,True,True,,
28242326,4474713,CHEMBL4863686,CHEMBL4863686,Cn1cnc2ncn(Cc3nn(C[C@H](F)c4ccc(Cl)cc4)c(=O)o3)c(=O)c21,CHEMBL5736402,CHEMBL5728262,2021,34.0,nM,7.468521082957745,7.47,0.0014789170422551123,calcium_fluorescence,cinnamaldehyde,cinnamaldehyde,EC50,75.0,CHO,20.0,,compound_before_agonist,human | not_reported | calcium_fluorescence | cinnamaldehyde | EC50 | 75 | CHO | compound_before_agonist | 20,9,,0,not_reported,not_required,,1,False,True,True,,
28242329,4474714,CHEMBL5958280,CHEMBL5958280,Cn1cnc2ncn(Cc3nn(C[C@@H](F)c4ccc(Cl)cc4)c(=O)o3)c(=O)c21,CHEMBL5736402,CHEMBL5728262,2021,3831.0,nM,5.416687848016922,5.42,0.0033121519830778823,calcium_fluorescence,cinnamaldehyde,cinnamaldehyde,EC50,75.0,CHO,20.0,,compound_before_agonist,human | not_reported | calcium_fluorescence | cinnamaldehyde | EC50 | 75 | CHO | compound_before_agonist | 20,9,,0,not_reported,not_required,,1,False,True,True,,
28242332,4474715,CHEMBL5842262,CHEMBL5842262,Cn1cnc2ncn(Cc3nn(CCc4ccc(C5CC5)cc4)c(=O)o3)c(=O)c21,CHEMBL5736402,CHEMBL5728262,2021,356.0,nM,6.448550002027124,6.45,0.0014499979728759271,calcium_fluorescence,cinnamaldehyde,cinnamaldehyde,EC50,75.0,CHO,20.0,,compound_before_agonist,human | not_reported | calcium_fluorescence | cinnamaldehyde | EC50 | 75 | CHO | compound_before_agonist | 20,9,,0,not_reported,not_required,,1,False,True,True,,
28242335,4474716,CHEMBL6029706,CHEMBL6029706,CN(C)c1ccc(CCn2nc(Cn3cnc4ncn(C)c4c3=O)oc2=O)cc1,CHEMBL5736402,CHEMBL5728262,2021,164.0,nM,6.785156151952302,6.79,0.004843848047697996,calcium_fluorescence,cinnamaldehyde,cinnamaldehyde,EC50,75.0,CHO,20.0,,compound_before_agonist,human | not_reported | calcium_fluorescence | cinnamaldehyde | EC50 | 75 | CHO | compound_before_agonist | 20,9,,0,not_reported,not_required,,1,False,True,True,,
28242338,4474717,CHEMBL5748156,CHEMBL5748156,Cn1cnc2ncn(Cc3nn(CCc4ccc(C(F)F)cc4)c(=O)o3)c(=O)c21,CHEMBL5736402,CHEMBL5728262,2021,509.0,nM,6.293282217663242,6.29,-0.00328221766324166,calcium_fluorescence,cinnamaldehyde,cinnamaldehyde,EC50,75.0,CHO,20.0,,compound_before_agonist,human | not_reported | calcium_fluorescence | cinnamaldehyde | EC50 | 75 | CHO | compound_before_agonist | 20,9,,0,not_reported,not_required,,1,False,True,True,,
28242341,4474718,CHEMBL6026829,CHEMBL6026829,C[C@H](Cn1nc(Cn2cnc3ncn(C)c3c2=O)oc1=O)c1ccc(Cl)cc1,CHEMBL5736402,CHEMBL5728262,2021,34.0,nM,7.468521082957745,7.47,0.0014789170422551123,calcium_fluorescence,cinnamaldehyde,cinnamaldehyde,EC50,75.0,CHO,20.0,,compound_before_agonist,human | not_reported | calcium_fluorescence | cinnamaldehyde | EC50 | 75 | CHO | compound_before_agonist | 20,9,,0,not_reported,not_required,,1,False,True,True,,
28242344,4474719,CHEMBL5910054,CHEMBL5910054,C[C@@H](Cn1nc(Cn2cnc3ncn(C)c3c2=O)oc1=O)c1ccc(Cl)cc1,CHEMBL5736402,CHEMBL5728262,2021,812.0,nM,6.090443970758825,6.09,-0.0004439707588250741,calcium_fluorescence,cinnamaldehyde,cinnamaldehyde,EC50,75.0,CHO,20.0,,compound_before_agonist,human | not_reported | calcium_fluorescence | cinnamaldehyde | EC50 | 75 | CHO | compound_before_agonist | 20,9,,0,not_reported,not_required,,1,False,True,True,,
28242347,4474720,CHEMBL6004771,CHEMBL6004771,Cn1cnc2ncn(Cc3nn(CCc4ccc(Cl)s4)c(=O)o3)c(=O)c21,CHEMBL5736402,CHEMBL5728262,2021,286.0,nM,6.543633966870956,6.54,-0.0036339668709564066,calcium_fluorescence,cinnamaldehyde,cinnamaldehyde,EC50,75.0,CHO,20.0,,compound_before_agonist,human | not_reported | calcium_fluorescence | cinnamaldehyde | EC50 | 75 | CHO | compound_before_agonist | 20,9,,0,not_reported,not_required,,1,False,True,True,,
28242350,4474721,CHEMBL5848100,CHEMBL5848100,Cn1cnc2c(C#N)nn(Cc3nn(CCc4ccc(Cl)cc4)c(=O)o3)c2c1=O,CHEMBL5736402,CHEMBL5728262,2021,14.0,nM,7.853871964321762,7.85,-0.003871964321762178,calcium_fluorescence,cinnamaldehyde,cinnamaldehyde,EC50,75.0,CHO,20.0,,compound_before_agonist,human | not_reported | calcium_fluorescence | cinnamaldehyde | EC50 | 75 | CHO | compound_before_agonist | 20,9,,0,not_reported,not_required,,1,False,True,True,,
28242353,4474722,CHEMBL5871945,CHEMBL5871945,Cn1nc(C#N)c2ncn(Cc3nn(CCc4ccc(Cl)cc4)c(=O)o3)c(=O)c21,CHEMBL5736402,CHEMBL5728262,2021,100.0,nM,7.0,7.0,0.0,calcium_fluorescence,cinnamaldehyde,cinnamaldehyde,EC50,75.0,CHO,20.0,,compound_before_agonist,human | not_reported | calcium_fluorescence | cinnamaldehyde | EC50 | 75 | CHO | compound_before_agonist | 20,9,,0,not_reported,not_required,,1,False,True,True,,
28242356,4474723,CHEMBL5827756,CHEMBL5827756,Cn1cnc2ncn(Cc3nn(CCc4cccc(-c5ccccc5)c4)c(=O)o3)c(=O)c21,CHEMBL5736402,CHEMBL5728262,2021,338.0,nM,6.471083299722345,6.47,-0.0010832997223451102,calcium_fluorescence,cinnamaldehyde,cinnamaldehyde,EC50,75.0,CHO,20.0,,compound_before_agonist,human | not_reported | calcium_fluorescence | cinnamaldehyde | EC50 | 75 | CHO | compound_before_agonist | 20,9,,0,not_reported,not_required,,1,False,True,True,,
28242359,4474724,CHEMBL5848142,CHEMBL5848142,Cn1cnc2ncn(Cc3nn(CCc4ccc(Br)c(Cl)c4)c(=O)o3)c(=O)c21,CHEMBL5736402,CHEMBL5728262,2021,132.0,nM,6.8794260687941495,6.88,0.0005739312058503643,calcium_fluorescence,cinnamaldehyde,cinnamaldehyde,EC50,75.0,CHO,20.0,,compound_before_agonist,human | not_reported | calcium_fluorescence | cinnamaldehyde | EC50 | 75 | CHO | compound_before_agonist | 20,9,,0,not_reported,not_required,,1,False,True,True,,
28242362,4474725,CHEMBL6029511,CHEMBL6029511,Cn1cnc2ncn(Cc3nn(CCc4ccc(Cl)cc4)c(=O)o3)c2c1=O,CHEMBL5736402,CHEMBL5728262,2021,737.0,nM,6.132532512140949,6.13,-0.0025325121409487394,calcium_fluorescence,cinnamaldehyde,cinnamaldehyde,EC50,75.0,CHO,20.0,,compound_before_agonist,human | not_reported | calcium_fluorescence | cinnamaldehyde | EC50 | 75 | CHO | compound_before_agonist | 20,9,,0,not_reported,not_required,,1,False,True,True,,
28242365,4474726,CHEMBL5951573,CHEMBL5951573,Cc1cnnc2ncn(Cc3nn(CCc4ccc(Cl)cc4)c(=O)o3)c(=O)c12,CHEMBL5736402,CHEMBL5728262,2021,49.0,nM,7.309803919971486,7.31,0.00019608002851345674,calcium_fluorescence,cinnamaldehyde,cinnamaldehyde,EC50,75.0,CHO,20.0,,compound_before_agonist,human | not_reported | calcium_fluorescence | cinnamaldehyde | EC50 | 75 | CHO | compound_before_agonist | 20,9,,0,not_reported,not_required,,1,False,True,True,,
28242368,4474727,CHEMBL5809373,CHEMBL5809373,Cc1cc(C#N)nc2ncn(Cc3nn(CCc4ccc(Cl)cc4)c(=O)o3)c(=O)c12,CHEMBL5736402,CHEMBL5728262,2021,9.0,nM,8.045757490560675,8.05,0.004242509439325914,calcium_fluorescence,cinnamaldehyde,cinnamaldehyde,EC50,75.0,CHO,20.0,,compound_before_agonist,human | not_reported | calcium_fluorescence | cinnamaldehyde | EC50 | 75 | CHO | compound_before_agonist | 20,9,,0,not_reported,not_required,,1,False,True,True,,
28242371,4474728,CHEMBL5962544,CHEMBL5962544,Cn1ccc2cc(CCn3nc(Cn4cnc5ncn(C)c5c4=O)oc3=O)ccc21,CHEMBL5736402,CHEMBL5728262,2021,87.0,nM,7.060480747381382,7.06,-0.00048074738138215167,calcium_fluorescence,cinnamaldehyde,cinnamaldehyde,EC50,75.0,CHO,20.0,,compound_before_agonist,human | not_reported | calcium_fluorescence | cinnamaldehyde | EC50 | 75 | CHO | compound_before_agonist | 20,9,,0,not_reported,not_required,,1,False,True,True,,
28242374,4474729,CHEMBL6053904,CHEMBL6053904,Cn1cnc2c(C#N)nn(Cc3nc(CCc4ccc(Cl)cc4)no3)c2c1=O,CHEMBL5736402,CHEMBL5728262,2021,26.6,nM,7.575118363368933,7.58,0.00488163663106711,calcium_fluorescence,cinnamaldehyde,cinnamaldehyde,EC50,75.0,CHO,20.0,,compound_before_agonist,human | not_reported | calcium_fluorescence | cinnamaldehyde | EC50 | 75 | CHO | compound_before_agonist | 20,9,,0,not_reported,not_required,,1,False,True,True,,
28242377,4474730,CHEMBL5878226,CHEMBL5878226,Cc1ccc(CCn2nc(Cn3cnc4ncn(C)c4c3=O)oc2=O)cc1,CHEMBL5736402,CHEMBL5728262,2021,126.0,nM,6.899629454882437,6.9,0.0003705451175637364,calcium_fluorescence,cinnamaldehyde,cinnamaldehyde,EC50,75.0,CHO,20.0,,compound_before_agonist,human | not_reported | calcium_fluorescence | cinnamaldehyde | EC50 | 75 | CHO | compound_before_agonist | 20,9,,0,not_reported,not_required,,1,False,True,True,,
28242380,4474731,CHEMBL6036513,CHEMBL6036513,Cn1cnc2c(C#N)nn(Cc3nn(CCc4ccc(OC(F)F)cc4)c(=O)o3)c2c1=O,CHEMBL5736402,CHEMBL5728262,2021,36.0,nM,7.443697499232712,7.44,-0.0036974992327118983,calcium_fluorescence,cinnamaldehyde,cinnamaldehyde,EC50,75.0,CHO,20.0,,compound_before_agonist,human | not_reported | calcium_fluorescence | cinnamaldehyde | EC50 | 75 | CHO | compound_before_agonist | 20,9,,0,not_reported,not_required,,1,False,True,True,,
28242383,4474732,CHEMBL5966117,CHEMBL5966117,Cc1ccnc2ncn(Cc3nn(C[C@@H](F)c4ccc(Cl)cc4)c(=O)o3)c(=O)c12,CHEMBL5736402,CHEMBL5728262,2021,180.0,nM,6.7447274948966935,6.75,0.005272505103306457,calcium_fluorescence,cinnamaldehyde,cinnamaldehyde,EC50,75.0,CHO,20.0,,compound_before_agonist,human | not_reported | calcium_fluorescence | cinnamaldehyde | EC50 | 75 | CHO | compound_before_agonist | 20,9,,0,not_reported,not_required,,1,False,True,True,,
28242386,4474733,CHEMBL6022425,CHEMBL6022425,Cc1ccnc2ncn(Cc3nn(C[C@H](F)c4ccc(Cl)cc4)c(=O)o3)c(=O)c12,CHEMBL5736402,CHEMBL5728262,2021,5.0,nM,8.301029995663981,8.3,-0.001029995663980543,calcium_fluorescence,cinnamaldehyde,cinnamaldehyde,EC50,75.0,CHO,20.0,,compound_before_agonist,human | not_reported | calcium_fluorescence | cinnamaldehyde | EC50 | 75 | CHO | compound_before_agonist | 20,9,,0,not_reported,not_required,,1,False,True,True,,
28242389,4474734,CHEMBL5997962,CHEMBL5997962,Cn1cnc2cnn(Cc3nn(CCc4ccc(Cl)cc4)c(=O)o3)c(=O)c21,CHEMBL5736402,CHEMBL5728262,2021,96.0,nM,7.017728766960431,7.02,0.0022712330395684432,calcium_fluorescence,cinnamaldehyde,cinnamaldehyde,EC50,75.0,CHO,20.0,,compound_before_agonist,human | not_reported | calcium_fluorescence | cinnamaldehyde | EC50 | 75 | CHO | compound_before_agonist | 20,9,,0,not_reported,not_required,,1,False,True,True,,
28242392,4474735,CHEMBL6013187,CHEMBL6013187,Cn1cnc2ncn(Cc3nn(CCc4ccc5ccc(C#N)cc5c4)c(=O)o3)c(=O)c21,CHEMBL5736402,CHEMBL5728262,2021,120.0,nM,6.920818753952375,6.92,-0.0008187539523749621,calcium_fluorescence,cinnamaldehyde,cinnamaldehyde,EC50,75.0,CHO,20.0,,compound_before_agonist,human | not_reported | calcium_fluorescence | cinnamaldehyde | EC50 | 75 | CHO | compound_before_agonist | 20,9,,0,not_reported,not_required,,1,False,True,True,,
28242395,4474736,CHEMBL5809345,CHEMBL5809345,Cn1cnc2ncn(Cc3nn(C[C@@H](F)c4ccc5ccccc5c4)c(=O)o3)c(=O)c21,CHEMBL5736402,CHEMBL5728262,2021,332.0,nM,6.478861916295964,6.48,0.0011380837040366742,calcium_fluorescence,cinnamaldehyde,cinnamaldehyde,EC50,75.0,CHO,20.0,,compound_before_agonist,human | not_reported | calcium_fluorescence | cinnamaldehyde | EC50 | 75 | CHO | compound_before_agonist | 20,9,,0,not_reported,not_required,,1,False,True,True,,
28242398,4474737,CHEMBL5994081,CHEMBL5994081,Cn1cnc2ncn(Cc3nn(C[C@H](F)c4ccc5ccccc5c4)c(=O)o3)c(=O)c21,CHEMBL5736402,CHEMBL5728262,2021,7.0,nM,8.154901959985743,8.15,-0.004901959985742721,calcium_fluorescence,cinnamaldehyde,cinnamaldehyde,EC50,75.0,CHO,20.0,,compound_before_agonist,human | not_reported | calcium_fluorescence | cinnamaldehyde | EC50 | 75 | CHO | compound_before_agonist | 20,9,,0,not_reported,not_required,,1,False,True,True,,
28242401,4474738,CHEMBL6058971,CHEMBL6058971,Cc1cc(CCn2nc(Cn3cnc4ncn(C)c4c3=O)oc2=O)ccc1Cl,CHEMBL5736402,CHEMBL5728262,2021,113.0,nM,6.94692155651658,6.95,0.0030784434834201235,calcium_fluorescence,cinnamaldehyde,cinnamaldehyde,EC50,75.0,CHO,20.0,,compound_before_agonist,human | not_reported | calcium_fluorescence | cinnamaldehyde | EC50 | 75 | CHO | compound_before_agonist | 20,9,,0,not_reported,not_required,,1,False,True,True,,
28242404,4474739,CHEMBL5841138,CHEMBL5841138,Cc1cnc(Cl)c2ncn(Cc3nn(CCc4ccc(Cl)cc4)c(=O)o3)c(=O)c12,CHEMBL5736402,CHEMBL5728262,2021,18.0,nM,7.7447274948966935,7.75,0.005272505103306457,calcium_fluorescence,cinnamaldehyde,cinnamaldehyde,EC50,75.0,CHO,20.0,,compound_before_agonist,human | not_reported | calcium_fluorescence | cinnamaldehyde | EC50 | 75 | CHO | compound_before_agonist | 20,9,,0,not_reported,not_required,,1,False,True,True,,
28242407,4474740,CHEMBL5855877,CHEMBL5855877,Cn1cnc2ncn(Cc3nn(CCc4ccc(Cl)cc4F)c(=O)o3)c(=O)c21,CHEMBL5736402,CHEMBL5728262,2021,492.0,nM,6.308034897232639,6.31,0.0019651027673601718,calcium_fluorescence,cinnamaldehyde,cinnamaldehyde,EC50,75.0,CHO,20.0,,compound_before_agonist,human | not_reported | calcium_fluorescence | cinnamaldehyde | EC50 | 75 | CHO | compound_before_agonist | 20,9,,0,not_reported,not_required,,1,False,True,True,,
28242410,4474741,CHEMBL5848207,CHEMBL5848207,Cn1cnc2ncn(Cc3nn(CCc4ccc(Cl)c(-c5ccccc5)c4)c(=O)o3)c(=O)c21,CHEMBL5736402,CHEMBL5728262,2021,98.0,nM,7.008773924307505,7.01,0.001226075692494888,calcium_fluorescence,cinnamaldehyde,cinnamaldehyde,EC50,75.0,CHO,20.0,,compound_before_agonist,human | not_reported | calcium_fluorescence | cinnamaldehyde | EC50 | 75 | CHO | compound_before_agonist | 20,9,,0,not_reported,not_required,,1,False,True,True,,
28242413,4474742,CHEMBL5771716,CHEMBL5771716,Cc1cnc(C#N)c2ncn(Cc3nn(CCc4ccc(Cl)cc4)c(=O)o3)c(=O)c12,CHEMBL5736402,CHEMBL5728262,2021,18.0,nM,7.7447274948966935,7.75,0.005272505103306457,calcium_fluorescence,cinnamaldehyde,cinnamaldehyde,EC50,75.0,CHO,20.0,,compound_before_agonist,human | not_reported | calcium_fluorescence | cinnamaldehyde | EC50 | 75 | CHO | compound_before_agonist | 20,9,,0,not_reported,not_required,,1,False,True,True,,
28242416,4474743,CHEMBL5979543,CHEMBL5979543,Cn1cnc2ncn(Cc3nn(C[C@H](F)c4ccc(Br)cc4)c(=O)o3)c(=O)c21,CHEMBL5736402,CHEMBL5728262,2021,10.0,nM,8.0,8.0,0.0,calcium_fluorescence,cinnamaldehyde,cinnamaldehyde,EC50,75.0,CHO,20.0,,compound_before_agonist,human | not_reported | calcium_fluorescence | cinnamaldehyde | EC50 | 75 | CHO | compound_before_agonist | 20,9,,0,not_reported,not_required,,1,False,True,True,,
28242419,4474744,CHEMBL5822420,CHEMBL5822420,Cn1cnc2ncn(Cc3nn(C[C@@H](F)c4ccc(Br)cc4)c(=O)o3)c(=O)c21,CHEMBL5736402,CHEMBL5728262,2021,1200.0,nM,5.920818753952375,5.92,-0.0008187539523749621,calcium_fluorescence,cinnamaldehyde,cinnamaldehyde,EC50,75.0,CHO,20.0,,compound_before_agonist,human | not_reported | calcium_fluorescence | cinnamaldehyde | EC50 | 75 | CHO | compound_before_agonist | 20,9,,0,not_reported,not_required,,1,False,True,True,,
28242422,4474745,CHEMBL5882285,CHEMBL5882285,Cc1ncnc2ncn(Cc3nn(CCc4ccc(Cl)cc4)c(=O)o3)c(=O)c12,CHEMBL5736402,CHEMBL5728262,2021,107.0,nM,6.97061622231479,6.97,-0.0006162223147905266,calcium_fluorescence,cinnamaldehyde,cinnamaldehyde,EC50,75.0,CHO,20.0,,compound_before_agonist,human | not_reported | calcium_fluorescence | cinnamaldehyde | EC50 | 75 | CHO | compound_before_agonist | 20,9,,0,not_reported,not_required,,1,False,True,True,,
28242425,4474746,CHEMBL6058290,CHEMBL6058290,Cc1csc2ncc(Cc3nn(CCc4ccc(Cl)cc4)c(=O)o3)c(=O)n12,CHEMBL5736402,CHEMBL5728262,2021,65.0,nM,7.187086643357144,7.19,0.0029133566428560798,calcium_fluorescence,cinnamaldehyde,cinnamaldehyde,EC50,75.0,CHO,20.0,,compound_before_agonist,human | not_reported | calcium_fluorescence | cinnamaldehyde | EC50 | 75 | CHO | compound_before_agonist | 20,9,,0,not_reported,not_required,,1,False,True,True,,
28242428,4474747,CHEMBL6006997,CHEMBL6006997,Cn1cnc2ncn(Cc3nn(C[C@@H]4CCc5ccc(Cl)cc54)c(=O)o3)c(=O)c21,CHEMBL5736402,CHEMBL5728262,2021,196.0,nM,6.707743928643524,6.71,0.002256071356476319,calcium_fluorescence,cinnamaldehyde,cinnamaldehyde,EC50,75.0,CHO,20.0,,compound_before_agonist,human | not_reported | calcium_fluorescence | cinnamaldehyde | EC50 | 75 | CHO | compound_before_agonist | 20,9,,0,not_reported,not_required,,1,False,True,True,,
28242431,4474748,CHEMBL5752721,CHEMBL5752721,Cn1cnc2ncn(Cc3nn(C[C@@H]4CCc5cc(Cl)ccc54)c(=O)o3)c(=O)c21,CHEMBL5736402,CHEMBL5728262,2021,61.0,nM,7.214670164989233,7.21,-0.0046701649892328945,calcium_fluorescence,cinnamaldehyde,cinnamaldehyde,EC50,75.0,CHO,20.0,,compound_before_agonist,human | not_reported | calcium_fluorescence | cinnamaldehyde | EC50 | 75 | CHO | compound_before_agonist | 20,9,,0,not_reported,not_required,,1,False,True,True,,
28242434,4474749,CHEMBL4865298,CHEMBL4865298,Cn1cnc2ncn(Cc3nn([C@H]4C[C@H](c5ccc(Cl)cc5)C4)c(=O)o3)c(=O)c21,CHEMBL5736402,CHEMBL5728262,2021,14.0,nM,7.853871964321762,7.85,-0.003871964321762178,calcium_fluorescence,cinnamaldehyde,cinnamaldehyde,EC50,75.0,CHO,20.0,,compound_before_agonist,human | not_reported | calcium_fluorescence | cinnamaldehyde | EC50 | 75 | CHO | compound_before_agonist | 20,9,,0,not_reported,not_required,,3,True,True,True,,
28242437,4474750,CHEMBL5093753,CHEMBL5093753,Cn1cnc2ncn(Cc3nn([C@H]4C[C@H](c5ccccc5)C4)c(=O)o3)c(=O)c21,CHEMBL5736402,CHEMBL5728262,2021,168.0,nM,6.774690718274137,6.78,0.005309281725863535,calcium_fluorescence,cinnamaldehyde,cinnamaldehyde,EC50,75.0,CHO,20.0,,compound_before_agonist,human | not_reported | calcium_fluorescence | cinnamaldehyde | EC50 | 75 | CHO | compound_before_agonist | 20,9,,0,not_reported,not_required,,1,False,True,True,,
28242440,4474751,CHEMBL6012536,CHEMBL6012536,Cn1cnc2ncn(Cc3nn([C@H]4C[C@H](c5ccc(Br)cc5)C4)c(=O)o3)c(=O)c21,CHEMBL5736402,CHEMBL5728262,2021,20.0,nM,7.698970004336019,7.7,0.0010299956639814312,calcium_fluorescence,cinnamaldehyde,cinnamaldehyde,EC50,75.0,CHO,20.0,,compound_before_agonist,human | not_reported | calcium_fluorescence | cinnamaldehyde | EC50 | 75 | CHO | compound_before_agonist | 20,9,,0,not_reported,not_required,,1,False,True,True,,
28242443,4474752,CHEMBL5938119,CHEMBL5938119,Cn1cnc2ncn(Cc3nn([C@H]4C[C@H](c5cccc(Cl)c5)C4)c(=O)o3)c(=O)c21,CHEMBL5736402,CHEMBL5728262,2021,44.0,nM,7.356547323513812,7.36,0.0034526764861881887,calcium_fluorescence,cinnamaldehyde,cinnamaldehyde,EC50,75.0,CHO,20.0,,compound_before_agonist,human | not_reported | calcium_fluorescence | cinnamaldehyde | EC50 | 75 | CHO | compound_before_agonist | 20,9,,0,not_reported,not_required,,1,False,True,True,,
28242446,4474753,CHEMBL5801295,CHEMBL5801295,COc1ccc([C@H]2C[C@H](n3nc(Cn4cnc5ncn(C)c5c4=O)oc3=O)C2)cc1,CHEMBL5736402,CHEMBL5728262,2021,105.0,nM,6.978810700930062,6.98,0.0011892990699386985,calcium_fluorescence,cinnamaldehyde,cinnamaldehyde,EC50,75.0,CHO,20.0,,compound_before_agonist,human | not_reported | calcium_fluorescence | cinnamaldehyde | EC50 | 75 | CHO | compound_before_agonist | 20,9,,0,not_reported,not_required,,1,False,True,True,,
28242449,4474754,CHEMBL5799314,CHEMBL5799314,Cn1cnc2ncn(Cc3nn(CCc4ccc(-c5ccccc5)cc4)c(=O)o3)c(=O)c21,CHEMBL5736402,CHEMBL5728262,2021,251.0,nM,6.600326278518962,6.6,-0.00032627851896194215,calcium_fluorescence,cinnamaldehyde,cinnamaldehyde,EC50,75.0,CHO,20.0,,compound_before_agonist,human | not_reported | calcium_fluorescence | cinnamaldehyde | EC50 | 75 | CHO | compound_before_agonist | 20,9,,0,not_reported,not_required,,1,False,True,True,,
28242452,4474755,CHEMBL5931002,CHEMBL5931002,Cn1cc(C#N)c2ncn(Cc3nn(CCc4ccc(Cl)cc4)c(=O)o3)c(=O)c21,CHEMBL5736402,CHEMBL5728262,2021,168.0,nM,6.774690718274137,6.78,0.005309281725863535,calcium_fluorescence,cinnamaldehyde,cinnamaldehyde,EC50,75.0,CHO,20.0,,compound_before_agonist,human | not_reported | calcium_fluorescence | cinnamaldehyde | EC50 | 75 | CHO | compound_before_agonist | 20,9,,0,not_reported,not_required,,1,False,True,True,,
28242455,4474756,CHEMBL5958693,CHEMBL5958693,Cc1ccc(=O)n2ccn(Cc3nn([C@H]4C[C@H](c5ccc(Cl)cc5)C4)c(=O)o3)c(=O)c12,CHEMBL5736402,CHEMBL5728262,2021,40.3,nM,7.394694953858891,7.39,-0.004694953858891182,calcium_fluorescence,cinnamaldehyde,cinnamaldehyde,EC50,75.0,CHO,20.0,,compound_before_agonist,human | not_reported | calcium_fluorescence | cinnamaldehyde | EC50 | 75 | CHO | compound_before_agonist | 20,9,,0,not_reported,not_required,,1,False,True,True,,
28242458,4474757,CHEMBL4865298,CHEMBL4865298,Cn1cnc2ncn(Cc3nn([C@H]4C[C@H](c5ccc(Cl)cc5)C4)c(=O)o3)c(=O)c21,CHEMBL5736402,CHEMBL5728262,2021,22.6,nM,7.645891560852599,7.65,0.004108439147401555,calcium_fluorescence,cinnamaldehyde,cinnamaldehyde,EC50,75.0,CHO,20.0,,compound_before_agonist,human | not_reported | calcium_fluorescence | cinnamaldehyde | EC50 | 75 | CHO | compound_before_agonist | 20,9,,0,not_reported,not_required,,3,True,True,True,,
28242461,4474758,CHEMBL4865298,CHEMBL4865298,Cn1cnc2ncn(Cc3nn([C@H]4C[C@H](c5ccc(Cl)cc5)C4)c(=O)o3)c(=O)c21,CHEMBL5736402,CHEMBL5728262,2021,28.4,nM,7.546681659952962,7.55,0.0033183400470377933,calcium_fluorescence,cinnamaldehyde,cinnamaldehyde,EC50,75.0,CHO,20.0,,compound_before_agonist,human | not_reported | calcium_fluorescence | cinnamaldehyde | EC50 | 75 | CHO | compound_before_agonist | 20,9,,0,not_reported,not_required,,3,True,True,True,,
28242464,4474759,CHEMBL5994261,CHEMBL5994261,Cc1cc(C#N)nc2ncn(Cc3nn([C@H]4C[C@](F)(c5ccc(F)cc5)C4)c(=O)o3)c(=O)c12,CHEMBL5736402,CHEMBL5728262,2021,11.2,nM,7.950781977329818,7.95,-0.0007819773298178845,calcium_fluorescence,cinnamaldehyde,cinnamaldehyde,EC50,75.0,CHO,20.0,,compound_before_agonist,human | not_reported | calcium_fluorescence | cinnamaldehyde | EC50 | 75 | CHO | compound_before_agonist | 20,9,,0,not_reported,not_required,,1,False,True,True,,
28242467,4474760,CHEMBL5751371,CHEMBL5751371,Cn1cnc2ncn(Cc3nn([C@H]4C[C@H](Oc5cccc(C#N)c5)C4)c(=O)o3)c(=O)c21,CHEMBL5736402,CHEMBL5728262,2021,45.5,nM,7.341988603342887,7.34,-0.0019886033428875294,calcium_fluorescence,cinnamaldehyde,cinnamaldehyde,EC50,75.0,CHO,20.0,,compound_before_agonist,human | not_reported | calcium_fluorescence | cinnamaldehyde | EC50 | 75 | CHO | compound_before_agonist | 20,9,,0,not_reported,not_required,,1,False,True,True,,
28242470,4474761,CHEMBL5928205,CHEMBL5928205,Cn1cnc2ncn(Cc3nn([C@H]4C[C@H](Oc5cccc(F)c5)C4)c(=O)o3)c(=O)c21,CHEMBL5736402,CHEMBL5728262,2021,11.5,nM,7.939302159646388,7.94,0.0006978403536122002,calcium_fluorescence,cinnamaldehyde,cinnamaldehyde,EC50,75.0,CHO,20.0,,compound_before_agonist,human | not_reported | calcium_fluorescence | cinnamaldehyde | EC50 | 75 | CHO | compound_before_agonist | 20,9,,0,not_reported,not_required,,1,False,True,True,,
28242473,4474762,CHEMBL5889320,CHEMBL5889320,Cn1nnc2ncn(Cc3nn([C@H]4C[C@H](c5ccc(Cl)cc5)C4)c(=O)o3)c(=O)c21,CHEMBL5736402,CHEMBL5728262,2021,76.9,nM,7.114073660198569,7.11,-0.004073660198568696,calcium_fluorescence,cinnamaldehyde,cinnamaldehyde,EC50,75.0,CHO,20.0,,compound_before_agonist,human | not_reported | calcium_fluorescence | cinnamaldehyde | EC50 | 75 | CHO | compound_before_agonist | 20,9,,0,not_reported,not_required,,1,False,True,True,,
28242476,4474763,CHEMBL5748980,CHEMBL5748980,O=c1c2cccc(=O)n2ccn1Cc1nn([C@H]2C[C@H](c3ccc(Cl)cc3)C2)c(=O)o1,CHEMBL5736402,CHEMBL5728262,2021,21.1,nM,7.675717544702307,7.68,0.004282455297692778,calcium_fluorescence,cinnamaldehyde,cinnamaldehyde,EC50,75.0,CHO,20.0,,compound_before_agonist,human | not_reported | calcium_fluorescence | cinnamaldehyde | EC50 | 75 | CHO | compound_before_agonist | 20,9,,0,not_reported,not_required,,1,False,True,True,,
28242479,4474764,CHEMBL6024036,CHEMBL6024036,Cc1ccnc2ncn(Cc3nn([C@H]4C[C@H](c5ccc6ncccc6c5)C4)c(=O)o3)c(=O)c12,CHEMBL5736402,CHEMBL5728262,2021,12.5,nM,7.903089986991944,7.9,-0.0030899869919434053,calcium_fluorescence,cinnamaldehyde,cinnamaldehyde,EC50,75.0,CHO,20.0,,compound_before_agonist,human | not_reported | calcium_fluorescence | cinnamaldehyde | EC50 | 75 | CHO | compound_before_agonist | 20,9,,0,not_reported,not_required,,1,False,True,True,,
28242482,4474765,CHEMBL6057251,CHEMBL6057251,Cc1ccnc2ncn(Cc3nn([C@@H]4CC[C@@H](c5ccc(F)cc5)C4)c(=O)o3)c(=O)c12,CHEMBL5736402,CHEMBL5728262,2021,4.76,nM,8.322393047279506,8.32,-0.0023930472795061775,calcium_fluorescence,cinnamaldehyde,cinnamaldehyde,EC50,75.0,CHO,20.0,,compound_before_agonist,human | not_reported | calcium_fluorescence | cinnamaldehyde | EC50 | 75 | CHO | compound_before_agonist | 20,9,,0,not_reported,not_required,,1,False,True,True,,
28242485,4474766,CHEMBL5772230,CHEMBL5772230,Cn1cnc2ncn(Cc3nn([C@H]4C[C@H](Oc5ccccc5)C4)c(=O)o3)c(=O)c21,CHEMBL5736402,CHEMBL5728262,2021,56.9,nM,7.244887733604929,7.25,0.005112266395070897,calcium_fluorescence,cinnamaldehyde,cinnamaldehyde,EC50,75.0,CHO,20.0,,compound_before_agonist,human | not_reported | calcium_fluorescence | cinnamaldehyde | EC50 | 75 | CHO | compound_before_agonist | 20,9,,0,not_reported,not_required,,1,False,True,True,,
28242488,4474767,CHEMBL5999476,CHEMBL5999476,Cn1cnc2ncn(Cc3nn([C@H]4C[C@H](Oc5ccc(Cl)cc5)C4)c(=O)o3)c(=O)c21,CHEMBL5736402,CHEMBL5728262,2021,785.0,nM,6.105130343254747,6.11,0.0048696567452530815,calcium_fluorescence,cinnamaldehyde,cinnamaldehyde,EC50,75.0,CHO,20.0,,compound_before_agonist,human | not_reported | calcium_fluorescence | cinnamaldehyde | EC50 | 75 | CHO | compound_before_agonist | 20,9,,0,not_reported,not_required,,1,False,True,True,,
28242491,4474768,CHEMBL5076999,CHEMBL5076999,Cn1cnc2ncn(Cc3nn([C@H]4C[C@H](Oc5cccc(Cl)c5)C4)c(=O)o3)c(=O)c21,CHEMBL5736402,CHEMBL5728262,2021,17.7,nM,7.752026733638194,7.75,-0.002026733638193612,calcium_fluorescence,cinnamaldehyde,cinnamaldehyde,EC50,75.0,CHO,20.0,,compound_before_agonist,human | not_reported | calcium_fluorescence | cinnamaldehyde | EC50 | 75 | CHO | compound_before_agonist | 20,9,,0,not_reported,not_required,,1,False,True,True,,
28242494,4474769,CHEMBL5819322,CHEMBL5819322,Cn1cnc2ncn(Cc3nn([C@H]4C[C@H](c5ccc(C#N)cc5)C4)c(=O)o3)c(=O)c21,CHEMBL5736402,CHEMBL5728262,2021,59.7,nM,7.224025668870631,7.22,-0.0040256688706312715,calcium_fluorescence,cinnamaldehyde,cinnamaldehyde,EC50,75.0,CHO,20.0,,compound_before_agonist,human | not_reported | calcium_fluorescence | cinnamaldehyde | EC50 | 75 | CHO | compound_before_agonist | 20,9,,0,not_reported,not_required,,1,False,True,True,,
28242497,4474770,CHEMBL5957350,CHEMBL5957350,O=c1c2c(Cl)ccnc2ncn1Cc1nn([C@H]2C[C@H](c3ccc(Cl)cc3)C2)c(=O)o1,CHEMBL5736402,CHEMBL5728262,2021,5.88,nM,8.230622673923861,8.23,-0.0006226739238606172,calcium_fluorescence,cinnamaldehyde,cinnamaldehyde,EC50,75.0,CHO,20.0,,compound_before_agonist,human | not_reported | calcium_fluorescence | cinnamaldehyde | EC50 | 75 | CHO | compound_before_agonist | 20,9,,0,not_reported,not_required,,1,False,True,True,,
28242500,4474771,CHEMBL6031550,CHEMBL6031550,Cn1cnc2ncn(Cc3nn(CCCOc4cccc(F)c4)c(=O)o3)c(=O)c21,CHEMBL5736402,CHEMBL5728262,2021,77.5,nM,7.110698297493689,7.11,-0.000698297493689104,calcium_fluorescence,cinnamaldehyde,cinnamaldehyde,EC50,75.0,CHO,20.0,,compound_before_agonist,human | not_reported | calcium_fluorescence | cinnamaldehyde | EC50 | 75 | CHO | compound_before_agonist | 20,9,,0,not_reported,not_required,,1,False,True,True,,
28242503,4474772,CHEMBL5926714,CHEMBL5926714,Cc1ccnc2ncn(Cc3nn([C@H]4C[C@](F)(c5cccc(F)c5)C4)c(=O)o3)c(=O)c12,CHEMBL5736402,CHEMBL5728262,2021,40.5,nM,7.392544976785332,7.39,-0.0025449767853320537,calcium_fluorescence,cinnamaldehyde,cinnamaldehyde,EC50,75.0,CHO,20.0,,compound_before_agonist,human | not_reported | calcium_fluorescence | cinnamaldehyde | EC50 | 75 | CHO | compound_before_agonist | 20,9,,0,not_reported,not_required,,1,False,True,True,,
28242506,4474773,CHEMBL6035319,CHEMBL6035319,Cn1cnc2ncn(Cc3nn([C@@H]4CC[C@@H](c5cccc(F)c5)C4)c(=O)o3)c(=O)c21,CHEMBL5736402,CHEMBL5728262,2021,75.8,nM,7.120330794367947,7.12,-0.0003307943679464742,calcium_fluorescence,cinnamaldehyde,cinnamaldehyde,EC50,75.0,CHO,20.0,,compound_before_agonist,human | not_reported | calcium_fluorescence | cinnamaldehyde | EC50 | 75 | CHO | compound_before_agonist | 20,9,,0,not_reported,not_required,,1,False,True,True,,
28242509,4474774,CHEMBL5867419,CHEMBL5867419,Cc1ccnc2ncn(Cc3nn([C@H]4C[C@](F)(c5ccc(C#N)cc5)C4)c(=O)o3)c(=O)c12,CHEMBL5736402,CHEMBL5728262,2021,21.4,nM,7.669586226650809,7.67,0.0004137733491909046,calcium_fluorescence,cinnamaldehyde,cinnamaldehyde,EC50,75.0,CHO,20.0,,compound_before_agonist,human | not_reported | calcium_fluorescence | cinnamaldehyde | EC50 | 75 | CHO | compound_before_agonist | 20,9,,0,not_reported,not_required,,1,False,True,True,,
28242512,4474775,CHEMBL5771488,CHEMBL5771488,O=c1c2cccnc2ncn1Cc1nn([C@@H]2CC[C@@H](c3ccc(F)cc3)C2)c(=O)o1,CHEMBL5736402,CHEMBL5728262,2021,40.6,nM,7.391473966422806,7.39,-0.0014739664228065052,calcium_fluorescence,cinnamaldehyde,cinnamaldehyde,EC50,75.0,CHO,20.0,,compound_before_agonist,human | not_reported | calcium_fluorescence | cinnamaldehyde | EC50 | 75 | CHO | compound_before_agonist | 20,9,,0,not_reported,not_required,,1,False,True,True,,
28242515,4474776,CHEMBL5788874,CHEMBL5788874,Cc1ccnc2ncn(Cc3nn([C@H]4C[C@H](c5ccc(C#N)cc5)C4)c(=O)o3)c(=O)c12,CHEMBL5736402,CHEMBL5728262,2021,2.58,nM,8.588380294036769,8.59,0.0016197059632307997,calcium_fluorescence,cinnamaldehyde,cinnamaldehyde,EC50,75.0,CHO,20.0,,compound_before_agonist,human | not_reported | calcium_fluorescence | cinnamaldehyde | EC50 | 75 | CHO | compound_before_agonist | 20,9,,0,not_reported,not_required,,1,False,True,True,,
28242518,4474777,CHEMBL5758289,CHEMBL5758289,Cc1ccnc2ncn(Cc3nn(C[C@H](F)c4ccc(OC(F)F)cc4)c(=O)o3)c(=O)c12,CHEMBL5736402,CHEMBL5728262,2021,11.9,nM,7.924453038607469,7.92,-0.00445303860746904,calcium_fluorescence,cinnamaldehyde,cinnamaldehyde,EC50,75.0,CHO,20.0,,compound_before_agonist,human | not_reported | calcium_fluorescence | cinnamaldehyde | EC50 | 75 | CHO | compound_before_agonist | 20,9,,0,not_reported,not_required,,1,False,True,True,,
28242521,4474778,CHEMBL5790786,CHEMBL5790786,O=c1c2cccnc2ncn1Cc1nn(C[C@H](F)c2ccc(OC(F)F)cc2)c(=O)o1,CHEMBL5736402,CHEMBL5728262,2021,50.0,nM,7.301029995663981,7.3,-0.0010299956639814312,calcium_fluorescence,cinnamaldehyde,cinnamaldehyde,EC50,75.0,CHO,20.0,,compound_before_agonist,human | not_reported | calcium_fluorescence | cinnamaldehyde | EC50 | 75 | CHO | compound_before_agonist | 20,9,,0,not_reported,not_required,,1,False,True,True,,
28242524,4474779,CHEMBL6051649,CHEMBL6051649,Cn1cnc2ncn(Cc3nn([C@@H]4C[C@@H](F)[C@@H](c5ccc(Cl)cc5)C4)c(=O)o3)c(=O)c21,CHEMBL5736402,CHEMBL5728262,2021,43.9,nM,7.357535479757878,7.36,0.00246452024212207,calcium_fluorescence,cinnamaldehyde,cinnamaldehyde,EC50,75.0,CHO,20.0,,compound_before_agonist,human | not_reported | calcium_fluorescence | cinnamaldehyde | EC50 | 75 | CHO | compound_before_agonist | 20,9,,0,not_reported,not_required,,1,False,True,True,,
28242527,4474780,CHEMBL5771685,CHEMBL5771685,Cn1c(=O)ccc2ncn(Cc3nn([C@H]4C[C@H](c5ccc(Cl)cc5)C4)c(=O)o3)c(=O)c21,CHEMBL5736402,CHEMBL5728262,2021,15.2,nM,7.818156412055227,7.82,0.0018435879447729064,calcium_fluorescence,cinnamaldehyde,cinnamaldehyde,EC50,75.0,CHO,20.0,,compound_before_agonist,human | not_reported | calcium_fluorescence | cinnamaldehyde | EC50 | 75 | CHO | compound_before_agonist | 20,9,,0,not_reported,not_required,,1,False,True,True,,
28242530,4474781,CHEMBL5875272,CHEMBL5875272,Cn1cnc2ncn(Cc3nn(C[C@H](F)c4cccc(Cl)c4)c(=O)o3)c(=O)c21,CHEMBL5736402,CHEMBL5728262,2021,166.0,nM,6.779891911959945,6.78,0.00010808804005524308,calcium_fluorescence,cinnamaldehyde,cinnamaldehyde,EC50,75.0,CHO,20.0,,compound_before_agonist,human | not_reported | calcium_fluorescence | cinnamaldehyde | EC50 | 75 | CHO | compound_before_agonist | 20,9,,0,not_reported,not_required,,1,False,True,True,,
28242533,4474782,CHEMBL5907284,CHEMBL5907284,Cc1ccnc2ncn(Cc3nn(CCCOc4cccc(Cl)c4)c(=O)o3)c(=O)c12,CHEMBL5736402,CHEMBL5728262,2021,6.34,nM,8.197910742118268,8.2,0.002089257881731754,calcium_fluorescence,cinnamaldehyde,cinnamaldehyde,EC50,75.0,CHO,20.0,,compound_before_agonist,human | not_reported | calcium_fluorescence | cinnamaldehyde | EC50 | 75 | CHO | compound_before_agonist | 20,9,,0,not_reported,not_required,,1,False,True,True,,
28242536,4474783,CHEMBL5093218,CHEMBL5093218,Cn1cnc2ncn(Cc3nn(CCCOc4cccc(Cl)c4)c(=O)o3)c(=O)c21,CHEMBL5736402,CHEMBL5728262,2021,22.6,nM,7.645891560852599,7.65,0.004108439147401555,calcium_fluorescence,cinnamaldehyde,cinnamaldehyde,EC50,75.0,CHO,20.0,,compound_before_agonist,human | not_reported | calcium_fluorescence | cinnamaldehyde | EC50 | 75 | CHO | compound_before_agonist | 20,9,,0,not_reported,not_required,,1,False,True,True,,
28242539,4474784,CHEMBL5807741,CHEMBL5807741,Cn1c(=O)ccc2ncn(Cc3nn(C[C@H](F)c4ccc(Cl)cc4)c(=O)o3)c(=O)c21,CHEMBL5736402,CHEMBL5728262,2021,43.8,nM,7.3585258894959,7.36,0.001474110504100068,calcium_fluorescence,cinnamaldehyde,cinnamaldehyde,EC50,75.0,CHO,20.0,,compound_before_agonist,human | not_reported | calcium_fluorescence | cinnamaldehyde | EC50 | 75 | CHO | compound_before_agonist | 20,9,,0,not_reported,not_required,,1,False,True,True,,
28242542,4474785,CHEMBL6005929,CHEMBL6005929,Cc1ccnc2ncn(Cc3nn([C@H]4C[C@H](c5ccc(F)cc5)C4)c(=O)o3)c(=O)c12,CHEMBL5736402,CHEMBL5728262,2021,5.76,nM,8.239577516576787,8.24,0.0004224834232129382,calcium_fluorescence,cinnamaldehyde,cinnamaldehyde,EC50,75.0,CHO,20.0,,compound_before_agonist,human | not_reported | calcium_fluorescence | cinnamaldehyde | EC50 | 75 | CHO | compound_before_agonist | 20,9,,0,not_reported,not_required,,1,False,True,True,,
28242545,4474786,CHEMBL5953423,CHEMBL5953423,Cn1cnc2cnn(Cc3nn([C@H]4C[C@H](c5ccc(Cl)cc5)C4)c(=O)o3)c(=O)c21,CHEMBL5736402,CHEMBL5728262,2021,45.7,nM,7.34008379993015,7.34,-8.379993014973053e-05,calcium_fluorescence,cinnamaldehyde,cinnamaldehyde,EC50,75.0,CHO,20.0,,compound_before_agonist,human | not_reported | calcium_fluorescence | cinnamaldehyde | EC50 | 75 | CHO | compound_before_agonist | 20,9,,0,not_reported,not_required,,1,False,True,True,,
28242548,4474787,CHEMBL5875208,CHEMBL5875208,O=c1c2cccnc2cnn1Cc1nn([C@H]2C[C@H](c3ccc(Cl)cc3)C2)c(=O)o1,CHEMBL5736402,CHEMBL5728262,2021,79.9,nM,7.097453220686009,7.1,0.0025467793139908323,calcium_fluorescence,cinnamaldehyde,cinnamaldehyde,EC50,75.0,CHO,20.0,,compound_before_agonist,human | not_reported | calcium_fluorescence | cinnamaldehyde | EC50 | 75 | CHO | compound_before_agonist | 20,9,,0,not_reported,not_required,,1,False,True,True,,
28242551,4474788,CHEMBL5925924,CHEMBL5925924,Cc1noc2ncn(Cc3nn([C@H]4C[C@H](c5ccc(Cl)cc5)C4)c(=O)o3)c(=O)c12,CHEMBL5736402,CHEMBL5728262,2021,36.2,nM,7.441291429466834,7.44,-0.0012914294668338044,calcium_fluorescence,cinnamaldehyde,cinnamaldehyde,EC50,75.0,CHO,20.0,,compound_before_agonist,human | not_reported | calcium_fluorescence | cinnamaldehyde | EC50 | 75 | CHO | compound_before_agonist | 20,9,,0,not_reported,not_required,,1,False,True,True,,
28242554,4474789,CHEMBL5907744,CHEMBL5907744,Cn1cnc2ncn(Cc3nn([C@@H]4CC[C@@H](c5ccc(F)cc5)C4)c(=O)o3)c(=O)c21,CHEMBL5736402,CHEMBL5728262,2021,8.26,nM,8.083019952679617,8.08,-0.0030199526796170773,calcium_fluorescence,cinnamaldehyde,cinnamaldehyde,EC50,75.0,CHO,20.0,,compound_before_agonist,human | not_reported | calcium_fluorescence | cinnamaldehyde | EC50 | 75 | CHO | compound_before_agonist | 20,9,,0,not_reported,not_required,,1,False,True,True,,
28242557,4474790,CHEMBL5821016,CHEMBL5821016,Cc1cc(C#N)nc2ncn(Cc3nn([C@H]4C[C@H](c5ccc(Cl)cc5)C4)c(=O)o3)c(=O)c12,CHEMBL5736402,CHEMBL5728262,2021,4.84,nM,8.315154638355587,8.31,-0.005154638355586272,calcium_fluorescence,cinnamaldehyde,cinnamaldehyde,EC50,75.0,CHO,20.0,,compound_before_agonist,human | not_reported | calcium_fluorescence | cinnamaldehyde | EC50 | 75 | CHO | compound_before_agonist | 20,9,,0,not_reported,not_required,,1,False,True,True,,
28242560,4474791,CHEMBL5944119,CHEMBL5944119,O=c1c2cccnc2ncn1Cc1nn([C@H]2C[C@](F)(c3ccc(Cl)cc3)C2)c(=O)o1,CHEMBL5736402,CHEMBL5728262,2021,16.8,nM,7.774690718274137,7.78,0.005309281725863535,calcium_fluorescence,cinnamaldehyde,cinnamaldehyde,EC50,75.0,CHO,20.0,,compound_before_agonist,human | not_reported | calcium_fluorescence | cinnamaldehyde | EC50 | 75 | CHO | compound_before_agonist | 20,9,,0,not_reported,not_required,,1,False,True,True,,
28242563,4474792,CHEMBL5752077,CHEMBL5752077,O=c1c2cccnc2ncn1Cc1nn(C[C@H](F)c2ccc(Cl)cc2)c(=O)o1,CHEMBL5736402,CHEMBL5728262,2021,48.5,nM,7.314258261397736,7.31,-0.00425826139773644,calcium_fluorescence,cinnamaldehyde,cinnamaldehyde,EC50,75.0,CHO,20.0,,compound_before_agonist,human | not_reported | calcium_fluorescence | cinnamaldehyde | EC50 | 75 | CHO | compound_before_agonist | 20,9,,0,not_reported,not_required,,1,False,True,True,,
28242566,4474793,CHEMBL5962477,CHEMBL5962477,Cc1ccnc2ncn(Cc3nn([C@H]4C[C@](F)(c5ccc(F)cc5)C4)c(=O)o3)c(=O)c12,CHEMBL5736402,CHEMBL5728262,2021,18.0,nM,7.7447274948966935,7.75,0.005272505103306457,calcium_fluorescence,cinnamaldehyde,cinnamaldehyde,EC50,75.0,CHO,20.0,,compound_before_agonist,human | not_reported | calcium_fluorescence | cinnamaldehyde | EC50 | 75 | CHO | compound_before_agonist | 20,9,,0,not_reported,not_required,,1,False,True,True,,
28242569,4474794,CHEMBL5773844,CHEMBL5773844,Cn1cnc2ncn(Cc3nn([C@H]4C[C@](F)(c5ccc(F)cc5)C4)c(=O)o3)c(=O)c21,CHEMBL5736402,CHEMBL5728262,2021,80.2,nM,7.095825631715837,7.1,0.004174368284163066,calcium_fluorescence,cinnamaldehyde,cinnamaldehyde,EC50,75.0,CHO,20.0,,compound_before_agonist,human | not_reported | calcium_fluorescence | cinnamaldehyde | EC50 | 75 | CHO | compound_before_agonist | 20,9,,0,not_reported,not_required,,1,False,True,True,,
28242572,4474795,CHEMBL5779407,CHEMBL5779407,O=c1c2cccnc2ncn1Cc1nn([C@H]2C[C@H](c3ccc(Cl)cc3)C2)c(=O)o1,CHEMBL5736402,CHEMBL5728262,2021,16.2,nM,7.790484985457369,7.79,-0.0004849854573691914,calcium_fluorescence,cinnamaldehyde,cinnamaldehyde,EC50,75.0,CHO,20.0,,compound_before_agonist,human | not_reported | calcium_fluorescence | cinnamaldehyde | EC50 | 75 | CHO | compound_before_agonist | 20,9,,0,not_reported,not_required,,1,False,True,True,,
28242575,4474796,CHEMBL5766397,CHEMBL5766397,Cc1ccnc2ncn(Cc3nn([C@H]4C[C@@](F)(c5ccc(C(F)(F)F)cc5)C4)c(=O)o3)c(=O)c12,CHEMBL5736402,CHEMBL5728262,2021,57.3,nM,7.24184537803261,7.24,-0.001845378032609979,calcium_fluorescence,cinnamaldehyde,cinnamaldehyde,EC50,75.0,CHO,20.0,,compound_before_agonist,human | not_reported | calcium_fluorescence | cinnamaldehyde | EC50 | 75 | CHO | compound_before_agonist | 20,9,,0,not_reported,not_required,,1,False,True,True,,
28242578,4474797,CHEMBL5091195,CHEMBL5091195,Cn1cnc2ncn(Cc3nn([C@@H]4CC[C@@H](c5ccc(Cl)cc5)C4)c(=O)o3)c(=O)c21,CHEMBL5736402,CHEMBL5728262,2021,9.59,nM,8.018181392829337,8.02,0.0018186071706622897,calcium_fluorescence,cinnamaldehyde,cinnamaldehyde,EC50,75.0,CHO,20.0,,compound_before_agonist,human | not_reported | calcium_fluorescence | cinnamaldehyde | EC50 | 75 | CHO | compound_before_agonist | 20,9,,0,not_reported,not_required,,1,False,True,True,,
28242581,4474798,CHEMBL6060769,CHEMBL6060769,Cn1cnc2ncn(Cc3nn([C@@H]4CC[C@@H](c5cccc(Cl)c5)C4)c(=O)o3)c(=O)c21,CHEMBL5736402,CHEMBL5728262,2021,36.1,nM,7.442492798094342,7.44,-0.002492798094341886,calcium_fluorescence,cinnamaldehyde,cinnamaldehyde,EC50,75.0,CHO,20.0,,compound_before_agonist,human | not_reported | calcium_fluorescence | cinnamaldehyde | EC50 | 75 | CHO | compound_before_agonist | 20,9,,0,not_reported,not_required,,1,False,True,True,,
28242584,4474799,CHEMBL5987810,CHEMBL5987810,Cn1cnc2ncn(Cc3nn([C@H]4C[C@H](c5ccc(OC(F)F)cc5)C4)c(=O)o3)c(=O)c21,CHEMBL5736402,CHEMBL5728262,2021,26.0,nM,7.585026652029182,7.58,-0.005026652029181733,calcium_fluorescence,cinnamaldehyde,cinnamaldehyde,EC50,75.0,CHO,20.0,,compound_before_agonist,human | not_reported | calcium_fluorescence | cinnamaldehyde | EC50 | 75 | CHO | compound_before_agonist | 20,9,,0,not_reported,not_required,,1,False,True,True,,
28242587,4474800,CHEMBL5755565,CHEMBL5755565,Cc1ccnc2ncn(Cc3nn([C@H]4C[C@](F)(c5ccc(Cl)cc5)C4)c(=O)o3)c(=O)c12,CHEMBL5736402,CHEMBL5728262,2021,29.6,nM,7.528708288941061,7.53,0.0012917110589389935,calcium_fluorescence,cinnamaldehyde,cinnamaldehyde,EC50,75.0,CHO,20.0,,compound_before_agonist,human | not_reported | calcium_fluorescence | cinnamaldehyde | EC50 | 75 | CHO | compound_before_agonist | 20,9,,0,not_reported,not_required,,1,False,True,True,,
28242590,4474801,CHEMBL5780362,CHEMBL5780362,Cn1cnc2ncn(Cc3nn([C@H]4C[C@](F)(c5ccc(Cl)cc5)C4)c(=O)o3)c(=O)c21,CHEMBL5736402,CHEMBL5728262,2021,64.0,nM,7.1938200260161125,7.19,-0.003820026016112088,calcium_fluorescence,cinnamaldehyde,cinnamaldehyde,EC50,75.0,CHO,20.0,,compound_before_agonist,human | not_reported | calcium_fluorescence | cinnamaldehyde | EC50 | 75 | CHO | compound_before_agonist | 20,9,,0,not_reported,not_required,,1,False,True,True,,
28242593,4474802,CHEMBL5891586,CHEMBL5891586,Cn1cnc2ncn(Cc3nn([C@H]4C[C@H](c5ccc(Cl)c(F)c5)C4)c(=O)o3)c(=O)c21,CHEMBL5736402,CHEMBL5728262,2021,29.9,nM,7.52432881167557,7.52,-0.004328811675570421,calcium_fluorescence,cinnamaldehyde,cinnamaldehyde,EC50,75.0,CHO,20.0,,compound_before_agonist,human | not_reported | calcium_fluorescence | cinnamaldehyde | EC50 | 75 | CHO | compound_before_agonist | 20,9,,0,not_reported,not_required,,1,False,True,True,,
28242596,4474803,CHEMBL6041401,CHEMBL6041401,Cc1ccnc2ncn(Cc3nn([C@H]4C[C@H](c5ccc(Cl)cc5)C4)c(=O)o3)c(=O)c12,CHEMBL5736402,CHEMBL5728262,2021,6.3,nM,8.200659450546418,8.2,-0.0006594505464185829,calcium_fluorescence,cinnamaldehyde,cinnamaldehyde,EC50,75.0,CHO,20.0,,compound_before_agonist,human | not_reported | calcium_fluorescence | cinnamaldehyde | EC50 | 75 | CHO | compound_before_agonist | 20,9,,0,not_reported,not_required,,1,False,True,True,,
28242599,4474804,CHEMBL5953252,CHEMBL5953252,Cn1cnc2ncn(Cc3nn([C@H]4CC[C@H](c5ccccc5)C4)c(=O)o3)c(=O)c21,CHEMBL5736402,CHEMBL5728262,2021,156.0,nM,6.806875401645538,6.81,0.0031245983544616607,calcium_fluorescence,cinnamaldehyde,cinnamaldehyde,EC50,75.0,CHO,20.0,,compound_before_agonist,human | not_reported | calcium_fluorescence | cinnamaldehyde | EC50 | 75 | CHO | compound_before_agonist | 20,9,,0,not_reported,not_required,,1,False,True,True,,
28242602,4474805,CHEMBL5795787,CHEMBL5795787,Cn1cnc2ncn(Cc3nn(C[C@H](F)c4ccc(OC(F)(F)F)cc4)c(=O)o3)c(=O)c21,CHEMBL5736402,CHEMBL5728262,2021,19.1,nM,7.718966632752272,7.72,0.0010333672477278455,calcium_fluorescence,cinnamaldehyde,cinnamaldehyde,EC50,75.0,CHO,20.0,,compound_before_agonist,human | not_reported | calcium_fluorescence | cinnamaldehyde | EC50 | 75 | CHO | compound_before_agonist | 20,9,,0,not_reported,not_required,,1,False,True,True,,
28242605,4474806,CHEMBL6033089,CHEMBL6033089,Cn1cnc2ncn(Cc3nn(C[C@H](F)c4ccc(OC(F)F)cc4)c(=O)o3)c(=O)c21,CHEMBL5736402,CHEMBL5728262,2021,81.3,nM,7.089909454405932,7.09,9.05455940678479e-05,calcium_fluorescence,cinnamaldehyde,cinnamaldehyde,EC50,75.0,CHO,20.0,,compound_before_agonist,human | not_reported | calcium_fluorescence | cinnamaldehyde | EC50 | 75 | CHO | compound_before_agonist | 20,9,,0,not_reported,not_required,,1,False,True,True,,
28242608,4474807,CHEMBL6049509,CHEMBL6049509,Cn1cnc2ncn(Cc3nn([C@H]4C[C@H](c5ccc(C(F)(F)F)cc5)C4)c(=O)o3)c(=O)c21,CHEMBL5736402,CHEMBL5728262,2021,90.0,nM,7.045757490560675,7.05,0.004242509439325026,calcium_fluorescence,cinnamaldehyde,cinnamaldehyde,EC50,75.0,CHO,20.0,,compound_before_agonist,human | not_reported | calcium_fluorescence | cinnamaldehyde | EC50 | 75 | CHO | compound_before_agonist | 20,9,,0,not_reported,not_required,,1,False,True,True,,
28242611,4474808,CHEMBL6053766,CHEMBL6053766,Cn1cnc2ncn(Cc3nn([C@H]4C[C@H](c5ccc(F)cc5)C4)c(=O)o3)c(=O)c21,CHEMBL5736402,CHEMBL5728262,2021,64.8,nM,7.188424994129407,7.19,0.001575005870593671,calcium_fluorescence,cinnamaldehyde,cinnamaldehyde,EC50,75.0,CHO,20.0,,compound_before_agonist,human | not_reported | calcium_fluorescence | cinnamaldehyde | EC50 | 75 | CHO | compound_before_agonist | 20,9,,0,not_reported,not_required,,1,False,True,True,,
28242614,4474809,CHEMBL5952845,CHEMBL5952845,Cn1cnc2ncn(Cc3nn([C@H]4C[C@H](c5ccc6ccccc6c5)C4)c(=O)o3)c(=O)c21,CHEMBL5736402,CHEMBL5728262,2021,17.8,nM,7.7495799976911055,7.75,0.00042000230889449597,calcium_fluorescence,cinnamaldehyde,cinnamaldehyde,EC50,75.0,CHO,20.0,,compound_before_agonist,human | not_reported | calcium_fluorescence | cinnamaldehyde | EC50 | 75 | CHO | compound_before_agonist | 20,9,,0,not_reported,not_required,,1,False,True,True,,
28601582,4551605,CHEMBL6001878,CHEMBL6001878,C[C@@]1(C(=O)NCc2cc(-c3ccc(C(F)(F)F)nc3)ncn2)CCCN1S(=O)(=O)c1ccc(F)cc1,CHEMBL5737786,CHEMBL5728946,2022,51.0,nM,7.292429823902063,7.29,-0.002429823902063255,calcium_fluorescence,cinnamaldehyde,cinnamaldehyde,EC80,75.0,CHO,20.0,,compound_before_agonist,human | not_reported | calcium_fluorescence | cinnamaldehyde | EC80 | 75 | CHO | compound_before_agonist | 20,9,,0,not_reported,verified_protocol,FLIPR: CHO human TRPA1; 20-min compound preincubation; ~EC80 cinnamaldehyde 75 uM.,1,False,True,True,,
28601585,4551606,CHEMBL6042547,CHEMBL6042547,C[C@@]1(C(=O)NCc2cc(-c3ccc(C(F)(F)F)nc3)ncn2)CCN1S(=O)(=O)c1ccc(F)cc1,CHEMBL5737786,CHEMBL5728946,2022,59.0,nM,7.229147988357855,7.23,0.0008520116421451007,calcium_fluorescence,cinnamaldehyde,cinnamaldehyde,EC80,75.0,CHO,20.0,,compound_before_agonist,human | not_reported | calcium_fluorescence | cinnamaldehyde | EC80 | 75 | CHO | compound_before_agonist | 20,9,,0,not_reported,verified_protocol,FLIPR: CHO human TRPA1; 20-min compound preincubation; ~EC80 cinnamaldehyde 75 uM.,2,True,True,True,,
28601588,4551607,CHEMBL4096004,CHEMBL4096004,O=C(NCc1cc(-c2ccc(C(F)(F)F)nc2)ncn1)[C@@H]1C[C@H](F)CN1S(=O)(=O)c1ccc(F)cc1,CHEMBL5737786,CHEMBL5728946,2022,819.0,nM,6.086716098239581,6.09,0.003283901760418928,calcium_fluorescence,cinnamaldehyde,cinnamaldehyde,EC80,75.0,CHO,20.0,,compound_before_agonist,human | not_reported | calcium_fluorescence | cinnamaldehyde | EC80 | 75 | CHO | compound_before_agonist | 20,9,,0,not_reported,verified_protocol,FLIPR: CHO human TRPA1; 20-min compound preincubation; ~EC80 cinnamaldehyde 75 uM.,1,False,True,True,,
28601591,4551608,CHEMBL4066996,CHEMBL4066996,O=C(NCc1cc(-c2ccc(C(F)(F)F)nc2)ncn1)[C@@H]1C[C@@H](F)CN1S(=O)(=O)c1ccc(F)cc1,CHEMBL5737786,CHEMBL5728946,2022,97.0,nM,7.013228265733755,7.01,-0.003228265733755009,calcium_fluorescence,cinnamaldehyde,cinnamaldehyde,EC80,75.0,CHO,20.0,,compound_before_agonist,human | not_reported | calcium_fluorescence | cinnamaldehyde | EC80 | 75 | CHO | compound_before_agonist | 20,9,,0,not_reported,verified_protocol,FLIPR: CHO human TRPA1; 20-min compound preincubation; ~EC80 cinnamaldehyde 75 uM.,2,True,True,True,,
28601594,4551609,CHEMBL5841668,CHEMBL5841668,O=C(NCc1cc(-c2ccc(C(F)(F)F)cc2)ncn1)[C@@H]1C[C@@H](F)CN1S(=O)(=O)c1ccc(F)cc1,CHEMBL5737786,CHEMBL5728946,2022,15.0,nM,7.823908740944319,7.82,-0.003908740944318367,calcium_fluorescence,cinnamaldehyde,cinnamaldehyde,EC80,75.0,CHO,20.0,,compound_before_agonist,human | not_reported | calcium_fluorescence | cinnamaldehyde | EC80 | 75 | CHO | compound_before_agonist | 20,9,,0,not_reported,verified_protocol,FLIPR: CHO human TRPA1; 20-min compound preincubation; ~EC80 cinnamaldehyde 75 uM.,2,True,True,True,,
28601597,4551610,CHEMBL5993133,CHEMBL5993133,O=C(NCc1cc(-c2ccc(C(F)(F)F)cc2)ncn1)[C@@H]1C[C@@H](F)CN1S(=O)(=O)c1cccc(F)c1,CHEMBL5737786,CHEMBL5728946,2022,23.0,nM,7.638272163982407,7.64,0.0017278360175927432,calcium_fluorescence,cinnamaldehyde,cinnamaldehyde,EC80,75.0,CHO,20.0,,compound_before_agonist,human | not_reported | calcium_fluorescence | cinnamaldehyde | EC80 | 75 | CHO | compound_before_agonist | 20,9,,0,not_reported,verified_protocol,FLIPR: CHO human TRPA1; 20-min compound preincubation; ~EC80 cinnamaldehyde 75 uM.,1,False,True,True,,
28601600,4551611,CHEMBL5903265,CHEMBL5903265,C[C@@]1(C(=O)NCc2cc(-c3ccc(C(F)(F)F)cn3)ncn2)CCCN1S(=O)(=O)c1ccc(F)cc1,CHEMBL5737786,CHEMBL5728946,2022,268.0,nM,6.571865205971211,6.57,-0.0018652059712103153,calcium_fluorescence,cinnamaldehyde,cinnamaldehyde,EC80,75.0,CHO,20.0,,compound_before_agonist,human | not_reported | calcium_fluorescence | cinnamaldehyde | EC80 | 75 | CHO | compound_before_agonist | 20,9,,0,not_reported,verified_protocol,FLIPR: CHO human TRPA1; 20-min compound preincubation; ~EC80 cinnamaldehyde 75 uM.,1,False,True,True,,
28601603,4551612,CHEMBL5925329,CHEMBL5925329,O=C(NCc1cc(-c2ccc(C(F)(F)F)nc2)ncn1)[C@]1(CO)CCCN1S(=O)(=O)c1ccc(F)cc1,CHEMBL5737786,CHEMBL5728946,2022,284.0,nM,6.546681659952963,6.55,0.003318340047036905,calcium_fluorescence,cinnamaldehyde,cinnamaldehyde,EC80,75.0,CHO,20.0,,compound_before_agonist,human | not_reported | calcium_fluorescence | cinnamaldehyde | EC80 | 75 | CHO | compound_before_agonist | 20,9,,0,not_reported,verified_protocol,FLIPR: CHO human TRPA1; 20-min compound preincubation; ~EC80 cinnamaldehyde 75 uM.,1,False,True,True,,
28601606,4551613,CHEMBL6024166,CHEMBL6024166,O=C(NCc1cc(-c2ccc(C(F)(F)F)nc2)c(F)cn1)[C@@H]1C[C@@H](F)CN1S(=O)(=O)c1ccc(F)cc1,CHEMBL5737786,CHEMBL5728946,2022,20.0,nM,7.698970004336019,7.7,0.0010299956639814312,calcium_fluorescence,cinnamaldehyde,cinnamaldehyde,EC80,75.0,CHO,20.0,,compound_before_agonist,human | not_reported | calcium_fluorescence | cinnamaldehyde | EC80 | 75 | CHO | compound_before_agonist | 20,9,,0,not_reported,verified_protocol,FLIPR: CHO human TRPA1; 20-min compound preincubation; ~EC80 cinnamaldehyde 75 uM.,2,True,True,True,,
28601609,4551614,CHEMBL5989168,CHEMBL5989168,O=C(NCc1cc(-c2ccc(C(F)(F)F)nc2)ncc1F)[C@@H]1C[C@@H](F)CN1S(=O)(=O)c1ccc(F)cc1,CHEMBL5737786,CHEMBL5728946,2022,17.0,nM,7.769551078621726,7.77,0.00044892137827368117,calcium_fluorescence,cinnamaldehyde,cinnamaldehyde,EC80,75.0,CHO,20.0,,compound_before_agonist,human | not_reported | calcium_fluorescence | cinnamaldehyde | EC80 | 75 | CHO | compound_before_agonist | 20,9,,0,not_reported,verified_protocol,FLIPR: CHO human TRPA1; 20-min compound preincubation; ~EC80 cinnamaldehyde 75 uM.,2,True,True,True,,
28601612,4551615,CHEMBL5881244,CHEMBL5881244,O=C(NCc1cn(-c2ccc(C(F)(F)F)nc2)nc1C1CC1)[C@@H]1C[C@@H](F)CN1S(=O)(=O)c1ccc(F)cc1,CHEMBL5737786,CHEMBL5728946,2022,55.0,nM,7.259637310505756,7.26,0.0003626894942438952,calcium_fluorescence,cinnamaldehyde,cinnamaldehyde,EC80,75.0,CHO,20.0,,compound_before_agonist,human | not_reported | calcium_fluorescence | cinnamaldehyde | EC80 | 75 | CHO | compound_before_agonist | 20,9,,0,not_reported,verified_protocol,FLIPR: CHO human TRPA1; 20-min compound preincubation; ~EC80 cinnamaldehyde 75 uM.,2,True,True,True,,
28601615,4551616,CHEMBL5938880,CHEMBL5938880,O=C(NCc1cn(-c2ccc(C(F)(F)F)nc2)nc1Cl)[C@@H]1C[C@@H](F)CN1S(=O)(=O)c1ccc(F)cc1,CHEMBL5737786,CHEMBL5728946,2022,30.0,nM,7.522878745280337,7.52,-0.0028787452803378244,calcium_fluorescence,cinnamaldehyde,cinnamaldehyde,EC80,75.0,CHO,20.0,,compound_before_agonist,human | not_reported | calcium_fluorescence | cinnamaldehyde | EC80 | 75 | CHO | compound_before_agonist | 20,9,,0,not_reported,verified_protocol,FLIPR: CHO human TRPA1; 20-min compound preincubation; ~EC80 cinnamaldehyde 75 uM.,2,True,True,True,,
28601618,4551617,CHEMBL6063051,CHEMBL6063051,O=C(NCc1cn(-c2ccc(C(F)(F)F)cc2)nc1Cl)[C@@H]1C[C@@H](F)CN1S(=O)(=O)c1ccc(F)cc1,CHEMBL5737786,CHEMBL5728946,2022,8.0,nM,8.096910013008056,8.1,0.0030899869919434053,calcium_fluorescence,cinnamaldehyde,cinnamaldehyde,EC80,75.0,CHO,20.0,,compound_before_agonist,human | not_reported | calcium_fluorescence | cinnamaldehyde | EC80 | 75 | CHO | compound_before_agonist | 20,9,,0,not_reported,verified_protocol,FLIPR: CHO human TRPA1; 20-min compound preincubation; ~EC80 cinnamaldehyde 75 uM.,2,True,True,True,,
28601621,4551618,CHEMBL5920085,CHEMBL5920085,N#Cc1ccc(S(=O)(=O)N2C[C@H](F)C[C@H]2C(=O)NCc2cn(-c3ccc(C(F)(F)F)cc3)nc2Cl)cc1,CHEMBL5737786,CHEMBL5728946,2022,49.0,nM,7.309803919971486,7.31,0.00019608002851345674,calcium_fluorescence,cinnamaldehyde,cinnamaldehyde,EC80,75.0,CHO,20.0,,compound_before_agonist,human | not_reported | calcium_fluorescence | cinnamaldehyde | EC80 | 75 | CHO | compound_before_agonist | 20,9,,0,not_reported,verified_protocol,FLIPR: CHO human TRPA1; 20-min compound preincubation; ~EC80 cinnamaldehyde 75 uM.,1,False,True,True,,
28601624,4551619,CHEMBL6000992,CHEMBL6000992,C[C@@]1(C(=O)NCc2cc(-c3ccc(C(F)(F)F)nc3)ncn2)C[C@@H](F)CN1S(=O)(=O)c1ccc(F)cc1,CHEMBL5737786,CHEMBL5728946,2022,16.0,nM,7.795880017344075,7.8,0.0041199826559248365,calcium_fluorescence,cinnamaldehyde,cinnamaldehyde,EC80,75.0,CHO,20.0,,compound_before_agonist,human | not_reported | calcium_fluorescence | cinnamaldehyde | EC80 | 75 | CHO | compound_before_agonist | 20,9,,0,not_reported,verified_protocol,FLIPR: CHO human TRPA1; 20-min compound preincubation; ~EC80 cinnamaldehyde 75 uM.,2,True,True,True,,
28601627,4551620,CHEMBL6028461,CHEMBL6028461,O=C(NCc1cc(-c2ccc(C3CC3)cc2)ncn1)[C@@H]1C[C@@H](F)CN1S(=O)(=O)c1ccc(F)cc1,CHEMBL5737786,CHEMBL5728946,2022,107.0,nM,6.97061622231479,6.97,-0.0006162223147905266,calcium_fluorescence,cinnamaldehyde,cinnamaldehyde,EC80,75.0,CHO,20.0,,compound_before_agonist,human | not_reported | calcium_fluorescence | cinnamaldehyde | EC80 | 75 | CHO | compound_before_agonist | 20,9,,0,not_reported,verified_protocol,FLIPR: CHO human TRPA1; 20-min compound preincubation; ~EC80 cinnamaldehyde 75 uM.,2,True,True,True,,
28601630,4551621,CHEMBL5936132,CHEMBL5936132,O=C(NCc1cc(N2CCC(C(F)(F)F)CC2)ncn1)[C@@H]1C[C@@H](F)CN1S(=O)(=O)c1ccc(F)cc1,CHEMBL5737786,CHEMBL5728946,2022,434.0,nM,6.362510270487489,6.36,-0.0025102704874884196,calcium_fluorescence,cinnamaldehyde,cinnamaldehyde,EC80,75.0,CHO,20.0,,compound_before_agonist,human | not_reported | calcium_fluorescence | cinnamaldehyde | EC80 | 75 | CHO | compound_before_agonist | 20,9,,0,not_reported,verified_protocol,FLIPR: CHO human TRPA1; 20-min compound preincubation; ~EC80 cinnamaldehyde 75 uM.,1,False,True,True,,
28601633,4551622,CHEMBL5879759,CHEMBL5879759,C[C@@]1(C(=O)NCc2cc(-c3ccc(C(F)(F)F)cc3)ncn2)C[C@@H](F)CN1S(=O)(=O)c1ccc(F)cc1,CHEMBL5737786,CHEMBL5728946,2022,7.0,nM,8.154901959985743,8.15,-0.004901959985742721,calcium_fluorescence,cinnamaldehyde,cinnamaldehyde,EC80,75.0,CHO,20.0,,compound_before_agonist,human | not_reported | calcium_fluorescence | cinnamaldehyde | EC80 | 75 | CHO | compound_before_agonist | 20,9,,0,not_reported,verified_protocol,FLIPR: CHO human TRPA1; 20-min compound preincubation; ~EC80 cinnamaldehyde 75 uM.,2,True,True,True,,
28601636,4551623,CHEMBL6048359,CHEMBL6048359,O=C(NCc1cc(-c2ccc(OC(F)(F)F)cc2)ncn1)[C@@H]1C[C@@H](F)CN1S(=O)(=O)c1ccc(F)cc1,CHEMBL5737786,CHEMBL5728946,2022,21.0,nM,7.6777807052660805,7.68,0.0022192947339192415,calcium_fluorescence,cinnamaldehyde,cinnamaldehyde,EC80,75.0,CHO,20.0,,compound_before_agonist,human | not_reported | calcium_fluorescence | cinnamaldehyde | EC80 | 75 | CHO | compound_before_agonist | 20,9,,0,not_reported,verified_protocol,FLIPR: CHO human TRPA1; 20-min compound preincubation; ~EC80 cinnamaldehyde 75 uM.,2,True,True,True,,
28601639,4551624,CHEMBL5895656,CHEMBL5895656,Cc1nc(CNC(=O)[C@@H]2C[C@@H](F)CN2S(=O)(=O)c2ccc(F)cc2)cc(-c2ccc(C(F)(F)F)nc2)n1,CHEMBL5737786,CHEMBL5728946,2022,87.0,nM,7.060480747381382,7.06,-0.00048074738138215167,calcium_fluorescence,cinnamaldehyde,cinnamaldehyde,EC80,75.0,CHO,20.0,,compound_before_agonist,human | not_reported | calcium_fluorescence | cinnamaldehyde | EC80 | 75 | CHO | compound_before_agonist | 20,9,,0,not_reported,verified_protocol,FLIPR: CHO human TRPA1; 20-min compound preincubation; ~EC80 cinnamaldehyde 75 uM.,2,True,True,True,,
28601642,4551625,CHEMBL5754338,CHEMBL5754338,O=C(NCc1cc(-c2ccc(C3CC3)nc2)ncn1)[C@@H]1C[C@@H](F)CN1S(=O)(=O)c1ccc(F)cc1,CHEMBL5737786,CHEMBL5728946,2022,2700.0,nM,5.568636235841012,5.57,0.00136376415898809,calcium_fluorescence,cinnamaldehyde,cinnamaldehyde,EC80,75.0,CHO,20.0,,compound_before_agonist,human | not_reported | calcium_fluorescence | cinnamaldehyde | EC80 | 75 | CHO | compound_before_agonist | 20,9,,0,not_reported,verified_protocol,FLIPR: CHO human TRPA1; 20-min compound preincubation; ~EC80 cinnamaldehyde 75 uM.,1,False,True,True,,
28601645,4551626,CHEMBL5848515,CHEMBL5848515,O=C(NCc1cc(-c2ccc(C(F)(F)F)nc2)ncn1)[C@@H]1C[C@@H](F)CN1S(=O)(=O)c1ccc(Cl)s1,CHEMBL5737786,CHEMBL5728946,2022,27.0,nM,7.568636235841012,7.57,0.00136376415898809,calcium_fluorescence,cinnamaldehyde,cinnamaldehyde,EC80,75.0,CHO,20.0,,compound_before_agonist,human | not_reported | calcium_fluorescence | cinnamaldehyde | EC80 | 75 | CHO | compound_before_agonist | 20,9,,0,not_reported,verified_protocol,FLIPR: CHO human TRPA1; 20-min compound preincubation; ~EC80 cinnamaldehyde 75 uM.,1,False,True,True,,
28601648,4551627,CHEMBL6015925,CHEMBL6015925,O=C(NCc1cc(-c2ccc(C(F)(F)F)nc2)ncn1)[C@@H]1C[C@@H](F)CN1S(=O)(=O)c1ccc(F)c(F)c1,CHEMBL5737786,CHEMBL5728946,2022,126.0,nM,6.899629454882437,6.9,0.0003705451175637364,calcium_fluorescence,cinnamaldehyde,cinnamaldehyde,EC80,75.0,CHO,20.0,,compound_before_agonist,human | not_reported | calcium_fluorescence | cinnamaldehyde | EC80 | 75 | CHO | compound_before_agonist | 20,9,,0,not_reported,verified_protocol,FLIPR: CHO human TRPA1; 20-min compound preincubation; ~EC80 cinnamaldehyde 75 uM.,2,True,True,True,,
28601651,4551628,CHEMBL5814964,CHEMBL5814964,O=C(NCc1cc(-c2ccc(C(F)(F)F)cc2)ncn1)[C@@H]1C[C@@H](F)CN1S(=O)(=O)c1ccc(F)c(F)c1,CHEMBL5737786,CHEMBL5728946,2022,30.0,nM,7.522878745280337,7.52,-0.0028787452803378244,calcium_fluorescence,cinnamaldehyde,cinnamaldehyde,EC80,75.0,CHO,20.0,,compound_before_agonist,human | not_reported | calcium_fluorescence | cinnamaldehyde | EC80 | 75 | CHO | compound_before_agonist | 20,9,,0,not_reported,verified_protocol,FLIPR: CHO human TRPA1; 20-min compound preincubation; ~EC80 cinnamaldehyde 75 uM.,2,True,True,True,,
28601654,4551629,CHEMBL5871116,CHEMBL5871116,O=C(NCc1cc(-c2ccc(C(F)(F)F)nc2)ncn1)[C@@H]1C[C@@H](F)CN1S(=O)(=O)c1cncc(F)c1,CHEMBL5737786,CHEMBL5728946,2022,3000.0,nM,5.522878745280337,5.52,-0.0028787452803378244,calcium_fluorescence,cinnamaldehyde,cinnamaldehyde,EC80,75.0,CHO,20.0,,compound_before_agonist,human | not_reported | calcium_fluorescence | cinnamaldehyde | EC80 | 75 | CHO | compound_before_agonist | 20,9,,0,not_reported,verified_protocol,FLIPR: CHO human TRPA1; 20-min compound preincubation; ~EC80 cinnamaldehyde 75 uM.,1,False,True,True,,
28601657,4551630,CHEMBL6033433,CHEMBL6033433,O=C(NCc1cc(-c2ccc(C(F)(F)F)cc2)ncn1)[C@@H]1C[C@@H](F)CN1S(=O)(=O)c1cncc(F)c1,CHEMBL5737786,CHEMBL5728946,2022,229.0,nM,6.6401645176601125,6.64,-0.00016451766011282842,calcium_fluorescence,cinnamaldehyde,cinnamaldehyde,EC80,75.0,CHO,20.0,,compound_before_agonist,human | not_reported | calcium_fluorescence | cinnamaldehyde | EC80 | 75 | CHO | compound_before_agonist | 20,9,,0,not_reported,verified_protocol,FLIPR: CHO human TRPA1; 20-min compound preincubation; ~EC80 cinnamaldehyde 75 uM.,1,False,True,True,,
28601660,4551631,CHEMBL5812704,CHEMBL5812704,O=C(NCc1cc(-c2ccc(SC(F)(F)F)cc2)ncn1)[C@@H]1C[C@@H](F)CN1S(=O)(=O)c1ccc(F)cc1,CHEMBL5737786,CHEMBL5728946,2022,32.0,nM,7.494850021680094,7.5,0.005149978319906268,calcium_fluorescence,cinnamaldehyde,cinnamaldehyde,EC80,75.0,CHO,20.0,,compound_before_agonist,human | not_reported | calcium_fluorescence | cinnamaldehyde | EC80 | 75 | CHO | compound_before_agonist | 20,9,,0,not_reported,verified_protocol,FLIPR: CHO human TRPA1; 20-min compound preincubation; ~EC80 cinnamaldehyde 75 uM.,2,True,True,True,,
28601663,4551632,CHEMBL6017794,CHEMBL6017794,O=C(NCc1cc(C2=CCC(C(F)(F)F)CC2)ncn1)[C@@H]1C[C@@H](F)CN1S(=O)(=O)c1ccc(F)cc1,CHEMBL5737786,CHEMBL5728946,2022,30.0,nM,7.522878745280337,7.52,-0.0028787452803378244,calcium_fluorescence,cinnamaldehyde,cinnamaldehyde,EC80,75.0,CHO,20.0,,compound_before_agonist,human | not_reported | calcium_fluorescence | cinnamaldehyde | EC80 | 75 | CHO | compound_before_agonist | 20,9,,0,not_reported,verified_protocol,FLIPR: CHO human TRPA1; 20-min compound preincubation; ~EC80 cinnamaldehyde 75 uM.,2,True,True,True,,
28601666,4551633,CHEMBL5997536,CHEMBL5997536,O=C(NCc1cc([C@H]2CC[C@@H](C(F)(F)F)CC2)ncn1)[C@@H]1C[C@@H](F)CN1S(=O)(=O)c1ccc(F)cc1,CHEMBL5737786,CHEMBL5728946,2022,308.0,nM,6.511449283499555,6.51,-0.0014492834995554205,calcium_fluorescence,cinnamaldehyde,cinnamaldehyde,EC80,75.0,CHO,20.0,,compound_before_agonist,human | not_reported | calcium_fluorescence | cinnamaldehyde | EC80 | 75 | CHO | compound_before_agonist | 20,9,,0,not_reported,verified_protocol,FLIPR: CHO human TRPA1; 20-min compound preincubation; ~EC80 cinnamaldehyde 75 uM.,1,False,True,True,,
28601669,4551634,CHEMBL5774901,CHEMBL5774901,O=C(NCc1cc([C@H]2CC[C@H](C(F)(F)F)CC2)ncn1)[C@@H]1C[C@@H](F)CN1S(=O)(=O)c1ccc(F)cc1,CHEMBL5737786,CHEMBL5728946,2022,29.0,nM,7.537602002101044,7.54,0.0023979978989556727,calcium_fluorescence,cinnamaldehyde,cinnamaldehyde,EC80,75.0,CHO,20.0,,compound_before_agonist,human | not_reported | calcium_fluorescence | cinnamaldehyde | EC80 | 75 | CHO | compound_before_agonist | 20,9,,0,not_reported,verified_protocol,FLIPR: CHO human TRPA1; 20-min compound preincubation; ~EC80 cinnamaldehyde 75 uM.,2,True,True,True,,
28601672,4551635,CHEMBL5797246,CHEMBL5797246,COC[C@@]1(C(=O)NCc2cc(-c3ccc(C(F)(F)F)nc3)ncn2)CCCN1S(=O)(=O)c1ccc(F)cc1,CHEMBL5737786,CHEMBL5728946,2022,252.0,nM,6.598599459218455,6.6,0.0014005407815442794,calcium_fluorescence,cinnamaldehyde,cinnamaldehyde,EC80,75.0,CHO,20.0,,compound_before_agonist,human | not_reported | calcium_fluorescence | cinnamaldehyde | EC80 | 75 | CHO | compound_before_agonist | 20,9,,0,not_reported,verified_protocol,FLIPR: CHO human TRPA1; 20-min compound preincubation; ~EC80 cinnamaldehyde 75 uM.,1,False,True,True,,
28601675,4551636,CHEMBL5891287,CHEMBL5891287,O=C(NCc1cc(-c2ccc(C(F)(F)F)nc2)ncn1)[C@]1(C(F)F)CCCN1S(=O)(=O)c1ccc(F)cc1,CHEMBL5737786,CHEMBL5728946,2022,29.0,nM,7.537602002101044,7.54,0.0023979978989556727,calcium_fluorescence,cinnamaldehyde,cinnamaldehyde,EC80,75.0,CHO,20.0,,compound_before_agonist,human | not_reported | calcium_fluorescence | cinnamaldehyde | EC80 | 75 | CHO | compound_before_agonist | 20,9,,0,not_reported,verified_protocol,FLIPR: CHO human TRPA1; 20-min compound preincubation; ~EC80 cinnamaldehyde 75 uM.,1,False,True,True,,
28601678,4551637,CHEMBL6062166,CHEMBL6062166,N#C[C@@]1(C(=O)NCc2cc(-c3ccc(C(F)(F)F)nc3)ncn2)CCCN1S(=O)(=O)c1ccc(F)cc1,CHEMBL5737786,CHEMBL5728946,2022,867.0,nM,6.061980902523789,6.06,-0.001980902523789574,calcium_fluorescence,cinnamaldehyde,cinnamaldehyde,EC80,75.0,CHO,20.0,,compound_before_agonist,human | not_reported | calcium_fluorescence | cinnamaldehyde | EC80 | 75 | CHO | compound_before_agonist | 20,9,,0,not_reported,verified_protocol,FLIPR: CHO human TRPA1; 20-min compound preincubation; ~EC80 cinnamaldehyde 75 uM.,1,False,True,True,,
28601681,4551638,CHEMBL6056755,CHEMBL6056755,O=C(NCc1cc(-c2ccc(C(F)(F)F)nc2)ncn1)[C@@H]1[C@@H](F)CCN1S(=O)(=O)c1ccc(F)cc1,CHEMBL5737786,CHEMBL5728946,2022,23.0,nM,7.638272163982407,7.64,0.0017278360175927432,calcium_fluorescence,cinnamaldehyde,cinnamaldehyde,EC80,75.0,CHO,20.0,,compound_before_agonist,human | not_reported | calcium_fluorescence | cinnamaldehyde | EC80 | 75 | CHO | compound_before_agonist | 20,9,,0,not_reported,verified_protocol,FLIPR: CHO human TRPA1; 20-min compound preincubation; ~EC80 cinnamaldehyde 75 uM.,2,True,True,True,,
28601684,4551639,CHEMBL6035953,CHEMBL6035953,O=C(NCc1cc(-c2ccc(C(F)(F)F)cc2)ncn1)[C@@H]1[C@H]2CC[C@H](C2)N1S(=O)(=O)c1ccc(F)cc1,CHEMBL5737786,CHEMBL5728946,2022,23.0,nM,7.638272163982407,7.64,0.0017278360175927432,calcium_fluorescence,cinnamaldehyde,cinnamaldehyde,EC80,75.0,CHO,20.0,,compound_before_agonist,human | not_reported | calcium_fluorescence | cinnamaldehyde | EC80 | 75 | CHO | compound_before_agonist | 20,9,,0,not_reported,verified_protocol,FLIPR: CHO human TRPA1; 20-min compound preincubation; ~EC80 cinnamaldehyde 75 uM.,1,False,True,True,,
28601687,4551640,CHEMBL5821210,CHEMBL5821210,O=C(NCc1cc(-c2ccc(C(F)(F)F)nc2)ncn1)[C@@H]1[C@H]2CC[C@H](C2)N1S(=O)(=O)c1ccc(F)cc1,CHEMBL5737786,CHEMBL5728946,2022,40.0,nM,7.3979400086720375,7.4,0.0020599913279628623,calcium_fluorescence,cinnamaldehyde,cinnamaldehyde,EC80,75.0,CHO,20.0,,compound_before_agonist,human | not_reported | calcium_fluorescence | cinnamaldehyde | EC80 | 75 | CHO | compound_before_agonist | 20,9,,0,not_reported,verified_protocol,FLIPR: CHO human TRPA1; 20-min compound preincubation; ~EC80 cinnamaldehyde 75 uM.,1,False,True,True,,
28601690,4551641,CHEMBL5791120,CHEMBL5791120,O=C(NCc1cc(-c2ccc(C(F)(F)F)nc2)ncn1)[C@@H]1[C@H](F)CCN1S(=O)(=O)c1ccc(F)cc1,CHEMBL5737786,CHEMBL5728946,2022,120.0,nM,6.920818753952375,6.92,-0.0008187539523749621,calcium_fluorescence,cinnamaldehyde,cinnamaldehyde,EC80,75.0,CHO,20.0,,compound_before_agonist,human | not_reported | calcium_fluorescence | cinnamaldehyde | EC80 | 75 | CHO | compound_before_agonist | 20,9,,0,not_reported,verified_protocol,FLIPR: CHO human TRPA1; 20-min compound preincubation; ~EC80 cinnamaldehyde 75 uM.,1,False,True,True,,
28601693,4551642,CHEMBL6020384,CHEMBL6020384,O=C(NCc1cc(N2CCC(C(F)(F)F)CC2)c(F)cn1)[C@@H]1C[C@@H](F)CN1S(=O)(=O)c1ccc(F)cc1,CHEMBL5737786,CHEMBL5728946,2022,21.0,nM,7.6777807052660805,7.68,0.0022192947339192415,calcium_fluorescence,cinnamaldehyde,cinnamaldehyde,EC80,75.0,CHO,20.0,,compound_before_agonist,human | not_reported | calcium_fluorescence | cinnamaldehyde | EC80 | 75 | CHO | compound_before_agonist | 20,9,,0,not_reported,verified_protocol,FLIPR: CHO human TRPA1; 20-min compound preincubation; ~EC80 cinnamaldehyde 75 uM.,2,True,True,True,,
28601696,4551643,CHEMBL5995767,CHEMBL5995767,N#Cc1ccc(-c2cnc(C(F)(F)F)nc2)cc1CNC(=O)[C@@H]1[C@@H](F)CCN1S(=O)(=O)c1ccc(F)cc1,CHEMBL5737786,CHEMBL5728946,2022,14.0,nM,7.853871964321762,7.85,-0.003871964321762178,calcium_fluorescence,cinnamaldehyde,cinnamaldehyde,EC80,75.0,CHO,20.0,,compound_before_agonist,human | not_reported | calcium_fluorescence | cinnamaldehyde | EC80 | 75 | CHO | compound_before_agonist | 20,9,,0,not_reported,verified_protocol,FLIPR: CHO human TRPA1; 20-min compound preincubation; ~EC80 cinnamaldehyde 75 uM.,1,False,True,True,,
28601699,4551644,CHEMBL4083847,CHEMBL4083847,C[C@@H]1CC[C@@H](C(=O)NCc2cc(-c3ccc(C(F)(F)F)nc3)ncn2)N1S(=O)(=O)c1ccc(F)cc1,CHEMBL5737786,CHEMBL5728946,2022,45.0,nM,7.346787486224656,7.35,0.003212513775343595,calcium_fluorescence,cinnamaldehyde,cinnamaldehyde,EC80,75.0,CHO,20.0,,compound_before_agonist,human | not_reported | calcium_fluorescence | cinnamaldehyde | EC80 | 75 | CHO | compound_before_agonist | 20,9,,0,not_reported,verified_protocol,FLIPR: CHO human TRPA1; 20-min compound preincubation; ~EC80 cinnamaldehyde 75 uM.,1,False,True,True,,
28601702,4551645,CHEMBL5830399,CHEMBL5830399,O=C(NCc1cc(-c2ccc(C(F)(F)F)nc2)ncn1)[C@@H]1C[C@@](F)(CF)CN1S(=O)(=O)c1ccc(F)cc1,CHEMBL5737786,CHEMBL5728946,2022,291.0,nM,6.536107011014092,6.54,0.0038929889859078415,calcium_fluorescence,cinnamaldehyde,cinnamaldehyde,EC80,75.0,CHO,20.0,,compound_before_agonist,human | not_reported | calcium_fluorescence | cinnamaldehyde | EC80 | 75 | CHO | compound_before_agonist | 20,9,,0,not_reported,verified_protocol,FLIPR: CHO human TRPA1; 20-min compound preincubation; ~EC80 cinnamaldehyde 75 uM.,1,False,True,True,,
28601705,4551646,CHEMBL4077957,CHEMBL4077957,C[C@H]1CC[C@@H](C(=O)NCc2cc(-c3ccc(C(F)(F)F)nc3)ncn2)N1S(=O)(=O)c1ccc(F)cc1,CHEMBL5737786,CHEMBL5728946,2022,5.0,nM,8.301029995663981,8.3,-0.001029995663980543,calcium_fluorescence,cinnamaldehyde,cinnamaldehyde,EC80,75.0,CHO,20.0,,compound_before_agonist,human | not_reported | calcium_fluorescence | cinnamaldehyde | EC80 | 75 | CHO | compound_before_agonist | 20,9,,0,not_reported,verified_protocol,FLIPR: CHO human TRPA1; 20-min compound preincubation; ~EC80 cinnamaldehyde 75 uM.,1,False,True,True,,
28601708,4551647,CHEMBL5850003,CHEMBL5850003,O=C(NCc1cc(-c2cnc(C(F)(F)F)nc2)ncn1)[C@@H]1C[C@@H](F)CN1S(=O)(=O)c1ccc(F)cc1,CHEMBL5737786,CHEMBL5728946,2022,251.0,nM,6.600326278518962,6.6,-0.00032627851896194215,calcium_fluorescence,cinnamaldehyde,cinnamaldehyde,EC80,75.0,CHO,20.0,,compound_before_agonist,human | not_reported | calcium_fluorescence | cinnamaldehyde | EC80 | 75 | CHO | compound_before_agonist | 20,9,,0,not_reported,verified_protocol,FLIPR: CHO human TRPA1; 20-min compound preincubation; ~EC80 cinnamaldehyde 75 uM.,1,False,True,True,,
28601711,4551648,CHEMBL6043336,CHEMBL6043336,Cc1cc(CNC(=O)[C@@H]2C[C@@H](F)CN2S(=O)(=O)c2ccc(F)cc2)cc(-c2cnc(C(F)(F)F)nc2)n1,CHEMBL5737786,CHEMBL5728946,2022,47.0,nM,7.327902142064282,7.33,0.0020978579357180394,calcium_fluorescence,cinnamaldehyde,cinnamaldehyde,EC80,75.0,CHO,20.0,,compound_before_agonist,human | not_reported | calcium_fluorescence | cinnamaldehyde | EC80 | 75 | CHO | compound_before_agonist | 20,9,,0,not_reported,verified_protocol,FLIPR: CHO human TRPA1; 20-min compound preincubation; ~EC80 cinnamaldehyde 75 uM.,1,False,True,True,,
28601714,4551649,CHEMBL5945949,CHEMBL5945949,COc1nc(C(F)(F)F)ccc1-c1cc(F)cc(CNC(=O)[C@@H]2C[C@@H](F)CN2S(=O)(=O)c2ccc(F)cc2)c1,CHEMBL5737786,CHEMBL5728946,2022,48.0,nM,7.318758762624412,7.32,0.0012412373755879003,calcium_fluorescence,cinnamaldehyde,cinnamaldehyde,EC80,75.0,CHO,20.0,,compound_before_agonist,human | not_reported | calcium_fluorescence | cinnamaldehyde | EC80 | 75 | CHO | compound_before_agonist | 20,9,,0,not_reported,verified_protocol,FLIPR: CHO human TRPA1; 20-min compound preincubation; ~EC80 cinnamaldehyde 75 uM.,1,False,True,True,,
28601717,4551650,CHEMBL5746459,CHEMBL5746459,C[C@@]1(F)C[C@@H](C(=O)NCc2cc(F)cc(-c3ccc(C(F)(F)F)nn3)c2)N(S(=O)(=O)c2ccc(F)cc2)C1,CHEMBL5737786,CHEMBL5728946,2022,24.0,nM,7.619788758288394,7.62,0.0002112417116064691,calcium_fluorescence,cinnamaldehyde,cinnamaldehyde,EC80,75.0,CHO,20.0,,compound_before_agonist,human | not_reported | calcium_fluorescence | cinnamaldehyde | EC80 | 75 | CHO | compound_before_agonist | 20,9,,0,not_reported,verified_protocol,FLIPR: CHO human TRPA1; 20-min compound preincubation; ~EC80 cinnamaldehyde 75 uM.,1,False,True,True,,
28601720,4551651,CHEMBL5975639,CHEMBL5975639,CC1(F)C[C@@H](C(=O)NCc2cc(-c3ccc(OC(F)(F)F)cc3)ncn2)N(S(=O)(=O)c2ccc(F)cc2)C1,CHEMBL5737786,CHEMBL5728946,2022,20.0,nM,7.698970004336019,7.7,0.0010299956639814312,calcium_fluorescence,cinnamaldehyde,cinnamaldehyde,EC80,75.0,CHO,20.0,,compound_before_agonist,human | not_reported | calcium_fluorescence | cinnamaldehyde | EC80 | 75 | CHO | compound_before_agonist | 20,9,,0,not_reported,verified_protocol,FLIPR: CHO human TRPA1; 20-min compound preincubation; ~EC80 cinnamaldehyde 75 uM.,1,False,True,True,,
28601723,4551652,CHEMBL5796956,CHEMBL5796956,C[C@@]1(F)C[C@@H](C(=O)NCc2cc(F)cc(-c3cnc(C(F)(F)F)cn3)c2)N(S(=O)(=O)c2ccc(F)cc2)C1,CHEMBL5737786,CHEMBL5728946,2022,11.0,nM,7.958607314841775,7.96,0.0013926851582253263,calcium_fluorescence,cinnamaldehyde,cinnamaldehyde,EC80,75.0,CHO,20.0,,compound_before_agonist,human | not_reported | calcium_fluorescence | cinnamaldehyde | EC80 | 75 | CHO | compound_before_agonist | 20,9,,0,not_reported,verified_protocol,FLIPR: CHO human TRPA1; 20-min compound preincubation; ~EC80 cinnamaldehyde 75 uM.,1,False,True,True,,
28601726,4551653,CHEMBL5827893,CHEMBL5827893,Cc1cc(-c2cnc(C(F)(F)F)nc2)cc(CNC(=O)[C@@H]2C[C@@H](F)CN2S(=O)(=O)c2ccc(F)cc2)n1,CHEMBL5737786,CHEMBL5728946,2022,152.0,nM,6.818156412055227,6.82,0.0018435879447729064,calcium_fluorescence,cinnamaldehyde,cinnamaldehyde,EC80,75.0,CHO,20.0,,compound_before_agonist,human | not_reported | calcium_fluorescence | cinnamaldehyde | EC80 | 75 | CHO | compound_before_agonist | 20,9,,0,not_reported,verified_protocol,FLIPR: CHO human TRPA1; 20-min compound preincubation; ~EC80 cinnamaldehyde 75 uM.,1,False,True,True,,
28601729,4551654,CHEMBL6040428,CHEMBL6040428,O=C(NCc1cc(-c2ccc(C(F)(F)F)cn2)cc(F)n1)[C@@H]1C[C@@H](F)CN1S(=O)(=O)c1ccc(F)cc1,CHEMBL5737786,CHEMBL5728946,2022,9.0,nM,8.045757490560675,8.05,0.004242509439325914,calcium_fluorescence,cinnamaldehyde,cinnamaldehyde,EC80,75.0,CHO,20.0,,compound_before_agonist,human | not_reported | calcium_fluorescence | cinnamaldehyde | EC80 | 75 | CHO | compound_before_agonist | 20,9,,0,not_reported,verified_protocol,FLIPR: CHO human TRPA1; 20-min compound preincubation; ~EC80 cinnamaldehyde 75 uM.,1,False,True,True,,
28601732,4551655,CHEMBL5855830,CHEMBL5855830,N#Cc1nn(-c2ccc(C(F)(F)F)cc2)cc1CNC(=O)[C@@H]1C[C@@H](F)CN1S(=O)(=O)c1ccc(F)cc1,CHEMBL5737786,CHEMBL5728946,2022,60.0,nM,7.221848749616356,7.22,-0.0018487496163563932,calcium_fluorescence,cinnamaldehyde,cinnamaldehyde,EC80,75.0,CHO,20.0,,compound_before_agonist,human | not_reported | calcium_fluorescence | cinnamaldehyde | EC80 | 75 | CHO | compound_before_agonist | 20,9,,0,not_reported,verified_protocol,FLIPR: CHO human TRPA1; 20-min compound preincubation; ~EC80 cinnamaldehyde 75 uM.,1,False,True,True,,
28601735,4551656,CHEMBL5923850,CHEMBL5923850,O=C(NCc1cc(-c2ccc(C(F)(F)F)nc2)ncn1)C1C2CC(CC2F)N1S(=O)(=O)c1ccc(F)cc1,CHEMBL5737786,CHEMBL5728946,2022,52.0,nM,7.2839966563652006,7.28,-0.003996656365200302,calcium_fluorescence,cinnamaldehyde,cinnamaldehyde,EC80,75.0,CHO,20.0,,compound_before_agonist,human | not_reported | calcium_fluorescence | cinnamaldehyde | EC80 | 75 | CHO | compound_before_agonist | 20,9,,0,not_reported,verified_protocol,FLIPR: CHO human TRPA1; 20-min compound preincubation; ~EC80 cinnamaldehyde 75 uM.,1,False,True,True,,
28601738,4551657,CHEMBL5880664,CHEMBL5880664,C[C@@]1(F)C[C@@H](C(=O)NCc2cc(F)cc(-c3cnc(C(F)(F)F)nc3)c2)N(S(=O)(=O)c2ccc(F)cc2)C1,CHEMBL5737786,CHEMBL5728946,2022,16.0,nM,7.795880017344075,7.8,0.0041199826559248365,calcium_fluorescence,cinnamaldehyde,cinnamaldehyde,EC80,75.0,CHO,20.0,,compound_before_agonist,human | not_reported | calcium_fluorescence | cinnamaldehyde | EC80 | 75 | CHO | compound_before_agonist | 20,9,,0,not_reported,verified_protocol,FLIPR: CHO human TRPA1; 20-min compound preincubation; ~EC80 cinnamaldehyde 75 uM.,1,False,True,True,,
28601741,4551658,CHEMBL5794445,CHEMBL5794445,O=C(NCc1cc(-c2cnc(C(F)(F)F)nc2)ccn1)[C@@H]1C[C@@H](F)CN1S(=O)(=O)c1ccc(F)cc1,CHEMBL5737786,CHEMBL5728946,2022,411.0,nM,6.386158178123931,6.39,0.0038418218760689626,calcium_fluorescence,cinnamaldehyde,cinnamaldehyde,EC80,75.0,CHO,20.0,,compound_before_agonist,human | not_reported | calcium_fluorescence | cinnamaldehyde | EC80 | 75 | CHO | compound_before_agonist | 20,9,,0,not_reported,verified_protocol,FLIPR: CHO human TRPA1; 20-min compound preincubation; ~EC80 cinnamaldehyde 75 uM.,1,False,True,True,,
28601744,4551659,CHEMBL6026305,CHEMBL6026305,O=C(NCc1cc(-c2cnc(C(F)(F)F)cn2)ccc1F)[C@@H]1C[C@@H](F)CN1S(=O)(=O)c1ccc(F)cc1,CHEMBL5737786,CHEMBL5728946,2022,13.0,nM,7.886056647693163,7.89,0.003943352306836623,calcium_fluorescence,cinnamaldehyde,cinnamaldehyde,EC80,75.0,CHO,20.0,,compound_before_agonist,human | not_reported | calcium_fluorescence | cinnamaldehyde | EC80 | 75 | CHO | compound_before_agonist | 20,9,,0,not_reported,verified_protocol,FLIPR: CHO human TRPA1; 20-min compound preincubation; ~EC80 cinnamaldehyde 75 uM.,1,False,True,True,,
28601747,4551660,CHEMBL5746190,CHEMBL5746190,O=C(NCc1cc(-c2ccc(C(F)F)cc2)ncn1)[C@@H]1[C@@H](F)CCN1S(=O)(=O)c1ccc(F)cc1,CHEMBL5737786,CHEMBL5728946,2022,33.0,nM,7.481486060122112,7.48,-0.0014860601221116099,calcium_fluorescence,cinnamaldehyde,cinnamaldehyde,EC80,75.0,CHO,20.0,,compound_before_agonist,human | not_reported | calcium_fluorescence | cinnamaldehyde | EC80 | 75 | CHO | compound_before_agonist | 20,9,,0,not_reported,verified_protocol,FLIPR: CHO human TRPA1; 20-min compound preincubation; ~EC80 cinnamaldehyde 75 uM.,1,False,True,True,,
28601750,4551661,CHEMBL5834801,CHEMBL5834801,O=C(NCc1cc(-c2cnc(C(F)(F)F)nc2)ccc1F)[C@@H]1C[C@@H](F)CN1S(=O)(=O)c1ccc(F)cc1,CHEMBL5737786,CHEMBL5728946,2022,11.0,nM,7.958607314841775,7.96,0.0013926851582253263,calcium_fluorescence,cinnamaldehyde,cinnamaldehyde,EC80,75.0,CHO,20.0,,compound_before_agonist,human | not_reported | calcium_fluorescence | cinnamaldehyde | EC80 | 75 | CHO | compound_before_agonist | 20,9,,0,not_reported,verified_protocol,FLIPR: CHO human TRPA1; 20-min compound preincubation; ~EC80 cinnamaldehyde 75 uM.,1,False,True,True,,
28601753,4551662,CHEMBL5959228,CHEMBL5959228,O=C(NCc1ccnc(-c2ccc(C(F)(F)F)cc2O)c1)[C@@H]1C[C@@H](F)CN1S(=O)(=O)c1ccc(F)cc1,CHEMBL5737786,CHEMBL5728946,2022,5.0,nM,8.301029995663981,8.3,-0.001029995663980543,calcium_fluorescence,cinnamaldehyde,cinnamaldehyde,EC80,75.0,CHO,20.0,,compound_before_agonist,human | not_reported | calcium_fluorescence | cinnamaldehyde | EC80 | 75 | CHO | compound_before_agonist | 20,9,,0,not_reported,verified_protocol,FLIPR: CHO human TRPA1; 20-min compound preincubation; ~EC80 cinnamaldehyde 75 uM.,1,False,True,True,,
28601756,4551663,CHEMBL6042049,CHEMBL6042049,COc1nn(-c2cnc(C(F)(F)F)cn2)cc1CNC(=O)[C@@H]1C[C@@H](F)CN1S(=O)(=O)c1ccc(F)cc1,CHEMBL5737786,CHEMBL5728946,2022,14.0,nM,7.853871964321762,7.85,-0.003871964321762178,calcium_fluorescence,cinnamaldehyde,cinnamaldehyde,EC80,75.0,CHO,20.0,,compound_before_agonist,human | not_reported | calcium_fluorescence | cinnamaldehyde | EC80 | 75 | CHO | compound_before_agonist | 20,9,,0,not_reported,verified_protocol,FLIPR: CHO human TRPA1; 20-min compound preincubation; ~EC80 cinnamaldehyde 75 uM.,1,False,True,True,,
28601759,4551664,CHEMBL5993442,CHEMBL5993442,O=C(NCc1cc(-c2ccc(C(F)F)c(F)c2)ncn1)[C@@H]1C[C@@H](F)CN1S(=O)(=O)c1ccc(F)cc1,CHEMBL5737786,CHEMBL5728946,2022,29.0,nM,7.537602002101044,7.54,0.0023979978989556727,calcium_fluorescence,cinnamaldehyde,cinnamaldehyde,EC80,75.0,CHO,20.0,,compound_before_agonist,human | not_reported | calcium_fluorescence | cinnamaldehyde | EC80 | 75 | CHO | compound_before_agonist | 20,9,,0,not_reported,verified_protocol,FLIPR: CHO human TRPA1; 20-min compound preincubation; ~EC80 cinnamaldehyde 75 uM.,1,False,True,True,,
28601762,4551665,CHEMBL6054973,CHEMBL6054973,O=C(NCc1cc(Cl)nc(-c2ccc(C(F)F)nc2)c1)[C@@H]1C[C@@H](F)CN1S(=O)(=O)c1ccc(F)cc1,CHEMBL5737786,CHEMBL5728946,2022,55.0,nM,7.259637310505756,7.26,0.0003626894942438952,calcium_fluorescence,cinnamaldehyde,cinnamaldehyde,EC80,75.0,CHO,20.0,,compound_before_agonist,human | not_reported | calcium_fluorescence | cinnamaldehyde | EC80 | 75 | CHO | compound_before_agonist | 20,9,,0,not_reported,verified_protocol,FLIPR: CHO human TRPA1; 20-min compound preincubation; ~EC80 cinnamaldehyde 75 uM.,1,False,True,True,,
28601765,4551666,CHEMBL5753985,CHEMBL5753985,O=C(NCc1cc(-c2cnc(C(F)(F)F)nc2)nc(-c2cnc(C(F)(F)F)nc2)c1)[C@@H]1C[C@@H](F)CN1S(=O)(=O)c1ccc(F)cc1,CHEMBL5737786,CHEMBL5728946,2022,71.0,nM,7.1487416512809245,7.15,0.0012583487190758191,calcium_fluorescence,cinnamaldehyde,cinnamaldehyde,EC80,75.0,CHO,20.0,,compound_before_agonist,human | not_reported | calcium_fluorescence | cinnamaldehyde | EC80 | 75 | CHO | compound_before_agonist | 20,9,,0,not_reported,verified_protocol,FLIPR: CHO human TRPA1; 20-min compound preincubation; ~EC80 cinnamaldehyde 75 uM.,1,False,True,True,,
28601768,4551667,CHEMBL6018102,CHEMBL6018102,O=C(NCc1cc(Cl)nc(-c2cnc(C(F)(F)F)nc2)c1)[C@@H]1C[C@@H](F)CN1S(=O)(=O)c1ccc(F)cc1,CHEMBL5737786,CHEMBL5728946,2022,14.0,nM,7.853871964321762,7.85,-0.003871964321762178,calcium_fluorescence,cinnamaldehyde,cinnamaldehyde,EC80,75.0,CHO,20.0,,compound_before_agonist,human | not_reported | calcium_fluorescence | cinnamaldehyde | EC80 | 75 | CHO | compound_before_agonist | 20,9,,0,not_reported,verified_protocol,FLIPR: CHO human TRPA1; 20-min compound preincubation; ~EC80 cinnamaldehyde 75 uM.,1,False,True,True,,
28601771,4551668,CHEMBL5946528,CHEMBL5946528,O=C(NCc1cc(-c2ccc(C(F)F)cc2)ncn1)[C@@H]1C[C@@H](F)CN1S(=O)(=O)c1ccc(F)cc1,CHEMBL5737786,CHEMBL5728946,2022,318.0,nM,6.497572880015568,6.5,0.0024271199844321245,calcium_fluorescence,cinnamaldehyde,cinnamaldehyde,EC80,75.0,CHO,20.0,,compound_before_agonist,human | not_reported | calcium_fluorescence | cinnamaldehyde | EC80 | 75 | CHO | compound_before_agonist | 20,9,,0,not_reported,verified_protocol,FLIPR: CHO human TRPA1; 20-min compound preincubation; ~EC80 cinnamaldehyde 75 uM.,1,False,True,True,,
28601774,4551669,CHEMBL5930514,CHEMBL5930514,O=C(NCc1cc(-c2ccc(OC(F)F)cc2)ncn1)[C@@H]1C[C@@H](F)CN1S(=O)(=O)c1ccc(F)cc1,CHEMBL5737786,CHEMBL5728946,2022,41.0,nM,7.3872161432802645,7.39,0.002783856719735134,calcium_fluorescence,cinnamaldehyde,cinnamaldehyde,EC80,75.0,CHO,20.0,,compound_before_agonist,human | not_reported | calcium_fluorescence | cinnamaldehyde | EC80 | 75 | CHO | compound_before_agonist | 20,9,,0,not_reported,verified_protocol,FLIPR: CHO human TRPA1; 20-min compound preincubation; ~EC80 cinnamaldehyde 75 uM.,1,False,True,True,,
28601777,4551670,CHEMBL5925221,CHEMBL5925221,O=C(NCc1cc(-c2cnc(C(F)(F)F)c(F)c2)c(F)cn1)[C@@H]1C[C@@H](F)CN1S(=O)(=O)c1ccc(F)cc1,CHEMBL5737786,CHEMBL5728946,2022,40.0,nM,7.3979400086720375,7.4,0.0020599913279628623,calcium_fluorescence,cinnamaldehyde,cinnamaldehyde,EC80,75.0,CHO,20.0,,compound_before_agonist,human | not_reported | calcium_fluorescence | cinnamaldehyde | EC80 | 75 | CHO | compound_before_agonist | 20,9,,0,not_reported,verified_protocol,FLIPR: CHO human TRPA1; 20-min compound preincubation; ~EC80 cinnamaldehyde 75 uM.,1,False,True,True,,
28601783,4551672,CHEMBL5881703,CHEMBL5881703,O=C(NCc1ccnc(-c2cnc(C(F)(F)F)cn2)c1)[C@@H]1C[C@@H](F)CN1S(=O)(=O)c1ccc(F)cc1,CHEMBL5737786,CHEMBL5728946,2022,290.0,nM,6.537602002101044,6.54,0.0023979978989556727,calcium_fluorescence,cinnamaldehyde,cinnamaldehyde,EC80,75.0,CHO,20.0,,compound_before_agonist,human | not_reported | calcium_fluorescence | cinnamaldehyde | EC80 | 75 | CHO | compound_before_agonist | 20,9,,0,not_reported,verified_protocol,FLIPR: CHO human TRPA1; 20-min compound preincubation; ~EC80 cinnamaldehyde 75 uM.,1,False,True,True,,
28601786,4551673,CHEMBL5911563,CHEMBL5911563,O=C(NCc1cc(F)cc(-c2cnc(C(F)(F)F)nc2)c1)[C@@H]1[C@@H](F)CCN1S(=O)(=O)c1ccc(F)cc1,CHEMBL5737786,CHEMBL5728946,2022,7.0,nM,8.154901959985743,8.15,-0.004901959985742721,calcium_fluorescence,cinnamaldehyde,cinnamaldehyde,EC80,75.0,CHO,20.0,,compound_before_agonist,human | not_reported | calcium_fluorescence | cinnamaldehyde | EC80 | 75 | CHO | compound_before_agonist | 20,9,,0,not_reported,verified_protocol,FLIPR: CHO human TRPA1; 20-min compound preincubation; ~EC80 cinnamaldehyde 75 uM.,1,False,True,True,,
28601789,4551674,CHEMBL5979860,CHEMBL5979860,O=C(NCc1cc(N2CCC3(CC2)CC3(F)F)c(F)cn1)[C@@H]1C[C@@H](F)CN1S(=O)(=O)c1ccc(F)cc1,CHEMBL5737786,CHEMBL5728946,2022,14.0,nM,7.853871964321762,7.85,-0.003871964321762178,calcium_fluorescence,cinnamaldehyde,cinnamaldehyde,EC80,75.0,CHO,20.0,,compound_before_agonist,human | not_reported | calcium_fluorescence | cinnamaldehyde | EC80 | 75 | CHO | compound_before_agonist | 20,9,,0,not_reported,verified_protocol,FLIPR: CHO human TRPA1; 20-min compound preincubation; ~EC80 cinnamaldehyde 75 uM.,1,False,True,True,,
28601792,4551675,CHEMBL6011652,CHEMBL6011652,N#Cc1cnc(CNC(=O)[C@@H]2C[C@@H](F)CN2S(=O)(=O)c2ccc(F)cc2)cc1-c1ccc(C(F)(F)F)cc1,CHEMBL5737786,CHEMBL5728946,2022,23.0,nM,7.638272163982407,7.64,0.0017278360175927432,calcium_fluorescence,cinnamaldehyde,cinnamaldehyde,EC80,75.0,CHO,20.0,,compound_before_agonist,human | not_reported | calcium_fluorescence | cinnamaldehyde | EC80 | 75 | CHO | compound_before_agonist | 20,9,,0,not_reported,verified_protocol,FLIPR: CHO human TRPA1; 20-min compound preincubation; ~EC80 cinnamaldehyde 75 uM.,1,False,True,True,,
28601795,4551676,CHEMBL5805553,CHEMBL5805553,N#Cc1cnc(CNC(=O)[C@@H]2C[C@@H](F)CN2S(=O)(=O)c2ccc(F)cc2)cc1-c1ccc(C(F)(F)F)nc1,CHEMBL5737786,CHEMBL5728946,2022,176.0,nM,6.75448733218585,6.75,-0.004487332185849624,calcium_fluorescence,cinnamaldehyde,cinnamaldehyde,EC80,75.0,CHO,20.0,,compound_before_agonist,human | not_reported | calcium_fluorescence | cinnamaldehyde | EC80 | 75 | CHO | compound_before_agonist | 20,9,,0,not_reported,verified_protocol,FLIPR: CHO human TRPA1; 20-min compound preincubation; ~EC80 cinnamaldehyde 75 uM.,1,False,True,True,,
28601798,4551677,CHEMBL5928967,CHEMBL5928967,O=C(NCc1cc(-c2ccc(C(F)(F)F)cn2)ccn1)[C@@H]1[C@@H](F)CCN1S(=O)(=O)c1ccc(F)cc1,CHEMBL5737786,CHEMBL5728946,2022,7.0,nM,8.154901959985743,8.15,-0.004901959985742721,calcium_fluorescence,cinnamaldehyde,cinnamaldehyde,EC80,75.0,CHO,20.0,,compound_before_agonist,human | not_reported | calcium_fluorescence | cinnamaldehyde | EC80 | 75 | CHO | compound_before_agonist | 20,9,,0,not_reported,verified_protocol,FLIPR: CHO human TRPA1; 20-min compound preincubation; ~EC80 cinnamaldehyde 75 uM.,1,False,True,True,,
28601801,4551678,CHEMBL6001429,CHEMBL6001429,O=C(NCc1ccnc(-c2cnc(C(F)(F)F)nc2)c1)[C@@H]1C[C@@H](F)CN1S(=O)(=O)c1ccc(F)cc1,CHEMBL5737786,CHEMBL5728946,2022,129.0,nM,6.889410289700751,6.89,0.0005897102992484804,calcium_fluorescence,cinnamaldehyde,cinnamaldehyde,EC80,75.0,CHO,20.0,,compound_before_agonist,human | not_reported | calcium_fluorescence | cinnamaldehyde | EC80 | 75 | CHO | compound_before_agonist | 20,9,,0,not_reported,verified_protocol,FLIPR: CHO human TRPA1; 20-min compound preincubation; ~EC80 cinnamaldehyde 75 uM.,1,False,True,True,,
28601804,4551679,CHEMBL6015648,CHEMBL6015648,O=C(NCc1cc(F)cc(C2CCC(C(F)(F)F)CN2)c1)[C@@H]1C[C@@H](F)CN1S(=O)(=O)c1ccc(F)cc1,CHEMBL5737786,CHEMBL5728946,2022,192.0,nM,6.71669877129645,6.72,0.0033012287035498744,calcium_fluorescence,cinnamaldehyde,cinnamaldehyde,EC80,75.0,CHO,20.0,,compound_before_agonist,human | not_reported | calcium_fluorescence | cinnamaldehyde | EC80 | 75 | CHO | compound_before_agonist | 20,9,,0,not_reported,verified_protocol,FLIPR: CHO human TRPA1; 20-min compound preincubation; ~EC80 cinnamaldehyde 75 uM.,1,False,True,True,,
28601807,4551680,CHEMBL5964721,CHEMBL5964721,O=C(NCc1cc(F)cc(-c2ccc(C(F)F)cn2)c1)[C@@H]1C[C@@H](F)CN1S(=O)(=O)c1ccc(F)cc1,CHEMBL5737786,CHEMBL5728946,2022,31.0,nM,7.508638306165727,7.51,0.0013616938342728702,calcium_fluorescence,cinnamaldehyde,cinnamaldehyde,EC80,75.0,CHO,20.0,,compound_before_agonist,human | not_reported | calcium_fluorescence | cinnamaldehyde | EC80 | 75 | CHO | compound_before_agonist | 20,9,,0,not_reported,verified_protocol,FLIPR: CHO human TRPA1; 20-min compound preincubation; ~EC80 cinnamaldehyde 75 uM.,1,False,True,True,,
28601810,4551681,CHEMBL5836672,CHEMBL5836672,O=C(NCc1cc(F)cc(-c2ccc(OC(F)F)nc2)c1)[C@@H]1C[C@@H](F)CN1S(=O)(=O)c1ccc(F)cc1,CHEMBL5737786,CHEMBL5728946,2022,39.0,nM,7.4089353929735005,7.41,0.0010646070264996865,calcium_fluorescence,cinnamaldehyde,cinnamaldehyde,EC80,75.0,CHO,20.0,,compound_before_agonist,human | not_reported | calcium_fluorescence | cinnamaldehyde | EC80 | 75 | CHO | compound_before_agonist | 20,9,,0,not_reported,verified_protocol,FLIPR: CHO human TRPA1; 20-min compound preincubation; ~EC80 cinnamaldehyde 75 uM.,1,False,True,True,,
28601813,4551682,CHEMBL5842604,CHEMBL5842604,O=C(NCc1cc(-c2ccc(OC(F)F)cc2)c(F)cn1)[C@@H]1C[C@@H](F)CN1S(=O)(=O)c1ccc(F)cc1,CHEMBL5737786,CHEMBL5728946,2022,53.0,nM,7.275724130399211,7.28,0.004275869600789406,calcium_fluorescence,cinnamaldehyde,cinnamaldehyde,EC80,75.0,CHO,20.0,,compound_before_agonist,human | not_reported | calcium_fluorescence | cinnamaldehyde | EC80 | 75 | CHO | compound_before_agonist | 20,9,,0,not_reported,verified_protocol,FLIPR: CHO human TRPA1; 20-min compound preincubation; ~EC80 cinnamaldehyde 75 uM.,1,False,True,True,,
28601816,4551683,CHEMBL6027882,CHEMBL6027882,N#Cc1cnc(-c2ccc(C(F)(F)F)cc2)cc1CNC(=O)[C@@H]1C[C@@H](F)CN1S(=O)(=O)c1ccc(F)cc1,CHEMBL5737786,CHEMBL5728946,2022,7.0,nM,8.154901959985743,8.15,-0.004901959985742721,calcium_fluorescence,cinnamaldehyde,cinnamaldehyde,EC80,75.0,CHO,20.0,,compound_before_agonist,human | not_reported | calcium_fluorescence | cinnamaldehyde | EC80 | 75 | CHO | compound_before_agonist | 20,9,,0,not_reported,verified_protocol,FLIPR: CHO human TRPA1; 20-min compound preincubation; ~EC80 cinnamaldehyde 75 uM.,1,False,True,True,,
28601819,4551684,CHEMBL5806117,CHEMBL5806117,N#Cc1cnc(-c2ccc(C(F)(F)F)nc2)cc1CNC(=O)[C@@H]1C[C@@H](F)CN1S(=O)(=O)c1ccc(F)cc1,CHEMBL5737786,CHEMBL5728946,2022,9.0,nM,8.045757490560675,8.05,0.004242509439325914,calcium_fluorescence,cinnamaldehyde,cinnamaldehyde,EC80,75.0,CHO,20.0,,compound_before_agonist,human | not_reported | calcium_fluorescence | cinnamaldehyde | EC80 | 75 | CHO | compound_before_agonist | 20,9,,0,not_reported,verified_protocol,FLIPR: CHO human TRPA1; 20-min compound preincubation; ~EC80 cinnamaldehyde 75 uM.,1,False,True,True,,
28601822,4551685,CHEMBL5809858,CHEMBL5809858,O=C(NCc1cc(-c2ccc(C(F)(F)F)nc2)ncn1)[C@@H]1CC2(CC2)CN1S(=O)(=O)c1ccc(F)cc1,CHEMBL5737786,CHEMBL5728946,2022,44.0,nM,7.356547323513812,7.36,0.0034526764861881887,calcium_fluorescence,cinnamaldehyde,cinnamaldehyde,EC80,75.0,CHO,20.0,,compound_before_agonist,human | not_reported | calcium_fluorescence | cinnamaldehyde | EC80 | 75 | CHO | compound_before_agonist | 20,9,,0,not_reported,verified_protocol,FLIPR: CHO human TRPA1; 20-min compound preincubation; ~EC80 cinnamaldehyde 75 uM.,1,False,True,True,,
28601825,4551686,CHEMBL6030689,CHEMBL6030689,O=C(NCc1cc(-c2ccc(C(F)(F)F)nc2)ccn1)[C@@H]1C[C@@H](F)CN1S(=O)(=O)c1ccc(F)cc1,CHEMBL5737786,CHEMBL5728946,2022,187.0,nM,6.7281583934635005,6.73,0.0018416065364998957,calcium_fluorescence,cinnamaldehyde,cinnamaldehyde,EC80,75.0,CHO,20.0,,compound_before_agonist,human | not_reported | calcium_fluorescence | cinnamaldehyde | EC80 | 75 | CHO | compound_before_agonist | 20,9,,0,not_reported,verified_protocol,FLIPR: CHO human TRPA1; 20-min compound preincubation; ~EC80 cinnamaldehyde 75 uM.,1,False,True,True,,
28601828,4551687,CHEMBL5910523,CHEMBL5910523,O=C(NCc1cc(-c2cnc(C(F)(F)F)cn2)ccn1)[C@@H]1C[C@@H](F)CN1S(=O)(=O)c1ccc(F)cc1,CHEMBL5737786,CHEMBL5728946,2022,189.0,nM,6.723538195826755,6.72,-0.003538195826755519,calcium_fluorescence,cinnamaldehyde,cinnamaldehyde,EC80,75.0,CHO,20.0,,compound_before_agonist,human | not_reported | calcium_fluorescence | cinnamaldehyde | EC80 | 75 | CHO | compound_before_agonist | 20,9,,0,not_reported,verified_protocol,FLIPR: CHO human TRPA1; 20-min compound preincubation; ~EC80 cinnamaldehyde 75 uM.,1,False,True,True,,
28601831,4551688,CHEMBL5944010,CHEMBL5944010,O=C(NCc1cc(-c2ccc(C(F)(F)F)nc2)nc(-c2ccc(C(F)(F)F)nc2)c1)[C@@H]1C[C@@H](F)CN1S(=O)(=O)c1ccc(F)cc1,CHEMBL5737786,CHEMBL5728946,2022,54.6,nM,7.262807357295262,7.26,-0.0028073572952624914,calcium_fluorescence,cinnamaldehyde,cinnamaldehyde,EC80,75.0,CHO,20.0,,compound_before_agonist,human | not_reported | calcium_fluorescence | cinnamaldehyde | EC80 | 75 | CHO | compound_before_agonist | 20,9,,0,not_reported,verified_protocol,FLIPR: CHO human TRPA1; 20-min compound preincubation; ~EC80 cinnamaldehyde 75 uM.,1,False,True,True,,
28601834,4551689,CHEMBL5768639,CHEMBL5768639,O=C(NCc1cc(Cl)nc(-c2ccc(C(F)(F)F)nc2)c1)[C@@H]1C[C@@H](F)CN1S(=O)(=O)c1ccc(F)cc1,CHEMBL5737786,CHEMBL5728946,2022,14.0,nM,7.853871964321762,7.85,-0.003871964321762178,calcium_fluorescence,cinnamaldehyde,cinnamaldehyde,EC80,75.0,CHO,20.0,,compound_before_agonist,human | not_reported | calcium_fluorescence | cinnamaldehyde | EC80 | 75 | CHO | compound_before_agonist | 20,9,,0,not_reported,verified_protocol,FLIPR: CHO human TRPA1; 20-min compound preincubation; ~EC80 cinnamaldehyde 75 uM.,1,False,True,True,,
28601837,4551690,CHEMBL5829848,CHEMBL5829848,O=C(NCc1cc(F)cc(-n2ccc(C(F)(F)F)cc2=O)c1)[C@@H]1C[C@@H](F)CN1S(=O)(=O)c1ccc(F)cc1,CHEMBL5737786,CHEMBL5728946,2022,771.0,nM,6.112945621949043,6.11,-0.002945621949042909,calcium_fluorescence,cinnamaldehyde,cinnamaldehyde,EC80,75.0,CHO,20.0,,compound_before_agonist,human | not_reported | calcium_fluorescence | cinnamaldehyde | EC80 | 75 | CHO | compound_before_agonist | 20,9,,0,not_reported,verified_protocol,FLIPR: CHO human TRPA1; 20-min compound preincubation; ~EC80 cinnamaldehyde 75 uM.,1,False,True,True,,
28601840,4551691,CHEMBL5863445,CHEMBL5863445,O=C(NCc1cc(F)cc(-n2cc(C(F)(F)F)cn2)c1)[C@@H]1C[C@@H](F)CN1S(=O)(=O)c1ccc(F)cc1,CHEMBL5737786,CHEMBL5728946,2022,119.0,nM,6.924453038607469,6.92,-0.00445303860746904,calcium_fluorescence,cinnamaldehyde,cinnamaldehyde,EC80,75.0,CHO,20.0,,compound_before_agonist,human | not_reported | calcium_fluorescence | cinnamaldehyde | EC80 | 75 | CHO | compound_before_agonist | 20,9,,0,not_reported,verified_protocol,FLIPR: CHO human TRPA1; 20-min compound preincubation; ~EC80 cinnamaldehyde 75 uM.,1,False,True,True,,
28601843,4551692,CHEMBL5796135,CHEMBL5796135,O=C(NCc1cc(F)cc(-n2ccc(C(F)(F)F)n2)c1)[C@@H]1C[C@@H](F)CN1S(=O)(=O)c1ccc(F)cc1,CHEMBL5737786,CHEMBL5728946,2022,103.0,nM,6.987162775294828,6.99,0.0028372247051722255,calcium_fluorescence,cinnamaldehyde,cinnamaldehyde,EC80,75.0,CHO,20.0,,compound_before_agonist,human | not_reported | calcium_fluorescence | cinnamaldehyde | EC80 | 75 | CHO | compound_before_agonist | 20,9,,0,not_reported,verified_protocol,FLIPR: CHO human TRPA1; 20-min compound preincubation; ~EC80 cinnamaldehyde 75 uM.,1,False,True,True,,
28601846,4551693,CHEMBL5978964,CHEMBL5978964,O=C(NCc1cc(-c2ccc(C(F)F)cc2)c(F)cn1)[C@@H]1C[C@@H](F)CN1S(=O)(=O)c1ccc(F)cc1,CHEMBL5737786,CHEMBL5728946,2022,41.0,nM,7.3872161432802645,7.39,0.002783856719735134,calcium_fluorescence,cinnamaldehyde,cinnamaldehyde,EC80,75.0,CHO,20.0,,compound_before_agonist,human | not_reported | calcium_fluorescence | cinnamaldehyde | EC80 | 75 | CHO | compound_before_agonist | 20,9,,0,not_reported,verified_protocol,FLIPR: CHO human TRPA1; 20-min compound preincubation; ~EC80 cinnamaldehyde 75 uM.,1,False,True,True,,
28601849,4551694,CHEMBL5866870,CHEMBL5866870,O=C(NCc1cc(F)cc(-c2ccc(C(F)(F)F)nn2)c1)[C@@H]1C[C@@H](F)CN1S(=O)(=O)c1ccc(F)cc1,CHEMBL5737786,CHEMBL5728946,2022,20.0,nM,7.698970004336019,7.7,0.0010299956639814312,calcium_fluorescence,cinnamaldehyde,cinnamaldehyde,EC80,75.0,CHO,20.0,,compound_before_agonist,human | not_reported | calcium_fluorescence | cinnamaldehyde | EC80 | 75 | CHO | compound_before_agonist | 20,9,,0,not_reported,verified_protocol,FLIPR: CHO human TRPA1; 20-min compound preincubation; ~EC80 cinnamaldehyde 75 uM.,1,False,True,True,,
28601852,4551695,CHEMBL5801316,CHEMBL5801316,O=C(NCc1cc(F)cc(-c2cnc(C(F)F)cn2)c1)[C@@H]1C[C@@H](F)CN1S(=O)(=O)c1ccc(F)cc1,CHEMBL5737786,CHEMBL5728946,2022,62.0,nM,7.207608310501746,7.21,0.0023916894982543013,calcium_fluorescence,cinnamaldehyde,cinnamaldehyde,EC80,75.0,CHO,20.0,,compound_before_agonist,human | not_reported | calcium_fluorescence | cinnamaldehyde | EC80 | 75 | CHO | compound_before_agonist | 20,9,,0,not_reported,verified_protocol,FLIPR: CHO human TRPA1; 20-min compound preincubation; ~EC80 cinnamaldehyde 75 uM.,1,False,True,True,,
28601855,4551696,CHEMBL5817946,CHEMBL5817946,O=C(NCc1cc(F)cc(-c2cnc(C(F)(F)F)nc2)c1)[C@@H]1C[C@@H](F)CN1S(=O)(=O)c1ccc(F)cc1,CHEMBL5737786,CHEMBL5728946,2022,14.0,nM,7.853871964321762,7.85,-0.003871964321762178,calcium_fluorescence,cinnamaldehyde,cinnamaldehyde,EC80,75.0,CHO,20.0,,compound_before_agonist,human | not_reported | calcium_fluorescence | cinnamaldehyde | EC80 | 75 | CHO | compound_before_agonist | 20,9,,0,not_reported,verified_protocol,FLIPR: CHO human TRPA1; 20-min compound preincubation; ~EC80 cinnamaldehyde 75 uM.,1,False,True,True,,
28601858,4551697,CHEMBL5975679,CHEMBL5975679,O=C(NCc1cc(-c2ccc3c(c2)OC(F)(F)O3)ncn1)[C@@H]1C[C@@H](F)CN1S(=O)(=O)c1ccc(F)cc1,CHEMBL5737786,CHEMBL5728946,2022,87.0,nM,7.060480747381382,7.06,-0.00048074738138215167,calcium_fluorescence,cinnamaldehyde,cinnamaldehyde,EC80,75.0,CHO,20.0,,compound_before_agonist,human | not_reported | calcium_fluorescence | cinnamaldehyde | EC80 | 75 | CHO | compound_before_agonist | 20,9,,0,not_reported,verified_protocol,FLIPR: CHO human TRPA1; 20-min compound preincubation; ~EC80 cinnamaldehyde 75 uM.,1,False,True,True,,
28601861,4551698,CHEMBL5999508,CHEMBL5999508,O=C(NCc1cc(-c2ccc(C(F)(F)F)c(F)c2)ncn1)[C@@H]1[C@@H](F)CCN1S(=O)(=O)c1ccc(F)cc1,CHEMBL5737786,CHEMBL5728946,2022,14.0,nM,7.853871964321762,7.85,-0.003871964321762178,calcium_fluorescence,cinnamaldehyde,cinnamaldehyde,EC80,75.0,CHO,20.0,,compound_before_agonist,human | not_reported | calcium_fluorescence | cinnamaldehyde | EC80 | 75 | CHO | compound_before_agonist | 20,9,,0,not_reported,verified_protocol,FLIPR: CHO human TRPA1; 20-min compound preincubation; ~EC80 cinnamaldehyde 75 uM.,1,False,True,True,,
28601864,4551699,CHEMBL5997255,CHEMBL5997255,O=C(NCc1cc(F)cc(-c2ccc(C(F)F)nc2)c1)[C@@H]1C[C@@H](F)CN1S(=O)(=O)c1ccc(F)cc1,CHEMBL5737786,CHEMBL5728946,2022,29.0,nM,7.537602002101044,7.54,0.0023979978989556727,calcium_fluorescence,cinnamaldehyde,cinnamaldehyde,EC80,75.0,CHO,20.0,,compound_before_agonist,human | not_reported | calcium_fluorescence | cinnamaldehyde | EC80 | 75 | CHO | compound_before_agonist | 20,9,,0,not_reported,verified_protocol,FLIPR: CHO human TRPA1; 20-min compound preincubation; ~EC80 cinnamaldehyde 75 uM.,1,False,True,True,,
28601867,4551700,CHEMBL5850661,CHEMBL5850661,O=C(NCc1cc(F)cc(-c2ccc(C(F)(F)F)cn2)c1)[C@@H]1C[C@@H](F)CN1S(=O)(=O)c1ccc(F)cc1,CHEMBL5737786,CHEMBL5728946,2022,12.0,nM,7.920818753952375,7.92,-0.0008187539523749621,calcium_fluorescence,cinnamaldehyde,cinnamaldehyde,EC80,75.0,CHO,20.0,,compound_before_agonist,human | not_reported | calcium_fluorescence | cinnamaldehyde | EC80 | 75 | CHO | compound_before_agonist | 20,9,,0,not_reported,verified_protocol,FLIPR: CHO human TRPA1; 20-min compound preincubation; ~EC80 cinnamaldehyde 75 uM.,1,False,True,True,,
28601870,4551701,CHEMBL5751255,CHEMBL5751255,Cc1cnc(CNC(=O)[C@@H]2C[C@@H](F)CN2S(=O)(=O)c2ccc(F)cc2)cc1-c1ccc(C(F)(F)F)nc1,CHEMBL5737786,CHEMBL5728946,2022,162.0,nM,6.790484985457369,6.79,-0.0004849854573691914,calcium_fluorescence,cinnamaldehyde,cinnamaldehyde,EC80,75.0,CHO,20.0,,compound_before_agonist,human | not_reported | calcium_fluorescence | cinnamaldehyde | EC80 | 75 | CHO | compound_before_agonist | 20,9,,0,not_reported,verified_protocol,FLIPR: CHO human TRPA1; 20-min compound preincubation; ~EC80 cinnamaldehyde 75 uM.,1,False,True,True,,
28601873,4551702,CHEMBL5798773,CHEMBL5798773,O=C(NCc1ccc(F)c(-c2cnc(C(F)(F)F)cn2)c1)[C@@H]1[C@@H](F)CCN1S(=O)(=O)c1ccc(F)cc1,CHEMBL5737786,CHEMBL5728946,2022,24.0,nM,7.619788758288394,7.62,0.0002112417116064691,calcium_fluorescence,cinnamaldehyde,cinnamaldehyde,EC80,75.0,CHO,20.0,,compound_before_agonist,human | not_reported | calcium_fluorescence | cinnamaldehyde | EC80 | 75 | CHO | compound_before_agonist | 20,9,,0,not_reported,verified_protocol,FLIPR: CHO human TRPA1; 20-min compound preincubation; ~EC80 cinnamaldehyde 75 uM.,1,False,True,True,,
28601876,4551703,CHEMBL5754611,CHEMBL5754611,O=C(NCc1cc(F)cc(-c2cnc(C(F)(F)F)cn2)c1)[C@@H]1[C@@H](F)CCN1S(=O)(=O)c1ccc(F)cc1,CHEMBL5737786,CHEMBL5728946,2022,4.0,nM,8.397940008672037,8.4,0.0020599913279628623,calcium_fluorescence,cinnamaldehyde,cinnamaldehyde,EC80,75.0,CHO,20.0,,compound_before_agonist,human | not_reported | calcium_fluorescence | cinnamaldehyde | EC80 | 75 | CHO | compound_before_agonist | 20,9,,0,not_reported,verified_protocol,FLIPR: CHO human TRPA1; 20-min compound preincubation; ~EC80 cinnamaldehyde 75 uM.,1,False,True,True,,
28601879,4551704,CHEMBL6048913,CHEMBL6048913,O=C(NCc1cc(-c2ccc(C(F)(F)F)cc2)ncn1)[C@@H]1C[C@@H]2COC[C@@H]2N1S(=O)(=O)c1ccc(F)cc1,CHEMBL5737786,CHEMBL5728946,2022,428.0,nM,6.368556230986828,6.37,0.0014437690131723357,calcium_fluorescence,cinnamaldehyde,cinnamaldehyde,EC80,75.0,CHO,20.0,,compound_before_agonist,human | not_reported | calcium_fluorescence | cinnamaldehyde | EC80 | 75 | CHO | compound_before_agonist | 20,9,,0,not_reported,verified_protocol,FLIPR: CHO human TRPA1; 20-min compound preincubation; ~EC80 cinnamaldehyde 75 uM.,1,False,True,True,,
28601882,4551705,CHEMBL5761294,CHEMBL5761294,O=C(NCc1cc(-c2ccc(C(F)(F)F)cc2)ncn1)[C@@H]1C[C@H]2COC[C@H]2N1S(=O)(=O)c1ccc(F)cc1,CHEMBL5737786,CHEMBL5728946,2022,449.0,nM,6.347753658996677,6.35,0.0022463410033228826,calcium_fluorescence,cinnamaldehyde,cinnamaldehyde,EC80,75.0,CHO,20.0,,compound_before_agonist,human | not_reported | calcium_fluorescence | cinnamaldehyde | EC80 | 75 | CHO | compound_before_agonist | 20,9,,0,not_reported,verified_protocol,FLIPR: CHO human TRPA1; 20-min compound preincubation; ~EC80 cinnamaldehyde 75 uM.,1,False,True,True,,
28601885,4551706,CHEMBL5925385,CHEMBL5925385,O=C(NCc1cc(-c2ccc(C(F)(F)F)nc2)c(Cl)cn1)[C@@H]1C[C@@H](F)CN1S(=O)(=O)c1ccc(F)cc1,CHEMBL5737786,CHEMBL5728946,2022,33.0,nM,7.481486060122112,7.48,-0.0014860601221116099,calcium_fluorescence,cinnamaldehyde,cinnamaldehyde,EC80,75.0,CHO,20.0,,compound_before_agonist,human | not_reported | calcium_fluorescence | cinnamaldehyde | EC80 | 75 | CHO | compound_before_agonist | 20,9,,0,not_reported,verified_protocol,FLIPR: CHO human TRPA1; 20-min compound preincubation; ~EC80 cinnamaldehyde 75 uM.,1,False,True,True,,
28601888,4551707,CHEMBL5926872,CHEMBL5926872,O=C(NCc1cc(-c2cnc(C(F)(F)F)cn2)c(F)cn1)[C@@H]1C[C@@H](F)CN1S(=O)(=O)c1ccc(F)cc1,CHEMBL5737786,CHEMBL5728946,2022,66.0,nM,7.180456064458131,7.18,-0.0004560644581310669,calcium_fluorescence,cinnamaldehyde,cinnamaldehyde,EC80,75.0,CHO,20.0,,compound_before_agonist,human | not_reported | calcium_fluorescence | cinnamaldehyde | EC80 | 75 | CHO | compound_before_agonist | 20,9,,0,not_reported,verified_protocol,FLIPR: CHO human TRPA1; 20-min compound preincubation; ~EC80 cinnamaldehyde 75 uM.,1,False,True,True,,
28601891,4551708,CHEMBL6059844,CHEMBL6059844,COc1nn(-c2ccc(C(F)(F)F)nc2)cc1CNC(=O)[C@@H]1[C@@H](F)CCN1S(=O)(=O)c1ccc(F)cc1,CHEMBL5737786,CHEMBL5728946,2022,26.0,nM,7.585026652029182,7.58,-0.005026652029181733,calcium_fluorescence,cinnamaldehyde,cinnamaldehyde,EC80,75.0,CHO,20.0,,compound_before_agonist,human | not_reported | calcium_fluorescence | cinnamaldehyde | EC80 | 75 | CHO | compound_before_agonist | 20,9,,0,not_reported,verified_protocol,FLIPR: CHO human TRPA1; 20-min compound preincubation; ~EC80 cinnamaldehyde 75 uM.,1,False,True,True,,
28601894,4551709,CHEMBL5831696,CHEMBL5831696,O=C(NCc1cc(-c2ccc(OC(F)(F)F)c(F)c2)ncn1)[C@@H]1C[C@@H](F)CN1S(=O)(=O)c1ccc(F)cc1,CHEMBL5737786,CHEMBL5728946,2022,72.0,nM,7.142667503568731,7.14,-0.0026675035687313553,calcium_fluorescence,cinnamaldehyde,cinnamaldehyde,EC80,75.0,CHO,20.0,,compound_before_agonist,human | not_reported | calcium_fluorescence | cinnamaldehyde | EC80 | 75 | CHO | compound_before_agonist | 20,9,,0,not_reported,verified_protocol,FLIPR: CHO human TRPA1; 20-min compound preincubation; ~EC80 cinnamaldehyde 75 uM.,1,False,True,True,,
28601897,4551710,CHEMBL5840662,CHEMBL5840662,CNc1nc(CNC(=O)[C@@H]2C[C@@H](F)CN2S(=O)(=O)c2ccc(F)cc2)cc(-c2ccc(C(F)(F)F)cc2)n1,CHEMBL5737786,CHEMBL5728946,2022,128.0,nM,6.892790030352131,6.89,-0.002790030352131545,calcium_fluorescence,cinnamaldehyde,cinnamaldehyde,EC80,75.0,CHO,20.0,,compound_before_agonist,human | not_reported | calcium_fluorescence | cinnamaldehyde | EC80 | 75 | CHO | compound_before_agonist | 20,9,,0,not_reported,verified_protocol,FLIPR: CHO human TRPA1; 20-min compound preincubation; ~EC80 cinnamaldehyde 75 uM.,1,False,True,True,,
28601900,4551711,CHEMBL5959815,CHEMBL5959815,C[C@@H]1[C@@H](C(=O)NCc2cc(-c3ccc(C(F)(F)F)nc3)ncn2)N(S(=O)(=O)c2ccc(F)cc2)C[C@@H]1F,CHEMBL5737786,CHEMBL5728946,2022,280.0,nM,6.552841968657781,6.55,-0.002841968657780747,calcium_fluorescence,cinnamaldehyde,cinnamaldehyde,EC80,75.0,CHO,20.0,,compound_before_agonist,human | not_reported | calcium_fluorescence | cinnamaldehyde | EC80 | 75 | CHO | compound_before_agonist | 20,9,,0,not_reported,verified_protocol,FLIPR: CHO human TRPA1; 20-min compound preincubation; ~EC80 cinnamaldehyde 75 uM.,1,False,True,True,,
28601903,4551712,CHEMBL5786059,CHEMBL5786059,C[C@@]1(F)C[C@@H](C(=O)NCc2cc(-c3ccc(C(F)(F)F)nc3)ncn2)N(S(=O)(=O)c2ccc(F)cc2)C1,CHEMBL5737786,CHEMBL5728946,2022,90.0,nM,7.045757490560675,7.05,0.004242509439325026,calcium_fluorescence,cinnamaldehyde,cinnamaldehyde,EC80,75.0,CHO,20.0,,compound_before_agonist,human | not_reported | calcium_fluorescence | cinnamaldehyde | EC80 | 75 | CHO | compound_before_agonist | 20,9,,0,not_reported,verified_protocol,FLIPR: CHO human TRPA1; 20-min compound preincubation; ~EC80 cinnamaldehyde 75 uM.,1,False,True,True,,
28601906,4551713,CHEMBL5776787,CHEMBL5776787,COc1cnc(CNC(=O)[C@@H]2C[C@@H](F)CN2S(=O)(=O)c2ccc(F)cc2)cc1-c1ccc(C(F)(F)F)nc1,CHEMBL5737786,CHEMBL5728946,2022,256.0,nM,6.59176003468815,6.59,-0.0017600346881501139,calcium_fluorescence,cinnamaldehyde,cinnamaldehyde,EC80,75.0,CHO,20.0,,compound_before_agonist,human | not_reported | calcium_fluorescence | cinnamaldehyde | EC80 | 75 | CHO | compound_before_agonist | 20,9,,0,not_reported,verified_protocol,FLIPR: CHO human TRPA1; 20-min compound preincubation; ~EC80 cinnamaldehyde 75 uM.,1,False,True,True,,
28601909,4551714,CHEMBL5919198,CHEMBL5919198,COc1cnc(CNC(=O)[C@]2(C)C[C@@H](F)CN2S(=O)(=O)c2ccc(F)cc2)cc1-c1ccc(C(F)(F)F)nc1,CHEMBL5737786,CHEMBL5728946,2022,164.0,nM,6.785156151952302,6.79,0.004843848047697996,calcium_fluorescence,cinnamaldehyde,cinnamaldehyde,EC80,75.0,CHO,20.0,,compound_before_agonist,human | not_reported | calcium_fluorescence | cinnamaldehyde | EC80 | 75 | CHO | compound_before_agonist | 20,9,,0,not_reported,verified_protocol,FLIPR: CHO human TRPA1; 20-min compound preincubation; ~EC80 cinnamaldehyde 75 uM.,1,False,True,True,,
28601912,4551715,CHEMBL5807552,CHEMBL5807552,COc1nn(-c2ccc(C(F)(F)F)cc2)cc1CNC(=O)[C@@H]1C[C@@H](C#N)CN1S(=O)(=O)c1ccc(F)cc1,CHEMBL5737786,CHEMBL5728946,2022,165.0,nM,6.782516055786093,6.78,-0.002516055786093041,calcium_fluorescence,cinnamaldehyde,cinnamaldehyde,EC80,75.0,CHO,20.0,,compound_before_agonist,human | not_reported | calcium_fluorescence | cinnamaldehyde | EC80 | 75 | CHO | compound_before_agonist | 20,9,,0,not_reported,verified_protocol,FLIPR: CHO human TRPA1; 20-min compound preincubation; ~EC80 cinnamaldehyde 75 uM.,1,False,True,True,,
28601915,4551716,CHEMBL5784868,CHEMBL5784868,O=C(NCc1cc(-c2ccc(OC(F)(F)F)cc2)ncn1)[C@@H]1[C@@H](F)CCN1S(=O)(=O)c1ccc(F)cc1,CHEMBL5737786,CHEMBL5728946,2022,7.0,nM,8.154901959985743,8.15,-0.004901959985742721,calcium_fluorescence,cinnamaldehyde,cinnamaldehyde,EC80,75.0,CHO,20.0,,compound_before_agonist,human | not_reported | calcium_fluorescence | cinnamaldehyde | EC80 | 75 | CHO | compound_before_agonist | 20,9,,0,not_reported,verified_protocol,FLIPR: CHO human TRPA1; 20-min compound preincubation; ~EC80 cinnamaldehyde 75 uM.,1,False,True,True,,
28601918,4551717,CHEMBL5985526,CHEMBL5985526,N#Cc1cc(CNC(=O)[C@@H]2C[C@@H](F)CN2S(=O)(=O)c2ccc(F)cc2)cc(-c2ccc(C(F)(F)F)nc2)c1,CHEMBL5737786,CHEMBL5728946,2022,48.0,nM,7.318758762624412,7.32,0.0012412373755879003,calcium_fluorescence,cinnamaldehyde,cinnamaldehyde,EC80,75.0,CHO,20.0,,compound_before_agonist,human | not_reported | calcium_fluorescence | cinnamaldehyde | EC80 | 75 | CHO | compound_before_agonist | 20,9,,0,not_reported,verified_protocol,FLIPR: CHO human TRPA1; 20-min compound preincubation; ~EC80 cinnamaldehyde 75 uM.,1,False,True,True,,
28601921,4551718,CHEMBL5791679,CHEMBL5791679,O=C(NCc1cc(-c2ccc(C(F)(F)F)cc2F)ncn1)[C@@H]1C[C@@H](F)CN1S(=O)(=O)c1ccc(F)cc1,CHEMBL5737786,CHEMBL5728946,2022,161.0,nM,6.79317412396815,6.79,-0.0031741239681499778,calcium_fluorescence,cinnamaldehyde,cinnamaldehyde,EC80,75.0,CHO,20.0,,compound_before_agonist,human | not_reported | calcium_fluorescence | cinnamaldehyde | EC80 | 75 | CHO | compound_before_agonist | 20,9,,0,not_reported,verified_protocol,FLIPR: CHO human TRPA1; 20-min compound preincubation; ~EC80 cinnamaldehyde 75 uM.,1,False,True,True,,
28601924,4551719,CHEMBL6060151,CHEMBL6060151,O=C(NCc1cc(-c2ccc(C(F)(F)F)c(F)c2)ncn1)[C@@H]1C[C@@H](F)CN1S(=O)(=O)c1ccc(F)cc1,CHEMBL5737786,CHEMBL5728946,2022,26.0,nM,7.585026652029182,7.58,-0.005026652029181733,calcium_fluorescence,cinnamaldehyde,cinnamaldehyde,EC80,75.0,CHO,20.0,,compound_before_agonist,human | not_reported | calcium_fluorescence | cinnamaldehyde | EC80 | 75 | CHO | compound_before_agonist | 20,9,,0,not_reported,verified_protocol,FLIPR: CHO human TRPA1; 20-min compound preincubation; ~EC80 cinnamaldehyde 75 uM.,1,False,True,True,,
28601927,4551720,CHEMBL5786702,CHEMBL5786702,O=C(NCc1cc(-c2ccc(C(F)(F)F)nc2)c(F)cn1)[C@@H]1[C@@H](F)CCN1S(=O)(=O)c1ccc(F)cc1,CHEMBL5737786,CHEMBL5728946,2022,13.0,nM,7.886056647693163,7.89,0.003943352306836623,calcium_fluorescence,cinnamaldehyde,cinnamaldehyde,EC80,75.0,CHO,20.0,,compound_before_agonist,human | not_reported | calcium_fluorescence | cinnamaldehyde | EC80 | 75 | CHO | compound_before_agonist | 20,9,,0,not_reported,verified_protocol,FLIPR: CHO human TRPA1; 20-min compound preincubation; ~EC80 cinnamaldehyde 75 uM.,1,False,True,True,,
28601930,4551721,CHEMBL6022546,CHEMBL6022546,COc1cc(CNC(=O)[C@@H]2C[C@@H](F)CN2S(=O)(=O)c2ccc(F)cc2)cc(-c2ccc(C(F)(F)F)nc2)c1,CHEMBL5737786,CHEMBL5728946,2022,47.0,nM,7.327902142064282,7.33,0.0020978579357180394,calcium_fluorescence,cinnamaldehyde,cinnamaldehyde,EC80,75.0,CHO,20.0,,compound_before_agonist,human | not_reported | calcium_fluorescence | cinnamaldehyde | EC80 | 75 | CHO | compound_before_agonist | 20,9,,0,not_reported,verified_protocol,FLIPR: CHO human TRPA1; 20-min compound preincubation; ~EC80 cinnamaldehyde 75 uM.,1,False,True,True,,
28601933,4551722,CHEMBL5795181,CHEMBL5795181,O=C(NCc1ncc(F)c(-c2ccc(C(F)(F)F)nc2)c1F)[C@@H]1C[C@@H](F)CN1S(=O)(=O)c1ccc(F)cc1,CHEMBL5737786,CHEMBL5728946,2022,224.0,nM,6.649751981665837,6.65,0.0002480183341635467,calcium_fluorescence,cinnamaldehyde,cinnamaldehyde,EC80,75.0,CHO,20.0,,compound_before_agonist,human | not_reported | calcium_fluorescence | cinnamaldehyde | EC80 | 75 | CHO | compound_before_agonist | 20,9,,0,not_reported,verified_protocol,FLIPR: CHO human TRPA1; 20-min compound preincubation; ~EC80 cinnamaldehyde 75 uM.,1,False,True,True,,
28601936,4551723,CHEMBL5934758,CHEMBL5934758,COc1cc(-c2ccc(C(F)(F)F)nc2)cc(CNC(=O)[C@@H]2C[C@@H](F)CN2S(=O)(=O)c2ccc(F)cc2)n1,CHEMBL5737786,CHEMBL5728946,2022,37.0,nM,7.431798275933005,7.43,-0.0017982759330053,calcium_fluorescence,cinnamaldehyde,cinnamaldehyde,EC80,75.0,CHO,20.0,,compound_before_agonist,human | not_reported | calcium_fluorescence | cinnamaldehyde | EC80 | 75 | CHO | compound_before_agonist | 20,9,,0,not_reported,verified_protocol,FLIPR: CHO human TRPA1; 20-min compound preincubation; ~EC80 cinnamaldehyde 75 uM.,1,False,True,True,,
28601939,4551724,CHEMBL6057466,CHEMBL6057466,O=C(NCc1cc(F)nc(-c2ccc(C(F)(F)F)nc2)c1)[C@@H]1C[C@@H](F)CN1S(=O)(=O)c1ccc(F)cc1,CHEMBL5737786,CHEMBL5728946,2022,52.0,nM,7.2839966563652006,7.28,-0.003996656365200302,calcium_fluorescence,cinnamaldehyde,cinnamaldehyde,EC80,75.0,CHO,20.0,,compound_before_agonist,human | not_reported | calcium_fluorescence | cinnamaldehyde | EC80 | 75 | CHO | compound_before_agonist | 20,9,,0,not_reported,verified_protocol,FLIPR: CHO human TRPA1; 20-min compound preincubation; ~EC80 cinnamaldehyde 75 uM.,1,False,True,True,,
28601942,4551725,CHEMBL5917293,CHEMBL5917293,O=C(NCc1cc(-c2ccc(C(F)(F)F)nc2)cc(F)n1)[C@@H]1C[C@@H](F)CN1S(=O)(=O)c1ccc(F)cc1,CHEMBL5737786,CHEMBL5728946,2022,49.0,nM,7.309803919971486,7.31,0.00019608002851345674,calcium_fluorescence,cinnamaldehyde,cinnamaldehyde,EC80,75.0,CHO,20.0,,compound_before_agonist,human | not_reported | calcium_fluorescence | cinnamaldehyde | EC80 | 75 | CHO | compound_before_agonist | 20,9,,0,not_reported,verified_protocol,FLIPR: CHO human TRPA1; 20-min compound preincubation; ~EC80 cinnamaldehyde 75 uM.,1,False,True,True,,
28601945,4551726,CHEMBL5943879,CHEMBL5943879,O=C(NCc1cc(N2C3CCC2CC(C(F)(F)F)C3)c(F)cn1)[C@@H]1C[C@@H](F)CN1S(=O)(=O)c1ccc(F)cc1,CHEMBL5737786,CHEMBL5728946,2022,741.0,nM,6.130181792020672,6.13,-0.00018179202067170053,calcium_fluorescence,cinnamaldehyde,cinnamaldehyde,EC80,75.0,CHO,20.0,,compound_before_agonist,human | not_reported | calcium_fluorescence | cinnamaldehyde | EC80 | 75 | CHO | compound_before_agonist | 20,9,,0,not_reported,verified_protocol,FLIPR: CHO human TRPA1; 20-min compound preincubation; ~EC80 cinnamaldehyde 75 uM.,1,False,True,True,,
28601948,4551727,CHEMBL6055139,CHEMBL6055139,O=C(NCc1cc(F)cc(-c2cnc(C(F)(F)F)cn2)c1)[C@@H]1C[C@@H](F)CN1S(=O)(=O)c1ccc(F)cc1,CHEMBL5737786,CHEMBL5728946,2022,14.0,nM,7.853871964321762,7.85,-0.003871964321762178,calcium_fluorescence,cinnamaldehyde,cinnamaldehyde,EC80,75.0,CHO,20.0,,compound_before_agonist,human | not_reported | calcium_fluorescence | cinnamaldehyde | EC80 | 75 | CHO | compound_before_agonist | 20,9,,0,not_reported,verified_protocol,FLIPR: CHO human TRPA1; 20-min compound preincubation; ~EC80 cinnamaldehyde 75 uM.,1,False,True,True,,
28601951,4551728,CHEMBL5916202,CHEMBL5916202,O=C(NCc1cc(-c2ccc(C(F)(F)F)nc2)ncn1)[C@@H]1C[C@H]2C[C@H]2N1S(=O)(=O)c1ccc(F)cc1,CHEMBL5737786,CHEMBL5728946,2022,156.0,nM,6.806875401645538,6.81,0.0031245983544616607,calcium_fluorescence,cinnamaldehyde,cinnamaldehyde,EC80,75.0,CHO,20.0,,compound_before_agonist,human | not_reported | calcium_fluorescence | cinnamaldehyde | EC80 | 75 | CHO | compound_before_agonist | 20,9,,0,not_reported,verified_protocol,FLIPR: CHO human TRPA1; 20-min compound preincubation; ~EC80 cinnamaldehyde 75 uM.,1,False,True,True,,
28601954,4551729,CHEMBL5797642,CHEMBL5797642,O=C(NCc1cc(-c2ccc(C(F)(F)F)nc2)ncn1)[C@@H]1C[C@]2(CN1S(=O)(=O)c1ccc(F)cc1)CC2(F)F,CHEMBL5737786,CHEMBL5728946,2022,113.0,nM,6.94692155651658,6.95,0.0030784434834201235,calcium_fluorescence,cinnamaldehyde,cinnamaldehyde,EC80,75.0,CHO,20.0,,compound_before_agonist,human | not_reported | calcium_fluorescence | cinnamaldehyde | EC80 | 75 | CHO | compound_before_agonist | 20,9,,0,not_reported,verified_protocol,FLIPR: CHO human TRPA1; 20-min compound preincubation; ~EC80 cinnamaldehyde 75 uM.,1,False,True,True,,
28601957,4551730,CHEMBL5993004,CHEMBL5993004,COc1nn(-c2ccc(C(F)(F)F)nc2)cc1CNC(=O)[C@]1(C)C[C@@H](F)CN1S(=O)(=O)c1ccc(F)cc1,CHEMBL5737786,CHEMBL5728946,2022,9.0,nM,8.045757490560675,8.05,0.004242509439325914,calcium_fluorescence,cinnamaldehyde,cinnamaldehyde,EC80,75.0,CHO,20.0,,compound_before_agonist,human | not_reported | calcium_fluorescence | cinnamaldehyde | EC80 | 75 | CHO | compound_before_agonist | 20,9,,0,not_reported,verified_protocol,FLIPR: CHO human TRPA1; 20-min compound preincubation; ~EC80 cinnamaldehyde 75 uM.,1,False,True,True,,
28601960,4551731,CHEMBL5759252,CHEMBL5759252,C[C@@]1(C(=O)NCc2cc(-c3ccc(C(F)(F)F)nc3)c(F)cn2)C[C@@H](F)CN1S(=O)(=O)c1ccc(F)cc1,CHEMBL5737786,CHEMBL5728946,2022,25.0,nM,7.6020599913279625,7.6,-0.0020599913279628623,calcium_fluorescence,cinnamaldehyde,cinnamaldehyde,EC80,75.0,CHO,20.0,,compound_before_agonist,human | not_reported | calcium_fluorescence | cinnamaldehyde | EC80 | 75 | CHO | compound_before_agonist | 20,9,,0,not_reported,verified_protocol,FLIPR: CHO human TRPA1; 20-min compound preincubation; ~EC80 cinnamaldehyde 75 uM.,1,False,True,True,,
28601963,4551732,CHEMBL5741375,CHEMBL5741375,COc1nc(CNC(=O)[C@@H]2C[C@@H](F)CN2S(=O)(=O)c2ccc(F)cc2)cc(-c2ccc(C(F)(F)F)nc2)n1,CHEMBL5737786,CHEMBL5728946,2022,97.0,nM,7.013228265733755,7.01,-0.003228265733755009,calcium_fluorescence,cinnamaldehyde,cinnamaldehyde,EC80,75.0,CHO,20.0,,compound_before_agonist,human | not_reported | calcium_fluorescence | cinnamaldehyde | EC80 | 75 | CHO | compound_before_agonist | 20,9,,0,not_reported,verified_protocol,FLIPR: CHO human TRPA1; 20-min compound preincubation; ~EC80 cinnamaldehyde 75 uM.,1,False,True,True,,
28601966,4551733,CHEMBL5901467,CHEMBL5901467,O=C(NCc1cc(N2CCC(F)(F)CC2)c(F)cn1)[C@@H]1C[C@@H](F)CN1S(=O)(=O)c1ccc(F)cc1,CHEMBL5737786,CHEMBL5728946,2022,404.0,nM,6.393618634889394,6.39,-0.003618634889394734,calcium_fluorescence,cinnamaldehyde,cinnamaldehyde,EC80,75.0,CHO,20.0,,compound_before_agonist,human | not_reported | calcium_fluorescence | cinnamaldehyde | EC80 | 75 | CHO | compound_before_agonist | 20,9,,0,not_reported,verified_protocol,FLIPR: CHO human TRPA1; 20-min compound preincubation; ~EC80 cinnamaldehyde 75 uM.,1,False,True,True,,
28601969,4551734,CHEMBL5821689,CHEMBL5821689,O=C(NCc1cc(N2CCC3(CC2)CC3)c(F)cn1)[C@@H]1C[C@@H](F)CN1S(=O)(=O)c1ccc(F)cc1,CHEMBL5737786,CHEMBL5728946,2022,99.0,nM,7.00436480540245,7.0,-0.0043648054024503224,calcium_fluorescence,cinnamaldehyde,cinnamaldehyde,EC80,75.0,CHO,20.0,,compound_before_agonist,human | not_reported | calcium_fluorescence | cinnamaldehyde | EC80 | 75 | CHO | compound_before_agonist | 20,9,,0,not_reported,verified_protocol,FLIPR: CHO human TRPA1; 20-min compound preincubation; ~EC80 cinnamaldehyde 75 uM.,1,False,True,True,,
28601972,4551735,CHEMBL5873284,CHEMBL5873284,O=C(NCc1cc(N2CCC(C(F)(F)F)CC2)c(C(F)(F)F)cn1)[C@@H]1C[C@@H](F)CN1S(=O)(=O)c1ccc(F)cc1,CHEMBL5737786,CHEMBL5728946,2022,52.0,nM,7.2839966563652006,7.28,-0.003996656365200302,calcium_fluorescence,cinnamaldehyde,cinnamaldehyde,EC80,75.0,CHO,20.0,,compound_before_agonist,human | not_reported | calcium_fluorescence | cinnamaldehyde | EC80 | 75 | CHO | compound_before_agonist | 20,9,,0,not_reported,verified_protocol,FLIPR: CHO human TRPA1; 20-min compound preincubation; ~EC80 cinnamaldehyde 75 uM.,1,False,True,True,,
28601975,4551736,CHEMBL5796833,CHEMBL5796833,O=C(NCc1cc(-c2ccc(C(F)(F)F)cn2)ccn1)[C@@H]1C[C@@H](F)CN1S(=O)(=O)c1ccc(F)cc1,CHEMBL5737786,CHEMBL5728946,2022,102.0,nM,6.991399828238082,6.99,-0.0013998282380818239,calcium_fluorescence,cinnamaldehyde,cinnamaldehyde,EC80,75.0,CHO,20.0,,compound_before_agonist,human | not_reported | calcium_fluorescence | cinnamaldehyde | EC80 | 75 | CHO | compound_before_agonist | 20,9,,0,not_reported,verified_protocol,FLIPR: CHO human TRPA1; 20-min compound preincubation; ~EC80 cinnamaldehyde 75 uM.,1,False,True,True,,
28601978,4551737,CHEMBL5881840,CHEMBL5881840,COc1nn(-c2cnc(C(F)(F)F)nc2)cc1CNC(=O)[C@@H]1C[C@@H](F)CN1S(=O)(=O)c1ccc(F)cc1,CHEMBL5737786,CHEMBL5728946,2022,126.0,nM,6.899629454882437,6.9,0.0003705451175637364,calcium_fluorescence,cinnamaldehyde,cinnamaldehyde,EC80,75.0,CHO,20.0,,compound_before_agonist,human | not_reported | calcium_fluorescence | cinnamaldehyde | EC80 | 75 | CHO | compound_before_agonist | 20,9,,0,not_reported,verified_protocol,FLIPR: CHO human TRPA1; 20-min compound preincubation; ~EC80 cinnamaldehyde 75 uM.,1,False,True,True,,
28601981,4551738,CHEMBL5745404,CHEMBL5745404,O=C(NCc1cc(C23CCC(C(F)F)(CC2)CC3)ncn1)[C@@H]1C[C@@H](F)CN1S(=O)(=O)c1ccc(F)cc1,CHEMBL5737786,CHEMBL5728946,2022,59.0,nM,7.229147988357855,7.23,0.0008520116421451007,calcium_fluorescence,cinnamaldehyde,cinnamaldehyde,EC80,75.0,CHO,20.0,,compound_before_agonist,human | not_reported | calcium_fluorescence | cinnamaldehyde | EC80 | 75 | CHO | compound_before_agonist | 20,9,,0,not_reported,verified_protocol,FLIPR: CHO human TRPA1; 20-min compound preincubation; ~EC80 cinnamaldehyde 75 uM.,1,False,True,True,,
28601984,4551739,CHEMBL5870252,CHEMBL5870252,COc1nn(-c2ccc(C(F)(F)F)cc2)cc1CNC(=O)[C@@H]1C[C@@H](F)CN1S(=O)(=O)c1cccc(F)c1,CHEMBL5737786,CHEMBL5728946,2022,23.0,nM,7.638272163982407,7.64,0.0017278360175927432,calcium_fluorescence,cinnamaldehyde,cinnamaldehyde,EC80,75.0,CHO,20.0,,compound_before_agonist,human | not_reported | calcium_fluorescence | cinnamaldehyde | EC80 | 75 | CHO | compound_before_agonist | 20,9,,0,not_reported,verified_protocol,FLIPR: CHO human TRPA1; 20-min compound preincubation; ~EC80 cinnamaldehyde 75 uM.,1,False,True,True,,
28601987,4551740,CHEMBL5799363,CHEMBL5799363,COc1nn(-c2ccc(C(F)(F)F)cc2)cc1CNC(=O)[C@@H]1C[C@@H](F)CN1S(=O)(=O)c1ccc(F)cc1,CHEMBL5737786,CHEMBL5728946,2022,11.0,nM,7.958607314841775,7.96,0.0013926851582253263,calcium_fluorescence,cinnamaldehyde,cinnamaldehyde,EC80,75.0,CHO,20.0,,compound_before_agonist,human | not_reported | calcium_fluorescence | cinnamaldehyde | EC80 | 75 | CHO | compound_before_agonist | 20,9,,0,not_reported,verified_protocol,FLIPR: CHO human TRPA1; 20-min compound preincubation; ~EC80 cinnamaldehyde 75 uM.,1,False,True,True,,
28601990,4551638,CHEMBL6056755,CHEMBL6056755,O=C(NCc1cc(-c2ccc(C(F)(F)F)nc2)ncn1)[C@@H]1[C@@H](F)CCN1S(=O)(=O)c1ccc(F)cc1,CHEMBL5737786,CHEMBL5728946,2022,21.0,nM,7.6777807052660805,7.68,0.0022192947339192415,calcium_fluorescence,cinnamaldehyde,cinnamaldehyde,EC80,75.0,CHO,20.0,,compound_before_agonist,human | not_reported | calcium_fluorescence | cinnamaldehyde | EC80 | 75 | CHO | compound_before_agonist | 20,9,,0,not_reported,verified_protocol,FLIPR: CHO human TRPA1; 20-min compound preincubation; ~EC80 cinnamaldehyde 75 uM.,2,True,True,True,,
28601993,4551617,CHEMBL6063051,CHEMBL6063051,O=C(NCc1cn(-c2ccc(C(F)(F)F)cc2)nc1Cl)[C@@H]1C[C@@H](F)CN1S(=O)(=O)c1ccc(F)cc1,CHEMBL5737786,CHEMBL5728946,2022,78.0,nM,7.107905397309519,7.11,0.0020946026904811177,calcium_fluorescence,cinnamaldehyde,cinnamaldehyde,EC80,75.0,CHO,20.0,,compound_before_agonist,human | not_reported | calcium_fluorescence | cinnamaldehyde | EC80 | 75 | CHO | compound_before_agonist | 20,9,,0,not_reported,verified_protocol,FLIPR: CHO human TRPA1; 20-min compound preincubation; ~EC80 cinnamaldehyde 75 uM.,2,True,True,True,,
28601996,4551622,CHEMBL5879759,CHEMBL5879759,C[C@@]1(C(=O)NCc2cc(-c3ccc(C(F)(F)F)cc3)ncn2)C[C@@H](F)CN1S(=O)(=O)c1ccc(F)cc1,CHEMBL5737786,CHEMBL5728946,2022,25.0,nM,7.6020599913279625,7.6,-0.0020599913279628623,calcium_fluorescence,cinnamaldehyde,cinnamaldehyde,EC80,75.0,CHO,20.0,,compound_before_agonist,human | not_reported | calcium_fluorescence | cinnamaldehyde | EC80 | 75 | CHO | compound_before_agonist | 20,9,,0,not_reported,verified_protocol,FLIPR: CHO human TRPA1; 20-min compound preincubation; ~EC80 cinnamaldehyde 75 uM.,2,True,True,True,,
28601999,4551741,CHEMBL6057342,CHEMBL6057342,O=C(NCc1cc(F)cc(-c2ccc(C(F)(F)F)nc2)c1)[C@@H]1C[C@@H](F)CN1S(=O)(=O)c1ccc(F)cc1,CHEMBL5737786,CHEMBL5728946,2022,16.0,nM,7.795880017344075,7.8,0.0041199826559248365,calcium_fluorescence,cinnamaldehyde,cinnamaldehyde,EC80,75.0,CHO,20.0,,compound_before_agonist,human | not_reported | calcium_fluorescence | cinnamaldehyde | EC80 | 75 | CHO | compound_before_agonist | 20,9,,0,not_reported,verified_protocol,FLIPR: CHO human TRPA1; 20-min compound preincubation; ~EC80 cinnamaldehyde 75 uM.,1,False,True,True,,
28602002,4551613,CHEMBL6024166,CHEMBL6024166,O=C(NCc1cc(-c2ccc(C(F)(F)F)nc2)c(F)cn1)[C@@H]1C[C@@H](F)CN1S(=O)(=O)c1ccc(F)cc1,CHEMBL5737786,CHEMBL5728946,2022,20.0,nM,7.698970004336019,7.7,0.0010299956639814312,calcium_fluorescence,cinnamaldehyde,cinnamaldehyde,EC80,75.0,CHO,20.0,,compound_before_agonist,human | not_reported | calcium_fluorescence | cinnamaldehyde | EC80 | 75 | CHO | compound_before_agonist | 20,9,,0,not_reported,verified_protocol,FLIPR: CHO human TRPA1; 20-min compound preincubation; ~EC80 cinnamaldehyde 75 uM.,2,True,True,True,,
28602005,4551614,CHEMBL5989168,CHEMBL5989168,O=C(NCc1cc(-c2ccc(C(F)(F)F)nc2)ncc1F)[C@@H]1C[C@@H](F)CN1S(=O)(=O)c1ccc(F)cc1,CHEMBL5737786,CHEMBL5728946,2022,68.0,nM,7.167491087293763,7.17,0.0025089127062365435,calcium_fluorescence,cinnamaldehyde,cinnamaldehyde,EC80,75.0,CHO,20.0,,compound_before_agonist,human | not_reported | calcium_fluorescence | cinnamaldehyde | EC80 | 75 | CHO | compound_before_agonist | 20,9,,0,not_reported,verified_protocol,FLIPR: CHO human TRPA1; 20-min compound preincubation; ~EC80 cinnamaldehyde 75 uM.,2,True,True,True,,
28602008,4551619,CHEMBL6000992,CHEMBL6000992,C[C@@]1(C(=O)NCc2cc(-c3ccc(C(F)(F)F)nc3)ncn2)C[C@@H](F)CN1S(=O)(=O)c1ccc(F)cc1,CHEMBL5737786,CHEMBL5728946,2022,92.0,nM,7.036212172654444,7.04,0.0037878273455556055,calcium_fluorescence,cinnamaldehyde,cinnamaldehyde,EC80,75.0,CHO,20.0,,compound_before_agonist,human | not_reported | calcium_fluorescence | cinnamaldehyde | EC80 | 75 | CHO | compound_before_agonist | 20,9,,0,not_reported,verified_protocol,FLIPR: CHO human TRPA1; 20-min compound preincubation; ~EC80 cinnamaldehyde 75 uM.,2,True,True,True,,
28602011,4551609,CHEMBL5841668,CHEMBL5841668,O=C(NCc1cc(-c2ccc(C(F)(F)F)cc2)ncn1)[C@@H]1C[C@@H](F)CN1S(=O)(=O)c1ccc(F)cc1,CHEMBL5737786,CHEMBL5728946,2022,15.0,nM,7.823908740944319,7.82,-0.003908740944318367,calcium_fluorescence,cinnamaldehyde,cinnamaldehyde,EC80,75.0,CHO,20.0,,compound_before_agonist,human | not_reported | calcium_fluorescence | cinnamaldehyde | EC80 | 75 | CHO | compound_before_agonist | 20,9,,0,not_reported,verified_protocol,FLIPR: CHO human TRPA1; 20-min compound preincubation; ~EC80 cinnamaldehyde 75 uM.,2,True,True,True,,
28602014,4551642,CHEMBL6020384,CHEMBL6020384,O=C(NCc1cc(N2CCC(C(F)(F)F)CC2)c(F)cn1)[C@@H]1C[C@@H](F)CN1S(=O)(=O)c1ccc(F)cc1,CHEMBL5737786,CHEMBL5728946,2022,56.0,nM,7.251811972993799,7.25,-0.0018119729937993156,calcium_fluorescence,cinnamaldehyde,cinnamaldehyde,EC80,75.0,CHO,20.0,,compound_before_agonist,human | not_reported | calcium_fluorescence | cinnamaldehyde | EC80 | 75 | CHO | compound_before_agonist | 20,9,,0,not_reported,verified_protocol,FLIPR: CHO human TRPA1; 20-min compound preincubation; ~EC80 cinnamaldehyde 75 uM.,2,True,True,True,,
28602017,4551623,CHEMBL6048359,CHEMBL6048359,O=C(NCc1cc(-c2ccc(OC(F)(F)F)cc2)ncn1)[C@@H]1C[C@@H](F)CN1S(=O)(=O)c1ccc(F)cc1,CHEMBL5737786,CHEMBL5728946,2022,21.0,nM,7.6777807052660805,7.68,0.0022192947339192415,calcium_fluorescence,cinnamaldehyde,cinnamaldehyde,EC80,75.0,CHO,20.0,,compound_before_agonist,human | not_reported | calcium_fluorescence | cinnamaldehyde | EC80 | 75 | CHO | compound_before_agonist | 20,9,,0,not_reported,verified_protocol,FLIPR: CHO human TRPA1; 20-min compound preincubation; ~EC80 cinnamaldehyde 75 uM.,2,True,True,True,,
28602020,4551616,CHEMBL5938880,CHEMBL5938880,O=C(NCc1cn(-c2ccc(C(F)(F)F)nc2)nc1Cl)[C@@H]1C[C@@H](F)CN1S(=O)(=O)c1ccc(F)cc1,CHEMBL5737786,CHEMBL5728946,2022,78.0,nM,7.107905397309519,7.11,0.0020946026904811177,calcium_fluorescence,cinnamaldehyde,cinnamaldehyde,EC80,75.0,CHO,20.0,,compound_before_agonist,human | not_reported | calcium_fluorescence | cinnamaldehyde | EC80 | 75 | CHO | compound_before_agonist | 20,9,,0,not_reported,verified_protocol,FLIPR: CHO human TRPA1; 20-min compound preincubation; ~EC80 cinnamaldehyde 75 uM.,2,True,True,True,,
28602023,4551631,CHEMBL5812704,CHEMBL5812704,O=C(NCc1cc(-c2ccc(SC(F)(F)F)cc2)ncn1)[C@@H]1C[C@@H](F)CN1S(=O)(=O)c1ccc(F)cc1,CHEMBL5737786,CHEMBL5728946,2022,49.0,nM,7.309803919971486,7.31,0.00019608002851345674,calcium_fluorescence,cinnamaldehyde,cinnamaldehyde,EC80,75.0,CHO,20.0,,compound_before_agonist,human | not_reported | calcium_fluorescence | cinnamaldehyde | EC80 | 75 | CHO | compound_before_agonist | 20,9,,0,not_reported,verified_protocol,FLIPR: CHO human TRPA1; 20-min compound preincubation; ~EC80 cinnamaldehyde 75 uM.,2,True,True,True,,
28602026,4551632,CHEMBL6017794,CHEMBL6017794,O=C(NCc1cc(C2=CCC(C(F)(F)F)CC2)ncn1)[C@@H]1C[C@@H](F)CN1S(=O)(=O)c1ccc(F)cc1,CHEMBL5737786,CHEMBL5728946,2022,46.0,nM,7.337242168318426,7.34,0.0027578316815741744,calcium_fluorescence,cinnamaldehyde,cinnamaldehyde,EC80,75.0,CHO,20.0,,compound_before_agonist,human | not_reported | calcium_fluorescence | cinnamaldehyde | EC80 | 75 | CHO | compound_before_agonist | 20,9,,0,not_reported,verified_protocol,FLIPR: CHO human TRPA1; 20-min compound preincubation; ~EC80 cinnamaldehyde 75 uM.,2,True,True,True,,
28602029,4551742,CHEMBL5774901,CHEMBL5774901,O=C(NCc1cc([C@H]2CC[C@H](C(F)(F)F)CC2)ncn1)[C@@H]1C[C@@H](F)CN1S(=O)(=O)c1ccc(F)cc1,CHEMBL5737786,CHEMBL5728946,2022,34.0,nM,7.468521082957745,7.47,0.0014789170422551123,calcium_fluorescence,cinnamaldehyde,cinnamaldehyde,EC80,75.0,CHO,20.0,,compound_before_agonist,human | not_reported | calcium_fluorescence | cinnamaldehyde | EC80 | 75 | CHO | compound_before_agonist | 20,9,,0,not_reported,verified_protocol,FLIPR: CHO human TRPA1; 20-min compound preincubation; ~EC80 cinnamaldehyde 75 uM.,2,True,True,True,,
28602032,4551628,CHEMBL5814964,CHEMBL5814964,O=C(NCc1cc(-c2ccc(C(F)(F)F)cc2)ncn1)[C@@H]1C[C@@H](F)CN1S(=O)(=O)c1ccc(F)c(F)c1,CHEMBL5737786,CHEMBL5728946,2022,46.0,nM,7.337242168318426,7.34,0.0027578316815741744,calcium_fluorescence,cinnamaldehyde,cinnamaldehyde,EC80,75.0,CHO,20.0,,compound_before_agonist,human | not_reported | calcium_fluorescence | cinnamaldehyde | EC80 | 75 | CHO | compound_before_agonist | 20,9,,0,not_reported,verified_protocol,FLIPR: CHO human TRPA1; 20-min compound preincubation; ~EC80 cinnamaldehyde 75 uM.,2,True,True,True,,
28602035,4551615,CHEMBL5881244,CHEMBL5881244,O=C(NCc1cn(-c2ccc(C(F)(F)F)nc2)nc1C1CC1)[C@@H]1C[C@@H](F)CN1S(=O)(=O)c1ccc(F)cc1,CHEMBL5737786,CHEMBL5728946,2022,161.0,nM,6.79317412396815,6.79,-0.0031741239681499778,calcium_fluorescence,cinnamaldehyde,cinnamaldehyde,EC80,75.0,CHO,20.0,,compound_before_agonist,human | not_reported | calcium_fluorescence | cinnamaldehyde | EC80 | 75 | CHO | compound_before_agonist | 20,9,,0,not_reported,verified_protocol,FLIPR: CHO human TRPA1; 20-min compound preincubation; ~EC80 cinnamaldehyde 75 uM.,2,True,True,True,,
28602038,4551624,CHEMBL5895656,CHEMBL5895656,Cc1nc(CNC(=O)[C@@H]2C[C@@H](F)CN2S(=O)(=O)c2ccc(F)cc2)cc(-c2ccc(C(F)(F)F)nc2)n1,CHEMBL5737786,CHEMBL5728946,2022,163.0,nM,6.787812395596042,6.79,0.0021876044039581544,calcium_fluorescence,cinnamaldehyde,cinnamaldehyde,EC80,75.0,CHO,20.0,,compound_before_agonist,human | not_reported | calcium_fluorescence | cinnamaldehyde | EC80 | 75 | CHO | compound_before_agonist | 20,9,,0,not_reported,verified_protocol,FLIPR: CHO human TRPA1; 20-min compound preincubation; ~EC80 cinnamaldehyde 75 uM.,2,True,True,True,,
28602041,4551743,CHEMBL5899705,CHEMBL5899705,COc1nn(-c2ccc(C(F)(F)F)nc2)cc1CNC(=O)[C@@H]1C[C@@H](F)CN1S(=O)(=O)c1ccc(F)cc1,CHEMBL5737786,CHEMBL5728946,2022,68.0,nM,7.167491087293763,7.17,0.0025089127062365435,calcium_fluorescence,cinnamaldehyde,cinnamaldehyde,EC80,75.0,CHO,20.0,,compound_before_agonist,human | not_reported | calcium_fluorescence | cinnamaldehyde | EC80 | 75 | CHO | compound_before_agonist | 20,9,,0,not_reported,verified_protocol,FLIPR: CHO human TRPA1; 20-min compound preincubation; ~EC80 cinnamaldehyde 75 uM.,1,False,True,True,,
28602044,4551608,CHEMBL4066996,CHEMBL4066996,O=C(NCc1cc(-c2ccc(C(F)(F)F)nc2)ncn1)[C@@H]1C[C@@H](F)CN1S(=O)(=O)c1ccc(F)cc1,CHEMBL5737786,CHEMBL5728946,2022,97.0,nM,7.013228265733755,7.01,-0.003228265733755009,calcium_fluorescence,cinnamaldehyde,cinnamaldehyde,EC80,75.0,CHO,20.0,,compound_before_agonist,human | not_reported | calcium_fluorescence | cinnamaldehyde | EC80 | 75 | CHO | compound_before_agonist | 20,9,,0,not_reported,verified_protocol,FLIPR: CHO human TRPA1; 20-min compound preincubation; ~EC80 cinnamaldehyde 75 uM.,2,True,True,True,,
28602047,4551620,CHEMBL6028461,CHEMBL6028461,O=C(NCc1cc(-c2ccc(C3CC3)cc2)ncn1)[C@@H]1C[C@@H](F)CN1S(=O)(=O)c1ccc(F)cc1,CHEMBL5737786,CHEMBL5728946,2022,134.0,nM,6.872895201635192,6.87,-0.0028952016351917464,calcium_fluorescence,cinnamaldehyde,cinnamaldehyde,EC80,75.0,CHO,20.0,,compound_before_agonist,human | not_reported | calcium_fluorescence | cinnamaldehyde | EC80 | 75 | CHO | compound_before_agonist | 20,9,,0,not_reported,verified_protocol,FLIPR: CHO human TRPA1; 20-min compound preincubation; ~EC80 cinnamaldehyde 75 uM.,2,True,True,True,,
28602050,4551627,CHEMBL6015925,CHEMBL6015925,O=C(NCc1cc(-c2ccc(C(F)(F)F)nc2)ncn1)[C@@H]1C[C@@H](F)CN1S(=O)(=O)c1ccc(F)c(F)c1,CHEMBL5737786,CHEMBL5728946,2022,109.0,nM,6.962573502059376,6.96,-0.0025735020593762314,calcium_fluorescence,cinnamaldehyde,cinnamaldehyde,EC80,75.0,CHO,20.0,,compound_before_agonist,human | not_reported | calcium_fluorescence | cinnamaldehyde | EC80 | 75 | CHO | compound_before_agonist | 20,9,,0,not_reported,verified_protocol,FLIPR: CHO human TRPA1; 20-min compound preincubation; ~EC80 cinnamaldehyde 75 uM.,2,True,True,True,,
28602053,4551744,CHEMBL5879812,CHEMBL5879812,O=C(NCc1cc(-c2cnc(C(F)(F)F)nc2)ccn1)[C@@H]1[C@@H](F)CCN1S(=O)(=O)c1ccc(F)cc1,CHEMBL5737786,CHEMBL5728946,2022,103.0,nM,6.987162775294828,6.99,0.0028372247051722255,calcium_fluorescence,cinnamaldehyde,cinnamaldehyde,EC80,75.0,CHO,20.0,,compound_before_agonist,human | not_reported | calcium_fluorescence | cinnamaldehyde | EC80 | 75 | CHO | compound_before_agonist | 20,9,,0,not_reported,verified_protocol,FLIPR: CHO human TRPA1; 20-min compound preincubation; ~EC80 cinnamaldehyde 75 uM.,1,False,True,True,,
28602056,4551745,CHEMBL5844737,CHEMBL5844737,O=C(NCc1cc(-c2cnc(C(F)(F)F)nc2)ccc1Cl)[C@@H]1C[C@@H](F)CN1S(=O)(=O)c1ccc(F)cc1,CHEMBL5737786,CHEMBL5728946,2022,4.0,nM,8.397940008672037,8.4,0.0020599913279628623,calcium_fluorescence,cinnamaldehyde,cinnamaldehyde,EC80,75.0,CHO,20.0,,compound_before_agonist,human | not_reported | calcium_fluorescence | cinnamaldehyde | EC80 | 75 | CHO | compound_before_agonist | 20,9,,0,not_reported,verified_protocol,FLIPR: CHO human TRPA1; 20-min compound preincubation; ~EC80 cinnamaldehyde 75 uM.,1,False,True,True,,
28602059,4551746,CHEMBL5765240,CHEMBL5765240,O=C(NCc1ccnc(-c2ccc(OC(F)(F)F)cc2)c1)[C@@H]1C[C@@H](F)CN1S(=O)(=O)c1ccc(F)cc1,CHEMBL5737786,CHEMBL5728946,2022,18.0,nM,7.7447274948966935,7.75,0.005272505103306457,calcium_fluorescence,cinnamaldehyde,cinnamaldehyde,EC80,75.0,CHO,20.0,,compound_before_agonist,human | not_reported | calcium_fluorescence | cinnamaldehyde | EC80 | 75 | CHO | compound_before_agonist | 20,9,,0,not_reported,verified_protocol,FLIPR: CHO human TRPA1; 20-min compound preincubation; ~EC80 cinnamaldehyde 75 uM.,1,False,True,True,,
28602062,4551747,CHEMBL5908217,CHEMBL5908217,O=C(NCc1ccnc(-c2ccc(OC(F)F)cc2)c1)[C@@H]1C[C@@H](F)CN1S(=O)(=O)c1ccc(F)cc1,CHEMBL5737786,CHEMBL5728946,2022,86.0,nM,7.0655015487564325,7.07,0.004498451243567736,calcium_fluorescence,cinnamaldehyde,cinnamaldehyde,EC80,75.0,CHO,20.0,,compound_before_agonist,human | not_reported | calcium_fluorescence | cinnamaldehyde | EC80 | 75 | CHO | compound_before_agonist | 20,9,,0,not_reported,verified_protocol,FLIPR: CHO human TRPA1; 20-min compound preincubation; ~EC80 cinnamaldehyde 75 uM.,1,False,True,True,,
28602065,4551748,CHEMBL6031447,CHEMBL6031447,O=C(NCc1cc(-c2ccc(C(F)(F)F)nc2)ccc1F)[C@@H]1C[C@@H](F)CN1S(=O)(=O)c1ccc(F)cc1,CHEMBL5737786,CHEMBL5728946,2022,9.0,nM,8.045757490560675,8.05,0.004242509439325914,calcium_fluorescence,cinnamaldehyde,cinnamaldehyde,EC80,75.0,CHO,20.0,,compound_before_agonist,human | not_reported | calcium_fluorescence | cinnamaldehyde | EC80 | 75 | CHO | compound_before_agonist | 20,9,,0,not_reported,verified_protocol,FLIPR: CHO human TRPA1; 20-min compound preincubation; ~EC80 cinnamaldehyde 75 uM.,1,False,True,True,,
28602068,4551749,CHEMBL5838629,CHEMBL5838629,O=C(NCc1cc(-c2ccc(C(F)(F)F)cn2)ccc1F)[C@@H]1C[C@@H](F)CN1S(=O)(=O)c1ccc(F)cc1,CHEMBL5737786,CHEMBL5728946,2022,11.0,nM,7.958607314841775,7.96,0.0013926851582253263,calcium_fluorescence,cinnamaldehyde,cinnamaldehyde,EC80,75.0,CHO,20.0,,compound_before_agonist,human | not_reported | calcium_fluorescence | cinnamaldehyde | EC80 | 75 | CHO | compound_before_agonist | 20,9,,0,not_reported,verified_protocol,FLIPR: CHO human TRPA1; 20-min compound preincubation; ~EC80 cinnamaldehyde 75 uM.,1,False,True,True,,
28602071,4551750,CHEMBL6054677,CHEMBL6054677,O=C(NCc1cc(-c2ccc(C(F)(F)F)nn2)ccc1F)[C@@H]1C[C@@H](F)CN1S(=O)(=O)c1ccc(F)cc1,CHEMBL5737786,CHEMBL5728946,2022,43.0,nM,7.366531544420414,7.37,0.003468455579586305,calcium_fluorescence,cinnamaldehyde,cinnamaldehyde,EC80,75.0,CHO,20.0,,compound_before_agonist,human | not_reported | calcium_fluorescence | cinnamaldehyde | EC80 | 75 | CHO | compound_before_agonist | 20,9,,0,not_reported,verified_protocol,FLIPR: CHO human TRPA1; 20-min compound preincubation; ~EC80 cinnamaldehyde 75 uM.,1,False,True,True,,
28602074,4551751,CHEMBL5871660,CHEMBL5871660,N#Cc1ccc(-c2cnc(C(F)(F)F)nc2)cc1CNC(=O)[C@@H]1C[C@@H](F)CN1S(=O)(=O)c1ccc(F)cc1,CHEMBL5737786,CHEMBL5728946,2022,32.0,nM,7.494850021680094,7.5,0.005149978319906268,calcium_fluorescence,cinnamaldehyde,cinnamaldehyde,EC80,75.0,CHO,20.0,,compound_before_agonist,human | not_reported | calcium_fluorescence | cinnamaldehyde | EC80 | 75 | CHO | compound_before_agonist | 20,9,,0,not_reported,verified_protocol,FLIPR: CHO human TRPA1; 20-min compound preincubation; ~EC80 cinnamaldehyde 75 uM.,1,False,True,True,,
28602077,4551752,CHEMBL5774162,CHEMBL5774162,O=C(NCc1cc(Cl)nc(-c2ccc(OC(F)F)cc2)c1)[C@@H]1C[C@@H](F)CN1S(=O)(=O)c1ccc(F)cc1,CHEMBL5737786,CHEMBL5728946,2022,66.0,nM,7.180456064458131,7.18,-0.0004560644581310669,calcium_fluorescence,cinnamaldehyde,cinnamaldehyde,EC80,75.0,CHO,20.0,,compound_before_agonist,human | not_reported | calcium_fluorescence | cinnamaldehyde | EC80 | 75 | CHO | compound_before_agonist | 20,9,,0,not_reported,verified_protocol,FLIPR: CHO human TRPA1; 20-min compound preincubation; ~EC80 cinnamaldehyde 75 uM.,1,False,True,True,,
28602080,4551753,CHEMBL5990009,CHEMBL5990009,N#Cc1cnc(-c2ccc(C(F)(F)F)nc2)cc1CNC(=O)[C@@H]1[C@@H](F)CCN1S(=O)(=O)c1ccc(F)cc1,CHEMBL5737786,CHEMBL5728946,2022,13.0,nM,7.886056647693163,7.89,0.003943352306836623,calcium_fluorescence,cinnamaldehyde,cinnamaldehyde,EC80,75.0,CHO,20.0,,compound_before_agonist,human | not_reported | calcium_fluorescence | cinnamaldehyde | EC80 | 75 | CHO | compound_before_agonist | 20,9,,0,not_reported,verified_protocol,FLIPR: CHO human TRPA1; 20-min compound preincubation; ~EC80 cinnamaldehyde 75 uM.,1,False,True,True,,
28602083,4551754,CHEMBL5967837,CHEMBL5967837,O=C(NCc1cc(-c2cnc(C(F)(F)F)nc2)c(F)cn1)[C@@H]1C[C@@H](F)CN1S(=O)(=O)c1ccc(F)cc1,CHEMBL5737786,CHEMBL5728946,2022,38.0,nM,7.42021640338319,7.42,-0.0002164033831899559,calcium_fluorescence,cinnamaldehyde,cinnamaldehyde,EC80,75.0,CHO,20.0,,compound_before_agonist,human | not_reported | calcium_fluorescence | cinnamaldehyde | EC80 | 75 | CHO | compound_before_agonist | 20,9,,0,not_reported,verified_protocol,FLIPR: CHO human TRPA1; 20-min compound preincubation; ~EC80 cinnamaldehyde 75 uM.,1,False,True,True,,
28602086,4551755,CHEMBL5930181,CHEMBL5930181,O=C(NCc1ccnc(-c2cnc(C(F)(F)F)nc2)c1)[C@@H]1[C@@H](F)CCN1S(=O)(=O)c1ccc(F)cc1,CHEMBL5737786,CHEMBL5728946,2022,75.0,nM,7.1249387366083,7.12,-0.0049387366082997985,calcium_fluorescence,cinnamaldehyde,cinnamaldehyde,EC80,75.0,CHO,20.0,,compound_before_agonist,human | not_reported | calcium_fluorescence | cinnamaldehyde | EC80 | 75 | CHO | compound_before_agonist | 20,9,,0,not_reported,verified_protocol,FLIPR: CHO human TRPA1; 20-min compound preincubation; ~EC80 cinnamaldehyde 75 uM.,1,False,True,True,,
28602089,4551756,CHEMBL5927467,CHEMBL5927467,Cc1cnc(-c2cnc(C(F)(F)F)nc2)cc1CNC(=O)[C@@H]1C[C@@H](F)CN1S(=O)(=O)c1ccc(F)cc1,CHEMBL5737786,CHEMBL5728946,2022,116.0,nM,6.935542010773082,6.94,0.004457989226918535,calcium_fluorescence,cinnamaldehyde,cinnamaldehyde,EC80,75.0,CHO,20.0,,compound_before_agonist,human | not_reported | calcium_fluorescence | cinnamaldehyde | EC80 | 75 | CHO | compound_before_agonist | 20,9,,0,not_reported,verified_protocol,FLIPR: CHO human TRPA1; 20-min compound preincubation; ~EC80 cinnamaldehyde 75 uM.,1,False,True,True,,
28602092,4551757,CHEMBL5868532,CHEMBL5868532,COCCOc1cc(-c2ccc(C(F)(F)F)nc2)cc(CNC(=O)[C@@H]2C[C@@H](F)CN2S(=O)(=O)c2ccc(F)cc2)n1,CHEMBL5737786,CHEMBL5728946,2022,89.0,nM,7.050609993355087,7.05,-0.0006099933550869352,calcium_fluorescence,cinnamaldehyde,cinnamaldehyde,EC80,75.0,CHO,20.0,,compound_before_agonist,human | not_reported | calcium_fluorescence | cinnamaldehyde | EC80 | 75 | CHO | compound_before_agonist | 20,9,,0,not_reported,verified_protocol,FLIPR: CHO human TRPA1; 20-min compound preincubation; ~EC80 cinnamaldehyde 75 uM.,1,False,True,True,,
28602095,4551758,CHEMBL5913737,CHEMBL5913737,O=C(NCc1cc(-c2cnc(C(F)(F)F)nc2)cnc1F)[C@@H]1C[C@@H](F)CN1S(=O)(=O)c1ccc(F)cc1,CHEMBL5737786,CHEMBL5728946,2022,211.0,nM,6.675717544702307,6.68,0.004282455297692778,calcium_fluorescence,cinnamaldehyde,cinnamaldehyde,EC80,75.0,CHO,20.0,,compound_before_agonist,human | not_reported | calcium_fluorescence | cinnamaldehyde | EC80 | 75 | CHO | compound_before_agonist | 20,9,,0,not_reported,verified_protocol,FLIPR: CHO human TRPA1; 20-min compound preincubation; ~EC80 cinnamaldehyde 75 uM.,1,False,True,True,,
28602098,4551759,CHEMBL5798618,CHEMBL5798618,O=C(NCc1ccnc(-c2cnc(C(F)(F)F)nc2)c1)[C@@H]1[C@H]2C[C@H]2CN1S(=O)(=O)c1ccc(F)cc1,CHEMBL5737786,CHEMBL5728946,2022,38.0,nM,7.42021640338319,7.42,-0.0002164033831899559,calcium_fluorescence,cinnamaldehyde,cinnamaldehyde,EC80,75.0,CHO,20.0,,compound_before_agonist,human | not_reported | calcium_fluorescence | cinnamaldehyde | EC80 | 75 | CHO | compound_before_agonist | 20,9,,0,not_reported,verified_protocol,FLIPR: CHO human TRPA1; 20-min compound preincubation; ~EC80 cinnamaldehyde 75 uM.,1,False,True,True,,
28602101,4551760,CHEMBL5875068,CHEMBL5875068,O=C(NCc1cc(F)cc(-c2csc(C(F)(F)F)n2)c1)[C@@H]1C[C@@H](F)CN1S(=O)(=O)c1ccc(F)cc1,CHEMBL5737786,CHEMBL5728946,2022,111.0,nM,6.954677021213342,6.96,0.005322978786657551,calcium_fluorescence,cinnamaldehyde,cinnamaldehyde,EC80,75.0,CHO,20.0,,compound_before_agonist,human | not_reported | calcium_fluorescence | cinnamaldehyde | EC80 | 75 | CHO | compound_before_agonist | 20,9,,0,not_reported,verified_protocol,FLIPR: CHO human TRPA1; 20-min compound preincubation; ~EC80 cinnamaldehyde 75 uM.,1,False,True,True,,
28602104,4551761,CHEMBL5929664,CHEMBL5929664,O=C(NCc1cc(F)cc(-c2cnc(C(F)(F)F)s2)c1)[C@@H]1C[C@@H](F)CN1S(=O)(=O)c1ccc(F)cc1,CHEMBL5737786,CHEMBL5728946,2022,12.0,nM,7.920818753952375,7.92,-0.0008187539523749621,calcium_fluorescence,cinnamaldehyde,cinnamaldehyde,EC80,75.0,CHO,20.0,,compound_before_agonist,human | not_reported | calcium_fluorescence | cinnamaldehyde | EC80 | 75 | CHO | compound_before_agonist | 20,9,,0,not_reported,verified_protocol,FLIPR: CHO human TRPA1; 20-min compound preincubation; ~EC80 cinnamaldehyde 75 uM.,1,False,True,True,,
28602107,4551762,CHEMBL6004449,CHEMBL6004449,O=C(NCc1cc(F)cc(-c2nc(C(F)(F)F)cs2)c1)[C@@H]1C[C@@H](F)CN1S(=O)(=O)c1ccc(F)cc1,CHEMBL5737786,CHEMBL5728946,2022,86.0,nM,7.0655015487564325,7.07,0.004498451243567736,calcium_fluorescence,cinnamaldehyde,cinnamaldehyde,EC80,75.0,CHO,20.0,,compound_before_agonist,human | not_reported | calcium_fluorescence | cinnamaldehyde | EC80 | 75 | CHO | compound_before_agonist | 20,9,,0,not_reported,verified_protocol,FLIPR: CHO human TRPA1; 20-min compound preincubation; ~EC80 cinnamaldehyde 75 uM.,1,False,True,True,,
28602110,4551763,CHEMBL5944951,CHEMBL5944951,N#Cc1ccc(-c2cnc(C(F)(F)F)nc2)cc1CNC(=O)[C@@H]1[C@H]2C[C@H]2CN1S(=O)(=O)c1ccc(F)cc1,CHEMBL5737786,CHEMBL5728946,2022,8.0,nM,8.096910013008056,8.1,0.0030899869919434053,calcium_fluorescence,cinnamaldehyde,cinnamaldehyde,EC80,75.0,CHO,20.0,,compound_before_agonist,human | not_reported | calcium_fluorescence | cinnamaldehyde | EC80 | 75 | CHO | compound_before_agonist | 20,9,,0,not_reported,verified_protocol,FLIPR: CHO human TRPA1; 20-min compound preincubation; ~EC80 cinnamaldehyde 75 uM.,1,False,True,True,,
28602113,4551764,CHEMBL5960015,CHEMBL5960015,O=C(NCc1cc(-c2ccc(C(F)(F)F)cc2)ccc1F)[C@@H]1C[C@@H](F)CN1S(=O)(=O)c1ccc(F)cc1,CHEMBL5737786,CHEMBL5728946,2022,5.0,nM,8.301029995663981,8.3,-0.001029995663980543,calcium_fluorescence,cinnamaldehyde,cinnamaldehyde,EC80,75.0,CHO,20.0,,compound_before_agonist,human | not_reported | calcium_fluorescence | cinnamaldehyde | EC80 | 75 | CHO | compound_before_agonist | 20,9,,0,not_reported,verified_protocol,FLIPR: CHO human TRPA1; 20-min compound preincubation; ~EC80 cinnamaldehyde 75 uM.,1,False,True,True,,
28602116,4551765,CHEMBL5886590,CHEMBL5886590,Nc1nc(C(F)(F)F)ccc1-c1cc(CNC(=O)[C@@H]2C[C@@H](F)CN2S(=O)(=O)c2ccc(F)cc2)ccn1,CHEMBL5737786,CHEMBL5728946,2022,175.0,nM,6.756961951313706,6.76,0.0030380486862942035,calcium_fluorescence,cinnamaldehyde,cinnamaldehyde,EC80,75.0,CHO,20.0,,compound_before_agonist,human | not_reported | calcium_fluorescence | cinnamaldehyde | EC80 | 75 | CHO | compound_before_agonist | 20,9,,0,not_reported,verified_protocol,FLIPR: CHO human TRPA1; 20-min compound preincubation; ~EC80 cinnamaldehyde 75 uM.,1,False,True,True,,
28602119,4551766,CHEMBL5761513,CHEMBL5761513,CNc1nc(C(F)(F)F)ccc1-c1cc(CNC(=O)C2C[C@@H](F)CN2S(=O)(=O)c2ccc(F)cc2)ccn1,CHEMBL5737786,CHEMBL5728946,2022,62.0,nM,7.207608310501746,7.21,0.0023916894982543013,calcium_fluorescence,cinnamaldehyde,cinnamaldehyde,EC80,75.0,CHO,20.0,,compound_before_agonist,human | not_reported | calcium_fluorescence | cinnamaldehyde | EC80 | 75 | CHO | compound_before_agonist | 20,9,,0,not_reported,verified_protocol,FLIPR: CHO human TRPA1; 20-min compound preincubation; ~EC80 cinnamaldehyde 75 uM.,1,False,True,True,,
28602122,4551767,CHEMBL5898404,CHEMBL5898404,O=C(NCc1cc(-c2cnc(C(F)(F)F)nc2)ncc1F)[C@@H]1C[C@@H](F)CN1S(=O)(=O)c1ccc(F)cc1,CHEMBL5737786,CHEMBL5728946,2022,26.0,nM,7.585026652029182,7.58,-0.005026652029181733,calcium_fluorescence,cinnamaldehyde,cinnamaldehyde,EC80,75.0,CHO,20.0,,compound_before_agonist,human | not_reported | calcium_fluorescence | cinnamaldehyde | EC80 | 75 | CHO | compound_before_agonist | 20,9,,0,not_reported,verified_protocol,FLIPR: CHO human TRPA1; 20-min compound preincubation; ~EC80 cinnamaldehyde 75 uM.,1,False,True,True,,
28602125,4551768,CHEMBL5899272,CHEMBL5899272,O=C(NCc1cc(F)cc(-c2cnc(C(F)(F)F)nc2)c1)[C@]12C[C@H]1CCN2S(=O)(=O)c1ccc(F)cc1,CHEMBL5737786,CHEMBL5728946,2022,10.0,nM,8.0,8.0,0.0,calcium_fluorescence,cinnamaldehyde,cinnamaldehyde,EC80,75.0,CHO,20.0,,compound_before_agonist,human | not_reported | calcium_fluorescence | cinnamaldehyde | EC80 | 75 | CHO | compound_before_agonist | 20,9,,0,not_reported,verified_protocol,FLIPR: CHO human TRPA1; 20-min compound preincubation; ~EC80 cinnamaldehyde 75 uM.,1,False,True,True,,
28602128,4551769,CHEMBL5985376,CHEMBL5985376,O=C(NCc1cc(-c2cnc(C(F)(F)F)nc2)ccc1F)[C@]12C[C@H]1CCN2S(=O)(=O)c1ccc(F)cc1,CHEMBL5737786,CHEMBL5728946,2022,21.0,nM,7.6777807052660805,7.68,0.0022192947339192415,calcium_fluorescence,cinnamaldehyde,cinnamaldehyde,EC80,75.0,CHO,20.0,,compound_before_agonist,human | not_reported | calcium_fluorescence | cinnamaldehyde | EC80 | 75 | CHO | compound_before_agonist | 20,9,,0,not_reported,verified_protocol,FLIPR: CHO human TRPA1; 20-min compound preincubation; ~EC80 cinnamaldehyde 75 uM.,1,False,True,True,,
28602131,4551770,CHEMBL5979559,CHEMBL5979559,O=C(NCc1cc(-c2cnc(C(F)(F)F)nc2)ccc1F)[C@@H]1[C@H]2C[C@H]2CN1S(=O)(=O)c1ccc(F)cc1,CHEMBL5737786,CHEMBL5728946,2022,3.0,nM,8.522878745280337,8.52,-0.0028787452803378244,calcium_fluorescence,cinnamaldehyde,cinnamaldehyde,EC80,75.0,CHO,20.0,,compound_before_agonist,human | not_reported | calcium_fluorescence | cinnamaldehyde | EC80 | 75 | CHO | compound_before_agonist | 20,9,,0,not_reported,verified_protocol,FLIPR: CHO human TRPA1; 20-min compound preincubation; ~EC80 cinnamaldehyde 75 uM.,1,False,True,True,,
28602134,4551771,CHEMBL5770614,CHEMBL5770614,O=C(NCc1cc(-c2cnc(C(F)(F)F)nc2)ncc1Cl)[C@@H]1C[C@@H](F)CN1S(=O)(=O)c1ccc(F)cc1,CHEMBL5737786,CHEMBL5728946,2022,10.0,nM,8.0,8.0,0.0,calcium_fluorescence,cinnamaldehyde,cinnamaldehyde,EC80,75.0,CHO,20.0,,compound_before_agonist,human | not_reported | calcium_fluorescence | cinnamaldehyde | EC80 | 75 | CHO | compound_before_agonist | 20,9,,0,not_reported,verified_protocol,FLIPR: CHO human TRPA1; 20-min compound preincubation; ~EC80 cinnamaldehyde 75 uM.,1,False,True,True,,
28602137,4551772,CHEMBL5819721,CHEMBL5819721,O=C(NCc1cc(-c2cnc(C(F)(F)F)nc2)ncc1F)C1C2CC(CC2F)N1S(=O)(=O)c1ccc(F)cc1,CHEMBL5737786,CHEMBL5728946,2022,155.0,nM,6.809668301829708,6.81,0.000331698170291439,calcium_fluorescence,cinnamaldehyde,cinnamaldehyde,EC80,75.0,CHO,20.0,,compound_before_agonist,human | not_reported | calcium_fluorescence | cinnamaldehyde | EC80 | 75 | CHO | compound_before_agonist | 20,9,,0,not_reported,verified_protocol,FLIPR: CHO human TRPA1; 20-min compound preincubation; ~EC80 cinnamaldehyde 75 uM.,1,False,True,True,,
28602140,4551773,CHEMBL5835103,CHEMBL5835103,C[C@H]1CC[C@@H](C(=O)NCc2ccnc(-c3cnc(C(F)(F)F)nc3)c2)N1S(=O)(=O)c1ccc(F)cc1,CHEMBL5737786,CHEMBL5728946,2022,4.0,nM,8.397940008672037,8.4,0.0020599913279628623,calcium_fluorescence,cinnamaldehyde,cinnamaldehyde,EC80,75.0,CHO,20.0,,compound_before_agonist,human | not_reported | calcium_fluorescence | cinnamaldehyde | EC80 | 75 | CHO | compound_before_agonist | 20,9,,0,not_reported,verified_protocol,FLIPR: CHO human TRPA1; 20-min compound preincubation; ~EC80 cinnamaldehyde 75 uM.,1,False,True,True,,
28602143,4551774,CHEMBL5921909,CHEMBL5921909,C[C@@]1(F)C[C@@H](C(=O)NCc2cc(-c3cnc(C(F)(F)F)nc3)ccc2F)N(S(=O)(=O)c2ccc(F)cc2)C1,CHEMBL5737786,CHEMBL5728946,2022,6.0,nM,8.221848749616356,8.22,-0.001848749616355505,calcium_fluorescence,cinnamaldehyde,cinnamaldehyde,EC80,75.0,CHO,20.0,,compound_before_agonist,human | not_reported | calcium_fluorescence | cinnamaldehyde | EC80 | 75 | CHO | compound_before_agonist | 20,9,,0,not_reported,verified_protocol,FLIPR: CHO human TRPA1; 20-min compound preincubation; ~EC80 cinnamaldehyde 75 uM.,1,False,True,True,,
28602146,4551775,CHEMBL5891925,CHEMBL5891925,COc1cc(CNC(=O)[C@@H]2C[C@@H](F)CN2S(=O)(=O)c2ccc(F)cc2)cc(-c2cnc(C(F)(F)F)nc2)n1,CHEMBL5737786,CHEMBL5728946,2022,8.0,nM,8.096910013008056,8.1,0.0030899869919434053,calcium_fluorescence,cinnamaldehyde,cinnamaldehyde,EC80,75.0,CHO,20.0,,compound_before_agonist,human | not_reported | calcium_fluorescence | cinnamaldehyde | EC80 | 75 | CHO | compound_before_agonist | 20,9,,0,not_reported,verified_protocol,FLIPR: CHO human TRPA1; 20-min compound preincubation; ~EC80 cinnamaldehyde 75 uM.,1,False,True,True,,
28602149,4551776,CHEMBL5964951,CHEMBL5964951,N#Cc1cnc(-c2cnc(C(F)(F)F)nc2)cc1CNC(=O)[C@@H]1C[C@@H](F)CN1S(=O)(=O)c1ccc(F)cc1,CHEMBL5737786,CHEMBL5728946,2022,55.0,nM,7.259637310505756,7.26,0.0003626894942438952,calcium_fluorescence,cinnamaldehyde,cinnamaldehyde,EC80,75.0,CHO,20.0,,compound_before_agonist,human | not_reported | calcium_fluorescence | cinnamaldehyde | EC80 | 75 | CHO | compound_before_agonist | 20,9,,0,not_reported,verified_protocol,FLIPR: CHO human TRPA1; 20-min compound preincubation; ~EC80 cinnamaldehyde 75 uM.,1,False,True,True,,
28602152,4551777,CHEMBL5946763,CHEMBL5946763,COCCOc1nc(C(F)(F)F)ccc1-c1cc(F)cc(CNC(=O)[C@@H]2C[C@@H](F)CN2S(=O)(=O)c2ccc(F)cc2)c1,CHEMBL5737786,CHEMBL5728946,2022,52.0,nM,7.2839966563652006,7.28,-0.003996656365200302,calcium_fluorescence,cinnamaldehyde,cinnamaldehyde,EC80,75.0,CHO,20.0,,compound_before_agonist,human | not_reported | calcium_fluorescence | cinnamaldehyde | EC80 | 75 | CHO | compound_before_agonist | 20,9,,0,not_reported,verified_protocol,FLIPR: CHO human TRPA1; 20-min compound preincubation; ~EC80 cinnamaldehyde 75 uM.,1,False,True,True,,
28602155,4551778,CHEMBL5762746,CHEMBL5762746,Cc1cc(-c2cnc(C(F)(F)F)nc2)cc(CNC(=O)[C@@H]2[C@@H](F)CCN2S(=O)(=O)c2ccc(F)cc2)n1,CHEMBL5737786,CHEMBL5728946,2022,27.0,nM,7.568636235841012,7.57,0.00136376415898809,calcium_fluorescence,cinnamaldehyde,cinnamaldehyde,EC80,75.0,CHO,20.0,,compound_before_agonist,human | not_reported | calcium_fluorescence | cinnamaldehyde | EC80 | 75 | CHO | compound_before_agonist | 20,9,,0,not_reported,verified_protocol,FLIPR: CHO human TRPA1; 20-min compound preincubation; ~EC80 cinnamaldehyde 75 uM.,1,False,True,True,,
28602158,4551779,CHEMBL5986156,CHEMBL5986156,O=C(NCc1cc(-c2cnc(C(F)(F)F)nc2)c(Cl)cn1)[C@@H]1C[C@@H](F)CN1S(=O)(=O)c1ccc(F)cc1,CHEMBL5737786,CHEMBL5728946,2022,42.0,nM,7.376750709602099,7.38,0.0032492903979006726,calcium_fluorescence,cinnamaldehyde,cinnamaldehyde,EC80,75.0,CHO,20.0,,compound_before_agonist,human | not_reported | calcium_fluorescence | cinnamaldehyde | EC80 | 75 | CHO | compound_before_agonist | 20,9,,0,not_reported,verified_protocol,FLIPR: CHO human TRPA1; 20-min compound preincubation; ~EC80 cinnamaldehyde 75 uM.,1,False,True,True,,
28602161,4551780,CHEMBL4103225,CHEMBL4103225,C[C@H]1[C@H](F)C[C@@H](C(=O)NCc2ccnc(-c3cnc(C(F)(F)F)nc3)c2)N1S(=O)(=O)c1ccc(F)cc1,CHEMBL5737786,CHEMBL5728946,2022,15.0,nM,7.823908740944319,7.82,-0.003908740944318367,calcium_fluorescence,cinnamaldehyde,cinnamaldehyde,EC80,75.0,CHO,20.0,,compound_before_agonist,human | not_reported | calcium_fluorescence | cinnamaldehyde | EC80 | 75 | CHO | compound_before_agonist | 20,9,,0,not_reported,verified_protocol,FLIPR: CHO human TRPA1; 20-min compound preincubation; ~EC80 cinnamaldehyde 75 uM.,1,False,True,True,,
28602164,4551781,CHEMBL5980242,CHEMBL5980242,CC1(C)CC[C@@H](C(=O)NCc2cc(-c3ccc(C(F)(F)F)nc3)ncn2)N1S(=O)(=O)c1ccc(F)cc1,CHEMBL5737786,CHEMBL5728946,2022,381.0,nM,6.41907502432438,6.42,0.0009249756756197769,calcium_fluorescence,cinnamaldehyde,cinnamaldehyde,EC80,75.0,CHO,20.0,,compound_before_agonist,human | not_reported | calcium_fluorescence | cinnamaldehyde | EC80 | 75 | CHO | compound_before_agonist | 20,9,,0,not_reported,verified_protocol,FLIPR: CHO human TRPA1; 20-min compound preincubation; ~EC80 cinnamaldehyde 75 uM.,1,False,True,True,,
28602167,4551782,CHEMBL5881088,CHEMBL5881088,O=C(NCc1cncc(-c2cnc(C(F)(F)F)nc2)c1)[C@@H]1C[C@@H](F)CN1S(=O)(=O)c1ccc(F)cc1,CHEMBL5737786,CHEMBL5728946,2022,795.0,nM,6.0996328713435295,6.1,0.00036712865647015036,calcium_fluorescence,cinnamaldehyde,cinnamaldehyde,EC80,75.0,CHO,20.0,,compound_before_agonist,human | not_reported | calcium_fluorescence | cinnamaldehyde | EC80 | 75 | CHO | compound_before_agonist | 20,9,,0,not_reported,verified_protocol,FLIPR: CHO human TRPA1; 20-min compound preincubation; ~EC80 cinnamaldehyde 75 uM.,1,False,True,True,,
28602170,4551783,CHEMBL5981962,CHEMBL5981962,COc1cnc(-c2cnc(C(F)(F)F)nc2)cc1CNC(=O)[C@@H]1C[C@@H](F)CN1S(=O)(=O)c1ccc(F)cc1,CHEMBL5737786,CHEMBL5728946,2022,134.0,nM,6.872895201635192,6.87,-0.0028952016351917464,calcium_fluorescence,cinnamaldehyde,cinnamaldehyde,EC80,75.0,CHO,20.0,,compound_before_agonist,human | not_reported | calcium_fluorescence | cinnamaldehyde | EC80 | 75 | CHO | compound_before_agonist | 20,9,,0,not_reported,verified_protocol,FLIPR: CHO human TRPA1; 20-min compound preincubation; ~EC80 cinnamaldehyde 75 uM.,1,False,True,True,,
28602173,4551784,CHEMBL5971236,CHEMBL5971236,O=C(NCc1cn(-c2ccc(C(F)(F)F)cc2)nc1Cl)[C@@H]1CCN1S(=O)(=O)c1ccc(F)cc1,CHEMBL5737786,CHEMBL5728946,2022,15.0,nM,7.823908740944319,7.82,-0.003908740944318367,calcium_fluorescence,cinnamaldehyde,cinnamaldehyde,EC80,75.0,CHO,20.0,,compound_before_agonist,human | not_reported | calcium_fluorescence | cinnamaldehyde | EC80 | 75 | CHO | compound_before_agonist | 20,9,,0,not_reported,verified_protocol,FLIPR: CHO human TRPA1; 20-min compound preincubation; ~EC80 cinnamaldehyde 75 uM.,1,False,True,True,,
28602176,4551606,CHEMBL6042547,CHEMBL6042547,C[C@@]1(C(=O)NCc2cc(-c3ccc(C(F)(F)F)nc3)ncn2)CCN1S(=O)(=O)c1ccc(F)cc1,CHEMBL5737786,CHEMBL5728946,2022,59.0,nM,7.229147988357855,7.23,0.0008520116421451007,calcium_fluorescence,cinnamaldehyde,cinnamaldehyde,EC80,75.0,CHO,20.0,,compound_before_agonist,human | not_reported | calcium_fluorescence | cinnamaldehyde | EC80 | 75 | CHO | compound_before_agonist | 20,9,,0,not_reported,verified_protocol,FLIPR: CHO human TRPA1; 20-min compound preincubation; ~EC80 cinnamaldehyde 75 uM.,2,True,True,True,,
28602179,4551785,CHEMBL5781242,CHEMBL5781242,O=C(NCc1cn(-c2ccc(C(F)(F)F)nc2)nc1Cl)[C@@H]1CCN1S(=O)(=O)c1ccc(F)cc1,CHEMBL5737786,CHEMBL5728946,2022,138.0,nM,6.860120913598763,6.86,-0.00012091359876276186,calcium_fluorescence,cinnamaldehyde,cinnamaldehyde,EC80,75.0,CHO,20.0,,compound_before_agonist,human | not_reported | calcium_fluorescence | cinnamaldehyde | EC80 | 75 | CHO | compound_before_agonist | 20,9,,0,not_reported,verified_protocol,FLIPR: CHO human TRPA1; 20-min compound preincubation; ~EC80 cinnamaldehyde 75 uM.,1,False,True,True,,
28602182,4551786,CHEMBL6013772,CHEMBL6013772,C[C@@H]1C[C@@H](C(=O)NCc2cc(-c3ccc(C(F)(F)F)nc3)ncn2)N1S(=O)(=O)c1ccc(F)cc1,CHEMBL5737786,CHEMBL5728946,2022,333.0,nM,6.47755576649368,6.48,0.0024442335063206144,calcium_fluorescence,cinnamaldehyde,cinnamaldehyde,EC80,75.0,CHO,20.0,,compound_before_agonist,human | not_reported | calcium_fluorescence | cinnamaldehyde | EC80 | 75 | CHO | compound_before_agonist | 20,9,,0,not_reported,verified_protocol,FLIPR: CHO human TRPA1; 20-min compound preincubation; ~EC80 cinnamaldehyde 75 uM.,1,False,True,True,,
28602185,4551787,CHEMBL4080418,CHEMBL4080418,O=C(NCc1cc(-c2ccc(C(F)(F)F)nc2)ncn1)[C@@H]1CCN1S(=O)(=O)c1ccc(F)cc1,CHEMBL5737786,CHEMBL5728946,2022,268.0,nM,6.571865205971211,6.57,-0.0018652059712103153,calcium_fluorescence,cinnamaldehyde,cinnamaldehyde,EC80,75.0,CHO,20.0,,compound_before_agonist,human | not_reported | calcium_fluorescence | cinnamaldehyde | EC80 | 75 | CHO | compound_before_agonist | 20,9,,0,not_reported,verified_protocol,FLIPR: CHO human TRPA1; 20-min compound preincubation; ~EC80 cinnamaldehyde 75 uM.,1,False,True,True,,
29154314,4678699,CHEMBL6143379,CHEMBL6143379,CCN(c1cccc(C)c1)S(=O)(=O)c1nnc(NC(=O)c2ccccc2)s1,CHEMBL6104158,CHEMBL6103546,2025,130.0,nM,6.886056647693163,6.89,0.003943352306836623,electrophysiology,AITC,AITC,,,,,,,human | not_reported | electrophysiology | AITC | NA | NA | NA | NA | NA,9,,0,not_reported,not_required,,1,False,True,True,,
29154315,4678700,CHEMBL4865238,CHEMBL4865238,C[C@H]1[C@H](F)C[C@@H](C(=O)NCc2cc(-c3cnc(C(F)(F)F)nc3)ncc2C(F)(F)F)N1S(=O)(=O)c1ccc(F)cc1,CHEMBL6104159,CHEMBL6103546,2025,1.7,nM,8.769551078621726,8.77,0.00044892137827368117,calcium_fluorescence,AITC,AITC,,,CHO,,,,human | not_reported | NA | AITC | NA | NA | CHO | NA | NA,9,,0,not_reported,not_required,,1,False,True,True,,
