assay_chembl_id,n_compounds,document_chembl_id,description,target_chembl_id,assay_organism,confidence_score,assay_modality,assay_modality__evidence,assay_modality__confidence,challenge_agonist,challenge_agonist__evidence,challenge_agonist__confidence,agonist_level,agonist_level__evidence,agonist_level__confidence,agonist_concentration,agonist_concentration__evidence,agonist_concentration__confidence,agonist_concentration_unresolved_token,cell_line,cell_line__evidence,cell_line__confidence,species_mentioned_in_text,species_mentioned_in_text__evidence,species_mentioned_in_text__confidence,record_species,text_mentions_non_human,construct,construct__evidence,construct__confidence,dye_loading_time,dye_loading_time__evidence,dye_loading_time__confidence,plate_equilibration_min,plate_equilibration_min__evidence,plate_equilibration_min__confidence,compound_preincubation_min,compound_preincubation_min__evidence,compound_preincubation_min__confidence,compound_preincubation_candidates,assay_title_time_min,assay_title_time_min__evidence,assay_title_time_min__confidence,application_order,application_order__evidence,application_order__confidence,hill_coefficient_fixed,hill_coefficient_fixed__evidence,hill_coefficient_fixed__confidence,protocol_fingerprint,n_ambiguous_fields,n_unknown_fields,review_priority,requires_source_review
CHEMBL4885657,1,CHEMBL4507328,Ephys (human TRPA1),CHEMBL6007,Homo sapiens,9,,,unknown,,,unknown,,,unknown,,,unknown,,,,unknown,human,Ephys (human TRPA1),text_mentions_only__not_record_species,human,False,not_reported,,unknown,,,unknown,,,unknown,,,unknown,,,,unknown,,,unknown,,,unknown,human | not_reported | NA | NA | NA | NA | NA | NA | NA,0,12,medium,False
CHEMBL1118499,9,CHEMBL1155439,Antagonist activity at human TRPA1 channel assessed as inhibition of allyl isothiocyanate-induced intracellular calcium influx,CHEMBL6007,Homo sapiens,9,calcium_fluorescence,as inhibition of allyl isothiocyanate-induced intracellular calcium influx,explicit_chembl_description,AITC,t activity at human TRPA1 channel assessed as inhibition of allyl isothiocyanate-induced intracellular calcium influx,explicit_chembl_description,,,unknown,,,unknown,,,,unknown,human,Antagonist activity at human TRPA1 channel assessed as inhibition of allyl isothiocyanate-indu,text_mentions_only__not_record_species,human,False,not_reported,,unknown,,,unknown,,,unknown,,,unknown,,,,unknown,,,unknown,,,unknown,human | not_reported | calcium_fluorescence | AITC | NA | NA | NA | NA | NA,0,10,medium,False
CHEMBL1118740,1,CHEMBL1155439,Antagonist activity at human TRPA1 channel expressed in HEK293 cells assessed as inhibition of allyl isothiocyanate-induced intracellular calcium influx by FLIPR,CHEMBL6007,Homo sapiens,9,calcium_fluorescence,as inhibition of allyl isothiocyanate-induced intracellular calcium influx by FLIPR,explicit_chembl_description,AITC,channel expressed in HEK293 cells assessed as inhibition of allyl isothiocyanate-induced intracellular calcium influx by FLIPR,explicit_chembl_description,,,unknown,,,unknown,,HEK293,Antagonist activity at human TRPA1 channel expressed in HEK293 cells assessed as inhibition of allyl isothiocyanate-induced intracellular calcium influx by FLIPR,explicit_chembl_description,human,Antagonist activity at human TRPA1 channel expressed in HEK293 cells assessed as inhibition of,text_mentions_only__not_record_species,human,False,not_reported,,unknown,,,unknown,,,unknown,,,unknown,,,,unknown,,,unknown,,,unknown,human | not_reported | calcium_fluorescence | AITC | NA | NA | HEK293 | NA | NA,0,9,medium,False
CHEMBL5735476,275,CHEMBL5727829,"FLIPR Assay (15 minutes): The IC50 (effective concentration) of compounds on the human TRPA1 channel was determined using a FLIPR Tetra instrument. CHO cells expressing TRPA1 were plated into 384-well plates, incubated overnight at 37° C., and loaded with BD calcium indicator dye for 1 hr at 37° C. followed by 15 minutes at room temperature. The assay buffer was Hank's Balanced Salt Solution (HBSS) containing 20 mM HEPES (pH readjusted to 7.4) along with 0.02% BSA.Following dye load and plate cool down, compounds were added to the cells using FLIPR Tetra. Plates were then incubated with compounds for 10 minutes or 90 minutes at room temperature prior to adding agonist. Following this incubation, about an EC50 concentration of cinnamaldehyde (75) was added to active the channels and block of cinnamaldehyde induced calcium influx was measured.The IC50 results were fit with a standard Hill function, keeping the Hill coefficient (n) fixed to 1.5. Fixing the Hill coefficient will generally reduce variability of the IC50 determination. The IC50 results were individually examined to make sure the MIN and MAX points were set correctly prior to validation of the results.",CHEMBL6007,Homo sapiens,9,calcium_fluorescence,FLIPR Assay (15 minutes): The IC50 (effective concentration) of c,explicit_chembl_description,cinnamaldehyde,". Following this incubation, about an EC50 concentration of cinnamaldehyde (75) was added to active the channels and block of cinnamal",explicit_chembl_description,EC50,"erature prior to adding agonist. Following this incubation, about an EC50 concentration of cinnamaldehyde (75) was added to active the channels and block of cinnamaldehyde induced calcium influx was measured",explicit_chembl_description,,". Following this incubation, about an EC50 concentration of cinnamaldehyde (75) was added to active the channels and block of cinnamaldehyd",unknown,75,CHO,"RPA1 channel was determined using a FLIPR Tetra instrument. CHO cells expressing TRPA1 were plated into 384-well plates, incubated overnight at 37° C., and loaded with BD ca",explicit_chembl_description,human,es): The IC50 (effective concentration) of compounds on the human TRPA1 channel was determined using a FLIPR Tetra instrument. CHO,text_mentions_only__not_record_species,human,False,not_reported,,unknown,1 hr,"ed into 384-well plates, incubated overnight at 37° C., and loaded with BD calcium indicator dye for 1 hr at 37° C. followed by 15 minutes at room temperature. The a",explicit_chembl_description,15,and loaded with BD calcium indicator dye for 1 hr at 37° C. followed by 15 minutes at room temperature. The assay buffer was Hank's Balanced Salt Solution (HBSS),explicit_chembl_description,,were added to the cells using FLIPR Tetra. Plates were then incubated with compounds for 10 minutes or 90 minutes at room temperature prior to adding agonist. Following this,ambiguous,10;90,15,FLIPR Assay (15 minutes): The IC50 (effective concentration) of compounds on the,inferred_from_assay_title,compound_before_agonist,"the cells using FLIPR Tetra. Plates were then incubated with compounds for 10 minutes or 90 minutes at room temperature prior to adding agonist. Following this incubation, about an EC50 concentration of",explicit_chembl_description,1.5,"results were fit with a standard Hill function, keeping the Hill coefficient (n) fixed to 1.5. Fixing the Hill coefficient will generally reduce variabil",explicit_chembl_description,human | not_reported | calcium_fluorescence | cinnamaldehyde | EC50 | NA | CHO | compound_before_agonist | NA,1,2,critical,True
CHEMBL5733104,244,CHEMBL5726658,"Measuring Inhibition of the TRPA1 Ion Channel: Compounds of Formula (I) inhibit the TRPA1 channel, as shown by measuring the in vitro inhibition of human TRPA1, provided in data tables shown in Table 2, using the procedure outlined in del Camino et al., The Journal of Neuroscience, 30(45):15165-15174 (Nov. 10, 2010), incorporated herein by reference and summarized below. Data for TRPA1 inhibition was obtained by this method for the indicated compounds of Formula (I), with the relevant data included in Table 2 below. All currents were recorded in whole-cell configuration using EPC-9 and EPC-10 amplifiers and Patchmaster software (HEKA) or similar. Patch pipettes had a resistance of 1.5-3 M and up to 75% of the series resistance was compensated. The standard pipette solution consisted of 140 mM CsAsp, 10 mM EGTA, 10 mM HEPES, 2.27 mM, 20 MgCl2, 1.91 mM CaCl2, and up to 0.3 mM Na2GTP, with pH adjusted to 7.2 with CsOH. In addition, a solution containing 145 mM CsCl, 10 mM HEPES, 10 mM EGTA, and up to 0.3 mM Na2GTP and 1 mM MgCl2 (pH 7.2 adjusted with CsOH) can be used. The standard bath solution contained 150 mM NaCl, 10 mM HEPES, 10 mM glucose, 4.5 mM KCl, 1 mM EGTA, 3 mM MgCl2, with pH adjusted to 7.4 with NaOH. In some instances, 2 mM CaCl2 was added in place of EGTA and the concentration of MgCl2 was reduced to 1 mM.Data were collected either by continuous recordings at −60 mV or by applying voltage ramps from a holding potential of −40 mV every 4 s. Continuous recordings were collected at 400 Hz and digitally filtered off-line at 10 Hz for presentation. Voltage ramps were applied from −100 mV or −80 mV to +100 mV or +80 mV over the course of 400 ms, and data were collected at 10 kHz and filtered at 2.9 kHz. Inward and outward currents were analyzed from the ramps at −80 and 80 mV, respectively. Liquid junction potential correction was not used.",CHEMBL6007,Homo sapiens,9,electrophysiology,ta included in Table 2 below. All currents were recorded in whole-cell configuration using EPC-9 and EPC-10 amplifiers and Patchma,explicit_chembl_description,,,unknown,,,unknown,,,unknown,,,,unknown,human,"1 channel, as shown by measuring the in vitro inhibition of human TRPA1, provided in data tables shown in Table 2, using the proced",text_mentions_only__not_record_species,human,False,not_reported,,unknown,,,unknown,,,unknown,,,unknown,,,,unknown,,,unknown,,,unknown,human | not_reported | electrophysiology | NA | NA | NA | NA | NA | NA,0,11,high,True
CHEMBL5737786,181,CHEMBL5728946,"FLIPR Assay: IC50s (effective concentration) of compounds on the human and rat TRPA1 channels were determined using a FLIPR Tetra instrument. CHO cells expressing TRPA1 were plated into 384-well plates, incubated overnight at 37C, and loaded with BD calcium indicator dye for 1 hr at 37° C. followed by 15 minutes. at room temperature. The assay buffer was Hank's Balanced Salt Solution (HBSS) containing 20 mM HEPES (pH readjusted to 7.4) along with 0.02% BSA.Following dye load and plate cool down, compounds were added to the cells using FLIPR Tetra. Plates were then incubated with compounds for 20 minutes at room temperature prior to adding agonist. Following this incubation, EC80 concentration of cinnamaldehyde (75 uM for human TRPA1 and 45 uM for rat TRPA1) was added to active the channels and block of cinnamaldehyde induced calcium influx was measured.",CHEMBL6007,Homo sapiens,9,calcium_fluorescence,FLIPR Assay: IC50s (effective concentration) of compounds on the,explicit_chembl_description,cinnamaldehyde,"agonist. Following this incubation, EC80 concentration of cinnamaldehyde (75 uM for human TRPA1 and 45 uM for rat TRPA1) was added t",explicit_chembl_description,EC80,"rature prior to adding agonist. Following this incubation, EC80 concentration of cinnamaldehyde (75 uM for human TRPA1 and 45 uM for rat TRPA1) was added to active the channels and block of cinnama",explicit_chembl_description,75,"agonist. Following this incubation, EC80 concentration of cinnamaldehyde (75 uM for human TRPA1 and 45 uM for rat TRPA1) was added to activ",explicit_with_units,,CHO,"A1 channels were determined using a FLIPR Tetra instrument. CHO cells expressing TRPA1 were plated into 384-well plates, incubated overnight at 37C, and loaded with BD calci",explicit_chembl_description,human;rat,50s (effective concentration) of compounds on the human and rat TRPA1 channels were determined using a FLIPR Tetra instrument. CH,text_mentions_only__not_record_species,human,True,not_reported,,unknown,1 hr,"lated into 384-well plates, incubated overnight at 37C, and loaded with BD calcium indicator dye for 1 hr at 37° C. followed by 15 minutes. at room temperature. The",explicit_chembl_description,,,unknown,20,were added to the cells using FLIPR Tetra. Plates were then incubated with compounds for 20 minutes at room temperature prior to adding agonist. Following this,explicit_chembl_description,20,,,unknown,compound_before_agonist,"were added to the cells using FLIPR Tetra. Plates were then incubated with compounds for 20 minutes at room temperature prior to adding agonist. Following this incubation, EC80 concentration of cinnamal",explicit_chembl_description,,,unknown,human | not_reported | calcium_fluorescence | cinnamaldehyde | EC80 | 75 | CHO | compound_before_agonist | 20,0,4,high,True
CHEMBL5735477,169,CHEMBL5727829,"FLIPR Assay (90 minutes): The IC50 (effective concentration) of compounds on the human TRPA1 channel was determined using a FLIPR Tetra instrument. CHO cells expressing TRPA1 were plated into 384-well plates, incubated overnight at 37° C., and loaded with BD calcium indicator dye for 1 hr at 37° C. followed by 90 minutes at room temperature. The assay buffer was Hank's Balanced Salt Solution (HBSS) containing 20 mM HEPES (pH readjusted to 7.4) along with 0.02% BSA.Following dye load and plate cool down, compounds were added to the cells using FLIPR Tetra. Plates were then incubated with compounds for 10 minutes or 90 minutes at room temperature prior to adding agonist. Following this incubation, about an EC50 concentration of cinnamaldehyde (75) was added to active the channels and block of cinnamaldehyde induced calcium influx was measured.The IC50 results were fit with a standard Hill function, keeping the Hill coefficient (n) fixed to 1.5. Fixing the Hill coefficient will generally reduce variability of the IC50 determination. The IC50 results were individually examined to make sure the MIN and MAX points were set correctly prior to validation of the results.",CHEMBL6007,Homo sapiens,9,calcium_fluorescence,FLIPR Assay (90 minutes): The IC50 (effective concentration) of c,explicit_chembl_description,cinnamaldehyde,". Following this incubation, about an EC50 concentration of cinnamaldehyde (75) was added to active the channels and block of cinnamal",explicit_chembl_description,EC50,"erature prior to adding agonist. Following this incubation, about an EC50 concentration of cinnamaldehyde (75) was added to active the channels and block of cinnamaldehyde induced calcium influx was measured",explicit_chembl_description,,". Following this incubation, about an EC50 concentration of cinnamaldehyde (75) was added to active the channels and block of cinnamaldehyd",unknown,75,CHO,"RPA1 channel was determined using a FLIPR Tetra instrument. CHO cells expressing TRPA1 were plated into 384-well plates, incubated overnight at 37° C., and loaded with BD ca",explicit_chembl_description,human,es): The IC50 (effective concentration) of compounds on the human TRPA1 channel was determined using a FLIPR Tetra instrument. CHO,text_mentions_only__not_record_species,human,False,not_reported,,unknown,1 hr,"ed into 384-well plates, incubated overnight at 37° C., and loaded with BD calcium indicator dye for 1 hr at 37° C. followed by 90 minutes at room temperature. The a",explicit_chembl_description,90,and loaded with BD calcium indicator dye for 1 hr at 37° C. followed by 90 minutes at room temperature. The assay buffer was Hank's Balanced Salt Solution (HBSS),explicit_chembl_description,,were added to the cells using FLIPR Tetra. Plates were then incubated with compounds for 10 minutes or 90 minutes at room temperature prior to adding agonist. Following this,ambiguous,10;90,90,FLIPR Assay (90 minutes): The IC50 (effective concentration) of compounds on the,inferred_from_assay_title,compound_before_agonist,"the cells using FLIPR Tetra. Plates were then incubated with compounds for 10 minutes or 90 minutes at room temperature prior to adding agonist. Following this incubation, about an EC50 concentration of",explicit_chembl_description,1.5,"results were fit with a standard Hill function, keeping the Hill coefficient (n) fixed to 1.5. Fixing the Hill coefficient will generally reduce variabil",explicit_chembl_description,human | not_reported | calcium_fluorescence | cinnamaldehyde | EC50 | NA | CHO | compound_before_agonist | NA,1,2,critical,True
CHEMBL5735475,150,CHEMBL5727828,"FLIPR Assay (90 minutes): The IC50 (effective concentration) of compounds on the human TRPA1 channel was determined using a FLIPR Tetra instrument. CHO cells expressing TRPA1 were plated into 384-well plates, incubated overnight at 37° C., and loaded with BD calcium indicator dye for 1 hr at 37° C. followed by 90 minutes at room temperature. The assay buffer was Hank's Balanced Salt Solution (HBSS) containing 20 mM HEPES (pH readjusted to 7.4) along with 0.02% BSA.Following dye load and plate cool down, compounds were added to the cells using FLIPR Tetra. Plates were then incubated with compounds for 10 minutes or 90 minutes at room temperature prior to adding agonist. Following this incubation, about an EC80 concentration of cinnamaldehyde (75) was added to active the channels and block of cinnamaldehyde induced calcium influx was measured.The IC50 results were fit with a standard Hill function, keeping the Hill coefficient (n) fixed to 1.5. Fixing the Hill coefficient will generally reduce variability of the IC50 determination. The IC50 results were individually examined to make sure the MIN and MAX points were set correctly prior to validation of the results.",CHEMBL6007,Homo sapiens,9,calcium_fluorescence,FLIPR Assay (90 minutes): The IC50 (effective concentration) of c,explicit_chembl_description,cinnamaldehyde,". Following this incubation, about an EC80 concentration of cinnamaldehyde (75) was added to active the channels and block of cinnamal",explicit_chembl_description,EC80,"erature prior to adding agonist. Following this incubation, about an EC80 concentration of cinnamaldehyde (75) was added to active the channels and block of cinnamaldehyde induced calcium influx was measured",explicit_chembl_description,,". Following this incubation, about an EC80 concentration of cinnamaldehyde (75) was added to active the channels and block of cinnamaldehyd",unknown,75,CHO,"RPA1 channel was determined using a FLIPR Tetra instrument. CHO cells expressing TRPA1 were plated into 384-well plates, incubated overnight at 37° C., and loaded with BD ca",explicit_chembl_description,human,es): The IC50 (effective concentration) of compounds on the human TRPA1 channel was determined using a FLIPR Tetra instrument. CHO,text_mentions_only__not_record_species,human,False,not_reported,,unknown,1 hr,"ed into 384-well plates, incubated overnight at 37° C., and loaded with BD calcium indicator dye for 1 hr at 37° C. followed by 90 minutes at room temperature. The a",explicit_chembl_description,90,and loaded with BD calcium indicator dye for 1 hr at 37° C. followed by 90 minutes at room temperature. The assay buffer was Hank's Balanced Salt Solution (HBSS),explicit_chembl_description,,were added to the cells using FLIPR Tetra. Plates were then incubated with compounds for 10 minutes or 90 minutes at room temperature prior to adding agonist. Following this,ambiguous,10;90,90,FLIPR Assay (90 minutes): The IC50 (effective concentration) of compounds on the,inferred_from_assay_title,compound_before_agonist,"the cells using FLIPR Tetra. Plates were then incubated with compounds for 10 minutes or 90 minutes at room temperature prior to adding agonist. Following this incubation, about an EC80 concentration of",explicit_chembl_description,1.5,"results were fit with a standard Hill function, keeping the Hill coefficient (n) fixed to 1.5. Fixing the Hill coefficient will generally reduce variabil",explicit_chembl_description,human | not_reported | calcium_fluorescence | cinnamaldehyde | EC80 | NA | CHO | compound_before_agonist | NA,1,2,critical,True
CHEMBL5735474,131,CHEMBL5727828,"FLIPR Assay (15 minutes): The IC50 (effective concentration) of compounds on the human TRPA1 channel was determined using a FLIPR Tetra instrument. CHO cells expressing TRPA1 were plated into 384-well plates, incubated overnight at 37° C., and loaded with BD calcium indicator dye for 1 hr at 37° C. followed by 15 minutes at room temperature. The assay buffer was Hank's Balanced Salt Solution (HBSS) containing 20 mM HEPES (pH readjusted to 7.4) along with 0.02% BSA.Following dye load and plate cool down, compounds were added to the cells using FLIPR Tetra. Plates were then incubated with compounds for 10 minutes or 90 minutes at room temperature prior to adding agonist. Following this incubation, about an EC80 concentration of cinnamaldehyde (75) was added to active the channels and block of cinnamaldehyde induced calcium influx was measured.The IC50 results were fit with a standard Hill function, keeping the Hill coefficient (n) fixed to 1.5. Fixing the Hill coefficient will generally reduce variability of the IC50 determination. The IC50 results were individually examined to make sure the MIN and MAX points were set correctly prior to validation of the results.",CHEMBL6007,Homo sapiens,9,calcium_fluorescence,FLIPR Assay (15 minutes): The IC50 (effective concentration) of c,explicit_chembl_description,cinnamaldehyde,". Following this incubation, about an EC80 concentration of cinnamaldehyde (75) was added to active the channels and block of cinnamal",explicit_chembl_description,EC80,"erature prior to adding agonist. Following this incubation, about an EC80 concentration of cinnamaldehyde (75) was added to active the channels and block of cinnamaldehyde induced calcium influx was measured",explicit_chembl_description,,". Following this incubation, about an EC80 concentration of cinnamaldehyde (75) was added to active the channels and block of cinnamaldehyd",unknown,75,CHO,"RPA1 channel was determined using a FLIPR Tetra instrument. CHO cells expressing TRPA1 were plated into 384-well plates, incubated overnight at 37° C., and loaded with BD ca",explicit_chembl_description,human,es): The IC50 (effective concentration) of compounds on the human TRPA1 channel was determined using a FLIPR Tetra instrument. CHO,text_mentions_only__not_record_species,human,False,not_reported,,unknown,1 hr,"ed into 384-well plates, incubated overnight at 37° C., and loaded with BD calcium indicator dye for 1 hr at 37° C. followed by 15 minutes at room temperature. The a",explicit_chembl_description,15,and loaded with BD calcium indicator dye for 1 hr at 37° C. followed by 15 minutes at room temperature. The assay buffer was Hank's Balanced Salt Solution (HBSS),explicit_chembl_description,,were added to the cells using FLIPR Tetra. Plates were then incubated with compounds for 10 minutes or 90 minutes at room temperature prior to adding agonist. Following this,ambiguous,10;90,15,FLIPR Assay (15 minutes): The IC50 (effective concentration) of compounds on the,inferred_from_assay_title,compound_before_agonist,"the cells using FLIPR Tetra. Plates were then incubated with compounds for 10 minutes or 90 minutes at room temperature prior to adding agonist. Following this incubation, about an EC80 concentration of",explicit_chembl_description,1.5,"results were fit with a standard Hill function, keeping the Hill coefficient (n) fixed to 1.5. Fixing the Hill coefficient will generally reduce variabil",explicit_chembl_description,human | not_reported | calcium_fluorescence | cinnamaldehyde | EC80 | NA | CHO | compound_before_agonist | NA,1,2,critical,True
CHEMBL5736402,108,CHEMBL5728262,"FLIPR Assay: The IC50 (effective concentration) of compounds on the human and rat TRPA1 channels were determined using a FLIPR Tetra instrument. CHO cells expressing TRPA1 were plated into 384-well plates, incubated overnight at 37° C., and loaded with BD calcium indicator dye for 1 hr at 37° C. followed by 15 minutes at room temperature. The assay buffer was Hank's Balanced Salt Solution (HBSS) containing 20 mM HEPES (pH readjusted to 7.4) along with 0.02% BSA.Following dye load and plate cool down, compounds were added to the cells using FLIPR Tetra. Plates were then incubated with compounds for 20 minutes at room temperature prior to adding agonist. Following this incubation, about an EC50 concentration of cinnamaldehyde (75 uM for human TRPA1 and 45 uM for rat TRPA1) was added to active the channels and block of cinnamaldehyde induced calcium influx was measured.The IC50 results were fit with a standard Hill function, keeping the Hill coefficient (n) fixed to 1.5. Fixing the Hill coefficient will generally reduce variability of the IC50 determination. The IC50 results were individually examined to make sure the MIN and MAX points were set correctly prior to validation of the results.",CHEMBL6007,Homo sapiens,9,calcium_fluorescence,FLIPR Assay: The IC50 (effective concentration) of compounds on t,explicit_chembl_description,cinnamaldehyde,". Following this incubation, about an EC50 concentration of cinnamaldehyde (75 uM for human TRPA1 and 45 uM for rat TRPA1) was added t",explicit_chembl_description,EC50,"erature prior to adding agonist. Following this incubation, about an EC50 concentration of cinnamaldehyde (75 uM for human TRPA1 and 45 uM for rat TRPA1) was added to active the channels and block of cinnama",explicit_chembl_description,75,". Following this incubation, about an EC50 concentration of cinnamaldehyde (75 uM for human TRPA1 and 45 uM for rat TRPA1) was added to activ",explicit_with_units,,CHO,"A1 channels were determined using a FLIPR Tetra instrument. CHO cells expressing TRPA1 were plated into 384-well plates, incubated overnight at 37° C., and loaded with BD ca",explicit_chembl_description,human;rat,C50 (effective concentration) of compounds on the human and rat TRPA1 channels were determined using a FLIPR Tetra instrument. CH,text_mentions_only__not_record_species,human,True,not_reported,,unknown,1 hr,"ed into 384-well plates, incubated overnight at 37° C., and loaded with BD calcium indicator dye for 1 hr at 37° C. followed by 15 minutes at room temperature. The a",explicit_chembl_description,15,and loaded with BD calcium indicator dye for 1 hr at 37° C. followed by 15 minutes at room temperature. The assay buffer was Hank's Balanced Salt Solution (HBSS),explicit_chembl_description,20,were added to the cells using FLIPR Tetra. Plates were then incubated with compounds for 20 minutes at room temperature prior to adding agonist. Following this,explicit_chembl_description,20,,,unknown,compound_before_agonist,"were added to the cells using FLIPR Tetra. Plates were then incubated with compounds for 20 minutes at room temperature prior to adding agonist. Following this incubation, about an EC50 concentration of",explicit_chembl_description,1.5,"results were fit with a standard Hill function, keeping the Hill coefficient (n) fixed to 1.5. Fixing the Hill coefficient will generally reduce variabil",explicit_chembl_description,human | not_reported | calcium_fluorescence | cinnamaldehyde | EC50 | 75 | CHO | compound_before_agonist | 20,0,2,medium,False
CHEMBL3887573,97,CHEMBL3886359,"Radiometric Calcium Assay: The inhibition of TRPA1 receptor activation was measured as inhibition of allylisothiocyanate (AITC) induced cellular uptake of radioactive calcium. Test compounds were dissolved in DMSO to prepare 10 mM stock solution and then diluted using plain medium with 0.1% BSA and 1.8 mM CaCl2 to get desired concentration. Final concentration of DMSO in the reaction was 0.5% (v/v). Human TRPA1 expressing CHO cells were grown in F-12 DMEM medium with 10% FBS, 1% penicillin-streptomycin solution, and 400 ug/ml of G-418. Cells were seeded 24 h prior to the assay in 96 well plates so as to get 50,000 cells per well on the day of experiment. Cells were treated with test compounds for 10 min followed by addition of AITC at a final concentration of 30 micromolar and 5 uCi/ml 45Ca+2 for 3 min at 25° C. Cells were washed and lysed using buffer containing 1% Triton X-100, 0.1% deoxycholate and 0.1% SDS. Radioactivity in the lysate was measured in Packard Top count.",CHEMBL6007,,8,,,unknown,AITC,of TRPA1 receptor activation was measured as inhibition of allylisothiocyanate (AITC) induced cellular uptake of radioactive calcium. Test,explicit_chembl_description,,,unknown,30,ated with test compounds for 10 min followed by addition of AITC at a final concentration of 30 micromolar and 5 uCi/ml 45Ca+2 for 3 min at 25° C. Cells were washed a,explicit_with_units,,CHO,"DMSO in the reaction was 0.5% (v/v). Human TRPA1 expressing CHO cells were grown in F-12 DMEM medium with 10% FBS, 1% penicillin-streptomycin solution, and 400 ug/ml of G-41",explicit_chembl_description,human,Final concentration of DMSO in the reaction was 0.5% (v/v). Human TRPA1 expressing CHO cells were grown in F-12 DMEM medium with 10,text_mentions_only__not_record_species,human,False,not_reported,,unknown,,,unknown,,,unknown,,,unknown,,,,unknown,,,unknown,,,unknown,human | not_reported | NA | AITC | NA | 30 | CHO | NA | NA,0,9,high,True
CHEMBL5734964,51,CHEMBL5727588,"Measurement of TRPA1 Antagonist Activity: Human TRPA1 Expression PlasmidUsing cDNA encoding human TRPA1 (GenBank accession No. NM_007332) (manufactured by Kazusa DNA Research Institute, item No. FHC07217) as a template, primer 1 (SEQ ID NO: 1) and primer 2 (SEQ ID NO: 2), PCR by PfuUltra High-Fidelity DNA Polymerase (Stratagene) was performed, and full-length human TRPA1 gene was amplified.primer 1: (SEQ ID NO: 1) 5′-AACTTTTAGTAAGCTTCGATCGCCATGAAG-3′ primer 2: (SEQ ID NO: 2) 5′-GTACCGATCTAGAATTCGTTTTACTAAGGCTCAAG-3′A recognition site (underlined) of restriction enzyme HindIII was added to the 5′ end of human TRPA1 gene, and XbaI site (underlined) was added to the 3′ end of human TRPA1 gene, and GTT of the template sequence was changed to termination codon TAG (bold). The obtained double stranded DNA was enzyme-digested with HindIII and XbaI, and introduced into a multicloning site of expression plasmid pcDNA3.1/zeo(+) (manufactured by Invitrogen) to give a human TRPA1 expression plasmid.Cell PreparationHuman embryonic kidney-derived 293T cells were cultured in Dulbecco's Modified Eagle Medium containing 10% fetal bovine serum, 10 unit penicillin, and 10 μg streptomycin. One day before assay, 3×106 of 293T cells were plated on a petri dish having a diameter of 10 cm, and cultured in a CO2 incubator for 24 hr. OPTI-MEM I Reduced Serum Media (Invitrogen) (600 μL), Mirus TransIT-293 (Mirus Bio) (18 μL), and human TRPA1 expression plasmid (6 μg) were mixed, the total amount of the mixture was added to the cells on the petri dish to allow for gene transfer. The cells were recovered about for 8 hr later, plated on a poly-D-lysine coated 384 well black/clear bottom plate at 12,000 cells/well, and cultured overnight.Measurement of Intracellular Calcium IncreaseThe medium was removed from the 384 well plate, calcium indicator (Molecular Device, trade name: FLIPR Calcium4 Assay Kit) dissolved in HBSS (Thermo Fisher Scientific) (pH 7.2) containing 20 mM HEPES was added (38 μL/well), and the cells were stained in a CO2 incubator for 1 hr. The 384 well plate was stood at room temperature for not less than 15 min, set on FDSS7000 (Hamamatsu Photonics K.K.), and a test substance solution was added at 10 μL/well. After 10 min, allylisothiocyanate solution (12 μL/well) was added, the relative fluorescence intensity was measured for 5 min after addition of the allylisothiocyanate solution.Test Substance PreparationPreparation of Test Substance Solution and Allylisothiocyanate SolutionA test substance solution was prepared to have a composition of HBSS (Thermo Fisher Scientific) (pH 7.2) containing 0.48% dimethyl sulfoxide, a test substance at 4.8-fold concentration of the evaluation concentration, 0.1% bovine serum albumin and 20 mM HEPES. An allylisothiocyanate solution was prepared to have a composition of HBSS (Thermo Fisher Scientific) (pH 7.2) containing 0.1% dimethyl sulfoxide, 100 μM allylisothiocyanate, 0.1% bovine serum albumin and 20 mM HEPES.Calculation of Antagonist ActivityThe activity rate of a test substance at each concentration was calculated, wherein the relative fluorescence intensity change of a well free of a test substance and containing allylisothiocyanate is 100% activity rate, and the relative fluorescence intensity change of a well free of a test substance and allylisothiocyanate is 0% activity rate. The inhibitory rate of a test substance at each concentration was calculated by subtracting the activity rate of the test substance from 100% activity rate, and the concentration of a test substance showing 50% inhibitory rate was calculated as IC50 from the sigmoid approximate curve by XLfit (idbs).",CHEMBL6007,Homo sapiens,9,calcium_fluorescence,"ell plate, calcium indicator (Molecular Device, trade name: FLIPR Calcium4 Assay Kit) dissolved in HBSS (Thermo Fisher Scient",explicit_chembl_description,AITC,"t substance solution was added at 10 μL/well. After 10 min, allylisothiocyanate solution (12 μL/well) was added, the relative fluorescence",explicit_chembl_description,,,unknown,,,unknown,,,,unknown,human,Measurement of TRPA1 Antagonist Activity: Human TRPA1 Expression PlasmidUsing cDNA encoding human TRPA1 (GenBank,text_mentions_only__not_record_species,human,False,not_reported,,unknown,,,unknown,,,unknown,,,unknown,,,,unknown,,,unknown,,,unknown,human | not_reported | calcium_fluorescence | AITC | NA | NA | NA | NA | NA,0,10,high,True
CHEMBL5735742,33,CHEMBL5727953,"Inhibition Assay: IC50 values (effective concentration) of compounds on the human and rat TRPA1 channels were determined using a FLIPR Tetra instrument. CHO cells expressing TRPA1 were plated into 384-well plates, incubated overnight at 37 C, and loaded with BD calcium indicator dye for 1 hr at 37° C. followed by 15 minutes. at room temperature. The assay buffer was Hank's Balanced Salt Solution (HBSS) containing 20 mM HEPES (pH readjusted to 7.4) along with 0.02% BSA.Following dye load and plate cool down, compounds were added to the cells using FLIPR Tetra. Plates were then incubated with compounds for 20 minutes at room temperature prior to adding agonist. Following this incubation, EC80 concentration of cinnamaldehyde (75 uM for human TRPA1 and 45 uM for rat TRPA1) was added to active the channels and block of cinnamaldehyde induced calcium influx was measured.",CHEMBL6007,Homo sapiens,9,calcium_fluorescence,on the human and rat TRPA1 channels were determined using a FLIPR Tetra instrument. CHO cells expressing TRPA1 were plated in,explicit_chembl_description,cinnamaldehyde,"agonist. Following this incubation, EC80 concentration of cinnamaldehyde (75 uM for human TRPA1 and 45 uM for rat TRPA1) was added t",explicit_chembl_description,EC80,"rature prior to adding agonist. Following this incubation, EC80 concentration of cinnamaldehyde (75 uM for human TRPA1 and 45 uM for rat TRPA1) was added to active the channels and block of cinnama",explicit_chembl_description,75,"agonist. Following this incubation, EC80 concentration of cinnamaldehyde (75 uM for human TRPA1 and 45 uM for rat TRPA1) was added to activ",explicit_with_units,,CHO,"A1 channels were determined using a FLIPR Tetra instrument. CHO cells expressing TRPA1 were plated into 384-well plates, incubated overnight at 37 C, and loaded with BD calc",explicit_chembl_description,human;rat,ues (effective concentration) of compounds on the human and rat TRPA1 channels were determined using a FLIPR Tetra instrument. CH,text_mentions_only__not_record_species,human,True,not_reported,,unknown,1 hr,"ated into 384-well plates, incubated overnight at 37 C, and loaded with BD calcium indicator dye for 1 hr at 37° C. followed by 15 minutes. at room temperature. The",explicit_chembl_description,,,unknown,20,were added to the cells using FLIPR Tetra. Plates were then incubated with compounds for 20 minutes at room temperature prior to adding agonist. Following this,explicit_chembl_description,20,,,unknown,compound_before_agonist,"were added to the cells using FLIPR Tetra. Plates were then incubated with compounds for 20 minutes at room temperature prior to adding agonist. Following this incubation, EC80 concentration of cinnamal",explicit_chembl_description,,,unknown,human | not_reported | calcium_fluorescence | cinnamaldehyde | EC80 | 75 | CHO | compound_before_agonist | 20,0,4,medium,False
CHEMBL5318377,33,CHEMBL5316309,Antagonist activity at human TRPA1 channel expressed in CHO-K1 cells tagged with GCaMP6 by measuring calcium flux measured after 10 mins by FLIPR tetra analysis,CHEMBL6007,Homo sapiens,9,calcium_fluorescence,GCaMP6 by measuring calcium flux measured after 10 mins by FLIPR tetra analysis,explicit_chembl_description,,,unknown,,,unknown,,,unknown,,CHO,Antagonist activity at human TRPA1 channel expressed in CHO-K1 cells tagged with GCaMP6 by measuring calcium flux measured after 10 mins by FLIPR tetra analysis,explicit_chembl_description,human,Antagonist activity at human TRPA1 channel expressed in CHO-K1 cells tagged with GCaMP6 by mea,text_mentions_only__not_record_species,human,False,not_reported,,unknown,,,unknown,,,unknown,,,unknown,,,,unknown,,,unknown,,,unknown,human | not_reported | calcium_fluorescence | NA | NA | NA | CHO | NA | NA,0,10,medium,False
CHEMBL3299551,33,CHEMBL3297713,Antagonist activity at human TRPA1 expressed in CHO-TREX cells assessed as inhibition of cinnamaldehyde-induced calcium flux incubated 10 mins prior to cinnamaldehyde addition by FLIPR assay relative to control,CHEMBL6007,Homo sapiens,9,calcium_fluorescence,flux incubated 10 mins prior to cinnamaldehyde addition by FLIPR assay relative to control,explicit_chembl_description,cinnamaldehyde,TRPA1 expressed in CHO-TREX cells assessed as inhibition of cinnamaldehyde-induced calcium flux incubated 10 mins prior to cinnamaldeh,explicit_chembl_description,,,unknown,,,unknown,,CHO,Antagonist activity at human TRPA1 expressed in CHO-TREX cells assessed as inhibition of cinnamaldehyde-induced calcium flux incubated 10 mins prior to cinnamald,explicit_chembl_description,human,Antagonist activity at human TRPA1 expressed in CHO-TREX cells assessed as inhibition of cinna,text_mentions_only__not_record_species,human,False,not_reported,,unknown,,,unknown,,,unknown,,,unknown,,,,unknown,,,unknown,,,unknown,human | not_reported | calcium_fluorescence | cinnamaldehyde | NA | NA | CHO | NA | NA,0,9,medium,False
CHEMBL2071976,28,CHEMBL2069204,Antagonist activity at human TRPA1 expressed in HEK293 cells assessed as inhibition of Ca2+-induced intracellular calcium flux by FLIPR assay,CHEMBL6007,Homo sapiens,9,calcium_fluorescence,as inhibition of Ca2+-induced intracellular calcium flux by FLIPR assay,explicit_chembl_description,,,unknown,,,unknown,,,unknown,,HEK293,Antagonist activity at human TRPA1 expressed in HEK293 cells assessed as inhibition of Ca2+-induced intracellular calcium flux by FLIPR assay,explicit_chembl_description,human,Antagonist activity at human TRPA1 expressed in HEK293 cells assessed as inhibition of Ca2+-in,text_mentions_only__not_record_species,human,False,not_reported,,unknown,,,unknown,,,unknown,,,unknown,,,,unknown,,,unknown,,,unknown,human | not_reported | calcium_fluorescence | NA | NA | NA | HEK293 | NA | NA,0,10,medium,False
CHEMBL3789590,28,CHEMBL3784976,Antagonist activity at human TRPA1 expressed in tetracycline-inducible T-REx expression system transfected CHO cells assessed as inhibition of AITC-induced Ca2+ influx preincubated for 2 mins followed by AITC addition measured for 2 mins by Fluo-4 dye based FLIPR assay,CHEMBL6007,Homo sapiens,9,calcium_fluorescence,for 2 mins followed by AITC addition measured for 2 mins by Fluo-4 dye based FLIPR assay,explicit_chembl_description,AITC,sion system transfected CHO cells assessed as inhibition of AITC-induced Ca2+ influx preincubated for 2 mins followed by AIT,explicit_chembl_description,,,unknown,,,unknown,,CHO,tetracycline-inducible T-REx expression system transfected CHO cells assessed as inhibition of AITC-induced Ca2+ influx preincubated for 2 mins followed by AITC addition me,explicit_chembl_description,human,Antagonist activity at human TRPA1 expressed in tetracycline-inducible T-REx expression system,text_mentions_only__not_record_species,human,False,not_reported,,unknown,,,unknown,,,unknown,,,unknown,,,,unknown,,,unknown,,,unknown,human | not_reported | calcium_fluorescence | AITC | NA | NA | CHO | NA | NA,0,9,medium,False
CHEMBL2071975,27,CHEMBL2069204,Antagonist activity at human TRPA1 expressed in HEK293 cells assessed as inhibition of Zn2+-induced intracellular calcium flux by FLIPR assay,CHEMBL6007,Homo sapiens,9,calcium_fluorescence,as inhibition of Zn2+-induced intracellular calcium flux by FLIPR assay,explicit_chembl_description,,,unknown,,,unknown,,,unknown,,HEK293,Antagonist activity at human TRPA1 expressed in HEK293 cells assessed as inhibition of Zn2+-induced intracellular calcium flux by FLIPR assay,explicit_chembl_description,human,Antagonist activity at human TRPA1 expressed in HEK293 cells assessed as inhibition of Zn2+-in,text_mentions_only__not_record_species,human,False,not_reported,,unknown,,,unknown,,,unknown,,,unknown,,,,unknown,,,unknown,,,unknown,human | not_reported | calcium_fluorescence | NA | NA | NA | HEK293 | NA | NA,0,10,medium,False
CHEMBL4036813,23,CHEMBL4033760,Inhibition of full length human TRPA1 at a holding potential of 15 mV measured after 1 min by PatchXpress electrophysiology assay,CHEMBL6007,Homo sapiens,9,electrophysiology,ding potential of 15 mV measured after 1 min by PatchXpress electrophysiology assay,explicit_chembl_description,,,unknown,,,unknown,,,unknown,,,,unknown,human,Inhibition of full length human TRPA1 at a holding potential of 15 mV measured after 1 min by Pat,text_mentions_only__not_record_species,human,False,not_reported,,unknown,,,unknown,,,unknown,,,unknown,,,,unknown,,,unknown,,,unknown,human | not_reported | electrophysiology | NA | NA | NA | NA | NA | NA,0,11,medium,False
CHEMBL5739043,23,CHEMBL5729590,"Filpr Assay: At the assay day cells were washed 3× with assay puffer, 20 μL buffer remained in the wells after washing. 10 μL Ca6 kit (Cat. R8191 Molecular Devices) loading buffer in HBSS/HEPES was added to the cells and the plates were incubated with lid for 120 minutes at 3775% CO2. 10 μL of compound or controls in HBSS/HEPES buffer/5% DMSO from the intermediate dilution plate were carefully added to the wells. Luminescence (indicating the calcium influx or release) was read on the FLIPR tetra device for 10 minutes to monitor the compound induced effects (e.g. agonism). Finally, 10 μL of the agonist AITC 50 μM dissolved in HBSS/HEPES buffer/0.05% DMSO (final concentration 10 μM) was added to the wells followed by an additional read on the FLIPR tetra device for 10 minutes. The area under the signal curve (AUC) after AITC addition was used for IC50/% inhibition calculations.",CHEMBL6007,,8,calcium_fluorescence,carefully added to the wells. Luminescence (indicating the calcium influx or release) was read on the FLIPR tetra device for 10 minut,explicit_chembl_description,AITC,"duced effects (e.g. agonism). Finally, 10 μL of the agonist AITC 50 μM dissolved in HBSS/HEPES buffer/0.05% DMSO (final conc",explicit_chembl_description,,,unknown,50,"pound induced effects (e.g. agonism). Finally, 10 μL of the agonist AITC 50 μM dissolved in HBSS/HEPES buffer/0.05% DMSO (final concentrat",explicit_with_units,,,,unknown,,,text_mentions_only__not_record_species,human,False,not_reported,,unknown,,,unknown,,,unknown,,,unknown,,,,unknown,,,unknown,,,unknown,human | not_reported | calcium_fluorescence | AITC | NA | 50 | NA | NA | NA,0,9,medium,False
CHEMBL3300585,22,CHEMBL3297644,Antagonist activity at human TRPA1 expressed in HEK293-TREx cells assessed as intracellular level after 48 of 72 hrs by Fluo-4 NW staining-based fluorescence analysis,CHEMBL6007,Homo sapiens,9,calcium_fluorescence,cells assessed as intracellular level after 48 of 72 hrs by Fluo-4 NW staining-based fluorescence analysis,explicit_chembl_description,,,unknown,,,unknown,,,unknown,,HEK293,Antagonist activity at human TRPA1 expressed in HEK293-TREx cells assessed as intracellular level after 48 of 72 hrs by Fluo-4 NW staining-based fluorescence analys,explicit_chembl_description,human,Antagonist activity at human TRPA1 expressed in HEK293-TREx cells assessed as intracellular le,text_mentions_only__not_record_species,human,False,not_reported,,unknown,,,unknown,,,unknown,,,unknown,,,,unknown,,,unknown,,,unknown,human | not_reported | calcium_fluorescence | NA | NA | NA | HEK293 | NA | NA,0,10,medium,False
CHEMBL5737489,22,CHEMBL5728802,"TRPA1 Assay: At the assay day cells were washed 3× with assay puffer, 20 μL buffer remained in the wells after washing. 10 μL Ca6 kit (Cat.R8191 MolecularDevices) loading buffer in HBSS/HEPES was added to the cells and the plates were incubated with lid for 120 minutes at 37°/5% CO2. 10 μL of compound or controls in HBSS/HEPES buffer/5% DMSO from the intermediate dilution plate were carefully added to the wells. Luminescence (indicating the calcium influx or release) was read on the FLIPRtetra device for 10 minutes to monitor the compound induced effects (e.g. agonism). Finally 10 μL of the agonist AITC 50 μM dissolved in HBSS/HEPES buffer/0.05% DMSO (final concentration 10 μM) was added to the wells followed by an additional read on the FLIPRtetra device for 10 minutes. The area under the signal curve (AUC) after AITC addition was used for IC50/% inhibition calculations.",CHEMBL6007,,8,calcium_fluorescence,carefully added to the wells. Luminescence (indicating the calcium influx or release) was read on the FLIPRtetra device for 10 minute,explicit_chembl_description,AITC,nduced effects (e.g. agonism). Finally 10 μL of the agonist AITC 50 μM dissolved in HBSS/HEPES buffer/0.05% DMSO (final conc,explicit_chembl_description,,,unknown,50,mpound induced effects (e.g. agonism). Finally 10 μL of the agonist AITC 50 μM dissolved in HBSS/HEPES buffer/0.05% DMSO (final concentrat,explicit_with_units,,,,unknown,,,text_mentions_only__not_record_species,human,False,not_reported,,unknown,,,unknown,,,unknown,,,unknown,,,,unknown,,,unknown,,,unknown,human | not_reported | calcium_fluorescence | AITC | NA | 50 | NA | NA | NA,0,9,medium,False
CHEMBL1944172,21,CHEMBL1938315,"Antagonist activity at human TRPA1 expressed in HEK293 cells assessed as inhibition of 5H-dibenzo[b,e]azepine-10-carboxylic acid methyl ester-induced increase in intracellular calcium by Fluo4-AM based fluorometric assay",CHEMBL6007,Homo sapiens,9,calcium_fluorescence,d methyl ester-induced increase in intracellular calcium by Fluo4-AM based fluorometric assay,explicit_chembl_description,,,unknown,,,unknown,,,unknown,,HEK293,"Antagonist activity at human TRPA1 expressed in HEK293 cells assessed as inhibition of 5H-dibenzo[b,e]azepine-10-carboxylic acid methyl ester-induced increase in in",explicit_chembl_description,human,Antagonist activity at human TRPA1 expressed in HEK293 cells assessed as inhibition of 5H-dibe,text_mentions_only__not_record_species,human,False,not_reported,,unknown,,,unknown,,,unknown,,,unknown,,,,unknown,,,unknown,,,unknown,human | not_reported | calcium_fluorescence | NA | NA | NA | HEK293 | NA | NA,0,10,medium,False
CHEMBL4049011,20,CHEMBL4043298,Inhibition of human TRPA1 expressed in HEK293 cells assessed as inhibition of cinnamaldehyde-induced Ca2+ influx preincubated for 20 mins followed by cinnamaldehyde induction by FLIPR assay,CHEMBL6007,Homo sapiens,9,calcium_fluorescence,cubated for 20 mins followed by cinnamaldehyde induction by FLIPR assay,explicit_chembl_description,cinnamaldehyde,n TRPA1 expressed in HEK293 cells assessed as inhibition of cinnamaldehyde-induced Ca2+ influx preincubated for 20 mins followed by ci,explicit_chembl_description,,,unknown,,,unknown,,HEK293,Inhibition of human TRPA1 expressed in HEK293 cells assessed as inhibition of cinnamaldehyde-induced Ca2+ influx preincubated for 20 mins followed by cinna,explicit_chembl_description,human,Inhibition of human TRPA1 expressed in HEK293 cells assessed as inhibition of cinnama,text_mentions_only__not_record_species,human,False,not_reported,,unknown,,,unknown,,,unknown,,,unknown,,,,unknown,,,unknown,,,unknown,human | not_reported | calcium_fluorescence | cinnamaldehyde | NA | NA | HEK293 | NA | NA,0,9,medium,False
CHEMBL4190659,19,CHEMBL4190175,Antagonist activity at full length human TRPA1 at holding potential of 15 mV measured after 1 min by PatchXpress electrophysiology assay,CHEMBL6007,Homo sapiens,9,electrophysiology,ding potential of 15 mV measured after 1 min by PatchXpress electrophysiology assay,explicit_chembl_description,,,unknown,,,unknown,,,unknown,,,,unknown,human,Antagonist activity at full length human TRPA1 at holding potential of 15 mV measured after 1 min by Patch,text_mentions_only__not_record_species,human,False,not_reported,,unknown,,,unknown,,,unknown,,,unknown,,,,unknown,,,unknown,,,unknown,human | not_reported | electrophysiology | NA | NA | NA | NA | NA | NA,0,11,medium,False
CHEMBL3888736,18,CHEMBL3886811,"Dose Response Assay: Harvested cells with 0.025% trypsin/EDTA. Resuspended cells in growth media without selection antibiotics. Measured cell density and diluted to 2.4×10^5 cells/ml in media containing 1 μg/ml Doxycycline Plate 25 μl/well into 384 well black/clear tissue culture-treated plates. Incubated overnight at 37° C. Growth media was removed from the cell plates (20 μl) and 20 μl of the Replacement Buffer was added followed by addition of 25 μl of diluted dye. All three steps were performed using a Plate Washer BioTek 407. The plates were then incubated for 30' at RT. After incubation, both the cell and compound plates were brought to the FLIPR and 20 μl of the diluted compounds/antagonist/bk were transferred to the cell plates by the FLIPR. Plates were then incubated for 30' at room temperature. After 30' incubation, plates were returned to the FLIPR and 20 ul of 4.5× Cinnamaldehyde was added to the cell plates. During the compound addition as well as agonist addition, fluorescence readings were taken simultaneously from all 384 wells of the cell plate every 1.5 seconds. Five readings were taken to establish a stable baseline, then 20 μl of sample was rapidly (30 μl/sec) and simultaneously added to each well of the cell plate. The fluorescence was continuously monitored before, during and after sample/agonist addition for a total elapsed time of 100 seconds (compound addition) and 120 seconds (agonist addition).",CHEMBL6007,,8,calcium_fluorescence,"tion, both the cell and compound plates were brought to the FLIPR and 20 μl of the diluted compounds/antagonist/bk were trans",explicit_chembl_description,cinnamaldehyde,"bation, plates were returned to the FLIPR and 20 ul of 4.5× Cinnamaldehyde was added to the cell plates. During the compound addition",explicit_chembl_description,,,unknown,,,unknown,,,,unknown,,,text_mentions_only__not_record_species,human,False,not_reported,,unknown,,,unknown,,,unknown,,,unknown,,,,unknown,,,unknown,,,unknown,human | not_reported | calcium_fluorescence | cinnamaldehyde | NA | NA | NA | NA | NA,0,10,medium,False
CHEMBL5739380,18,CHEMBL5729732,"FLIPR Assay: The test compounds are dissolved in 100% DMSO at a concentration of 10 mM and in a first step diluted in DMSO to a concentration of 5 mM, followed by serial dilution steps in 100% DMSO. Dilution factor and number of dilution steps may vary according to needs. Typically 8 different concentrations by 1:5 dilutions are prepared, further intermediate dilutions (1:20) of the substances are carried out with HBSS/HEPES buffer (1×HEPES, Cat. 14065 from Gibco, 20 mM HEPES, Cat. 83264 from SIGMA, 0.1% BSA Cat. 11926 from Invitrogen, pH 7. At the assay day cells are washed 3× with assay puffer, 20 μL buffer remaining in the wells after washing. 10 μL Ca6 kit (Cat. R8191 MolecularDevices) loading buffer in HBSS/HEPES is added to the cells and the plates are incubated with lid for 120 minutes at 37°/5% CO2. 10 μL of compound or controls in HBSS/HEPES buffer/5% DMSO from the intermediate dilution plate are carefully added to the wells. Luminescence (indicating the calcium influx or release) is read on the FLIPRtetra device for 10 minutes to monitor the compound induced effects (e.g. agonism). Finally 10 μL of the agonist AITC 50 μM dissolved in HBSS/HEPES buffer/0.05% DMSO (final concentration 10 μM) is added to the wells followed by an additional read on the FLIPRtetra device for 10 minutes.",CHEMBL6007,,8,calcium_fluorescence,FLIPR Assay: The test compounds are dissolved in 100% DMSO at a c,explicit_chembl_description,AITC,nduced effects (e.g. agonism). Finally 10 μL of the agonist AITC 50 μM dissolved in HBSS/HEPES buffer/0.05% DMSO (final conc,explicit_chembl_description,,,unknown,50,mpound induced effects (e.g. agonism). Finally 10 μL of the agonist AITC 50 μM dissolved in HBSS/HEPES buffer/0.05% DMSO (final concentrat,explicit_with_units,,,,unknown,,,text_mentions_only__not_record_species,human,False,not_reported,,unknown,,,unknown,,,unknown,,,unknown,,,,unknown,,,unknown,,,unknown,human | not_reported | calcium_fluorescence | AITC | NA | 50 | NA | NA | NA,0,9,medium,False
CHEMBL3364861,17,CHEMBL3352245,Antagonist activity at human TRPA1 expressed in HEK293-TREx cells assessed as change in calcium level by Fluo-4NW assay,CHEMBL6007,Homo sapiens,9,calcium_fluorescence,in HEK293-TREx cells assessed as change in calcium level by Fluo-4NW assay,explicit_chembl_description,,,unknown,,,unknown,,,unknown,,HEK293,Antagonist activity at human TRPA1 expressed in HEK293-TREx cells assessed as change in calcium level by Fluo-4NW assay,explicit_chembl_description,human,Antagonist activity at human TRPA1 expressed in HEK293-TREx cells assessed as change in calciu,text_mentions_only__not_record_species,human,False,not_reported,,unknown,,,unknown,,,unknown,,,unknown,,,,unknown,,,unknown,,,unknown,human | not_reported | calcium_fluorescence | NA | NA | NA | HEK293 | NA | NA,0,10,medium,False
CHEMBL3222891,15,CHEMBL3217709,Antagonist activity at TRPA1 (unknown origin),CHEMBL6007,Homo sapiens,9,,,unknown,,,unknown,,,unknown,,,unknown,,,,unknown,,,text_mentions_only__not_record_species,human,False,not_reported,,unknown,,,unknown,,,unknown,,,unknown,,,,unknown,,,unknown,,,unknown,human | not_reported | NA | NA | NA | NA | NA | NA | NA,0,12,medium,False
CHEMBL3706106,15,CHEMBL3639113,"FLIPR Calcium Assay: Ca2+ influx was measured using a FLIPR calcium assay kit (R8033; Molecular Devices, Sunnyvale, Calif.). The Ca2+ indicator dye was dissolved in Hanks' balanced salt solution supplemented with 20 mM HEPES buffer (HBSS/HEPES) according to the manufacturer instructions. Prior to start of the assay, the medium was removed by aspiration, and cells were loaded with 100 μL Ca2+ dye for 2 to 3 hours at room temperature. AITC (allyl isothiocyanate) was used to activate and open the channels. (4×) solutions of the test compounds were prepared in HBSS/HEPES, and 50 μL were added to the cells at a delivery rate of 10 μL/sec. Changes in fluorescence were measured over time in a fluorometric imaging plate reader (FLIPR, Molecular Devices). Two additions were made over the course of an experimental run. For agonist experiments, assay buffer was added at the 10 s time point, followed by addition of agonist at the 3 minute 10 sec time point.",CHEMBL6007,,8,calcium_fluorescence,FLIPR Calcium Assay: Ca2+ influx was measured using a FLIPR calci,explicit_chembl_description,AITC,with 100 μL Ca2+ dye for 2 to 3 hours at room temperature. AITC (allyl isothiocyanate) was used to activate and open the ch,explicit_chembl_description,,,unknown,,,unknown,,,,unknown,,,text_mentions_only__not_record_species,human,False,not_reported,,unknown,,,unknown,,,unknown,,,unknown,,,,unknown,,,unknown,,,unknown,human | not_reported | calcium_fluorescence | AITC | NA | NA | NA | NA | NA,0,10,medium,False
CHEMBL1949457,14,CHEMBL1944607,Antagonist activity at human TRPA1 expressed in human IMR90 cells assessed as inhibition of acrolein-induced calcium influx after 40 mins by fluorescence analysis,CHEMBL6007,Homo sapiens,9,calcium_fluorescence,uman IMR90 cells assessed as inhibition of acrolein-induced calcium influx after 40 mins by fluorescence analysis,explicit_chembl_description,,,unknown,,,unknown,,,unknown,,,,unknown,human,Antagonist activity at human TRPA1 expressed in human IMR90 cells assessed as inhibition of ac,text_mentions_only__not_record_species,human,False,not_reported,,unknown,,,unknown,,,unknown,,,unknown,,,,unknown,,,unknown,,,unknown,human | not_reported | calcium_fluorescence | NA | NA | NA | NA | NA | NA,0,11,medium,False
CHEMBL3757221,13,CHEMBL3751794,Inhibition of human TRPA1,CHEMBL6007,Homo sapiens,9,,,unknown,,,unknown,,,unknown,,,unknown,,,,unknown,human,Inhibition of human TRPA1,text_mentions_only__not_record_species,human,False,not_reported,,unknown,,,unknown,,,unknown,,,unknown,,,,unknown,,,unknown,,,unknown,human | not_reported | NA | NA | NA | NA | NA | NA | NA,0,12,medium,False
CHEMBL4347276,12,CHEMBL4346663,Antagonist activity at human TRPA1 expressed in HEK293 cells assessed as inhibition of CA-induced increase in calcium influx incubated for 10 mins prior to CA addition by Fluo-4-AM dye based fluorescence assayy,CHEMBL6007,Homo sapiens,9,calcium_fluorescence,K293 cells assessed as inhibition of CA-induced increase in calcium influx incubated for 10 mins prior to CA addition by Fluo-4-AM dye,explicit_chembl_description,,,unknown,,,unknown,,,unknown,,HEK293,Antagonist activity at human TRPA1 expressed in HEK293 cells assessed as inhibition of CA-induced increase in calcium influx incubated for 10 mins prior to CA addit,explicit_chembl_description,human,Antagonist activity at human TRPA1 expressed in HEK293 cells assessed as inhibition of CA-indu,text_mentions_only__not_record_species,human,False,not_reported,,unknown,,,unknown,,,unknown,,,unknown,,,,unknown,,,unknown,,,unknown,human | not_reported | calcium_fluorescence | NA | NA | NA | HEK293 | NA | NA,0,10,medium,False
CHEMBL3888572,12,CHEMBL3886764,"Dose Response Assay: Compound plates were resuspended with 100 ul of HBSS/20 mM HEPES/0.005% BSA buffer (Compound Buffer): column 1A-H: buffer/DMSO (bk); column 2A-H: AP-18 (control antagonist for CHOK1 TRPA1 cells); column 1I-P: ATP (control for CHOK1 teton cells); column 2 I-P: 2APB (control antagonist for CHOK1/TRPM8 cells). Growth media was removed from the cell plates (20 ul) and 20 ul of the Replacement Buffer was added followed by addition of 25 ul of diluted dye. All three steps were performed using a Plate Washer BioTek 407. The plates were then incubated for 30' at RT. After incubation, both the cell and compound plates were brought to the FLIPR and 20 ul of the diluted compounds/antagonist/bk were transferred to the cell plates by the FLIPR. Plates were then incubated for 30' at room temperature. After 30' incubation, plates were returned to the FLIPR and 20 ul of 4.5× Cinnamaldehyde was added to the cell plates. During the compound addition as well as agonist addition, fluorescence readings were taken simultaneously from all 384 wells of the cell plate every 1.5 seconds. Five readings were taken to establish a stable baseline, then 20 ul of sample was rapidly (30 ul/sec) and simultaneously added to each well of the cell plate. The fluorescence was continuously monitored before, during and after sample/agonist addition for a total elapsed time of 100 seconds (compound addition) and 120 seconds (agonist addition).",CHEMBL6007,,8,calcium_fluorescence,"tion, both the cell and compound plates were brought to the FLIPR and 20 ul of the diluted compounds/antagonist/bk were trans",explicit_chembl_description,cinnamaldehyde,"bation, plates were returned to the FLIPR and 20 ul of 4.5× Cinnamaldehyde was added to the cell plates. During the compound addition",explicit_chembl_description,,,unknown,,,unknown,,,uffer/DMSO (bk); column 2A-H: AP-18 (control antagonist for CHOK1 TRPA1 cells); column 1I-P: ATP (control for CHOK1 teton cells); column 2 I-P: 2APB (control antagonist for,unknown,,,text_mentions_only__not_record_species,human,False,not_reported,,unknown,,,unknown,,,unknown,,,unknown,,,,unknown,,,unknown,,,unknown,human | not_reported | calcium_fluorescence | cinnamaldehyde | NA | NA | NA | NA | NA,0,10,medium,False
CHEMBL5577374,12,CHEMBL5576088,Antagonist activity at human TRPA1 expressed in HEK293 cells assessed as inhibition of AITC-induced intracellular Ca2+ flux in presence of 5 uM AITC by Fluo4-AM dye based fluorescence analysis,CHEMBL6007,Homo sapiens,9,calcium_fluorescence,induced intracellular Ca2+ flux in presence of 5 uM AITC by Fluo4-AM dye based fluorescence analysis,explicit_chembl_description,AITC,n TRPA1 expressed in HEK293 cells assessed as inhibition of AITC-induced intracellular Ca2+ flux in presence of 5 uM AITC by,explicit_chembl_description,,,unknown,5,n TRPA1 expressed in HEK293 cells assessed as inhibition of AITC-induced intracellular Ca2+ flux in presence of 5 uM AITC by Fluo4-AM dye based fluorescence analysis,explicit_with_units,,HEK293,Antagonist activity at human TRPA1 expressed in HEK293 cells assessed as inhibition of AITC-induced intracellular Ca2+ flux in presence of 5 uM AITC by Fluo4-AM dye,explicit_chembl_description,human,Antagonist activity at human TRPA1 expressed in HEK293 cells assessed as inhibition of AITC-in,text_mentions_only__not_record_species,human,False,not_reported,,unknown,,,unknown,,,unknown,,,unknown,,,,unknown,,,unknown,,,unknown,human | not_reported | calcium_fluorescence | AITC | NA | 5 | HEK293 | NA | NA,0,8,medium,False
CHEMBL5318380,11,CHEMBL5316309,Antagonist activity at human wildtype TRPA1 channel expressed in CHO-K1 cells tagged with GCaMP6 by measuring calcium flux measured after 24 hrs by FLIPR tetra analysis,CHEMBL6007,Homo sapiens,9,calcium_fluorescence,h GCaMP6 by measuring calcium flux measured after 24 hrs by FLIPR tetra analysis,explicit_chembl_description,,,unknown,,,unknown,,,unknown,,CHO,onist activity at human wildtype TRPA1 channel expressed in CHO-K1 cells tagged with GCaMP6 by measuring calcium flux measured after 24 hrs by FLIPR tetra analysis,explicit_chembl_description,human,,text_mentions_only__not_record_species,human,False,wild_type,Antagonist activity at human wildtype TRPA1 channel expressed in CHO-K1 cells tagged with GCaMP6,explicit_chembl_description,,,unknown,,,unknown,,,unknown,,,,unknown,,,unknown,,,unknown,human | wild_type | calcium_fluorescence | NA | NA | NA | CHO | NA | NA,0,9,medium,False
CHEMBL5360087,11,CHEMBL5357058,Inhibition of human TRPA1 overexpressed in HEK293 cells assessed as reduction in AITC-induced calcium mobilization preincubated for 5 mins followed by AITC addition by FLIPR assay,CHEMBL6007,Homo sapiens,9,calcium_fluorescence,zation preincubated for 5 mins followed by AITC addition by FLIPR assay,explicit_chembl_description,AITC,RPA1 overexpressed in HEK293 cells assessed as reduction in AITC-induced calcium mobilization preincubated for 5 mins follow,explicit_chembl_description,,,unknown,,,unknown,,HEK293,Inhibition of human TRPA1 overexpressed in HEK293 cells assessed as reduction in AITC-induced calcium mobilization preincubated for 5 mins followed by AITC add,explicit_chembl_description,human,Inhibition of human TRPA1 overexpressed in HEK293 cells assessed as reduction in AITC,text_mentions_only__not_record_species,human,False,not_reported,,unknown,,,unknown,,,unknown,,,unknown,,,,unknown,,,unknown,,,unknown,human | not_reported | calcium_fluorescence | AITC | NA | NA | HEK293 | NA | NA,0,9,medium,False
CHEMBL5731467,10,CHEMBL5725783,"Fluorescence Assay: IC50s (effective concentration) of compounds on the human TRPA1 channel were determined using a Hamamatsu FDSS fluorescence plate reader. CHO cells expressing human TRPA1 were plated into 384-well plates, incubated overnight at 37° C., and loaded with BD calcium indicator dye for 1 hr at 37° C. followed by 15 minutes at room temperature. The assay buffer was Hank's Balanced Salt Solution (HBSS) containing 20 mM HEPES (pH readjusted to 7.4) along with 0.02% BSA.Following dye load and plate cool down, compounds were added to the cells using the FDSS while monitoring fluorescence to determine whether any of the test compounds have TRPA1 agonist activity. Plates were then incubated with compound for 20 minutes at room temperature prior to adding agonist. Following this incubation, 100 mM cinnamaldehyde was added to all wells of the plate and block of this cinnamaldehyde induced calcium influx was measured.",CHEMBL6007,Homo sapiens,9,calcium_fluorescence,"l plates, incubated overnight at 37° C., and loaded with BD calcium indicator dye for 1 hr at 37° C. followed by 15 minutes at room temperatu",explicit_chembl_description,cinnamaldehyde,"prior to adding agonist. Following this incubation, 100 mM cinnamaldehyde was added to all wells of the plate and block of this cinna",explicit_chembl_description,,,unknown,,,unknown,,CHO,"etermined using a Hamamatsu FDSS fluorescence plate reader. CHO cells expressing human TRPA1 were plated into 384-well plates, incubated overnight at 37° C., and loaded with",explicit_chembl_description,human,Assay: IC50s (effective concentration) of compounds on the human TRPA1 channel were determined using a Hamamatsu FDSS fluorescence,text_mentions_only__not_record_species,human,False,not_reported,,unknown,1 hr,"ed into 384-well plates, incubated overnight at 37° C., and loaded with BD calcium indicator dye for 1 hr at 37° C. followed by 15 minutes at room temperature. The a",explicit_chembl_description,15,and loaded with BD calcium indicator dye for 1 hr at 37° C. followed by 15 minutes at room temperature. The assay buffer was Hank's Balanced Salt Solution (HBSS),explicit_chembl_description,20,est compounds have TRPA1 agonist activity. Plates were then incubated with compound for 20 minutes at room temperature prior to adding agonist. Following this,explicit_chembl_description,20,,,unknown,compound_before_agonist,"test compounds have TRPA1 agonist activity. Plates were then incubated with compound for 20 minutes at room temperature prior to adding agonist. Following this incubation, 100 mM cinnamaldehyde was added",explicit_chembl_description,,,unknown,human | not_reported | calcium_fluorescence | cinnamaldehyde | NA | NA | CHO | compound_before_agonist | 20,0,5,medium,False
CHEMBL3363074,10,CHEMBL3352604,Antagonist activity at human TRPA1 assessed as inhibition of AITC-induced calcium uptake by [45Ca2+] fluorimetry assay,CHEMBL6007,Homo sapiens,9,,,unknown,AITC,ntagonist activity at human TRPA1 assessed as inhibition of AITC-induced calcium uptake by [45Ca2+] fluorimetry assay,explicit_chembl_description,,,unknown,,,unknown,,,,unknown,human,Antagonist activity at human TRPA1 assessed as inhibition of AITC-induced calcium uptake by [4,text_mentions_only__not_record_species,human,False,not_reported,,unknown,,,unknown,,,unknown,,,unknown,,,,unknown,,,unknown,,,unknown,human | not_reported | NA | AITC | NA | NA | NA | NA | NA,0,11,medium,False
CHEMBL4837096,10,CHEMBL4834489,Antagonist activity against human TRPA1 expressed in HEK293K cells assessed as inhibition of AITC-induced intracellular calcium accumulation measured after 120 mins by FLIPR assay,CHEMBL6007,Homo sapiens,9,calcium_fluorescence,tracellular calcium accumulation measured after 120 mins by FLIPR assay,explicit_chembl_description,AITC,TRPA1 expressed in HEK293K cells assessed as inhibition of AITC-induced intracellular calcium accumulation measured after 1,explicit_chembl_description,,,unknown,,,unknown,,HEK293,Antagonist activity against human TRPA1 expressed in HEK293K cells assessed as inhibition of AITC-induced intracellular calcium accumulation measured after 120 mins by FL,explicit_chembl_description,human,Antagonist activity against human TRPA1 expressed in HEK293K cells assessed as inhibition of AITC-i,text_mentions_only__not_record_species,human,False,not_reported,,unknown,,,unknown,,,unknown,,,unknown,,,,unknown,,,unknown,,,unknown,human | not_reported | calcium_fluorescence | AITC | NA | NA | HEK293 | NA | NA,0,9,medium,False
CHEMBL3858029,8,CHEMBL3856226,Inhibition of cinnamaldehyde-activated full length human TRPA1 channel expressed in 293T-Rex cells monitored at 5 sec interval by manual patch clamp electrophysiological method,CHEMBL6007,Homo sapiens,9,electrophysiology,sed in 293T-Rex cells monitored at 5 sec interval by manual patch clamp electrophysiological method,explicit_chembl_description,cinnamaldehyde,Inhibition of cinnamaldehyde-activated full length human TRPA1 channel expressed in 293T,explicit_chembl_description,,,unknown,,,unknown,,,,unknown,human,Inhibition of cinnamaldehyde-activated full length human TRPA1 channel expressed in 293T-Rex cells monitored at 5 sec inte,text_mentions_only__not_record_species,human,False,not_reported,,unknown,,,unknown,,,unknown,,,unknown,,,,unknown,,,unknown,,,unknown,human | not_reported | electrophysiology | cinnamaldehyde | NA | NA | NA | NA | NA,0,10,medium,False
CHEMBL4828020,8,CHEMBL4825747,Antagonist activity at human TRPA1 expressed in CHO cells measured by calcium based FLIPR assay,CHEMBL6007,Homo sapiens,9,calcium_fluorescence,uman TRPA1 expressed in CHO cells measured by calcium based FLIPR assay,explicit_chembl_description,,,unknown,,,unknown,,,unknown,,CHO,Antagonist activity at human TRPA1 expressed in CHO cells measured by calcium based FLIPR assay,explicit_chembl_description,human,Antagonist activity at human TRPA1 expressed in CHO cells measured by calcium based FLIPR assa,text_mentions_only__not_record_species,human,False,not_reported,,unknown,,,unknown,,,unknown,,,unknown,,,,unknown,,,unknown,,,unknown,human | not_reported | calcium_fluorescence | NA | NA | NA | CHO | NA | NA,0,10,medium,False
CHEMBL1118226,7,CHEMBL1155439,Antagonist activity at human TRPA1 channel expressed in CHO cells assessed as inhibition of cinnamaldehyde-induced intracellular calcium influx,CHEMBL6007,Homo sapiens,9,calcium_fluorescence,essed as inhibition of cinnamaldehyde-induced intracellular calcium influx,explicit_chembl_description,cinnamaldehyde,A1 channel expressed in CHO cells assessed as inhibition of cinnamaldehyde-induced intracellular calcium influx,explicit_chembl_description,,,unknown,,,unknown,,CHO,Antagonist activity at human TRPA1 channel expressed in CHO cells assessed as inhibition of cinnamaldehyde-induced intracellular calcium influx,explicit_chembl_description,human,Antagonist activity at human TRPA1 channel expressed in CHO cells assessed as inhibition of ci,text_mentions_only__not_record_species,human,False,not_reported,,unknown,,,unknown,,,unknown,,,unknown,,,,unknown,,,unknown,,,unknown,human | not_reported | calcium_fluorescence | cinnamaldehyde | NA | NA | CHO | NA | NA,0,9,medium,False
CHEMBL3791636,7,CHEMBL3784976,Antagonist activity at human TRPA1 expressed in tetracycline-inducible T-REx expression system transfected CHO cells assessed as inhibition of AITC-induced 45Ca2+ uptake preincubated for 1 min followed by AITC addition measured after 12 mins,CHEMBL6007,Homo sapiens,9,,,unknown,AITC,sion system transfected CHO cells assessed as inhibition of AITC-induced 45Ca2+ uptake preincubated for 1 min followed by AI,explicit_chembl_description,,,unknown,,,unknown,,CHO,tetracycline-inducible T-REx expression system transfected CHO cells assessed as inhibition of AITC-induced 45Ca2+ uptake preincubated for 1 min followed by AITC addition m,explicit_chembl_description,human,Antagonist activity at human TRPA1 expressed in tetracycline-inducible T-REx expression system,text_mentions_only__not_record_species,human,False,not_reported,,unknown,,,unknown,,,unknown,,,unknown,,,,unknown,,,unknown,,,unknown,human | not_reported | NA | AITC | NA | NA | CHO | NA | NA,0,10,medium,False
CHEMBL5096638,6,CHEMBL5096151,Agonist activity at TRPA1 (unknown origin) channel desensitization in presence of isothiocyanate,CHEMBL6007,Homo sapiens,9,,,unknown,,,unknown,,,unknown,,,unknown,,,,unknown,,,text_mentions_only__not_record_species,human,False,not_reported,,unknown,,,unknown,,,unknown,,,unknown,,,,unknown,,,unknown,,,unknown,human | not_reported | NA | NA | NA | NA | NA | NA | NA,0,12,medium,False
CHEMBL5126028,6,CHEMBL5120955,Inhibition of human TRPA1 overexpressed in human HEK293 cells assessed as reduction in AITC-induced calcium influx incubated for 10 mins by FLIPR assay,CHEMBL6007,Homo sapiens,9,calcium_fluorescence,in human HEK293 cells assessed as reduction in AITC-induced calcium influx incubated for 10 mins by FLIPR assay,explicit_chembl_description,AITC,verexpressed in human HEK293 cells assessed as reduction in AITC-induced calcium influx incubated for 10 mins by FLIPR assay,explicit_chembl_description,,,unknown,,,unknown,,HEK293,Inhibition of human TRPA1 overexpressed in human HEK293 cells assessed as reduction in AITC-induced calcium influx incubated for 10 mins by FLIPR assay,explicit_chembl_description,human,Inhibition of human TRPA1 overexpressed in human HEK293 cells assessed as reduction i,text_mentions_only__not_record_species,human,False,not_reported,,unknown,,,unknown,,,unknown,,,unknown,,,,unknown,,,unknown,,,unknown,human | not_reported | calcium_fluorescence | AITC | NA | NA | HEK293 | NA | NA,0,9,medium,False
CHEMBL5142855,6,CHEMBL5137102,Inhibition of human TRPA1 expressed in HEK293 cells assessed as inhibition of AITC-induced intracellular calcium accumulation incubated for 10 mins by FLIPR-tetra assay,CHEMBL6007,Homo sapiens,9,calcium_fluorescence,intracellular calcium accumulation incubated for 10 mins by FLIPR-tetra assay,explicit_chembl_description,AITC,n TRPA1 expressed in HEK293 cells assessed as inhibition of AITC-induced intracellular calcium accumulation incubated for 10,explicit_chembl_description,,,unknown,,,unknown,,HEK293,Inhibition of human TRPA1 expressed in HEK293 cells assessed as inhibition of AITC-induced intracellular calcium accumulation incubated for 10 mins by FLIP,explicit_chembl_description,human,Inhibition of human TRPA1 expressed in HEK293 cells assessed as inhibition of AITC-in,text_mentions_only__not_record_species,human,False,not_reported,,unknown,,,unknown,,,unknown,,,unknown,,,,unknown,,,unknown,,,unknown,human | not_reported | calcium_fluorescence | AITC | NA | NA | HEK293 | NA | NA,0,9,medium,False
CHEMBL5621665,6,CHEMBL5620371,Inhibition of TRPA1 (unknown origin),CHEMBL6007,Homo sapiens,9,,,unknown,,,unknown,,,unknown,,,unknown,,,,unknown,,,text_mentions_only__not_record_species,human,False,not_reported,,unknown,,,unknown,,,unknown,,,unknown,,,,unknown,,,unknown,,,unknown,human | not_reported | NA | NA | NA | NA | NA | NA | NA,0,12,medium,False
CHEMBL5732578,6,CHEMBL5726382,"FLIPR Calcium Assay: Ca2+ influx was measured using a FLIPR calcium assay kit (R8033; Molecular Devices, Sunnyvale, Calif.). The Ca2+ indicator dye was dissolved in Hanks' balanced salt solution supplemented with 20 mM HEPES buffer (HBSS/HEPES) according to the manufacturer instructions. Prior to start of the assay, the medium was removed by aspiration, and cells were loaded with 100 μL Ca2+ dye for 2 to 3 hours at room temperature. AITC (allyl isothiocyanate) was used to activate and open the channels. (4×) solutions of the test compounds were prepared in HBSS/HEPES, and 50 μL were added to the cells at a delivery rate of 10 μL/sec. Changes in fluorescene were measured over time in a fluorometric imaging plate reader (FLIPR), Molecular Devices). Two additions were made over the course of an experimental run. For agonist experiments, assay buffer was added at the 10 s time point, followed by addition of agonist at the 3 minute 10 sec time point. For antagonist experiments, the antagonist was added at the 10 sec time point, followed by addition of the agonist 3 minutes later. Final assay volume for both the agonist and antagonist experiments was 200 μL. Total length of an experimental run was 6.5 minutes.",CHEMBL6007,,8,calcium_fluorescence,FLIPR Calcium Assay: Ca2+ influx was measured using a FLIPR calci,explicit_chembl_description,AITC,with 100 μL Ca2+ dye for 2 to 3 hours at room temperature. AITC (allyl isothiocyanate) was used to activate and open the ch,explicit_chembl_description,,,unknown,,,unknown,,,,unknown,,,text_mentions_only__not_record_species,human,False,not_reported,,unknown,,,unknown,,,unknown,,,unknown,,,,unknown,,,unknown,,,unknown,human | not_reported | calcium_fluorescence | AITC | NA | NA | NA | NA | NA,0,10,medium,False
CHEMBL1118227,5,CHEMBL1155439,Antagonist activity at TRPA1 channel,CHEMBL6007,,8,,,unknown,,,unknown,,,unknown,,,unknown,,,,unknown,,,text_mentions_only__not_record_species,human,False,not_reported,,unknown,,,unknown,,,unknown,,,unknown,,,,unknown,,,unknown,,,unknown,human | not_reported | NA | NA | NA | NA | NA | NA | NA,0,12,medium,False
CHEMBL5737447,5,CHEMBL5728782,"Inhibition Assay: All currents were recorded in whole-cell configuration using EPC-9 and EPC-10 amplifiers and Patchmaster software (HEKA) or similar. Patch pipettes had a resistance of 1.5-3 M and up to 75% of the series resistance was compensated. The standard pipette solution consisted of 140 mM CsAsp, 10 mM EGTA, 10 mM HEPES, 2.27 mM, 20 MgCl2, 1.91 mM CaCl2, and up to 0.3 mM Na2GTP, with pH adjusted to 7.2 with CsOH. In addition, a solution containing 145 mM CsCl, 10 mM HEPES, 10 mM EGTA, and up to 0.3 mM Na2GTP and 1 mM MgCl2 (pH 7.2 adjusted with CsOH) can be used. The standard bath solution contained 150 mM NaCl, 10 mM HEPES, 10 mM glucose, 4.5 mM KCl, 1 mM EGTA, 3 mM MgCl2, with pH adjusted to 7.4 with NaOH. In some instances, 2 mM CaCl2 was added in place of EGTA and the concentration of MgCl2 was reduced to 1 mM.",CHEMBL6007,,8,electrophysiology,Inhibition Assay: All currents were recorded in whole-cell configuration using EPC-9 and EPC-10 amplifiers and Patchma,explicit_chembl_description,,,unknown,,,unknown,,,unknown,,,,unknown,,,text_mentions_only__not_record_species,human,False,not_reported,,unknown,,,unknown,,,unknown,,,unknown,,,,unknown,,,unknown,,,unknown,human | not_reported | electrophysiology | NA | NA | NA | NA | NA | NA,0,11,medium,False
CHEMBL1118500,4,CHEMBL1155439,Antagonist activity at human TRPA1 channel assessed as inhibition of allyl isothiocyanate-induced currents,CHEMBL6007,Homo sapiens,9,,,unknown,AITC,t activity at human TRPA1 channel assessed as inhibition of allyl isothiocyanate-induced currents,explicit_chembl_description,,,unknown,,,unknown,,,,unknown,human,Antagonist activity at human TRPA1 channel assessed as inhibition of allyl isothiocyanate-indu,text_mentions_only__not_record_species,human,False,not_reported,,unknown,,,unknown,,,unknown,,,unknown,,,,unknown,,,unknown,,,unknown,human | not_reported | NA | AITC | NA | NA | NA | NA | NA,0,11,medium,False
CHEMBL1118501,4,CHEMBL1155439,Antagonist activity at human TRPA1 channel assessed as inhibition of noxious cold-induced receptor activation,CHEMBL6007,Homo sapiens,9,,,unknown,,,unknown,,,unknown,,,unknown,,,,unknown,human,Antagonist activity at human TRPA1 channel assessed as inhibition of noxious cold-induced rece,text_mentions_only__not_record_species,human,False,not_reported,,unknown,,,unknown,,,unknown,,,unknown,,,,unknown,,,unknown,,,unknown,human | not_reported | NA | NA | NA | NA | NA | NA | NA,0,12,medium,False
CHEMBL5708945,4,CHEMBL5705895,Antagonist activity at full length human TRPA1 transfected in HEK293F cells assessed as blockade of MO-induced TRPA1 channel activation by measuring Ca2+ influx in presence of 30 uM MO by FLIPR calcium assay,CHEMBL6007,Homo sapiens,9,calcium_fluorescence,ivation by measuring Ca2+ influx in presence of 30 uM MO by FLIPR calcium assay,explicit_chembl_description,,,unknown,,,unknown,,,unknown,,HEK293,tagonist activity at full length human TRPA1 transfected in HEK293F cells assessed as blockade of MO-induced TRPA1 channel activation by measuring Ca2+ influx in presence of 30,explicit_chembl_description,human,Antagonist activity at full length human TRPA1 transfected in HEK293F cells assessed as blockade of MO-ind,text_mentions_only__not_record_species,human,False,not_reported,,unknown,,,unknown,,,unknown,,,unknown,,,,unknown,,,unknown,,,unknown,human | not_reported | calcium_fluorescence | NA | NA | NA | HEK293 | NA | NA,0,10,medium,False
CHEMBL4190624,3,CHEMBL4190175,Antagonist activity at full length human TRPA1 oS5 chimera containing (870 to 896 residues) expressed in 293-T-REx cells by FLIPR assay,CHEMBL6007,Homo sapiens,9,calcium_fluorescence,ining (870 to 896 residues) expressed in 293-T-REx cells by FLIPR assay,explicit_chembl_description,,,unknown,,,unknown,,,unknown,,,,unknown,human,Antagonist activity at full length human TRPA1 oS5 chimera containing (870 to 896 residues) expressed in 2,text_mentions_only__not_record_species,human,False,mutant_or_chimera,Antagonist activity at full length human TRPA1 oS5 chimera containing (870 to 896 residues) expressed in 293-T-REx cel,explicit_chembl_description,,,unknown,,,unknown,,,unknown,,,,unknown,,,unknown,,,unknown,human | mutant_or_chimera | calcium_fluorescence | NA | NA | NA | NA | NA | NA,0,10,medium,False
CHEMBL5096639,3,CHEMBL5096151,Agonist activity at TRPA1 (unknown origin) channel desensitization in presence of icilin,CHEMBL6007,Homo sapiens,9,,,unknown,,,unknown,,,unknown,,,unknown,,,,unknown,,,text_mentions_only__not_record_species,human,False,not_reported,,unknown,,,unknown,,,unknown,,,unknown,,,,unknown,,,unknown,,,unknown,human | not_reported | NA | NA | NA | NA | NA | NA | NA,0,12,medium,False
CHEMBL5680872,3,CHEMBL5678803,Antagonist activity at recombinant human TRPA1 expressed in HEK293F cells assessed as reduction in AITC-induced increase in intracellular Ca2+ level by FLIPR-based Ca2+ assay,CHEMBL6007,Homo sapiens,9,calcium_fluorescence,ion in AITC-induced increase in intracellular Ca2+ level by FLIPR-based Ca2+ assay,explicit_chembl_description,AITC,n TRPA1 expressed in HEK293F cells assessed as reduction in AITC-induced increase in intracellular Ca2+ level by FLIPR-based,explicit_chembl_description,,,unknown,,,unknown,,HEK293,Antagonist activity at recombinant human TRPA1 expressed in HEK293F cells assessed as reduction in AITC-induced increase in intracellular Ca2+ level by FLIPR-based Ca2+ assay,explicit_chembl_description,human,Antagonist activity at recombinant human TRPA1 expressed in HEK293F cells assessed as reduction in AITC-in,text_mentions_only__not_record_species,human,False,not_reported,,unknown,,,unknown,,,unknown,,,unknown,,,,unknown,,,unknown,,,unknown,human | not_reported | calcium_fluorescence | AITC | NA | NA | HEK293 | NA | NA,0,9,medium,False
CHEMBL1049520,2,CHEMBL1153159,Antagonist activity at human TRPA1 expressed in HEK293 cells assessed as [45]Ca2+ influx by microbeta plate count,CHEMBL6007,Homo sapiens,9,calcium_fluorescence,,explicit_chembl_description,,,unknown,,,unknown,,,unknown,,HEK293,Antagonist activity at human TRPA1 expressed in HEK293 cells assessed as [45]Ca2+ influx by microbeta plate count,explicit_chembl_description,human,Antagonist activity at human TRPA1 expressed in HEK293 cells assessed as [45]Ca2+ influx by mi,text_mentions_only__not_record_species,human,False,not_reported,,unknown,,,unknown,,,unknown,,,unknown,,,,unknown,,,unknown,,,unknown,human | not_reported | calcium_fluorescence | NA | NA | NA | HEK293 | NA | NA,0,10,medium,False
CHEMBL1118734,2,CHEMBL1155439,Antagonist activity at human TRPA1 channel assessed as inhibition of 4-hydroxy-2-nonenal-induced response,CHEMBL6007,Homo sapiens,9,,,unknown,,,unknown,,,unknown,,,unknown,,,,unknown,human,Antagonist activity at human TRPA1 channel assessed as inhibition of 4-hydroxy-2-nonenal-induc,text_mentions_only__not_record_species,human,False,not_reported,,unknown,,,unknown,,,unknown,,,unknown,,,,unknown,,,unknown,,,unknown,human | not_reported | NA | NA | NA | NA | NA | NA | NA,0,12,medium,False
CHEMBL2422134,2,CHEMBL2417435,Inhibition of TRPA1 (unknown origin) by FLIPR assay,CHEMBL6007,Homo sapiens,9,calcium_fluorescence,Inhibition of TRPA1 (unknown origin) by FLIPR assay,explicit_chembl_description,,,unknown,,,unknown,,,unknown,,,,unknown,,,text_mentions_only__not_record_species,human,False,not_reported,,unknown,,,unknown,,,unknown,,,unknown,,,,unknown,,,unknown,,,unknown,human | not_reported | calcium_fluorescence | NA | NA | NA | NA | NA | NA,0,11,medium,False
CHEMBL3299560,2,CHEMBL3297713,Antagonist activity at human TRPA1 expressed in CHO-TREX cells assessed as inhibition of allyl isothiocyanate-induced calcium flux incubated 10 mins prior to allyl isothiocyanate addition by FLIPR assay relative to control,CHEMBL6007,Homo sapiens,9,calcium_fluorescence,incubated 10 mins prior to allyl isothiocyanate addition by FLIPR assay relative to control,explicit_chembl_description,AITC,TRPA1 expressed in CHO-TREX cells assessed as inhibition of allyl isothiocyanate-induced calcium flux incubated 10 mins prior to allyl isoth,explicit_chembl_description,,,unknown,,,unknown,,CHO,Antagonist activity at human TRPA1 expressed in CHO-TREX cells assessed as inhibition of allyl isothiocyanate-induced calcium flux incubated 10 mins prior to all,explicit_chembl_description,human,Antagonist activity at human TRPA1 expressed in CHO-TREX cells assessed as inhibition of allyl,text_mentions_only__not_record_species,human,False,not_reported,,unknown,,,unknown,,,unknown,,,unknown,,,,unknown,,,unknown,,,unknown,human | not_reported | calcium_fluorescence | AITC | NA | NA | CHO | NA | NA,0,9,medium,False
CHEMBL3299561,2,CHEMBL3297713,"Antagonist activity at human TRPA1 expressed in CHO-TREX cells assessed as inhibition of dibenzo[b,f ][1,4]oxazepine-4-carboxamide-induced calcium flux incubated 10 mins prior to dibenzo[b,f ][1,4]oxazepine-4-carboxamide addition by FLIPR assay relative to control",CHEMBL6007,Homo sapiens,9,calcium_fluorescence,"or to dibenzo[b,f ][1,4]oxazepine-4-carboxamide addition by FLIPR assay relative to control",explicit_chembl_description,,,unknown,,,unknown,,,unknown,,CHO,"Antagonist activity at human TRPA1 expressed in CHO-TREX cells assessed as inhibition of dibenzo[b,f ][1,4]oxazepine-4-carboxamide-induced calcium flux incubated",explicit_chembl_description,human,Antagonist activity at human TRPA1 expressed in CHO-TREX cells assessed as inhibition of diben,text_mentions_only__not_record_species,human,False,not_reported,,unknown,,,unknown,,,unknown,,,unknown,,,,unknown,,,unknown,,,unknown,human | not_reported | calcium_fluorescence | NA | NA | NA | CHO | NA | NA,0,10,medium,False
CHEMBL4022626,2,CHEMBL4020807,Inhibition of TRPA1 (unknown origin),CHEMBL6007,Homo sapiens,9,,,unknown,,,unknown,,,unknown,,,unknown,,,,unknown,,,text_mentions_only__not_record_species,human,False,not_reported,,unknown,,,unknown,,,unknown,,,unknown,,,,unknown,,,unknown,,,unknown,human | not_reported | NA | NA | NA | NA | NA | NA | NA,0,12,medium,False
CHEMBL4036824,2,CHEMBL4033760,Antagonist activity at human TRPA1 by calcium flux based FLIPR assay,CHEMBL6007,Homo sapiens,9,calcium_fluorescence,Antagonist activity at human TRPA1 by calcium flux based FLIPR assay,explicit_chembl_description,,,unknown,,,unknown,,,unknown,,,,unknown,human,Antagonist activity at human TRPA1 by calcium flux based FLIPR assay,text_mentions_only__not_record_species,human,False,not_reported,,unknown,,,unknown,,,unknown,,,unknown,,,,unknown,,,unknown,,,unknown,human | not_reported | calcium_fluorescence | NA | NA | NA | NA | NA | NA,0,11,medium,False
CHEMBL4347272,2,CHEMBL4346663,Antagonist activity at human TRPA1 expressed in HEK293 cells assessed as inhibition of AITC-induced increase in calcium influx by fluorescence analysis in presence of 5 uM AITC,CHEMBL6007,Homo sapiens,9,calcium_fluorescence,93 cells assessed as inhibition of AITC-induced increase in calcium influx by fluorescence analysis in presence of 5 uM AITC,explicit_chembl_description,AITC,n TRPA1 expressed in HEK293 cells assessed as inhibition of AITC-induced increase in calcium influx by fluorescence analysis,explicit_chembl_description,,,unknown,5,n TRPA1 expressed in HEK293 cells assessed as inhibition of AITC-induced increase in calcium influx by fluorescence analysis in presence of 5 uM AITC,explicit_with_units,,HEK293,Antagonist activity at human TRPA1 expressed in HEK293 cells assessed as inhibition of AITC-induced increase in calcium influx by fluorescence analysis in presence,explicit_chembl_description,human,Antagonist activity at human TRPA1 expressed in HEK293 cells assessed as inhibition of AITC-in,text_mentions_only__not_record_species,human,False,not_reported,,unknown,,,unknown,,,unknown,,,unknown,,,,unknown,,,unknown,,,unknown,human | not_reported | calcium_fluorescence | AITC | NA | 5 | HEK293 | NA | NA,0,8,medium,False
CHEMBL5577360,2,CHEMBL5576088,Antagonist activity at full length human TRPA1 expressed in HEK293 cells assessed as inhibition of AITC-induced intracellular Ca2+ flux in presence of 10 uM AITC by Fluo4-AM dye based fluorescence analysis,CHEMBL6007,Homo sapiens,9,calcium_fluorescence,nduced intracellular Ca2+ flux in presence of 10 uM AITC by Fluo4-AM dye based fluorescence analysis,explicit_chembl_description,AITC,n TRPA1 expressed in HEK293 cells assessed as inhibition of AITC-induced intracellular Ca2+ flux in presence of 10 uM AITC b,explicit_chembl_description,,,unknown,10,n TRPA1 expressed in HEK293 cells assessed as inhibition of AITC-induced intracellular Ca2+ flux in presence of 10 uM AITC by Fluo4-AM dye based fluorescence analysis,explicit_with_units,,HEK293,Antagonist activity at full length human TRPA1 expressed in HEK293 cells assessed as inhibition of AITC-induced intracellular Ca2+ flux in presence of 10 uM AITC by Fluo4-AM dy,explicit_chembl_description,human,Antagonist activity at full length human TRPA1 expressed in HEK293 cells assessed as inhibition of AITC-in,text_mentions_only__not_record_species,human,False,not_reported,,unknown,,,unknown,,,unknown,,,unknown,,,,unknown,,,unknown,,,unknown,human | not_reported | calcium_fluorescence | AITC | NA | 10 | HEK293 | NA | NA,0,8,medium,False
CHEMBL5680929,2,CHEMBL5678803,Antagonist activity at TRPA1 (unknown origin),CHEMBL6007,Homo sapiens,9,,,unknown,,,unknown,,,unknown,,,unknown,,,,unknown,,,text_mentions_only__not_record_species,human,False,not_reported,,unknown,,,unknown,,,unknown,,,unknown,,,,unknown,,,unknown,,,unknown,human | not_reported | NA | NA | NA | NA | NA | NA | NA,0,12,medium,False
CHEMBL5680930,2,CHEMBL5678803,Antagonist activity at human TRPA1 expressed in HEK293 cells assessed as inhibition of allyl isothiocyanate-induced increase in intracellular calcium level incubated for 1 hrs by FLIPR based analysis,CHEMBL6007,Homo sapiens,9,calcium_fluorescence,rease in intracellular calcium level incubated for 1 hrs by FLIPR based analysis,explicit_chembl_description,AITC,n TRPA1 expressed in HEK293 cells assessed as inhibition of allyl isothiocyanate-induced increase in intracellular calcium level incubated f,explicit_chembl_description,,,unknown,,,unknown,,HEK293,Antagonist activity at human TRPA1 expressed in HEK293 cells assessed as inhibition of allyl isothiocyanate-induced increase in intracellular calcium level incubate,explicit_chembl_description,human,Antagonist activity at human TRPA1 expressed in HEK293 cells assessed as inhibition of allyl i,text_mentions_only__not_record_species,human,False,not_reported,,unknown,,,unknown,,,unknown,,,unknown,,,,unknown,,,unknown,,,unknown,human | not_reported | calcium_fluorescence | AITC | NA | NA | HEK293 | NA | NA,0,9,medium,False
CHEMBL1118233,1,CHEMBL1155439,Antagonist activity at human TRPA1 channel assessed as inhibition of URB597-induced intracellular calcium influx,CHEMBL6007,Homo sapiens,9,calcium_fluorescence,nnel assessed as inhibition of URB597-induced intracellular calcium influx,explicit_chembl_description,,,unknown,,,unknown,,,unknown,,,,unknown,human,Antagonist activity at human TRPA1 channel assessed as inhibition of URB597-induced intracellu,text_mentions_only__not_record_species,human,False,not_reported,,unknown,,,unknown,,,unknown,,,unknown,,,,unknown,,,unknown,,,unknown,human | not_reported | calcium_fluorescence | NA | NA | NA | NA | NA | NA,0,11,medium,False
CHEMBL1118234,1,CHEMBL1155439,Antagonist activity at human TRPA1 channel assessed as inhibition of nifedipine-induced intracellular calcium influx,CHEMBL6007,Homo sapiens,9,calcium_fluorescence,assessed as inhibition of nifedipine-induced intracellular calcium influx,explicit_chembl_description,,,unknown,,,unknown,,,unknown,,,,unknown,human,Antagonist activity at human TRPA1 channel assessed as inhibition of nifedipine-induced intrac,text_mentions_only__not_record_species,human,False,not_reported,,unknown,,,unknown,,,unknown,,,unknown,,,,unknown,,,unknown,,,unknown,human | not_reported | calcium_fluorescence | NA | NA | NA | NA | NA | NA,0,11,medium,False
CHEMBL1118735,1,CHEMBL1155439,Antagonist activity at human TRPA1 channel assessed as inhibition of cynnamaldehyde-induced response,CHEMBL6007,Homo sapiens,9,,,unknown,,,unknown,,,unknown,,,unknown,,,,unknown,human,Antagonist activity at human TRPA1 channel assessed as inhibition of cynnamaldehyde-induced re,text_mentions_only__not_record_species,human,False,not_reported,,unknown,,,unknown,,,unknown,,,unknown,,,,unknown,,,unknown,,,unknown,human | not_reported | NA | NA | NA | NA | NA | NA | NA,0,12,medium,False
CHEMBL1118736,1,CHEMBL1155439,Antagonist activity at human TRPA1 channel assessed as inhibition of trinitrophenol-induced response,CHEMBL6007,Homo sapiens,9,,,unknown,,,unknown,,,unknown,,,unknown,,,,unknown,human,Antagonist activity at human TRPA1 channel assessed as inhibition of trinitrophenol-induced re,text_mentions_only__not_record_species,human,False,not_reported,,unknown,,,unknown,,,unknown,,,unknown,,,,unknown,,,unknown,,,unknown,human | not_reported | NA | NA | NA | NA | NA | NA | NA,0,12,medium,False
CHEMBL1118737,1,CHEMBL1155439,Antagonist activity at human TRPA1 channel assessed as inhibition of hypertonic solution of 400 mOsm-induced response,CHEMBL6007,Homo sapiens,9,,,unknown,,,unknown,,,unknown,,,unknown,,,,unknown,human,Antagonist activity at human TRPA1 channel assessed as inhibition of hypertonic solution of 40,text_mentions_only__not_record_species,human,False,not_reported,,unknown,,,unknown,,,unknown,,,unknown,,,,unknown,,,unknown,,,unknown,human | not_reported | NA | NA | NA | NA | NA | NA | NA,0,12,medium,False
CHEMBL1118738,1,CHEMBL1155439,Antagonist activity at human TRPA1 channel assessed as inhibition of formalin-induced intracellular calcium influx,CHEMBL6007,Homo sapiens,9,calcium_fluorescence,el assessed as inhibition of formalin-induced intracellular calcium influx,explicit_chembl_description,,,unknown,,,unknown,,,unknown,,,,unknown,human,Antagonist activity at human TRPA1 channel assessed as inhibition of formalin-induced intracel,text_mentions_only__not_record_species,human,False,not_reported,,unknown,,,unknown,,,unknown,,,unknown,,,,unknown,,,unknown,,,unknown,human | not_reported | calcium_fluorescence | NA | NA | NA | NA | NA | NA,0,11,medium,False
CHEMBL1118739,1,CHEMBL1155439,Antagonist activity at human TRPA1 channel expressed in HEK293 cells assessed as inhibition of cinnamaldehyde-induced intracellular calcium influx by FLIPR,CHEMBL6007,Homo sapiens,9,calcium_fluorescence,essed as inhibition of cinnamaldehyde-induced intracellular calcium influx by FLIPR,explicit_chembl_description,cinnamaldehyde,channel expressed in HEK293 cells assessed as inhibition of cinnamaldehyde-induced intracellular calcium influx by FLIPR,explicit_chembl_description,,,unknown,,,unknown,,HEK293,Antagonist activity at human TRPA1 channel expressed in HEK293 cells assessed as inhibition of cinnamaldehyde-induced intracellular calcium influx by FLIPR,explicit_chembl_description,human,Antagonist activity at human TRPA1 channel expressed in HEK293 cells assessed as inhibition of,text_mentions_only__not_record_species,human,False,not_reported,,unknown,,,unknown,,,unknown,,,unknown,,,,unknown,,,unknown,,,unknown,human | not_reported | calcium_fluorescence | cinnamaldehyde | NA | NA | HEK293 | NA | NA,0,9,medium,False
CHEMBL1949463,1,CHEMBL1944607,Antagonist activity at human TRPA1 expressed in CHO cells assessed as inhibition of calcium influx,CHEMBL6007,Homo sapiens,9,calcium_fluorescence,uman TRPA1 expressed in CHO cells assessed as inhibition of calcium influx,explicit_chembl_description,,,unknown,,,unknown,,,unknown,,CHO,Antagonist activity at human TRPA1 expressed in CHO cells assessed as inhibition of calcium influx,explicit_chembl_description,human,Antagonist activity at human TRPA1 expressed in CHO cells assessed as inhibition of calcium in,text_mentions_only__not_record_species,human,False,not_reported,,unknown,,,unknown,,,unknown,,,unknown,,,,unknown,,,unknown,,,unknown,human | not_reported | calcium_fluorescence | NA | NA | NA | CHO | NA | NA,0,10,medium,False
CHEMBL2328091,1,CHEMBL2321869,Inhibition of human TRPA1 expressed in HEK293 cells after 10 mins by FLIPR assay,CHEMBL6007,Homo sapiens,9,calcium_fluorescence,n of human TRPA1 expressed in HEK293 cells after 10 mins by FLIPR assay,explicit_chembl_description,,,unknown,,,unknown,,,unknown,,HEK293,Inhibition of human TRPA1 expressed in HEK293 cells after 10 mins by FLIPR assay,explicit_chembl_description,human,Inhibition of human TRPA1 expressed in HEK293 cells after 10 mins by FLIPR assay,text_mentions_only__not_record_species,human,False,not_reported,,unknown,,,unknown,,,unknown,,,unknown,,,,unknown,,,unknown,,,unknown,human | not_reported | calcium_fluorescence | NA | NA | NA | HEK293 | NA | NA,0,10,medium,False
CHEMBL2433975,1,CHEMBL2429801,Antagonist activity at TRPA1 (unknown origin) assessed as inhibition of mustard oil-activated current,CHEMBL6007,Homo sapiens,9,,,unknown,AITC,,explicit_chembl_description,,,unknown,,,unknown,,,,unknown,,,text_mentions_only__not_record_species,human,False,not_reported,,unknown,,,unknown,,,unknown,,,unknown,,,,unknown,,,unknown,,,unknown,human | not_reported | NA | AITC | NA | NA | NA | NA | NA,0,11,medium,False
CHEMBL3299550,1,CHEMBL3297713,Antagonist activity at TRPA1 (unknown origin),CHEMBL6007,Homo sapiens,9,,,unknown,,,unknown,,,unknown,,,unknown,,,,unknown,,,text_mentions_only__not_record_species,human,False,not_reported,,unknown,,,unknown,,,unknown,,,unknown,,,,unknown,,,unknown,,,unknown,human | not_reported | NA | NA | NA | NA | NA | NA | NA,0,12,medium,False
CHEMBL3757748,1,CHEMBL3751759,Antagonist activity at human TRPA1 expressed in HEK293 cells assessed as inhibition of allyl isothiocyanate-induced increase of intracellular calcium level,CHEMBL6007,Homo sapiens,9,,,unknown,AITC,n TRPA1 expressed in HEK293 cells assessed as inhibition of allyl isothiocyanate-induced increase of intracellular calcium level,explicit_chembl_description,,,unknown,,,unknown,,HEK293,Antagonist activity at human TRPA1 expressed in HEK293 cells assessed as inhibition of allyl isothiocyanate-induced increase of intracellular calcium level,explicit_chembl_description,human,Antagonist activity at human TRPA1 expressed in HEK293 cells assessed as inhibition of allyl i,text_mentions_only__not_record_species,human,False,not_reported,,unknown,,,unknown,,,unknown,,,unknown,,,,unknown,,,unknown,,,unknown,human | not_reported | NA | AITC | NA | NA | HEK293 | NA | NA,0,10,medium,False
CHEMBL4022611,1,CHEMBL4020807,Inhibition of human TRPA1 expressed in HEK293 cells assessed as decrease in AITC-induced calcium influx preincubated for 6 mins followed by AITC addition measured for 1 min by Fluo-4 dye-based assay,CHEMBL6007,Homo sapiens,9,calcium_fluorescence,ressed in HEK293 cells assessed as decrease in AITC-induced calcium influx preincubated for 6 mins followed by AITC addition measured,explicit_chembl_description,AITC,man TRPA1 expressed in HEK293 cells assessed as decrease in AITC-induced calcium influx preincubated for 6 mins followed by,explicit_chembl_description,,,unknown,,,unknown,,HEK293,Inhibition of human TRPA1 expressed in HEK293 cells assessed as decrease in AITC-induced calcium influx preincubated for 6 mins followed by AITC addition m,explicit_chembl_description,human,Inhibition of human TRPA1 expressed in HEK293 cells assessed as decrease in AITC-indu,text_mentions_only__not_record_species,human,False,not_reported,,unknown,,,unknown,,,unknown,,,unknown,,,,unknown,,,unknown,,,unknown,human | not_reported | calcium_fluorescence | AITC | NA | NA | HEK293 | NA | NA,0,9,medium,False
CHEMBL4022625,1,CHEMBL4020807,Inhibition of human TRPA1 expressed in HEK293 cells assessed as decrease in AITC-induced current response by whole cell patch clamp method,CHEMBL6007,Homo sapiens,9,electrophysiology,ls assessed as decrease in AITC-induced current response by whole cell patch clamp method,explicit_chembl_description,AITC,man TRPA1 expressed in HEK293 cells assessed as decrease in AITC-induced current response by whole cell patch clamp method,explicit_chembl_description,,,unknown,,,unknown,,HEK293,Inhibition of human TRPA1 expressed in HEK293 cells assessed as decrease in AITC-induced current response by whole cell patch clamp method,explicit_chembl_description,human,Inhibition of human TRPA1 expressed in HEK293 cells assessed as decrease in AITC-indu,text_mentions_only__not_record_species,human,False,not_reported,,unknown,,,unknown,,,unknown,,,unknown,,,,unknown,,,unknown,,,unknown,human | not_reported | electrophysiology | AITC | NA | NA | HEK293 | NA | NA,0,9,medium,False
CHEMBL4036817,1,CHEMBL4033760,Inhibition of full length human TRPA1 oS5 chimera at a holding potential of 15 mV measured after 1 min by PatchXpress electrophysiology assay,CHEMBL6007,Homo sapiens,9,electrophysiology,ding potential of 15 mV measured after 1 min by PatchXpress electrophysiology assay,explicit_chembl_description,,,unknown,,,unknown,,,unknown,,,,unknown,human,Inhibition of full length human TRPA1 oS5 chimera at a holding potential of 15 mV measured after,text_mentions_only__not_record_species,human,False,mutant_or_chimera,Inhibition of full length human TRPA1 oS5 chimera at a holding potential of 15 mV measured after 1 min by Pat,explicit_chembl_description,,,unknown,,,unknown,,,unknown,,,,unknown,,,unknown,,,unknown,human | mutant_or_chimera | electrophysiology | NA | NA | NA | NA | NA | NA,0,10,medium,False
CHEMBL4190621,1,CHEMBL4190175,Antagonist activity at human TRPA1 oS5 chimera containing (870 to 896 residues) expressed in 293-T-REx cells at holding potential of 15 mV measured after 1 min by PatchXpress electrophysiology assay,CHEMBL6007,Homo sapiens,9,electrophysiology,ding potential of 15 mV measured after 1 min by PatchXpress electrophysiology assay,explicit_chembl_description,,,unknown,,,unknown,,,unknown,,,,unknown,human,Antagonist activity at human TRPA1 oS5 chimera containing (870 to 896 residues) expressed in 2,text_mentions_only__not_record_species,human,False,mutant_or_chimera,Antagonist activity at human TRPA1 oS5 chimera containing (870 to 896 residues) expressed in 293-T-REx cel,explicit_chembl_description,,,unknown,,,unknown,,,unknown,,,,unknown,,,unknown,,,unknown,human | mutant_or_chimera | electrophysiology | NA | NA | NA | NA | NA | NA,0,10,medium,False
CHEMBL4190628,1,CHEMBL4190175,Antagonist activity at human TRPA1 by electrophysiology assay,CHEMBL6007,Homo sapiens,9,electrophysiology,Antagonist activity at human TRPA1 by electrophysiology assay,explicit_chembl_description,,,unknown,,,unknown,,,unknown,,,,unknown,human,Antagonist activity at human TRPA1 by electrophysiology assay,text_mentions_only__not_record_species,human,False,not_reported,,unknown,,,unknown,,,unknown,,,unknown,,,,unknown,,,unknown,,,unknown,human | not_reported | electrophysiology | NA | NA | NA | NA | NA | NA,0,11,medium,False
CHEMBL4347295,1,CHEMBL4346663,Antagonist activity at human TRPA1 expressed in HEK293F cells assessed as inhibition of AITC-induced increase in calcium influx by FLIPR analysis in presence of 30 uM AITC,CHEMBL6007,Homo sapiens,9,calcium_fluorescence,3F cells assessed as inhibition of AITC-induced increase in calcium influx by FLIPR analysis in presence of 30 uM AITC,explicit_chembl_description,AITC,TRPA1 expressed in HEK293F cells assessed as inhibition of AITC-induced increase in calcium influx by FLIPR analysis in pre,explicit_chembl_description,,,unknown,30,TRPA1 expressed in HEK293F cells assessed as inhibition of AITC-induced increase in calcium influx by FLIPR analysis in presence of 30 uM AITC,explicit_with_units,,HEK293,Antagonist activity at human TRPA1 expressed in HEK293F cells assessed as inhibition of AITC-induced increase in calcium influx by FLIPR analysis in presence of 30 u,explicit_chembl_description,human,Antagonist activity at human TRPA1 expressed in HEK293F cells assessed as inhibition of AITC-i,text_mentions_only__not_record_species,human,False,not_reported,,unknown,,,unknown,,,unknown,,,unknown,,,,unknown,,,unknown,,,unknown,human | not_reported | calcium_fluorescence | AITC | NA | 30 | HEK293 | NA | NA,0,8,medium,False
CHEMBL4347296,1,CHEMBL4346663,Antagonist activity at human TRPA1 expressed in CHO cells assessed as inhibition of CA-induced increase in calcium influx by Fluo-4 dye based FLIPR analysis in presence of 50 uM CA,CHEMBL6007,Homo sapiens,9,calcium_fluorescence,CHO cells assessed as inhibition of CA-induced increase in calcium influx by Fluo-4 dye based FLIPR analysis in presence of 50 uM CA,explicit_chembl_description,,,unknown,,,unknown,,,unknown,,CHO,Antagonist activity at human TRPA1 expressed in CHO cells assessed as inhibition of CA-induced increase in calcium influx by Fluo-4 dye based FLIPR analysis in p,explicit_chembl_description,human,Antagonist activity at human TRPA1 expressed in CHO cells assessed as inhibition of CA-induced,text_mentions_only__not_record_species,human,False,not_reported,,unknown,,,unknown,,,unknown,,,unknown,,,,unknown,,,unknown,,,unknown,human | not_reported | calcium_fluorescence | NA | NA | NA | CHO | NA | NA,0,10,medium,False
CHEMBL4880071,1,CHEMBL4507256,Fluorometric imaging plate reader (FLIPR)-based Ca2+ assay,CHEMBL6007,Homo sapiens,9,calcium_fluorescence,Fluorometric imaging plate reader (FLIPR)-based Ca2+ assay,explicit_chembl_description,,,unknown,,,unknown,,,unknown,,,,unknown,,,text_mentions_only__not_record_species,human,False,not_reported,,unknown,,,unknown,,,unknown,,,unknown,,,,unknown,,,unknown,,,unknown,human | not_reported | calcium_fluorescence | NA | NA | NA | NA | NA | NA,0,11,medium,False
CHEMBL4880072,1,CHEMBL4507256,"Electrophysiological assay: Blocking of AITC ( allylthiocyanate, 100 µmol/L)-evoked currents",CHEMBL6007,Homo sapiens,9,electrophysiology,"Electrophysiological assay: Blocking of AITC ( allylthiocyanate, 100 µmol/L)-evo",explicit_chembl_description,AITC,"Electrophysiological assay: Blocking of AITC ( allylthiocyanate, 100 µmol/L)-evoked currents",explicit_chembl_description,,,unknown,100,"Electrophysiological assay: Blocking of AITC ( allylthiocyanate, 100 µmol/L)-evoked currents",explicit_with_units,,,,unknown,,,text_mentions_only__not_record_species,human,False,not_reported,,unknown,,,unknown,,,unknown,,,unknown,,,,unknown,,,unknown,,,unknown,human | not_reported | electrophysiology | AITC | NA | 100 | NA | NA | NA,0,9,medium,False
CHEMBL4885651,1,CHEMBL4507328,FLIPR Ca2+ assay (human TRAP1),CHEMBL6007,Homo sapiens,9,calcium_fluorescence,FLIPR Ca2+ assay (human TRAP1),explicit_chembl_description,,,unknown,,,unknown,,,unknown,,,,unknown,human,,text_mentions_only__not_record_species,human,False,not_reported,,unknown,,,unknown,,,unknown,,,unknown,,,,unknown,,,unknown,,,unknown,human | not_reported | calcium_fluorescence | NA | NA | NA | NA | NA | NA,0,11,medium,False
CHEMBL5210282,1,CHEMBL5210121,"Affinity On-target Cellular interaction (Electrophysiological assay (inhibition of AITC (allylthiocyanate, 100 µmol/L)-evoked currents in HEK293F cells transiently overexpressing hTRPA1)) EUB0000308b TRPA1",CHEMBL6007,Homo sapiens,9,electrophysiology,"Affinity On-target Cellular interaction (Electrophysiological assay (inhibition of AITC (allylthiocyanate, 100 µmol/L)-ev",explicit_chembl_description,AITC,"ular interaction (Electrophysiological assay (inhibition of AITC (allylthiocyanate, 100 µmol/L)-evoked currents in HEK293F c",explicit_chembl_description,,,unknown,100,"ular interaction (Electrophysiological assay (inhibition of AITC (allylthiocyanate, 100 µmol/L)-evoked currents in HEK293F cells transiently overexpre",explicit_with_units,,HEK293,"n of AITC (allylthiocyanate, 100 µmol/L)-evoked currents in HEK293F cells transiently overexpressing hTRPA1)) EUB0000308b TRPA1",explicit_chembl_description,human,,text_mentions_only__not_record_species,human,False,not_reported,,unknown,,,unknown,,,unknown,,,unknown,,,,unknown,,,unknown,,,unknown,human | not_reported | electrophysiology | AITC | NA | 100 | HEK293 | NA | NA,0,8,medium,False
CHEMBL5210580,1,CHEMBL5210307,Affinity Biochemical interaction (FLIPR-based Ca2+ assay (activated by 30 µM AITC)) EUB0000308b TRPA1,CHEMBL6007,Homo sapiens,9,calcium_fluorescence,Affinity Biochemical interaction (FLIPR-based Ca2+ assay (activated by 30 µM AITC)) EUB0000308b TRP,explicit_chembl_description,AITC,cal interaction (FLIPR-based Ca2+ assay (activated by 30 µM AITC)) EUB0000308b TRPA1,explicit_chembl_description,,,unknown,,,unknown,,,,unknown,,,text_mentions_only__not_record_species,human,False,not_reported,,unknown,,,unknown,,,unknown,,,unknown,,,,unknown,,,unknown,,,unknown,human | not_reported | calcium_fluorescence | AITC | NA | NA | NA | NA | NA,0,10,medium,False
CHEMBL5577372,1,CHEMBL5576088,Antagonist activity at full length human TRPA1 expressed in HEK293 cells assessed as inhibition of AITC-induced intracellular Ca2+ flux by Fluo4-AM dye based fluorescence analysis,CHEMBL6007,Homo sapiens,9,calcium_fluorescence,ed as inhibition of AITC-induced intracellular Ca2+ flux by Fluo4-AM dye based fluorescence analysis,explicit_chembl_description,AITC,n TRPA1 expressed in HEK293 cells assessed as inhibition of AITC-induced intracellular Ca2+ flux by Fluo4-AM dye based fluor,explicit_chembl_description,,,unknown,,,unknown,,HEK293,Antagonist activity at full length human TRPA1 expressed in HEK293 cells assessed as inhibition of AITC-induced intracellular Ca2+ flux by Fluo4-AM dye based fluorescence analy,explicit_chembl_description,human,Antagonist activity at full length human TRPA1 expressed in HEK293 cells assessed as inhibition of AITC-in,text_mentions_only__not_record_species,human,False,not_reported,,unknown,,,unknown,,,unknown,,,unknown,,,,unknown,,,unknown,,,unknown,human | not_reported | calcium_fluorescence | AITC | NA | NA | HEK293 | NA | NA,0,9,medium,False
CHEMBL5577382,1,CHEMBL5576088,Antagonist activity at human TRPA1,CHEMBL6007,Homo sapiens,9,,,unknown,,,unknown,,,unknown,,,unknown,,,,unknown,human,Antagonist activity at human TRPA1,text_mentions_only__not_record_species,human,False,not_reported,,unknown,,,unknown,,,unknown,,,unknown,,,,unknown,,,unknown,,,unknown,human | not_reported | NA | NA | NA | NA | NA | NA | NA,0,12,medium,False
CHEMBL5680880,1,CHEMBL5678803,Antagonist activity at GFP-tagged human TRPA1 transfected in HEK293F cells assessed as reduction in AITC-induced inward current at -60 mV holding potential by electrophysiological recordings,CHEMBL6007,Homo sapiens,9,electrophysiology,AITC-induced inward current at -60 mV holding potential by electrophysiological recordings,explicit_chembl_description,AITC,TRPA1 transfected in HEK293F cells assessed as reduction in AITC-induced inward current at -60 mV holding potential by elect,explicit_chembl_description,,,unknown,,,unknown,,HEK293,ntagonist activity at GFP-tagged human TRPA1 transfected in HEK293F cells assessed as reduction in AITC-induced inward current at -60 mV holding potential by electrophysiologica,explicit_chembl_description,human,Antagonist activity at GFP-tagged human TRPA1 transfected in HEK293F cells assessed as reduction in AITC-,text_mentions_only__not_record_species,human,False,not_reported,,unknown,,,unknown,,,unknown,,,unknown,,,,unknown,,,unknown,,,unknown,human | not_reported | electrophysiology | AITC | NA | NA | HEK293 | NA | NA,0,9,medium,False
CHEMBL6104158,1,CHEMBL6103546,Antagonist activity at recombinant TRPA1 (unknown origin) expressed in T-REx-293 cells assessed as inhibition of AITC-induced intracellular Ca2+ flux by patch clamp assay,CHEMBL6007,Homo sapiens,9,electrophysiology,ed as inhibition of AITC-induced intracellular Ca2+ flux by patch clamp assay,explicit_chembl_description,AITC,gin) expressed in T-REx-293 cells assessed as inhibition of AITC-induced intracellular Ca2+ flux by patch clamp assay,explicit_chembl_description,,,unknown,,,unknown,,,,unknown,,,text_mentions_only__not_record_species,human,False,not_reported,,unknown,,,unknown,,,unknown,,,unknown,,,,unknown,,,unknown,,,unknown,human | not_reported | electrophysiology | AITC | NA | NA | NA | NA | NA,0,10,medium,False
CHEMBL6104159,1,CHEMBL6103546,Antagonist activity at human TRPA1 expressed in CHO cells assessed as inhibition of AITC-induced intracellular Ca2+ flux by fluorescence dye based assay,CHEMBL6007,Homo sapiens,9,,,unknown,AITC,uman TRPA1 expressed in CHO cells assessed as inhibition of AITC-induced intracellular Ca2+ flux by fluorescence dye based a,explicit_chembl_description,,,unknown,,,unknown,,CHO,Antagonist activity at human TRPA1 expressed in CHO cells assessed as inhibition of AITC-induced intracellular Ca2+ flux by fluorescence dye based assay,explicit_chembl_description,human,Antagonist activity at human TRPA1 expressed in CHO cells assessed as inhibition of AITC-induc,text_mentions_only__not_record_species,human,False,not_reported,,unknown,,,unknown,,,unknown,,,unknown,,,,unknown,,,unknown,,,unknown,human | not_reported | NA | AITC | NA | NA | CHO | NA | NA,0,10,medium,False
