inchikey,std_smiles,molecule_chembl_id,pchembl_median,pchembl_min,pchembl_max,pchembl_std,n_measurements,year_min,year_max,n_documents,n_assays
AADNQPJZRQAMOD-OOHWJJMZSA-N,CCC(=O)Cn1c(=O)c2c(ncn2[C@@H](C)C(=O)Nc2csc(-c3ccc(N4CC5CC5C4)nc3)n2)n(C)c1=O,CHEMBL6037240,9.0,9.0,9.0,,1,2019,2019,1,1
AADPNBLFAHYYBS-VXGBXAGGSA-N,O[C@]1(C(F)(F)F)CCCC[C@H]1Nc1cccc(F)c1,CHEMBL5413993,7.2,7.2,7.2,,1,2023,2023,1,1
AAOJDMVYFBSKFT-UHFFFAOYSA-N,CC(C)(C)Nc1c(-c2cccc(C#N)c2)nc2ccc(Cl)cn12,CHEMBL3944269,5.67,5.67,5.67,,1,2016,2016,1,1
AARVTENEMZRJQO-VIZZQPHQSA-N,C[C@H]1[C@H](F)C[C@@H](C(=O)NCc2ccnc(-c3cnc(C(F)(F)F)nc3)c2)N1S(=O)(=O)c1ccc(F)cc1,CHEMBL4103225,7.49,7.16,7.82,0.4666904755831215,2,2018,2022,2,2
AASDZFLETHTKKS-UHFFFAOYSA-N,CCCCCCc1ccc(-c2csc(NC(=O)Cn3ccc4c3c(=O)n(C)c(=O)n4C)n2)cc1,CHEMBL1946121,5.58,5.58,5.58,,1,2012,2012,1,1
ABOASBRALGFDPQ-GJZGRUSLSA-N,Cn1cnc2ncn(Cc3nn([C@H]4CC[C@H](c5ccccc5)C4)c(=O)o3)c(=O)c21,CHEMBL5953252,6.81,6.81,6.81,,1,2021,2021,1,1
ABQLUKILVQNPKZ-UHFFFAOYSA-N,CCc1cc(NC(=O)Cn2cnc3c2c(=O)n(Cc2cc(C)on2)c(=O)n3C)nc(C(F)(F)F)c1,CHEMBL5812994,5.79,5.79,5.79,,1,2019,2019,1,1
ABYAAFDXQRWTJE-DOTOQJQBSA-N,Cc1ccc(=O)n2ccn(Cc3nc([C@@H]4CO[C@@H](c5ccc(Cl)cc5)C4)no3)c(=O)c12,CHEMBL5849460,8.37,8.37,8.37,,1,2020,2020,1,1
ADSGDRJGOSICMK-XJKSGUPXSA-N,O=c1c2cccc(=O)n2cnn1Cc1nc([C@@H]2CO[C@@H](c3ccc(Cl)cc3)C2)no1,CHEMBL5806080,8.62,8.62,8.62,,1,2020,2020,1,1
ADVULNQGSUGCCG-KXTWHKPSSA-N,Cn1cnc2ncn(Cc3nc([C@H]4[C@@H]5CN(c6cccc(-c7cccnc7)c6)C[C@@H]54)no3)c(=O)c21,CHEMBL6057953,7.220000000000001,7.11,7.33,0.1555634918610406,2,2020,2020,1,2
AFCFNPKLZQLKPK-APWZRJJASA-N,O=C(NCc1cn(-c2ccc(C(F)(F)F)cc2)nc1Cl)[C@@H]1C[C@@H](F)CN1S(=O)(=O)c1ccc(F)cc1,CHEMBL6063051,7.605,7.11,8.1,0.7000357133746818,2,2022,2022,1,1
AGKMZNQCTOWDFF-ZDUSSCGKSA-N,O=C1NCCc2c1sc1ncn(Cc3nc(C[C@H](O)c4ccc(Cl)cc4)no3)c(=O)c21,CHEMBL4848526,8.05,8.05,8.05,0.0,2,2021,2021,2,2
AGPQIQSLJAQASS-GLJUWKHASA-N,Cn1cnc2ncn(Cc3nc([C@H]4[C@@H]5C=C(c6ccc7ncsc7c6)C[C@@H]54)no3)c(=O)c21,CHEMBL6010659,8.155,7.8,8.51,0.502045814642449,2,2020,2020,1,2
AGXCNAPHYYLCHN-IBGZPJMESA-N,CC(C)n1c(=O)c(CNC(=O)[C@@H]2CCCN2S(=O)(=O)c2cc3cnccc3o2)cn(-c2ccc(C(F)(F)F)nc2)c1=O,CHEMBL5920363,6.24,6.24,6.24,,1,2020,2020,1,1
AHHGHXFTQVZBPO-UHFFFAOYSA-N,COc1cc2ccnc(Oc3ccc(F)cc3)c2cc1OC,CHEMBL3298322,6.48,6.48,6.48,,1,2014,2014,1,1
AHJAJTHWNBFJBF-YCPHGPKFSA-N,Cn1c(N)nc2ncn(Cc3nc([C@H]4[C@@H]5C=C(c6ccccc6)C[C@@H]54)no3)c(=O)c21,CHEMBL5778028,7.95,7.48,8.42,0.6646803743153543,2,2020,2020,1,2
AIAJJMJAXBVVRD-YABSGUDNSA-N,Cn1cnc2ncn(Cc3nc([C@H]4[C@@H]5CN(c6ncccc6F)C[C@@H]54)no3)c(=O)c21,CHEMBL5854314,6.9,6.84,6.96,0.08485281374238547,2,2020,2020,1,2
AIWIRRGSGOLMQX-UHFFFAOYSA-N,Cc1cnc(Cl)c2ncn(Cc3nn(CCc4ccc(Cl)cc4)c(=O)o3)c(=O)c12,CHEMBL5841138,7.75,7.75,7.75,,1,2021,2021,1,1
AIXGIOZVDSOSEU-HWWDLCQESA-N,Nc1ccc2c(=O)n(Cc3nc([C@H]4[C@@H]5CN(c6cccc(F)c6)C[C@@H]54)no3)cnc2n1,CHEMBL5907292,8.19,8.01,8.37,0.2545584412271567,2,2020,2020,1,2
AJFUDTVIKFGQMS-UHFFFAOYSA-N,Fc1cccc(Oc2ncnc3[nH]ccc23)c1F,CHEMBL3298499,5.57,5.57,5.57,,1,2014,2014,1,1
AJGIUAWWWVYNEY-ZDUSSCGKSA-N,CC(=O)Cn1c(=O)c2c(ncn2[C@@H](C)C(=O)Nc2cccc(-c3ccc(C(F)(F)F)nc3)n2)n(C)c1=O,CHEMBL5810663,7.68,7.68,7.68,,1,2019,2019,1,1
AKDLWVHAJCEAKD-ZDUSSCGKSA-N,CCC(=O)Cn1c(=O)c2c(ncn2[C@@H](C)C(=O)Nc2cccc(-c3cnc(OC)c(C(F)(F)F)c3)n2)n(C)c1=O,CHEMBL5992488,9.0,9.0,9.0,,1,2019,2019,1,1
AKQMAZGMANPFFK-GOSISDBHSA-N,CC(C)N(CC(=O)NC[C@H]1CCCN(c2ccc(C(F)(F)F)cc2)C1)S(=O)(=O)c1ccc(F)cc1,CHEMBL4110915,6.3,6.3,6.3,,1,2016,2016,1,1
AKQMAZGMANPFFK-SFHVURJKSA-N,CC(C)N(CC(=O)NC[C@@H]1CCCN(c2ccc(C(F)(F)F)cc2)C1)S(=O)(=O)c1ccc(F)cc1,CHEMBL3908709,6.51,6.51,6.51,,1,2016,2016,1,1
AKQMAZGMANPFFK-UHFFFAOYSA-N,CC(C)N(CC(=O)NCC1CCCN(c2ccc(C(F)(F)F)cc2)C1)S(=O)(=O)c1ccc(F)cc1,CHEMBL3890809,6.63,6.63,6.63,,1,2016,2016,1,1
AKXYWNUSJTXEKI-NHAGDIPZSA-N,Cn1cnc2ncn(Cc3nc([C@H]4[C@@H]5CN(c6cncc(Cl)c6)C[C@@H]54)no3)c(=O)c21,CHEMBL5834986,6.54,6.54,6.54,,1,2020,2020,1,1
AKZDACQLYHVVHF-WCQYABFASA-N,Cn1c(N)nc2ncn(Cc3nc([C@@H]4CO[C@@H](c5ccc(Cl)cc5)C4)no3)c(=O)c21,CHEMBL5947433,7.62,7.23,8.01,0.5515432893255067,2,2020,2020,1,2
AKZZSBPAHSIOBC-XVDXERDNSA-N,Cn1cnc2ncn(Cc3nn([C@H]4C[C@](F)(c5ccc(F)cc5)C4)c(=O)o3)c(=O)c21,CHEMBL5773844,7.1,7.1,7.1,,1,2021,2021,1,1
ALDVAWDTIJSMNO-ZDHWLGKOSA-N,CC(=C\c1ccc(F)cc1)/C(=N/O)C(C)(C)C,CHEMBL3697705,5.1,5.1,5.1,,1,2015,2015,1,1
ALEGZXFLOSZQFJ-OIPGSKEASA-N,CCCCC(=N\O)/C(C)=C/c1ccc(F)cc1,CHEMBL3697706,5.36,5.36,5.36,,1,2015,2015,1,1
ALPYZNHKWLPYPM-HDJSIYSDSA-N,COc1ccc([C@H]2C[C@H](n3nc(Cn4cnc5ncn(C)c5c4=O)oc3=O)C2)cc1,CHEMBL5801295,6.98,6.98,6.98,,1,2021,2021,1,1
AMABIFVVCZYKIM-WCQYABFASA-N,Cn1nnc2ncn(Cc3nc([C@@H]4CO[C@@H](c5ccc(F)cc5)C4)no3)c(=O)c21,CHEMBL6024610,8.295,8.12,8.47,0.24748737341529264,2,2020,2020,1,2
AMMUKFMDWPZRHN-OOHWJJMZSA-N,Cc1noc(Cn2c(=O)c3c(ncn3[C@@H](C)C(=O)Nc3cccc(-c4cnc(N5CC6CC6C5)nc4)n3)n(C)c2=O)n1,CHEMBL5953298,8.4,8.4,8.4,,1,2019,2019,1,1
ANDQZSDRMVJBQS-UHFFFAOYSA-N,Cc1cc(Cn2c(=O)c3c(ncn3CC(=O)Nc3cccc(-c4cnc(C)c(F)c4)n3)n(C)c2=O)no1,CHEMBL5837721,7.77,7.77,7.77,,1,2019,2019,1,1
ANNUHVXNCFVLIP-GXTWGEPZSA-N,Cc1nc(Br)n2ncn(Cc3nc([C@@H]4CO[C@@H](c5ccc(F)cc5)C4)no3)c(=O)c12,CHEMBL5876271,7.48,7.48,7.48,,1,2020,2020,1,1
ANPQBLBZMKRGJT-UHFFFAOYSA-N,Cn1c(=O)c2c(CC(=O)Nc3nc(-c4ccc(F)c(C(F)(F)F)c4F)cs3)c(Cl)oc2n(C)c1=O,CHEMBL3949747,8.0,8.0,8.0,,1,2015,2015,1,1
ANROYDNBUBEGHC-MQMHXKEQSA-N,Cc1noc2ncn(Cc3nn([C@H]4C[C@H](c5ccc(Cl)cc5)C4)c(=O)o3)c(=O)c12,CHEMBL5925924,7.44,7.44,7.44,,1,2021,2021,1,1
ANSVBJGYIJAUDS-UHFFFAOYSA-N,CCCCCCc1ccc(NC(=O)Cn2ccc3c2c(=O)n(C)c(=O)n3C)cc1,CHEMBL1944847,5.8,5.8,5.8,,1,2012,2012,1,1
ANVHGHPKRCRGRV-UHFFFAOYSA-N,CC(=O)Cn1c(=O)c2c(nc(C)n2CC(=O)Nc2cccc(-c3ccc(Cl)cc3)n2)n(C)c1=O,CHEMBL5895659,7.48,7.48,7.48,,1,2019,2019,1,1
AOHQOEYOFNJJNZ-XLIONFOSSA-N,O=C(NCc1cc(-c2cnc(C(F)(F)F)nc2)ccc1Cl)[C@@H]1C[C@@H](F)CN1S(=O)(=O)c1ccc(F)cc1,CHEMBL5844737,8.4,8.4,8.4,,1,2022,2022,1,1
AOZCJXPKMNJCQR-GGYDESQDSA-N,Cc1ccnc2ncn(Cc3nn([C@H]4C[C@](F)(c5ccc(Cl)cc5)C4)c(=O)o3)c(=O)c12,CHEMBL5755565,7.53,7.53,7.53,,1,2021,2021,1,1
APBUNKVHHWMAAH-CHWSQXEVSA-N,N#Cc1ccc(N[C@@H]2CCCC[C@]2(O)C(F)(F)F)cc1,CHEMBL5394738,6.99,6.99,6.99,,1,2023,2023,1,1
APCBJCFILSRMRW-NQPRBDNZSA-N,CC(/C=C/c1ccc(F)cc1)=N\O,CHEMBL3697711,4.69,4.69,4.69,,1,2015,2015,1,1
APHAPQUZFADCCT-UHFFFAOYSA-N,Fc1ccc(Oc2ncnc3[nH]cc(I)c23)c(F)c1,CHEMBL3298585,5.6,5.6,5.6,,1,2014,2014,1,1
APLQHKFABMHWHP-UHFFFAOYSA-N,O=C(NC(Sc1ccc(Cl)cc1)C(Cl)(Cl)Cl)c1ccc(Br)cc1,CHEMBL1086588,7.29,6.6,7.55,0.49095145720665045,3,2010,2010,1,3
AQIGJCZBZXSONM-UHFFFAOYSA-N,CC(C)CNc1cc(NC(=O)c2cccs2)cc(C(F)(F)F)c1,CHEMBL3311181,6.1,6.1,6.1,,1,2014,2014,1,1
ARPWNFCYSNNAPW-UHFFFAOYSA-N,Cn1c(=O)n(Cc2ccccn2)c(=O)c2c1ncn2CC(=O)Nc1cccc(-c2cnc(C(F)(F)F)nc2)n1,CHEMBL5908875,7.13,7.13,7.13,,1,2019,2019,1,1
ASHUQWDHMIZJFH-UHFFFAOYSA-N,O=C(Nc1cc(NCc2ccccc2)cc(C(F)(F)F)c1)c1cccs1,CHEMBL3311176,5.54,5.54,5.54,,1,2014,2014,1,1
ASRRTOJJNKDPOE-XLIONFOSSA-N,O=C(NCc1cc(F)cc(-c2cnc(C(F)(F)F)cn2)c1)[C@@H]1C[C@@H](F)CN1S(=O)(=O)c1ccc(F)cc1,CHEMBL6055139,7.85,7.85,7.85,,1,2022,2022,1,1
ATLHEWQHWGSHBX-AULYBMBSSA-N,Cn1cnc2ncn(Cc3nc([C@H]4C[C@H](C(F)(F)c5cccc(Cl)c5)C4)no3)c(=O)c21,CHEMBL5842669,7.734999999999999,7.58,7.89,0.21920310216782976,2,2020,2020,1,2
AUHAKZCDXJXNIS-WCQYABFASA-N,Cn1c(N)nc2ncn(Cc3nc([C@@H]4CO[C@@H](c5ccc(F)cc5)C4)no3)c(=O)c21,CHEMBL6016416,7.3100000000000005,6.9,7.72,0.5798275605729682,2,2020,2020,1,2
AUNMQOCPGMEAST-ZFWWWQNUSA-N,CC(=O)Cn1c(=O)c2c(ncn2[C@@H](C)C(=O)Nc2csc(-c3cnc(N4CCC[C@H]4C(F)(F)F)nc3)n2)n(C)c1=O,CHEMBL5910411,8.7,8.7,8.7,,1,2019,2019,1,1
AUVVPNQJMBEMDI-FOLVSLTJSA-N,Cn1cnc2ncn(Cc3nc([C@H]4[C@@H]5CN(c6ccc(OC(F)(F)F)cc6)C[C@@H]54)no3)c(=O)c21,CHEMBL5785384,7.37,7.37,7.37,,1,2020,2020,1,1
AVGRXCGZLZSSPC-UHFFFAOYSA-N,Cn1c(=O)c2c(CC(=O)Nc3nc(-c4ccc(C5CCCCC5)cc4)cs3)cccc2n(C)c1=O,CHEMBL3968210,7.33,7.33,7.33,,1,2015,2015,1,1
AVISJIJTLXTWET-LBPRGKRZSA-N,Cc1nc(Cn2c(=O)c3c(ncn3[C@@H](C)C(=O)Nc3ccnc(-c4cnc(C)c(C(F)(F)F)c4)n3)n(C)c2=O)no1,CHEMBL5875124,8.7,8.7,8.7,,1,2019,2019,1,1
AVMFNJJDFFARPS-IBGZPJMESA-N,O=C(NCc1cc(-c2ccc(C(F)(F)F)nc2)ncn1)[C@@H]1CCCN1S(=O)(=O)c1ccc(F)cc1,CHEMBL4104646,6.81,6.81,6.81,,1,2018,2018,1,1
AVMYOZBHUDFCJI-AEFFLSMTSA-N,O=C(NCc1cc(F)cc(-c2cnc(C(F)(F)F)s2)c1)[C@@H]1C[C@@H](F)CN1S(=O)(=O)c1ccc(F)cc1,CHEMBL5929664,7.92,7.92,7.92,,1,2022,2022,1,1
AVZYAMPJJDVPDJ-UHFFFAOYSA-N,O=C1C2=C(NC(=S)NC2c2cccc(CO)c2)c2ccccc21,CHEMBL1939977,6.15,6.15,6.15,,1,2012,2012,1,1
AWDCUIDEVZIBKR-UHFFFAOYSA-N,Cc1cccc2c(=O)n(CC(=O)NCCc3ccc(Cl)cc3)cnc12,CHEMBL3787010,6.1,6.1,6.1,,1,2016,2016,1,1
AWJBWNUUODWOKQ-UHFFFAOYSA-N,Cn1cnc2ncn(Cc3nc(CCc4ccc(Cl)cc4)no3)c(=O)c21,CHEMBL3785736,7.29,6.88,7.7,0.5798275605729691,2,2016,2016,1,2
AXFDPUXDIHEOAI-UHFFFAOYSA-N,Cc1cc(Cn2c(=O)c3c(ncn3CC(=O)Nc3cccc(N4CCC(F)(F)CC4)n3)n(C)c2=O)no1,CHEMBL6047908,6.91,6.91,6.91,,1,2019,2019,1,1
AXIFMPBHMMMIKY-AULYBMBSSA-N,Cn1nnc2ncn(Cc3nn([C@H]4C[C@H](c5ccc(Cl)cc5)C4)c(=O)o3)c(=O)c21,CHEMBL5889320,7.11,7.11,7.11,,1,2021,2021,1,1
AXPFEEJMCXUHQD-JTQLQIEISA-N,C[C@@H](C(=O)Nc1cccc(-c2cnc(C(F)(F)F)nc2)n1)n1cnc2c1c(=O)n(CC(N)=O)c(=O)n2C,CHEMBL5918372,6.25,6.25,6.25,,1,2021,2021,1,1
AXRMPMIEMCXOTJ-VQFNDLOPSA-N,Cn1cnc2ncn(Cc3nc([C@H]4[C@@H]5CN(c6cccc(-c7ncco7)c6)C[C@@H]54)no3)c(=O)c21,CHEMBL5892972,7.125,7.11,7.14,0.021213203435595972,2,2020,2020,1,2
AXVJKWISWYSMEO-MOPGFXCFSA-N,O=C(NCc1cn(-c2ccc(C(F)(F)F)cc2)nc1C(F)F)[C@@H]1CC[C@@H]1S(=O)(=O)c1ccc(F)cc1,CHEMBL5883435,7.54,7.46,7.62,0.09237604307034021,4,2020,2020,1,1
AXVJKWISWYSMEO-UHFFFAOYSA-N,O=C(NCc1cn(-c2ccc(C(F)(F)F)cc2)nc1C(F)F)C1CCC1S(=O)(=O)c1ccc(F)cc1,CHEMBL6009891,7.02,7.02,7.02,,1,2020,2020,1,1
AXVWPJGJCGMVLQ-UHFFFAOYSA-N,O=c1c2cccnc2ncn1Cc1nnc(CCc2ccc(Cl)cc2)o1,CHEMBL3787328,5.66,5.66,5.66,,1,2016,2016,1,1
AYPZAZPOYROADP-ZHACJKMWSA-N,Oc1ccccc1/C=C/c1ccccc1,CHEMBL2387060,5.77,5.77,5.77,,1,2017,2017,1,1
AZGCRXQGLDQGTA-KNQAVFIVSA-N,O=C(NCc1cc(F)cc(-c2ccc(C(F)F)cn2)c1)[C@@H]1C[C@@H](F)CN1S(=O)(=O)c1ccc(F)cc1,CHEMBL5964721,7.51,7.51,7.51,,1,2022,2022,1,1
AZMMWBUQIXBLDU-UHFFFAOYSA-N,Cc1n[nH]c2ccc(-c3ccccc3C(F)(F)F)cc12,CHEMBL3298252,5.51,5.51,5.51,,1,2014,2014,1,1
AZZRAZUXGHJAOV-WCQYABFASA-N,Cn1cnc2nc(N)n(Cc3nc([C@@H]4CO[C@@H](c5cccc(F)c5)C4)no3)c(=O)c21,CHEMBL5818029,7.949999999999999,7.39,8.51,0.7919595949289336,2,2020,2020,1,2
BAHAKPRBUNPURW-CMPLNLGQSA-N,O[C@]1(C(F)(F)F)CCCC[C@H]1Cc1cncc(Cl)c1,CHEMBL5424431,5.8,5.8,5.8,,1,2023,2023,1,1
BANGFDNCERQQIE-CHWSQXEVSA-N,CN([C@@H]1CCCC[C@]1(O)C(F)(F)F)S(=O)(=O)c1ccc(F)cc1,CHEMBL5398623,5.5,5.5,5.5,,1,2023,2023,1,1
BAORHIGPTKNHRW-HBFSDRIKSA-N,Cn1cnc2ncn(Cc3nc([C@H]4[C@@H]5C=C(c6ccc7ccncc7c6)C[C@@H]54)no3)c(=O)c21,CHEMBL5976855,7.275,7.23,7.32,0.06363961030678918,2,2020,2020,1,2
BAORHIGPTKNHRW-NLWGTHIKSA-N,Cn1cnc2ncn(Cc3nc([C@@H]4[C@H]5C=C(c6ccc7ccncc7c6)C[C@H]54)no3)c(=O)c21,CHEMBL5761361,7.949999999999999,7.78,8.12,0.24041630560342575,2,2020,2020,1,2
BAYFMGSXOKNAJZ-VXGBXAGGSA-N,O[C@]1(C(F)(F)F)CCCC[C@H]1Oc1ccc(F)cc1,CHEMBL5439762,7.7,7.7,7.7,,1,2023,2023,1,1
BBCFRTHODCIVDP-VLIAUNLRSA-N,C[C@@H]1CC[C@@H](C(=O)NCc2cc(-c3ccc(C(F)(F)F)nc3)ncn2)N1S(=O)(=O)c1ccc(F)cc1,CHEMBL4083847,6.984999999999999,6.62,7.35,0.5161879502661797,2,2018,2022,2,2
BBCFRTHODCIVDP-XOBRGWDASA-N,C[C@H]1CC[C@@H](C(=O)NCc2cc(-c3ccc(C(F)(F)F)nc3)ncn2)N1S(=O)(=O)c1ccc(F)cc1,CHEMBL4077957,8.095,7.89,8.3,0.2899137802864849,2,2018,2022,2,2
BBFDPQFELBFLCW-GXTWGEPZSA-N,Cn1cnc2ncn(Cc3nc([C@@H]4CO[C@@H](c5ccc6ncsc6c5)C4)no3)c(=O)c21,CHEMBL6000369,6.949999999999999,6.84,7.06,0.1555634918610406,2,2020,2020,1,2
BCKUYDODOWTDPH-XLIONFOSSA-N,O=C(NCc1cc(-c2ccc(C(F)(F)F)nc2)ccn1)[C@@H]1C[C@@H](F)CN1S(=O)(=O)c1ccc(F)cc1,CHEMBL6030689,6.73,6.73,6.73,,1,2022,2022,1,1
BCXNWQDMUUSORS-UHFFFAOYSA-N,FC(F)Oc1cc2[nH]ncc2cc1-c1ccccc1C(F)(F)F,CHEMBL3299025,7.3,7.3,7.3,,1,2014,2014,1,1
BDMMXSHQKHUFKQ-GOSISDBHSA-N,Cc1c(=O)n(Cc2ccccc2)c(=O)n2cc(C(=O)N3CC[C@@H](Oc4ccccc4C(F)(F)F)C3)sc12,CHEMBL3220449,7.0,7.0,7.0,,1,2012,2012,1,1
BDMMXSHQKHUFKQ-SFHVURJKSA-N,Cc1c(=O)n(Cc2ccccc2)c(=O)n2cc(C(=O)N3CC[C@H](Oc4ccccc4C(F)(F)F)C3)sc12,CHEMBL3220450,6.82,6.82,6.82,,1,2012,2012,1,1
BELXXIWFEWPMCV-UOIKSKOESA-N,O=c1c2cccnc2cnn1Cc1nc([C@H]2[C@@H]3CN(c4ccnc(F)c4)C[C@@H]32)no1,CHEMBL6028364,7.3100000000000005,7.23,7.39,0.11313708498984676,2,2020,2020,1,2
BGJCZTPFRKSUHS-CMPLNLGQSA-N,Nc1nc2ncsc2c(=O)n1Cc1nc([C@@H]2CO[C@@H](c3ccc(Cl)cc3)C2)no1,CHEMBL5782035,8.545,8.24,8.85,0.43133513652379357,2,2020,2020,1,2
BGQSZBPWPOXQTF-AWEZNQCLSA-N,O=C1C2=C(NC(=S)N[C@H]2c2ccccc2)c2ccccc21,CHEMBL1939985,5.09,5.09,5.09,,1,2012,2012,1,1
BGQSZBPWPOXQTF-CQSZACIVSA-N,O=C1C2=C(NC(=S)N[C@@H]2c2ccccc2)c2ccccc21,CHEMBL1939984,6.11,6.11,6.11,,1,2012,2012,1,1
BGQSZBPWPOXQTF-UHFFFAOYSA-N,O=C1C2=C(NC(=S)NC2c2ccccc2)c2ccccc21,CHEMBL1939990,5.75,5.75,5.75,,1,2012,2012,1,1
BGXHQWBKFTYLMO-UHFFFAOYSA-N,Cn1cnc2ncn(Cc3nn(CCc4ccc(Br)c(Cl)c4)c(=O)o3)c(=O)c21,CHEMBL5848142,6.88,6.88,6.88,,1,2021,2021,1,1
BHLICBDDYVMRMM-UHFFFAOYSA-N,Cc1cc(-c2ccccc2C(F)(F)F)cc2cn[nH]c12,CHEMBL3298920,5.17,5.17,5.17,,1,2014,2014,1,1
BITJIBOQHOBSEQ-PMACEKPBSA-N,Cc1cc(-c2cnc(C(F)(F)F)nc2)cc(CNC(=O)[C@@H]2[C@@H](F)CCN2S(=O)(=O)c2ccc(F)cc2)n1,CHEMBL5762746,7.57,7.57,7.57,,1,2022,2022,1,1
BIUMIQOEJSJTAM-QFIPXVFZSA-N,CC(C)n1cc(-c2ccc(C(F)(F)F)nc2)cc(CNC(=O)[C@@H]2CCCN2S(=O)(=O)c2cc3cc(F)ccc3o2)c1=O,CHEMBL5794350,7.51,7.51,7.51,,1,2020,2020,1,1
BIWXFLAZRBTWMI-UHFFFAOYSA-N,FC(F)(F)c1ccccc1-c1cc2cn[nH]c2cc1Cl,CHEMBL3298922,7.62,7.62,7.62,,1,2014,2014,1,1
BJGBIUYKSAKORC-FHERZECASA-N,CCC(=O)Cn1c(=O)c2c(ncn2[C@@H](C)C(=O)Nc2cncc(-c3cnc(N4CC5CC5C4)nc3)n2)n(C)c1=O,CHEMBL5901326,8.16,8.1,8.22,0.0848528137423864,2,2019,2019,1,1
BJNUBTRKMKILLA-DEOSSOPVSA-N,CC(C)n1cc(CNC(=O)[C@@H]2CCCN2S(=O)(=O)c2cc3c(F)cccc3o2)cc(-c2ccc(C(F)(F)F)cc2)c1=O,CHEMBL5836416,7.07,7.07,7.07,,1,2020,2020,1,1
BJZUYRRKPINCLY-UHFFFAOYSA-N,CCCNc1cc(NC(=O)c2cccnc2)cc(C(F)(F)F)c1,CHEMBL3311186,6.03,6.03,6.03,,1,2014,2014,1,1
BKBDSVDSSWOBTQ-GXTWGEPZSA-N,Cn1cnc2ncn(Cc3nc([C@@H]4CO[C@@H](c5ccc(C(F)(F)F)cc5)C4)no3)c(=O)c21,CHEMBL5994890,7.4350000000000005,7.33,7.54,0.14849242404917465,2,2020,2020,1,2
BKDSPECIAKYFPT-XJKSGUPXSA-N,COc1nccc2c(=O)n(Cc3nc([C@@H]4CO[C@@H](c5ccc(Cl)cc5)C4)no3)cnc12,CHEMBL5787622,6.935,6.85,7.02,0.12020815280171303,2,2020,2020,1,2
BKTFMVDMGYGHGU-UHFFFAOYSA-N,O=C(NCc1cc(-c2ccc(C(F)(F)F)nc2)ncn1)C1C2CC(CC2F)N1S(=O)(=O)c1ccc(F)cc1,CHEMBL5923850,7.28,7.28,7.28,,1,2022,2022,1,1
BLKRXSROXNOPPY-GGYDESQDSA-N,Cc1ccnc2ncn(Cc3nn([C@H]4C[C@](F)(c5ccc(F)cc5)C4)c(=O)o3)c(=O)c12,CHEMBL5962477,7.75,7.75,7.75,,1,2021,2021,1,1
BMJPYMNIGZKPLS-LBPRGKRZSA-N,Cc1c(C(N)=O)sc2ncn(Cc3nnn(C[C@H](O)c4cc5ccc(Cl)cc5o4)n3)c(=O)c12,CHEMBL6045448,7.82,7.82,7.82,,1,2023,2023,1,1
BMPXPBSETVIDSP-UHFFFAOYSA-N,FC(F)c1ccccc1-c1ccc2[nH]ncc2c1,CHEMBL3298243,5.66,5.66,5.66,,1,2014,2014,1,1
BOBRNSMQJNURJX-JEYLPNPQSA-N,CC#CCn1c(=O)c2c(ncn2[C@@H](C)C(=O)Nc2csc(-c3cnc(N4CC5C(C4)C5(F)F)nc3)n2)n(C)c1=O,CHEMBL5908773,8.7,8.7,8.7,,1,2019,2019,1,1
BOBUEKYDHRZMRK-UHFFFAOYSA-N,O=C1C2=C(NC(=S)NC2c2ccccc2F)c2ccccc21,CHEMBL1939981,5.68,5.68,5.68,,1,2012,2012,1,1
BONDEBJDVZGSIK-UHFFFAOYSA-N,Cc1cc(Cn2c(=O)c3c(ncn3CC(=O)Nc3cccc(N4CCC(C(F)(F)F)CC4)n3)n(C)c2=O)no1,CHEMBL5778624,7.58,7.58,7.58,,1,2019,2019,1,1
BOXFETBEAMXCQH-DZGCQCFKSA-N,Cc1ncn2ncn(Cc3nc([C@@H]4CO[C@@H](c5ccc(F)cc5)C4)no3)c(=O)c12,CHEMBL6043326,7.6,7.6,7.6,,1,2020,2020,1,1
BPCZABOCGVZEBN-ZDUSSCGKSA-N,Cc1cc(-c2cncc(NC(=O)[C@H](C)n3cnc4c3c(=O)n(Cc3ccon3)c(=O)n4C)n2)cnc1C(F)(F)F,CHEMBL5843493,7.89,7.89,7.89,,1,2019,2019,1,1
BPKDWFGRTCABEJ-FQEVSTJZSA-N,CC(C)N(CC(=O)NC[C@H]1CN(c2ccc(C(F)(F)F)cc2)CCO1)S(=O)(=O)c1ccc(F)cc1,CHEMBL3898574,6.82,6.82,6.82,,1,2016,2016,1,1
BPKDWFGRTCABEJ-HXUWFJFHSA-N,CC(C)N(CC(=O)NC[C@@H]1CN(c2ccc(C(F)(F)F)cc2)CCO1)S(=O)(=O)c1ccc(F)cc1,CHEMBL4112565,5.88,5.88,5.88,,1,2016,2016,1,1
BPKDWFGRTCABEJ-UHFFFAOYSA-N,CC(C)N(CC(=O)NCC1CN(c2ccc(C(F)(F)F)cc2)CCO1)S(=O)(=O)c1ccc(F)cc1,CHEMBL3899792,6.71,6.71,6.71,,1,2016,2016,1,1
BPLFISJMISZSMT-GXTWGEPZSA-N,Cn1c(=O)c2c(ncn2Cc2nc([C@@H]3CO[C@@H](c4ccc(Cl)cc4)C3)no2)n(C)c1=O,CHEMBL5929352,7.265000000000001,7.24,7.29,0.03535533905932756,2,2020,2020,1,2
BPSURRHXFTVNPC-AWEZNQCLSA-N,CCC(=O)Cn1c(=O)c2c(ncn2[C@@H](C)C(=O)Nc2csc(-c3cnc(N(CC)CC)nc3)n2)n(C)c1=O,CHEMBL5751844,8.52,8.52,8.52,,1,2019,2019,1,1
BPWDLGXLIXBTPG-GXTWGEPZSA-N,Cc1ncn2nc(N)n(Cc3nc([C@@H]4CO[C@@H](c5ccc(F)cc5)C4)no3)c(=O)c12,CHEMBL6026981,8.015,7.81,8.22,0.2899137802864849,2,2020,2020,1,2
BRBMIYHOFADQNK-RYRKJORJSA-N,CCNc1nc2ncn(Cc3nc([C@H]4[C@@H]5C=C(c6ccccc6)C[C@@H]54)no3)c(=O)c2n1C,CHEMBL5758525,7.404999999999999,7.27,7.54,0.1909188309203685,2,2020,2020,1,2
BRNFYDHNQCOLDA-DEOSSOPVSA-N,CC(C)n1cc(-c2ccc(C(F)(F)F)cc2)cc(CNC(=O)[C@@H]2CCCN2S(=O)(=O)c2cc3c(F)cccc3o2)c1=O,CHEMBL5956606,6.36,6.36,6.36,,1,2020,2020,1,1
BSJPLCMGLSAERZ-APWZRJJASA-N,O=C(NCc1cc(-c2cnc(C(F)(F)F)nc2)ccn1)[C@@H]1C[C@@H](F)CN1S(=O)(=O)c1ccc(F)cc1,CHEMBL5794445,6.39,6.39,6.39,,1,2022,2022,1,1
BSXZECKVHWDHMU-UHFFFAOYSA-N,CN(C)c1ccc(CCn2nc(Cn3cnc4ncn(C)c4c3=O)oc2=O)cc1,CHEMBL6029706,6.79,6.79,6.79,,1,2021,2021,1,1
BTGRJSKXOVCJGC-VIZZQPHQSA-N,C[C@H]1[C@H](F)C[C@@H](C(=O)NCc2cc(-c3ccc(C(F)(F)F)nc3)ncn2)N1S(=O)(=O)c1ccc(F)cc1,CHEMBL4062110,6.75,6.75,6.75,0.0,2,2018,2021,2,2
BTNUNVLIPAOCMM-LAQFHYBYSA-N,Cn1cnc2ncn(Cc3nc([C@H]4[C@@H]5CN(c6ccc7ocnc7c6)C[C@@H]54)no3)c(=O)c21,CHEMBL5867523,7.654999999999999,7.56,7.75,0.13435028842544464,2,2020,2020,1,2
BUIYVEPGAGPGLB-CTYIDZIISA-N,Cn1cnc2ncn(Cc3nc([C@H]4C[C@H](Oc5cccc(C#N)c5)C4)no3)c(=O)c21,CHEMBL5852189,7.09,7.09,7.09,,1,2020,2020,1,1
BUMGTYYOOSBBHW-UHFFFAOYSA-N,COc1cc2ccnc(Oc3ccc(F)cc3F)c2cc1OC,CHEMBL3297861,6.2,6.2,6.2,,1,2014,2014,1,1
BUQGXZUGSBDOIZ-QFIPXVFZSA-N,CC(C)n1c(=O)c(CNC(=O)[C@@H]2CCCN2S(=O)(=O)c2cc3cc(F)ccc3o2)cn(-c2ccc(C(F)(F)F)cc2)c1=O,CHEMBL6016755,8.14,8.14,8.14,,1,2020,2020,1,1
BUYFCKGCSXZWDP-MNZLEMJZSA-N,Cc1ccnc2ncn(Cc3nc([C@H]4[C@@H]5CN(c6ccccc6)C[C@@H]54)no3)c(=O)c12,CHEMBL5866124,7.41,7.41,7.41,,1,2020,2020,1,1
BUZFDVGJMBLEGQ-UHFFFAOYSA-N,CC1(C)CCCC(O)(C(F)(F)F)C1Cc1cccc(F)c1,CHEMBL5408516,6.12,6.12,6.12,,1,2023,2023,1,1
BVMBHIKCHPFTIX-HDJSIYSDSA-N,Cn1cnc2ncn(Cc3nn([C@H]4C[C@H](c5ccccc5)C4)c(=O)o3)c(=O)c21,CHEMBL5093753,6.78,6.78,6.78,,1,2021,2021,1,1
BWJKJXASLSRQNM-HDJSIYSDSA-N,O=c1c2cccnc2ncn1Cc1nc([C@H]2C[C@H](c3cccc(Cl)c3)C2)no1,CHEMBL5803349,7.31,7.31,7.31,,1,2020,2020,1,1
BWTWYFLHUIVVNP-WMLDXEAASA-N,Cc1ccnc2cnn(Cc3nc([C@@H]4CO[C@@H](c5ccc(F)cc5)C4)no3)c(=O)c12,CHEMBL5763650,8.155000000000001,8.14,8.17,0.021213203435595344,2,2020,2020,1,2
BXAPLRVODFEIFT-AWEZNQCLSA-N,CN1CCc2c(sc3ncn(Cc4nnn(C[C@H](O)c5ccc(Cl)cc5)n4)c(=O)c23)C1=O,CHEMBL6008415,7.8,7.8,7.8,,1,2023,2023,1,1
BXVDTIPLGIPGFG-WCQYABFASA-N,Cn1cnc2[nH]c(=O)n(Cc3nc([C@@H]4CO[C@@H](c5ccc(Cl)cc5)C4)no3)c(=O)c21,CHEMBL6047386,7.07,6.5,7.64,0.8061017305526637,2,2020,2020,1,2
BXWRYHWVMJYQDS-ZDUSSCGKSA-N,O=C1NCCc2c1sc1ncn(Cc3nnn(C[C@H](O)c4ccc(Cl)cc4)n3)c(=O)c21,CHEMBL5981644,7.96,7.96,7.96,,1,2023,2023,1,1
BZFAADKUMJMAMD-QFIPXVFZSA-N,CC(C)n1c(=O)c(CNC(=O)[C@@H]2CCCN2S(=O)(=O)c2cc3ccccc3o2)cn(-c2ccc(C(F)(F)F)cc2)c1=O,CHEMBL5772812,7.8,7.8,7.8,,1,2020,2020,1,1
BZTMKWCWKFEAKS-UHFFFAOYSA-N,FC(F)(F)c1ccccc1-c1cc2cn[nH]c2cc1OCC1CC1,CHEMBL3299022,7.58,7.58,7.58,,1,2014,2014,1,1
CANXPAGDHYDXAS-IYARVYRRSA-N,Cn1cnc2ncn(Cc3nn([C@H]4C[C@H](c5ccc6ccccc6c5)C4)c(=O)o3)c(=O)c21,CHEMBL5952845,7.75,7.75,7.75,,1,2021,2021,1,1
CAURCPOFUZVLHO-FRQCXROJSA-N,Cn1cnc2ncn(Cc3nc([C@@H]4[C@H]5C=C(c6ccc7c(cnn7C)c6)C[C@H]54)no3)c(=O)c21,CHEMBL5909466,7.695,7.54,7.85,0.21920310216782915,2,2020,2020,1,2
CBEQYPJASLPYCV-SVIJTADQSA-N,C[C@H]1[C@H](F)C[C@@H](C(=O)NCc2cc(-c3cnc(C(F)(F)F)nc3)ccn2)N1S(=O)(=O)c1ccc(F)cc1,CHEMBL4104134,6.95,6.95,6.95,,1,2018,2018,1,1
CBSZTXHMDYXAMD-UHFFFAOYSA-N,COCCCOc1cccc(C2NC(=S)NC3=C2C(=O)c2ccccc23)n1,CHEMBL3314484,6.01,6.01,6.01,,1,2014,2014,1,1
CBZINAVQQWCRAE-ZDUSSCGKSA-N,Cc1c(C(=O)NCC(F)F)sc2ncn(Cc3nc(C[C@H](O)c4ccc(Cl)cc4)no3)c(=O)c12,CHEMBL4859608,7.82,7.82,7.82,0.0,2,2021,2021,2,2
CCDZVVJMCCIMJK-NRFANRHFSA-N,CC(C)n1c(=O)c(CNC(=O)[C@@H]2CC(F)(F)CN2S(=O)(=O)c2cc3cc(F)ccc3o2)cn(-c2ccc(C(F)(F)F)cc2)c1=O,CHEMBL6011479,7.34,7.34,7.34,,1,2020,2020,1,1
CCKDABRNCXXPNF-VXGBXAGGSA-N,O[C@]1(C(F)(F)F)CCCC[C@H]1Nc1ccccc1,CHEMBL5426246,6.37,6.37,6.37,,1,2023,2023,1,1
CCUITVGIDVPEJI-UHFFFAOYSA-N,CCc1sc2c(c1CC(=O)Nc1nc(-c3ccc(C(F)(F)F)c(F)c3)cs1)c(=O)n(C)c(=O)n2C,CHEMBL3894956,7.78,7.78,7.78,,1,2015,2015,1,1
CCUWLJJJTXPUCI-HIFPTAJRSA-N,C[C@@H](C(=O)Nc1csc(-c2cnc(N3CC4CC4C3)nc2)n1)n1cnc2c1c(=O)n(CC(N)=O)c(=O)n2C,CHEMBL5829683,7.02,7.02,7.02,,1,2019,2019,1,1
CDIBRYDRWDNHKR-OFNKIYASSA-N,O=C(NCc1cc(-c2ccc(C(F)(F)F)cc2)ccc1F)[C@@H]1C[C@@H](F)CN1S(=O)(=O)c1ccc(F)cc1,CHEMBL5960015,8.3,8.3,8.3,,1,2022,2022,1,1
CDLPZSXOJZPUNZ-JOCHJYFZSA-N,N#C[C@@]1(C(=O)NCc2cc(-c3ccc(C(F)(F)F)nc3)ncn2)CCCN1S(=O)(=O)c1ccc(F)cc1,CHEMBL6062166,6.06,6.06,6.06,,1,2022,2022,1,1
CEDDKVSCQBMJRG-UHFFFAOYSA-N,Cn1c(=O)c2c(CC(=O)Nc3ccn(-c4cccc(C(F)(F)F)c4)n3)cccc2n(C)c1=O,CHEMBL3935604,7.23,7.23,7.23,,1,2015,2015,1,1
CEHXVBLLORENHV-LAQFHYBYSA-N,Cn1cnc2ncn(Cc3nc([C@H]4[C@@H]5CN(c6ccc7ncsc7c6)C[C@@H]54)no3)c(=O)c21,CHEMBL5949303,7.6,7.2,8.0,0.5656854249492382,2,2020,2020,1,2
CENSBZQZRLLDCL-JOCQHMNTSA-N,Cn1cnc2ncn(Cc3nc([C@H]4C[C@H](c5ccc(OC(F)F)cc5)C4)no3)c(=O)c21,CHEMBL5956832,6.85,6.85,6.85,,1,2020,2020,1,1
CEOUAXRSPKQSPT-LBPRGKRZSA-N,Cc1noc(Cn2c(=O)c3c(ncn3[C@@H](C)C(=O)Nc3ccnc(-c4cnc(C(F)(F)F)c(C)c4)n3)n(C)c2=O)n1,CHEMBL5898991,8.4,8.4,8.4,,1,2019,2019,1,1
CERUYKDYVULSDG-SJORKVTESA-N,O=C(NCc1cn(-c2ccc(C(F)(F)F)nc2)nc1C(F)(F)F)[C@@H]1CC[C@@H]1S(=O)(=O)c1ccc(F)cc1,CHEMBL5931223,7.38,7.38,7.38,0.0,2,2020,2020,1,1
CERUYKDYVULSDG-UHFFFAOYSA-N,O=C(NCc1cn(-c2ccc(C(F)(F)F)nc2)nc1C(F)(F)F)C1CCC1S(=O)(=O)c1ccc(F)cc1,CHEMBL5788146,6.88,6.72,7.04,0.2262741699796954,2,2020,2020,1,1
CGKGVIMZSQQQKI-MNZLEMJZSA-N,Cn1cnc2ncn(Cc3nc([C@H]4[C@@H]5CN(c6cc7ccccc7cn6)C[C@@H]54)no3)c(=O)c21,CHEMBL5956030,7.0649999999999995,7.04,7.09,0.03535533905932756,2,2020,2020,1,2
CHJNLJDLILUZCU-WMLDXEAASA-N,Cc1cncc2ncn(Cc3nc([C@@H]4CO[C@@H](c5ccc(F)cc5)C4)no3)c(=O)c12,CHEMBL5746517,8.445,7.97,8.92,0.6717514421272199,2,2020,2020,1,2
CHTXUMBCIKLCKW-GXTWGEPZSA-N,Cc1n[nH]c2ncn(Cc3nc([C@@H]4CO[C@@H](c5ccc(Cl)cc5)C4)no3)c(=O)c12,CHEMBL6003728,8.09,7.95,8.23,0.1979898987322338,2,2020,2020,1,2
CIACKZWBHIJWSD-UHFFFAOYSA-N,FC(F)(F)c1ccccc1-c1cc2cn[nH]c2cc1C1CC1,CHEMBL3298926,7.21,7.21,7.21,,1,2014,2014,1,1
CIKWLRYNURTNGX-AWEZNQCLSA-N,Cc1cc(Cn2c(=O)c3c(ncn3[C@@H](C)C(=O)Nc3cncc(-c4cnc(C(F)(F)F)c(C)c4)n3)n(C)c2=O)no1,CHEMBL5749102,8.1,8.1,8.1,,1,2019,2019,1,1
CISHPMUQLTYQDL-UHFFFAOYSA-N,CC(C)(C)c1ccccc1-c1ccc2[nH]ncc2c1,CHEMBL3298241,5.47,5.47,5.47,,1,2014,2014,1,1
CIYDGMDZVSRZAF-RRFJBIMHSA-N,Cn1cnc2ncn(Cc3nn([C@@H]4C[C@@H](F)[C@@H](c5ccc(Cl)cc5)C4)c(=O)o3)c(=O)c21,CHEMBL6051649,7.36,7.36,7.36,,1,2021,2021,1,1
CJIFGBJDSODVOU-JTQLQIEISA-N,C[C@@H](C(=O)Nc1csc(-c2ccc(Cl)c(Cl)c2)n1)n1cnc2c1c(=O)n(CC#N)c(=O)n2C,CHEMBL5794855,9.0,9.0,9.0,,1,2019,2019,1,1
CKQMTXLABQTGQB-DHZHZOJOSA-N,COc1ccc(/C=C/C(=O)Nc2ccccc2C(=O)O)cc1,CHEMBL1079664,4.91,4.9,4.92,0.014142135623730649,2,2019,2019,1,1
CLALAOKNVZYDNB-HALDLXJZSA-N,Cn1cnc2ncn(Cc3nc([C@H]4[C@@H]5CN(c6ccccc6C#N)C[C@@H]54)no3)c(=O)c21,CHEMBL6021662,6.9,6.8,7.0,0.1414213562373093,2,2020,2020,1,2
CLCRTUFFZNMHLS-LBPRGKRZSA-N,Cc1c(C(N)=O)sc2ncn(Cc3nnn(C[C@H](O)c4cc5cc(F)ccc5o4)n3)c(=O)c12,CHEMBL5816259,7.6,7.6,7.6,,1,2023,2023,1,1
CLDTYDWCLGHBRJ-UHFFFAOYSA-N,Fc1ccc(Nc2n[nH]c3c(OC(F)(F)F)cccc23)cc1F,CHEMBL4061022,5.92,5.92,5.92,,1,2017,2017,1,1
CLZKMFVTJPNWFB-VQFNDLOPSA-N,O=c1c2cccnc2ncn1Cc1nc([C@H]2[C@@H]3CN(c4cccc(F)c4)C[C@@H]32)no1,CHEMBL6031616,8.02,7.98,8.06,0.05656854249492448,2,2020,2020,1,2
CMKRUJONJACVHU-JOCHJYFZSA-N,O=C(NCc1cc(-c2ccc(C(F)(F)F)nc2)ncn1)[C@]1(CO)CCCN1S(=O)(=O)c1ccc(F)cc1,CHEMBL5925329,6.55,6.55,6.55,,1,2022,2022,1,1
CMMHGQMDAWNUJF-NNUKFRKNSA-N,O=c1c2cccnc2ncn1Cc1nc([C@H]2C[C@H](Oc3cccc(F)c3)C2)no1,CHEMBL5901772,6.74,6.63,6.85,0.15556349186103996,2,2020,2020,1,2
CMPQQCSDOGJLLR-JOCHJYFZSA-N,O=C(NCc1cc(-c2ccc(C(F)(F)F)nc2)ncn1)[C@]1(C(F)F)CCCN1S(=O)(=O)c1ccc(F)cc1,CHEMBL5891287,7.54,7.54,7.54,,1,2022,2022,1,1
CMQWFYBXZLEOMA-FQEVSTJZSA-N,CC1(C)CC[C@@H](C(=O)NCc2cc(-c3ccc(C(F)(F)F)nc3)ncn2)N1S(=O)(=O)c1ccc(F)cc1,CHEMBL5980242,6.42,6.42,6.42,,1,2022,2022,1,1
CNBMUGGIAWLNKG-SHTZXODSSA-N,Cc1ccnc2ncn(Cc3nc([C@H]4C[C@H](c5ccc(OC(F)(F)F)cc5)C4)no3)c(=O)c12,CHEMBL5754794,7.2,7.2,7.2,,1,2020,2020,1,1
CNMIUCDUEVFNKU-QHCPKHFHSA-N,Cc1ccc2oc(S(=O)(=O)N3CCC[C@H]3C(=O)NCc3cn(-c4ccc(C(F)(F)F)cc4)c(=O)n(C(C)C)c3=O)cc2c1,CHEMBL5871576,6.38,6.38,6.38,,1,2020,2020,1,1
CNXACZHZGCZDBO-UHFFFAOYSA-N,Cn1cnc2ncn(Cc3nn(CCc4ccc(Cl)cc4F)c(=O)o3)c(=O)c21,CHEMBL5855877,6.31,6.31,6.31,,1,2021,2021,1,1
CNYDIRYGXDXINR-GCJKJVERSA-N,O=C(NCc1cc(-c2ccc(C(F)(F)F)cn2)ccc1F)[C@@H]1C[C@@H](F)CN1S(=O)(=O)c1ccc(F)cc1,CHEMBL5838629,7.96,7.96,7.96,,1,2022,2022,1,1
COEDYLGJVZYSIH-JTQLQIEISA-N,Cc1ncc(-c2nc(NC(=O)[C@H](C)n3cnc4c3c(=O)n(CC(F)(F)F)c(=O)n4C)cs2)cc1C(F)(F)F,CHEMBL5782754,7.66,7.66,7.66,,1,2019,2019,1,1
COUSNIYNXWRIMA-WQGACYEGSA-N,Cn1cnc2ncn(Cc3nc([C@H]4[C@@H]5C=C(c6cc(F)c(F)c(F)c6)C[C@@H]54)no3)c(=O)c21,CHEMBL5786064,8.265,7.83,8.7,0.5022947341949736,4,2020,2020,1,2
COWHGJLKSFLNRB-QLPKVWCKSA-N,Cn1cnc2ncn(Cc3nc([C@H]4[C@@H]5CN(c6ccc(C#N)cc6)C[C@@H]54)no3)c(=O)c21,CHEMBL6028569,7.725,7.56,7.89,0.23334523779156074,2,2020,2020,1,2
COWJGGFKTKTZOT-XJKSGUPXSA-N,Cn1cnc2ccn(Cc3nc([C@@H]4CO[C@@H](c5ccc(Cl)cc5)C4)no3)c(=O)c21,CHEMBL5952117,8.945,8.51,9.38,0.615182899632297,2,2020,2020,1,2
CPOOXCQPULFHNM-YABSGUDNSA-N,Cn1nnc2ncn(Cc3nc([C@H]4[C@@H]5CN(c6cc(Cl)ccn6)C[C@@H]54)no3)c(=O)c21,CHEMBL6015216,7.245,7.13,7.36,0.16263455967290624,2,2020,2020,1,2
CPVYDKXZLWVTEE-GXFFZTMASA-N,Nc1nn2ncc(Cl)c2c(=O)n1Cc1nc([C@@H]2CO[C@@H](c3ccc(F)cc3)C2)no1,CHEMBL5912945,7.715,7.25,8.18,0.657609306503489,2,2020,2020,1,2
CQGSBWGNKKNJCP-RYRKJORJSA-N,Cn1cnc2ncn(Cc3nc([C@H]4[C@@H]5C=C(c6ccc(C#N)cc6)C[C@@H]54)no3)c(=O)c21,CHEMBL6034788,7.92,7.66,8.18,0.3676955262170044,2,2020,2020,1,2
CQQRVWPXVJWBRU-UHFFFAOYSA-N,Cn1cnc2ncn(Cc3noc(CCc4ccc(Cl)cc4)n3)c(=O)c21,CHEMBL3785390,6.68,6.68,6.68,,1,2016,2016,1,1
CRANEYHZXMLJBS-SWLSCSKDSA-N,Cn1cnc2c(C#N)nn(Cc3nc([C@@H]4CO[C@@H](c5ccc(Cl)cc5)C4)no3)c(=O)c21,CHEMBL5976955,8.32,8.13,8.51,0.2687005768508874,2,2020,2020,1,2
CRMCPZOEWQJMFS-LBPRGKRZSA-N,Cn1cnc2ncn(Cc3nn(C[C@H](F)c4ccc(OC(F)(F)F)cc4)c(=O)o3)c(=O)c21,CHEMBL5795787,7.72,7.72,7.72,,1,2021,2021,1,1
CRVXZKHWEUVJFA-ZDUSSCGKSA-N,Cc1ccc([C@@H](O)Cn2nnc(Cn3cnc4oc(C(N)=O)c(C)c4c3=O)n2)cc1,CHEMBL6026591,7.68,7.68,7.68,,1,2023,2023,1,1
CSKJIIXTWHNKSV-UHFFFAOYSA-N,CCCNc1cc(NC(=O)c2ccccc2)cc(C(F)(F)F)c1,CHEMBL3311184,6.7,6.7,6.7,,1,2014,2014,1,1
CSUMASYLFZPZKR-VFNWGFHPSA-N,O=C(NCc1cc(-c2ccc(C(F)(F)F)cc2)ncn1)[C@@H]1C[C@@H](F)CN1S(=O)(=O)c1ccc(F)c(F)c1,CHEMBL5814964,7.43,7.34,7.52,0.12727922061357835,2,2022,2022,1,1
CSWZSXQZBCOVSJ-FQEVSTJZSA-N,Cn1c(=O)n(Cc2ccccn2)c(=O)c2c1ncn2CC(=O)Nc1cccc(-c2cnc(N3CCC[C@H]3C(F)(F)F)nc2)n1,CHEMBL5872230,8.7,8.7,8.7,,1,2019,2019,1,1
CTVDAKKIBPDSKS-HNNXBMFYSA-N,Cc1cc(Cn2c(=O)c3c(ncn3[C@@H](C)C(=O)Nc3cccc(-c4cnc(C)c(C(F)(F)F)c4)n3)n(C)c2=O)no1,CHEMBL5929322,9.0,9.0,9.0,,1,2019,2019,1,1
CUODMWHGYJSPRF-XJKSGUPXSA-N,O=c1c2cccnc2ncn1Cc1nc([C@@H]2CO[C@@H](c3ccc(F)cc3)C2)no1,CHEMBL5934054,7.029999999999999,6.97,7.09,0.0848528137423861,2,2020,2020,1,2
CUXROWBZAXBRIM-UHFFFAOYSA-N,CC(C)N(CC(=O)NCc1cccc(C2CC2)c1)S(=O)(=O)c1ccc(F)cc1,CHEMBL5972523,6.0,6.0,6.0,,1,2017,2017,1,1
CVQHMRPOOCQEKI-OOHWJJMZSA-N,CC#CCn1c(=O)c2c(ncn2[C@@H](C)C(=O)Nc2csc(-c3ccc(N4CC5C(C4)C5(F)F)nc3)n2)n(C)c1=O,CHEMBL6009944,9.0,9.0,9.0,,1,2019,2019,1,1
CWCODCHAQNOYLW-QFIPXVFZSA-N,CC(C)n1c(=O)c(CNC(=O)[C@@H]2CCCN2S(=O)(=O)c2cc3ccccc3o2)cn(-c2ccc(F)cc2)c1=O,CHEMBL5837775,6.62,6.62,6.62,,1,2020,2020,1,1
CXKWWEBSUNFLIN-UTKZUKDTSA-N,O=C(NCc1cc(-c2ccc(C(F)F)cc2)ncn1)[C@@H]1C[C@@H](F)CN1S(=O)(=O)c1ccc(F)cc1,CHEMBL5946528,6.5,6.5,6.5,,1,2022,2022,1,1
CXQKCYMIGNQZOZ-UHFFFAOYSA-N,Cn1cnc2c(C#N)nn(Cc3nc(CCc4ccc(Cl)cc4)no3)c2c1=O,CHEMBL6053904,7.58,7.58,7.58,,1,2021,2021,1,1
CYNMROYWBACHTQ-XLIONFOSSA-N,O=C(NCc1cc(F)cc(-n2cc(C(F)(F)F)cn2)c1)[C@@H]1C[C@@H](F)CN1S(=O)(=O)c1ccc(F)cc1,CHEMBL5863445,6.92,6.92,6.92,,1,2022,2022,1,1
CYQZMMUPORHDSC-MRXNPFEDSA-N,Cc1cc(S(=O)(=O)N2CC(F)(F)C[C@@H]2c2ccc(F)cc2)cc(C)c1F,CHEMBL3753942,7.64,7.64,7.64,,1,2016,2016,1,1
CYWFSLKYTRCPPA-MQMHXKEQSA-N,Cn1cnc2ncn(Cc3nn([C@H]4C[C@H](c5ccc(Cl)cc5)C4)c(=O)o3)c(=O)c21,CHEMBL4865298,7.75,7.55,8.13,0.25579940057266254,4,2021,2021,2,2
CZLHDEMBLZTFGA-UMYLGFLZSA-N,CCC(=N\O)/C(C)=C/c1ccsc1,CHEMBL1085944,5.88,5.88,5.88,0.0,2,2010,2017,2,2
CZSWXNBPJXPCFZ-GGYDESQDSA-N,Cc1ccnc2ncn(Cc3nn([C@H]4C[C@](F)(c5cccc(F)c5)C4)c(=O)o3)c(=O)c12,CHEMBL5926714,7.39,7.39,7.39,,1,2021,2021,1,1
CZWUSKMGGLHRBH-AWEZNQCLSA-N,CC(=O)Cn1c(=O)c2c(ncn2[C@@H](C)C(=O)Nc2cccc(-c3cnc(C)c(C(F)(F)F)c3)n2)n(C)c1=O,CHEMBL6004144,8.3,8.3,8.3,,1,2019,2019,1,1
DBXCRZFXGYPTQJ-WCQYABFASA-N,Cn1cnc2nnn(Cc3nc([C@@H]4CO[C@@H](c5ccc(Cl)cc5)C4)no3)c(=O)c21,CHEMBL5895814,7.734999999999999,7.51,7.96,0.3181980515339468,2,2020,2020,1,2
DBZDCJRBMOZLQI-FUHWJXTLSA-N,Cc1cc(S(=O)(=O)N2[C@H](CO)CC[C@@H]2c2ccc(F)cc2)cc(C)c1F,CHEMBL3753909,7.2,7.2,7.2,,1,2016,2016,1,1
DCHZOOHTNLONBI-CMPLNLGQSA-N,Cn1nnc2nc(N)n(Cc3nc([C@@H]4CO[C@@H](c5ccc(Cl)cc5)C4)no3)c(=O)c21,CHEMBL5969034,8.235,7.79,8.68,0.6293250352560273,2,2020,2020,1,2
DCIRNJZMAVZAQG-OOHWJJMZSA-N,COCC(=O)Cn1c(=O)c2c(ncn2[C@@H](C)C(=O)Nc2cccc(-c3cnc(N4CC5C(C4)C5(F)F)cn3)n2)n(C)c1=O,CHEMBL5973426,8.15,8.15,8.15,,1,2019,2019,1,1
DCVSFXIYOAFCQQ-ZHRRBRCNSA-N,COc1nn(-c2ccc(C(F)(F)F)nc2)cc1CNC(=O)[C@]1(C)C[C@@H](F)CN1S(=O)(=O)c1ccc(F)cc1,CHEMBL5993004,8.05,8.05,8.05,,1,2022,2022,1,1
DDBRUPZDWAODIC-AEFFLSMTSA-N,O=C(NCc1cc(-c2cnc(C(F)(F)F)nc2)cnc1F)[C@@H]1C[C@@H](F)CN1S(=O)(=O)c1ccc(F)cc1,CHEMBL5913737,6.68,6.68,6.68,,1,2022,2022,1,1
DDCBCYZFOVRVBY-UHFFFAOYSA-N,Cn1c(=O)c2c(CC(=O)Nc3nc(-c4cc(Cl)c(OCC(F)(F)F)c(Cl)c4)cs3)coc2n(C)c1=O,CHEMBL3976535,8.84,8.84,8.84,,1,2015,2015,1,1
DEEKSQRKTYEQAN-QWHZDKJVSA-N,O=c1c2cccnc2ncn1Cc1nc([C@H]2[C@@H]3CN(c4ccc5ncsc5c4)C[C@@H]32)no1,CHEMBL6058047,7.845000000000001,7.62,8.07,0.3181980515339462,2,2020,2020,1,2
DEGUDXJXTJSIFF-GOSISDBHSA-N,CCCC(C)(C)C(=O)NC[C@@H](Cc1ccccc1)N1CCC(O)(C(F)(F)F)CC1,CHEMBL4211095,7.15,7.15,7.15,,1,2016,2016,1,1
DEGUDXJXTJSIFF-SFHVURJKSA-N,CCCC(C)(C)C(=O)NC[C@H](Cc1ccccc1)N1CCC(O)(C(F)(F)F)CC1,CHEMBL4216061,5.77,5.77,5.77,,1,2016,2016,1,1
DEMKZLAVQYISIA-ZRWXNEIDSA-N,O=C1C[C@@H](c2ccc(O[C@@H]3O[C@H](CO)[C@@H](O)[C@H](O)[C@H]3O)cc2)Oc2cc(O)ccc21,CHEMBL511995,4.79,4.79,4.79,,1,2023,2023,1,1
DEOVWIPKRDTVPC-GTPINHCMSA-N,COCC(=O)Cn1c(=O)c2c(ncn2[C@@H](C)C(=O)Nc2cccc(-c3cnc(N4CC5CC5C4)cn3)n2)n(C)c1=O,CHEMBL5780709,8.15,8.15,8.15,,1,2019,2019,1,1
DEQOZQHMWLHJLS-UWVAXJGDSA-N,CN(C)C(=O)CNc1nc2ncn(Cc3nc([C@H]4[C@@H]5C=C(c6ccccc6)C[C@@H]54)no3)c(=O)c2n1C,CHEMBL5872653,7.37,7.16,7.58,0.2969848480983499,2,2020,2020,1,2
DFRRLTYRSAJCPA-UHFFFAOYSA-N,CC(CO)C(C)Cc1ccc(F)cc1,CHEMBL5593584,5.95,5.95,5.95,,1,2024,2024,1,1
DGUJPXZEBMKLMM-LBPRGKRZSA-N,Cc1oc2ncn(Cc3nnn(C[C@H](O)c4cc5ccccc5o4)n3)c(=O)c2c1C(N)=O,CHEMBL5843670,7.58,7.58,7.58,,1,2023,2023,1,1
DHGRAFMYKRWRSJ-VYDXJSESSA-N,Cn1cnc2ncn(Cc3nc([C@H]4[C@@H]5C=C(c6ccc(F)cc6)C[C@@H]54)no3)c(=O)c21,CHEMBL5785596,8.325,8.13,8.52,0.27577164466275333,2,2020,2020,1,2
DHGRAFMYKRWRSJ-ZMSDIMECSA-N,Cn1cnc2ncn(Cc3nc([C@@H]4[C@H]5C=C(c6ccc(F)cc6)C[C@H]54)no3)c(=O)c21,CHEMBL6040138,8.04,7.96,8.12,0.1131370849898474,2,2020,2020,1,2
DHGUOHDVYXFMFQ-IYARVYRRSA-N,Cc1ccnc2ncn(Cc3nn([C@H]4C[C@H](c5ccc6ncccc6c5)C4)c(=O)o3)c(=O)c12,CHEMBL6024036,7.9,7.9,7.9,,1,2021,2021,1,1
DIAYDLRDYDEHDA-XJKSGUPXSA-N,Cn1c(=O)ccc2ncn(Cc3nc([C@@H]4CO[C@@H](c5ccc(Cl)cc5)C4)no3)c(=O)c21,CHEMBL5785195,7.845,7.84,7.85,0.007071067811865324,2,2020,2020,1,2
DIIQAMTUZXBVMZ-BTYIYWSLSA-N,COc1nn(-c2ccc(C(F)(F)F)cc2)cc1CNC(=O)[C@@H]1C[C@@H](C#N)CN1S(=O)(=O)c1ccc(F)cc1,CHEMBL5807552,6.78,6.78,6.78,,1,2022,2022,1,1
DIRMTWBVAUKNIW-UHFFFAOYSA-N,Cc1nc(Cn2c(=O)c3c(ncn3CC(=O)Nc3csc(-c4cnc(C(F)(F)F)c(C)c4)n3)n(C)c2=O)no1,CHEMBL5978862,7.7,7.7,7.7,,1,2019,2019,1,1
DJDKJQHFJXTIKP-UHFFFAOYSA-N,Cc1oc2c(c1CC(=O)Nc1nc(-c3ccc(Cl)c(C(F)(F)F)c3)cs1)c(=O)n(C)c(=O)n2C,CHEMBL3927494,8.5,8.5,8.5,,1,2015,2015,1,1
DJJSNCWPZMUIPG-UHFFFAOYSA-N,Cc1ccc(CC2C(C)(C)CCCC2(O)C(F)(F)F)cc1,CHEMBL5419068,5.9,5.9,5.9,,1,2023,2023,1,1
DJYLSUHLHQFDOE-UHFFFAOYSA-N,COc1ccc2c(Oc3ccc(F)cc3F)nccc2c1,CHEMBL3298211,5.89,5.89,5.89,,1,2014,2014,1,1
DKBGJIILYWWMRH-UHFFFAOYSA-N,COc1ccc2c(Oc3ccc(F)cc3F)ncnc2c1,CHEMBL3297780,5.52,5.52,5.52,,1,2014,2014,1,1
DKIMBNVMKUFBST-WMLDXEAASA-N,Cc1cc(S(=O)(=O)N2[C@H](CO)CC[C@@H]2c2ccc(F)cc2)cc(Cl)c1F,CHEMBL3754449,6.89,6.89,6.89,,1,2016,2016,1,1
DKKPQUFSNQFNET-UHFFFAOYSA-N,CC(C)C(NC(=O)c1ccccc1)C(=O)c1ccc(Br)cc1,CHEMBL2071495,5.5,5.1,5.9,0.5656854249492386,2,2012,2012,1,2
DKSDOKBELUNFIE-BJHJDKERSA-N,Cn1cnc2ncn(Cc3nc([C@H]4C[C@@H](C(F)(F)c5cccc(F)c5)C4)no3)c(=O)c21,CHEMBL6063332,8.11,7.96,8.26,0.21213203435596445,2,2020,2020,1,2
DKUIXNVMCXZCKN-UHFFFAOYSA-N,Cn1c(=O)n(Cc2ccccn2)c(=O)c2c1ncn2CC(=O)Nc1cccc(-c2ccc(F)c(F)c2)n1,CHEMBL5769806,7.13,7.13,7.13,,1,2019,2019,1,1
DLPWZGVQCLYDHO-UHFFFAOYSA-N,Cc1cc(Cn2c(=O)c3c(ncn3CC(=O)Nc3cccc(N4CC5CC5C4)n3)n(C)c2=O)no1,CHEMBL5812116,7.21,7.21,7.21,,1,2019,2019,1,1
DLXGKTWQOPDGDA-KWUMSVIQSA-N,O=c1c2cccnc2ncn1Cc1nc([C@H]2C[C@](O)(c3ccc(Cl)cc3)C2)no1,CHEMBL5833018,6.58,6.58,6.58,,1,2020,2020,1,1
DMBRCJACORWWAQ-DEOSSOPVSA-N,CC(C)n1cc(-c2ccc(C(F)(F)F)cc2)cc(CNC(=O)[C@@H]2CCCN2S(=O)(=O)c2cc3ccccc3o2)c1=O,CHEMBL5884485,7.1,7.1,7.1,,1,2020,2020,1,1
DMLDAUYAJBPNMF-VLIAUNLRSA-N,O=C(NCc1cc(-c2cnc(C(F)(F)F)c(F)c2)c(F)cn1)[C@@H]1C[C@@H](F)CN1S(=O)(=O)c1ccc(F)cc1,CHEMBL5925221,7.4,7.4,7.4,,1,2022,2022,1,1
DMVJOYDROMTHSO-NRFANRHFSA-N,CCn1c(=O)c(CNC(=O)[C@@H]2CCCN2S(=O)(=O)c2cc3cc(F)ccc3o2)cn(-c2ccc(C(F)(F)F)cc2)c1=O,CHEMBL5768707,7.96,7.96,7.96,,1,2020,2020,1,1
DMXZZBZXDMPWMC-VKTMSVCMSA-N,CCC(=N\O)/C(C)=C/c1ccncc1,CHEMBL1084372,5.07,5.07,5.07,0.0,2,2010,2017,2,2
DNGBHFGCHWZAEK-JOCQHMNTSA-N,Cn1cnc2ncn(Cc3nc([C@H]4C[C@H](c5cccc(F)c5)C4)no3)c(=O)c21,CHEMBL5959308,7.08,7.08,7.08,,1,2020,2020,1,1
DNTIPHKVCXUYRM-UHFFFAOYSA-N,O=C(NC(Sc1ccc(Cl)cc1)C(Cl)(Cl)Cl)c1ccc([N+](=O)[O-])cc1,CHEMBL1086587,6.995,6.78,7.46,0.28709754439911167,4,2010,2023,2,4
DNUUOBAPXDXADD-HYEYJGRESA-N,C[C@H]1[C@@H]2[C@H](CN1c1cccc(Cl)c1)[C@H]2c1noc(Cn2cnc3ncn(C)c3c2=O)n1,CHEMBL5872131,6.47,6.47,6.47,,1,2020,2020,1,1
DOAZWVGOKGVJJR-FOLVSLTJSA-N,Cn1cnc2ncn(Cc3nc([C@H]4[C@@H]5CN(c6cccc(C(F)(F)F)c6)C[C@@H]54)no3)c(=O)c21,CHEMBL5853460,7.28,7.28,7.28,,1,2020,2020,1,1
DOBJBFNRWRRVBT-FHERZECASA-N,CC(=O)Cn1c(=O)c2c(ncn2[C@@H](C)C(=O)Nc2cncc(-c3cnc(N4CC5CC5C4)nc3)n2)n(C)c1=O,CHEMBL5914822,8.15,8.15,8.15,,1,2019,2019,1,1
DOCJPRPOCLIJRE-YJYMSZOUSA-N,O=C(NCc1cc(-c2cnc(C(F)(F)F)cn2)c(F)cn1)[C@@H]1C[C@@H](F)CN1S(=O)(=O)c1ccc(F)cc1,CHEMBL5926872,7.18,7.18,7.18,,1,2022,2022,1,1
DPAOKPJHCRBSPQ-UHFFFAOYSA-N,CC(C)N(CC(=O)NCc1cccc(N2CCCC2)c1)S(=O)(=O)c1ccc(F)cc1,CHEMBL5798801,6.05,6.05,6.05,,1,2017,2017,1,1
DPIVYZZBFLLVQT-UHFFFAOYSA-N,O=C1C2=C(NC(=S)NC2c2cccc(OCCCCO)c2)c2ccccc21,CHEMBL1939833,7.16,7.16,7.16,,1,2012,2012,1,1
DPYKKSMHTFGSEZ-OOHWJJMZSA-N,CC(=O)Cn1c(=O)c2c(ncn2[C@@H](C)C(=O)Nc2csc(-c3ccc(N4CC5CC5C4)nc3)n2)n(C)c1=O,CHEMBL5826288,8.7,8.7,8.7,,1,2019,2019,1,1
DQMKDVUGJCOEFB-DZFIZOCASA-N,Cn1cnc2ncn(Cc3nc([C@H]4[C@@H]5CN(c6ccc7ccncc7c6)C[C@@H]54)no3)c(=O)c21,CHEMBL5831072,7.16,7.16,7.16,,1,2020,2020,1,1
DRBIJLJBIZNBSI-OAHLLOKOSA-N,COc1cccc([C@H]2NC(=S)NC3=C2C(=O)c2ccccc23)c1,CHEMBL1939828,7.12,7.12,7.12,,1,2012,2012,1,1
DRBIJLJBIZNBSI-UHFFFAOYSA-N,COc1cccc(C2NC(=S)NC3=C2C(=O)c2ccccc23)c1,CHEMBL1939978,6.89,5.82,6.89,0.6177647880328994,3,2012,2012,2,3
DRMGHQKJRKRAAE-UHFFFAOYSA-N,N#Cc1ccc(CC(CNC(=O)C2(c3ccc(Cl)cc3)CCCC2)N2CCC(O)(C(F)(F)F)CC2)cc1,CHEMBL3954796,7.2,7.2,7.2,,1,2016,2016,1,1
DTFHZFACWKUJPZ-JOCQHMNTSA-N,Cn1cnc2ncn(Cc3nc([C@H]4C[C@H](C(=O)c5cccc(Cl)c5)C4)no3)c(=O)c21,CHEMBL5991506,7.0600000000000005,6.93,7.19,0.1838477631085025,2,2020,2020,1,2
DTPJIPPQGPABTK-LBPRGKRZSA-N,Cc1c(C(N)=O)sc2ncn(Cc3nnn(C[C@H](O)c4ccc(Cl)cc4)n3)c(=O)c12,CHEMBL5781657,7.96,7.96,7.96,,1,2023,2023,1,1
DTVXBNDIMDRBBV-GOSISDBHSA-N,COCCCOc1cccc([C@H]2NC(=S)NC3=C2C(=O)c2ccccc23)c1,CHEMBL1939826,7.734999999999999,7.58,7.89,0.21920310216782915,2,2012,2014,2,2
DTVXBNDIMDRBBV-UHFFFAOYSA-N,COCCCOc1cccc(C2NC(=S)NC3=C2C(=O)c2ccccc23)c1,CHEMBL1939972,7.52,7.3,8.25,0.49729267036625396,3,2012,2015,3,3
DTXASEKLDRHEQO-UHFFFAOYSA-N,Cn1c(=O)c2c(ccn2CC(=O)Nc2nc(-c3ccc(F)c(C(F)(F)F)c3)cs2)n(C)c1=O,CHEMBL1946120,5.89,5.89,5.89,,1,2012,2012,1,1
DUAGJPVKZYTJQM-LBPRGKRZSA-N,CCC(=O)Cn1c(=O)c2c(ncn2[C@@H](C)C(=O)Nc2csc(-c3cnc(C)c(Cl)c3)n2)n(C)c1=O,CHEMBL5818964,8.52,8.52,8.52,,1,2019,2019,1,1
DUDGVTZIXWMUJM-OOHWJJMZSA-N,C[C@@H](C(=O)Nc1cccc(-c2ccc(N3CC4C(C3)C4(F)F)nc2)n1)n1cnc2c1c(=O)n(CC#N)c(=O)n2C,CHEMBL5951532,8.7,8.7,8.7,,1,2019,2019,1,1
DUKDOQAYUAMVIA-QJLMEOIESA-N,O=C(NCc1cc([C@H]2CC[C@@H](C(F)(F)F)CC2)ncn1)[C@@H]1C[C@@H](F)CN1S(=O)(=O)c1ccc(F)cc1,CHEMBL5997536,6.51,6.51,6.51,,1,2022,2022,1,1
DUKDOQAYUAMVIA-SZUSHISOSA-N,O=C(NCc1cc([C@H]2CC[C@H](C(F)(F)F)CC2)ncn1)[C@@H]1C[C@@H](F)CN1S(=O)(=O)c1ccc(F)cc1,CHEMBL5774901,7.505,7.47,7.54,0.049497474683058526,2,2022,2022,1,1
DVSUUDQPYLXSED-IPVJXJPOSA-N,Cc1ccnc2ncn(Cc3nc([C@H]4C[C@](O)(c5cccc(Cl)c5)C4)no3)c(=O)c12,CHEMBL5823474,7.24,7.24,7.24,,1,2020,2020,1,1
DWAWIOKCMZJXGY-ZWKOTPCHSA-N,Cn1cnc2ncn(Cc3nc([C@@H]4CO[C@@H](c5ccc6ccccc6c5)C4)no3)c(=O)c21,CHEMBL5954309,8.504999999999999,8.39,8.62,0.1626345596729056,2,2020,2020,1,2
DWKWEXOFAGHGPU-PKOBYXMFSA-N,Cc1nc(N2CCN(C)CC2)n2ncn(Cc3nc([C@@H]4CO[C@@H](c5ccc(Cl)cc5)C4)no3)c(=O)c12,CHEMBL5834598,6.77,6.77,6.77,,1,2020,2020,1,1
DWKWGYFSYUEEDC-MXVIHJGJSA-N,Cc1ccnc2ncn(Cc3nc([C@H]4C[C@H](c5ccc6ccccc6c5)C4)no3)c(=O)c12,CHEMBL5741964,7.41,7.41,7.41,,1,2020,2020,1,1
DWZFXFKEACEOBD-UHFFFAOYSA-N,CCNc1cc(NC(=O)c2c(F)cccc2F)cc(C(F)(F)F)c1,CHEMBL3311192,7.13,7.13,7.13,,1,2014,2014,1,1
DXPDEFAQERXWLM-QHCPKHFHSA-N,CC(C)n1cc(CNC(=O)[C@@H]2CCCN2S(=O)(=O)c2cc3ccccc3o2)cc(-c2ccc(C(F)(F)F)cn2)c1=O,CHEMBL5882747,6.96,6.96,6.96,,1,2020,2020,1,1
DXPVSKMQMRRVIF-HSBZDZAISA-N,C[C@@H](C(=O)Nc1csc(-c2cnc(N3CC4CC4C3)nc2)n1)n1cnc2c1c(=O)n(CCC(F)(F)F)c(=O)n2C,CHEMBL5811991,6.43,6.43,6.43,,1,2019,2019,1,1
DXWIIDPZTZPYBU-SMDDNHRTSA-N,Cn1nncc1C(=O)NCc1nc([C@@H]2CO[C@@H](c3ccc(Cl)cc3)C2)no1,CHEMBL5932139,7.135,6.96,7.31,0.24748737341529137,2,2020,2020,1,2
DZCRSQJSUHVSNU-AWEZNQCLSA-N,C[C@@H](C(=O)Nc1cccc(-c2cnc(C(F)(F)F)nc2)n1)n1cnc2c1c(=O)n(Cc1ccccn1)c(=O)n2C,CHEMBL5874200,7.41,7.41,7.41,,1,2019,2019,1,1
DZQZOUCQQZZXDZ-QLPKVWCKSA-N,Cn1cnc2ncn(Cc3nc([C@H]4[C@@H]5CN(c6cc(F)cc(C#N)c6)C[C@@H]54)no3)c(=O)c21,CHEMBL5979844,7.2,7.0,7.4,0.2828427124746193,2,2020,2020,1,2
DZUUKSOAPLTGHW-UHFFFAOYSA-N,O=C1C2=C(NC(=S)NC2c2cccc(OCc3cccnc3)c2)c2ccccc21,CHEMBL3314485,6.15,6.15,6.15,,1,2014,2014,1,1
DZWTVPLPFLUECS-UHFFFAOYSA-N,CC(C)N(CC(=O)NCc1cc(N2CCC(F)(F)CC2)ncn1)S(=O)(=O)c1ccc(F)cc1,CHEMBL5955252,5.52,5.52,5.52,,1,2017,2017,1,1
DZZBEGYUYXZHDF-HKUYNNGSSA-N,O=C(NCc1ccnc(-c2cnc(C(F)(F)F)nc2)c1)[C@@H]1[C@@H](F)CCN1S(=O)(=O)c1ccc(F)cc1,CHEMBL5930181,7.12,7.12,7.12,,1,2022,2022,1,1
FATUHOJCYPAYKH-UHFFFAOYSA-N,Cc1oc2c(c1CC(=O)Nc1nc(-c3ccc(OCC(F)(F)F)c(Cl)c3)cs1)c(=O)n(C)c(=O)n2C,CHEMBL3922771,8.28,8.28,8.28,,1,2015,2015,1,1
FBSZSRPGDWDHLD-UHFFFAOYSA-N,CCC(=O)Cn1c(=O)c2c(ncn2CC(=O)Nc2csc(-c3cnc(C(F)(F)F)c(C)c3)n2)n(C)c1=O,CHEMBL5930525,8.22,8.22,8.22,,1,2019,2019,1,1
FCFCSZPQFJTENQ-MQMHXKEQSA-N,Cn1cnc2ncn(Cc3nn([C@H]4C[C@H](c5cccc(Cl)c5)C4)c(=O)o3)c(=O)c21,CHEMBL5938119,7.36,7.36,7.36,,1,2021,2021,1,1
FCMUQGQOHDDBSQ-SUMWQHHRSA-N,O=c1c2c(ncn1Cc1nc([C@@H]3CO[C@@H](c4ccc(Cl)cc4)C3)no1)CNCC2,CHEMBL5775087,7.66,7.66,7.66,,1,2020,2020,1,1
FCOSPAMFCZKOMI-AWEZNQCLSA-N,Cc1ccc([C@@H](O)Cn2nnc(Cn3cnc4sc5c(c4c3=O)CCNC5=O)n2)cc1,CHEMBL6037822,7.85,7.85,7.85,,1,2023,2023,1,1
FCSBJUCLEMSROM-BEFAXECRSA-N,O=C(NCc1cc(-c2cnc(C(F)(F)F)cn2)ccn1)[C@@H]1C[C@@H](F)CN1S(=O)(=O)c1ccc(F)cc1,CHEMBL5910523,6.72,6.72,6.72,,1,2022,2022,1,1
FEDQIVSBCTYUSF-BUTPEJBISA-N,NC1=NC=CC2C(=O)N(Cc3nc([C@@H]4CO[C@@H](c5ccc(Cl)cc5)C4)no3)C=NC12,CHEMBL6017309,7.175000000000001,7.11,7.24,0.09192388155425078,2,2020,2020,1,2
FELFYFLOCBXASZ-UHFFFAOYSA-N,Cn1cnc2ncn(Cc3nc(CC(O)c4ccc(Cl)cc4)no3)c(=O)c21,CHEMBL5815220,7.44,7.44,7.44,,1,2021,2021,1,1
FFKHUSNRDZTBEK-UHFFFAOYSA-N,Fc1ccc2[nH]c(-c3n[nH]c4cc(OC(F)(F)F)cnc34)cc2c1,CHEMBL4091459,7.04,7.04,7.04,,1,2017,2017,1,1
FFLBKZQHVGBNKP-UHFFFAOYSA-N,Cn1c(=O)c2c(CC(=O)Nc3nc(-c4ccc(C(F)(F)F)c(F)c4)cs3)c(Cl)oc2n(C)c1=O,CHEMBL3958126,8.3,8.3,8.3,,1,2015,2015,1,1
FGQHVSVCWJXATK-UHFFFAOYSA-N,COCCNC(=O)c1ccc2c(-c3ccc(C#N)cc3)n[nH]c2c1,CHEMBL4075615,5.57,5.57,5.57,,1,2017,2017,1,1
FHTOBCAUNVYQCW-UTKZUKDTSA-N,N#Cc1nn(-c2ccc(C(F)(F)F)cc2)cc1CNC(=O)[C@@H]1C[C@@H](F)CN1S(=O)(=O)c1ccc(F)cc1,CHEMBL5855830,7.22,7.22,7.22,,1,2022,2022,1,1
FIBJEOLUMVIRIT-DZGCQCFKSA-N,Cc1nc2ncn(C)c2c(=O)n1Cc1nc([C@@H]2CO[C@@H](c3ccc(Cl)cc3)C2)no1,CHEMBL5940975,8.21,8.03,8.41,0.2137755832643199,4,2020,2020,1,2
FICCUPYHHFFCIM-JXMROGBWSA-N,O=C(/C=C/c1ccc(Cl)cc1)Nc1ccccc1C(=O)O,CHEMBL4456015,5.4,5.4,5.4,0.0,2,2019,2019,1,1
FJBYXALKFQSAGN-APWZRJJASA-N,COc1cnc(-c2cnc(C(F)(F)F)nc2)cc1CNC(=O)[C@@H]1C[C@@H](F)CN1S(=O)(=O)c1ccc(F)cc1,CHEMBL5981962,6.87,6.87,6.87,,1,2022,2022,1,1
FJEQNXSKGGBBDD-UHFFFAOYSA-N,CCCNc1cc(NC(=O)c2ccc(F)cc2)cc(C(F)(F)F)c1,CHEMBL3311188,5.85,5.85,5.85,,1,2014,2014,1,1
FJNRQRRMZBASMG-GXTWGEPZSA-N,Cc1ncn2nc(N)n(Cc3nc([C@@H]4CO[C@@H](c5ccc(Cl)cc5)C4)no3)c(=O)c12,CHEMBL5812137,7.595,6.85,8.34,1.053589103967956,2,2020,2020,1,2
FJUZYWBVQVHTJI-SWLSCSKDSA-N,O=c1c2ccnnc2ncn1Cc1nc([C@@H]2CO[C@@H](c3ccc(F)cc3)C2)no1,CHEMBL6040725,7.095,7.05,7.14,0.06363961030678918,2,2020,2020,1,2
FKCJHLWKMWRKBM-LBPRGKRZSA-N,Cc1c(C(N)=O)oc2ncn(Cc3nnn(C[C@H](O)c4cc5ccccc5s4)n3)c(=O)c12,CHEMBL5170316,8.0,8.0,8.0,0.0,2,2022,2023,2,2
FLIQYUIVRAOUGB-FUHWJXTLSA-N,Cc1nc(N2CC(CN)C2)n2ncn(Cc3nc([C@@H]4CO[C@@H](c5ccc(Cl)cc5)C4)no3)c(=O)c12,CHEMBL6029127,6.75,6.75,6.75,,1,2020,2020,1,1
FLNSDZHQQBHXMR-UHFFFAOYSA-N,CC1(C)CCCC(O)(C(F)(F)F)C1Cc1ccc(F)cc1F,CHEMBL5436224,6.0,6.0,6.0,,1,2023,2023,1,1
FLQOKJWUYDGZIT-VAWYXSNFSA-N,COc1ccccc1/C=C/c1ccccc1,CHEMBL2387062,5.77,5.77,5.77,,1,2017,2017,1,1
FMAWUSSXGHYEJS-ZBFHGGJFSA-N,COc1nn(-c2cnc(C(F)(F)F)cn2)cc1CNC(=O)[C@@H]1C[C@@H](F)CN1S(=O)(=O)c1ccc(F)cc1,CHEMBL6042049,7.85,7.85,7.85,,1,2022,2022,1,1
FMIIIXHTXHNZIP-UHFFFAOYSA-N,Cn1c(=O)c2c(CC(=O)Nc3nc(-c4ccc(C(F)(F)F)c(F)c4)cs3)cccc2n(C)c1=O,CHEMBL3935137,7.87,7.87,7.87,,1,2015,2015,1,1
FMQCHWYYJNLQTD-BEFAXECRSA-N,O=C(NCc1cc(-c2ccc3c(c2)OC(F)(F)O3)ncn1)[C@@H]1C[C@@H](F)CN1S(=O)(=O)c1ccc(F)cc1,CHEMBL5975679,7.06,7.06,7.06,,1,2022,2022,1,1
FNDVNJLIBJSDBE-VMPITWQZSA-N,O=c1c2cccnc2ncn1Cc1noc(/C=C/c2ccc(Cl)cc2)n1,CHEMBL3787029,6.03,6.03,6.03,,1,2016,2016,1,1
FNJBEWJWLFLGLN-AWEZNQCLSA-N,Cc1cc(Cn2c(=O)c3c(ncn3[C@@H](C)C(=O)Nc3cncc(-c4cnc(C)c(Cl)c4)n3)n(C)c2=O)no1,CHEMBL5959078,7.96,7.96,7.96,,1,2019,2019,1,1
FNUDQAYJJRTSII-QLPKVWCKSA-N,COc1ccc(N2C[C@@H]3[C@H](C2)[C@H]3c2noc(Cn3cnc4ncn(C)c4c3=O)n2)cc1,CHEMBL6003086,7.32,7.32,7.32,,1,2020,2020,1,1
FOXGCOKYWRDUFO-LBPRGKRZSA-N,CNC(=O)c1sc2ncn(Cc3nc(C[C@H](O)c4ccc5c(c4)OCO5)no3)c(=O)c2c1C,CHEMBL4854825,7.11,7.11,7.11,0.0,2,2021,2021,2,2
FPDWPLLJKZDDGE-HSBZDZAISA-N,CNC(=O)Cn1c(=O)c2c(ncn2[C@@H](C)C(=O)Nc2csc(-c3cnc(N4CC5CC5C4)nc3)n2)n(C)c1=O,CHEMBL5934835,7.36,7.36,7.36,,1,2019,2019,1,1
FPMULNOOMRYVLW-UYHGDYIZSA-N,CCC(=N\O)/C(C)=C/c1cc(F)c(F)c(F)c1,CHEMBL3697715,5.33,5.33,5.33,,1,2015,2015,1,1
FPWZCPBCLPFHEF-UHFFFAOYSA-N,CC1NN(C)c2ncn(Cc3nnn(CCc4ccc(Cl)cc4)n3)c(=O)c21,CHEMBL5757346,6.44,6.44,6.44,,1,2023,2023,1,1
FQZNADCLVNIQIS-AWEZNQCLSA-N,Cc1cc(Cn2c(=O)c3c(ncn3[C@@H](C)C(=O)Nc3cccc(-c4cncc(C(F)(F)F)c4)n3)n(C)c2=O)no1,CHEMBL5788833,8.52,8.52,8.52,,1,2019,2019,1,1
FSWCDZMHVSTAIJ-UHFFFAOYSA-N,Cc1cc(Cn2c(=O)c3c(ncn3CC(=O)Nc3cccc(-c4ccc(C(F)(F)F)nc4)n3)n(C)c2=O)no1,CHEMBL5960495,7.6,7.6,7.6,,1,2019,2019,1,1
FTOLOGKZFWYVKF-GJYPPUQNSA-N,Nc1ccc2c(=O)n(Cc3nc([C@H]4[C@@H]5C=C(c6ccccc6)C[C@@H]54)no3)cnc2n1,CHEMBL6061542,8.129999999999999,7.98,8.28,0.21213203435596414,2,2020,2020,1,2
FTWYYMVJQQIIJU-HNNXBMFYSA-N,Cc1cc(Cn2c(=O)c3c(ncn3[C@@H](C)C(=O)Nc3cccc(-c4ccc(C(F)(F)F)cc4)n3)n(C)c2=O)no1,CHEMBL6022109,8.3,8.3,8.3,,1,2019,2019,1,1
FUKPSYBHXMJTPH-UHFFFAOYSA-N,Cc1noc(-c2ccccc2)c1C(=O)NC(C(=O)c1ccc(C#N)cc1)C(C)C,CHEMBL2071510,5.25,5.1,5.4,0.21213203435596475,2,2012,2012,1,2
FUWTZTWOKOCMSP-NPHXMPSESA-N,Cn1cc(-c2cccc(N3C[C@@H]4[C@H](C3)[C@H]4c3noc(Cn4ncc5ncccc5c4=O)n3)c2)cn1,CHEMBL5741223,7.38,7.37,7.39,0.014142135623730649,2,2020,2020,1,2
FVEVYUOVLKEWMT-YJYMSZOUSA-N,O=C(NCc1cc(-c2ccc(C(F)(F)F)nc2)ncn1)[C@@H]1C[C@@H](F)CN1S(=O)(=O)c1ccc(F)c(F)c1,CHEMBL6015925,6.93,6.9,6.96,0.04242640687119289,2,2022,2022,1,1
FVGOWAKUHJZKFK-GRTSSRMGSA-N,C[C@@H](C(=O)Nc1cncc(-c2cnc(N3CC4C(C3)C4(F)F)nc2)n1)n1cnc2c1c(=O)n(CC#N)c(=O)n2C,CHEMBL5959189,8.15,8.15,8.15,,1,2019,2019,1,1
FVVAJPFKOPGRKI-UHFFFAOYSA-N,Cn1cnc2ncn(Cc3nn(CCc4ccc(Br)cc4)c(=O)o3)c(=O)c21,CHEMBL5947600,7.36,7.36,7.36,,1,2021,2021,1,1
FVXQEVATGMMNBT-UHFFFAOYSA-N,O=C(NCc1cc(-c2cnc(C(F)(F)F)nc2)ncc1F)C1C2CC(CC2F)N1S(=O)(=O)c1ccc(F)cc1,CHEMBL5819721,6.81,6.81,6.81,,1,2022,2022,1,1
FWEQDPBXQWFBRT-UHFFFAOYSA-N,Cc1ccnc2ncn(Cc3nn(CCc4ccc(C#N)cc4)c(=O)o3)c(=O)c12,CHEMBL5782777,6.78,6.78,6.78,,1,2021,2021,1,1
FWYRYRIWMHHWCG-UHFFFAOYSA-N,O=c1c2cccnc2ncn1Cc1noc(CCc2ccc(Cl)cc2)n1,CHEMBL3787566,6.305,5.8,6.81,0.7141778489984129,2,2016,2016,1,2
FXNIYZIWBXBVOE-OZXSUGGESA-N,CC(C)n1cc(CNC(=O)[C@@H]2[C@@H](O)CCN2S(=O)(=O)c2cc3cc(F)ccc3o2)cc(-c2ccc(C(F)(F)F)cc2)c1=O,CHEMBL5804843,6.64,6.64,6.64,,1,2020,2020,1,1
FYADCMMDOVGCKC-UHFFFAOYSA-N,Cn1ccc2cc(CCn3nc(Cn4cnc5ncn(C)c5c4=O)oc3=O)ccc21,CHEMBL5962544,7.06,7.06,7.06,,1,2021,2021,1,1
FYEXAXFLKABKLW-XNWCZRBMSA-N,C/C(=C\Cc1ccc(F)cc1)CO,CHEMBL5589859,5.27,5.27,5.27,,1,2024,2024,1,1
FYHWPNBNIBLVRG-UHFFFAOYSA-N,Cn1c(=O)c2c(CC(=O)Nc3nc(-c4cc(Cl)ccc4F)cs3)cccc2n(C)c1=O,CHEMBL3911625,6.86,6.86,6.86,,1,2015,2015,1,1
FZPRJLYAQRPNJX-NZQKXSOJSA-N,C[C@@]1(F)C[C@@H](C(=O)NCc2cc(F)cc(-c3ccc(C(F)(F)F)nn3)c2)N(S(=O)(=O)c2ccc(F)cc2)C1,CHEMBL5746459,7.62,7.62,7.62,,1,2022,2022,1,1
FZWXVCHEVDMQEI-LBPRGKRZSA-N,CCC(=O)Cn1c(=O)c2c(ncn2[C@@H](C)C(=O)Nc2csc(-c3cnc(C)c(F)c3)n2)n(C)c1=O,CHEMBL5857696,7.92,7.92,7.92,,1,2019,2019,1,1
FZXALJROWDXSCO-JEYLPNPQSA-N,C[C@@H](C(=O)Nc1cccc(-c2cnc(N3CC4C(C3)C4(F)F)nc2)n1)n1cnc2c1c(=O)n(CC#N)c(=O)n2C,CHEMBL5786413,8.52,8.52,8.52,,1,2019,2019,1,1
FZZFOAXTJWRIME-UHFFFAOYSA-N,Cn1c(=O)c2c(CC(=O)Nc3nc(-c4ccc(F)c(OC(F)(F)F)c4)cs3)c(Cl)oc2n(C)c1=O,CHEMBL3945044,7.56,7.56,7.56,,1,2015,2015,1,1
GAFGPIYXBBLFJI-YKSBVNFPSA-N,O=C(NCc1cc(-c2ccc(C(F)(F)F)nc2)nc(-c2ccc(C(F)(F)F)nc2)c1)[C@@H]1C[C@@H](F)CN1S(=O)(=O)c1ccc(F)cc1,CHEMBL5944010,7.26,7.26,7.26,,1,2022,2022,1,1
GAJJEVVNFYSCQF-UHFFFAOYSA-N,Cn1c(=O)c2c(CC(=O)Nc3nc(-c4ccc(C(F)(F)F)cc4)cs3)cccc2n(C)c1=O,CHEMBL3902066,7.33,7.33,7.33,,1,2015,2015,1,1
GAQUJPITFFKFQG-AWEZNQCLSA-N,Cc1cc(Cn2c(=O)c3c(ncn3[C@@H](C)C(=O)Nc3ccnc(-c4cnc(C(F)(F)F)c(C)c4)n3)n(C)c2=O)no1,CHEMBL5745397,8.52,8.52,8.52,,1,2019,2019,1,1
GASNKOLBLYALAK-OSPHWJPCSA-N,COc1cnc(CNC(=O)[C@]2(C)C[C@@H](F)CN2S(=O)(=O)c2ccc(F)cc2)cc1-c1ccc(C(F)(F)F)nc1,CHEMBL5919198,6.79,6.79,6.79,,1,2022,2022,1,1
GBLKNVFTITUYJG-UHFFFAOYSA-N,Cn1c(=O)c2c(CC(=O)Nc3nc(-c4ccc(Cl)c(C(F)(F)F)c4)cs3)cccc2n(C)c1=O,CHEMBL3897467,7.32,7.32,7.32,,1,2015,2015,1,1
GBLOYKHDXVMKKU-HNNXBMFYSA-N,CC(C)n1c(=O)c(CNC(=O)[C@H](C)NS(=O)(=O)c2cc3cc(F)ccc3o2)cn(-c2ccc(C(F)(F)F)cc2)c1=O,CHEMBL5821202,7.38,7.38,7.38,,1,2020,2020,1,1
GBWICTTWLYIICR-UHFFFAOYSA-N,Cn1c(=O)c2c(CC(=O)Nc3nc(-c4ccc(I)cc4)cs3)cccc2n(C)c1=O,CHEMBL3948438,7.18,7.18,7.18,,1,2015,2015,1,1
GBZVFJQASGJXPD-UHFFFAOYSA-N,Cn1c(=O)n(C)c2c(=O)n(Cc3nc(CC(O)c4ccc(Cl)cc4)no3)cnc21,CHEMBL5899412,7.17,7.17,7.17,,1,2021,2021,1,1
GCDVMFHLUVNJID-NFOMZHRRSA-N,COCCn1c(=O)c2c(ncn2[C@@H](C)C(=O)Nc2csc(-c3cnc(N4CC5CC5C4)nc3)n2)n(C)c1=O,CHEMBL5859921,6.57,6.57,6.57,,1,2019,2019,1,1
GCIFQXCKLWKXPI-UHFFFAOYSA-N,Fc1cccc(-c2ccc3[nH]ncc3c2)c1C(F)(F)F,CHEMBL3298246,5.05,5.05,5.05,,1,2014,2014,1,1
GDCSGNPQQSANAH-UHFFFAOYSA-N,CC(C)C(NC(=O)c1cc(Cl)ccc1C(F)(F)F)C(=O)c1ccc(C#N)cc1,CHEMBL2071507,6.45,6.4,6.5,0.0707106781186545,2,2012,2012,1,2
GDGPROVRKWVGIM-UHFFFAOYSA-N,Cc1oc2c(c1CC(=O)Nc1nc(-c3ccc(C(F)(F)F)cc3F)cs1)c(=O)n(C)c(=O)n2C,CHEMBL3920106,8.18,8.18,8.18,,1,2015,2015,1,1
GDJFZHALVYTABE-UHFFFAOYSA-N,Cc1nc(C)n2ncn(Cc3nc(CC(O)c4ccc(Cl)cc4)no3)c(=O)c12,CHEMBL5838104,7.46,7.46,7.46,,1,2021,2021,1,1
GDLXALGRTUYOFU-ZDUSSCGKSA-N,Cc1ccc([C@@H](O)Cn2nnc(Cn3cnc4sc(C(N)=O)c(C)c4c3=O)n2)cc1,CHEMBL5942880,7.68,7.68,7.68,,1,2023,2023,1,1
GDMOZMAHCFBQEV-VIFPVBQESA-N,CNC(=O)c1sc2ncn(Cc3nnn(C[C@H](O)c4ccc(Cl)s4)n3)c(=O)c2c1C,CHEMBL5823575,7.43,7.43,7.43,,1,2023,2023,1,1
GEKOFPRPTQXTLH-MNZLEMJZSA-N,Cn1cnc2ncn(Cc3nc([C@H]4[C@@H]5CN(c6ccc7ncccc7c6)C[C@@H]54)no3)c(=O)c21,CHEMBL5949546,6.78,6.78,6.78,,1,2020,2020,1,1
GFHCUBYZXBYPMA-LBPRGKRZSA-N,Cc1c(C(N)=O)sc2ncn(Cc3nnn(C[C@H](O)c4ccc(F)c(F)c4)n3)c(=O)c12,CHEMBL5909702,7.13,7.13,7.13,,1,2023,2023,1,1
GFRTYOMOOHPBGT-WCQYABFASA-N,Cn1c(=O)oc2ncn(Cc3nc([C@@H]4CO[C@@H](c5ccc(Cl)cc5)C4)no3)c(=O)c21,CHEMBL5896296,8.469999999999999,8.2,8.74,0.381837661840737,2,2020,2020,1,2
GFSKJMFCKOFCET-XOBRGWDASA-N,C[C@H]1CC[C@@H](C(=O)NCc2ccnc(-c3cnc(C(F)(F)F)nc3)c2)N1S(=O)(=O)c1ccc(F)cc1,CHEMBL5835103,8.4,8.4,8.4,,1,2022,2022,1,1
GFYUYCDYLQUHQA-UHFFFAOYSA-N,Cc1cc(-c2cccc(NC(=O)Cn3cnc4c3c(=O)n(Cc3ccon3)c(=O)n4C)n2)cnc1C(F)(F)F,CHEMBL6032130,7.72,7.72,7.72,,1,2019,2019,1,1
GGDWDBYUQOQOCY-HALDLXJZSA-N,Cn1cnc2ncn(Cc3nc([C@H]4[C@@H]5CN(c6ccc(C#N)c(Cl)c6)C[C@@H]54)no3)c(=O)c21,CHEMBL5985433,7.4399999999999995,7.2,7.68,0.33941125496954283,2,2020,2020,1,2
GGEXZZTTYULMGE-NWDGAFQWSA-N,O[C@]1(C(F)(F)F)CCCC[C@H]1Cc1ccncc1,CHEMBL5424148,6.14,6.14,6.14,,1,2023,2023,1,1
GGKRJWBWIAZWQO-GOEBONIOSA-N,Cc1ccnc2ncn(Cc3nc([C@@H]4CO[C@@H](c5ccc(Cl)cc5)C4)no3)c(=O)c12,CHEMBL5952658,7.975,7.16,9.14,0.9927864825832393,4,2020,2020,1,2
GGMKYOGJIQCBEX-CHWSQXEVSA-N,Cn1nnc2ncn(Cc3nc([C@@H]4CC[C@@H](c5ccc(F)cc5)C4)no3)c(=O)c21,CHEMBL5897594,7.375,7.36,7.39,0.021213203435595972,2,2020,2020,1,2
GGXOOEKRZGSFIG-RXVVDRJESA-N,O=C(NCc1cc(F)cc(-c2cnc(C(F)(F)F)cn2)c1)[C@@H]1[C@@H](F)CCN1S(=O)(=O)c1ccc(F)cc1,CHEMBL5754611,8.4,8.4,8.4,,1,2022,2022,1,1
GHKCXTRPFPXNAI-YMHHLACNSA-N,O=C(NCc1cc(N2C3CCC2CC(C(F)(F)F)C3)c(F)cn1)[C@@H]1C[C@@H](F)CN1S(=O)(=O)c1ccc(F)cc1,CHEMBL5943879,6.13,6.13,6.13,,1,2022,2022,1,1
GHLWCNVHSZFICN-UTKZUKDTSA-N,CNc1nc(CNC(=O)[C@@H]2C[C@@H](F)CN2S(=O)(=O)c2ccc(F)cc2)cc(-c2ccc(C(F)(F)F)cc2)n1,CHEMBL5840662,6.89,6.89,6.89,,1,2022,2022,1,1
GINMVHRTUVVUGZ-VXGBXAGGSA-N,O[C@]1(C(F)(F)F)CCCC[C@H]1Nc1ccc(Cl)c(Cl)c1,CHEMBL5422541,7.39,7.39,7.39,,1,2023,2023,1,1
GKDOVEFNAJGSJG-ATCWAGBWSA-N,Cn1cnc2ncn(Cc3nc([C@H]4[C@@H]5CN(c6ccc(Cl)cc6F)C[C@@H]54)no3)c(=O)c21,CHEMBL5761362,7.9750000000000005,7.82,8.13,0.2192031021678301,2,2020,2020,1,2
GKIQKSVZYXCZPE-GXTWGEPZSA-N,Cc1nc(Cl)n2ncn(Cc3nc([C@@H]4CO[C@@H](c5ccc(Cl)cc5)C4)no3)c(=O)c12,CHEMBL5747812,7.89,7.89,7.89,,1,2020,2020,1,1
GKJBGRQPKPMAEN-ZDUSSCGKSA-N,Cc1noc(Cn2c(=O)c3c(ncn3[C@@H](C)C(=O)Nc3cccc(-c4cnc(C)c(C(F)(F)F)c4)n3)n(C)c2=O)n1,CHEMBL5769052,8.52,8.52,8.52,,1,2019,2019,1,1
GKKQZEPQVLEGEB-SFHVURJKSA-N,O=C(NCc1cn(-c2ccc(C(F)(F)F)cc2)nc1Cl)[C@@H]1CCN1S(=O)(=O)c1ccc(F)cc1,CHEMBL5971236,7.82,7.82,7.82,,1,2022,2022,1,1
GKROVECUBNNFBQ-WEHONNDLSA-N,Cc1ccnc2ncn(Cc3nn([C@H]4C[C@@](F)(c5ccc(C(F)(F)F)cc5)C4)c(=O)o3)c(=O)c12,CHEMBL5766397,7.24,7.24,7.24,,1,2021,2021,1,1
GKTBXBKXQXNSTC-UHFFFAOYSA-N,CCCNc1cc(NC(=O)c2ccc(F)c(F)c2)cc(C(F)(F)F)c1,CHEMBL3311189,5.92,5.92,5.92,,1,2014,2014,1,1
GLDSELZUQFTHCX-UZLBHIALSA-N,Cc1nc(CNC(=O)[C@@H]2C[C@@H](F)CN2S(=O)(=O)c2ccc(F)cc2)cc(-c2ccc(C(F)(F)F)nc2)n1,CHEMBL5895656,6.925,6.79,7.06,0.19091883092036754,2,2022,2022,1,1
GLTMCNDGYKDTAQ-UHFFFAOYSA-N,Cc1oc2c(c1CC(=O)Nc1nc(-c3ccc(Cl)c(OC(F)(F)F)c3)cs1)c(=O)n(C)c(=O)n2C,CHEMBL3932546,8.04,8.04,8.04,,1,2015,2015,1,1
GLVKYOVHEGVODM-IYARVYRRSA-N,Cn1cnc2ncn(Cc3nc([C@H]4C[C@H](c5ccc6ccccc6c5)C4)no3)c(=O)c21,CHEMBL5744019,7.24,7.24,7.24,,1,2020,2020,1,1
GLYGZIVKLCTOTJ-PGMBSLALSA-N,CCC(/C=C/c1ccc(F)cc1)=N\O,CHEMBL3697713,5.02,5.02,5.02,,1,2015,2015,1,1
GMDDHFLYGBSDDB-KDOFPFPSSA-N,O=C(NCc1cc(-c2cnc(C(F)(F)F)nc2)ncn1)[C@@H]1C[C@@H](F)CN1S(=O)(=O)c1ccc(F)cc1,CHEMBL5850003,6.6,6.6,6.6,,1,2022,2022,1,1
GMHGSZNLCIEWAB-UHFFFAOYSA-N,CC(C)(C)Nc1c(-c2cccc(F)c2)nc2ccc(C(F)(F)F)cn12,CHEMBL3917423,5.88,5.88,5.88,,1,2016,2016,1,1
GMKXACFKVYHBLC-YRNVUSSQSA-N,C/C(=C\c1nc(Cn2cnc3ncn(C)c3c2=O)no1)c1ccc(Cl)cc1,CHEMBL3786010,6.78,6.78,6.78,,1,2016,2016,1,1
GMRLSGZVVKNZDY-UHFFFAOYSA-N,CC(C)N(C1(C(=O)NCc2cc(-c3ccc(C(F)(F)F)nc3)ncn2)CC1)S(=O)(=O)c1ccc(F)cc1,CHEMBL5759706,7.54,7.54,7.54,,1,2017,2017,1,1
GMVVWDBILLJHLA-FPOVZHCZSA-N,O=C(NCc1cc(-c2ccc(OC(F)(F)F)cc2)ncn1)[C@@H]1[C@@H](F)CCN1S(=O)(=O)c1ccc(F)cc1,CHEMBL5784868,8.15,8.15,8.15,,1,2022,2022,1,1
GMWFVFPCPWVMFQ-UHFFFAOYSA-N,O=C(NCC(Cc1ccccc1)N1CCC(O)(C(F)(F)F)CC1)C1(c2ccc(F)cc2)CCCCC1,CHEMBL3982480,8.4,8.4,8.4,,1,2016,2016,1,1
GNCGEPOTGKGMLT-KNQAVFIVSA-N,COCCOc1cc(-c2ccc(C(F)(F)F)nc2)cc(CNC(=O)[C@@H]2C[C@@H](F)CN2S(=O)(=O)c2ccc(F)cc2)n1,CHEMBL5868532,7.05,7.05,7.05,,1,2022,2022,1,1
GNHMXTAFCQXTQG-UHFFFAOYSA-N,CC(C)c1ccccc1-c1ccc2[nH]ncc2c1,CHEMBL3298240,6.29,6.29,6.29,,1,2014,2014,1,1
GNNUMLYAKUEIDE-LDTOLXSISA-N,O=c1c2cccnc2ncn1Cc1nn([C@H]2C[C@](F)(c3ccc(Cl)cc3)C2)c(=O)o1,CHEMBL5944119,7.78,7.78,7.78,,1,2021,2021,1,1
GNPIZTIQDCGSLH-ZDUSSCGKSA-N,O=C1NCCc2c1sc1ncn(Cc3nnn(C[C@H](O)c4cc5cc(F)ccc5o4)n3)c(=O)c21,CHEMBL5895713,7.51,7.51,7.51,,1,2023,2023,1,1
GNRKNCPNDKATCH-UHFFFAOYSA-N,Cn1c(=O)c2c(CC(=O)Nc3nc(-c4ccc(OC(F)(F)F)c(F)c4)cs3)cccc2n(C)c1=O,CHEMBL3964272,7.94,7.94,7.94,,1,2015,2015,1,1
GNTSRCHLMHYOEA-UHFFFAOYSA-N,Cn1c(=O)n(Cc2ccccn2)c(=O)c2c1ncn2CC(=O)Nc1csc(-c2ccc(Cl)cc2)n1,CHEMBL5759146,7.77,7.77,7.77,,1,2019,2019,1,1
GNYBHKXPQGYGCV-UHFFFAOYSA-N,FC(F)(F)c1ccc2c(Nc3ccc(Cl)nc3)n[nH]c2c1,CHEMBL4093377,5.93,5.6,6.26,0.4666904755831215,2,2017,2017,1,2
GPSBTMRQCOOVOX-CVDCTZTESA-N,CC(C)n1c(=O)c(CNC(=O)[C@@H]2[C@@H](O)CCN2S(=O)(=O)c2cc3cc(F)ccc3o2)cn(-c2ccc(C(F)(F)F)nc2)c1=O,CHEMBL5833781,6.42,6.42,6.42,,1,2020,2020,1,1
GPYFHTOHAHTGAG-MOFZMDFASA-N,C[C@H]1[C@H](F)C[C@@H](C(=O)NCc2cc(-c3cnc(C(F)(F)F)cn3)ncn2)N1S(=O)(=O)c1ccc(F)cc1,CHEMBL4066447,6.74,6.74,6.74,,1,2018,2018,1,1
GQPDGZDVPWDQGV-ZDUSSCGKSA-N,CC(=O)Cn1c(=O)c2c(ncn2[C@@H](C)C(=O)Nc2cncc(-c3cnc(C)c(C(F)(F)F)c3)n2)n(C)c1=O,CHEMBL6062133,8.1,8.1,8.1,,1,2019,2019,1,1
GRUKRNSLJWUNIQ-GTPINHCMSA-N,COCC(=O)Cn1c(=O)c2c(ncn2[C@@H](C)C(=O)Nc2cccc(-c3cnc(N4CC5CC5C4)nc3)n2)n(C)c1=O,CHEMBL5955133,8.15,8.15,8.15,,1,2019,2019,1,1
GRXVMTIZBKWHSB-NFOMZHRRSA-N,CCC(=O)Cn1c(=O)c2c(ncn2[C@@H](C)C(=O)Nc2csc(-c3cnc(N4CC5CC5C4)nc3)n2)n(C)c1=O,CHEMBL5809370,8.76,8.52,9.0,0.3394112549695431,2,2019,2019,1,1
GRYCSQXMCQAXTH-KRWDZBQOSA-N,CC(=O)Cn1c(=O)c2c(ncn2CC(=O)Nc2cccc(-c3cnc(N4CCC[C@H]4C(F)(F)F)nc3)n2)n(C)c1=O,CHEMBL5975317,8.52,8.52,8.52,,1,2019,2019,1,1
GSFZIJJFUIHXEU-NSHDSACASA-N,CCC(=O)Cn1c(=O)c2c(ncn2[C@@H](C)C(=O)Nc2csc(-c3ccc(Cl)c(Cl)c3)n2)n(C)c1=O,CHEMBL5780817,9.0,9.0,9.0,,1,2019,2019,1,1
GSUUYDCJJHXRLU-ATCWAGBWSA-N,Cn1cnc2ncn(Cc3nc([C@H]4[C@@H]5CN(c6ccc(Cl)c(Cl)c6)C[C@@H]54)no3)c(=O)c21,CHEMBL6053710,7.19,7.19,7.19,,1,2020,2020,1,1
GTLRVPQNDNSVIG-VQFNDLOPSA-N,O=c1c2cccnc2ncn1Cc1nc([C@H]2[C@@H]3CN(c4ccccc4)C[C@@H]32)no1,CHEMBL5850839,7.76,7.7,7.82,0.0848528137423861,2,2020,2020,1,2
GUGRIVXZTJXLBP-AWEZNQCLSA-N,O=c1c2cccnc2ncn1Cc1nn(C[C@H](F)c2ccc(OC(F)F)cc2)c(=O)o1,CHEMBL5790786,7.3,7.3,7.3,,1,2021,2021,1,1
GUXDRJQXNCINLK-UHFFFAOYSA-N,Cn1c(=O)c2c(CC(=O)Nc3nc(-c4ccc(C(F)(F)F)c(F)c4)cs3)coc2n(C)c1=O,CHEMBL3920880,7.75,7.75,7.75,,1,2015,2015,1,1
GVAKPHBSBCNTNG-KBXCAEBGSA-N,CN1CCc2c(ncn(Cc3nc([C@@H]4CO[C@@H](c5ccc(Cl)cc5)C4)no3)c2=O)C1,CHEMBL5891906,5.96,5.57,6.35,0.5515432893255067,2,2020,2020,1,2
GVDCWIWNLLLASC-IERDGZPVSA-N,O=C(NCc1cc(N2CCC3(CC2)CC3(F)F)c(F)cn1)[C@@H]1C[C@@H](F)CN1S(=O)(=O)c1ccc(F)cc1,CHEMBL5979860,7.85,7.85,7.85,,1,2022,2022,1,1
GVDZPSKDMZOKOZ-UHFFFAOYSA-N,Cn1ncc2ncn(Cc3nc(CCc4ccc(Cl)cc4)no3)c(=O)c21,CHEMBL3786037,7.28,7.28,7.28,,1,2016,2016,1,1
GVIGRYHNIIYCLZ-FOLVSLTJSA-N,Cn1cnc2ncn(Cc3nc([C@H]4[C@@H]5CN(c6ccc(Cl)cc6)C[C@@H]54)no3)c(=O)c21,CHEMBL5801630,7.69,7.69,7.69,,1,2020,2020,1,1
GVIRLSFIPFVKML-HZAYCCFMSA-N,CC(C)(C)[C@H]1CC[C@H](C(=O)NCC(Cc2ccccc2)N2CCC(O)(C(F)(F)F)CC2)CC1,CHEMBL4204105,7.0,7.0,7.0,,1,2016,2016,1,1
GVMNKKDSUMTDFH-TZOAMJEDSA-N,CCCC(/C=C/c1ccc(F)cc1)=N\O,CHEMBL3697712,5.23,5.23,5.23,,1,2015,2015,1,1
GWJPNUWHPLJRLG-IPVJXJPOSA-N,Cc1ccnc2ncn(Cc3nc([C@H]4C[C@](F)(c5ccc(Cl)cc5)C4)no3)c(=O)c12,CHEMBL5933408,7.54,7.54,7.54,,1,2020,2020,1,1
GWVOHTDFXQAICX-UHFFFAOYSA-N,CC(=O)Cn1c(=O)c2c(nc(C)n2CC(=O)Nc2cccc(-c3cnc(C(F)(F)F)cn3)n2)n(C)c1=O,CHEMBL5859891,7.21,7.21,7.21,,1,2019,2019,1,1
GXEZRQFMWXWZKX-UHFFFAOYSA-N,Cc1noc(Cn2c(=O)c3c(ncn3CC(=O)Nc3csc(-c4cnc(C)c(C(F)(F)F)c4)n3)n(C)c2=O)n1,CHEMBL5789639,9.0,9.0,9.0,,1,2019,2019,1,1
GXQZEMNKUGZVBX-SMDDNHRTSA-N,Cn1cnc2ncn(Cc3nc([C@@H]4CO[C@@H](c5cc(F)cc(F)c5)C4)no3)c(=O)c21,CHEMBL6001322,7.375,7.2,7.55,0.24748737341529137,2,2020,2020,1,2
GXYVIPVHFLYGMR-RXVVDRJESA-N,O=C(NCc1cc(-c2ccc(C(F)(F)F)c(F)c2)ncn1)[C@@H]1[C@@H](F)CCN1S(=O)(=O)c1ccc(F)cc1,CHEMBL5999508,7.85,7.85,7.85,,1,2022,2022,1,1
GXZJAPWOZROTCB-UHFFFAOYSA-N,Cc1oc2c(c1CC(=O)Nc1nc(-c3cc(F)c(OCC(C)(C)C)c(F)c3)cs1)c(=O)n(C)c(=O)n2C,CHEMBL3904770,8.44,8.44,8.44,,1,2015,2015,1,1
GYHYZGTVOXUSCN-UHFFFAOYSA-N,Cc1nc(C)n2ncn(Cc3nn(CCc4ccc(Cl)cc4)c(=O)o3)c(=O)c12,CHEMBL5975142,6.58,6.58,6.58,,1,2021,2021,1,1
GYNDNTOIPROUCH-FPSMJMQUSA-N,C[C@@H]1[C@@H](C(=O)NCc2cc(-c3ccc(C(F)(F)F)nc3)ncn2)N(S(=O)(=O)c2ccc(F)cc2)C[C@@H]1F,CHEMBL5959815,6.55,6.55,6.55,,1,2022,2022,1,1
GZDAMVHUKQMRSK-UHFFFAOYSA-N,Cc1c(=O)n(Cc2ccccc2)c(=O)n2cc(C(=O)N3CCC(c4ccccc4F)CC3)sc12,CHEMBL3220453,6.4,6.4,6.4,,1,2012,2012,1,1
GZRIVVUNKOLQTE-VXGBXAGGSA-N,O[C@]1(C(F)(F)F)CCCC[C@H]1Nc1ccc(Cl)cc1,CHEMBL5394758,7.77,7.77,7.77,,1,2023,2023,1,1
HABYZPQFFRMXCH-UHFFFAOYSA-N,Cn1cnc2ncn(Cc3nn(CCc4ccc(Cl)cc4)c(=O)o3)c(=O)c21,CHEMBL5805790,7.02,7.02,7.02,,1,2021,2021,1,1
HAVHLCLATHNKIR-HDJSIYSDSA-N,Cn1cnc2ncn(Cc3nc([C@H]4C[C@H](c5ccccc5)C4)no3)c(=O)c21,CHEMBL5828929,6.65,6.65,6.65,,1,2020,2020,1,1
HBBABCXLFVDQFV-KOMQPUFPSA-N,Cc1ccnc2ncn(Cc3nn([C@H]4C[C@H](c5ccc(F)cc5)C4)c(=O)o3)c(=O)c12,CHEMBL6005929,8.24,8.24,8.24,,1,2021,2021,1,1
HBHIXBYCEAGRAO-UHFFFAOYSA-N,Cn1c(=O)c2c(CC(=O)Nc3nc(-c4ccc(F)c(C(F)(F)F)c4F)cs3)cccc2n(C)c1=O,CHEMBL3943177,7.76,7.76,7.76,,1,2015,2015,1,1
HBNRHCPABDWPQN-YEORSEQZSA-N,Cn1cnc2ncn(Cc3nc([C@H]4C[C@H](Oc5cccc(F)c5)C4)no3)c(=O)c21,CHEMBL5947766,7.61,7.61,7.61,,1,2020,2020,1,1
HBROHCUKWVIOIZ-XVDXERDNSA-N,Cn1cnc2ncn(Cc3nn([C@H]4C[C@](F)(c5ccc(Cl)cc5)C4)c(=O)o3)c(=O)c21,CHEMBL5780362,7.19,7.19,7.19,,1,2021,2021,1,1
HDWOPDWWFVTQFQ-CVEARBPZSA-N,O=C(Cc1cn(-c2cnc(C(F)(F)F)nc2)nc1C(F)(F)F)N[C@@H]1CC[C@@H]1S(=O)(=O)c1ccc(F)cc1,CHEMBL5742797,8.1,8.1,8.1,0.0,2,2020,2020,1,1
HEEMVJMUZDPBFI-UHFFFAOYSA-N,Cc1cnc(C#N)c2ncn(Cc3nn(CCc4ccc(Cl)cc4)c(=O)o3)c(=O)c12,CHEMBL5771716,7.75,7.75,7.75,,1,2021,2021,1,1
HEJBGQMISSCROI-KWUMSVIQSA-N,O=c1c2cccnc2cnn1Cc1nc([C@H]2C[C@](F)(c3ccc(Cl)cc3)C2)no1,CHEMBL5927746,7.115,7.0,7.23,0.16263455967290624,2,2020,2020,1,2
HENUOPIBZLPYCJ-LBPRGKRZSA-N,Cc1c(C(N)=O)sc2ncn(Cc3nnn(C[C@H](O)c4cc5ccccc5s4)n3)c(=O)c12,CHEMBL5993359,8.15,8.15,8.15,,1,2023,2023,1,1
HEQDZPHDVAOBLN-UHFFFAOYSA-N,CC(C)c1ccc(NC(=O)Cn2cnc3c2c(=O)n(C)c(=O)n3C)cc1,CHEMBL1086310,5.21,4.75,5.75,0.29322833618676264,15,2010,2019,7,14
HEUHRRGJNWTVSE-XLIONFOSSA-N,Cc1cc(CNC(=O)[C@@H]2C[C@@H](F)CN2S(=O)(=O)c2ccc(F)cc2)cc(-c2cnc(C(F)(F)F)nc2)n1,CHEMBL6043336,7.33,7.33,7.33,,1,2022,2022,1,1
HFBMXPXAVUATGY-UHFFFAOYSA-N,O=C(CN(c1ccc(F)cc1)S(=O)(=O)c1ccc(F)cc1)NCc1cc(-c2ccc(C(F)(F)F)nc2)ncn1,CHEMBL5956845,8.05,8.05,8.05,,1,2017,2017,1,1
HFJZCGUXBLVWRY-QFIPXVFZSA-N,C[C@@]1(C(=O)NCc2cc(-c3ccc(C(F)(F)F)cn3)ncn2)CCCN1S(=O)(=O)c1ccc(F)cc1,CHEMBL5903265,6.57,6.57,6.57,,1,2022,2022,1,1
HFOXGYXSDJIWDB-XLIONFOSSA-N,O=C(NCc1cc(-c2ccc(C(F)(F)F)nc2)ncc1Cl)[C@@H]1CC[C@@H]1S(=O)(=O)c1ccc(F)cc1,CHEMBL6007194,6.85,6.85,6.85,,1,2020,2020,1,1
HFTZDURZNKGJNR-UHFFFAOYSA-N,Cc1oc2c(c1CC(=O)Nc1nc(-c3cc(Cl)c(OCC(C)C)c(Cl)c3)cs1)c(=O)n(C)c(=O)n2C,CHEMBL3920312,8.48,8.48,8.48,,1,2015,2015,1,1
HFXXGXZWVDFVPZ-UHFFFAOYSA-N,Cc1oc2c(c1CC(=O)Nc1nc(-c3cccc(C(F)(F)F)c3F)cs1)c(=O)n(C)c(=O)n2C,CHEMBL3944579,7.87,7.87,7.87,,1,2015,2015,1,1
HGDUOYYDKBPRCV-TUIFFPIZSA-N,C[C@H]1[C@H](F)C[C@@H](C(=O)NCc2cc(-c3cnc(C(F)(F)F)nc3)ncc2F)N1S(=O)(=O)c1ccc(F)cc1,CHEMBL4092287,8.09,8.08,8.1,0.014142135623730649,2,2018,2021,2,2
HGFRMZTUAVGPGZ-VGSWGCGISA-N,O=C(NCc1cc(N2CCC3(CC2)CC3)c(F)cn1)[C@@H]1C[C@@H](F)CN1S(=O)(=O)c1ccc(F)cc1,CHEMBL5821689,7.0,7.0,7.0,,1,2022,2022,1,1
HGJRJRKZFZNQMJ-UHFFFAOYSA-N,Cn1c(=O)c2c(CC(=O)Nc3nc(-c4ccc(OC(F)(F)F)c(Cl)c4)cs3)nsc2n(C)c1=O,CHEMBL3892326,8.2,8.2,8.2,,1,2015,2015,1,1
HGJWNQHCAHMKIG-ZMSDIMECSA-N,CNc1nc2ncn(Cc3nc([C@@H]4[C@H]5C=C(c6ccccc6)C[C@H]54)no3)c(=O)c2n1C,CHEMBL5803062,7.66,7.47,7.85,0.26870057685088766,2,2020,2020,1,2
HGLATSHXHZWSLR-LBPRGKRZSA-N,CC(=O)Cn1c(=O)c2c(ncn2[C@@H](C)C(=O)Nc2csc(-c3cnc(C)c(Cl)c3)n2)n(C)c1=O,CHEMBL6053101,8.0,8.0,8.0,,1,2019,2019,1,1
HGVCMBRPRZORGD-UHFFFAOYSA-N,Cn1cnc2ncn(Cc3nn(CCc4ccc(Cl)cc4)c(=O)o3)c2c1=O,CHEMBL6029511,6.13,6.13,6.13,,1,2021,2021,1,1
HGWAQHCIDNYZGS-UHFFFAOYSA-N,Fc1ccc(Oc2nccc3occc23)c(F)c1,CHEMBL3297777,5.66,5.66,5.66,,1,2014,2014,1,1
HHCCDKWJHHNZND-UHFFFAOYSA-N,Fc1ccc(-c2ccc3[nH]ncc3c2)c(C(F)(F)F)c1,CHEMBL3298247,4.52,4.52,4.52,,1,2014,2014,1,1
HHCLINDTOXIQSR-GXTWGEPZSA-N,Cc1nc2nc(N)n(C)c2c(=O)n1Cc1nc([C@@H]2CO[C@@H](c3ccc(Cl)cc3)C2)no1,CHEMBL5928378,7.38,6.91,7.85,0.6646803743153543,2,2020,2020,1,2
HIDRCJZHDJXUMQ-MJGOQNOKSA-N,O=C(NCc1cncc(-c2cnc(C(F)(F)F)nc2)c1)[C@@H]1C[C@@H](F)CN1S(=O)(=O)c1ccc(F)cc1,CHEMBL5881088,6.1,6.1,6.1,,1,2022,2022,1,1
HJORVEMWTJKDDG-UHFFFAOYSA-N,CC(C)Nc1cc(NC(=O)c2cccs2)cc(C(F)(F)F)c1,CHEMBL3311183,6.54,6.54,6.54,,1,2014,2014,1,1
HKCKRSVNNCQBGV-KNMUDHKVSA-N,C[C@H]1[C@H](F)C[C@@H](C(=O)NCc2cc(-c3cnc(C(F)(F)F)nc3)c(Cl)cn2)N1S(=O)(=O)c1ccc(F)cc1,CHEMBL4086464,7.89,7.89,7.89,,1,2018,2018,1,1
HKIUSPTWBXDTFJ-UHFFFAOYSA-N,Cc1c(=O)n(Cc2ccccc2)c(=O)n2cc(C(=O)NCc3ccccc3)sc12,CHEMBL3220230,5.73,5.73,5.73,,1,2012,2012,1,1
HKROEBDHHKMNBZ-BYKJOZEVSA-N,CCC(=N/O)/C(C)=C/c1ccc(F)cc1,CHEMBL3697710,6.15,6.15,6.15,,1,2015,2015,1,1
HKROEBDHHKMNBZ-CHBKHGQFSA-N,CCC(=N\O)/C(C)=C/c1ccc(F)cc1,CHEMBL3697701,7.17,6.0,7.36,0.33843152547583,13,2011,2024,9,12
HLNQWCKWTOEBQE-APWZRJJASA-N,COc1cc(CNC(=O)[C@@H]2C[C@@H](F)CN2S(=O)(=O)c2ccc(F)cc2)cc(-c2cnc(C(F)(F)F)nc2)n1,CHEMBL5891925,8.1,8.1,8.1,,1,2022,2022,1,1
HNEVLTMGONUBIF-UHFFFAOYSA-N,COCCCOc1cccc(C2NC(=O)NC3=C2C(=O)c2ccccc23)c1,CHEMBL1939823,5.77,5.77,5.77,,1,2012,2012,1,1
HNSCERNLYMZCPA-UHFFFAOYSA-N,Cc1noc(Cn2c(=O)c3c(ncn3CC(=O)Nc3csc(-c4cnc(C(F)(F)F)c(C)c4)n3)n(C)c2=O)n1,CHEMBL5959751,8.22,8.22,8.22,,1,2019,2019,1,1
HOGBUUUQWBIWPK-JAMMHHFISA-N,C[C@@H](C(N)=O)n1cnc2c1c(=O)n(CC1CCO1)c(=O)n2C,CHEMBL5975533,6.05,6.05,6.05,,1,2019,2019,1,1
HOLHRJJHGIWWPH-UHFFFAOYSA-N,Cc1[nH]c2ncnc(Oc3ccc(F)cc3F)c2c1C,CHEMBL3298581,5.7,5.7,5.7,,1,2014,2014,1,1
HOZKRSNDULRMQU-NZQKXSOJSA-N,C[C@@]1(F)C[C@@H](C(=O)NCc2cc(F)cc(-c3cnc(C(F)(F)F)nc3)c2)N(S(=O)(=O)c2ccc(F)cc2)C1,CHEMBL5880664,7.8,7.8,7.8,,1,2022,2022,1,1
HPKPJVMZLTXAQJ-KRWDZBQOSA-N,CCN(CC)c1ncc(-c2cccc(NC(=O)[C@H](C)n3cnc4c3c(=O)n(Cc3cc(C)on3)c(=O)n4C)n2)cn1,CHEMBL5984899,8.7,8.7,8.7,,1,2019,2019,1,1
HQKQCVCHHUAYQS-VIFPVBQESA-N,O=C1NCCc2c1sc1ncn(Cc3nnn(C[C@H](O)c4ccc(Cl)s4)n3)c(=O)c21,CHEMBL5807015,7.85,7.85,7.85,,1,2023,2023,1,1
HQNAZTYNJXEWDA-UTKZUKDTSA-N,O=C(NCc1cc(-c2ccc(C(F)(F)F)cn2)ccn1)[C@@H]1C[C@@H](F)CN1S(=O)(=O)c1ccc(F)cc1,CHEMBL5796833,6.99,6.99,6.99,,1,2022,2022,1,1
HQOTZKAHXGIKLR-KEYYUXOJSA-N,Cn1cnc2ncn(Cc3nc([C@H]4[C@@H]5C=C(c6ccc(F)cc6F)C[C@@H]54)no3)c(=O)c21,CHEMBL6065256,8.25,8.16,8.34,0.12727922061357835,2,2020,2020,1,2
HQVKTAXJLJKFMT-ZDUSSCGKSA-N,C[C@H](NS(=O)(=O)c1cc2cc(F)ccc2o1)C(=O)NCc1cn(-c2ccc(C(F)(F)F)cc2)c(=O)n(C)c1=O,CHEMBL5759542,6.27,6.27,6.27,,1,2020,2020,1,1
HQVRXJTUSZIFBP-HALDLXJZSA-N,O=c1c2cccnc2ncn1Cc1nc([C@H]2[C@@H]3CN(c4ccc(Cl)cn4)C[C@@H]32)no1,CHEMBL5965558,7.41,7.4,7.42,0.014142135623730649,2,2020,2020,1,2
HRAPYHSCUKKKMN-UHFFFAOYSA-N,COc1nn(-c2ccc(C(F)(F)F)nc2)cc1CNC(=O)C1(C)CCCC1S(=O)(=O)c1ccc(F)cc1,CHEMBL5754580,7.345000000000001,6.7,7.48,0.3677295201639379,4,2020,2020,1,1
HRMFIOUUYUFIRA-RTUWITSCSA-N,Cn1cnc2ncn(Cc3nc([C@H]4[C@@H]5CN(c6cc(Cl)c(F)cn6)C[C@@H]54)no3)c(=O)c21,CHEMBL6032016,6.76,6.63,6.89,0.1838477631085022,2,2020,2020,1,2
HRPNHQBVYVNOBG-GTPINHCMSA-N,CCC(=O)Cn1c(=O)c2c(ncn2[C@@H](C)C(=O)Nc2cccc(-c3cnc(N4CC5CC5C4)cn3)n2)n(C)c1=O,CHEMBL6064801,8.7,8.7,8.7,,1,2019,2019,1,1
HSUWVFMQRSTCAD-QLPKVWCKSA-N,Cn1cnc2ncn(Cc3nc([C@H]4[C@@H]5CN(c6cc(Cl)cc(C#N)c6)C[C@@H]54)no3)c(=O)c21,CHEMBL6054619,7.465,7.43,7.5,0.049497474683058526,2,2020,2020,1,2
HTAGBOVZPLQUDC-HWWDLCQESA-N,O=c1c2ccc(Cl)nc2ncn1Cc1nc([C@H]2[C@@H]3CN(c4cccc(F)c4)C[C@@H]32)no1,CHEMBL5961563,7.345000000000001,7.23,7.46,0.1626345596729053,2,2020,2020,1,2
HTFLIVOZSFVGEJ-UHFFFAOYSA-N,CC(C)Nc1cc(NC(=O)c2c(F)cccc2F)cc(C(F)(F)F)c1,CHEMBL3309280,7.04,7.04,7.04,,1,2014,2014,1,1
HUHIIHFGNPALFZ-UOIKSKOESA-N,O=c1c2cccnc2cnn1Cc1nc([C@H]2[C@@H]3CN(c4cc(F)ccn4)C[C@@H]32)no1,CHEMBL5858664,7.119999999999999,7.02,7.22,0.14142135623730995,2,2020,2020,1,2
HVBOOIDXACFGEI-OAHLLOKOSA-N,COCCCOc1cccc([C@H]2NC(=S)Nc3c2oc2ncccc32)c1,CHEMBL3314489,6.97,6.77,7.17,0.2828427124746193,2,2014,2023,2,2
HVDSOPBAZRASKA-DAXOMENPSA-N,O[C@]12CCCC[C@@H]1CCC[C@H]2Nc1ccc(F)cc1,CHEMBL4215994,8.0,8.0,8.0,,1,2016,2016,1,1
HWJFTZKKBTVRHJ-UHFFFAOYSA-N,O=C1C2=C(NC(=S)NC2c2cccc(OCc3ccccn3)c2)c2ccccc21,CHEMBL3314486,6.52,6.52,6.52,,1,2014,2014,1,1
HWKOCGQYCSKFFR-DZGCQCFKSA-N,Cc1cnn2ncn(Cc3nc([C@@H]4CO[C@@H](c5ccc(Cl)cc5)C4)no3)c(=O)c12,CHEMBL6057282,9.01,8.92,9.1,0.12727922061357835,2,2020,2020,1,2
HWNSMCOQLBDRFN-UTKZUKDTSA-N,Cc1cnc(CNC(=O)[C@@H]2C[C@@H](F)CN2S(=O)(=O)c2ccc(F)cc2)cc1-c1ccc(C(F)(F)F)nc1,CHEMBL5751255,6.79,6.79,6.79,,1,2022,2022,1,1
HXWIASAQIZZSJV-RXVVDRJESA-N,O=C(NCc1cc(-c2ccc(C(F)(F)F)nc2)c(F)cn1)[C@@H]1[C@@H](F)CCN1S(=O)(=O)c1ccc(F)cc1,CHEMBL5786702,7.89,7.89,7.89,,1,2022,2022,1,1
HXYKQFXGQHGPRG-UHFFFAOYSA-N,Cn1c(=O)c2c(CC(=O)Nc3nc(-c4ccc(F)c(C(F)(F)F)c4)cs3)coc2n(C)c1=O,CHEMBL3942587,7.92,7.92,7.92,,1,2015,2015,1,1
HYIWRGKOWKOPHN-UHFFFAOYSA-N,Cn1c(=O)c2c(ccn2CC(=O)Nc2ccc(F)cc2)n(C)c1=O,CHEMBL1947272,5.51,5.51,5.51,,1,2012,2012,1,1
HYLZITOBNTZXNO-DZGCQCFKSA-N,Cc1cnn2ncn(Cc3nc([C@@H]4CO[C@@H](c5ccc6ncsc6c5)C4)no3)c(=O)c12,CHEMBL5773914,7.245,7.09,7.4,0.2192031021678301,2,2020,2020,1,2
HYPBWVFTVULNBT-LAQFHYBYSA-N,Cc1nn(C)c2ncn(Cc3nc([C@H]4[C@@H]5CN(c6cc(Cl)ccn6)C[C@@H]54)no3)c(=O)c12,CHEMBL5952236,7.300000000000001,7.23,7.37,0.09899494936611612,2,2020,2020,1,2
HYPZUSFAUMAFNR-UHFFFAOYSA-N,COc1cc(NC(=O)Cn2cnc3c2c(=O)n(Cc2cc(C)on2)c(=O)n3C)nc(C(F)(F)F)c1,CHEMBL6026939,5.49,5.49,5.49,,1,2019,2019,1,1
HZVARVKQUXVYIG-HAQNSBGRSA-N,Cn1cnc2ncn(Cc3nc([C@H]4C[C@H](c5ccc(F)c(Cl)c5)C4)no3)c(=O)c21,CHEMBL5853017,7.26,7.26,7.26,,1,2020,2020,1,1
IAHQHDGHWAXFMV-DPGVGJJJSA-N,COCC(O)Cn1c(=O)c2c(ncn2[C@@H](C)C(=O)Nc2csc(-c3cnc(N4CC5CC5C4)nc3)n2)n(C)c1=O,CHEMBL5945233,6.19,6.19,6.19,,1,2019,2019,1,1
IAWHXDCOTSCDSA-QLPKVWCKSA-N,Cc1cnn2ncn(Cc3nc([C@H]4[C@@H]5CN(c6ccccc6)C[C@@H]54)no3)c(=O)c12,CHEMBL5856251,8.275,8.09,8.46,0.26162950903902327,2,2020,2020,1,2
IBGTZIUMMBHLKD-ZDVGBALWSA-N,CCC(=N\O)/C(C)=C/c1cccs1,CHEMBL1085709,4.96,4.96,4.96,0.0,2,2010,2017,2,2
ICQQRJVVVVHYDQ-UHFFFAOYSA-N,CC(=O)Cn1c(=O)c2c(ncn2CC(=O)Nc2cccc(-c3ccc(Cl)cc3)n2)n(C)c1=O,CHEMBL5847001,7.72,7.72,7.72,,1,2019,2019,1,1
ICZZSPAOWPLMSA-UHFFFAOYSA-N,CC(C)C(NC(=O)N1CCc2ccccc2C1)C(=O)c1ccc(C#N)cc1,CHEMBL2071584,5.3,5.3,5.3,0.0,2,2012,2012,1,2
IDLSECJBDCJDSS-APWZRJJASA-N,O=C(NCc1cc(F)nc(-c2ccc(C(F)(F)F)nc2)c1)[C@@H]1C[C@@H](F)CN1S(=O)(=O)c1ccc(F)cc1,CHEMBL6057466,7.28,7.28,7.28,,1,2022,2022,1,1
IDPIVZXQDBCGRG-UHFFFAOYSA-N,CN(CC(=O)NCC1CN(c2ccc(C(F)(F)F)cc2)CCO1)S(=O)(=O)c1ccc(F)cc1,CHEMBL3927799,5.82,5.82,5.82,,1,2016,2016,1,1
IECBTGJNZAMXMI-NFOMZHRRSA-N,C[C@@H](C(=O)Nc1cncc(-c2cnc(N3CC4CC4C3)nc2)n1)n1cnc2c1c(=O)n(CC#N)c(=O)n2C,CHEMBL6039947,8.185,8.15,8.22,0.049497474683058526,2,2019,2019,1,1
IESAJAZKMLPVIB-VXGBXAGGSA-N,O[C@]1(C(F)(F)F)CCCC[C@H]1Nc1ccc(F)cc1,CHEMBL4514203,7.63,7.09,7.8,0.3386615813266493,4,2021,2023,2,4
IEURSGBEYPEAGJ-UHFFFAOYSA-N,Cc1cc(Cn2c(=O)c3c(ncn3CC(=O)Nc3cccc(N4CC(F)(F)C4)n3)n(C)c2=O)no1,CHEMBL5760713,6.53,6.53,6.53,,1,2019,2019,1,1
IEXGDENLKSBYPG-DIBXZPPDSA-N,Cn1c(=O)c2c(CC(=O)/N=c3\scc(-c4ccc(F)c(C(F)(F)F)c4F)n3COP(=O)(O)O)csc2n(C)c1=O,CHEMBL3915505,6.25,6.25,6.25,,1,2015,2015,1,1
IFCINJLPGSPGOE-YEORSEQZSA-N,Cn1cnc2ncn(Cc3nc([C@H]4C[C@H](Oc5cccc(Cl)c5)C4)no3)c(=O)c21,CHEMBL5961356,7.42,7.42,7.42,,1,2020,2020,1,1
IFFMKKPSJXPRPX-LBPRGKRZSA-N,Cc1c(C(N)=O)sc2ncn(Cc3nnn(C[C@H](O)c4cc5cc(Cl)ccc5o4)n3)c(=O)c12,CHEMBL5884309,7.92,7.92,7.92,,1,2023,2023,1,1
IFOHXEDFEXQIFK-UHFFFAOYSA-N,Cc1cc(Cn2c(=O)c3c(ncn3CC(=O)Nc3csc(-c4cnc(C)c(C(F)(F)F)c4)n3)n(C)c2=O)no1,CHEMBL5869511,9.0,9.0,9.0,,1,2019,2019,1,1
IFSNPBNBYFOKHI-GXTWGEPZSA-N,Cn1cnc2ncn(Cc3nc([C@@H]4CO[C@@H](c5cccc(F)c5)C4)no3)c(=O)c21,CHEMBL5872092,7.664999999999999,7.56,7.77,0.14849242404917526,2,2020,2020,1,2
IGOGZZUWJQNUTI-AWEZNQCLSA-N,Cc1ccnc2ncn(Cc3nn(C[C@H](F)c4ccc(OC(F)F)cc4)c(=O)o3)c(=O)c12,CHEMBL5758289,7.92,7.92,7.92,,1,2021,2021,1,1
IHBZABBOIFBMSZ-LBPRGKRZSA-N,CC(=O)Cn1c(=O)c2c(ncn2[C@@H](C)C(=O)Nc2cccc(-c3cnc(C(F)(F)F)nc3)n2)n(C)c1=O,CHEMBL5842947,7.6,7.6,7.6,,1,2019,2019,1,1
IHDZQGCOLIBPFR-ZDUSSCGKSA-N,CC(=O)Cn1c(=O)c2c(ncn2[C@@H](C)C(=O)Nc2cncc(-c3cnc(C)c(Cl)c3)n2)n(C)c1=O,CHEMBL5756580,7.5,7.5,7.5,,1,2019,2019,1,1
IHTBJQAPPKVYEC-UHFFFAOYSA-N,O=C(Cn1cnc2cnccc2c1=O)NCCc1ccc(Cl)cc1,CHEMBL3786811,5.77,5.77,5.77,,1,2016,2016,1,1
IIAWUZTWHPVGRK-JYAVWHMHSA-N,Cn1cnc2ncn(Cc3nc([C@H]4[C@@H]5CN(c6ccc(Cl)cn6)C[C@@H]54)no3)c(=O)c21,CHEMBL5761251,6.6850000000000005,6.3,7.07,0.5444722215136416,2,2020,2020,1,2
IIBDKCBCABDETE-UHFFFAOYSA-N,O=C(NCC(Cc1ccccc1)N1CCC(O)(C(F)(F)F)CC1)C1(C(F)(F)F)CC1,CHEMBL4216307,6.0,6.0,6.0,,1,2016,2016,1,1
IIIJRZXOECPBNK-HBYGRHMLSA-N,Cn1cnc2ncn(Cc3nc([C@H]4[C@@H]5CN(c6ccncc6F)C[C@@H]54)no3)c(=O)c21,CHEMBL5957719,6.6899999999999995,6.42,6.96,0.38183766184073603,2,2020,2020,1,2
IIPLYINRVFDEAS-UHFFFAOYSA-N,COc1cccc2c(=O)n(CC(=O)NCCc3ccc(Cl)cc3)cnc12,CHEMBL3786836,5.84,5.84,5.84,,1,2016,2016,1,1
IISOYMVRUVZMSW-VIFPVBQESA-N,C[C@@H](C(=O)Nc1cncc(-c2cnc(C(F)(F)F)nc2)n1)n1cnc2c1c(=O)n(CC(N)=O)c(=O)n2C,CHEMBL5904170,5.15,5.15,5.15,,1,2021,2021,1,1
IJPKZYJDZLPYGH-FHERZECASA-N,CC#CCn1c(=O)c2c(ncn2[C@@H](C)C(=O)Nc2csc(-c3cnc(N4CC5CC5C4)nc3)n2)n(C)c1=O,CHEMBL5942545,8.7,8.7,8.7,,1,2019,2019,1,1
IKEHUDLUNJCVIH-SMDDNHRTSA-N,Cn1cnc2ncn(Cc3nc([C@@H]4CO[C@@H](c5ccc(Cl)c(Cl)c5)C4)no3)c(=O)c21,CHEMBL5774116,7.91,7.71,8.11,0.28284271247461834,2,2020,2020,1,2
IKFZDVUOUYRSJD-UHFFFAOYSA-N,Cc1cc(-c2nc(NC(=O)Cn3cnc4c3c(=O)n(CC(F)(F)F)c(=O)n4C)cs2)cnc1C(F)(F)F,CHEMBL5935225,6.66,6.66,6.66,,1,2019,2019,1,1
IKGNKSVKPPXUGA-LBPRGKRZSA-N,CC(=O)Cn1c(=O)c2c(ncn2[C@@H](C)C(=O)Nc2csc(-c3cnc(C)c(F)c3)n2)n(C)c1=O,CHEMBL6044767,7.48,7.48,7.48,,1,2019,2019,1,1
IKWFTJKUSSBLMW-APWZRJJASA-N,O=C(NCc1cc(-c2ccc(C(F)(F)F)nc2)cc(F)n1)[C@@H]1C[C@@H](F)CN1S(=O)(=O)c1ccc(F)cc1,CHEMBL5917293,7.31,7.31,7.31,,1,2022,2022,1,1
ILDMVQZTNFZDID-GFCCVEGCSA-N,Cn1cnc2ncn(Cc3nn(C[C@@H](F)c4ccc(Br)cc4)c(=O)o3)c(=O)c21,CHEMBL5822420,5.92,5.92,5.92,,1,2021,2021,1,1
ILDMVQZTNFZDID-LBPRGKRZSA-N,Cn1cnc2ncn(Cc3nn(C[C@H](F)c4ccc(Br)cc4)c(=O)o3)c(=O)c21,CHEMBL5979543,8.0,8.0,8.0,,1,2021,2021,1,1
ILSIWKXOFBZDGE-YRNVUSSQSA-N,C/C(=C\c1noc(Cn2cnc3ncn(C)c3c2=O)n1)c1ccc(Cl)cc1,CHEMBL3786508,7.175000000000001,7.15,7.2,0.03535533905932694,2,2016,2016,1,2
IMGWVWRMROWQGB-IGEOTXOUSA-N,CCC(=O)Cn1c(=O)c2c(ncn2[C@@H](C)C(=O)Nc2ccnc(-c3cnc(N4CC5C(C4)C5(F)F)nc3)n2)n(C)c1=O,CHEMBL5875545,8.3,8.3,8.3,,1,2019,2019,1,1
IMIIJHHHGZTGLU-UHFFFAOYSA-N,Cc1cc(Cn2c(=O)c3c(ncn3CC(=O)Nc3cccc(-c4cnc(C(F)(F)F)c(C)c4)n3)n(C)c2=O)no1,CHEMBL5772133,8.3,8.3,8.3,,1,2019,2019,1,1
IMLKLPZAGJFMRK-NQIIRXRSSA-N,O=C(NCc1cc(-c2ccc(C(F)(F)F)nc2)ccc1F)[C@@H]1C[C@@H](F)CN1S(=O)(=O)c1ccc(F)cc1,CHEMBL6031447,8.05,8.05,8.05,,1,2022,2022,1,1
IMTJDDGNRNOFAJ-PKOBYXMFSA-N,COC[C@@H]1CC[C@H](c2ccc(F)cc2)N1S(=O)(=O)c1cc(C)c(F)c(C)c1,CHEMBL3752891,6.57,6.57,6.57,,1,2016,2016,1,1
INBHLTYBRKASIZ-JXMROGBWSA-N,O=C(/C=C/c1ccc(O)cc1)Nc1ccccc1C(=O)O,CHEMBL4516367,4.385,4.37,4.4,0.021213203435596288,2,2019,2019,1,1
INCHZNJQYBISFT-UHFFFAOYSA-N,CC(=O)Cn1c(=O)c2c(ncn2CC(=O)Nc2cncc(-c3cnc(C)c(C(F)(F)F)c3)n2)n(C)c1=O,CHEMBL5818087,8.1,8.1,8.1,,1,2019,2019,1,1
INKFVRPSMUPBSU-GXSJLCMTSA-N,O[C@]1(C(F)(F)F)CCCC[C@H]1Cc1csc(Cl)c1,CHEMBL5428179,8.3,8.3,8.3,,1,2023,2023,1,1
INRPAICZXVSURJ-UKRRQHHQSA-N,Cn1cnc2ncn(Cc3nn([C@@H]4CC[C@@H](c5ccc(Cl)cc5)C4)c(=O)o3)c(=O)c21,CHEMBL5091195,8.02,8.02,8.02,,1,2021,2021,1,1
IOISVRUOQIOJLG-IPVJXJPOSA-N,Cc1ccnc2ncn(Cc3nc([C@H]4C[C@](O)(c5ccc(Cl)cc5)C4)no3)c(=O)c12,CHEMBL5754776,6.85,6.85,6.85,,1,2020,2020,1,1
IORSMGCJYPRZSZ-CSODHUTKSA-N,O=c1c2cccc(=O)n2ccn1Cc1nc([C@@H]2[C@H]3C=C(c4ccccc4)C[C@H]32)no1,CHEMBL5821169,8.055,7.92,8.19,0.19091883092036754,2,2020,2020,1,2
IPESIZNXIXXPJK-UHFFFAOYSA-N,CC(C)(C(=O)NCC(Cc1ccccc1)N1CCC(O)(C(F)(F)F)CC1)c1ccccc1,CHEMBL3928226,7.37,7.37,7.37,,1,2016,2016,1,1
IPJMGIPUWRMURN-LBPRGKRZSA-N,Cc1oc2ncn(Cc3nnn(C[C@H](O)c4cc5cc(Cl)ccc5o4)n3)c(=O)c2c1C(N)=O,CHEMBL5171677,7.92,7.92,7.92,0.0,2,2022,2023,2,2
IPTVTUDAXHBJAB-LBPRGKRZSA-N,NC(=O)c1csc2ncn(Cc3nnn(C[C@H](O)c4cc5ccc(F)cc5s4)n3)c(=O)c12,CHEMBL5197125,8.05,8.05,8.05,,1,2022,2022,1,1
IPVHYPMVJBBJGY-ZIAGYGMSSA-N,Cn1cnc2ncn(Cc3nc([C@@H]4CC[C@@H](c5ccc(F)cc5)C4)no3)c(=O)c21,CHEMBL5756126,7.665,7.58,7.75,0.12020815280171303,2,2020,2020,1,2
IPVJLUUYKAZERW-IERDGZPVSA-N,O=C(NCc1cc(-c2ccc(OC(F)F)cc2)ncn1)[C@@H]1C[C@@H](F)CN1S(=O)(=O)c1ccc(F)cc1,CHEMBL5930514,7.39,7.39,7.39,,1,2022,2022,1,1
IQOCOSWVNOLOJW-UHFFFAOYSA-N,CC(C)N(CC(=O)NCc1cc(N2CCC(C(F)(F)F)CC2)ncn1)S(=O)(=O)c1ccc(F)cc1,CHEMBL6054347,6.6,6.6,6.6,,1,2017,2017,1,1
IQZWGMBQRDGLEH-DZFIZOCASA-N,Cn1cnc2ncn(Cc3nc([C@H]4[C@@H]5CN(c6cccc(C7CC7)c6)C[C@@H]54)no3)c(=O)c21,CHEMBL6051214,6.95,6.95,6.95,,1,2020,2020,1,1
IRJZNJUTQUOZGW-UHFFFAOYSA-N,CC(=O)Cn1c(=O)c2c(ncn2CC(N)=O)n(C)c1=O,CHEMBL5816790,7.66,7.66,7.66,,1,2019,2019,1,1
IRVXOONVSOVGPT-RYRKJORJSA-N,CC(=O)Nc1nc2ncn(Cc3nc([C@H]4[C@@H]5C=C(c6ccccc6)C[C@@H]54)no3)c(=O)c2n1C,CHEMBL5941093,7.46,7.17,7.75,0.4101219330881976,2,2020,2020,1,2
IRXCYACJROUWCS-GXTWGEPZSA-N,Cn1cnc2ncn(Cc3nc([C@@H]4CO[C@@H](c5ccc(OC(F)F)cc5)C4)no3)c(=O)c21,CHEMBL5799445,6.890000000000001,6.82,6.96,0.09899494936611612,2,2020,2020,1,2
ISIATOZGACZZRA-UHFFFAOYSA-N,Fc1ccc(Oc2nccc3[nH]ccc23)cc1,CHEMBL3297778,6.51,6.51,6.51,,1,2014,2014,1,1
ISNWHBNGLQFCST-UHFFFAOYSA-N,Cc1cc(Cn2c(=O)c3c(ncn3CC(=O)Nc3ccc(C#N)c(C(F)(F)F)n3)n(C)c2=O)no1,CHEMBL5778514,6.51,6.51,6.51,,1,2019,2019,1,1
ISWKUHZARATATJ-UHFFFAOYSA-N,Cc1oc2c(c1CC(=O)Nc1nc(-c3ccc(F)c(C(F)(F)F)c3)cs1)c(=O)n(C)c(=O)n2C,CHEMBL3936454,8.15,8.15,8.15,,1,2015,2015,1,1
ISXARGDWFYMWFH-LBPRGKRZSA-N,Cc1oc2ncn(Cc3nnn(C[C@H](O)c4cc5cccc(F)c5o4)n3)c(=O)c2c1C(N)=O,CHEMBL6018787,7.31,7.31,7.31,,1,2023,2023,1,1
IUPRZQNBHFNEGC-SJORKVTESA-N,COc1nn(-c2cnc(C(F)(F)F)nc2)cc1CC(=O)N[C@@H]1CC[C@@H]1S(=O)(=O)c1ccc(F)cc1,CHEMBL5860851,6.61,6.61,6.61,,1,2020,2020,1,1
IURHRSFVLQOGSW-GOEBONIOSA-N,Cc1nc(C)n2ncn(Cc3nc([C@@H]4CO[C@@H](c5ccc(Cl)cc5)C4)no3)c(=O)c12,CHEMBL5857937,7.35,7.35,7.35,,1,2020,2020,1,1
IVSPLJZYCFTOCC-SUMWQHHRSA-N,O=c1c2ccncc2ncn1Cc1nc([C@@H]2CO[C@@H](c3ccc(Cl)cc3)C2)no1,CHEMBL5958151,7.91,7.71,8.11,0.28284271247461834,2,2020,2020,1,2
IVVHPAHILXWBMH-SUMWQHHRSA-N,O=c1c2c(cnn1Cc1nc([C@@H]3CO[C@@H](c4ccc(Cl)cc4)C3)no1)CNCC2,CHEMBL6043197,6.295,5.58,7.01,1.0111626970967629,2,2020,2020,1,2
IWBGPXPPPXQFFJ-NQZBTDCJSA-N,C[C@H]1[C@H](F)C[C@@H](C(=O)NCc2cc(-c3cnc(C(F)(F)F)nc3)ncc2C#N)N1S(=O)(=O)c1ccc(F)cc1,CHEMBL4098855,8.0,8.0,8.0,,1,2018,2018,1,1
IWGBQLFSWSPCBF-SMDDNHRTSA-N,Cn1cnc2ncn(Cc3nc([C@@H]4CO[C@@H](c5ccc(Cl)c(F)c5)C4)no3)c(=O)c21,CHEMBL5896686,8.399999999999999,8.1,8.7,0.4242640687119289,2,2020,2020,1,2
IWSOJDYXNTZUGK-NVXWUHKLSA-N,Cc1cc(S(=O)(=O)N2C[C@H](F)C[C@@H]2c2ccc(F)cc2)cc(C)c1F,CHEMBL3752895,6.42,6.42,6.42,,1,2016,2016,1,1
IWTIXSBYEURJEK-FMIVXFBMSA-N,C/C(=C\c1nc(Cn2cnc3ncccc3c2=O)no1)c1ccc(Cl)cc1,CHEMBL3787359,7.005000000000001,6.94,7.07,0.09192388155425078,2,2016,2016,1,2
IXARYBWPLJADQF-LBPRGKRZSA-N,Cn1cnc2ncn(Cc3nn(C[C@H](F)c4cccc(Cl)c4)c(=O)o3)c(=O)c21,CHEMBL5875272,6.78,6.78,6.78,,1,2021,2021,1,1
IXKKQNMDGPZGKV-WCQYABFASA-N,Cn1cnc2nc(N)n(Cc3nc([C@@H]4CO[C@@H](c5ccc(F)cc5)C4)no3)c(=O)c21,CHEMBL5813133,7.715,7.25,8.18,0.657609306503489,2,2020,2020,1,2
IYMRWKNCZYWXPC-URXFXBBRSA-N,CC(C)n1c(=O)c(CNC(=O)[C@@H]2[C@@H](O)CCN2S(=O)(=O)c2cc3cc(F)ccc3o2)cn(-c2ccc(C(F)(F)F)cc2)c1=O,CHEMBL6034529,7.19,7.19,7.19,,1,2020,2020,1,1
IYPSSQMPIVZFBK-FQEVSTJZSA-N,O=C(NCc1cc(-c2ccc(C(F)(F)F)nc2)ncn1)[C@@H]1CCCCN1S(=O)(=O)c1ccc(F)cc1,CHEMBL4088270,5.64,5.64,5.64,,1,2018,2018,1,1
IYXIXNIKYCFBDN-AWEZNQCLSA-N,CCOc1ncc(-c2cccc(NC(=O)[C@H](C)n3cnc4c3c(=O)n(CC(=O)CC)c(=O)n4C)n2)cc1C(F)(F)F,CHEMBL5989150,9.0,9.0,9.0,,1,2019,2019,1,1
IZLFWDRMGMPZOG-UOXRKKOCSA-N,C[C@H]1[C@H](F)C[C@@H](C(=O)NCc2cc(-c3cnc(C(F)(F)F)nc3)ncc2Cl)N1S(=O)(=O)c1ccc(F)cc1,CHEMBL4103545,8.3,8.3,8.3,,1,2018,2018,1,1
JBIXZNRRVYTXMJ-NSHDSACASA-N,CC(=O)NC(=O)Cn1c(=O)c2c(ncn2[C@@H](C)C(=O)Nc2cccc(-c3cnc(C(F)(F)F)nc3)n2)n(C)c1=O,CHEMBL5763205,7.32,7.32,7.32,,1,2021,2021,1,1
JBYPWLUUGPQYAS-QFBILLFUSA-N,Cn1c(NCc2ccccn2)nc2ncn(Cc3nc([C@@H]4CO[C@@H](c5ccc(Cl)cc5)C4)no3)c(=O)c21,CHEMBL5915465,7.470000000000001,7.4,7.54,0.09899494936611612,2,2020,2020,1,2
JCFSCBLSEONLAZ-SWLSCSKDSA-N,Cn1nnc2ccn(Cc3nc([C@@H]4CO[C@@H](c5ccc(F)cc5)C4)no3)c(=O)c21,CHEMBL6036980,8.205,8.16,8.25,0.06363961030678918,2,2020,2020,1,2
JCGBVACYAGHPAM-STQMWFEESA-N,C[C@]1(O)CCC[C@H](c2ccccc2)C1,CHEMBL5594756,5.49,5.49,5.49,,1,2024,2024,1,1
JCHJBCPFIWXKDB-QLPKVWCKSA-N,Cn1cnc2ncn(Cc3nc([C@H]4[C@@H]5CN(c6ccc(C=O)cc6)C[C@@H]54)no3)c(=O)c21,CHEMBL5784487,7.26,7.26,7.26,,1,2020,2020,1,1
JCPXMGFJZJLKIN-LBPRGKRZSA-N,Cc1c(C(N)=O)sc2ncn(Cc3nc(C[C@H](O)c4ccc(F)cc4)no3)c(=O)c12,CHEMBL5777540,7.48,7.48,7.48,,1,2021,2021,1,1
JCWLFTBWOABNHA-UHFFFAOYSA-N,O=C(NCC(Cc1ccccc1)N1CCC(C(F)(F)F)CC1)C1(c2ccc(F)cc2)CCCC1,CHEMBL4216712,6.17,6.17,6.17,,1,2016,2016,1,1
JEPYVPCCTJDATH-UHFFFAOYSA-N,Cn1c(=O)c2c(CC(=O)Nc3nc(-c4ccc(C(F)(F)F)c(F)c4)cs3)nsc2n(C)c1=O,CHEMBL3912738,8.17,8.17,8.17,,1,2015,2015,1,1
JEZYRPUMEHJVEN-UHFFFAOYSA-N,CCCCCCCCCC(=O)NC(C(=O)c1ccc(C#N)cc1)C(C)C,CHEMBL2071513,5.85,5.7,6.0,0.21213203435596445,2,2012,2012,1,2
JFAQOFLDBXAXAQ-UHFFFAOYSA-N,CCCNc1cc(NC(=O)c2ccncc2)cc(C(F)(F)F)c1,CHEMBL3311187,5.58,5.58,5.58,,1,2014,2014,1,1
JFBNNBIUJWKGPM-QGZVFWFLSA-N,Cc1cc(S(=O)(=O)N2CCC[C@@H]2c2ccc(F)cc2)cc(C)c1F,CHEMBL3754351,6.96,6.96,6.96,,1,2016,2016,1,1
JFLCWGRYMUUJRW-YKSBVNFPSA-N,O=C(NCc1cc(-c2ccc(C3CC3)cc2)ncn1)[C@@H]1C[C@@H](F)CN1S(=O)(=O)c1ccc(F)cc1,CHEMBL6028461,6.92,6.87,6.97,0.0707106781186545,2,2022,2022,1,1
JGBBKLTUEVDXPM-UHFFFAOYSA-N,O=C(NC(C(=O)c1ccc(Cl)cc1)C1CC1)c1ccccc1,CHEMBL2071593,5.7,5.7,5.7,0.0,2,2012,2012,1,2
JGFBRLGZGJYISU-NSHDSACASA-N,Cc1c(C(N)=O)sc2ncn(Cc3nc(C[C@H](O)c4ccc5c(c4)OCO5)no3)c(=O)c12,CHEMBL4868010,7.25,7.25,7.25,0.0,2,2021,2021,2,2
JGPICCTXSJGRDH-UHFFFAOYSA-N,CC(C)C(NC(=O)c1ccc(Cl)cc1F)C(=O)c1ccc(C#N)cc1,CHEMBL2071505,5.45,5.4,5.5,0.0707106781186545,2,2012,2012,1,2
JHGDJTAYURVRBX-UHFFFAOYSA-N,Cc1c(=O)n(Cc2ccccc2)c(=O)n2cc(C(=O)NCc3ccc4nsnc4c3)sc12,CHEMBL3220227,5.84,5.84,5.84,,1,2012,2012,1,1
JHXOWAOGHMUCFO-IDLMPWNNSA-N,O=C(NCc1cc(C2=CCC(C(F)(F)F)CC2)ncn1)[C@@H]1C[C@@H](F)CN1S(=O)(=O)c1ccc(F)cc1,CHEMBL6017794,7.43,7.34,7.52,0.12727922061357835,2,2022,2022,1,1
JJIYFRHWAJSTRT-UHFFFAOYSA-N,Cn1c(=O)c2c(ccn2CC(=O)Nc2ccc(I)cc2)n(C)c1=O,CHEMBL1947275,5.75,5.75,5.75,,1,2012,2012,1,1
JJOTYXMTNZIMSZ-UHFFFAOYSA-N,CC(C)C(C)Nc1cc(NC(=O)c2cccs2)cc(C(F)(F)F)c1,CHEMBL3311180,5.89,5.89,5.89,,1,2014,2014,1,1
JJWIAVUKFHESIC-UHFFFAOYSA-N,CC(C)N(CC(=O)NCc1cccc(-c2ccc(C(F)(F)F)cc2)c1)S(=O)(=O)c1ccn(C)n1,CHEMBL5807967,5.62,5.62,5.62,,1,2017,2017,1,1
JJXVVDMOIHAKHG-UGKGYDQZSA-N,N#Cc1cnc(-c2ccc(C(F)(F)F)nc2)cc1CNC(=O)[C@@H]1[C@@H](F)CCN1S(=O)(=O)c1ccc(F)cc1,CHEMBL5990009,7.89,7.89,7.89,,1,2022,2022,1,1
JKNJVPGBUGINLQ-LZLYRXPVSA-N,COc1ccc(C2=C[C@H]3[C@@H](C2)[C@@H]3c2noc(Cn3cnc4ncn(C)c4c3=O)n2)cc1,CHEMBL5810601,7.6899999999999995,7.58,7.8,0.1555634918610406,2,2020,2020,1,2
JKNJVPGBUGINLQ-RYRKJORJSA-N,COc1ccc(C2=C[C@@H]3[C@H](C2)[C@H]3c2noc(Cn3cnc4ncn(C)c4c3=O)n2)cc1,CHEMBL5832402,7.6,7.38,7.82,0.31112698372208153,2,2020,2020,1,2
JKROEASKFSYUDV-UHFFFAOYSA-N,CC(C)C(NC(=O)c1ccccc1)C(=O)c1ccc(Cl)cc1,CHEMBL2071494,5.95,5.6,6.4,0.3304037933599837,4,2012,2012,1,2
JKSIUQSXQUJUQN-LBPRGKRZSA-N,Cc1oc2ncn(Cc3nnn(C[C@H](O)c4ccc(Br)cc4)n3)c(=O)c2c1C(N)=O,CHEMBL5948751,7.54,7.54,7.54,,1,2023,2023,1,1
JKWXDKUVOQCWGK-NSHDSACASA-N,C[C@@H](C(=O)Nc1cncc(-c2cnc(C(F)(F)F)nc2)n1)n1cnc2c1c(=O)n(Cc1ccon1)c(=O)n2C,CHEMBL6061795,7.58,7.58,7.58,,1,2019,2019,1,1
JLRDFDIVWVIADD-LSDHHAIUSA-N,Cc1ccc([C@H]2C[C@H](c3noc(Cn4cnc5ncn(C)c5c4=O)n3)CO2)cc1,CHEMBL6026042,8.015,7.79,8.24,0.3181980515339462,2,2020,2020,1,2
JMPQCPPXHXSEIC-XJKSGUPXSA-N,O=c1c2cccnc2ncn1Cc1nc([C@@H]2CO[C@@H](c3ccc(Cl)cc3)C2)no1,CHEMBL5877962,8.21,8.18,8.24,0.042426406871192576,2,2020,2020,1,2
JNDWMJRPGXBLSS-FOLVSLTJSA-N,Cn1cnc2ncn(Cc3nc([C@H]4[C@@H]5CN(c6ccc(F)cc6)C[C@@H]54)no3)c(=O)c21,CHEMBL5819369,7.51,7.51,7.51,,1,2020,2020,1,1
JNFFYUYSPBYAOR-KNQAVFIVSA-N,COc1cc(CNC(=O)[C@@H]2C[C@@H](F)CN2S(=O)(=O)c2ccc(F)cc2)cc(-c2ccc(C(F)(F)F)nc2)c1,CHEMBL6022546,7.33,7.33,7.33,,1,2022,2022,1,1
JNKBSIPJIAHQTP-WOSRLPQWSA-N,Cn1cnc2ncn(Cc3nc([C@@H]4[C@H]5C=C(c6cc(Cl)ccn6)C[C@H]54)no3)c(=O)c21,CHEMBL6000988,7.045,6.92,7.17,0.1767766952966369,2,2020,2020,1,2
JNKBSIPJIAHQTP-WWGRRREGSA-N,Cn1cnc2ncn(Cc3nc([C@H]4[C@@H]5C=C(c6cc(Cl)ccn6)C[C@@H]54)no3)c(=O)c21,CHEMBL5804088,7.275,7.04,7.51,0.3323401871576768,2,2020,2020,1,2
JOMJJSVRLDEKPU-JYAVWHMHSA-N,Cn1cnc2ncn(Cc3nc([C@H]4[C@@H]5CN(c6ccnc(F)c6)C[C@@H]54)no3)c(=O)c21,CHEMBL5894388,6.76,6.38,7.14,0.537401153701776,2,2020,2020,1,2
JOVMFRRSFHVPLP-CTYIDZIISA-N,Cn1c(=O)ccc2ncn(Cc3nn([C@H]4C[C@H](c5ccc(Cl)cc5)C4)c(=O)o3)c(=O)c21,CHEMBL5771685,7.82,7.82,7.82,,1,2021,2021,1,1
JROSFXIRTRVADR-UHFFFAOYSA-N,CCOc1cc2[nH]ncc2cc1-c1ccccc1C(F)(F)F,CHEMBL3299020,7.41,7.41,7.41,,1,2014,2014,1,1
JSZBSUKOUVVBGY-UHFFFAOYSA-N,Cn1c(=O)c2c(CC(=O)Nc3nc(-c4cccc(F)c4F)cs3)cccc2n(C)c1=O,CHEMBL3958453,7.18,7.18,7.18,,1,2015,2015,1,1
JTICAAYOYZCRBJ-MCBXIFIFSA-N,Cn1c(=O)ccc2ncn(Cc3nc([C@H]4[C@@H]5CN(c6cc(Cl)ccn6)C[C@@H]54)no3)c(=O)c21,CHEMBL5893767,7.26,7.22,7.3,0.05656854249492385,2,2020,2020,1,2
JTULPMHYGMMBHH-QMMMGPOBSA-N,Cc1c(C(N)=O)oc2ncn(Cc3nnn(C[C@H](O)c4ccc(Cl)s4)n3)c(=O)c12,CHEMBL5196336,8.0,8.0,8.0,0.0,2,2022,2023,2,2
JUEWLMSRGBZOJK-AOIWGVFYSA-N,O=c1c2cccnc2ncn1Cc1nc([C@H]2[C@@H]3C=C(c4cccc(Cl)c4)C[C@@H]32)no1,CHEMBL5878495,7.625,7.62,7.63,0.007071067811865324,2,2020,2020,1,2
JUEWLMSRGBZOJK-YQVWRLOYSA-N,O=c1c2cccnc2ncn1Cc1nc([C@@H]2[C@H]3C=C(c4cccc(Cl)c4)C[C@H]32)no1,CHEMBL5743365,7.67,7.66,7.68,0.014142135623730649,2,2020,2020,1,2
JUUGPJIRMPHSLY-MQMHXKEQSA-N,Cn1cnc2ncn(Cc3nn([C@H]4C[C@H](c5ccc(C(F)(F)F)cc5)C4)c(=O)o3)c(=O)c21,CHEMBL6049509,7.05,7.05,7.05,,1,2021,2021,1,1
JVXGITYCCXGECN-UHFFFAOYSA-N,CCCCc1ccc(NC(=O)Cn2ccc3c2c(=O)n(C)c(=O)n3C)cc1,CHEMBL1944846,5.96,5.96,5.96,,1,2012,2012,1,1
JWEUHOBGYUINRR-RBZFPXEDSA-N,Cn1cnc2ncn(Cc3nc([C@@H]4CO[C@@]5(Cc6ccccc65)C4)no3)c(=O)c21,CHEMBL6062464,6.705,6.56,6.85,0.2050609665440985,2,2020,2020,1,2
JWKCOLSRXWLOLP-GLJUWKHASA-N,Cn1cnc2ncn(Cc3nc([C@H]4[C@@H]5C=C(c6ccc7scnc7c6)C[C@@H]54)no3)c(=O)c21,CHEMBL5907024,7.53,7.44,7.62,0.12727922061357835,2,2020,2020,1,2
JWKCOLSRXWLOLP-PMUMKWKESA-N,Cn1cnc2ncn(Cc3nc([C@@H]4[C@H]5C=C(c6ccc7scnc7c6)C[C@H]54)no3)c(=O)c21,CHEMBL5850879,7.455,7.44,7.47,0.021213203435595972,2,2020,2020,1,2
JWNCZSYHJIVUEU-GUXCAODWSA-N,Cc1cc(N)nc2ncn(Cc3nc([C@H]4[C@@H]5C=C(c6ccccc6)C[C@@H]54)no3)c(=O)c12,CHEMBL5896142,8.385,7.95,8.82,0.6151828996322967,2,2020,2020,1,2
JWNGUBDEKMTXIP-NHAGDIPZSA-N,Cn1cnc2ncn(Cc3nc([C@H]4[C@@H]5CN(c6cncc(C(F)(F)F)c6)C[C@@H]54)no3)c(=O)c21,CHEMBL5908556,6.21,6.1,6.32,0.1555634918610409,2,2020,2020,1,2
JWRZFUGWLNUYGD-UHFFFAOYSA-N,CC(=O)Cn1c(=O)c2c(ncn2CC(=O)Nc2cccc(-c3cnc(C(F)(F)F)nc3)n2)n(C)c1=O,CHEMBL6033430,7.35,7.35,7.35,,1,2019,2019,1,1
JWYKVNCEXVVNTP-UHFFFAOYSA-N,N#Cc1ccc(NC2CCCCC2(O)C(F)(F)F)cc1C(F)(F)F,CHEMBL5428534,4.72,4.72,4.72,,1,2023,2023,1,1
JYCCDTYCMUOGBQ-LBPRGKRZSA-N,CCC(=O)Cn1c(=O)c2c(ncn2[C@@H](C)C(=O)Nc2csc(-c3cnc(C)c(C(F)(F)F)c3)n2)n(C)c1=O,CHEMBL6051212,9.0,9.0,9.0,,1,2019,2019,1,1
JYHBGHGDNGBHLR-LBPRGKRZSA-N,C[C@@H](C(=O)Nc1cncc(-c2ccc(C(F)(F)F)nc2)n1)n1cnc2c1c(=O)n(Cc1ccon1)c(=O)n2C,CHEMBL5934948,7.55,7.55,7.55,,1,2019,2019,1,1
JYMGYVCGGDSUSP-IPVJXJPOSA-N,O=c1c2cccc(=O)n2ccn1Cc1nc([C@H]2C[C@](F)(c3ccc(Cl)cc3)C2)no1,CHEMBL5754138,7.42,7.42,7.42,0.0,2,2020,2020,1,2
JYQQTCCLMQYYSB-RYRKJORJSA-N,Cn1c(NCCO)nc2ncn(Cc3nc([C@H]4[C@@H]5C=C(c6ccccc6)C[C@@H]54)no3)c(=O)c21,CHEMBL6019586,6.845,6.52,7.17,0.45961940777125615,2,2020,2020,1,2
JYTFGJCBRILOIU-LBPRGKRZSA-N,Cn1cnc2ncn(Cc3nn(C[C@@H]4CCc5ccc(Cl)cc54)c(=O)o3)c(=O)c21,CHEMBL6006997,6.71,6.71,6.71,,1,2021,2021,1,1
JYVPQGZHLMFNTN-UHFFFAOYSA-N,CC(C)C(NC(=O)OC(C)(C)C)C(=O)c1ccc(Cl)cn1,CHEMBL2071591,5.05,4.8,5.3,0.3535533905932738,2,2012,2012,1,2
JZBLZBUYBKFIGJ-CCKFTAQKSA-N,Cc1cncc2ncn(Cc3nc([C@H]4[C@@H]5Cc6ccccc6[C@@H]54)no3)c(=O)c12,CHEMBL5849425,7.03,7.03,7.03,,1,2020,2020,1,1
JZBLZBUYBKFIGJ-GDIGMMSISA-N,Cc1cncc2ncn(Cc3nc([C@@H]4[C@H]5Cc6ccccc6[C@H]54)no3)c(=O)c12,CHEMBL6036727,7.52,7.52,7.52,,1,2020,2020,1,1
JZXXBEFFCKCRCF-IGOJGBNBSA-N,Cc1cncc2ncn(Cc3nc([C@H]4[C@@H]5CN(c6ccccc6)C[C@@H]54)no3)c(=O)c12,CHEMBL5826497,7.84,7.84,7.84,,1,2020,2020,1,1
KAVXLDFMUNWDLX-GCJKJVERSA-N,O=C(NCc1ccnc(-c2ccc(OC(F)(F)F)cc2)c1)[C@@H]1C[C@@H](F)CN1S(=O)(=O)c1ccc(F)cc1,CHEMBL5765240,7.75,7.75,7.75,,1,2022,2022,1,1
KBDWUWKNXJLWES-LLVKDONJSA-N,C[C@H](Cn1nc(Cn2cnc3ncn(C)c3c2=O)oc1=O)c1ccc(Cl)cc1,CHEMBL6026829,7.47,7.47,7.47,,1,2021,2021,1,1
KBDWUWKNXJLWES-NSHDSACASA-N,C[C@@H](Cn1nc(Cn2cnc3ncn(C)c3c2=O)oc1=O)c1ccc(Cl)cc1,CHEMBL5910054,6.09,6.09,6.09,,1,2021,2021,1,1
KBGYHCULXCGUTB-YEORSEQZSA-N,Cn1cnc2ncn(Cc3nc([C@H]4C[C@H](Oc5ccc(Cl)cc5)C4)no3)c(=O)c21,CHEMBL5904043,7.744999999999999,7.6,7.89,0.2050609665440991,2,2020,2020,1,2
KBJLJHMMMFHLOW-SMDDNHRTSA-N,Cn1nnc2cnn(Cc3nc([C@@H]4CO[C@@H](c5ccc(Cl)cc5)C4)no3)c(=O)c21,CHEMBL6042892,7.234999999999999,7.1,7.37,0.1909188309203685,2,2020,2020,1,2
KBZMFUUCCJSHOG-XLIONFOSSA-N,O=C(NCc1ccc(F)c(-c2cnc(C(F)(F)F)nc2)c1)[C@@H]1CC[C@@H]1S(=O)(=O)c1ccc(F)cc1,CHEMBL5930880,6.8,6.8,6.8,,1,2020,2020,1,1
KCBWYEIWBIVYQK-UHFFFAOYSA-N,Cc1nc(Br)n2ncn(Cc3nc(CC(O)c4ccc(Cl)cc4)no3)c(=O)c12,CHEMBL5825265,7.85,7.85,7.85,,1,2021,2021,1,1
KCBYJLXRAIWJKQ-MSOLQXFVSA-N,O=C(NCc1cn(-c2ccc(C(F)(F)F)nc2)nc1C(F)(F)F)[C@@H]1CCC[C@@H]1S(=O)(=O)c1ccc(F)cc1,CHEMBL5866810,7.66,7.39,7.66,0.15588457268119935,3,2020,2020,1,1
KCBYJLXRAIWJKQ-QNSVNVJESA-N,O=C(NCc1cn(-c2ccc(C(F)(F)F)nc2)nc1C(F)(F)F)[C@@H]1CCCC1S(=O)(=O)c1ccc(F)cc1,CHEMBL5767216,7.39,7.39,7.39,,1,2020,2020,1,1
KDJIYOOVUNTKAJ-FUHWJXTLSA-N,Cc1nc(N2CCNCC2)n2ncn(Cc3nc([C@@H]4CO[C@@H](c5ccc(Cl)cc5)C4)no3)c(=O)c12,CHEMBL5881081,6.48,6.48,6.48,,1,2020,2020,1,1
KDLVKFCBCTXDOW-SWKFRHMKSA-N,Cc1oc2c(c1CC(=O)/N=c1\scc(-c3ccc(OC(F)(F)F)c(Cl)c3)n1COC(=O)CN)c(=O)n(C)c(=O)n2C,CHEMBL3954164,7.26,7.26,7.26,,1,2015,2015,1,1
KDMQTXGHOYJLOQ-NZQKXSOJSA-N,C[C@@]1(F)C[C@@H](C(=O)NCc2cc(-c3cnc(C(F)(F)F)nc3)ccc2F)N(S(=O)(=O)c2ccc(F)cc2)C1,CHEMBL5921909,8.22,8.22,8.22,,1,2022,2022,1,1
KDXRBPDHOHGHLI-GXFFZTMASA-N,Nc1nn2c(C(F)(F)F)ncc2c(=O)n1Cc1nc([C@@H]2CO[C@@H](c3ccc(Cl)cc3)C2)no1,CHEMBL5997995,8.515,8.35,8.68,0.2333452377915601,2,2020,2020,1,2
KEABNWALVFPWDZ-ZDUSSCGKSA-N,CNC(=O)c1sc2ncn(Cc3nc(C[C@H](O)c4ccc(Cl)cc4)no3)c(=O)c2c1C,CHEMBL4866216,8.0,8.0,8.0,0.0,2,2021,2021,2,2
KEQCKEFNTDXKBN-UHFFFAOYSA-N,CC(C)C(NC(=O)c1ccccc1)C(=O)c1ccc(Cl)c(Cl)c1,CHEMBL2071497,5.4,5.4,5.4,,1,2012,2012,1,1
KFLJBILIWFLJMW-SWLSCSKDSA-N,Nc1nc2ncccc2c(=O)n1Cc1nc([C@@H]2CO[C@@H](c3cccc(F)c3)C2)no1,CHEMBL5811232,7.695,7.5,7.89,0.275771644662753,2,2020,2020,1,2
KFPIBSJOVPWQQT-UHFFFAOYSA-N,CCc1ccc(-c2csc(NC(=O)Cc3cccc4c3c(=O)n(C)c(=O)n4C)n2)cc1,CHEMBL3968269,7.25,7.25,7.25,,1,2015,2015,1,1
KFZGTVWNSIPNCQ-NRFANRHFSA-N,CC(C)n1c(=O)c(CNC(=O)[C@@H]2CCCN2S(=O)(=O)c2cc3cnccc3o2)cn(-c2ccc(C(F)(F)F)cc2)c1=O,CHEMBL5978971,7.7,7.7,7.7,,1,2020,2020,1,1
KGDYRCIWRHRFPK-OWOJBTEDSA-N,Oc1ccc(/C=C/c2cc(Br)c(O)c(Br)c2)cc1,CHEMBL4064244,4.79,4.79,4.79,,1,2017,2017,1,1
KGRANTXTMXDAIF-VYKXQCJSSA-N,COC(=O)[C@@H](C)[C@@H]1CC[C@@](C)(CC/C=C(\C)CCC2=C(C)CCCC2(C)C)OO1,CHEMBL5432653,4.7,4.7,4.7,,1,2024,2024,1,1
KGVMCKSYBGNOLM-IVMQYODDSA-N,CCC(=O)Cn1c(=O)c2c(ncn2[C@@H](C)C(=O)Nc2cccc(-c3ccc(N4CC5CC5C4)nc3)n2)n(C)c1=O,CHEMBL5746363,8.52,8.52,8.52,,1,2019,2019,1,1
KGZSYEIVIHQFAV-UHFFFAOYSA-N,Cn1c(=O)c2c(CC(=O)Nc3nc(-c4ccc(C(F)(F)F)cc4F)cs3)nsc2n(C)c1=O,CHEMBL3913924,7.98,7.98,7.98,,1,2015,2015,1,1
KHBHURZBJBAUPN-MBBMFPOLSA-N,CC(=C\c1ccc(F)cc1)/C(=N\O)C(C)C,CHEMBL3697707,6.07,6.07,6.07,,1,2015,2015,1,1
KHBHURZBJBAUPN-MZRBSKCNSA-N,CC(=C\c1ccc(F)cc1)/C(=N/O)C(C)C,CHEMBL3697708,5.48,5.48,5.48,,1,2015,2015,1,1
KHCMGMZHKZFVBB-KRWDZBQOSA-N,O=C(NCc1ccc(Cl)cc1)[C@@H]1CCCN1S(=O)(=O)c1ccc(F)cc1,CHEMBL4454627,5.0,4.9,5.0,0.05773502691896237,3,2019,2019,1,2
KHIPZNLPSJMFRQ-MNZLEMJZSA-N,Cc1ccnc2ncn(Cc3nc([C@H]4[C@@H]5CN(c6ccc(Cl)cc6)C[C@@H]54)no3)c(=O)c12,CHEMBL5910674,6.54,6.54,6.54,,1,2020,2020,1,1
KHKAWXWOIAMQMU-MOPGFXCFSA-N,O=C(Cc1cn(-c2cnc(C(F)(F)F)nc2)nc1C1CC1)N[C@@H]1CC[C@@H]1S(=O)(=O)c1ccc(F)cc1,CHEMBL5847488,7.33,7.33,7.33,0.0,2,2020,2020,1,1
KHNKWIRXUWCUEJ-FOLVSLTJSA-N,Cn1cnc2ncn(Cc3nc([C@H]4[C@@H]5CN(c6cccc(OC(F)F)c6)C[C@@H]54)no3)c(=O)c21,CHEMBL5924890,6.98,6.98,6.98,,1,2020,2020,1,1
KHSABDQBZIWQTO-ZDUSSCGKSA-N,Cc1noc(Cn2c(=O)c3c(ncn3[C@@H](C)C(=O)Nc3cccc(-c4cnc(C(F)(F)F)c(C)c4)n3)n(C)c2=O)n1,CHEMBL5976528,8.22,8.22,8.22,,1,2019,2019,1,1
KHZLLVHHICAXLI-JYAVWHMHSA-N,Cn1cnc2ncn(Cc3nc([C@H]4[C@@H]5CN(c6cc(F)ccn6)C[C@@H]54)no3)c(=O)c21,CHEMBL5831050,7.04,6.71,7.37,0.4666904755831215,2,2020,2020,1,2
KIBRIXFLSAEWRD-MNNVXMFVSA-N,CCC(=O)Cn1c(=O)c2c(ncn2[C@@H](C)C(=O)Nc2cccc(-c3ccc(N4CC5C(C4)C5(F)F)nc3)n2)n(C)c1=O,CHEMBL5983223,8.3,8.3,8.3,,1,2019,2019,1,1
KISLLAVVUQSKFA-BEFAXECRSA-N,O=C(NCc1cc(-c2ccc(C(F)(F)F)nc2)ncn1)[C@@H]1C[C@@H](F)CN1S(=O)(=O)c1ccc(F)cc1,CHEMBL4066996,7.01,5.92,7.01,0.629311793416692,3,2018,2022,2,2
KISLLAVVUQSKFA-KXBFYZLASA-N,O=C(NCc1cc(-c2ccc(C(F)(F)F)nc2)ncn1)[C@@H]1C[C@H](F)CN1S(=O)(=O)c1ccc(F)cc1,CHEMBL4096004,5.725,5.36,6.09,0.5161879502661797,2,2018,2022,2,2
KKAXOBZHIMMGAT-GOEBONIOSA-N,Cc1cccc2nn(Cc3nc([C@@H]4CO[C@@H](c5ccc(Cl)cc5)C4)no3)c(=O)n12,CHEMBL5745808,6.835,6.82,6.85,0.021213203435595972,2,2020,2020,1,2
KKHGKGCIZAIQFF-QHCPKHFHSA-N,CC(C)n1cc(-c2ccc(C(F)(F)F)cn2)cc(CNC(=O)[C@@H]2CCCN2S(=O)(=O)c2cc3cc(F)ccc3o2)c1=O,CHEMBL5783476,7.64,7.64,7.64,,1,2020,2020,1,1
KMNAEBCIGPEECD-UHFFFAOYSA-N,Cc1cncc2ncn(Cc3nn(CCc4ccc(Cl)cc4)c(=O)o3)c(=O)c12,CHEMBL5985158,7.89,7.89,7.89,,1,2021,2021,1,1
KNPPROPWZGMELQ-UTKZUKDTSA-N,O=C(NCc1cc(-c2ccc(C(F)(F)F)cc2)ncn1)[C@@H]1C[C@@H](F)CN1S(=O)(=O)c1ccc(F)cc1,CHEMBL5841668,7.82,7.82,7.82,0.0,2,2022,2022,1,1
KOJGDUNEMGGIAC-UHFFFAOYSA-N,O=C(CCc1ccccc1)CC(O)CCCCCCc1ccccc1,CHEMBL1950595,5.44,5.44,5.44,,1,2023,2023,1,1
KOYSGBCDWRHDGA-QFIPXVFZSA-N,CC(C)n1cc(-c2ccc(C(F)(F)F)nc2)cc(CNC(=O)[C@@H]2CCCN2S(=O)(=O)c2cc3ccccc3o2)c1=O,CHEMBL5909651,6.75,6.75,6.75,,1,2020,2020,1,1
KQDOMOCNSBRDDX-DZGCQCFKSA-N,Cc1ccnc2nc(N)n(Cc3nc([C@@H]4CO[C@@H](c5ccc(F)cc5)C4)no3)c(=O)c12,CHEMBL5867511,8.36,7.87,8.85,0.6929646455628166,2,2020,2020,1,2
KQWPJWCPXVABPC-DEOSSOPVSA-N,CC(C)n1cc(CNC(=O)[C@@H]2CCCN2S(=O)(=O)c2cc3ccccc3o2)cc(-c2ccc(C(F)(F)F)cc2)c1=O,CHEMBL5769928,7.57,7.57,7.57,,1,2020,2020,1,1
KRBDFQDQWIUJAV-ZDUSSCGKSA-N,Cc1cc(Cn2c(=O)c3c(ncn3[C@@H](C)C(=O)Nc3cncc(-c4cncc(C(F)(F)F)c4)n3)n(C)c2=O)no1,CHEMBL6036941,8.3,8.3,8.3,,1,2019,2019,1,1
KRKWCQHXZXSWFM-UHFFFAOYSA-N,Fc1ccc(Oc2ncnc3[nH]ccc23)c(F)c1,CHEMBL3298430,6.15,6.15,6.15,,1,2014,2014,1,1
KRWUIYYMASCNIU-JTQLQIEISA-N,NC(=O)c1sc2ncn(Cc3nnn(C[C@H](O)c4ccc(Cl)cc4)n3)c(=O)c2c1Cl,CHEMBL5759882,8.22,8.22,8.22,,1,2023,2023,1,1
KSJHONZXLRBUGV-UHFFFAOYSA-N,CC(=O)Cn1c(=O)c2c(ncn2CC(=O)Nc2cccc(-c3cnc(C)c(C(F)(F)F)c3)n2)n(C)c1=O,CHEMBL5980126,8.4,8.4,8.4,,1,2019,2019,1,1
KSLQPFSVJVQJTN-UHFFFAOYSA-N,Cn1c(=O)c2c(CC(=O)Nc3nc(-c4ccc(F)c(C(F)(F)F)c4F)cs3)ccnc2n(C)c1=O,CHEMBL3979456,7.71,7.71,7.71,,1,2015,2015,1,1
KTXOJFRLLCSGST-ATCWAGBWSA-N,Cn1cnc2ncn(Cc3nc([C@H]4[C@@H]5CN(c6ccccc6F)C[C@@H]54)no3)c(=O)c21,CHEMBL5777536,7.52,7.32,7.72,0.28284271247461895,2,2020,2020,1,2
KTXXTAMHYVKIKC-UHFFFAOYSA-N,Cc1c(=O)n(Cc2ccccc2)c(=O)n2cc(C(=O)NCc3ccc4[nH]ccc4c3)sc12,CHEMBL3220224,6.17,6.17,6.17,,1,2012,2012,1,1
KUCKGTYCUCCWBF-UHFFFAOYSA-N,O=C(NCC(Cc1ccc(F)cc1)N1CCC(C(F)(F)F)C1)C1(c2ccc(F)cc2)CCCC1,CHEMBL4218381,5.84,5.84,5.84,,1,2016,2016,1,1
KUMFMRYNIVJBRS-UONOGXRCSA-N,Cn1cnc2ncn(Cc3nc([C@@H]4CO[C@@H](c5ccccc5)C4)no3)c(=O)c21,CHEMBL5910703,7.28,7.08,7.48,0.2828427124746193,2,2020,2020,1,2
KUOPDXDRBGFUSS-UHFFFAOYSA-N,CC(C)C(NC(=O)c1cnoc1C(C)(C)C)C(=O)c1ccc(C#N)cc1,CHEMBL2071509,6.15,6.0,6.3,0.2121320343559638,2,2012,2012,1,2
KUPHFKFESJUDAK-FQEVSTJZSA-N,CC(C)n1c(=O)c(CNC(=O)[C@@H]2CCCN2S(=O)(=O)c2cc3cc(F)ccc3o2)cn(-c2ccc(C(F)(F)F)nc2)c1=O,CHEMBL5838777,8.0,8.0,8.0,,1,2020,2020,1,1
KUTXHEQBZVXQNL-UHFFFAOYSA-N,c1ccc(Oc2ncnc3[nH]ccc23)cc1,CHEMBL3298432,5.5,5.5,5.5,,1,2014,2014,1,1
KUZQVDWAFOZJOE-QRWLVFNGSA-N,O=C(NCc1cc(N2CCC(F)(F)CC2)c(F)cn1)[C@@H]1C[C@@H](F)CN1S(=O)(=O)c1ccc(F)cc1,CHEMBL5901467,6.39,6.39,6.39,,1,2022,2022,1,1
KVBIZNGZPXTWQB-GXTWGEPZSA-N,Cn1cnc2ncn(Cc3nc([C@@H]4CO[C@@H](c5ccc(F)cc5)C4)no3)c2c1=O,CHEMBL5827481,7.345,7.22,7.47,0.1767766952966369,2,2020,2020,1,2
KVHIQQZLYJNLIF-SQGPQFPESA-N,Cn1cnc2ncn(Cc3nc([C@@H]4[C@H]5C=C(c6cccc(-c7cnco7)c6)C[C@H]54)no3)c(=O)c21,CHEMBL5791429,7.37,7.34,7.4,0.0424264068711932,2,2020,2020,1,2
KVMFUOIFKMJGTE-IPVJXJPOSA-N,Cc1ccnc2ncn(Cc3nc([C@H]4C[C@](F)(c5cccc(F)c5)C4)no3)c(=O)c12,CHEMBL5879601,7.51,7.47,7.55,0.05656854249492385,2,2020,2020,1,2
KVPTURFWDARJNL-IGOJGBNBSA-N,Cc1cncc2ncn(Cc3nc([C@H]4[C@@H]5CN(c6ccc(Cl)cc6)C[C@@H]54)no3)c(=O)c12,CHEMBL5878138,7.15,7.15,7.15,,1,2020,2020,1,1
KVSPYEYQFMGJNK-GXTWGEPZSA-N,Cn1cnc2ncn(Cc3nc([C@@H]4CO[C@@H](c5ccc(F)cc5)C4)no3)c(=O)c21,CHEMBL5076509,7.949999999999999,7.71,8.25,0.2901149197588201,4,2020,2020,1,2
KVVPUULMDPPTDH-SQWLQELKSA-N,Cn1cnc2ncn(Cc3nc([C@@H]4[C@H]5C=C(c6cccnc6)C[C@H]54)no3)c(=O)c21,CHEMBL6013511,6.41,6.36,6.46,0.0707106781186545,2,2020,2020,1,2
KVVPUULMDPPTDH-YCPHGPKFSA-N,Cn1cnc2ncn(Cc3nc([C@H]4[C@@H]5C=C(c6cccnc6)C[C@@H]54)no3)c(=O)c21,CHEMBL6020750,6.775,6.75,6.8,0.03535533905932694,2,2020,2020,1,2
KWWJAPGGMKHGFX-UHFFFAOYSA-N,O=C(NCC(CC1CCOCC1)N1CCC(O)(C(F)(F)F)CC1)C1(c2ccc(Cl)cc2)CCCC1,CHEMBL4215647,5.72,5.72,5.72,,1,2016,2016,1,1
KXJKBRSZQXSODD-SWLSCSKDSA-N,Nc1nc2cccnc2n1Cc1nc([C@@H]2CO[C@@H](c3ccc(Cl)cc3)C2)no1,CHEMBL6002716,8.055,7.99,8.12,0.09192388155425048,2,2020,2020,1,2
KXQHESILURTFDZ-OOHWJJMZSA-N,C[C@@H](C(=O)Nc1cncc(-c2ccc(N3CC4CC4C3)nc2)n1)n1cnc2c1c(=O)n(CC#N)c(=O)n2C,CHEMBL5871560,8.1,8.1,8.1,,1,2019,2019,1,1
KXWZZRHVIAVSMX-UHFFFAOYSA-N,N#Cc1cc2[nH]ncc2cc1-c1ccccc1C(F)(F)F,CHEMBL3299026,6.89,6.89,6.89,,1,2014,2014,1,1
KXZXNLHJKUDAQF-UHFFFAOYSA-N,Cc1ccccc1-c1ccc2[nH]ncc2c1,CHEMBL3298238,5.11,5.11,5.11,,1,2014,2014,1,1
KYNKXOOLHDJDOZ-ATCWAGBWSA-N,Cn1cnc2ncn(Cc3nc([C@H]4[C@@H]5CN(c6ccccc6Cl)C[C@@H]54)no3)c(=O)c21,CHEMBL5820633,7.11,7.11,7.11,,1,2020,2020,1,1
KZDJEUUOOISTHH-UHFFFAOYSA-N,Cc1c(=O)n(Cc2ccccc2)c(=O)n2cc(C(=O)NCc3ccncc3)sc12,CHEMBL3220225,5.93,5.93,5.93,,1,2012,2012,1,1
KZXZMTYISMCMQC-UZLBHIALSA-N,O=C(NCc1cc(-c2ccc(C(F)(F)F)cn2)cc(F)n1)[C@@H]1C[C@@H](F)CN1S(=O)(=O)c1ccc(F)cc1,CHEMBL6040428,8.05,8.05,8.05,,1,2022,2022,1,1
KZYIBERUTGMWIW-WILYLXEWSA-N,C[C@H]1[C@H](F)C[C@@H](C(=O)NCc2cc(-c3cnc(C(F)(F)F)nc3)ncn2)N1S(=O)(=O)c1ccc(F)cc1,CHEMBL4087767,7.19,7.19,7.19,0.0,2,2018,2021,2,2
KZYMSANMAJGLBF-RCAAVWGTSA-N,CCC(=N\O)/C(C)=C/c1ccc(F)nc1,CHEMBL1085708,5.9,5.9,5.9,0.0,2,2010,2017,2,2
LAMKDCIOIKOTRV-VQFNDLOPSA-N,O=c1c2cccnc2ncn1Cc1nc([C@H]2[C@@H]3CN(c4cccc(Cl)c4)C[C@@H]32)no1,CHEMBL5951749,7.875,7.86,7.89,0.021213203435595972,2,2020,2020,1,2
LAOOFNIDAVFMLB-GXTWGEPZSA-N,Cn1cnc2ncn(Cc3nc([C@@H]4CO[C@@H](c5ccc(S(F)(F)(F)(F)F)cc5)C4)no3)c(=O)c21,CHEMBL5762662,5.92,5.81,6.03,0.1555634918610409,2,2020,2020,1,2
LAZQLGQFJPMZPC-OFNKIYASSA-N,COCCOc1nc(C(F)(F)F)ccc1-c1cc(F)cc(CNC(=O)[C@@H]2C[C@@H](F)CN2S(=O)(=O)c2ccc(F)cc2)c1,CHEMBL5946763,7.28,7.28,7.28,,1,2022,2022,1,1
LBCLKSUDHMQCPT-UHFFFAOYSA-N,Cc1noc(C(C)C)c1C(=O)NC(C(=O)c1ccc(C#N)c(F)c1)C(C)(C)C,CHEMBL2071599,6.7,6.7,6.7,,1,2012,2012,1,1
LCHWALDJSLNZAF-UHFFFAOYSA-N,Cc1cc(Cn2c(=O)c3c(ncn3CC(=O)Nc3cccc(-c4cnc(C)c(C(F)(F)F)c4)n3)n(C)c2=O)no1,CHEMBL6038220,8.4,8.4,8.4,,1,2019,2019,1,1
LCVAKFVAVVYVKP-XLIONFOSSA-N,O=C(NCc1cc(-c2cnc(C(F)(F)F)nc2)ccc1F)[C@@H]1C[C@@H](F)CN1S(=O)(=O)c1ccc(F)cc1,CHEMBL5834801,7.96,7.96,7.96,,1,2022,2022,1,1
LDLLVRCAPFWYTL-YWPYICTPSA-N,Cn1cnc2ncn(Cc3nc([C@@H]4[C@H]5C=C(c6ccc(F)c(F)c6F)C[C@H]54)no3)c(=O)c21,CHEMBL5774642,7.959999999999999,7.72,8.2,0.27712812921102026,4,2020,2020,1,2
LDOFQBOPGCJOBN-NWANDNLSSA-N,Cn1cnc2ncn(Cc3nc([C@@H]4[C@H]5Cc6ccccc6[C@H]54)no3)c(=O)c21,CHEMBL5860081,6.56,6.56,6.56,,1,2020,2020,1,1
LDOFQBOPGCJOBN-SNPRPXQTSA-N,Cn1cnc2ncn(Cc3nc([C@H]4[C@@H]5Cc6ccccc6[C@@H]54)no3)c(=O)c21,CHEMBL5906843,6.23,6.23,6.23,,1,2020,2020,1,1
LDWKVFAOUNQPHG-MAUKXSAKSA-N,Cc1cc(S(=O)(=O)N2[C@H](CO)CC[C@@H]2c2ccc(F)cc2)ccc1F,CHEMBL3752532,6.72,6.72,6.72,,1,2016,2016,1,1
LEKRFJTXKXUQOH-WCQYABFASA-N,Cn1cnc2nc(N)n(Cc3nc([C@@H]4CO[C@@H](c5ccc(Cl)cc5)C4)no3)c2c1=O,CHEMBL6018348,7.335,6.9,7.77,0.6151828996322958,2,2020,2020,1,2
LFAYPGINOVAESB-ATCWAGBWSA-N,Cn1cnc2ncn(Cc3nc([C@H]4[C@@H]5CN(c6cc(Cl)ccc6F)C[C@@H]54)no3)c(=O)c21,CHEMBL5804080,7.9,7.9,7.9,,1,2020,2020,1,1
LFIARYKUQKQPHR-RUYXUALKSA-N,Cn1cnc2ncn(Cc3nc([C@H]4[C@@H]5CN(c6ccc7c(c6)CCCC7)C[C@@H]54)no3)c(=O)c21,CHEMBL5813752,6.16,6.16,6.16,,1,2020,2020,1,1
LFJLLZGVJMOKAN-YCPHGPKFSA-N,Cn1cnc2nnn(Cc3nc([C@H]4[C@@H]5C=C(c6ccccc6)C[C@@H]54)no3)c(=O)c21,CHEMBL5940557,7.699999999999999,7.6,7.8,0.14142135623730995,2,2020,2020,1,2
LFLLGOFAJPSJPA-NSHDSACASA-N,N#Cc1ccc([C@@H](O)Cn2nnc(Cn3cnc4sc5c(c4c3=O)CCNC5=O)n2)s1,CHEMBL5885215,7.1,7.1,7.1,,1,2023,2023,1,1
LFMJKUKQVYUFOI-SHTZXODSSA-N,Cc1ccnc2ncn(Cc3nc([C@H]4C[C@H](c5ccc(OC(F)F)cc5)C4)no3)c(=O)c12,CHEMBL5781292,7.29,7.29,7.29,,1,2020,2020,1,1
LFOVPEOOEVQMOM-UHFFFAOYSA-N,CC(C)Oc1cc2[nH]ncc2cc1-c1ccccc1C(F)(F)F,CHEMBL3299021,6.01,6.01,6.01,,1,2014,2014,1,1
LFVOFPFXYXXTEY-UHFFFAOYSA-N,Cn1cnc2ncn(Cc3nn(CCCOc4cccc(Cl)c4)c(=O)o3)c(=O)c21,CHEMBL5093218,7.65,7.65,7.65,,1,2021,2021,1,1
LFYAILSQQZVGPM-ZDUSSCGKSA-N,Cn1c(=O)ccc2ncn(Cc3nn(C[C@H](F)c4ccc(Cl)cc4)c(=O)o3)c(=O)c21,CHEMBL5807741,7.36,7.36,7.36,,1,2021,2021,1,1
LGDQCKVOXHGGTO-AWEZNQCLSA-N,Cc1ccnc2ncn(Cc3nn(C[C@H](F)c4ccc(Cl)cc4)c(=O)o3)c(=O)c12,CHEMBL6022425,8.3,8.3,8.3,,1,2021,2021,1,1
LGDQCKVOXHGGTO-CQSZACIVSA-N,Cc1ccnc2ncn(Cc3nn(C[C@@H](F)c4ccc(Cl)cc4)c(=O)o3)c(=O)c12,CHEMBL5966117,6.75,6.75,6.75,,1,2021,2021,1,1
LGMMPJBTYVKDBK-SQWLQELKSA-N,Cn1c(Cl)nc2ncn(Cc3nc([C@@H]4[C@H]5C=C(c6ccccc6)C[C@H]54)no3)c(=O)c21,CHEMBL5888814,7.994999999999999,7.8,8.19,0.2757716446627536,2,2020,2020,1,2
LGVSQHZAKUBGAR-UHFFFAOYSA-N,O=C(NCc1cn(-c2ccc(C(F)(F)F)cc2)nc1Cl)C1CCCC1S(=O)(=O)c1ccc(F)cc1,CHEMBL5941790,7.34,7.34,7.34,0.0,2,2020,2020,1,1
LGVSQHZAKUBGAR-UXHICEINSA-N,O=C(NCc1cn(-c2ccc(C(F)(F)F)cc2)nc1Cl)[C@@H]1CCC[C@@H]1S(=O)(=O)c1ccc(F)cc1,CHEMBL5963594,7.41,7.41,7.41,0.0,2,2020,2020,1,1
LHKBWGFVZPWGQN-MNZLEMJZSA-N,O=c1c2ccncc2ncn1Cc1nc([C@H]2[C@@H]3CN(c4cccc(Cl)c4)C[C@@H]32)no1,CHEMBL5844754,7.48,7.48,7.48,,1,2020,2020,1,1
LHZDFHPXUSASSO-IRLDBZIGSA-N,N#Cc1cc(CNC(=O)[C@@H]2C[C@@H](F)CN2S(=O)(=O)c2ccc(F)cc2)cc(-c2ccc(C(F)(F)F)nc2)c1,CHEMBL5985526,7.32,7.32,7.32,,1,2022,2022,1,1
LHZORGBUTZZYPP-FHERZECASA-N,C[C@@H](C(=O)Nc1cccc(-c2cnc(N3CC4CC4C3)nc2)n1)n1cnc2c1c(=O)n(CC#N)c(=O)n2C,CHEMBL6048542,8.5,8.3,8.7,0.282842712474618,2,2019,2019,1,1
LHZORGBUTZZYPP-UHFFFAOYSA-N,CC(C(=O)Nc1cccc(-c2cnc(N3CC4CC4C3)nc2)n1)n1cnc2c1c(=O)n(CC#N)c(=O)n2C,CHEMBL5837647,8.0,8.0,8.0,,1,2019,2019,1,1
LIFYIRBVSHHVHX-UHFFFAOYSA-N,Cc1cc(Cn2c(=O)c3c(ncn3CC(=O)Nc3cccc(-c4cnc(C(F)(F)F)c(C)c4)n3)n(C)c2=O)on1,CHEMBL5908506,7.31,7.31,7.31,,1,2019,2019,1,1
LISYHIGPSGJBLO-GTPINHCMSA-N,CC#CCn1c(=O)c2c(ncn2[C@@H](C)C(=O)Nc2cncc(-c3cnc(N4CC5CC5C4)nc3)n2)n(C)c1=O,CHEMBL5796485,8.3,8.3,8.3,,1,2019,2019,1,1
LJNZMPRTKUDPDS-UHFFFAOYSA-N,Cn1cnc2ncn(Cc3nn(CCc4ccc(C#N)cc4)c(=O)o3)c(=O)c21,CHEMBL6035547,5.93,5.93,5.93,,1,2021,2021,1,1
LJVBOYNVRPSCQX-UHFFFAOYSA-N,Cn1c(=O)c2c(CC(=O)Nc3nc(-c4cccc(C(F)(F)F)c4F)cs3)nsc2n(C)c1=O,CHEMBL3944172,8.28,8.28,8.28,,1,2015,2015,1,1
LKBZHIMJQJYAHH-UHFFFAOYSA-N,COc1cc(OC)cc(C2NC(=S)NC3=C2C(=O)c2ccccc23)c1,CHEMBL1939835,5.56,5.56,5.56,,1,2012,2012,1,1
LKFOIEUPHQVDAK-UHFFFAOYSA-N,Fc1ccc(Oc2cccc3[nH]ccc23)c(F)c1,CHEMBL3298690,5.96,5.96,5.96,,1,2014,2014,1,1
LKFWDDRPBOSQHO-NSHDSACASA-N,CC(=O)Cn1c(=O)c2c(ncn2[C@@H](C)C(=O)Nc2cncc(-c3cnc(C(F)(F)F)nc3)n2)n(C)c1=O,CHEMBL5810174,7.41,7.41,7.41,,1,2019,2019,1,1
LKGOYTNWKHESNU-UHFFFAOYSA-N,CC(C)C(O)C(C)(C)Cc1ccccc1,CHEMBL5595799,5.95,5.95,5.95,,1,2024,2024,1,1
LLQYCVKVDILAKB-GXTWGEPZSA-N,Cn1cnc2ncn(Cc3nc([C@@H]4CO[C@@H](c5ccc(Cl)cc5)C4)no3)c(=S)c21,CHEMBL5844147,8.45,8.38,8.52,0.09899494936611643,2,2020,2020,1,2
LLRCPJPOJWCVFG-NXNVCVFFSA-N,Cn1cnc2ncn(Cc3nc([C@@H]4[C@H]5CC[C@H](Oc6ccccc6)[C@H]54)no3)c(=O)c21,CHEMBL5826807,6.845,6.59,7.1,0.36062445840513907,2,2020,2020,1,2
LMRCGSHKMMSQEV-SQWLQELKSA-N,Cn1cnc2ncn(Cc3nc([C@@H]4[C@H]5C=C(c6ccncc6)C[C@H]54)no3)c(=O)c21,CHEMBL5934623,6.98,6.89,7.07,0.1272792206135787,2,2020,2020,1,2
LMRCGSHKMMSQEV-YCPHGPKFSA-N,Cn1cnc2ncn(Cc3nc([C@H]4[C@@H]5C=C(c6ccncc6)C[C@@H]54)no3)c(=O)c21,CHEMBL5860004,6.869999999999999,6.72,7.02,0.21213203435596445,2,2020,2020,1,2
LMRQHWNBPZIMFT-UHFFFAOYSA-N,Cc1cc(Cn2c(=O)c3c(ncn3CC(=O)Nc3ccc(Br)c(C(F)(F)F)n3)n(C)c2=O)no1,CHEMBL5753838,7.47,7.47,7.47,,1,2019,2019,1,1
LMTHLRLOCUUWOQ-UHFFFAOYSA-N,CC(C)c1cc2[nH]ncc2cc1-c1ccccc1C(F)(F)F,CHEMBL3298925,4.59,4.59,4.59,,1,2014,2014,1,1
LMYBZPVFXTXZQG-FOLVSLTJSA-N,Cn1cnc2ncn(Cc3nc([C@H]4[C@@H]5CN(c6ccccc6)C[C@@H]54)no3)c(=O)c21,CHEMBL6023045,7.54,7.54,7.54,,1,2020,2020,1,1
LNHYIPIWVZDRTE-KOMQPUFPSA-N,O=c1c2cccc(=O)n2ccn1Cc1nn([C@H]2C[C@H](c3ccc(Cl)cc3)C2)c(=O)o1,CHEMBL5748980,7.68,7.68,7.68,,1,2021,2021,1,1
LNPOPNHAJSGXPH-BEFAXECRSA-N,O=C(NCc1cc(-c2cnc(C(F)(F)F)nc2)ncc1Cl)[C@@H]1C[C@@H](F)CN1S(=O)(=O)c1ccc(F)cc1,CHEMBL5770614,8.0,8.0,8.0,,1,2022,2022,1,1
LNRZVKYAWMXAPS-UHFFFAOYSA-N,CC(C)C(NC(=O)c1cc(Cl)ccc1F)C(=O)c1ccc(C#N)cc1,CHEMBL2071506,5.7,5.7,5.7,,1,2012,2012,1,1
LNSIRIOINRHVCV-UHFFFAOYSA-N,Fc1ccc(Nc2n[nH]c3cc(Cl)ccc23)cc1F,CHEMBL4088258,6.96,6.96,6.96,,1,2017,2017,1,1
LOEVTFQCTSNTAC-IERDGZPVSA-N,O=C(NCc1cc(N2CCC(C(F)(F)F)CC2)c(C(F)(F)F)cn1)[C@@H]1C[C@@H](F)CN1S(=O)(=O)c1ccc(F)cc1,CHEMBL5873284,7.28,7.28,7.28,,1,2022,2022,1,1
LORGNQOYVLGAGP-PMACEKPBSA-N,O=C(NCc1cc(F)cc(-c2cnc(C(F)(F)F)nc2)c1)[C@@H]1[C@@H](F)CCN1S(=O)(=O)c1ccc(F)cc1,CHEMBL5911563,8.15,8.15,8.15,,1,2022,2022,1,1
LOTBKQZXFAVCCV-ATCWAGBWSA-N,Cn1cnc2ncn(Cc3nc([C@H]4[C@@H]5CN(c6cc(F)ccc6F)C[C@@H]54)no3)c(=O)c21,CHEMBL5845808,8.01,7.82,8.2,0.2687005768508874,2,2020,2020,1,2
LPCOIIXPRFJUPJ-JRZJBTRGSA-N,CC(O)Cn1c(=O)c2c(ncn2CC(=O)Nc2cccc(-c3cnc(N4CCC[C@H]4C(F)(F)F)nc3)n2)n(C)c1=O,CHEMBL5776499,6.51,6.51,6.51,,1,2019,2019,1,1
LPLVBOWGFAEFOE-GDBMZVCRSA-N,O=c1c2cccnc2ncn1Cc1nn([C@@H]2CC[C@@H](c3ccc(F)cc3)C2)c(=O)o1,CHEMBL5771488,7.39,7.39,7.39,,1,2021,2021,1,1
LQLOSOHAEWYAAN-RUYXUALKSA-N,Cn1cnc2ncn(Cc3nc([C@H]4[C@@H]5CN(c6ccc7ccccc7c6)C[C@@H]54)no3)c(=O)c21,CHEMBL5776029,8.14,8.14,8.14,,1,2020,2020,1,1
LRHYTZHUYICYOM-UHFFFAOYSA-N,Cc1oc2c(c1CC(=O)Nc1nc(-c3ccc(F)c(C(F)(F)F)c3F)cs1)c(=O)n(C)c(=O)n2C,CHEMBL3956560,8.35,8.35,8.35,,1,2015,2015,1,1
LRLWBLKHOSPXAN-APWZRJJASA-N,O=C(NCc1cc(F)cc(-c2csc(C(F)(F)F)n2)c1)[C@@H]1C[C@@H](F)CN1S(=O)(=O)c1ccc(F)cc1,CHEMBL5875068,6.96,6.96,6.96,,1,2022,2022,1,1
LRQGQNBGWAVMGR-WCQYABFASA-N,Cn1cnc2nc(Cl)n(Cc3nc([C@@H]4CO[C@@H](c5ccc(Cl)cc5)C4)no3)c(=O)c21,CHEMBL5830842,7.615,7.53,7.7,0.12020815280171303,2,2020,2020,1,2
LRXFJLLAFBGRML-GRTSSRMGSA-N,CC(=O)Cn1c(=O)c2c(ncn2[C@@H](C)C(=O)Nc2csc(-c3cnc(N4CC5C(C4)C5(F)F)nc3)n2)n(C)c1=O,CHEMBL5764449,8.52,8.52,8.52,,1,2019,2019,1,1
LRZQMDHWCOUOPM-SQWLQELKSA-N,Cn1nnc2ncn(Cc3nc([C@@H]4[C@H]5C=C(c6ccccc6)C[C@H]54)no3)c(=O)c21,CHEMBL5879055,8.185,7.98,8.39,0.28991378028648457,2,2020,2020,1,2
LRZQMDHWCOUOPM-YCPHGPKFSA-N,Cn1nnc2ncn(Cc3nc([C@H]4[C@@H]5C=C(c6ccccc6)C[C@@H]54)no3)c(=O)c21,CHEMBL6027272,8.36,8.21,8.51,0.21213203435596414,2,2020,2020,1,2
LSUGPAVXOXLORK-JOCHJYFZSA-N,Cc1cccc(N2CCN(C(=O)N[C@H](C(=O)c3ccc(C#N)cc3)C(C)(C)C)CC2)n1,CHEMBL5397673,7.1,7.1,7.1,,1,2023,2023,1,1
LTAAZSNGZSIZQM-UHFFFAOYSA-N,Cc1c(=O)n(Cc2ccccc2)c(=O)n2cc(C(=O)NCc3ccc(F)cc3)sc12,CHEMBL3220231,5.65,5.65,5.65,,1,2012,2012,1,1
LTDJLTDLWIUUDL-NFOMZHRRSA-N,C[C@@H](C(=O)Nc1ccnc(-c2cnc(N3CC4CC4C3)nc2)n1)n1cnc2c1c(=O)n(CC#N)c(=O)n2C,CHEMBL5949217,8.3,8.3,8.3,,1,2019,2019,1,1
LTWAIMIDHDTCGE-UHFFFAOYSA-N,N#Cc1ccc(-c2n[nH]c3cc(OC(F)(F)F)ccc23)cn1,CHEMBL4083680,5.93,5.93,5.93,,1,2017,2017,1,1
LTXRMKXVBGTLSA-UHFFFAOYSA-N,O=C(Cn1cnc2ncccc2c1=O)NCCc1ccc(Cl)cc1,CHEMBL3785649,5.93,5.93,5.93,,1,2016,2016,1,1
LUBDIXHYIRNPIQ-UHFFFAOYSA-N,Cc1cc(-c2csc(NC(=O)Cc3cccc4c3C(=O)N(C)C4=O)n2)ccc1Cl,CHEMBL1083804,6.6,6.6,6.6,,1,2010,2010,1,1
LUKBXSAWLPMMSZ-OWOJBTEDSA-N,Oc1ccc(/C=C/c2cc(O)cc(O)c2)cc1,CHEMBL165,6.12,6.12,6.12,,1,2017,2017,1,1
LUOQKYCEQBFDOI-MNZLEMJZSA-N,Cn1cnc2ncn(Cc3nc([C@H]4[C@@H]5CN(c6cnc7ccccc7c6)C[C@@H]54)no3)c(=O)c21,CHEMBL5897326,6.77,6.77,6.77,,1,2020,2020,1,1
LUTWICAIXWFDLX-DZFIZOCASA-N,Cn1cnc2ncn(Cc3nc([C@H]4[C@@H]5CN(c6ccc7c(c6)CCC7)C[C@@H]54)no3)c(=O)c21,CHEMBL5941868,6.96,6.96,6.96,,1,2020,2020,1,1
LVGJWOUPWIVHGT-VKJFTORMSA-N,Cn1cnc2ncn(Cc3nc([C@H]4[C@@H]5C=C(c6ccc7[nH]ncc7c6)C[C@@H]54)no3)c(=O)c21,CHEMBL6054159,7.8100000000000005,7.7,7.92,0.15556349186103996,2,2020,2020,1,2
LVNGBBYMWXDSCD-UHFFFAOYSA-N,Cn1c(=O)c2c(CC(=O)Nc3nc(-c4ccc(C(F)(F)F)c(F)c4)cs3)ccnc2n(C)c1=O,CHEMBL3905406,8.05,8.05,8.05,,1,2015,2015,1,1
LWHBTYBHTYESIQ-UHFFFAOYSA-N,Cc1cc2c(Oc3ccc(F)cc3F)ncnc2[nH]1,CHEMBL3298505,5.92,5.92,5.92,,1,2014,2014,1,1
LWLNRICWXNERKX-PANOFWHVSA-N,CCC(=N\OC)/C(C)=C/c1ccc(F)cc1,CHEMBL3697702,5.08,5.08,5.08,,1,2015,2015,1,1
LWPXBBRIJUTOEP-ZDUSSCGKSA-N,CNC(=O)c1sc2ncn(Cc3nc(C[C@H](O)c4ccc(F)cc4)no3)c(=O)c2c1C,CHEMBL5982169,7.28,7.28,7.28,,1,2021,2021,1,1
LXWUTCSZIGIMGQ-NRFANRHFSA-N,Cc1nc2c(c(=O)n(Cc3ccccn3)c(=O)n2C)n1CC(=O)Nc1cccc(-c2cnc(N3CCC[C@H]3C(F)(F)F)nc2)n1,CHEMBL6005670,8.0,8.0,8.0,,1,2019,2019,1,1
LXYWSBOWXXFXME-QAPCUYQASA-N,COc1nn(-c2ccc(C(F)(F)F)nc2)cc1CNC(=O)[C@@H]1C[C@@H](F)CN1S(=O)(=O)c1ccc(F)cc1,CHEMBL5899705,7.17,7.17,7.17,,1,2022,2022,1,1
LYNYBISSXARLGD-UHFFFAOYSA-N,Cn1c(=O)c2c(CC(=O)Nc3nc(-c4ccc(C(C)(C)C)cc4)cs3)cccc2n(C)c1=O,CHEMBL3973094,7.29,7.29,7.29,,1,2015,2015,1,1
LYYSCYDFWXHSRF-LAQFHYBYSA-N,Cn1cnc2ncn(Cc3nc([C@H]4[C@@H]5CN(c6ccc7scnc7c6)C[C@@H]54)no3)c(=O)c21,CHEMBL6000092,7.21,7.03,7.39,0.2545584412271567,2,2020,2020,1,2
LZAWPGLJCUXQOP-UHFFFAOYSA-N,CC(C)C(NC(=O)OC(C)(C)C)C(=O)c1ccc(C#N)cc1,CHEMBL2071589,5.4,5.2,5.6,0.28284271247461834,2,2012,2012,1,2
LZLVNQUCQLQASZ-UHFFFAOYSA-N,Cn1c(=O)c2c(ccn2CC(=O)Nc2ccc(C(C)(C)C)cc2)n(C)c1=O,CHEMBL1944845,5.51,5.51,5.51,,1,2012,2012,1,1
LZRMYUSAULVNHO-WCQYABFASA-N,Cn1cnc2c(C(N)=O)nn(Cc3nc([C@@H]4CO[C@@H](c5ccc(Cl)cc5)C4)no3)c(=O)c21,CHEMBL6028368,7.265000000000001,7.12,7.41,0.2050609665440985,2,2020,2020,1,2
LZZAVIYOWBNZER-VYDXJSESSA-N,Cn1cnc2ncn(Cc3nc([C@H]4[C@@H]5C=C(c6cccc(C(F)F)c6)C[C@@H]54)no3)c(=O)c21,CHEMBL5777279,7.54,7.5,7.58,0.05656854249492385,2,2020,2020,1,2
LZZAVIYOWBNZER-ZMSDIMECSA-N,Cn1cnc2ncn(Cc3nc([C@@H]4[C@H]5C=C(c6cccc(C(F)F)c6)C[C@H]54)no3)c(=O)c21,CHEMBL5828488,7.365,7.3,7.43,0.09192388155425078,2,2020,2020,1,2
MAAPLVMPZDDSFI-ZETCQYMHSA-N,COCC(=O)Cn1c(=O)c2c(ncn2[C@@H](C)C(N)=O)n(C)c1=O,CHEMBL6013472,7.51,7.51,7.51,,1,2019,2019,1,1
MALXQNURGIETDN-MOPGFXCFSA-N,O=C(NCc1cn(-c2ccc(C(F)(F)F)cc2)nc1Cl)[C@@H]1CC[C@@H]1S(=O)(=O)c1ccc(F)cc1,CHEMBL5877044,7.71,7.71,7.71,0.0,2,2020,2020,1,1
MALXQNURGIETDN-UHFFFAOYSA-N,O=C(NCc1cn(-c2ccc(C(F)(F)F)cc2)nc1Cl)C1CCC1S(=O)(=O)c1ccc(F)cc1,CHEMBL6008445,7.215,7.18,7.25,0.049497474683058526,2,2020,2020,1,1
MANPXGYRIORUOE-GOEBONIOSA-N,Cc1ccnc2ncn(Cc3nc([C@@H]4CO[C@@H](c5ccc(F)cc5)C4)no3)c(=O)c12,CHEMBL6001211,8.295,8.15,8.44,0.2050609665440982,2,2020,2020,1,2
MARWGKHZVAMFRS-HNNXBMFYSA-N,Cc1cc(Cn2c(=O)c3c(ncn3[C@@H](C)C(=O)Nc3cccc(-c4cnc(C(F)(F)F)c(C)c4)n3)n(C)c2=O)no1,CHEMBL5846838,8.7,8.7,8.7,,1,2019,2019,1,1
MBEIRYJQOWMKGK-UHFFFAOYSA-N,Cc1nc(Cn2c(=O)c3c(ncn3CC(=O)Nc3cccc(-c4cnc(C)c(C(F)(F)F)c4)n3)n(C)c2=O)no1,CHEMBL5910354,8.15,8.15,8.15,,1,2019,2019,1,1
MBFAPSKWPISCAC-OOAXWGSJSA-N,Cc1oc2c(c1CC(=O)/N=c1\scc(-c3ccc(OC(F)(F)F)c(Cl)c3)n1COP(=O)(O)O)c(=O)n(C)c(=O)n2C,CHEMBL3977053,5.93,5.93,5.93,,1,2015,2015,1,1
MBHKUJMCEPPIEW-MNZLEMJZSA-N,Cn1cnc2ncn(Cc3nc([C@H]4[C@@H]5CN(c6cccc(-c7cnco7)c6)C[C@@H]54)no3)c(=O)c21,CHEMBL6007249,7.62,7.58,7.66,0.05656854249492385,2,2020,2020,1,2
MBQFITADUYCEOL-UHFFFAOYSA-N,CC(C(=O)Nc1cccc(-c2cnc(C(F)(F)F)nc2)n1)n1cnc2c1c(=O)n(CC#N)c(=O)n2C,CHEMBL5891043,7.62,7.62,7.62,,1,2019,2019,1,1
MCSVDEMEILTGTA-LURJTMIESA-N,CNC(=O)Cn1c(=O)c2c(ncn2[C@@H](C)C(N)=O)n(C)c1=O,CHEMBL5815262,6.59,6.59,6.59,,1,2019,2019,1,1
MDZCDAYNNUPZDO-NQZBTDCJSA-N,C[C@H]1[C@H](F)C[C@@H](C(=O)NCc2cc(-c3cnc(C(F)(F)F)nc3)nc(C3CC3)n2)N1S(=O)(=O)c1ccc(F)cc1,CHEMBL4079886,8.3,8.3,8.3,,1,2018,2018,1,1
MESAZEZGAZMOOO-UHFFFAOYSA-N,Cn1c(=O)c2c(CC(=O)Nc3nc(-c4ccc(Cl)c(Cl)c4)cs3)cccc2n(C)c1=O,CHEMBL3953065,7.01,7.01,7.01,,1,2015,2015,1,1
MFRZFIMXWVKZNR-UHFFFAOYSA-N,CC(=O)Cn1c(=O)c2c(nc(C)n2CC(=O)Nc2cccc(-c3ccc(F)c(F)c3)n2)n(C)c1=O,CHEMBL5844543,7.35,7.35,7.35,,1,2019,2019,1,1
MGGVBMYIXILZHA-UHFFFAOYSA-N,Cn1c(=O)c2c(CC(=O)Nc3nc(-c4ccc(OC(F)(F)F)c(F)c4)cs3)ccnc2n(C)c1=O,CHEMBL3947801,7.94,7.94,7.94,,1,2015,2015,1,1
MHAHARMDLJOTNL-NSHDSACASA-N,Cc1nc(Cn2c(=O)c3c(ncn3[C@@H](C)C(=O)Nc3csc(-c4cnc(C)c(C(F)(F)F)c4)n3)n(C)c2=O)no1,CHEMBL6056200,8.7,8.7,8.7,,1,2019,2019,1,1
MHCWTBFSBKNAMQ-DCPHZVHLSA-N,O=C(NCc1ccnc(-c2cnc(C(F)(F)F)nc2)c1)[C@@H]1[C@H]2C[C@H]2CN1S(=O)(=O)c1ccc(F)cc1,CHEMBL5798618,7.42,7.42,7.42,,1,2022,2022,1,1
MHTJEUOFLVQMCL-NJHPPEEMSA-N,CC(=C\c1ccc(Cl)cc1)/C(C)=N/O,CHEMBL593902,5.51,5.04,5.76,0.2184196485143743,8,2010,2024,6,7
MHTJEUOFLVQMCL-UFVXJIOISA-N,CC(=N/O)/C(C)=C/c1ccc(Cl)cc1,CHEMBL5687035,5.335,5.16,5.51,0.24748737341529137,2,2011,2011,1,2
MHVONIOEJOVODB-UHFFFAOYSA-N,Fc1ccc(Oc2ncnc3[nH]ccc23)cc1F,CHEMBL3298500,5.52,5.52,5.52,,1,2014,2014,1,1
MJFAWSAGOMZKPI-RAXQPMNESA-N,Cc1oc2c(c1CC(=O)/N=c1\scc(-c3ccc(OC(F)(F)F)c(Cl)c3)n1COC(=O)[C@@H](N)C(C)C)c(=O)n(C)c(=O)n2C,CHEMBL3987098,7.05,7.05,7.05,,1,2015,2015,1,1
MJLDVLCZYBQYAL-UHFFFAOYSA-N,Cn1c(=O)c2c(CC(=O)Nc3nc(-c4ccc(OC(F)(F)F)c(F)c4)cs3)c(Cl)oc2n(C)c1=O,CHEMBL3939505,8.12,8.12,8.12,,1,2015,2015,1,1
MJYWLKTXRPVKEZ-MSOLQXFVSA-N,COc1nn(-c2ccc(C(F)(F)F)nc2)cc1CC(=O)N[C@@H]1CC[C@@H]1S(=O)(=O)c1ccc(F)cc1,CHEMBL5984897,7.73,7.73,7.73,0.0,2,2020,2020,1,1
MJYWLKTXRPVKEZ-UHFFFAOYSA-N,COc1nn(-c2ccc(C(F)(F)F)nc2)cc1CC(=O)NC1CCC1S(=O)(=O)c1ccc(F)cc1,CHEMBL5833223,6.67,6.67,6.67,,1,2020,2020,1,1
MJZFLVZBZCNKDO-LBPRGKRZSA-N,NC(=O)c1csc2ncn(Cc3nnn(C[C@H](O)c4cc5cc(F)ccc5o4)n3)c(=O)c12,CHEMBL5185597,7.66,7.66,7.66,,1,2022,2022,1,1
MKBIZVCFJOWGMO-LSDHHAIUSA-N,Cn1cnc2ncn(Cc3nc([C@@H]4CO[C@@H](c5ccc(C#N)cc5)C4)no3)c(=O)c21,CHEMBL5929533,7.125,6.97,7.28,0.2192031021678301,2,2020,2020,1,2
MKFGBLWMDLQLDI-GRTSSRMGSA-N,C[C@@H](C(=O)Nc1ccnc(-c2cnc(N3CC4C(C3)C4(F)F)nc2)n1)n1cnc2c1c(=O)n(CC#N)c(=O)n2C,CHEMBL5803475,8.15,8.15,8.15,,1,2019,2019,1,1
MKIKGQZGGGLNPU-LBPRGKRZSA-N,NC(=O)c1csc2ncn(Cc3nnn(C[C@H](O)c4cc5cc(Cl)ccc5o4)n3)c(=O)c12,CHEMBL5202437,7.92,7.92,7.92,,1,2022,2022,1,1
MKOVVWJQLPYAMT-UHFFFAOYSA-N,Fc1ccc(-c2n[nH]c3cc(C(F)(F)F)ccc23)cc1F,CHEMBL4061751,5.68,5.68,5.68,,1,2017,2017,1,1
MKZWVKSABWOAEC-UHFFFAOYSA-N,CC(C)(C)Nc1c(-c2cccc(Cl)c2)nc2cc(C(F)(F)F)ccn12,CHEMBL3924700,5.95,5.95,5.95,,1,2016,2016,1,1
MLVMMKNPHXPAAR-SUMWQHHRSA-N,O=c1c2cccnc2cnn1Cc1nc([C@@H]2CO[C@@H](c3ccc(F)cc3)C2)no1,CHEMBL5945569,7.835,7.78,7.89,0.07778174593051983,2,2020,2020,1,2
MMEGDRGXGKDKMU-FOLVSLTJSA-N,Cn1c(=O)c2c(ncn2Cc2nc([C@H]3[C@@H]4CN(c5cccc(Cl)c5)C[C@@H]43)no2)n(C)c1=O,CHEMBL6033693,7.25,7.25,7.25,,1,2020,2020,1,1
MMNOSEAJUARMOD-OOHWJJMZSA-N,CC(=O)Cn1c(=O)c2c(ncn2[C@@H](C)C(=O)Nc2cncc(-c3ccc(N4CC5C(C4)C5(F)F)nc3)n2)n(C)c1=O,CHEMBL6049051,8.0,8.0,8.0,,1,2019,2019,1,1
MMPAULQSJLVKHP-UHFFFAOYSA-N,Clc1cccc(-c2nnnn2Cc2cccnc2)c1Cl,CHEMBL377219,7.23,7.17,7.29,0.0848528137423861,2,2023,2023,2,2
MMRVTSMOSFLTST-UHFFFAOYSA-N,Cn1nc2c(c1CC(=O)Nc1nc(-c3ccc(C(F)(F)F)cc3)cs1)c(=O)n(C)c(=O)n2C,CHEMBL3906234,7.58,7.58,7.58,,1,2015,2015,1,1
MNMZXKKNMFGYBW-ZDUSSCGKSA-N,CC(=O)Cn1c(=O)c2c(ncn2[C@@H](C)C(=O)Nc2ccnc(-c3cnc(C)c(C(F)(F)F)c3)n2)n(C)c1=O,CHEMBL5879929,8.52,8.52,8.52,,1,2019,2019,1,1
MNWQVIWMYZQBRS-MQMHXKEQSA-N,Cn1cnc2ncn(Cc3nn([C@H]4C[C@H](Oc5cccc(F)c5)C4)c(=O)o3)c(=O)c21,CHEMBL5928205,7.94,7.94,7.94,,1,2021,2021,1,1
MOCHTZHSWMIZAF-UZLBHIALSA-N,O=C(NCc1cc(Cl)nc(-c2ccc(C(F)F)nc2)c1)[C@@H]1C[C@@H](F)CN1S(=O)(=O)c1ccc(F)cc1,CHEMBL6054973,7.26,7.26,7.26,,1,2022,2022,1,1
MQBRPGZLHZUVDU-UHFFFAOYSA-N,Cn1c(=O)c2c(ccn2CC(=O)Nc2nc(-c3ccc(OC(F)(F)F)cc3)cs2)n(C)c1=O,CHEMBL3931425,7.42,7.42,7.42,,1,2015,2015,1,1
MQPVCEGYFVTWDL-UHFFFAOYSA-N,Cc1oc2c(c1CC(=O)Nc1nc(-c3ccc(C(F)(F)F)c(F)c3F)cs1)c(=O)n(C)c(=O)n2C,CHEMBL3898239,8.4,8.4,8.4,,1,2015,2015,1,1
MQUKIMHLRYIAML-HSZRJFAPSA-N,COC[C@@]1(C(=O)NCc2cc(-c3ccc(C(F)(F)F)nc3)ncn2)CCCN1S(=O)(=O)c1ccc(F)cc1,CHEMBL5797246,6.6,6.6,6.6,,1,2022,2022,1,1
MQWVXCFLFCEROX-INIZCTEOSA-N,O=C(NCc1cn(-c2ccc(C(F)(F)F)nc2)nc1Cl)[C@@H]1CCN1S(=O)(=O)c1ccc(F)cc1,CHEMBL5781242,6.86,6.86,6.86,,1,2022,2022,1,1
MRBQQESZUMBYBU-OXFYSEKESA-N,COC(=O)[C@H](C)[C@@H]1CC[C@@](C)(CCC2=C(C)CCCC2(C)C)OO1,CHEMBL524897,4.53,4.53,4.53,,1,2024,2024,1,1
MRBQQESZUMBYBU-WRWLIDTKSA-N,COC(=O)[C@H](C)[C@H]1CC[C@@](C)(CCC2=C(C)CCCC2(C)C)OO1,CHEMBL451159,4.85,4.85,4.85,,1,2024,2024,1,1
MRHRRDRSFAZUKB-UHFFFAOYSA-N,Fc1ccc(-c2n[nH]c3cc(OC(F)(F)F)cnc23)cc1F,CHEMBL4073272,6.87,6.87,6.87,,1,2017,2017,1,1
MRIRDTYIRGDISF-UHFFFAOYSA-N,COc1ccc(C(=O)NC(Sc2ccc(Cl)cc2)C(Cl)(Cl)Cl)cc1,CHEMBL1086586,7.04,6.58,7.54,0.48013886880082224,3,2010,2010,1,3
MRJQAVHTQSPKOG-HALDLXJZSA-N,Cn1cnc2c(C#N)nn(Cc3nc([C@H]4[C@@H]5CN(c6ccccc6)C[C@@H]54)no3)c2c1=O,CHEMBL5752252,6.45,6.45,6.45,,1,2020,2020,1,1
MRLQZWIORUYYAK-SWLSCSKDSA-N,Cn1cnc2cnn(Cc3nc([C@@H]4CO[C@@H](c5ccc(Cl)cc5)C4)no3)c(=O)c21,CHEMBL6047901,7.58,7.41,7.75,0.24041630560342606,2,2020,2020,1,2
MSAYCLQQORKAFC-UHFFFAOYSA-N,Cn1c(=O)c2c(ccn2CC(=O)Nc2nc(-c3cc(Cl)c(OCCC(F)(F)F)c(Cl)c3)cs2)n(C)c1=O,CHEMBL3976638,7.74,7.74,7.74,,1,2015,2015,1,1
MSLUZYJVJCAREX-CTNGQTDRSA-N,O=C(NCc1cc(-c2cccc(C(F)(F)F)c2)ncn1)[C@@H]1CC[C@@H]1S(=O)(=O)c1ccc(F)cc1,CHEMBL5968237,6.41,6.41,6.41,,1,2020,2020,1,1
MSQPVCFZSCZFMD-UHFFFAOYSA-N,Cn1c(=O)c2c(CC(=O)Nc3nc(-c4cccc(C(F)(F)F)c4F)cs3)coc2n(C)c1=O,CHEMBL3976217,8.66,8.66,8.66,,1,2015,2015,1,1
MSYGBWPPRVPMSJ-MRXNPFEDSA-N,O=S(=O)(c1ccc(F)cc1)N1CCC[C@@H]1c1ccc(F)cc1,CHEMBL3754794,5.18,5.18,5.18,,1,2016,2016,1,1
MSZQIMOHOGZARD-UHFFFAOYSA-N,CCc1ccccc1-c1ccc2[nH]ncc2c1,CHEMBL3298239,6.23,6.23,6.23,,1,2014,2014,1,1
MTGXVBRHBMNUOU-GXTWGEPZSA-N,Cn1cnc2ncn(Cc3nc([C@@H]4CO[C@@H](c5ccc(OC(F)(F)F)cc5)C4)no3)c(=O)c21,CHEMBL6038964,7.09,7.01,7.17,0.1131370849898477,2,2020,2020,1,2
MUOIGSUAOLUOMW-UHFFFAOYSA-N,Cc1noc(Cn2c(=O)c3c(ncn3CC(N)=O)n(C)c2=O)n1,CHEMBL5747844,7.8,7.77,7.85,0.040414518843273385,3,2019,2019,1,1
MWEJPRYWFKNEQK-UHFFFAOYSA-N,COc1ccc(C(=O)NC(C(=O)c2ccc(C#N)cc2)C(C)C)cc1,CHEMBL2071503,5.050000000000001,4.9,5.2,0.2121320343559638,2,2012,2012,1,2
MWNYBDMBUNWRDN-UHFFFAOYSA-N,Cc1c(=O)n(Cc2ccccc2)c(=O)n2cc(C(=O)N3CCC(Oc4ccccc4F)CC3)sc12,CHEMBL3220451,6.7,6.7,6.7,,1,2012,2012,1,1
MWVJVARWBHTASX-HUBLWGQQSA-N,Cn1cnc2ncn(Cc3nc([C@@H]4[C@H]5Oc6c(Cl)cccc6[C@H]54)no3)c(=O)c21,CHEMBL5782442,6.12,6.12,6.12,,1,2020,2020,1,1
MWVJVARWBHTASX-LALPHHSUSA-N,Cn1cnc2ncn(Cc3nc([C@H]4[C@@H]5Oc6c(Cl)cccc6[C@@H]54)no3)c(=O)c21,CHEMBL5897867,7.32,7.3,7.34,0.028284271247461613,2,2020,2020,1,2
MXDJEHKNIKUPOY-CMPLNLGQSA-N,Nc1nc2ncsc2c(=O)n1Cc1nc([C@@H]2CO[C@@H](c3ccc(F)cc3)C2)no1,CHEMBL5831249,8.64,8.64,8.64,,1,2020,2020,1,1
MYASRSUUBFDVPB-BEFAXECRSA-N,O=C(NCc1cc(-c2cnc(C(F)(F)F)nc2)ncc1F)[C@@H]1C[C@@H](F)CN1S(=O)(=O)c1ccc(F)cc1,CHEMBL5898404,7.58,7.58,7.58,,1,2022,2022,1,1
MYBJZJMUOIRKIX-CYXPSIDGSA-N,C=C1CCCC(C)(C)C1CC[C@]1(C)CC[C@H]([C@@H](C)C(=O)OC)OO1,CHEMBL465146,4.72,4.72,4.72,,1,2024,2024,1,1
MYECAPLZRDMDEP-NRFANRHFSA-N,O=C(NCc1ccc(=O)n(-c2ccc(C(F)(F)F)cc2)c1)[C@@H]1CCCN1S(=O)(=O)c1cc2ccccc2o1,CHEMBL5774043,6.8,6.8,6.8,,1,2020,2020,1,1
MYGMWKBCBYXEOU-UHFFFAOYSA-N,CC(=O)Cn1c(=O)c2c(ncn2CC(=O)Nc2cccc(-c3ccc(F)c(F)c3)n2)n(C)c1=O,CHEMBL5757813,7.38,7.38,7.38,,1,2019,2019,1,1
MYIJPYOIQWNCTL-UHFFFAOYSA-N,CN1C(=O)c2cccc(CC(=O)Nc3nc(-c4cccc(C(F)(F)F)c4)cs3)c2C1=O,CHEMBL1083798,6.3,6.3,6.3,,1,2010,2010,1,1
MYPMHHGCMJXXDR-NRFANRHFSA-N,O=C(NCc1ccc(=O)n(-c2ccc(C(F)(F)F)cc2)c1)[C@@H]1CCCN1S(=O)(=O)c1cc2cc(F)ccc2o1,CHEMBL5826345,7.22,7.22,7.22,,1,2020,2020,1,1
MZBAUWHFVTWOCF-UHFFFAOYSA-N,Fc1ccc(-c2n[nH]c3cc(NC4CCN(CC5CC5)CC4)cnc23)cc1,CHEMBL4079870,5.33,5.33,5.33,,1,2017,2017,1,1
MZDLKLCZJYQPTH-GOEBONIOSA-N,CC#CCn1c(=O)c2c(ncn2[C@@H](C)C(=O)Nc2csc(-c3cnc(N4CCC[C@@H]4C(F)(F)F)nc3)n2)n(C)c1=O,CHEMBL6013485,9.0,9.0,9.0,,1,2019,2019,1,1
MZDLKLCZJYQPTH-HOCLYGCPSA-N,CC#CCn1c(=O)c2c(ncn2[C@@H](C)C(=O)Nc2csc(-c3cnc(N4CCC[C@H]4C(F)(F)F)nc3)n2)n(C)c1=O,CHEMBL5867420,9.0,9.0,9.0,,1,2019,2019,1,1
MZGUKCQKDCDZDA-NSHDSACASA-N,Cc1c(C(N)=O)sc2ncn(Cc3nnn(C[C@H](O)c4ccc5c(c4)OCO5)n3)c(=O)c12,CHEMBL5874780,7.55,7.55,7.55,,1,2023,2023,1,1
MZVLUJKMPFKSCI-UHFFFAOYSA-N,Cc1ncnc2ncn(Cc3nn(CCc4ccc(Cl)cc4)c(=O)o3)c(=O)c12,CHEMBL5882285,6.97,6.97,6.97,,1,2021,2021,1,1
NAIFTAJHKHUWIN-NWANDNLSSA-N,Cn1cnc2ncn(Cc3nc([C@@H]4[C@H]5Cc6cc(Cl)ccc6[C@H]54)no3)c(=O)c21,CHEMBL5949558,7.13,7.13,7.13,,1,2020,2020,1,1
NAIFTAJHKHUWIN-SNPRPXQTSA-N,Cn1cnc2ncn(Cc3nc([C@H]4[C@@H]5Cc6cc(Cl)ccc6[C@@H]54)no3)c(=O)c21,CHEMBL5959974,6.42,6.42,6.42,,1,2020,2020,1,1
NAIQURVKOAEMNP-UHFFFAOYSA-N,Cc1ncc(-c2cccc(NC(=O)Cn3cnc4c3c(=O)n(CCO)c(=O)n4C)n2)cc1C(F)(F)F,CHEMBL5884834,6.63,6.63,6.63,,1,2019,2019,1,1
NAOMZGKLBJKTAT-UHFFFAOYSA-N,O=c1c2nccnc2ncn1Cc1nc(CCc2ccc(Cl)cc2)no1,CHEMBL3786920,6.04,6.04,6.04,,1,2016,2016,1,1
NASBLTGMHKILDI-LBPRGKRZSA-N,CC(=O)Cn1c(=O)c2c(ncn2[C@@H](C)C(=O)Nc2csc(-c3cnc(C)c(C(F)(F)F)c3)n2)n(C)c1=O,CHEMBL5934035,8.52,8.52,8.52,,1,2019,2019,1,1
NBNOGVOWEZWSDX-UHFFFAOYSA-N,CC(C)COc1c(F)cc(-c2csc(NC(=O)Cc3coc4c3c(=O)n(C)c(=O)n4C)n2)cc1F,CHEMBL3908909,7.74,7.74,7.74,,1,2015,2015,1,1
NBSLXNJLYUHGDR-IGOJGBNBSA-N,Cc1cncc2ncn(Cc3nc([C@H]4[C@@H]5CN(c6cccc(Cl)c6)C[C@@H]54)no3)c(=O)c12,CHEMBL6063999,7.09,7.09,7.09,,1,2020,2020,1,1
NBWWXTRHLDJUJO-UHFFFAOYSA-N,CC(C)(C)Nc1c(-c2cc(Cl)cc(Cl)c2)nc2ccc(C(F)(F)F)cn12,CHEMBL3946501,5.88,5.88,5.88,,1,2016,2016,1,1
NCAMCMDMPZEGLJ-AWEZNQCLSA-N,C[C@@H](C(=O)Nc1cncc(-c2ccc(C(F)(F)F)nc2)n1)n1cnc2c1c(=O)n(Cc1ccccn1)c(=O)n2C,CHEMBL5882546,7.23,7.23,7.23,,1,2019,2019,1,1
NCCUKKILHUYRJX-UXHICEINSA-N,O=C(Cn1cc(-c2ccc(C(F)(F)F)cc2)cn1)N[C@@H]1CC[C@@H]1S(=O)(=O)c1ccc(F)cc1,CHEMBL5998282,6.7,6.7,6.7,,1,2020,2020,1,1
NCURYYQHLSRXOT-UHFFFAOYSA-N,Cc1oc2c(c1CC(=O)Nc1nc(-c3cc(F)c(OCC(F)(F)F)c(F)c3)cs1)c(=O)n(C)c(=O)n2C,CHEMBL3974013,8.78,8.78,8.78,,1,2015,2015,1,1
NDCBWQCTQSTKJY-UHFFFAOYSA-N,CCC(O)C(C)Cc1ccccc1,CHEMBL5595834,4.66,4.66,4.66,,1,2024,2024,1,1
NERDQWNAJADUOY-CVDCTZTESA-N,CC(C)n1c(=O)c(CNC(=O)[C@@H]2[C@@H](O)CCN2S(=O)(=O)c2cc3cc(F)ccc3o2)cn(-c2ccc(C(F)(F)F)cn2)c1=O,CHEMBL5757866,6.8,6.8,6.8,,1,2020,2020,1,1
NETQTTFOIRBCDZ-AEFFLSMTSA-N,O=C(NCc1cc(F)cc(-c2nc(C(F)(F)F)cs2)c1)[C@@H]1C[C@@H](F)CN1S(=O)(=O)c1ccc(F)cc1,CHEMBL6004449,7.07,7.07,7.07,,1,2022,2022,1,1
NFNBZWYHKFLQAP-UHFFFAOYSA-N,COc1ccc(C2NC(=S)NC3=C2C(=O)c2ccccc23)cc1,CHEMBL1939979,5.51,5.51,5.51,,1,2012,2012,1,1
NGORHOBBMAHQFE-LAQFHYBYSA-N,Cn1cnc2ncn(Cc3nc([C@H]4[C@@H]5CN(c6cc(F)c(C#N)c(F)c6)C[C@@H]54)no3)c(=O)c21,CHEMBL5995388,7.43,7.11,7.75,0.45254833995939053,2,2020,2020,1,2
NGVRXPJMFITBJX-AWEZNQCLSA-N,CNC(=O)c1sc2ncn(Cc3nnn(C[C@H](O)c4ccc(C)cc4)n3)c(=O)c2c1C,CHEMBL6049924,7.42,7.42,7.42,,1,2023,2023,1,1
NHABUIFDSBXZLP-JEYLPNPQSA-N,C[C@@H](C(=O)Nc1cncc(-c2ccc(N3CC4C(C3)C4(F)F)nc2)n1)n1cnc2c1c(=O)n(CC#N)c(=O)n2C,CHEMBL5745785,8.7,8.7,8.7,,1,2019,2019,1,1
NHFRFZWACDLIJO-GRTSSRMGSA-N,Cc1noc(Cn2c(=O)c3c(ncn3[C@@H](C)C(=O)Nc3csc(-c4cnc(N5CC6CC6C5)nc4)n3)n(C)c2=O)n1,CHEMBL5808744,8.22,8.22,8.22,,1,2019,2019,1,1
NHHOKCAEWOGISL-NFOMZHRRSA-N,CC(=O)Cn1c(=O)c2c(ncn2[C@@H](C)C(=O)Nc2cncc(-c3cnc(N4CC5C(C4)C5(F)F)cn3)n2)n(C)c1=O,CHEMBL6056510,7.68,7.68,7.68,,1,2019,2019,1,1
NHXPTCSMIZELNE-UHFFFAOYSA-N,CCc1c[nH]c2ncnc(Oc3ccc(F)cc3F)c12,CHEMBL3298583,5.8,5.8,5.8,,1,2014,2014,1,1
NIKXCFKCQIOJGE-IGEOTXOUSA-N,COCC(=O)Cn1c(=O)c2c(ncn2[C@@H](C)C(=O)Nc2csc(-c3ccc(N4CC5C(C4)C5(F)F)nc3)n2)n(C)c1=O,CHEMBL5845983,8.4,8.4,8.4,,1,2019,2019,1,1
NIVMPNIOANBDGM-UHFFFAOYSA-N,Cn1c(=O)c2c(CC(=O)Nc3nc(-c4ccc(Br)cc4)cs3)cccc2n(C)c1=O,CHEMBL3921886,7.13,7.13,7.13,,1,2015,2015,1,1
NKQCFZYAGAXSEP-ORMTXKICSA-N,Cn1cnc2ncn(Cc3nc([C@H]4[C@@H]5CN(c6cc(Cl)c(F)cc6F)C[C@@H]54)no3)c(=O)c21,CHEMBL5972839,7.52,7.51,7.53,0.014142135623730963,2,2020,2020,1,2
NKUUKWCBPOPJIO-LBPRGKRZSA-N,Cn1cnc2ncn(Cc3nn(C[C@@H]4CCc5cc(Cl)ccc54)c(=O)o3)c(=O)c21,CHEMBL5752721,7.21,7.21,7.21,,1,2021,2021,1,1
NKZCJCIDAGEUIM-LBPRGKRZSA-N,Cc1noc(Cn2c(=O)c3c(ncn3[C@@H](C)C(=O)Nc3cncc(-c4cnc(C(F)(F)F)c(C)c4)n3)n(C)c2=O)n1,CHEMBL5912245,8.05,8.05,8.05,,1,2019,2019,1,1
NLNWNOMTEBKBKR-NSHDSACASA-N,Cc1nc(Cn2c(=O)c3c(ncn3[C@@H](C)C(=O)Nc3cccc(-c4cnc(C(F)(F)F)nc4)n3)n(C)c2=O)no1,CHEMBL5819550,7.64,7.64,7.64,,1,2019,2019,1,1
NLOJJXVQKKKSMA-UHFFFAOYSA-N,Cn1nc2c(c1CC(=O)Nc1nc(-c3ccc(OC(F)(F)F)c(F)c3)cs1)c(=O)n(C)c(=O)n2C,CHEMBL3900789,7.96,7.96,7.96,,1,2015,2015,1,1
NLWIALKJQZYZKG-UHFFFAOYSA-N,Cn1cnc2ncn(Cc3nn(CCc4ccc(C(F)(F)F)cc4)c(=O)o3)c(=O)c21,CHEMBL5907774,6.24,6.24,6.24,,1,2021,2021,1,1
NLZYLJKBFOAYMA-UHFFFAOYSA-N,Cc1oc2c(c1CC(=O)Nc1nc(-c3ccc(OC(F)(F)F)c(Cl)c3)cs1)c(=O)n(C)c(=O)n2C,CHEMBL3931880,8.07,8.07,8.07,,1,2015,2015,1,1
NMCHHCFFFJAHSG-MIRVZWSXSA-N,Cc1ccnc2ncn(Cc3nn([C@H]4C[C@](F)(c5ccc(C#N)cc5)C4)c(=O)o3)c(=O)c12,CHEMBL5867419,7.67,7.67,7.67,,1,2021,2021,1,1
NMXYAUFQQIWAEC-MQMHXKEQSA-N,Cn1cnc2ncn(Cc3nn([C@H]4C[C@H](Oc5ccccc5)C4)c(=O)o3)c(=O)c21,CHEMBL5772230,7.25,7.25,7.25,,1,2021,2021,1,1
NNNQVSUPWVEWSZ-UHFFFAOYSA-N,Cc1ccc(-c2csc(NC(=O)Cc3cccc4c3c(=O)n(C)c(=O)n4C)n2)cc1,CHEMBL3985375,7.01,7.01,7.01,,1,2015,2015,1,1
NNQHKCKPDGQFKO-DYXWJJEUSA-N,Cn1c(NC2CCOCC2)nc2ncn(Cc3nc([C@H]4[C@@H]5C=C(c6ccccc6)C[C@@H]54)no3)c(=O)c21,CHEMBL5899823,7.234999999999999,7.1,7.37,0.1909188309203685,2,2020,2020,1,2
NNSLKBVDAAEDLW-UHFFFAOYSA-N,Cn1c(=O)c2c(CC(=O)Nc3nc(-c4ccc(OC(F)(F)F)c(F)c4)cs3)nsc2n(C)c1=O,CHEMBL3892970,8.1,8.1,8.1,,1,2015,2015,1,1
NNTSHWHAMWNNPN-CSKARUKUSA-N,CCOc1cc(/C=C/C(=O)Nc2ccccc2C(=O)O)ccc1O,CHEMBL4551396,4.0,4.0,4.0,,1,2019,2019,1,1
NNTVXWSMKXIYQP-FMIVXFBMSA-N,CC/C(=C\C(C)c1ccccc1)CO,CHEMBL5593661,5.11,5.11,5.11,,1,2024,2024,1,1
NNTVXWSMKXIYQP-XFXZXTDPSA-N,CC/C(=C/C(C)c1ccccc1)CO,CHEMBL5590464,4.86,4.86,4.86,,1,2024,2024,1,1
NOOQUZUAODSSGX-HDMKZQKVSA-N,Cn1cnc2ncn(Cc3nc([C@@H]4[C@H]5C=C(c6ccc7oncc7c6)C[C@H]54)no3)c(=O)c21,CHEMBL5973150,8.11,7.86,8.36,0.35355339059327345,2,2020,2020,1,2
NOXDIPWNQOTUAB-UHFFFAOYSA-N,O=C(NC(Sc1ccc(Cl)cc1)C(Cl)(Cl)Cl)c1ccccc1,CHEMBL1086371,7.68,6.92,8.15,0.6206716791777547,3,2010,2010,1,3
NPEFTSHDWRRIGK-QWHZDKJVSA-N,Cc1cc(C#N)nc2ncn(Cc3nc([C@H]4[C@@H]5CN(c6cc(Cl)ccn6)C[C@@H]54)no3)c(=O)c12,CHEMBL6000403,7.674999999999999,7.31,8.04,0.5161879502661797,2,2020,2020,1,2
NPMWJMYXYACXRK-UHFFFAOYSA-N,Cc1cc(Cn2c(=O)c3c(ncn3CC(N)=O)n(C)c2=O)no1,CHEMBL6008410,7.77,7.64,8.05,0.20952326839757002,3,2019,2019,1,1
NPTHNANPKCRKIP-VIKVFOODSA-N,Cc1cnn2ncn(Cc3nc([C@H]4[C@@H]5CN(c6cc(F)ccn6)C[C@@H]54)no3)c(=O)c12,CHEMBL5751966,7.92,7.72,8.12,0.28284271247461834,2,2020,2020,1,2
NPUDHMAZVHROFR-WOSRLPQWSA-N,Cn1cnc2ncn(Cc3nc([C@@H]4[C@H]5C=C(c6ccc(F)cn6)C[C@H]54)no3)c(=O)c21,CHEMBL5805829,7.380000000000001,7.19,7.57,0.26870057685088766,2,2020,2020,1,2
NPUDHMAZVHROFR-WWGRRREGSA-N,Cn1cnc2ncn(Cc3nc([C@H]4[C@@H]5C=C(c6ccc(F)cn6)C[C@@H]54)no3)c(=O)c21,CHEMBL5863856,7.025,6.94,7.11,0.12020815280171303,2,2020,2020,1,2
NQEUZZGRELLFAS-JJRVBVJISA-N,Cn1cnc2ncn(Cc3nc([C@@H]4[C@H]5C=C(c6ccccc6F)C[C@H]54)no3)c(=O)c21,CHEMBL5742566,7.985,7.81,8.33,0.2286737122335376,4,2020,2020,1,2
NQPPCJDUDWGYDN-MSRIBSCDSA-N,Cn1cnc2ncn(Cc3nc([C@H]4[C@@H]5CN(c6c(F)ccc(Cl)c6F)C[C@@H]54)no3)c(=O)c21,CHEMBL6034527,7.85,7.53,8.17,0.45254833995939053,2,2020,2020,1,2
NSCDYGWDPJENAZ-DLBZAZTESA-N,Cn1cnc2ncn(Cc3nc([C@@H]4CO[C@@H](c5ccc(C6CC6)cc5)C4)no3)c(=O)c21,CHEMBL5775732,7.455,7.34,7.57,0.16263455967290624,2,2020,2020,1,2
NSMVPLGFGKOGBJ-ZHRRBRCNSA-N,C[C@@]1(C(=O)NCc2cc(-c3ccc(C(F)(F)F)nc3)ncn2)C[C@@H](F)CN1S(=O)(=O)c1ccc(F)cc1,CHEMBL6000992,7.42,7.04,7.8,0.537401153701776,2,2022,2022,1,1
NSOSVZCRYQUGJD-VIKVFOODSA-N,Cc1ccc(N2C[C@@H]3[C@H](C2)[C@H]3c2noc(Cn3cnc4ncn(C)c4c3=O)n2)nc1,CHEMBL6047294,6.71,6.65,6.77,0.08485281374238515,2,2020,2020,1,2
NSPJVTHVINFJSX-JTQLQIEISA-N,Cc1c(C(N)=O)sc2ncn(Cc3nc(C[C@H](O)c4ccc5c(c4)OC(F)(F)O5)no3)c(=O)c12,CHEMBL5785827,7.47,7.47,7.47,,1,2021,2021,1,1
NSULWEQZEHFMNX-UHFFFAOYSA-N,O=C(NCC(Cc1ccccc1)N1CCC(C(F)(F)F)CC1)C1(c2ccc(Cl)cc2)CCCC1,CHEMBL3974466,8.15,8.15,8.15,,1,2016,2016,1,1
NTFPIJYAGREYFB-UHFFFAOYSA-N,Cn1c(=O)c2c(CC(=O)Nc3nc(-c4ccc(F)c(C(F)(F)F)c4F)cs3)onc2n(C)c1=O,CHEMBL3894760,7.77,7.77,7.77,,1,2015,2015,1,1
NTYRFIKFQBKXPB-JEYLPNPQSA-N,CC(=O)Cn1c(=O)c2c(ncn2[C@@H](C)C(=O)Nc2cncc(-c3cnc(N4CC5C(C4)C5(F)F)nc3)n2)n(C)c1=O,CHEMBL5745226,8.22,8.22,8.22,,1,2019,2019,1,1
NUSGVFGBRJCICH-UHFFFAOYSA-N,O=C1C2=C(NC(=S)NC2c2cccc(OCCO)c2)c2ccccc21,CHEMBL1939832,6.68,6.68,6.68,,1,2012,2012,1,1
NVJRTSJVHGFIRF-UHFFFAOYSA-N,CC(C)(C)Nc1c(-c2cccc(Cl)c2)nc2c(Br)cc(Cl)cn12,CHEMBL3931817,5.96,5.96,5.96,,1,2016,2016,1,1
NVQMCWJWKHEVQL-HPFXQQBRSA-N,Cn1cnc2ncn(Cc3nc([C@H]4[C@@H]5CN(C[C@@H](F)c6ccc(Cl)cc6)C[C@@H]54)no3)c(=O)c21,CHEMBL5950280,6.07,6.07,6.07,0.0,2,2020,2020,1,2
NWSIRYGEZSHVOK-JPYJTQIMSA-N,C[C@@]1(C(=O)NCc2cc(-c3ccc(C(F)(F)F)cc3)ncn2)C[C@@H](F)CN1S(=O)(=O)c1ccc(F)cc1,CHEMBL5879759,7.875,7.6,8.15,0.38890872965260165,2,2022,2022,1,1
NXFIEIXVSJMOQL-UHFFFAOYSA-N,Cc1cc2[nH]ncc2cc1-c1ccccc1C(F)(F)F,CHEMBL3298923,7.785,7.7,7.85,0.0678232998312525,4,2014,2023,2,4
NXHKYBGXKCFXET-UHFFFAOYSA-N,COC(=O)Nc1cc(NC(=O)c2cccs2)cc(C(F)(F)F)c1,CHEMBL3311178,5.64,5.64,5.64,,1,2014,2014,1,1
NZKRDROSRYWYIZ-AOIWGVFYSA-N,Cn1c(NC2COC2)nc2ncn(Cc3nc([C@H]4[C@@H]5C=C(c6ccccc6)C[C@@H]54)no3)c(=O)c21,CHEMBL5866386,7.175,7.0,7.35,0.24748737341529137,2,2020,2020,1,2
OAFMAMFQRUUJFC-CHWSQXEVSA-N,CN(c1ccc(F)cc1)[C@@H]1CCCC[C@]1(O)C(F)(F)F,CHEMBL5397630,6.37,6.37,6.37,,1,2023,2023,1,1
OALGIPQKCNNGBC-SQWFFKJPSA-N,CC1=C(CC/C(C)=C/CC[C@@]2(C)CC[C@@H]([C@H](C)C(=O)O)OO2)C(C)(C)CCC1=O,CHEMBL5401727,4.82,4.82,4.82,,1,2024,2024,1,1
OAMUBLNNGBSUNW-FQEVSTJZSA-N,Cn1c(=O)c(CNC(=O)[C@@H]2CCCN2S(=O)(=O)c2cc3cc(F)ccc3o2)cn(-c2ccc(C(F)(F)F)cc2)c1=O,CHEMBL5995353,7.68,7.68,7.68,,1,2020,2020,1,1
OARAWCIGFKPUOQ-UHFFFAOYSA-N,FC(F)(F)Oc1ccccc1-c1ccc2[nH]ncc2c1,CHEMBL3298244,5.46,5.46,5.46,,1,2014,2014,1,1
OBEVBOOBEWVPJL-OHOGDBNVSA-N,O=C(NCc1cc(-c2ccc(C(F)(F)F)nc2)ncn1)[C@@H]1[C@H]2CC[C@H](C2)N1S(=O)(=O)c1ccc(F)cc1,CHEMBL5821210,7.4,7.4,7.4,,1,2022,2022,1,1
OBHJVFPRSXFZMO-ATCWAGBWSA-N,Cn1cnc2ncn(Cc3nc([C@H]4[C@@H]5CN(c6ccc(F)c(F)c6)C[C@@H]54)no3)c(=O)c21,CHEMBL6009524,8.04,7.67,8.41,0.523259018078046,2,2020,2020,1,2
OCAGWVPJUUSEHZ-UHFFFAOYSA-N,Cc1ccc(C(=O)NC(Sc2ccc(Cl)cc2)C(Cl)(Cl)Cl)cc1,CHEMBL1084857,5.85,5.85,5.85,,1,2010,2010,1,1
OCPANKWZNDYWSE-PBHICJAKSA-N,O=C(NCc1cn(-c2ccc(C(F)(F)F)nc2)nc1Cl)[C@@H]1C[C@@H](F)CN1S(=O)(=O)c1ccc(F)cc1,CHEMBL5938880,7.3149999999999995,7.11,7.52,0.2899137802864836,2,2022,2022,1,1
OCRMZDPHJXSESH-BXHXUVEDSA-N,Cn1cnc2ncn(Cc3nc([C@H]4C[C@](F)(c5ccc(Cl)cc5)C4)no3)c(=O)c21,CHEMBL5929425,7.05,7.05,7.05,,1,2020,2020,1,1
OCTMHUCXAOCKDH-UHFFFAOYSA-N,Cn1cnc2ncn(Cc3nn(CCc4ccc(Cl)s4)c(=O)o3)c(=O)c21,CHEMBL6004771,6.54,6.54,6.54,,1,2021,2021,1,1
ODCGQSLLUGLMSU-UHFFFAOYSA-N,Cn1c(=O)c2c(CC(=O)Nc3nc(-c4cc(F)cc(C(F)(F)F)c4)cs3)nsc2n(C)c1=O,CHEMBL3984932,8.36,8.36,8.36,,1,2015,2015,1,1
ODPZBRSHIVSPND-GXTWGEPZSA-N,Cc1cnc(N)n(Cc2nc([C@@H]3CO[C@@H](c4ccc(Cl)cc4)C3)no2)c1=O,CHEMBL5793890,7.005,6.84,7.17,0.23334523779156074,2,2020,2020,1,2
ODUIXUGXPFKQLG-QWRGUYRKSA-N,Cc1sc(Nc2ccc(Cl)cc2F)nc1C(=O)N1CCC[C@H](C)[C@@H]1C,CHEMBL2418811,4.6,4.6,4.6,,1,2013,2013,1,1
OFCLMLWEVNQPIR-DZGCQCFKSA-N,C[C@@H](C(=O)Nc1ccnc(-c2cnc(N3CCC[C@@H]3C(F)(F)F)nc2)n1)n1cnc2c1c(=O)n(CC#N)c(=O)n2C,CHEMBL5866311,8.15,8.15,8.15,,1,2019,2019,1,1
OFCLMLWEVNQPIR-ZFWWWQNUSA-N,C[C@@H](C(=O)Nc1ccnc(-c2cnc(N3CCC[C@H]3C(F)(F)F)nc2)n1)n1cnc2c1c(=O)n(CC#N)c(=O)n2C,CHEMBL6061845,8.15,8.15,8.15,,1,2019,2019,1,1
OFCROMUFKSLDNV-UHFFFAOYSA-N,Cc1cc(Cn2c(=O)c3c(ncn3CC(=O)Nc3ccc(N4CCC(C(C)C)CC4)cn3)n(C)c2=O)no1,CHEMBL5834328,7.96,7.96,7.96,,1,2019,2019,1,1
OGLFBGKKIABWEQ-DOTOQJQBSA-N,Cc1cnn2ncn(Cc3nc([C@@H]4CO[C@@H](c5ccc6cnn(C)c6c5)C4)no3)c(=O)c12,CHEMBL5797572,8.36,8.08,8.64,0.3959797974644676,2,2020,2020,1,2
OGPFIYLORKWHNT-UHFFFAOYSA-N,Fc1ccc(Oc2ncnc3[nH]cc(Cl)c23)c(F)c1,CHEMBL3298584,6.2,6.2,6.2,,1,2014,2014,1,1
OIMOSWUWUIXKEC-UTKZUKDTSA-N,O=C(NCc1cc(-c2ccc(C(F)(F)F)cc2)ncn1)[C@@H]1C[C@@H](F)CN1S(=O)(=O)c1cccc(F)c1,CHEMBL5993133,7.64,7.64,7.64,,1,2022,2022,1,1
OJDPMUKHSHJUMB-UHFFFAOYSA-N,CC1(C)CCCC(O)(C(F)(F)F)C1Cc1ccc(C#N)cc1,CHEMBL5436178,6.41,6.41,6.41,,1,2023,2023,1,1
OJPPDEXGRGOSGZ-QRWLVFNGSA-N,O=C(NCc1cc(-c2ccc(OC(F)(F)F)c(F)c2)ncn1)[C@@H]1C[C@@H](F)CN1S(=O)(=O)c1ccc(F)cc1,CHEMBL5831696,7.14,7.14,7.14,,1,2022,2022,1,1
OKROUULIEINPBH-KXBFYZLASA-N,Cc1cc(Cn2c(=O)c3c(ncn3[C@@H](C)C(=O)Nc3cncc(-c4cnc(N5CCC[C@H]5C(F)(F)F)nc4)n3)n(C)c2=O)no1,CHEMBL5832537,8.7,8.7,8.7,,1,2019,2019,1,1
OKTCWLWVPKWVHH-UHFFFAOYSA-N,CC(C)C(C)(NC(=O)c1ccccc1)C(=O)c1ccc(Cl)cc1,CHEMBL2071595,5.5,5.5,5.5,,1,2012,2012,1,1
OMAOTMMMFIUYGY-UHFFFAOYSA-N,N#Cc1cccc2c(=O)n(CC(=O)NCCc3ccc(Cl)cc3)cnc12,CHEMBL3787289,6.7,6.7,6.7,,1,2016,2016,1,1
OMCPTRKQFMHMFO-BLLLJJGKSA-N,Nc1ccc2c(=O)n(Cc3nc([C@@H]4CO[C@@H](c5ccc(Cl)cc5)C4)no3)ncc2n1,CHEMBL5970978,8.22,7.98,8.46,0.3394112549695431,2,2020,2020,1,2
OMMPJIYDEJHEFK-SWLSCSKDSA-N,Cn1ncc2ncn(Cc3nc([C@@H]4CO[C@@H](c5ccc(Cl)cc5)C4)no3)c(=O)c21,CHEMBL5845011,7.415,7.33,7.5,0.12020815280171303,2,2020,2020,1,2
OMTUXAGTVRSGHC-YQVWRLOYSA-N,COCCNc1nc2ncn(Cc3nc([C@@H]4[C@H]5C=C(c6ccccc6)C[C@H]54)no3)c(=O)c2n1C,CHEMBL5915480,7.415,7.37,7.46,0.06363961030678918,2,2020,2020,1,2
OOABNTZYAYDDFY-WCQYABFASA-N,Nc1nc2nccnc2n1Cc1nc([C@@H]2CO[C@@H](c3ccc(Cl)cc3)C2)no1,CHEMBL5992092,8.195,7.97,8.42,0.3181980515339462,2,2020,2020,1,2
OOEICVKLQRDYIY-UHFFFAOYSA-N,Cc1c(=O)n(Cc2ccccc2)c(=O)n2cc(C(=O)N3CCC(Oc4cccc(Cl)c4)CC3)sc12,CHEMBL3220452,6.7,6.7,6.7,,1,2012,2012,1,1
OOIANJTYVKDXDO-ZLPCBKJTSA-N,COCC(=O)Cn1c(=O)c2c(ncn2[C@@H](C)C(=O)Nc2cncc(-c3ccc(N4CC5CC5C4)nc3)n2)n(C)c1=O,CHEMBL5925671,8.3,8.3,8.3,,1,2019,2019,1,1
OOILCLJLPGNGBY-XLIONFOSSA-N,Cc1cnc(-c2cnc(C(F)(F)F)nc2)cc1CNC(=O)[C@@H]1C[C@@H](F)CN1S(=O)(=O)c1ccc(F)cc1,CHEMBL5927467,6.94,6.94,6.94,,1,2022,2022,1,1
OOVNFOVAFVAUEB-FQEVSTJZSA-N,CC(C)n1c(=O)c(CNC(=O)[C@@H]2CCCN2S(=O)(=O)c2cc3ccccc3o2)cn(-c2ccc(C(F)(F)F)cn2)c1=O,CHEMBL5806189,7.36,7.36,7.36,,1,2020,2020,1,1
OOYSDFNECMAJEG-UHFFFAOYSA-N,CCCNc1cc(NC(=O)c2c(F)cccc2F)cc(C(F)(F)F)c1,CHEMBL3311190,6.96,6.96,6.96,,1,2014,2014,1,1
OOZCYHFVKYNNLY-UHFFFAOYSA-N,CN1C(=O)c2c(ncn2CC(=O)Nc2nc(-c3ccc(C(C)(C)C)cc3)cs2)N2CCN=C12,CHEMBL3894821,6.42,6.42,6.42,,1,2015,2015,1,1
OPLSBZPFTJOKSC-UHFFFAOYSA-N,FC(F)(F)c1ccc2c(Nc3ccc(Cl)cc3)n[nH]c2c1,CHEMBL4095993,7.38,7.38,7.38,,1,2017,2017,1,1
OPWGBOAEYGMIKX-UHFFFAOYSA-N,CC(C)C(NC(=O)NC(C)(C)C)C(=O)c1ccc(Cl)cc1,CHEMBL2071587,5.65,5.6,5.7,0.07071067811865545,2,2012,2012,1,2
OPWGCVSCPKEDAN-UHFFFAOYSA-N,CCN(c1cccc(C)c1)S(=O)(=O)c1nnc(NC(=O)c2ccccc2)s1,CHEMBL6143379,6.89,6.89,6.89,,1,2025,2025,1,1
OQASTGYBPZQXHT-UHFFFAOYSA-N,N#Cc1ccc(-c2n[nH]c3cc(OC(F)(F)F)ccc23)s1,CHEMBL4063630,7.13,7.13,7.13,,1,2017,2017,1,1
ORDBIMJXWQFKSA-VFNWGFHPSA-N,O=C(NCc1cc(-c2ccc(C(F)(F)F)c(F)c2)ncn1)[C@@H]1C[C@@H](F)CN1S(=O)(=O)c1ccc(F)cc1,CHEMBL6060151,7.58,7.58,7.58,,1,2022,2022,1,1
OSASTMYQPFYXAS-XLIONFOSSA-N,O=C(NCc1cn(-c2ccc(C(F)(F)F)nc2)nc1C1CC1)[C@@H]1C[C@@H](F)CN1S(=O)(=O)c1ccc(F)cc1,CHEMBL5881244,7.025,6.79,7.26,0.3323401871576775,2,2022,2022,1,1
OSBWGLVHJYXMNU-VYDXJSESSA-N,Cn1cnc2ncn(Cc3nc([C@H]4[C@@H]5C=C(c6ccc(Cl)cc6)C[C@@H]54)no3)c(=O)c21,CHEMBL5972614,8.149999999999999,8.01,8.29,0.19798989873223347,2,2020,2020,1,2
OSBWGLVHJYXMNU-ZMSDIMECSA-N,Cn1cnc2ncn(Cc3nc([C@@H]4[C@H]5C=C(c6ccc(Cl)cc6)C[C@H]54)no3)c(=O)c21,CHEMBL5766146,7.87,7.82,7.92,0.0707106781186545,2,2020,2020,1,2
OSIHVFBKSGLNSB-UHFFFAOYSA-N,Cn1cnc2ncn(Cc3nn(CCc4ccccc4)c(=O)o3)c(=O)c21,CHEMBL5918599,5.98,5.98,5.98,,1,2021,2021,1,1
OSRJLGOOPNGZRD-UHFFFAOYSA-N,CC(C)(C)C(NC(=O)c1ccccc1)C(=O)c1ccc(Cl)cc1,CHEMBL2071592,6.2,6.0,6.4,0.2828427124746193,2,2012,2012,1,2
OSUPAEDILOOTGJ-DZGCQCFKSA-N,O=c1ccn2c(=O)n(Cc3nc([C@@H]4CO[C@@H](c5ccc(Cl)cc5)C4)no3)ccc2n1,CHEMBL5834480,7.975,7.81,8.14,0.2333452377915617,2,2020,2020,1,2
OSVVWQSAPRHYFQ-UHFFFAOYSA-N,Fc1ccc(Oc2ncnc3[nH]ccc23)cc1,CHEMBL3298431,6.39,6.39,6.39,,1,2014,2014,1,1
OTONXOROEOKVFV-GXTWGEPZSA-N,Cc1cnn2nc(N)n(Cc3nc([C@@H]4CO[C@@H](c5ccc(F)cc5)C4)no3)c(=O)c12,CHEMBL5894849,8.595,8.3,8.89,0.41719300090006295,2,2020,2020,1,2
OUFMSVRFVDNVAQ-UHFFFAOYSA-N,Cn1cnc2ncn(Cc3nn(CCc4ccc(Cl)c(-c5ccccc5)c4)c(=O)o3)c(=O)c21,CHEMBL5848207,7.01,7.01,7.01,,1,2021,2021,1,1
OUIWGZWQOLEJRB-QRIPLOBPSA-N,CNc1nc(C(F)(F)F)ccc1-c1cc(CNC(=O)C2C[C@@H](F)CN2S(=O)(=O)c2ccc(F)cc2)ccn1,CHEMBL5761513,7.21,7.21,7.21,,1,2022,2022,1,1
OUKDYRGLICRORO-ATCWAGBWSA-N,Cn1ncc2ncn(Cc3nc([C@H]4[C@@H]5CN(c6cc(Cl)ccn6)C[C@@H]54)no3)c(=O)c21,CHEMBL5758234,7.095,7.05,7.14,0.06363961030678918,2,2020,2020,1,2
OUOCXXWHUVVIMO-UHFFFAOYSA-N,Clc1cccc(-c2nc3ccc(Cl)cn3c2NC2CC2)c1,CHEMBL3970365,5.8,5.8,5.8,,1,2016,2016,1,1
OUOJOESQQFDWPE-RZQQEMMASA-N,Cn1c(=O)ccc2ncn(Cc3nc([C@@H]4[C@H]5C=C(c6ccccc6)C[C@H]54)no3)c(=O)c21,CHEMBL5844475,7.855,7.79,7.92,0.09192388155425078,2,2020,2020,1,2
OXAKNBOUQBFWOU-FQEVSTJZSA-N,CC(C)N(CC(=O)NCc1cccc(-c2cnc(N3CCC[C@@H]3C)nc2)c1)S(=O)(=O)c1ccc(F)cc1,CHEMBL5866878,7.34,7.26,7.42,0.1131370849898477,2,2017,2017,1,1
OXBAGLABLAJOLY-MIRVZWSXSA-N,Cc1cc(C#N)nc2ncn(Cc3nn([C@H]4C[C@](F)(c5ccc(F)cc5)C4)c(=O)o3)c(=O)c12,CHEMBL5994261,7.95,7.95,7.95,,1,2021,2021,1,1
OXJIXZHGSZCNBP-IERDGZPVSA-N,O=C(NCc1cc(-c2ccc(SC(F)(F)F)cc2)ncn1)[C@@H]1C[C@@H](F)CN1S(=O)(=O)c1ccc(F)cc1,CHEMBL5812704,7.404999999999999,7.31,7.5,0.134350288425444,2,2022,2022,1,1
OXKFPUAIKOJQRA-JYAVWHMHSA-N,Cn1cnc2ncn(Cc3nc([C@H]4[C@@H]5CN(c6ccnc(Cl)c6)C[C@@H]54)no3)c(=O)c21,CHEMBL5768249,6.67,6.34,7.0,0.4666904755831215,2,2020,2020,1,2
OYBNJIXRFLARRD-SWLSCSKDSA-N,Nc1ccc2c(=O)n(Cc3nc([C@@H]4CO[C@@H](c5ccc(Cl)cc5)C4)no3)cnc2n1,CHEMBL5912314,8.305,8.2,8.41,0.1484924240491756,2,2020,2020,1,2
OYCZSQKUKRDHOU-UHFFFAOYSA-N,CC(C)C(NC(=O)N(C)C(C)(C)C)C(=O)c1ccc(C#N)cc1,CHEMBL2071585,5.4,5.4,5.4,,1,2012,2012,1,1
OYJMLCGZSMSIHK-UHFFFAOYSA-N,Cn1c(=O)c2c(CC(=O)Nc3nc(-c4cccc(OC(F)(F)F)c4)cs3)cccc2n(C)c1=O,CHEMBL3920559,7.32,7.32,7.32,,1,2015,2015,1,1
OYTIHKVAZJQNDV-ZDUSSCGKSA-N,Cc1cc(Cn2c(=O)c3c(ncn3[C@@H](C)C(=O)Nc3csc(-c4cnc(C)c(C(F)(F)F)c4)n3)n(C)c2=O)no1,CHEMBL6014001,9.0,9.0,9.0,,1,2019,2019,1,1
OYUSSTRGYVQVEE-UHFFFAOYSA-N,Fc1ccccc1-c1ccc2[nH]ncc2c1,CHEMBL3298237,5.4,5.4,5.4,,1,2014,2014,1,1
OZYWCNZZAGZNJD-UHFFFAOYSA-N,Cc1oc2c(c1CC(=O)Nc1nc(-c3cc(F)cc(C(F)(F)F)c3)cs1)c(=O)n(C)c(=O)n2C,CHEMBL3905460,8.53,8.53,8.53,,1,2015,2015,1,1
PAEBEJVPSADOMC-HSZRJFAPSA-N,O=C(NC[C@@H](Cc1ccccc1)N1CCC(O)(C(F)(F)F)CC1)C1(c2ccc(Cl)cc2)CCCC1,CHEMBL4208555,9.14,5.8,9.15,1.9312431229651028,3,2016,2016,1,3
PAEBEJVPSADOMC-QHCPKHFHSA-N,O=C(NC[C@H](Cc1ccccc1)N1CCC(O)(C(F)(F)F)CC1)C1(c2ccc(Cl)cc2)CCCC1,CHEMBL4213488,5.72,5.72,5.72,,1,2016,2016,1,1
PAEBEJVPSADOMC-UHFFFAOYSA-N,O=C(NCC(Cc1ccccc1)N1CCC(O)(C(F)(F)F)CC1)C1(c2ccc(Cl)cc2)CCCC1,CHEMBL3907685,7.77,6.43,9.0,1.2853922877212753,3,2016,2016,2,3
PBEOFMXPKRIFLC-JOCQHMNTSA-N,Cn1cnc2ncn(Cc3nc([C@H]4C[C@H](c5ccc(Cl)cc5)C4)no3)c(=O)c21,CHEMBL6016524,7.15,7.15,7.15,,1,2020,2020,1,1
PCPHCZCRTIQJOL-UHFFFAOYSA-N,S=C1Nc2c(oc3ncccc23)C(c2cccc(OCc3cccnc3)c2)N1,CHEMBL3314490,6.03,6.03,6.03,,1,2014,2014,1,1
PCRVYTLDPBCCDQ-QMMMGPOBSA-N,NC(=O)c1csc2ncn(Cc3nnn(C[C@H](O)c4cc(Cl)c(Cl)s4)n3)c(=O)c12,CHEMBL5181161,7.64,7.64,7.64,,1,2022,2022,1,1
PCZBLEDJUILZHT-DZGCQCFKSA-N,Cc1nn(C)c2ncn(Cc3nc([C@@H]4CO[C@@H](c5ccc(Cl)cc5)C4)no3)c(=O)c12,CHEMBL5930487,7.48,7.48,7.48,,1,2020,2020,1,1
PDCHRYNMRDSNLJ-PBHICJAKSA-N,COc1nn(-c2cnc(C(F)(F)F)nc2)cc1CNC(=O)[C@@H]1C[C@@H](F)CN1S(=O)(=O)c1ccc(F)cc1,CHEMBL5881840,6.9,6.9,6.9,,1,2022,2022,1,1
PDJKELJNZJFLOF-NRFANRHFSA-N,CC(C)n1c(=O)c(CNC(=O)[C@@H]2CCN2S(=O)(=O)c2cc3cc(F)ccc3o2)cn(-c2ccc(C(F)(F)F)cc2)c1=O,CHEMBL5762350,8.05,8.05,8.05,,1,2020,2020,1,1
PDLRKEDIAZMXFA-DGCLKSJQSA-N,O=C(N[C@@H]1CCCC[C@]1(O)C(F)(F)F)c1ccc(F)cc1,CHEMBL5407661,5.47,5.47,5.47,,1,2023,2023,1,1
PDVLAYRROWUZQJ-UHFFFAOYSA-N,Cc1c(=O)n(Cc2ccccc2)c(=O)n2cc(C(=O)NCc3cccnc3)sc12,CHEMBL3220228,5.8,5.8,5.8,,1,2012,2012,1,1
PEFLRUKKGUWIBC-CMPLNLGQSA-N,Nc1nc2ncn(Cc3nc([C@@H]4CO[C@@H](c5ccc(F)cc5)C4)no3)c(=O)c2s1,CHEMBL5989737,7.245,7.05,7.44,0.27577164466275395,2,2020,2020,1,2
PEHFNRMZSZUHCM-ZDUSSCGKSA-N,Cc1nc(Cn2c(=O)c3c(ncn3[C@@H](C)C(=O)Nc3cccc(-c4cnc(C)c(C(F)(F)F)c4)n3)n(C)c2=O)no1,CHEMBL5844173,7.8,7.8,7.8,,1,2019,2019,1,1
PFFILXROCXLMKU-QFIPXVFZSA-N,CC(C)n1c(=O)c(CNC(=O)[C@@H]2CCCN2S(=O)(=O)c2cc3cc(F)ccc3o2)cn(-c2ccc(F)cc2)c1=O,CHEMBL5771658,7.0,7.0,7.0,,1,2020,2020,1,1
PGOAAJHGHGCKOZ-UHFFFAOYSA-N,Fc1ccc(-c2n[nH]c3cc(C(F)(F)F)cnc23)cc1F,CHEMBL4102407,6.35,6.35,6.35,,1,2017,2017,1,1
PGPPQKVBZGTYCD-FPOVZHCZSA-N,O=C(NCc1cc(-c2ccc(C(F)F)cc2)ncn1)[C@@H]1[C@@H](F)CCN1S(=O)(=O)c1ccc(F)cc1,CHEMBL5746190,7.48,7.48,7.48,,1,2022,2022,1,1
PHGQTOSVXWSIQY-OAHLLOKOSA-N,O=S(=O)(c1cc(Cl)c(F)c(Cl)c1)N1CCC[C@@H]1c1ccc(F)cc1,CHEMBL3754445,6.46,6.46,6.46,,1,2016,2016,1,1
PHNSUXWWTIXLNZ-UHFFFAOYSA-N,CC(C)C(NC(=O)c1ccc(Cl)cc1Cl)C(=O)c1ccc(C#N)cc1,CHEMBL2071504,5.449999999999999,5.3,5.6,0.21213203435596445,2,2012,2012,1,2
PHQJSLDTLKKGHV-FOLVSLTJSA-N,Cn1cnc2ncn(Cc3nc([C@H]4[C@@H]5CN(c6cccc(SC(F)(F)F)c6)C[C@@H]54)no3)c(=O)c21,CHEMBL5989984,6.52,6.52,6.52,,1,2020,2020,1,1
PIERVTPSZKKBMN-QVDMIQRCSA-N,O=c1c2cccnc2cnn1Cc1nc([C@H]2[C@@H]3CN(c4ccc5ncsc5c4)C[C@@H]32)no1,CHEMBL5826297,8.1,7.95,8.25,0.21213203435596445,2,2020,2020,1,2
PIHLKVAETFVCON-UOXRKKOCSA-N,C[C@H]1[C@H](F)C[C@@H](C(=O)NCc2cc(-c3cnc(C(F)(F)F)nc3)c(F)cn2)N1S(=O)(=O)c1ccc(F)cc1,CHEMBL4077623,7.48,7.48,7.48,,1,2018,2018,1,1
PIJOIBMLUGHWEK-UHFFFAOYSA-N,Cc1ccc(CNC(=O)c2cn3c(=O)n(Cc4ccccc4)c(=O)c(C)c3s2)cc1,CHEMBL3220226,5.86,5.86,5.86,,1,2012,2012,1,1
PIMAYQFCABRHBK-UHFFFAOYSA-N,O=c1c2cccnc2ncn1Cc1nc(CC(O)c2ccc(Cl)cc2)no1,CHEMBL3786639,7.26,6.6,7.28,0.3338662406813047,4,2016,2023,3,4
PIMPOWDMRUXOBB-QMMMGPOBSA-N,Cc1c(C(N)=O)sc2ncn(Cc3nnn(C[C@H](O)c4ccc(Cl)s4)n3)c(=O)c12,CHEMBL5790299,7.92,7.92,7.92,,1,2023,2023,1,1
PJLJDPJGWGMDSJ-UHFFFAOYSA-N,Cn1cnc2cnn(Cc3nn(CCc4ccc(Cl)cc4)c(=O)o3)c(=O)c21,CHEMBL5997962,7.02,7.02,7.02,,1,2021,2021,1,1
PJMMWANXHNLCLA-UHFFFAOYSA-N,O=c1c2cccnc2ncn1Cc1nc(CC(F)c2ccc(Cl)cc2)no1,CHEMBL3785133,7.39,7.39,7.39,,1,2016,2016,1,1
PJRBIKOPYKCNRH-ZETCQYMHSA-N,CCC(=O)Cn1c(=O)c2c(ncn2[C@@H](C)C(N)=O)n(C)c1=O,CHEMBL5973859,8.3,8.3,8.3,,1,2019,2019,1,1
PJSGHCYHFOHJAO-MQMHXKEQSA-N,Cn1cnc2ncn(Cc3nn([C@H]4C[C@H](c5ccc(Br)cc5)C4)c(=O)o3)c(=O)c21,CHEMBL6012536,7.7,7.7,7.7,,1,2021,2021,1,1
PJYBQLCOMOPZIT-UHFFFAOYSA-N,FC(F)(F)c1ccccc1-c1ccc2[nH]ncc2c1,CHEMBL3298242,6.79,6.26,7.08,0.415812457725836,3,2014,2014,1,3
PKBHAOIFDOPMHC-UHFFFAOYSA-N,CC(C)n1c(=O)c(CNC(=O)C2(NS(=O)(=O)c3cc4cc(F)ccc4o3)CC2)cn(-c2ccc(C(F)(F)F)cc2)c1=O,CHEMBL5885489,6.6,6.6,6.6,,1,2020,2020,1,1
PKKIGRUIKFFWQO-UHFFFAOYSA-N,CCc1sc2c(c1CC(=O)Nc1nc(-c3cc(F)c(OCC(F)(F)F)c(F)c3)cs1)c(=O)n(C)c(=O)n2C,CHEMBL3896353,8.4,8.4,8.4,,1,2015,2015,1,1
PKSXAPBVYBUCIY-UHFFFAOYSA-N,Cc1cc(Br)cn2c(NC(C)(C)C)c(-c3cccc(Cl)c3)nc12,CHEMBL3915061,6.66,6.66,6.66,,1,2016,2016,1,1
PKZUAQKBDUQBKF-KLHPHEINSA-N,COc1ccc([C@H]2C[C@H](c3noc(CN4C=NC5N=CN(C)C5C4=O)n3)CO2)cc1,CHEMBL6001870,7.015000000000001,6.86,7.17,0.21920310216782915,2,2020,2020,1,2
PLCMBEBJCVWYCS-UHFFFAOYSA-N,CN1C(=O)c2cccc(CC(=O)Nc3nc(-c4ccc(Cl)cc4)cs3)c2C1=O,CHEMBL1085863,6.3,6.3,6.3,,1,2010,2010,1,1
PLLCCTINGQUQCK-VGSWGCGISA-N,O=C(NCc1cc(-c2ccc(C(F)F)cc2)c(F)cn1)[C@@H]1C[C@@H](F)CN1S(=O)(=O)c1ccc(F)cc1,CHEMBL5978964,7.39,7.39,7.39,,1,2022,2022,1,1
PLOIHNZHFPANMY-BEFAXECRSA-N,Nc1nc(C(F)(F)F)ccc1-c1cc(CNC(=O)[C@@H]2C[C@@H](F)CN2S(=O)(=O)c2ccc(F)cc2)ccn1,CHEMBL5886590,6.76,6.76,6.76,,1,2022,2022,1,1
PMWFGSNDBSNHJI-ZDUSSCGKSA-N,Cc1cc(Cn2c(=O)c3c(ncn3[C@@H](C)C(=O)Nc3csc(-c4cnc(C(F)(F)F)c(C)c4)n3)n(C)c2=O)no1,CHEMBL5920517,8.52,8.52,8.52,,1,2019,2019,1,1
PMXSDPMOTVJQHZ-UHFFFAOYSA-N,COCC(=O)Cn1c(=O)c2c(ncn2CC(=O)Nc2csc(-c3cnc(C(F)(F)F)c(C)c3)n2)n(C)c1=O,CHEMBL5819741,7.89,7.89,7.89,,1,2019,2019,1,1
POOZHORJSHQJIX-VYDXJSESSA-N,Cn1cnc2ncn(Cc3nc([C@H]4[C@@H]5C=C(c6cccc(Cl)c6)C[C@@H]54)no3)c(=O)c21,CHEMBL6065175,8.395,8.05,8.74,0.48790367901871806,2,2020,2020,1,2
POOZHORJSHQJIX-ZMSDIMECSA-N,Cn1cnc2ncn(Cc3nc([C@@H]4[C@H]5C=C(c6cccc(Cl)c6)C[C@H]54)no3)c(=O)c21,CHEMBL5832611,7.92,7.73,8.11,0.2687005768508874,2,2020,2020,1,2
PPBOSWYXLDLTQR-NRFANRHFSA-N,CCn1c(=O)c(CNC(=O)[C@@H]2CCCN2S(=O)(=O)c2cc3ccccc3o2)cn(-c2ccc(C(F)(F)F)cc2)c1=O,CHEMBL5761777,7.58,7.58,7.58,,1,2020,2020,1,1
PPHJNQDDPYIFET-UHFFFAOYSA-N,COc1cc2[nH]ncc2cc1-c1ccccc1C(F)(F)F,CHEMBL3299019,7.58,7.58,7.58,,1,2014,2014,1,1
PPPUCVVATHINGW-UHFFFAOYSA-N,CCN(CC(=O)NCC1CCCN(c2ccc(C(F)(F)F)cc2)C1)S(=O)(=O)c1ccc(F)cc1,CHEMBL3922391,6.31,6.31,6.31,,1,2016,2016,1,1
PQLZHXGPCNTDOI-GXTWGEPZSA-N,Cc1cnn2nc(N)n(Cc3nc([C@@H]4CO[C@@H](c5ccc(Cl)cc5)C4)no3)c(=O)c12,CHEMBL5869397,8.79,8.4,9.18,0.5515432893255072,2,2020,2020,1,2
PQNMHUNFLUYLPR-LBPRGKRZSA-N,CCC(=O)Cn1c(=O)c2c(ncn2[C@@H](C)C(=O)Nc2csc(-c3cnc(C(F)(F)F)c(C)c3)n2)n(C)c1=O,CHEMBL5988091,8.7,8.7,8.7,,1,2019,2019,1,1
PQPWYVUBQBVNIU-UHFFFAOYSA-N,CC1(C(=O)NCC(Cc2ccccc2)N2CCC(O)(C(F)(F)F)CC2)CCCCC1,CHEMBL4203840,6.07,6.07,6.07,,1,2016,2016,1,1
PRCKQIDYJROCLA-HXOBKFHXSA-N,O=C(NCc1cc(F)cc(-c2cnc(C(F)(F)F)nc2)c1)[C@]12C[C@H]1CCN2S(=O)(=O)c1ccc(F)cc1,CHEMBL5899272,8.0,8.0,8.0,,1,2022,2022,1,1
PRDXUIGUMMDGBL-UHFFFAOYSA-N,Fc1cccc(C(F)(F)F)c1-c1ccc2[nH]ncc2c1,CHEMBL3298249,5.91,5.91,5.91,,1,2014,2014,1,1
PTCXTLVNQCOOLJ-AAJLLMFJSA-N,Cn1cnc2ncn(Cc3nc([C@@H]4[C@H]5C=C(c6ccccc6)[C@@H](O)[C@H]54)no3)c(=O)c21,CHEMBL5839547,6.955,6.51,7.4,0.6293250352560277,2,2020,2020,1,2
PTLJHZYZENAFPY-ZLPCBKJTSA-N,CC(=O)Cn1c(=O)c2c(ncn2[C@@H](C)C(=O)Nc2cncc(-c3ccc(N4CC5CC5C4)nc3)n2)n(C)c1=O,CHEMBL6012740,7.92,7.92,7.92,,1,2019,2019,1,1
PUBSTYZERDDJIW-UHFFFAOYSA-N,O=C1C2=C(NC(=S)NC2c2cccc(O)c2)c2ccccc21,CHEMBL1939976,6.19,6.19,6.19,,1,2012,2012,1,1
PUOGINDCHOJOMG-APWZRJJASA-N,O=C(NCc1cc(N2CCC(C(F)(F)F)CC2)ncn1)[C@@H]1C[C@@H](F)CN1S(=O)(=O)c1ccc(F)cc1,CHEMBL5936132,6.36,6.36,6.36,,1,2022,2022,1,1
PVBIJCUQCJVLAL-UHFFFAOYSA-N,Cn1c(=O)n(Cc2ccccn2)c(=O)c2c1ncn2CC(=O)Nc1csc(-c2cnc(C(F)(F)F)nc2)n1,CHEMBL5854825,7.29,7.29,7.29,,1,2019,2019,1,1
PVFZUNSYFRTUGN-OIBJUYFYSA-N,O[C@]1(C(F)(F)F)CCCC[C@H]1Cc1ncc(Cl)s1,CHEMBL5440996,6.33,6.33,6.33,,1,2023,2023,1,1
PVJKXHORDRYXDV-UHFFFAOYSA-N,Cn1nc(C#N)c2ncn(Cc3nn(CCc4ccc(Cl)cc4)c(=O)o3)c(=O)c21,CHEMBL5871945,7.0,7.0,7.0,,1,2021,2021,1,1
PVRXMDUFHCZPHZ-UHFFFAOYSA-N,FC(F)c1cc2[nH]ncc2cc1-c1ccccc1C(F)(F)F,CHEMBL3298927,6.99,6.99,6.99,,1,2014,2014,1,1
PWBYWHFGCWTQNI-VQTJNVASSA-N,Cn1cnc2ncn(Cc3nc([C@@H]4CO[C@@H](c5ccc(-c6ccccc6)cc5)C4)no3)c(=O)c21,CHEMBL6013780,6.32,6.21,6.43,0.15556349186103996,2,2020,2020,1,2
PXCDDIGJGSYRSZ-FOLVSLTJSA-N,Cn1cnc2ncn(Cc3nc([C@H]4[C@@H]5CN(c6cccc(Cl)c6)C[C@@H]54)no3)c(=O)c21,CHEMBL4870870,8.54,8.54,8.54,,1,2021,2021,1,1
PXCDDIGJGSYRSZ-MIFYACCESA-N,Cn1cnc2ncn(Cc3nc([C@@H]4[C@@H]5CN(c6cccc(Cl)c6)C[C@@H]54)no3)c(=O)c21,CHEMBL5793575,8.08,8.08,8.08,,1,2020,2020,1,1
PXDPFFKXKJQMBY-LBPRGKRZSA-N,Cc1oc2ncn(Cc3nnn(C[C@H](O)c4cc5ccccc5s4)n3)c(=O)c2c1C(N)=O,CHEMBL5187441,7.96,7.96,7.96,0.0,2,2022,2023,2,2
PXDWCZGBDFEEIA-DTCTWCMCSA-N,CCC(=N\O)/C(C)=C/c1ccc(OC)nc1,CHEMBL1084370,4.63,4.63,4.63,0.0,2,2010,2017,2,2
PXKKQBVIUIPCPW-NNGSBXSVSA-N,CCC(=O)Cn1c(=O)c2c(ncn2[C@@H](C)C(=O)Nc2cccc(-c3cnc(N4CC5C(C4)C5(F)F)nc3)n2)n(C)c1=O,CHEMBL5912915,9.0,9.0,9.0,,1,2019,2019,1,1
PXMFTABUBQFGMP-CTNGQTDRSA-N,O=C(NCc1cc(F)cc(-c2ccc(OC(F)F)nc2)c1)[C@@H]1C[C@@H](F)CN1S(=O)(=O)c1ccc(F)cc1,CHEMBL5836672,7.41,7.41,7.41,,1,2022,2022,1,1
PXSJGBKABVHIIW-CTNGQTDRSA-N,O=C(NCc1cc(-c2ccc(C(F)(F)F)cc2)ncn1)[C@@H]1CC[C@@H]1S(=O)(=O)c1ccc(F)cc1,CHEMBL5799192,6.95,6.95,6.95,,1,2020,2020,1,1
PXSQFGAZGBJIGE-ZRCAFCQKSA-N,O=C(NCc1cc(-c2cnc(C(F)(F)F)nc2)ccc1F)[C@@H]1[C@H]2C[C@H]2CN1S(=O)(=O)c1ccc(F)cc1,CHEMBL5979559,8.52,8.52,8.52,,1,2022,2022,1,1
PYCVZEBMKNOBEX-MUWWLHTESA-N,Cn1nnc2ncn(Cc3nc([C@H]4C[C@](F)(c5ccc(Cl)cc5)C4)no3)c(=O)c21,CHEMBL6003957,6.699999999999999,6.6,6.8,0.14142135623730995,2,2020,2020,1,2
PYFKLAFILPDHPW-JSGCOSHPSA-N,C[C@@H](C(=O)Nc1ccnc(-c2cnc(N3CCC[C@H]3C(F)(F)F)nc2)n1)n1cnc2c1c(=O)n(C)c(=O)n2C,CHEMBL5436504,7.19,7.19,7.19,,1,2023,2023,1,1
PYQZVIOQEOMABN-UHFFFAOYSA-N,Cn1c(=O)c2c(CC(=O)Nc3nc(-c4ccc(C(F)(F)F)c(F)c4F)cs3)nsc2n(C)c1=O,CHEMBL3945471,8.27,8.27,8.27,,1,2015,2015,1,1
PYUVYRLBAXWGIL-UZLBHIALSA-N,O=C(NCc1cc(-c2cnc(C(F)(F)F)cn2)ccc1F)[C@@H]1C[C@@H](F)CN1S(=O)(=O)c1ccc(F)cc1,CHEMBL6026305,7.89,7.89,7.89,,1,2022,2022,1,1
PYVHWBPRXXCCKR-UHFFFAOYSA-N,Fc1ccc(Nc2n[nH]c3cc(C(F)(F)F)ncc23)cc1F,CHEMBL4072845,6.19,6.19,6.19,,1,2017,2017,1,1
PYVKWHMGOQLKRH-ZHRRBRCNSA-N,O=C(NCc1cc(-c2ccc(OC(F)F)cc2)c(F)cn1)[C@@H]1C[C@@H](F)CN1S(=O)(=O)c1ccc(F)cc1,CHEMBL5842604,7.28,7.28,7.28,,1,2022,2022,1,1
PZLMINJQTMOPFT-UHFFFAOYSA-N,Cc1cc(C#N)nc2ncn(Cc3nn(CCc4ccc(Cl)cc4)c(=O)o3)c(=O)c12,CHEMBL5809373,8.05,8.05,8.05,,1,2021,2021,1,1
PZZQZTSBVOVKIW-WCQYABFASA-N,Cn1cnc2nc(N)n(Cc3nc([C@@H]4CO[C@@H](c5ccc(S(F)(F)(F)(F)F)cc5)C4)no3)c(=O)c21,CHEMBL5989449,6.845,6.77,6.92,0.10606601717798238,2,2020,2020,1,2
QACBGXXAWHQEGV-CYGMFBECSA-N,O=C(NCc1cc(F)cc(C2CCC(C(F)(F)F)CN2)c1)[C@@H]1C[C@@H](F)CN1S(=O)(=O)c1ccc(F)cc1,CHEMBL6015648,6.72,6.72,6.72,,1,2022,2022,1,1
QAGFMEUYWNRVKG-ZDUSSCGKSA-N,C[C@@H](C(=O)Nc1ccnc(-c2cnc(C(F)(F)F)nc2)n1)n1cnc2c1c(=O)n(Cc1ccccn1)c(=O)n2C,CHEMBL5961003,7.1,7.1,7.1,,1,2019,2019,1,1
QANDLGIRCKMBGX-UHFFFAOYSA-N,Cn1c(=O)c2c(CC(=O)Nc3nc(-c4ccc(F)c(Cl)c4)cs3)cccc2n(C)c1=O,CHEMBL3951379,7.27,7.27,7.27,,1,2015,2015,1,1
QAYYDMWAJXHPGT-GXFFZTMASA-N,Cn1cnc2ncn(Cc3nc([C@@H]4CO[C@@H](c5ccc(Cl)cn5)C4)no3)c(=O)c21,CHEMBL6024613,6.744999999999999,6.72,6.77,0.03535533905932756,2,2020,2020,1,2
QBTYAOFNADKROF-CMPLNLGQSA-N,O[C@]1(C(F)(F)F)CCCC[C@H]1Cc1ccc(Cl)nc1,CHEMBL5440987,7.0,7.0,7.0,,1,2023,2023,1,1
QBWAUZYYCCITQO-XLIONFOSSA-N,Cc1cc(-c2cnc(C(F)(F)F)nc2)cc(CNC(=O)[C@@H]2C[C@@H](F)CN2S(=O)(=O)c2ccc(F)cc2)n1,CHEMBL5827893,6.82,6.82,6.82,,1,2022,2022,1,1
QCMMBGNFTCWHKV-UHFFFAOYSA-N,Cc1nc2c(c(=O)n(Cc3ccccn3)c(=O)n2C)n1CC(=O)Nc1cccc(-c2ccc(Cl)cc2)n1,CHEMBL6033658,7.62,7.62,7.62,,1,2019,2019,1,1
QCOUAXOJJUTRGN-HIFPTAJRSA-N,C[C@@H](C(=O)Nc1csc(-c2cnc(N3CC4CC4C3)nc2)n1)n1cnc2c1c(=O)n(CC(F)(F)F)c(=O)n2C,CHEMBL5918465,7.52,7.52,7.52,,1,2019,2019,1,1
QCPBLUBTTYBKFC-UTKZUKDTSA-N,N#Cc1cnc(CNC(=O)[C@@H]2C[C@@H](F)CN2S(=O)(=O)c2ccc(F)cc2)cc1-c1ccc(C(F)(F)F)nc1,CHEMBL5805553,6.75,6.75,6.75,,1,2022,2022,1,1
QEHXVVXHOKWNFT-SWLSCSKDSA-N,Cn1nnc2ccn(Cc3nc([C@@H]4CO[C@@H](c5ccc(Cl)cc5)C4)no3)c(=O)c21,CHEMBL5769296,8.504999999999999,8.33,8.68,0.247487373415292,2,2020,2020,1,2
QEIWOHNHKVKLRF-UHFFFAOYSA-N,Cn1c(=O)c2c(CC(=O)Nc3nc(-c4cc(F)c(OCC(F)(F)F)c(Cl)c4)cs3)coc2n(C)c1=O,CHEMBL3929233,8.45,8.45,8.45,,1,2015,2015,1,1
QFPHKALUCGSAJI-UHFFFAOYSA-N,O=c1c2cccnc2ncn1Cc1nc(CCc2ccc(Cl)nc2)no1,CHEMBL3787097,5.67,5.67,5.67,,1,2016,2016,1,1
QGFCPNANNXPVLI-IPVJXJPOSA-N,Cc1cncc2ncn(Cc3nc([C@H]4C[C@](O)(c5ccc(Cl)cc5)C4)no3)c(=O)c12,CHEMBL5873771,7.51,7.51,7.51,,1,2020,2020,1,1
QGHXAKRXUBZBBB-DZGCQCFKSA-N,Cc1nc2ncn(C)c2c(=O)n1Cc1nc([C@@H]2CO[C@@H](c3ccc(F)cc3)C2)no1,CHEMBL5786125,7.54,7.19,7.89,0.49497474683058273,2,2020,2020,1,2
QGIXOJCLJSPCPO-UHFFFAOYSA-N,Fc1ccc(Nc2n[nH]c3cc(OC(F)(F)F)cnc23)cc1F,CHEMBL4062193,6.48,4.8,7.7,1.456067763990857,3,2017,2017,1,3
QHVGCPFDRYRMLN-UHFFFAOYSA-N,C#Cc1cccc(-c2nc3ccc(C(F)(F)F)cn3c2NC(C)(C)C)c1,CHEMBL3952379,6.96,6.96,6.96,,1,2016,2016,1,1
QIFKHTVCZJXBND-JEYLPNPQSA-N,C[C@@H](C(=O)Nc1csc(-c2ccc(N3CC4CC4C3)nc2)n1)n1cnc2c1c(=O)n(CC#N)c(=O)n2C,CHEMBL5747691,8.7,8.7,8.7,,1,2019,2019,1,1
QIGKWJVPNDRBKA-UHFFFAOYSA-N,CCC(=O)Cn1c(=O)c2c(ncn2CC(=O)Nc2cccc(-c3cnc(C)c(C(F)(F)F)c3)n2)n(C)c1=O,CHEMBL5967082,8.7,8.7,8.7,,1,2019,2019,1,1
QIJQKBGRRGZXRH-SIKLNZKXSA-N,O=C(NCc1cc(-c2ccc(C(F)(F)F)nc2)ncn1)[C@@H]1C[C@@](F)(CF)CN1S(=O)(=O)c1ccc(F)cc1,CHEMBL5830399,6.54,6.54,6.54,,1,2022,2022,1,1
QITDMZAZRQGDJZ-UHFFFAOYSA-N,Fc1ccc(Nc2n[nH]c3cc(OC(F)(F)F)cnc23)nc1,CHEMBL4067996,5.6,5.6,5.6,,1,2017,2017,1,1
QJBLCHBIHYCOJP-UHFFFAOYSA-N,CC(Cc1nc(Cn2cnc3ncccc3c2=O)no1)c1ccc(Cl)cc1,CHEMBL3787353,6.82,6.82,6.82,,1,2016,2016,1,1
QJJFPLPNPVMYFT-CTNGQTDRSA-N,O=C(NCc1cc(F)cc(-c2ccc(C(F)(F)F)nc2)c1)[C@@H]1C[C@@H](F)CN1S(=O)(=O)c1ccc(F)cc1,CHEMBL6057342,7.8,7.8,7.8,,1,2022,2022,1,1
QJUQOEKFYBXEIS-UHFFFAOYSA-N,Cn1cnc2ncn(Cc3nn(CCc4cccc(-c5ccccc5)c4)c(=O)o3)c(=O)c21,CHEMBL5827756,6.47,6.47,6.47,,1,2021,2021,1,1
QJVZVWLHLYIOEK-GTPINHCMSA-N,CCC(=O)Cn1c(=O)c2c(ncn2[C@@H](C)C(=O)Nc2cccc(-c3cnc(N4CC5CC5C4)nc3)n2)n(C)c1=O,CHEMBL5902529,8.22,8.22,8.22,,1,2019,2019,1,1
QKSNPPVPWNLCLK-UHFFFAOYSA-N,Cn1c(=O)c2c(cnn2CC(=O)Nc2nc(-c3cc(Cl)c(OCC(C)(C)C)c(Cl)c3)cs2)n(C)c1=O,CHEMBL3914798,7.91,7.91,7.91,,1,2015,2015,1,1
QLMOPODZXCOESC-UHFFFAOYSA-N,CC(=O)Cn1c(=O)c2c(ncn2CC(=O)Nc2csc(-c3cnc(C)c(C(F)(F)F)c3)n2)n(C)c1=O,CHEMBL5946891,8.4,8.4,8.4,,1,2019,2019,1,1
QLSIFRFNRJHECP-SMDDNHRTSA-N,Cn1cnc2ncn(Cc3nc([C@@H]4CO[C@@H](c5ccc(F)c(F)c5)C4)no3)c(=O)c21,CHEMBL5762816,6.824999999999999,6.76,6.89,0.09192388155425142,2,2020,2020,1,2
QLZXIMYXMVOVAQ-NZQKXSOJSA-N,C[C@@]1(F)C[C@@H](C(=O)NCc2cc(F)cc(-c3cnc(C(F)(F)F)cn3)c2)N(S(=O)(=O)c2ccc(F)cc2)C1,CHEMBL5796956,7.96,7.96,7.96,,1,2022,2022,1,1
QMAFBTYWSLPNQI-DZGCQCFKSA-N,Cc1c(=O)ncn2cnn(Cc3nc([C@@H]4CO[C@@H](c5ccc(Cl)cc5)C4)no3)c(=O)c12,CHEMBL5990350,6.550000000000001,6.48,6.62,0.09899494936611612,2,2020,2020,1,2
QMEGSSYRFUWZDE-GXTWGEPZSA-N,C[C@@H](C(=O)Nc1csc(-c2cnc(N3CCC[C@@H]3C(F)(F)F)nc2)n1)n1cnc2c1c(=O)n(CC#N)c(=O)n2C,CHEMBL5825686,8.4,8.4,8.4,,1,2019,2019,1,1
QMEGSSYRFUWZDE-JSGCOSHPSA-N,C[C@@H](C(=O)Nc1csc(-c2cnc(N3CCC[C@H]3C(F)(F)F)nc2)n1)n1cnc2c1c(=O)n(CC#N)c(=O)n2C,CHEMBL6049789,9.0,9.0,9.0,,1,2019,2019,1,1
QMNDHOHVKPZQCS-HUUCEWRRSA-N,COCCN(c1ccc(F)cc1)[C@@H]1CCCC[C@]1(O)C(F)(F)F,CHEMBL5411635,5.92,5.92,5.92,,1,2023,2023,1,1
QNQAJPYYMAPRBO-UHFFFAOYSA-N,Clc1ccc(Nc2n[nH]c3ccccc23)cc1,CHEMBL4080409,4.93,4.93,4.93,,1,2017,2017,1,1
QNSDSXCPSVTCKK-YBVWCTEOSA-N,O=C(NCc1cc(-c2ccc(C(F)(F)F)cc2)ncn1)[C@@H]1[C@H]2CC[C@H](C2)N1S(=O)(=O)c1ccc(F)cc1,CHEMBL6035953,7.64,7.64,7.64,,1,2022,2022,1,1
QNZGMOZJDBNRKF-LBPRGKRZSA-N,Cc1c(C(N)=O)oc2ncn(Cc3nnn(C[C@H](O)c4cc5cc(Cl)ccc5o4)n3)c(=O)c12,CHEMBL5209855,7.89,7.89,7.89,0.0,2,2022,2023,2,2
QNZKHXHWRNJPBD-UHFFFAOYSA-N,CC(C)C(NC(=O)OC(C)(C)C)C(=O)c1ccc(Cl)cc1,CHEMBL2071588,6.05,6.0,6.1,0.0707106781186545,2,2012,2012,1,2
QOENQLQNUIKJBK-UHFFFAOYSA-N,Cc1ccnc2ncn(Cc3nn(CCc4ccc(Cl)cc4)c(=O)o3)c(=O)c12,CHEMBL6022767,7.92,7.92,7.92,,1,2021,2021,1,1
QOKKWJMBTXOPEN-UHFFFAOYSA-N,O=C(Cn1cnc2c(F)cccc2c1=O)NCCc1ccc(Cl)cc1,CHEMBL3787443,5.88,5.88,5.88,,1,2016,2016,1,1
QOZZBCIPYXNJCK-ZIAGYGMSSA-N,O[C@]1(C(F)(F)F)CCCC[C@H]1N1CCc2cc(F)ccc21,CHEMBL5419147,7.35,7.35,7.35,,1,2023,2023,1,1
QPCKSJFZJVXDFA-LBPRGKRZSA-N,Cc1c(C(N)=O)sc2ncn(Cc3nnn(C[C@H](O)c4ccc(Br)cc4)n3)c(=O)c12,CHEMBL5990048,7.92,7.92,7.92,,1,2023,2023,1,1
QQQSONYYTGJIQO-UHFFFAOYSA-N,CCN(CC(=O)NCC1CN(c2ccc(C(F)(F)F)cc2)CCO1)S(=O)(=O)c1ccc(F)cc1,CHEMBL3930110,6.65,6.65,6.65,,1,2016,2016,1,1
QQQXKVCQXDRDNX-RXVVDRJESA-N,O=C(NCc1ccc(F)c(-c2cnc(C(F)(F)F)cn2)c1)[C@@H]1[C@@H](F)CCN1S(=O)(=O)c1ccc(F)cc1,CHEMBL5798773,7.62,7.62,7.62,,1,2022,2022,1,1
QRBXPSUERQTHLC-DZFIZOCASA-N,Cn1cnc2ncn(Cc3nc([C@H]4[C@@H]5CN(c6cccc(-n7cccn7)c6)C[C@@H]54)no3)c(=O)c21,CHEMBL5981941,7.3,7.3,7.3,,1,2020,2020,1,1
QRHSEUYZXNXRAQ-QFIPXVFZSA-N,CC(C)n1c(=O)c(CNC(=O)[C@@H]2CCCN2S(=O)(=O)c2cc3cc(F)ccc3o2)cn(-c2ccc(Cl)cc2)c1=O,CHEMBL6060983,7.62,7.62,7.62,,1,2020,2020,1,1
QSBZGESBJYBOBP-UHFFFAOYSA-N,Cc1sc2c(c1CC(=O)Nc1nc(-c3ccc(Cl)c(Cl)c3)cs1)c(=O)n(C)c(=O)n2C,CHEMBL3956363,7.47,7.47,7.47,,1,2015,2015,1,1
QSDHOQUBCGWXAS-SWLSCSKDSA-N,Nc1nc2ncccc2c(=O)n1Cc1nc([C@@H]2CO[C@@H](c3ccc(Cl)cc3)C2)no1,CHEMBL5837590,8.325,8.08,8.57,0.34648232278140906,2,2020,2020,1,2
QSIHJBAJXYRZEP-FXAWDEMLSA-N,Cc1nc(NC2CCN(C)CC2)n2ncn(Cc3nc([C@@H]4CO[C@@H](c5ccc(Cl)cc5)C4)no3)c(=O)c12,CHEMBL5986898,6.82,6.82,6.82,,1,2020,2020,1,1
QSJDMPUWLQMDRL-ZETCQYMHSA-N,CC(=O)Cn1c(=O)c2c(ncn2[C@@H](C)C(N)=O)n(C)c1=O,CHEMBL5972635,7.904999999999999,7.85,7.96,0.07778174593052077,2,2019,2019,1,1
QTHSTPFEORYFGF-UHFFFAOYSA-N,Cc1ccc2ncn(CC(=O)NCCc3ccc(Cl)cc3)c(=O)c2c1,CHEMBL3786110,6.58,6.58,6.58,,1,2016,2016,1,1
QTRILORKJOOALG-KWUMSVIQSA-N,O=c1c2ccncc2ncn1Cc1nc([C@H]2C[C@](F)(c3ccc(Cl)cc3)C2)no1,CHEMBL5864778,6.72,6.72,6.72,,1,2020,2020,1,1
QUAFNALOLHHWGL-MDZDMXLPSA-N,O=C(/C=C/c1ccccc1Cl)Nc1ccccc1C(=O)O,CHEMBL4517528,4.98,4.96,5.0,0.02828427124746224,2,2019,2019,1,1
QUCBMVALSQJJDY-WIBUTAKZSA-N,COC(=O)[C@H](C)[C@H]1CC[C@@](C)(CCC2=C(C)C(=O)CCC2(C)C)OO1,CHEMBL496650,4.66,4.66,4.66,,1,2024,2024,1,1
QUPNHARNJUEBBN-UHFFFAOYSA-N,Cc1noc(Cn2c(=O)[nH]c3ncn(C(C)C(=O)Nc4cccc(-c5cnc(C(F)(F)F)nc5)n4)c3c2=O)n1,CHEMBL5955772,6.25,6.25,6.25,,1,2021,2021,1,1
QUTZFRWPAJBYPD-UHFFFAOYSA-N,CCC(=O)Cn1c(=O)c2c(ncn2CC(=O)Nc2cncc(-c3cnc(C)c(C(F)(F)F)c3)n2)n(C)c1=O,CHEMBL5817925,8.22,8.22,8.22,,1,2019,2019,1,1
QVLFKDKVSWBVHB-LBPRGKRZSA-N,Cc1cc(Cn2c(=O)c3c(ncn3[C@@H](C)C(=O)Nc3cncc(-c4cnc(C(F)(F)F)nc4)n3)n(C)c2=O)no1,CHEMBL5770333,7.72,7.72,7.72,,1,2019,2019,1,1
QVRQGKMJHZNDPL-SMDDNHRTSA-N,Cc1cnn2ncn(Cc3nc([C@@H]4CO[C@@H](c5ccc(Cl)cn5)C4)no3)c(=O)c12,CHEMBL6035384,7.245,6.66,7.85,0.5970482950873124,4,2020,2020,1,2
QWBWILDFODWOBE-HUUCEWRRSA-N,Cn1cnc2ncn(Cc3nc([C@@H]4CC[C@@H](c5ccccc5)C4)no3)c(=O)c21,CHEMBL5995838,6.83,6.83,6.83,,1,2020,2020,1,1
QWHBACLOOIUCGE-QGZVFWFLSA-N,COCCCOc1cccc([C@H]2NC(=S)Nc3c2oc2ccccc32)c1,CHEMBL3314487,6.23,6.23,6.23,,1,2014,2014,1,1
QWJYOLGDDWGWEX-WOSRLPQWSA-N,Cn1cnc2ncn(Cc3nc([C@@H]4[C@H]5C=C(c6cccc(F)c6F)C[C@H]54)no3)c(=O)c21,CHEMBL5899415,8.21,7.77,8.68,0.44507490006364847,4,2020,2020,1,2
QWLNQFWDSVBLQX-SWLSCSKDSA-N,Nc1ccc2c(=O)n(Cc3nc([C@@H]4CO[C@@H](c5ccc(F)cc5)C4)no3)cnc2n1,CHEMBL5917938,7.865,7.81,7.92,0.07778174593052013,2,2020,2020,1,2
QWTDNAJECWPVJB-UHFFFAOYSA-N,CC(C)(C)Nc1c(-c2cccc(C#N)c2)nc2ccc(C(F)(F)F)cn12,CHEMBL3945305,6.07,6.07,6.07,,1,2016,2016,1,1
QWTRKWBGKUSEGF-XLIONFOSSA-N,COc1nn(-c2ccc(C(F)(F)F)cc2)cc1CNC(=O)[C@@H]1C[C@@H](F)CN1S(=O)(=O)c1ccc(F)cc1,CHEMBL5799363,7.96,7.96,7.96,,1,2022,2022,1,1
QXACEHWTBCFNSA-SFQUDFHCSA-N,CCCCCc1cc(O)c(C/C=C(\C)CCC=C(C)C)c(O)c1,CHEMBL497318,4.89,4.89,4.89,,1,2021,2021,1,1
QXBQEVYVRMWQJO-JQRITLKVSA-N,COCC(=O)Cn1c(=O)c2c(ncn2[C@@H](C)C(=O)Nc2csc(-c3cnc(N4CC5C(C4)C5(F)F)nc3)n2)n(C)c1=O,CHEMBL5962371,8.52,8.52,8.52,,1,2019,2019,1,1
QXBSEULNTNAFNO-UHFFFAOYSA-N,COCCCOc1cccc(C2NC(=S)Nc3c2oc2c(F)cccc32)c1,CHEMBL3314488,6.7,6.7,6.7,,1,2014,2014,1,1
QXLPITFISDKGCL-LBPRGKRZSA-N,NC(=O)c1csc2ncn(Cc3nnn(C[C@H](O)c4cc5ccccc5s4)n3)c(=O)c12,CHEMBL5179888,7.89,7.89,7.89,,1,2022,2022,1,1
QXOZMIUQRZZTIE-UHFFFAOYSA-N,CC(C)C(NC(=O)c1ccc(Cl)cc1)C(=O)c1ccc(C#N)cc1,CHEMBL2071502,6.4,6.4,6.4,,1,2012,2012,1,1
QXUVGAUHCZPSAQ-FOLVSLTJSA-N,Cn1cnc2ncn(Cc3nc([C@H]4[C@@H]5CN(c6cc(F)cc(F)c6)C[C@@H]54)no3)c(=O)c21,CHEMBL5967246,8.1,7.69,8.51,0.5798275605729689,2,2020,2020,1,2
QYYUODQVSQCLPQ-BBRMVZONSA-N,CCC(=O)Cn1c(=O)c2c(ncn2[C@@H](C)C(=O)Nc2csc(-c3cnc(N4CCC[C@H]4C(F)(F)F)nc3)n2)n(C)c1=O,CHEMBL5951849,9.0,9.0,9.0,,1,2019,2019,1,1
QZGNCRICQIDMHW-UHFFFAOYSA-N,Cc1cc2nc(-c3cccc(Cl)c3)c(NC(C)(C)C)n2cc1Br,CHEMBL3959298,6.64,6.64,6.64,,1,2016,2016,1,1
QZOIMDCJCAKBGQ-UHFFFAOYSA-N,CC(C)C(NC(=O)c1cnn(C(C)(C)C)c1C(F)(F)F)C(=O)c1ccc2nonc2c1,CHEMBL2071600,6.4,6.4,6.4,,1,2012,2012,1,1
RAFUPNMBANCSLG-YEORSEQZSA-N,Cn1cnc2ncn(Cc3nc([C@H]4C[C@H](Oc5ccc(F)cc5)C4)no3)c(=O)c21,CHEMBL5833830,7.4,7.4,7.4,,1,2020,2020,1,1
RAHSUIGYUWDUOC-UHFFFAOYSA-N,CCC(=O)Cn1c(=O)c2c(ncn2CC(N)=O)n(C)c1=O,CHEMBL5935417,8.1,8.1,8.1,,1,2019,2019,1,1
RAQSTFBWMXLVQS-UHFFFAOYSA-N,CC(C)C(NC(=O)N(C)C(C)(C)C)C(=O)c1ccc(Cl)cc1,CHEMBL2071586,6.4,6.2,6.6,0.28284271247461895,2,2012,2012,1,2
RBMMABICGHVJIJ-AWEZNQCLSA-N,Cc1cc(Cn2c(=O)c3c(ncn3[C@@H](C)C(=O)Nc3ccnc(-c4cnc(C)c(C(F)(F)F)c4)n3)n(C)c2=O)no1,CHEMBL5806996,9.0,9.0,9.0,,1,2019,2019,1,1
RBQDBKBBFFUJHV-UHFFFAOYSA-N,Cn1cnc2ncn(Cc3nn(CCc4ccc(OC(F)F)cc4)c(=O)o3)c(=O)c21,CHEMBL5815789,6.68,6.68,6.68,,1,2021,2021,1,1
RBQQXOROSFEGNT-WCQYABFASA-N,Cn1c(C(F)F)nc2ncn(Cc3nc([C@@H]4CO[C@@H](c5ccc(Cl)cc5)C4)no3)c(=O)c21,CHEMBL6040972,7.96,7.96,7.96,,1,2020,2020,1,1
RDUIENCYZRNFOI-UHFFFAOYSA-N,Fc1ccc2[nH]c(-c3n[nH]c4cc(OC(F)(F)F)ccc34)cc2c1,CHEMBL4100238,6.13,6.13,6.13,,1,2017,2017,1,1
RDUWGQOSDSCPEY-DIBXZPPDSA-N,Cn1nc2c(c1CC(=O)/N=c1\scc(-c3ccc(F)c(C(F)(F)F)c3F)n1COP(=O)(O)O)c(=O)n(C)c(=O)n2C,CHEMBL3953123,5.8,5.8,5.8,,1,2015,2015,1,1
RDZDOAHPYMGFTF-GOEBONIOSA-N,Cc1nc2nc(C)n(C)c2c(=O)n1Cc1nc([C@@H]2CO[C@@H](c3ccc(Cl)cc3)C2)no1,CHEMBL5765205,7.140000000000001,7.07,7.21,0.09899494936611612,2,2020,2020,1,2
RELPPOJGGXOECP-UHFFFAOYSA-N,Fc1ccc(Oc2nccc3[nH]ccc23)c(F)c1,CHEMBL3298760,6.5,6.5,6.5,,1,2014,2014,1,1
REOZWEGFPHTFEI-JKSUJKDBSA-N,C=C(C)[C@@H]1CCC(C)=C[C@H]1c1c(O)cc(CCC)cc1O,CHEMBL2387742,5.89,5.89,5.89,,1,2021,2021,1,1
REQIGSAIGZEBIL-HNNXBMFYSA-N,CCN(CC)c1ncc(-c2nc(NC(=O)[C@H](C)n3cnc4c3c(=O)n(Cc3cc(C)on3)c(=O)n4C)cs2)cn1,CHEMBL6040901,8.7,8.7,8.7,,1,2019,2019,1,1
REQRXYTVHDTROQ-QWPOMPHKSA-N,CCC(=N\O)/C(C)=C/c1ccc(F)c(Cl)c1,CHEMBL3697709,5.22,5.22,5.22,,1,2015,2015,1,1
RFVGHGUGSAAXTQ-IERDGZPVSA-N,O=C(NCc1cc(N2CCC(C(F)(F)F)CC2)c(F)cn1)[C@@H]1C[C@@H](F)CN1S(=O)(=O)c1ccc(F)cc1,CHEMBL6020384,7.465,7.25,7.68,0.30405591591021525,2,2022,2022,1,1
RFWQIWOJUKZICG-UHFFFAOYSA-N,CC(C)C(NC(=O)c1ccccc1C(F)(F)F)C(=O)c1ccc(C#N)cc1,CHEMBL2071508,5.4,5.3,5.5,0.14142135623730995,2,2012,2012,1,2
RFXWMKXVVDBBLS-UHFFFAOYSA-N,Cn1cc(C#N)c2ncn(Cc3nn(CCc4ccc(Cl)cc4)c(=O)o3)c(=O)c21,CHEMBL5931002,6.78,6.78,6.78,,1,2021,2021,1,1
RGGJFJAOYSJEKN-JOCQHMNTSA-N,Cn1cnc2ncn(Cc3nc([C@H]4C[C@H](c5ccc(OC(F)(F)F)cc5)C4)no3)c(=O)c21,CHEMBL5962769,6.71,6.71,6.71,,1,2020,2020,1,1
RGXNECXVRZKGGH-UOXRKKOCSA-N,C[C@H]1[C@H](F)C[C@@H](C(=O)NCc2cc(-c3cnc(C(F)(F)F)nc3)ncc2C(F)(F)F)N1S(=O)(=O)c1ccc(F)cc1,CHEMBL4865238,8.785,8.77,8.8,0.02121320343559723,2,2021,2025,2,2
RHMHJTBKWCHRFJ-LBPRGKRZSA-N,Cc1nc(Cn2c(=O)c3c(ncn3[C@@H](C)C(=O)Nc3cncc(-c4cnc(C)c(C(F)(F)F)c4)n3)n(C)c2=O)no1,CHEMBL5979839,7.57,7.57,7.57,,1,2019,2019,1,1
RHXMMXJMSUZJGT-MNNVXMFVSA-N,COCC(=O)Cn1c(=O)c2c(ncn2[C@@H](C)C(=O)Nc2cccc(-c3ccc(N4CC5C(C4)C5(F)F)nc3)n2)n(C)c1=O,CHEMBL5752677,8.15,8.15,8.15,,1,2019,2019,1,1
RIIXXVBMCUBPDJ-SHTZXODSSA-N,Cc1ccnc2ncn(Cc3nc([C@H]4C[C@H](c5ccc(F)cc5)C4)no3)c(=O)c12,CHEMBL5901394,7.82,7.82,7.82,,1,2020,2020,1,1
RIUFXWHYQAUEAO-UHFFFAOYSA-N,N#Cc1ccc(-c2n[nH]c3cc(OC(F)(F)F)ccc23)cc1,CHEMBL4101680,6.16,6.16,6.16,,1,2017,2017,1,1
RJMWAUREFQUJOV-LBPRGKRZSA-N,NC(=O)c1csc2ncn(Cc3nnn(C[C@H](O)c4ccc5oc(F)cc5c4)n3)c(=O)c12,CHEMBL5205506,7.92,7.92,7.92,,1,2022,2022,1,1
RKBDDOAOYHMXHG-HDJSIYSDSA-N,O=c1c2cccnc2ncn1Cc1nc([C@H]2C[C@H](c3ccc(Cl)cc3)C2)no1,CHEMBL5929559,7.11,7.11,7.11,,1,2020,2020,1,1
RKBSUEKOOGJZRP-KUHUBIRLSA-N,O=C(NCc1cc(-c2cnc(C(F)(F)F)nc2)c(F)cn1)[C@@H]1C[C@@H](F)CN1S(=O)(=O)c1ccc(F)cc1,CHEMBL5967837,7.42,7.42,7.42,,1,2022,2022,1,1
RKGSVRATVWYWQZ-XLIONFOSSA-N,COc1cc(-c2ccc(C(F)(F)F)nc2)cc(CNC(=O)[C@@H]2C[C@@H](F)CN2S(=O)(=O)c2ccc(F)cc2)n1,CHEMBL5934758,7.43,7.43,7.43,,1,2022,2022,1,1
RKUSVOSNDTWJFP-QFIPXVFZSA-N,CC(C)n1cc(CNC(=O)[C@@H]2CCCN2S(=O)(=O)c2cc3ccccc3o2)cc(-c2ccc(C(F)(F)F)nc2)c1=O,CHEMBL6005621,6.68,6.68,6.68,,1,2020,2020,1,1
RLCFIKQUNAVFSB-UHFFFAOYSA-N,Cn1c(=O)c2c(CC(=O)Nc3nc(-c4ccc(C(F)(F)F)cc4F)cs3)cccc2n(C)c1=O,CHEMBL3897132,7.58,7.58,7.58,,1,2015,2015,1,1
RLSJFZMRRVZYOG-UHFFFAOYSA-N,Cn1c(=O)c2c(CC(=O)Nc3nc(-c4cc(F)c(OCC(F)(F)F)c(F)c4)cs3)cccc2n(C)c1=O,CHEMBL3906012,8.22,8.22,8.22,,1,2015,2015,1,1
RMLPFNIHAZOFIL-SIKLNZKXSA-N,C[C@@]1(F)C[C@@H](C(=O)NCc2cc(-c3ccc(C(F)(F)F)nc3)ncn2)N(S(=O)(=O)c2ccc(F)cc2)C1,CHEMBL5786059,7.05,7.05,7.05,,1,2022,2022,1,1
RMPXORPOMZZYAM-UHFFFAOYSA-N,CC(C)c1csc(C(=O)NCC(Cc2ccccc2)N2CCC(O)(C(F)(F)F)CC2)n1,CHEMBL4208667,6.8,6.8,6.8,,1,2016,2016,1,1
RMQZLRRVWCKZAT-UHFFFAOYSA-N,Cc1cc(Cn2c(=O)c3c(ncn3CC(=O)Nc3cccc(N4CC5C(C4)C5(F)F)n3)n(C)c2=O)no1,CHEMBL5899569,6.85,6.85,6.85,,1,2019,2019,1,1
RNTNRGPOXWZFSV-HHCCDPJTSA-N,Cc1cnn2ncn(Cc3nc([C@H]4C[C@](F)(c5ccc(Cl)cc5)C4)no3)c(=O)c12,CHEMBL5865172,7.640000000000001,7.19,8.09,0.6363961030678921,2,2020,2020,1,2
RNUOFBBBPCXGHG-QLPKVWCKSA-N,COc1cccc(N2C[C@@H]3[C@H](C2)[C@H]3c2noc(Cn3cnc4ncn(C)c4c3=O)n2)c1,CHEMBL6051404,6.8,6.8,6.8,,1,2020,2020,1,1
RONHBRICLKDFKA-CTYIDZIISA-N,O=c1c2cccnc2cnn1Cc1nn([C@H]2C[C@H](c3ccc(Cl)cc3)C2)c(=O)o1,CHEMBL5875208,7.1,7.1,7.1,,1,2021,2021,1,1
ROPFVCZNOGJJTP-FOLVSLTJSA-N,Cn1cnc2ncn(Cc3nc([C@H]4[C@@H]5CN(c6cc(Cl)cc(Cl)c6)C[C@@H]54)no3)c(=O)c21,CHEMBL5854360,6.57,6.57,6.57,,1,2020,2020,1,1
ROWLJZVZKLFWIP-ZDUSSCGKSA-N,O=C1NCCc2c1sc1ncn(Cc3nnn(C[C@H](O)c4cc5cc(Cl)ccc5o4)n3)c(=O)c21,CHEMBL5909234,7.85,7.85,7.85,,1,2023,2023,1,1
RPCAQDVUXPFSNA-CDKJVOIVSA-N,CC(=C\c1ccccc1)/C(C)=N/O,CHEMBL603735,5.57,5.57,5.57,,1,2010,2010,1,1
RPYNGOUXKHDDOG-APWZRJJASA-N,O=C(NCc1cc(F)cc(-n2ccc(C(F)(F)F)n2)c1)[C@@H]1C[C@@H](F)CN1S(=O)(=O)c1ccc(F)cc1,CHEMBL5796135,6.99,6.99,6.99,,1,2022,2022,1,1
RQNFZQNZWILBEE-QUCCMNQESA-N,O=C(NCc1cc(F)cc(-c2cnc(C(F)(F)F)nc2)c1)[C@@H]1C[C@@H](F)CN1S(=O)(=O)c1ccc(F)cc1,CHEMBL5817946,7.85,7.85,7.85,,1,2022,2022,1,1
RQQAWKCHVMJSHO-MNZLEMJZSA-N,O=c1c2cccnc2cnn1Cc1nc([C@H]2[C@@H]3CN(c4ccccc4)C[C@@H]32)no1,CHEMBL5858382,8.25,8.21,8.29,0.056568542494922595,2,2020,2020,1,2
RQRSHGKVUVLTGC-SHTZXODSSA-N,Cc1ccnc2ncn(Cc3nc([C@H]4C[C@H](c5ccc(Cl)cc5)C4)no3)c(=O)c12,CHEMBL5949196,7.67,7.67,7.67,,1,2020,2020,1,1
RQYJNYUPQSRKEX-ZDUSSCGKSA-N,Cc1cc(Cn2c(=O)c3c(ncn3[C@@H](C)C(=O)Nc3cccc(-c4cnc(C(F)(F)F)nc4)n3)n(C)c2=O)no1,CHEMBL5758717,8.4,8.4,8.4,,1,2019,2019,1,1
RROFQCPRKWVHAS-UHFFFAOYSA-N,Cc1cccc2ncn(CC(=O)NCCc3ccc(Cl)cc3)c(=O)c12,CHEMBL3787125,7.16,7.16,7.16,,1,2016,2016,1,1
RRTAHZNWVCULQP-UHFFFAOYSA-N,O=C(Nc1cc(NCc2cccs2)cc(C(F)(F)F)c1)c1cccs1,CHEMBL3311175,5.57,5.57,5.57,,1,2014,2014,1,1
RSEKKORVKIXWHN-BXHXUVEDSA-N,Cn1cnc2ncn(Cc3nc([C@H]4C[C@](F)(c5ccc(F)cc5)C4)no3)c(=O)c21,CHEMBL5858075,6.5,6.5,6.5,,1,2020,2020,1,1
RSSHXKVUURRAKX-GFCCVEGCSA-N,Cn1cnc2ncn(Cc3nn(C[C@@H](F)c4ccc(Cl)cc4)c(=O)o3)c(=O)c21,CHEMBL5958280,5.42,5.42,5.42,,1,2021,2021,1,1
RSSHXKVUURRAKX-LBPRGKRZSA-N,Cn1cnc2ncn(Cc3nn(C[C@H](F)c4ccc(Cl)cc4)c(=O)o3)c(=O)c21,CHEMBL4863686,7.585,7.47,7.7,0.16263455967290624,2,2021,2021,2,2
RTOPZEJDITVXGI-MNZLEMJZSA-N,O=c1c2cccnc2cnn1Cc1nc([C@H]2[C@@H]3CN(c4cccc(F)c4)C[C@@H]32)no1,CHEMBL5774326,8.184999999999999,8.08,8.29,0.14849242404917495,2,2020,2020,1,2
RTYUVVPWNPBAAI-SIKLNZKXSA-N,O=C(NCc1cc(-c2ccc(C(F)(F)F)nc2)ncn1)[C@@H]1C[C@]2(CN1S(=O)(=O)c1ccc(F)cc1)CC2(F)F,CHEMBL5797642,6.95,6.95,6.95,,1,2022,2022,1,1
RUDSKJYIDUAKKF-HNNXBMFYSA-N,Cc1c(C(=O)NCC(C)(C)O)sc2ncn(Cc3nc(C[C@H](O)c4ccc(Cl)cc4)no3)c(=O)c12,CHEMBL4847955,7.43,7.43,7.43,0.0,2,2021,2021,2,2
RUTDIBPJABTBIH-JOCQHMNTSA-N,Cn1cnc2ncn(Cc3nc([C@H]4C[C@H](c5cccc(Cl)c5)C4)no3)c(=O)c21,CHEMBL5871159,7.51,7.51,7.51,,1,2020,2020,1,1
RVDABDCXJORPND-UHFFFAOYSA-N,Cc1csc2ncc(Cc3nn(CCc4ccc(Cl)cc4)c(=O)o3)c(=O)n12,CHEMBL6058290,7.19,7.19,7.19,,1,2021,2021,1,1
RVGJWMWMMBRESO-LBPRGKRZSA-N,Cc1c(C(N)=O)sc2ncn(Cc3nc(C[C@H](O)c4ccc(Cl)cc4)no3)c(=O)c12,CHEMBL4869839,7.89,7.89,7.89,0.0,2,2021,2021,2,2
RVMLSWRWPJDAMD-UHFFFAOYSA-N,CC(C)c1ccc(-c2csc(NC(=O)Cc3cccc4c3c(=O)n(C)c(=O)n4C)n2)cc1,CHEMBL3914637,7.22,7.22,7.22,,1,2015,2015,1,1
RWCHXWRYBIRFNE-UHFFFAOYSA-N,Cn1c(=O)c2c(CC(=O)Nc3nc(-c4cc(F)cc(C(F)(F)F)c4)cs3)c(Cl)oc2n(C)c1=O,CHEMBL3930651,8.29,8.29,8.29,,1,2015,2015,1,1
RWIAKYVGVKDIRP-SWLSCSKDSA-N,OC(F)(F)[C@@]1(O)CCCC[C@H]1Cc1c[nH]c2ccccc12,CHEMBL5431088,4.6,4.6,4.6,,1,2023,2023,1,1
RXBHBVLYZQAGOZ-KOMQPUFPSA-N,Cc1ccnc2ncn(Cc3nn([C@H]4C[C@H](c5ccc(Cl)cc5)C4)c(=O)o3)c(=O)c12,CHEMBL6041401,8.2,8.2,8.2,,1,2021,2021,1,1
RXCHUXFWVPCBNN-UHFFFAOYSA-N,CN1C(=O)c2cccc(CC(=O)Nc3nc(-c4ccc(Cl)c(Cl)c4)cs3)c2C1=O,CHEMBL1083803,6.6,6.6,6.6,,1,2010,2010,1,1
RXDLQMSQKRAFKY-SWLSCSKDSA-N,Nc1nc(=O)c2cccnc2n1Cc1nc([C@@H]2CO[C@@H](c3ccc(F)cc3)C2)no1,CHEMBL5857567,7.45,7.08,7.82,0.5232590180780453,2,2020,2020,1,2
RYOHHCGMNJEVIR-UHFFFAOYSA-N,CCC(=O)Cn1c(=O)c2c(ncn2C(C)C(=O)Nc2ccnc(-c3cnc(N4CC5CC5C4)nc3)n2)n(C)c1=O,CHEMBL5897591,8.1,8.1,8.1,,1,2019,2019,1,1
RYUCFDWWFHXUHD-UXHICEINSA-N,COc1nn(-c2ccc(C(F)F)cc2)cc1CC(=O)N[C@@H]1CC[C@@H]1S(=O)(=O)c1ccc(F)cc1,CHEMBL5949672,7.36,7.36,7.36,,1,2020,2020,1,1
RZMBEUPDQABNNP-LSKLOWJMSA-N,C[C@H]1[C@H](F)C[C@@H](C(=O)NCc2c(F)cnc(-c3cnc(C(F)(F)F)nc3)c2F)N1S(=O)(=O)c1ccc(F)cc1,CHEMBL4064602,6.48,6.48,6.48,,1,2018,2018,1,1
SABAYCWPZHQHKG-NFOMZHRRSA-N,COCC(=O)Cn1c(=O)c2c(ncn2[C@@H](C)C(=O)Nc2csc(-c3cnc(N4CC5CC5C4)nc3)n2)n(C)c1=O,CHEMBL5859441,8.22,8.22,8.22,,1,2019,2019,1,1
SAMJQPAXJHTPPP-UHFFFAOYSA-N,O=c1c2cccnc2ncn1Cc1nc(CCc2ccc(Cl)cc2)no1,CHEMBL3785110,6.904999999999999,6.42,7.39,0.6858935777509506,2,2016,2016,1,2
SBACLEGKEWSXLI-UHFFFAOYSA-N,Cn1c(=O)c2c(CC(=O)Nc3nc(-c4cc(F)c(CCC(F)(F)F)c(F)c4)cs3)coc2n(C)c1=O,CHEMBL3981050,8.47,8.47,8.47,,1,2015,2015,1,1
SBWZTTUKCJUALE-SWLSCSKDSA-N,O=c1c2c(Cl)ccnc2ncn1Cc1nc([C@@H]2CO[C@@H](c3ccc(F)cc3)C2)no1,CHEMBL5865597,7.82,7.82,7.82,,1,2020,2020,1,1
SCDFLVQWVCBTRY-UHFFFAOYSA-N,Cn1cnc2ncn(Cc3nn(CCc4ccc(-c5ccccc5)cc4)c(=O)o3)c(=O)c21,CHEMBL5799314,6.6,6.6,6.6,,1,2021,2021,1,1
SCMGPSOKSOKBBN-XLIONFOSSA-N,O=C(NCc1cc(F)cc(-c2ccc(C(F)(F)F)nn2)c1)[C@@H]1C[C@@H](F)CN1S(=O)(=O)c1ccc(F)cc1,CHEMBL5866870,7.7,7.7,7.7,,1,2022,2022,1,1
SCPVZTYGMSQVAC-XMCHAPAWSA-N,O=C(NCc1cc(-c2ccc(C(F)(F)F)nc2)ncn1)[C@@H]1C[C@H]2C[C@H]2N1S(=O)(=O)c1ccc(F)cc1,CHEMBL5916202,6.81,6.81,6.81,,1,2022,2022,1,1
SDKINESYISJNHI-UHFFFAOYSA-N,CC(C)C(NC(=O)c1ccccc1)C(=O)c1ccc(C#N)cc1,CHEMBL2071498,5.4,5.4,5.4,,1,2012,2012,1,1
SEGWTDQQCHLCHX-IRBZQWRBSA-N,O=C(NCc1cc(-c2ccc(C(F)(F)F)cc2)ncn1)[C@@H]1C[C@H]2COC[C@H]2N1S(=O)(=O)c1ccc(F)cc1,CHEMBL5761294,6.35,6.35,6.35,,1,2022,2022,1,1
SEGWTDQQCHLCHX-XARZLDAJSA-N,O=C(NCc1cc(-c2ccc(C(F)(F)F)cc2)ncn1)[C@@H]1C[C@@H]2COC[C@@H]2N1S(=O)(=O)c1ccc(F)cc1,CHEMBL6048913,6.37,6.37,6.37,,1,2022,2022,1,1
SELZLURRXNIGSN-JXFKEZNVSA-N,Cc1cc(Cn2c(=O)c3c(ncn3[C@@H](C)C(=O)Nc3cccc(-c4cnc(N5CCC[C@H]5C(F)(F)F)nc4)n3)n(C)c2=O)no1,CHEMBL5772739,9.0,9.0,9.0,,1,2019,2019,1,1
SEZSWZYJAHZVBQ-UHFFFAOYSA-N,Cn1c(=O)c2c(CC(=O)Nc3nc(-c4ccc(F)c(C(F)(F)F)c4)cs3)cccc2n(C)c1=O,CHEMBL3897802,7.7,7.7,7.7,,1,2015,2015,1,1
SFIQAZWEBFWFFD-JTQLQIEISA-N,Cc1noc(Cn2c(=O)c3c(ncn3[C@@H](C)C(=O)Nc3cncc(-c4cnc(C(F)(F)F)nc4)n3)n(C)c2=O)n1,CHEMBL5940016,7.7,7.7,7.7,,1,2019,2019,1,1
SFQUEYCZYVQMRY-CTYIDZIISA-N,O=c1c2cccnc2ncn1Cc1nn([C@H]2C[C@H](c3ccc(Cl)cc3)C2)c(=O)o1,CHEMBL5779407,7.79,7.79,7.79,,1,2021,2021,1,1
SFVBXBHHOGKJEW-RQJWMODNSA-N,CN1C=NC2N=CN(Cc3nc([C@@H]4CO[C@@H](c5cc(F)c(Cl)c(F)c5)C4)no3)C(=O)C21,CHEMBL5931500,7.605,7.32,7.89,0.4030508652763313,2,2020,2020,1,2
SGCZWBXKGMRYGM-XOIINTDNSA-N,Cn1cnc2ncn(Cc3nc([C@@H]4[C@@H]5C[C@H]4CN(c4ccccc4)C5)no3)c(=O)c21,CHEMBL6195964,7.109999999999999,7.08,7.14,0.04242640687119289,2,2020,2020,1,2
SGEZELHMEQVNFY-NRFANRHFSA-N,O=C(NC[C@H](Cc1ccccc1)N1CCC(O)(C(F)(F)F)CC1)C1(c2ccc(Cl)cc2)CC1,CHEMBL4208446,6.32,6.32,6.32,,1,2016,2016,1,1
SGEZELHMEQVNFY-OAQYLSRUSA-N,O=C(NC[C@@H](Cc1ccccc1)N1CCC(O)(C(F)(F)F)CC1)C1(c2ccc(Cl)cc2)CC1,CHEMBL4213371,7.28,7.28,7.28,,1,2016,2016,1,1
SGEZELHMEQVNFY-UHFFFAOYSA-N,O=C(NCC(Cc1ccccc1)N1CCC(O)(C(F)(F)F)CC1)C1(c2ccc(Cl)cc2)CC1,CHEMBL3912566,7.494999999999999,7.14,7.85,0.5020458146424484,2,2016,2016,2,2
SHEZWPJUOWPXDN-UHFFFAOYSA-N,Cn1c(=O)c2c(CC(=O)Nc3nc(-c4ccc(OC(F)F)c(Cl)c4)cs3)cccc2n(C)c1=O,CHEMBL3904057,7.47,7.47,7.47,,1,2015,2015,1,1
SHLKDPMPLSENMB-UHFFFAOYSA-N,Cn1c(=O)c2c(ccn2CC(=O)Nc2nc(-c3ccc(C(F)(F)F)cc3)cs2)n(C)c1=O,CHEMBL1946119,5.68,5.68,5.68,,1,2012,2012,1,1
SHSSNEIQZDUKEK-LISNJYIYSA-N,CC(C)[C@H](N)C(=O)OCn1c(-c2ccc(F)c(C(F)(F)F)c2F)cs/c1=N\C(=O)Cc1csc2c1c(=O)n(C)c(=O)n2C,CHEMBL3926532,7.66,7.66,7.66,,1,2015,2015,1,1
SIHRXNYLUBLFFN-UZLBHIALSA-N,O=C(NCc1cc(-c2ccc(C(F)(F)F)nn2)ccc1F)[C@@H]1C[C@@H](F)CN1S(=O)(=O)c1ccc(F)cc1,CHEMBL6054677,7.37,7.37,7.37,,1,2022,2022,1,1
SILAPDUQPMKZOP-MQMHXKEQSA-N,Cn1cnc2cnn(Cc3nn([C@H]4C[C@H](c5ccc(Cl)cc5)C4)c(=O)o3)c(=O)c21,CHEMBL5953423,7.34,7.34,7.34,,1,2021,2021,1,1
SIVFQWBIRYGTTL-GXTWGEPZSA-N,Cc1c(N)nn2ncn(Cc3nc([C@@H]4CO[C@@H](c5ccc(F)cc5)C4)no3)c(=O)c12,CHEMBL5768800,7.685,7.34,8.03,0.48790367901871745,2,2020,2020,1,2
SJAIVGYRWIRMMF-UHFFFAOYSA-N,CC(C)C(NC(=O)c1cc(Cl)ccc1C(F)(F)F)C(=O)c1ccc([N+](=O)[O-])cc1,CHEMBL2071601,8.0,8.0,8.0,,1,2012,2012,1,1
SJUCKSBEIQPXBE-IGCXYCKISA-N,Cn1cnc2ncn(Cc3nc([C@H]4[C@@H]5C=C(c6ccc(F)c(F)c6)C[C@@H]54)no3)c(=O)c21,CHEMBL5964943,8.155000000000001,7.9,8.41,0.36062445840513846,2,2020,2020,1,2
SJUCKSBEIQPXBE-OGHNNQOOSA-N,Cn1cnc2ncn(Cc3nc([C@@H]4[C@H]5C=C(c6ccc(F)c(F)c6)C[C@H]54)no3)c(=O)c21,CHEMBL6058281,8.17,8.03,8.31,0.1979898987322341,2,2020,2020,1,2
SJYUOIRAPYIRKY-MQMHXKEQSA-N,Cn1cnc2ncn(Cc3nn([C@H]4C[C@H](c5ccc(F)cc5)C4)c(=O)o3)c(=O)c21,CHEMBL6053766,7.19,7.19,7.19,,1,2021,2021,1,1
SKHDURSNHJWXRZ-UHFFFAOYSA-N,CC(CO)C(C)Cc1ccccc1,CHEMBL5592753,4.77,4.77,4.77,,1,2024,2024,1,1
SKJSBHKZBFLKPZ-MNZLEMJZSA-N,Cn1ccc2cc(N3C[C@@H]4[C@H](C3)[C@H]4c3noc(Cn4cnc5ncn(C)c5c4=O)n3)ccc21,CHEMBL6015267,6.58,6.58,6.58,,1,2020,2020,1,1
SKLLQNALHJGISD-UKRRQHHQSA-N,Cn1cnc2ncn(Cc3nn([C@@H]4CC[C@@H](c5cccc(Cl)c5)C4)c(=O)o3)c(=O)c21,CHEMBL6060769,7.44,7.44,7.44,,1,2021,2021,1,1
SKTMPVUPTJNYLK-UHFFFAOYSA-N,CCNc1c(-c2cccc(Cl)c2)nc2ccc(C(F)(F)F)cn12,CHEMBL3961067,5.68,5.68,5.68,,1,2016,2016,1,1
SLALXZHBVOLRJL-PKOBYXMFSA-N,Cc1nc(N2CCOCC2)n2ccn(Cc3nc([C@@H]4CO[C@@H](c5ccc(Cl)cc5)C4)no3)c(=O)c12,CHEMBL5879244,6.965,6.91,7.02,0.07778174593051983,2,2020,2020,1,2
SLNROIPXLUPVIJ-XLIONFOSSA-N,N#Cc1ccc(S(=O)(=O)N2C[C@H](F)C[C@H]2C(=O)NCc2cn(-c3ccc(C(F)(F)F)cc3)nc2Cl)cc1,CHEMBL5920085,7.31,7.31,7.31,,1,2022,2022,1,1
SLOODCSWMAVTSP-KWUMSVIQSA-N,O=c1c2cccnc2ncn1Cc1nc([C@H]2C[C@](F)(c3cccc(Cl)c3)C2)no1,CHEMBL5816786,7.23,7.23,7.23,,1,2020,2020,1,1
SLXXZLZVLVMTHQ-UHFFFAOYSA-N,Cn1c(=O)c2c(ccn2CC(=O)Nc2ccc(OC(F)(F)F)cc2)n(C)c1=O,CHEMBL1944839,5.43,5.43,5.43,,1,2012,2012,1,1
SMIMKERZYSZTRX-MNZLEMJZSA-N,O=c1c2cccnc2cnn1Cc1nc([C@H]2[C@@H]3CN(c4cccc(Cl)c4)C[C@@H]32)no1,CHEMBL5779299,8.54,8.54,8.54,,1,2020,2020,1,1
SMINZQWEKSNLMB-UHFFFAOYSA-N,CCCNc1cc(C)cc(NC(=O)c2c(F)cccc2F)c1,CHEMBL3311195,5.72,5.72,5.72,,1,2014,2014,1,1
SMMFPASDMNZEDG-IERDGZPVSA-N,O=C(NCc1cc(-c2ccc(OC(F)(F)F)cc2)ncn1)[C@@H]1C[C@@H](F)CN1S(=O)(=O)c1ccc(F)cc1,CHEMBL6048359,7.68,7.68,7.68,0.0,2,2022,2022,1,1
SNLKVSGXSRSUAR-QFIPXVFZSA-N,C[C@@]1(C(=O)NCc2cc(-c3ccc(C(F)(F)F)nc3)ncn2)CCCN1S(=O)(=O)c1ccc(F)cc1,CHEMBL6001878,7.29,7.29,7.29,,1,2022,2022,1,1
SNXTZGQKRRAGHG-HXOBKFHXSA-N,O=C(NCc1cc(-c2cnc(C(F)(F)F)nc2)ccc1F)[C@]12C[C@H]1CCN2S(=O)(=O)c1ccc(F)cc1,CHEMBL5985376,7.68,7.68,7.68,,1,2022,2022,1,1
SOBJXYFMGNTIEM-JTQLQIEISA-N,NC(=O)c1sc2ncn(Cc3nc(C[C@H](O)c4ccc(Cl)cc4)no3)c(=O)c2c1Cl,CHEMBL4850616,7.8,7.8,7.8,0.0,2,2021,2021,2,2
SOXPNOPOIIHWLL-APWZRJJASA-N,O=C(NCc1cc(Cl)nc(-c2ccc(C(F)(F)F)nc2)c1)[C@@H]1C[C@@H](F)CN1S(=O)(=O)c1ccc(F)cc1,CHEMBL5768639,7.85,7.85,7.85,,1,2022,2022,1,1
SOYOXOXAXREIQP-UHFFFAOYSA-N,O=C1C2=C(NC(=S)NC2c2cccc(Br)c2)c2ccccc21,CHEMBL1939980,6.3,6.3,6.3,,1,2012,2012,1,1
SPMLDYAYUULMCM-UHFFFAOYSA-N,Fc1ccc(Oc2nccc3ccccc23)c(F)c1,CHEMBL3298212,5.51,5.51,5.51,,1,2014,2014,1,1
SPQAQEDLUSSZTH-IPVJXJPOSA-N,Cc1ccnc2ncn(Cc3nc([C@H]4C[C@](F)(c5ccc(F)cc5)C4)no3)c(=O)c12,CHEMBL5832960,7.705,7.52,7.89,0.261629509039023,2,2020,2020,1,2
SPQGFWUNDMTMBR-UHFFFAOYSA-N,Cc1noc(Cn2c(=O)c3c(ncn3CC(=O)Nc3cccc(-c4cnc(C(F)(F)F)c(C)c4)n3)n(C)c2=O)n1,CHEMBL5937720,8.3,8.3,8.3,,1,2019,2019,1,1
SQIWWIMCDCSDHP-ZDUSSCGKSA-N,Cc1cc(Cn2c(=O)c3c(ncn3[C@@H](C)C(=O)Nc3cccc(-c4cnc(Cl)c(C(F)(F)F)c4)n3)n(C)c2=O)no1,CHEMBL5866397,8.7,8.7,8.7,,1,2019,2019,1,1
SQNNYRWDFNZPBJ-CTTBUFIDSA-N,C=C1CCC[C@H]2[C@](C)(CC[C@@]3(C)CC[C@H]([C@@H](C)C(=O)O)OO3)[C@@H](C)CC[C@]12C,CHEMBL5412389,5.7,5.7,5.7,,1,2024,2024,1,1
SRIXRPCMEOZYEY-UHFFFAOYSA-N,O=C(CCc1ccc2c(c1)OCO2)CC(O)CCCCCCc1ccccc1,CHEMBL1950593,5.55,5.55,5.55,,1,2023,2023,1,1
SRQGUJBYQSAYQR-CMPLNLGQSA-N,N#Cc1cc(C[C@@H]2CCCC[C@]2(O)C(F)(F)F)cs1,CHEMBL5413437,7.37,7.37,7.37,,1,2023,2023,1,1
SSFBTXCTOUIVNI-UHFFFAOYSA-N,CC1(C(=O)NCc2cn(-c3ccc(C(F)(F)F)cc3)nc2Cl)CCCC1S(=O)(=O)c1ccc(F)cc1,CHEMBL5747523,7.62,7.33,8.06,0.3287552280953111,6,2020,2020,1,1
SSJBHGRPQUDMCG-GXFFZTMASA-N,Cn1cnc2ncn(Cc3nc([C@@H]4CO[C@@H](c5cc(F)c(F)c(F)c5)C4)no3)c(=O)c21,CHEMBL5853140,7.76,7.56,7.96,0.2828427124746193,2,2020,2020,1,2
SSKORUNHYXULOP-SHTZXODSSA-N,Cn1cnc2ncn(Cc3nn([C@H]4C[C@H](c5ccc(C#N)cc5)C4)c(=O)o3)c(=O)c21,CHEMBL5819322,7.22,7.22,7.22,,1,2021,2021,1,1
SSLPGGYMXROYIW-VYDXJSESSA-N,Cn1cnc2ncn(Cc3nc([C@H]4[C@@H]5C=C(c6cccc(F)c6)C[C@@H]54)no3)c(=O)c21,CHEMBL5845513,8.48,8.19,8.77,0.410121933088197,2,2020,2020,1,2
SSLPGGYMXROYIW-ZMSDIMECSA-N,Cn1cnc2ncn(Cc3nc([C@@H]4[C@H]5C=C(c6cccc(F)c6)C[C@H]54)no3)c(=O)c21,CHEMBL5885885,8.325,8.01,8.64,0.44547727214752614,2,2020,2020,1,2
SSONTNYBPYRIPQ-UHFFFAOYSA-N,CC(=O)SC(NC(=O)c1ccc(Cl)cc1)C(Cl)(Cl)Cl,CHEMBL1085104,5.96,5.96,5.96,,1,2010,2010,1,1
SSRZLDGEGHSZEF-PANOFWHVSA-N,CCCC(=N\O)/C(C)=C/c1ccc(F)cc1,CHEMBL3697704,6.3,6.3,6.3,,1,2015,2015,1,1
STVTVNLJAIJDGA-OOHWJJMZSA-N,CC(=O)Cn1c(=O)c2c(ncn2[C@@H](C)C(=O)Nc2ccnc(-c3ccc(N4CC5C(C4)C5(F)F)nc3)n2)n(C)c1=O,CHEMBL6061471,8.15,8.15,8.15,,1,2019,2019,1,1
SUFJYKCRTUPWLF-JQRITLKVSA-N,CCC(=O)Cn1c(=O)c2c(ncn2[C@@H](C)C(=O)Nc2csc(-c3cnc(N4CC5C(C4)C5(F)F)nc3)n2)n(C)c1=O,CHEMBL5761404,8.7,8.7,8.7,,1,2019,2019,1,1
SUKMMEQGLYCHDO-WMLDXEAASA-N,Cc1cncc2ncn(Cc3nc([C@@H]4CO[C@@H](c5ccc(Cl)cc5)C4)no3)c(=O)c12,CHEMBL5745647,8.690000000000001,8.49,8.89,0.2828427124746186,2,2020,2020,1,2
SUOFUNIWBNOTLX-UTKZUKDTSA-N,O=C(NCc1ccnc(-c2ccc(C(F)(F)F)cc2O)c1)[C@@H]1C[C@@H](F)CN1S(=O)(=O)c1ccc(F)cc1,CHEMBL5959228,8.3,8.3,8.3,,1,2022,2022,1,1
SUQAOTIMESBARL-KDOFPFPSSA-N,O=C(NCc1cc(-c2ccc(C(F)(F)F)nc2)ncn1)[C@@H]1C[C@@H](F)CN1S(=O)(=O)c1cncc(F)c1,CHEMBL5871116,5.52,5.52,5.52,,1,2022,2022,1,1
SUWXREOOEJAHMP-UHFFFAOYSA-N,CC(C(=O)Nc1cncc(-c2cnc(C(F)(F)F)nc2)n1)n1cnc2c1c(=O)n(CC#N)c(=O)n2C,CHEMBL5871339,6.69,6.69,6.69,,1,2019,2019,1,1
SVCDWQHTFLFQMQ-JTQLQIEISA-N,CC(=O)NC(=O)Cn1c(=O)c2c(ncn2[C@@H](C)C(=O)Nc2cncc(-c3cnc(C(F)(F)F)nc3)n2)n(C)c1=O,CHEMBL5817995,6.76,6.76,6.76,,1,2021,2021,1,1
SVTKBAIRFMXQQF-UHFFFAOYSA-N,CCCc1cc(O)c2c(c1)OC(C)(C)c1ccc(C)cc1-2,CHEMBL4170268,6.535,6.3,6.77,0.3323401871576775,2,2021,2021,1,2
SWYFCGPPXKEKNP-APWZRJJASA-N,O=C(NCc1ccnc(-c2cnc(C(F)(F)F)nc2)c1)[C@@H]1C[C@@H](F)CN1S(=O)(=O)c1ccc(F)cc1,CHEMBL6001429,6.89,6.89,6.89,,1,2022,2022,1,1
SXDANHSUZITSHM-GOEBONIOSA-N,Cc1cc(=O)nc2ccn(Cc3nc([C@@H]4CO[C@@H](c5ccc(Cl)cc5)C4)no3)c(=O)n12,CHEMBL5925816,8.29,8.03,8.55,0.3676955262170063,2,2020,2020,1,2
SXGYZCMGVZKIPJ-GHMZBOCLSA-N,C[C@@H](CO)C[C@@H](C)c1ccccc1,CHEMBL5591349,4.97,4.97,4.97,,1,2024,2024,1,1
SXGYZCMGVZKIPJ-UHFFFAOYSA-N,CC(CO)CC(C)c1ccccc1,CHEMBL5591759,4.6899999999999995,4.3,5.08,0.5515432893255076,2,2024,2024,1,2
SXJJZCCFGGSOJB-NLWGTHIKSA-N,N#Cc1ccc2c(=O)n(Cc3nc([C@@H]4[C@H]5C=C(c6ccccc6)C[C@H]54)no3)cnc2n1,CHEMBL5753774,7.335,7.26,7.41,0.10606601717798238,2,2020,2020,1,2
SXUKBNBSHRPWJJ-VFNWGFHPSA-N,O=C(NCc1cc(-c2ccc(C(F)F)c(F)c2)ncn1)[C@@H]1C[C@@H](F)CN1S(=O)(=O)c1ccc(F)cc1,CHEMBL5993442,7.54,7.54,7.54,,1,2022,2022,1,1
SYBZRZVYXNPFGS-UHFFFAOYSA-N,CCC(CO)CC(C)c1ccccc1,CHEMBL5592730,5.37,5.37,5.37,,1,2024,2024,1,1
SZBPQYFWTGZAMC-NRFANRHFSA-N,C[C@@]1(C(=O)NCc2cc(-c3ccc(C(F)(F)F)nc3)ncn2)CCN1S(=O)(=O)c1ccc(F)cc1,CHEMBL6042547,7.23,7.23,7.23,0.0,2,2022,2022,1,1
SZCCBJJJEASGND-QLPKVWCKSA-N,Cc1cccc(N2C[C@@H]3[C@H](C2)[C@H]3c2noc(Cn3cnc4ncn(C)c4c3=O)n2)c1,CHEMBL5802404,7.43,7.14,7.72,0.4101219330881976,2,2020,2020,1,2
SZOFJGFPAKXGKY-UHFFFAOYSA-N,O=c1c2cncnc2ncn1Cc1nc(CCc2ccc(Cl)cc2)no1,CHEMBL3786810,6.82,6.82,6.82,,1,2016,2016,1,1
TUAFGKSMMBBDOF-LBPRGKRZSA-N,Cc1c(C(N)=O)sc2ncn(Cc3nc(C[C@H](O)c4ccc(F)c(F)c4)no3)c(=O)c12,CHEMBL5951464,7.32,7.32,7.32,,1,2021,2021,1,1
TUFNPZJUMAECBK-NQIIRXRSSA-N,N#Cc1cnc(-c2ccc(C(F)(F)F)nc2)cc1CNC(=O)[C@@H]1C[C@@H](F)CN1S(=O)(=O)c1ccc(F)cc1,CHEMBL5806117,8.05,8.05,8.05,,1,2022,2022,1,1
TUTNHPYHAJGPKX-VFNWGFHPSA-N,O=C(NCc1cc(-c2ccc(C(F)(F)F)cc2F)ncn1)[C@@H]1C[C@@H](F)CN1S(=O)(=O)c1ccc(F)cc1,CHEMBL5791679,6.79,6.79,6.79,,1,2022,2022,1,1
TVAIIHSCCMEHLG-UHFFFAOYSA-N,Fc1ccc(C(F)(F)F)c(-c2ccc3[nH]ncc3c2)c1,CHEMBL3298248,6.51,6.51,6.51,,1,2014,2014,1,1
TVVQCFOIOIBUOF-UTKZUKDTSA-N,O=C(NCc1cc(F)cc(-c2cnc(C(F)F)cn2)c1)[C@@H]1C[C@@H](F)CN1S(=O)(=O)c1ccc(F)cc1,CHEMBL5801316,7.21,7.21,7.21,,1,2022,2022,1,1
TVXKFCWCHZXPPB-KWUMSVIQSA-N,O=c1c2cccnc2ncn1Cc1nc([C@H]2C[C@](F)(c3ccc(F)cc3)C2)no1,CHEMBL5882796,7.02,7.02,7.02,,1,2020,2020,1,1
TVZRIJSXZCQZFN-SJORKVTESA-N,O=C(NCc1cn(-c2ccc(C(F)(F)F)nc2)nc1C(F)F)[C@@H]1CC[C@@H]1S(=O)(=O)c1ccc(F)cc1,CHEMBL5760074,7.01,7.01,7.01,,1,2020,2020,1,1
TWBKIWUMAUJIEJ-UHFFFAOYSA-N,CC(C)Nc1c(-c2cccc(Cl)c2)nc2ccc(Cl)cn12,CHEMBL3922867,6.71,6.71,6.71,,1,2016,2016,1,1
TWFOTSFGMLZRBL-ZDUSSCGKSA-N,C[C@@H](C(=O)Nc1cncc(-c2cnc(C(F)(F)F)nc2)n1)n1cnc2c1c(=O)n(Cc1ccccn1)c(=O)n2C,CHEMBL6061335,7.36,7.36,7.36,,1,2019,2019,1,1
TXKNNFBWMGCAIH-UHFFFAOYSA-N,Cn1ncc2cc(-c3ccccc3C(F)(F)F)ccc21,CHEMBL3298921,5.13,5.13,5.13,,1,2014,2014,1,1
TXNGOQOPLKBABO-UHFFFAOYSA-N,CC(=O)Cn1c(=O)c2c(ncn2CC(=O)Nc2csc(-c3cnc(C(F)(F)F)c(C)c3)n2)n(C)c1=O,CHEMBL6032059,7.8,7.8,7.8,,1,2019,2019,1,1
TXPGGPGYHNTFCB-UHFFFAOYSA-N,COc1ccc(Oc2cccc(C3NC(=S)NC4=C3C(=O)c3ccccc34)c2)cc1,CHEMBL1939831,5.82,5.82,5.82,,1,2012,2012,1,1
TYJQINOLZPZTBH-VYDXJSESSA-N,Cn1cnc2ncn(Cc3nc([C@H]4[C@@H]5C=C(c6ccccc6)C[C@@H]54)no3)c(=O)c21,CHEMBL5079912,8.315,7.86,8.77,0.643467170879758,2,2020,2020,1,2
TYJQINOLZPZTBH-ZMSDIMECSA-N,Cn1cnc2ncn(Cc3nc([C@@H]4[C@H]5C=C(c6ccccc6)C[C@H]54)no3)c(=O)c21,CHEMBL5987323,7.835,7.67,8.0,0.23334523779156074,2,2020,2020,1,2
TYQOZUXGSCBNIH-ZMSDIMECSA-N,Cn1cnc2ncn(Cc3nc([C@@H]4[C@H]5C=C(c6ccc(C(F)F)cc6)C[C@H]54)no3)c(=O)c21,CHEMBL5740471,7.3149999999999995,7.17,7.46,0.2050609665440991,2,2020,2020,1,2
TYULVTOTCDEHCJ-UHFFFAOYSA-N,Cn1c(=O)c2c(CC(=O)Nc3nc(-c4cccc(Cl)c4F)cs3)cccc2n(C)c1=O,CHEMBL3896060,7.23,7.23,7.23,,1,2015,2015,1,1
TYVAUHSKNIQPSU-UHFFFAOYSA-N,Cc1ncc(-c2cccc(NC(=O)Cn3cnc4c3c(=O)n(CCCO)c(=O)n4C)n2)cc1C(F)(F)F,CHEMBL5957740,6.15,6.15,6.15,,1,2019,2019,1,1
TZBQKXVWVGUNKE-NSHDSACASA-N,Cc1cc(Cn2c(=O)c3c(ncn3[C@@H](C)C(=O)Nc3csc(-c4cnc(C(F)(F)F)nc4)n3)n(C)c2=O)no1,CHEMBL5902906,8.52,8.52,8.52,,1,2019,2019,1,1
TZHDABLSSVGCNR-CPNJWEJPSA-N,O/N=C/CCc1nc(-c2ccccc2)c(-c2ccccc2)o1,CHEMBL5558033,5.62,5.62,5.62,,1,2023,2023,1,1
TZLVKUCIPMWSSF-UHFFFAOYSA-N,CCCNc1cc(NC(=O)c2cccs2)cc(C(F)(F)F)c1,CHEMBL3311182,6.41,6.41,6.41,,1,2014,2014,1,1
TZSFNLCUZPGZPC-HSBZDZAISA-N,C[C@@H](C(=O)Nc1csc(-c2cnc(N3CC4CC4C3)nc2)n1)n1cnc2c1c(=O)n(CC#N)c(=O)n2C,CHEMBL6010308,9.0,9.0,9.0,,1,2019,2019,1,1
UAFOQTDIOJYBAK-LBPRGKRZSA-N,Cc1c(C(N)=O)sc2ncn(Cc3nnn(C[C@H](O)c4cc5ccc(F)cc5o4)n3)c(=O)c12,CHEMBL5993418,7.77,7.77,7.77,,1,2023,2023,1,1
UALSWYBQKGDEMG-FOLVSLTJSA-N,Cn1cnc2ncn(Cc3nc([C@H]4[C@@H]5CN(c6ccc(C(F)(F)F)cc6)C[C@@H]54)no3)c(=O)c21,CHEMBL5942290,7.01,7.01,7.01,,1,2020,2020,1,1
UATIZTLPJAFMBY-UHFFFAOYSA-N,C#CC(CC)(CC)NC(=O)c1cccnc1NC1CC(F)(F)C1,CHEMBL5408439,9.0,9.0,9.0,,1,2023,2023,1,1
UATUZHBLNDHYJN-UHFFFAOYSA-N,O=C1C2=C(NC(=S)NC2c2cccc(F)c2)c2ccccc21,CHEMBL1939982,5.96,5.96,5.96,,1,2012,2012,1,1
UBDMNODMLSWLJU-UHFFFAOYSA-N,CCC(=O)Cn1c(=O)c2c(ncn2CC(=O)Nc2csc(-c3cnc(C)c(C(F)(F)F)c3)n2)n(C)c1=O,CHEMBL6062983,8.7,8.7,8.7,,1,2019,2019,1,1
UBIGLFMMKSHTCL-XYPYZODXSA-N,Cn1cnc2ncn(Cc3nc([C@H]4C[C@H](c5cc(Cl)ccc5F)C4)no3)c(=O)c21,CHEMBL5771516,6.05,6.05,6.05,,1,2020,2020,1,1
UBLPTRCPCBWBQJ-MWLCHTKSSA-N,O[C@]1(C(F)(F)F)CCCC[C@H]1Nc1ccc(F)cn1,CHEMBL5419942,6.36,6.36,6.36,,1,2023,2023,1,1
UBMQUDZBOKUCFG-UHFFFAOYSA-N,CC(C)N(CC(=O)NCc1cc(C2=CCC(C(F)(F)F)CC2)ncn1)S(=O)(=O)c1ccc(F)cc1,CHEMBL6058851,7.89,7.89,7.89,,1,2017,2017,1,1
UBMSHZLMEPQAEO-UZLBHIALSA-N,COc1cnc(CNC(=O)[C@@H]2C[C@@H](F)CN2S(=O)(=O)c2ccc(F)cc2)cc1-c1ccc(C(F)(F)F)nc1,CHEMBL5776787,6.59,6.59,6.59,,1,2022,2022,1,1
UBNFGYAHASKHBP-DPGVGJJJSA-N,C[C@@H](C(=O)Nc1csc(-c2cnc(N3CC4CC4C3)nc2)n1)n1cnc2c1c(=O)n(CC1CCO1)c(=O)n2C,CHEMBL5906916,7.03,7.03,7.03,,1,2019,2019,1,1
UBPCAFJGUWNEMN-UHFFFAOYSA-N,COc1cccc(C2NC(=O)NC3=C2C(=O)c2ccccc23)c1,CHEMBL1939825,5.41,5.41,5.41,,1,2012,2012,1,1
UBUXWCVQTXCIQO-CTNGQTDRSA-N,N#Cc1ccc(-c2cnc(C(F)(F)F)nc2)cc1CNC(=O)[C@@H]1C[C@@H](F)CN1S(=O)(=O)c1ccc(F)cc1,CHEMBL5871660,7.5,7.5,7.5,,1,2022,2022,1,1
UCDSHIQKQTZWPG-HBYGRHMLSA-N,Cn1cnc2ncn(Cc3nc([C@H]4[C@@H]5CN(c6cccc(F)c6F)C[C@@H]54)no3)c(=O)c21,CHEMBL5752360,8.245,7.89,8.6,0.502045814642449,2,2020,2020,1,2
UCEMIMKHNJNYGN-GXTWGEPZSA-N,Cc1cnn2nc(N)n(Cc3nc([C@@H]4CO[C@@H](c5cccc(F)c5)C4)no3)c(=O)c12,CHEMBL6063069,8.145,7.75,8.54,0.558614357137372,2,2020,2020,1,2
UCJIHDPETWQPQU-JYAVWHMHSA-N,Cn1cnc2ncn(Cc3nc([C@H]4[C@@H]5CN(c6ccccn6)C[C@@H]54)no3)c(=O)c21,CHEMBL5936920,6.77,6.65,6.89,0.16970562748477125,2,2020,2020,1,2
UCKXLBXZQVVGPI-SWLSCSKDSA-N,O=c1ccc2c(=O)n(Cc3nc([C@@H]4CO[C@@H](c5ccc(Cl)cc5)C4)no3)cnc2[nH]1,CHEMBL5812244,7.85,7.8,7.9,0.07071067811865482,2,2020,2020,1,2
UDAGLRCWWLUKSE-ZETCQYMHSA-N,C[C@@H](C(N)=O)n1cnc2c1c(=O)n(Cc1ccon1)c(=O)n2C,CHEMBL5772380,8.05,8.05,8.05,,1,2019,2019,1,1
UDPABTBYLOLUHD-RUYXUALKSA-N,Cn1cc(-c2cccc(N3C[C@@H]4[C@H](C3)[C@H]4c3noc(Cn4cnc5ncn(C)c5c4=O)n3)c2)cn1,CHEMBL5939414,7.595,7.42,7.77,0.24748737341529137,2,2020,2020,1,2
UEHUSIYUKHFKRV-PXNSSMCTSA-N,O=C(NCc1cc(-c2ccc(C(F)(F)F)nc2)ncn1)[C@@H]1[C@@H](F)CCN1S(=O)(=O)c1ccc(F)cc1,CHEMBL6056755,7.66,7.64,7.68,0.028284271247461613,2,2022,2022,1,1
UEHUSIYUKHFKRV-XLIONFOSSA-N,O=C(NCc1cc(-c2ccc(C(F)(F)F)nc2)ncn1)[C@@H]1[C@H](F)CCN1S(=O)(=O)c1ccc(F)cc1,CHEMBL5791120,6.92,6.92,6.92,,1,2022,2022,1,1
UEIQIVZEFKXGRU-DZGCQCFKSA-N,Cc1ccnc2c1c(=O)nc(N)n2Cc1nc([C@@H]2CO[C@@H](c3ccc(Cl)cc3)C2)no1,CHEMBL5938422,7.960000000000001,7.7,8.22,0.36769552621700474,2,2020,2020,1,2
UENMERGMSLVGMM-UHFFFAOYSA-N,Cn1cnc2ncn(Cc3nn(CCCOc4cccc(F)c4)c(=O)o3)c(=O)c21,CHEMBL6031550,7.11,7.11,7.11,,1,2021,2021,1,1
UFGFONRIHSHSQK-UHFFFAOYSA-N,CCC(=O)Cn1c(=O)c2c(ncn2CC(=O)Nc2cncc(-c3cnc(C(F)(F)F)c(C)c3)n2)n(C)c1=O,CHEMBL5922474,8.0,8.0,8.0,,1,2019,2019,1,1
UFPYGNKXLRNGEZ-LBPRGKRZSA-N,Cc1c(C(N)=O)sc2ncn(Cc3nc(C[C@H](O)c4cc5ccccc5o4)no3)c(=O)c12,CHEMBL4848827,7.72,7.72,7.72,0.0,2,2021,2021,2,2
UFWFBUMHAHPWIR-QFIPXVFZSA-N,CC(C)n1c(=O)c(CNC(=O)[C@@H]2C=CCN2S(=O)(=O)c2cc3cc(F)ccc3o2)cn(-c2ccc(C(F)(F)F)cc2)c1=O,CHEMBL5915022,8.44,8.44,8.44,,1,2020,2020,1,1
UGCWKTVXXQNBBB-QMMMGPOBSA-N,Cc1cc(Cn2c(=O)c3c(ncn3[C@@H](C)C(N)=O)n(C)c2=O)no1,CHEMBL6007514,8.5,8.3,8.7,0.282842712474618,2,2019,2019,1,1
UGLQOTZNBCEHHB-GXTWGEPZSA-N,Cn1cnc2ncn(Cc3nc([C@@H]4CO[C@@H](c5ccc(Cl)cc5)C4)no3)c(=O)c21,CHEMBL4849329,8.43,7.74,9.06,0.44472054555233204,11,2020,2021,2,3
UGNITJJEQSWNLC-FQEVSTJZSA-N,O=C(NCc1cc(-c2ccc(C(F)(F)F)nc2)ncn1)[C@@H]1CC2(CC2)CN1S(=O)(=O)c1ccc(F)cc1,CHEMBL5809858,7.36,7.36,7.36,,1,2022,2022,1,1
UHFTVWYXWVHSRU-DEOSSOPVSA-N,O=C(NCc1cn(-c2ccc(C(F)(F)F)cc2)c(=O)n(C2CCOCC2)c1=O)[C@@H]1CCCN1S(=O)(=O)c1cc2ccccc2o1,CHEMBL5758152,6.85,6.85,6.85,,1,2020,2020,1,1
UHKWFAINYHCAGK-ZDUSSCGKSA-N,CC(C)C(=O)Cn1c(=O)c2c(ncn2[C@@H](C)C(=O)Nc2cccc(-c3cnc(C(F)(F)F)nc3)n2)n(C)c1=O,CHEMBL5818464,7.96,7.96,7.96,,1,2019,2019,1,1
UIGLXZWGNZLPBE-UHFFFAOYSA-N,Fc1ccc(Nc2n[nH]c3cc(OC(F)(F)F)ccc23)cc1F,CHEMBL4060024,6.88,6.88,6.88,,1,2017,2017,1,1
UIOBCEWGNQAZGR-LBPRGKRZSA-N,COCC(=O)Cn1c(=O)c2c(ncn2[C@@H](C)C(=O)Nc2cccc(-c3cnc(C(F)(F)F)nc3)n2)n(C)c1=O,CHEMBL6014669,7.35,7.35,7.35,,1,2019,2019,1,1
UIRWKLHAJGYDII-HDJSIYSDSA-N,Cn1cnc2ncn(Cc3nc([C@H]4C[C@H](Cc5cccc(Cl)c5)C4)no3)c(=O)c21,CHEMBL5845287,7.75,7.72,7.78,0.0424264068711932,2,2020,2020,1,2
UJNIKPJDCKJXCL-SMDDNHRTSA-N,Cn1cnc2ncn(Cc3nc([C@@H]4CO[C@@H](c5ccc(F)c(Cl)c5)C4)no3)c(=O)c21,CHEMBL5859911,8.115,7.79,8.44,0.4596194077712552,2,2020,2020,1,2
UJUTWGLLXLIFHF-XJKSGUPXSA-N,Cn1cnc2ccn(Cc3nc([C@@H]4CO[C@@H](c5ccc(F)cc5)C4)no3)c(=O)c21,CHEMBL5897708,8.445,8.17,8.72,0.38890872965260165,2,2020,2020,1,2
ULJYMNHMDLMTMC-JXMROGBWSA-N,O=C(/C=C/c1ccc(Br)cc1)Nc1ccccc1C(=O)O,CHEMBL4454519,5.025,5.0,5.05,0.03535533905932694,2,2019,2019,1,1
ULKXMRSVFAZCMY-UHFFFAOYSA-N,Fc1ccc(Nc2n[nH]c3cc(-c4ccc(F)c(F)c4)ccc23)cc1F,CHEMBL4082907,5.43,5.43,5.43,,1,2017,2017,1,1
ULMWCILOQZCGJY-UHFFFAOYSA-N,CC(C)N(CC(=O)NCC1CCN(c2ccc(C(F)(F)F)cc2)C1)S(=O)(=O)c1ccc(F)cc1,CHEMBL3983229,6.37,6.37,6.37,,1,2016,2016,1,1
ULPYOGCEDACOBS-XXBNENTESA-N,N#Cc1cnc(CNC(=O)[C@@H]2C[C@@H](F)CN2S(=O)(=O)c2ccc(F)cc2)cc1-c1ccc(C(F)(F)F)cc1,CHEMBL6011652,7.64,7.64,7.64,,1,2022,2022,1,1
ULQKHUFRRFOYGH-VXGBXAGGSA-N,O[C@]1(C(F)(F)F)CCCC[C@H]1Nc1ccc(F)c(Cl)c1,CHEMBL5423752,7.26,7.26,7.26,,1,2023,2023,1,1
ULYAWZCWOGWOHO-MOPGFXCFSA-N,COc1nn(-c2ccc(C(F)(F)F)nc2)cc1CNC(=O)[C@@H]1CCC[C@@H]1S(=O)(=O)c1ccc(F)cc1,CHEMBL5827645,6.8,6.8,6.8,,1,2020,2020,1,1
ULYAWZCWOGWOHO-UHFFFAOYSA-N,COc1nn(-c2ccc(C(F)(F)F)nc2)cc1CNC(=O)C1CCCC1S(=O)(=O)c1ccc(F)cc1,CHEMBL5835247,6.66,6.66,6.66,,1,2020,2020,1,1
UMPKQOIERIFEBI-XLIONFOSSA-N,N#Cc1cnc(-c2cnc(C(F)(F)F)nc2)cc1CNC(=O)[C@@H]1C[C@@H](F)CN1S(=O)(=O)c1ccc(F)cc1,CHEMBL5964951,7.26,7.26,7.26,,1,2022,2022,1,1
UMRMICUACMEDEJ-NSHDSACASA-N,Cc1noc(Cn2c(=O)c3c(ncn3[C@@H](C)C(=O)Nc3cccc(-c4cnc(C(F)(F)F)nc4)n3)n(C)c2=O)n1,CHEMBL5832710,7.82,7.82,7.82,,1,2019,2019,1,1
UNDOEYISHOZRKE-AWEZNQCLSA-N,O=c1c2cccnc2ncn1Cc1nn(C[C@H](F)c2ccc(Cl)cc2)c(=O)o1,CHEMBL5752077,7.31,7.31,7.31,,1,2021,2021,1,1
UNUFMVKHNXLXDY-JTQLQIEISA-N,CC(=O)Cn1c(=O)c2c(ncn2[C@@H](C)C(=O)Nc2csc(-c3cnc(C(F)(F)F)nc3)n2)n(C)c1=O,CHEMBL5822190,7.8,7.8,7.8,,1,2019,2019,1,1
UPRRZFSNUVXMOP-UHFFFAOYSA-N,N#Cc1ccccc1-c1ccc2[nH]ncc2c1,CHEMBL3298245,5.89,5.89,5.89,,1,2014,2014,1,1
UQQKRMCYRSVYLO-SWLSCSKDSA-N,N#Cc1cnn2ncn(Cc3nc([C@@H]4CO[C@@H](c5ccc(Cl)cc5)C4)no3)c(=O)c12,CHEMBL5937792,7.21,7.02,7.4,0.2687005768508886,2,2020,2020,1,2
URFBKMSDRKBRGT-UHFFFAOYSA-N,Cn1nc2c(c1CC(=O)Nc1nc(-c3ccc(C(F)(F)F)c(F)c3)cs1)c(=O)n(C)c(=O)n2C,CHEMBL3981381,7.8,7.8,7.8,,1,2015,2015,1,1
URFSQYMVDMFPDP-VQFNDLOPSA-N,CC(=O)c1cccc(N2C[C@@H]3[C@H](C2)[C@H]3c2noc(Cn3cnc4ncn(C)c4c3=O)n2)c1,CHEMBL6039616,6.53,6.53,6.53,,1,2020,2020,1,1
URUKHZGNVYMGRF-SUMWQHHRSA-N,O=c1c2cccnc2cnn1Cc1nc([C@@H]2CO[C@@H](c3ccc(Cl)cc3)C2)no1,CHEMBL6025994,8.225000000000001,8.14,8.31,0.1202081528017124,2,2020,2020,1,2
USAKNJFJFIOYMS-UHFFFAOYSA-N,CC(C)N(CC(=O)NCc1cc(-c2ccc(C(F)(F)F)nc2)ncn1)S(=O)(=O)c1ccc(F)cc1,CHEMBL5766826,7.24,7.24,7.24,,1,2017,2017,1,1
USDCLRVAPBYPTA-UHFFFAOYSA-N,Cc1ccnc2ncn(Cc3nn(CCCOc4cccc(Cl)c4)c(=O)o3)c(=O)c12,CHEMBL5907284,8.2,8.2,8.2,,1,2021,2021,1,1
USIMINOHYGYKII-BLLLJJGKSA-N,NC(=O)c1ccc2c(=O)n(Cc3nc([C@@H]4CO[C@@H](c5ccc(Cl)cc5)C4)no3)cnc2n1,CHEMBL5997957,7.18,7.18,7.18,,1,2020,2020,1,1
UTFLCXHCPNBVTF-OOHWJJMZSA-N,C[C@@H](C(=O)Nc1ccnc(-c2ccc(N3CC4CC4C3)nc2)n1)n1cnc2c1c(=O)n(CC#N)c(=O)n2C,CHEMBL5916989,7.85,7.85,7.85,,1,2019,2019,1,1
UTHLYYCFCKJWHC-LBPRGKRZSA-N,Cc1c(C(N)=O)sc2ncn(Cc3nc(C[C@H](O)c4cc(F)cc(F)c4)no3)c(=O)c12,CHEMBL4851706,7.32,7.32,7.32,0.0,2,2021,2021,2,2
UTJXOPBNZMFOCR-UHFFFAOYSA-N,O=C(Cn1cnc2c(C(F)(F)F)cccc2c1=O)NCCc1ccc(Cl)cc1,CHEMBL3786619,6.54,6.54,6.54,,1,2016,2016,1,1
UTKNJQPGTMVBMG-UOIKSKOESA-N,O=c1c2cccnc2cnn1Cc1nc([C@H]2[C@@H]3CN(c4cc(Cl)ccn4)C[C@@H]32)no1,CHEMBL5092342,7.3149999999999995,7.29,7.34,0.03535533905932756,2,2020,2020,1,2
UTUGFRIYXHKDHB-UHFFFAOYSA-N,CCN(CC(=O)NCC1CCN(c2ccc(C(F)(F)F)cc2)C1)S(=O)(=O)c1ccc(F)cc1,CHEMBL3913396,6.2,6.2,6.2,,1,2016,2016,1,1
UTZJMYCMNMRQMT-UHFFFAOYSA-N,CC1(C)CCCC(O)(C(F)(F)F)C1Cc1ccc(Cl)cc1,CHEMBL5431800,6.47,6.47,6.47,,1,2023,2023,1,1
UUNIDFJRGJIJRR-KNQAVFIVSA-N,O=C(NCc1cc(F)cc(-c2ccc(C(F)(F)F)cn2)c1)[C@@H]1C[C@@H](F)CN1S(=O)(=O)c1ccc(F)cc1,CHEMBL5850661,7.92,7.92,7.92,,1,2022,2022,1,1
UVBNFRHQCIVIHZ-UHFFFAOYSA-N,O=C(Nc1cc(NCCc2ccccc2)cc(C(F)(F)F)c1)c1cccs1,CHEMBL3311177,5.41,5.41,5.41,,1,2014,2014,1,1
UVOLYTDXHDXWJU-UHFFFAOYSA-N,CCCCCc1cc(O)c2c(c1)OC(C)(CCC=C(C)C)C=C2,CHEMBL422704,6.43,6.43,6.43,,1,2021,2021,1,1
UVSNLHFJAUUNSA-UHFFFAOYSA-N,COc1cc2ncnc(Oc3ccc(F)cc3F)c2cc1OC,CHEMBL3297779,5.92,5.92,5.92,,1,2014,2014,1,1
UWDLUBUGDCCBFZ-UHFFFAOYSA-N,CN1C(=O)c2c(ncn2CC(=O)Nc2nc(-c3ccc(Br)cc3)cs2)N2CCN=C12,CHEMBL3924146,6.04,6.04,6.04,,1,2015,2015,1,1
UWMCTQWPZDKBJF-UHFFFAOYSA-N,CCCCOc1cccc(C2NC(=S)NC3=C2C(=O)c2ccccc23)c1,CHEMBL1939836,6.51,6.51,6.51,,1,2012,2012,1,1
UXBMNEVNXIVWQJ-UKRRQHHQSA-N,Cn1cnc2ncn(Cc3nn([C@@H]4CC[C@@H](c5cccc(F)c5)C4)c(=O)o3)c(=O)c21,CHEMBL6035319,7.12,7.12,7.12,,1,2021,2021,1,1
UXGWCMBTDPTQJV-UHFFFAOYSA-N,Cc1noc(C(C)C)c1C(=O)NC(C(=O)c1ccc(C#N)cc1)C(C)C,CHEMBL2071511,5.75,5.7,5.8,0.0707106781186545,2,2012,2012,1,2
UYKCJYVCQPMHNT-HWWDLCQESA-N,Cn1cnc2ncn(Cc3nc([C@H]4[C@@H]5CN(c6ccc7c(cnn7C)c6)C[C@@H]54)no3)c(=O)c21,CHEMBL5847873,6.85,6.85,6.85,,1,2020,2020,1,1
UZJUTLNJTZTLIT-DZGCQCFKSA-N,Cc1ncn2ncn(Cc3nc([C@@H]4CO[C@@H](c5ccc(Cl)cc5)C4)no3)c(=O)c12,CHEMBL5987185,7.755000000000001,7.69,7.82,0.09192388155425078,2,2020,2020,1,2
UZYVKXQRCHHNOU-UHFFFAOYSA-N,Cc1ccnc2ncn(Cc3nc(CCc4ccc(Cl)cc4)no3)c(=O)c12,CHEMBL3787249,7.8,7.8,7.8,,1,2016,2016,1,1
VAMUXLNWFXEYKM-HDMKZQKVSA-N,Cn1cnc2ncn(Cc3nc([C@@H]4[C@H]5C=C(c6ccc(C#N)c(F)c6)C[C@H]54)no3)c(=O)c21,CHEMBL5783225,7.994999999999999,7.71,8.28,0.40305086527633194,2,2020,2020,1,2
VAQHWBGAUVOQKD-UHFFFAOYSA-N,Cc1ccc(CCn2nc(Cn3cnc4ncn(C)c4c3=O)oc2=O)cc1,CHEMBL5878226,6.9,6.9,6.9,,1,2021,2021,1,1
VATHVJGDHKTADD-WCQYABFASA-N,Cn1cnc2nc(N)n(Cc3nc([C@@H]4CO[C@@H](c5ccc(F)cc5)C4)no3)c2c1=O,CHEMBL5782958,6.695,6.33,7.06,0.516187950266179,2,2020,2020,1,2
VAUMAOIZDODPOE-WCQYABFASA-N,Cn1nnc2ncn(Cc3nc([C@@H]4CO[C@@H](c5ccc(Cl)cc5)C4)no3)c(=O)c21,CHEMBL5956384,8.440000000000001,8.31,8.57,0.18384776310850157,2,2020,2020,1,2
VAUVHMUBXCTTST-UHFFFAOYSA-N,Cc1nc2c(c(=O)n(Cc3ccccn3)c(=O)n2C)n1CC(=O)Nc1cccc(-c2ccc(F)c(F)c2)n1,CHEMBL5932773,7.27,7.27,7.27,,1,2019,2019,1,1
VAYDAGLRIHWYGW-QMMMGPOBSA-N,Cc1oc2ncn(Cc3nnn(C[C@H](O)c4ccc(Cl)s4)n3)c(=O)c2c1C(N)=O,CHEMBL5995435,7.7,7.7,7.7,,1,2023,2023,1,1
VBAQWZDXFYJLPZ-KDOFPFPSSA-N,O=C(NCc1ncc(F)c(-c2ccc(C(F)(F)F)nc2)c1F)[C@@H]1C[C@@H](F)CN1S(=O)(=O)c1ccc(F)cc1,CHEMBL5795181,6.65,6.65,6.65,,1,2022,2022,1,1
VBARHQQFLPIUTB-UHFFFAOYSA-N,CC(CCO)CC(C)c1ccccc1,CHEMBL5595901,4.7,4.7,4.7,,1,2024,2024,1,1
VBECZLUYZDGVPW-UHFFFAOYSA-N,COc1nn(-c2ccc(C(F)(F)F)cc2)cc1CNC(=O)C1CCC1(C)S(=O)(=O)c1ccc(F)cc1,CHEMBL5888715,7.42,7.14,7.42,0.16165807537309568,3,2020,2020,1,1
VBGLYOIFKLUMQG-UHFFFAOYSA-N,CCCCCc1cc(O)c2c(c1)OC(C)(C)c1ccc(C)cc1-2,CHEMBL74415,6.54,6.4,6.68,0.19798989873223286,2,2021,2021,1,2
VBHUAEAMIBSWPP-BXHXUVEDSA-N,Cn1cnc2ncn(Cc3nc([C@H]4C[C@](O)(c5ccc(Cl)cc5)C4)no3)c(=O)c21,CHEMBL6048714,6.19,6.19,6.19,,1,2020,2020,1,1
VCXGBNHNTXKUCT-UHFFFAOYSA-N,O=C(NCC(Cc1ccc(Br)cc1)N1CCC(O)(C(F)(F)F)CC1)C1(c2ccc(Cl)cc2)CCCC1,CHEMBL3983430,7.92,7.92,7.92,,1,2016,2016,1,1
VDBSUBROLBYPGD-HDMKZQKVSA-N,O=c1c2cccnc2ncn1Cc1nc([C@@H]2[C@H]3C=C(c4cc(Cl)ccn4)C[C@H]32)no1,CHEMBL5810932,6.97,6.88,7.06,0.12727922061357835,2,2020,2020,1,2
VDBSUBROLBYPGD-VKJFTORMSA-N,O=c1c2cccnc2ncn1Cc1nc([C@H]2[C@@H]3C=C(c4cc(Cl)ccn4)C[C@@H]32)no1,CHEMBL5853567,6.6,6.5,6.7,0.14142135623730995,2,2020,2020,1,2
VDCOJMKBACDIHW-UHFFFAOYSA-N,CC(C)(C)Nc1c(-c2cccc(Br)c2)nc2ccc(C(F)(F)F)cn12,CHEMBL3939108,6.58,6.58,6.58,,1,2016,2016,1,1
VDIXOYLZZZHDQJ-LBPRGKRZSA-N,Cc1oc2ncn(Cc3nnn(C[C@H](O)c4cc5cc(F)ccc5o4)n3)c(=O)c2c1C(N)=O,CHEMBL5766384,7.75,7.75,7.75,,1,2023,2023,1,1
VEKRDFXHKYPUDM-JYAVWHMHSA-N,Cn1cnc2ncn(Cc3nc([C@H]4[C@@H]5CN(c6cc(Cl)ccn6)C[C@@H]54)no3)c(=O)c21,CHEMBL5091060,7.335,7.07,7.6,0.37476659402886975,2,2020,2020,1,2
VEMZHLOZTPSJFN-UHFFFAOYSA-N,Cn1nnc2ncn(Cc3nnn(CCc4ccc(Cl)cc4)n3)c(=O)c21,CHEMBL5891037,5.95,5.95,5.95,,1,2023,2023,1,1
VFSLVUVIVLWMRP-QHCPKHFHSA-N,CC(C)n1cc(-c2ccc(C(F)(F)F)cn2)cc(CNC(=O)[C@@H]2CCCN2S(=O)(=O)c2cc3ccccc3o2)c1=O,CHEMBL5923530,7.1,7.1,7.1,,1,2020,2020,1,1
VHFMFACYDKNZNT-UHFFFAOYSA-N,COCCCOc1cncc(C2NC(=S)NC3=C2C(=O)c2ccccc23)c1,CHEMBL3314482,5.92,5.92,5.92,,1,2014,2014,1,1
VHMBOLLMTSJADJ-UHFFFAOYSA-N,Cn1c(=O)n(Cc2ccccn2)c(=O)c2c1ncn2CC(=O)Nc1cccc(-c2ccc(Cl)cc2)n1,CHEMBL5991106,7.48,7.48,7.48,,1,2019,2019,1,1
VHUHAUBXPXCHGU-UHFFFAOYSA-N,CC(C)COc1ccc(-c2csc(NC(=O)Cc3cccc4c3c(=O)n(C)c(=O)n4C)n2)cc1,CHEMBL3981620,7.36,7.36,7.36,,1,2015,2015,1,1
VHXGUMGNAHRKJN-GTPINHCMSA-N,CC(=O)Cn1c(=O)c2c(ncn2[C@@H](C)C(=O)Nc2cccc(-c3cnc(N4CC5CC5C4)nc3)n2)n(C)c1=O,CHEMBL5869309,8.15,8.15,8.15,,1,2019,2019,1,1
VIBZVCTVDABVAD-UHFFFAOYSA-N,Cc1cc(Cn2c(=O)c3c(ncn3CC(=O)Nc3csc(-c4cnc(C(F)(F)F)c(C)c4)n3)n(C)c2=O)no1,CHEMBL5759795,8.52,8.52,8.52,,1,2019,2019,1,1
VIGYQGXGPVTFTN-IPVJXJPOSA-N,Cc1ccnc2ncn(Cc3nc([C@H]4C[C@](F)(c5cccc(Cl)c5)C4)no3)c(=O)c12,CHEMBL5892766,7.82,7.82,7.82,,1,2020,2020,1,1
VIJLKGFAZJGZBA-JYAVWHMHSA-N,Cn1cnc2ncn(Cc3nc([C@H]4[C@@H]5CN(c6ccc(Cl)nc6)C[C@@H]54)no3)c(=O)c21,CHEMBL5924185,6.33,6.33,6.33,,1,2020,2020,1,1
VIKBLYZHPHWKGJ-CVEARBPZSA-N,O=C(NCc1cn(-c2cnc(C(F)(F)F)nc2)nc1C(F)F)[C@@H]1CC[C@@H]1S(=O)(=O)c1ccc(F)cc1,CHEMBL5984284,6.79,6.79,6.79,,1,2020,2020,1,1
VILMMYYNTBYFJR-WOSRLPQWSA-N,Cn1cnc2ncn(Cc3nc([C@@H]4[C@H]5C=C(c6ccc(Cl)cn6)C[C@H]54)no3)c(=O)c21,CHEMBL6004745,6.485,6.44,6.53,0.06363961030678918,2,2020,2020,1,2
VILMMYYNTBYFJR-WWGRRREGSA-N,Cn1cnc2ncn(Cc3nc([C@H]4[C@@H]5C=C(c6ccc(Cl)cn6)C[C@@H]54)no3)c(=O)c21,CHEMBL5918650,6.869999999999999,6.85,6.89,0.02828427124746224,2,2020,2020,1,2
VJCDMKPFUPJSKB-JOYOIKCWSA-N,O[C@]1(C(F)(F)F)CCCC[C@H]1Cc1ccc(Cl)cn1,CHEMBL5394183,6.09,6.09,6.09,,1,2023,2023,1,1
VJONDNDXWADLLZ-XVAYZXCPSA-N,Cn1cnc2ncn(Cc3nc([C@H]4[C@@H]5CN(c6cccc(-c7ccccc7)c6)C[C@@H]54)no3)c(=O)c21,CHEMBL5832413,6.47,6.47,6.47,,1,2020,2020,1,1
VJUMGXLZSHPUNN-NQZBTDCJSA-N,C[C@H]1[C@H](F)C[C@@H](C(=O)NCc2cc(-c3cnc(C(F)(F)F)nc3)ncc2C#N)N1Sc1ccc(F)cc1,CHEMBL5402014,8.21,8.21,8.21,,1,2023,2023,1,1
VJXIKTQSMMQMOO-UHFFFAOYSA-N,Cn1c(=O)c2c(ccn2CC(=O)Nc2nc(-c3ccc(C(F)(F)F)c(F)c3)cs2)n(C)c1=O,CHEMBL3937790,7.3,7.3,7.3,,1,2015,2015,1,1
VKEJLWJCORBCGU-FOLVSLTJSA-N,Cn1cnc2ncn(Cc3nc([C@H]4[C@@H]5CN(c6cccc(C(F)F)c6)C[C@@H]54)no3)c(=O)c21,CHEMBL5786572,7.19,7.19,7.19,,1,2020,2020,1,1
VKGALBIMDXIQFI-LBPRGKRZSA-N,CNC(=O)c1sc2ncn(Cc3nnn(C[C@H](O)c4ccc5c(c4)OCO5)n3)c(=O)c2c1C,CHEMBL5819923,7.12,7.12,7.12,,1,2023,2023,1,1
VKKOCICLFSXEBL-ATCWAGBWSA-N,Cn1cnc2ncn(Cc3nc([C@H]4[C@@H]5CN(c6ccc(F)c(Cl)c6)C[C@@H]54)no3)c(=O)c21,CHEMBL5833560,8.01,8.01,8.01,,1,2020,2020,1,1
VKWXCYKBWXMGFK-HKUYNNGSSA-N,COc1nn(-c2ccc(C(F)(F)F)nc2)cc1CNC(=O)[C@@H]1[C@@H](F)CCN1S(=O)(=O)c1ccc(F)cc1,CHEMBL6059844,7.58,7.58,7.58,,1,2022,2022,1,1
VLDNGTWOASGEFF-MNZLEMJZSA-N,O=c1c2ccncc2ncn1Cc1nc([C@H]2[C@@H]3CN(c4ccccc4)C[C@@H]32)no1,CHEMBL5842749,6.98,6.96,7.0,0.02828427124746224,2,2020,2020,1,2
VMAXALUQDNFBND-WOSRLPQWSA-N,Cn1cnc2ncn(Cc3nc([C@@H]4[C@H]5C=C(c6ccccn6)C[C@H]54)no3)c(=O)c21,CHEMBL6037392,7.02,6.93,7.11,0.1272792206135793,2,2020,2020,1,2
VMAXALUQDNFBND-WWGRRREGSA-N,Cn1cnc2ncn(Cc3nc([C@H]4[C@@H]5C=C(c6ccccn6)C[C@@H]54)no3)c(=O)c21,CHEMBL6043296,6.68,6.68,6.68,0.0,2,2020,2020,1,2
VMBJLCVTNLJTJY-SMDDNHRTSA-N,Cn1cnc2ncn(Cc3nc([C@@H]4CO[C@@H](c5ccccc5F)C4)no3)c(=O)c21,CHEMBL5747637,7.065,6.9,7.23,0.23334523779156074,2,2020,2020,1,2
VMNVUJVEHZEIDG-UHFFFAOYSA-N,CC(C)C(NC(=O)c1ccccc1)C(=O)c1ccc([N+](=O)[O-])cc1,CHEMBL2071491,6.55,6.5,6.6,0.0707106781186545,2,2012,2012,1,2
VMPWGDIXDVYPGX-MQMHXKEQSA-N,O=c1c2c(Cl)ccnc2ncn1Cc1nn([C@H]2C[C@H](c3ccc(Cl)cc3)C2)c(=O)o1,CHEMBL5957350,8.23,8.23,8.23,,1,2021,2021,1,1
VNGNWQRJLQMWOH-NNGSBXSVSA-N,CCC(=O)Cn1c(=O)c2c(ncn2[C@@H](C)C(=O)Nc2ccnc(-c3ccc(N4CC5C(C4)C5(F)F)nc3)n2)n(C)c1=O,CHEMBL5763260,8.3,8.3,8.3,,1,2019,2019,1,1
VNJLGYMVCORAFF-ZLPCBKJTSA-N,CC(=O)Cn1c(=O)c2c(ncn2[C@@H](C)C(=O)Nc2ccnc(-c3ccc(N4CC5CC5C4)nc3)n2)n(C)c1=O,CHEMBL5915279,7.66,7.66,7.66,,1,2019,2019,1,1
VNQKLEKERUCARK-UHFFFAOYSA-N,Cc1cc(Cn2c(=O)c3c(ncn3CC(=O)Nc3ccc(N4CCC(C(C)(C)F)CC4)cn3)n(C)c2=O)no1,CHEMBL5831457,7.14,7.14,7.14,,1,2019,2019,1,1
VOGVDBAXZDBCON-GXTWGEPZSA-N,Cc1nc2nc(N)n(Cc3nc([C@@H]4CO[C@@H](c5ccc(Cl)cc5)C4)no3)c(=O)c2n1C,CHEMBL5872045,7.790000000000001,7.37,8.21,0.5939696961967001,2,2020,2020,1,2
VOMFXUVVWBXJSA-LBPRGKRZSA-N,Cn1cnc2ncn(Cc3nn(C[C@H](F)c4ccc(OC(F)F)cc4)c(=O)o3)c(=O)c21,CHEMBL6033089,7.09,7.09,7.09,,1,2021,2021,1,1
VPDMFKCWLDVZER-MWTRTKDXSA-N,C[C@@]1(C(=O)NCc2cc(-c3ccc(C(F)(F)F)nc3)c(F)cn2)C[C@@H](F)CN1S(=O)(=O)c1ccc(F)cc1,CHEMBL5759252,7.6,7.6,7.6,,1,2022,2022,1,1
VPEVJZHGWCCMBL-UHFFFAOYSA-N,CC(C)(C)Nc1c(-c2cccc(C#N)c2)nc2ccc(F)cn12,CHEMBL3977161,4.69,4.69,4.69,,1,2016,2016,1,1
VPKMJOYLVJNYJL-NQIIRXRSSA-N,O=C(NCc1cc(F)cc(-n2ccc(C(F)(F)F)cc2=O)c1)[C@@H]1C[C@@H](F)CN1S(=O)(=O)c1ccc(F)cc1,CHEMBL5829848,6.11,6.11,6.11,,1,2022,2022,1,1
VPRQKNRUPOPQIY-ZLPCBKJTSA-N,CC(=O)Cn1c(=O)c2c(ncn2[C@@H](C)C(=O)Nc2cccc(-c3ccc(N4CC5C(C4)C5(F)F)nc3)n2)n(C)c1=O,CHEMBL5787980,8.1,8.1,8.1,,1,2019,2019,1,1
VPUPKQJXPYSPGR-UHFFFAOYSA-N,CC(C)C(NC(=O)c1cc2ccccc2n1C)C(=O)c1ccc(C#N)cc1,CHEMBL2071512,5.6,5.4,5.8,0.28284271247461895,2,2012,2012,1,2
VPYNPZTUFWXLRA-BEFAXECRSA-N,O=C(NCc1ccnc(-c2cnc(C(F)(F)F)cn2)c1)[C@@H]1C[C@@H](F)CN1S(=O)(=O)c1ccc(F)cc1,CHEMBL5881703,6.54,6.54,6.54,,1,2022,2022,1,1
VQFGKTDMHDUGMB-QHCPKHFHSA-N,CC(C)n1cc(CNC(=O)[C@@H]2CCCN2S(=O)(=O)c2cc3cnccc3o2)cc(-c2ccc(C(F)(F)F)cc2)c1=O,CHEMBL5751478,7.01,7.01,7.01,,1,2020,2020,1,1
VRGTYOISGMRJHU-WMLDXEAASA-N,Cc1nc(NC2CNC2)n2ncn(Cc3nc([C@@H]4CO[C@@H](c5ccc(Cl)cc5)C4)no3)c(=O)c12,CHEMBL5838262,7.04,7.04,7.04,,1,2020,2020,1,1
VRIIXYBJLRKPFF-UHFFFAOYSA-N,Cc1c(=O)n(Cc2ccccc2)c(=O)n2cc(C(=O)NCc3ccc(Cl)cc3)sc12,CHEMBL3220232,5.65,5.65,5.65,,1,2012,2012,1,1
VSBSCGNEPYTOEU-INIZCTEOSA-N,Cn1cnc2ncn(Cc3nn(C[C@H](F)c4ccc5ccccc5c4)c(=O)o3)c(=O)c21,CHEMBL5994081,8.15,8.15,8.15,,1,2021,2021,1,1
VSBSCGNEPYTOEU-MRXNPFEDSA-N,Cn1cnc2ncn(Cc3nn(C[C@@H](F)c4ccc5ccccc5c4)c(=O)o3)c(=O)c21,CHEMBL5809345,6.48,6.48,6.48,,1,2021,2021,1,1
VSCCSUZOKQGWHC-UHFFFAOYSA-N,C#Cc1cccc(-c2nc3ccc(C(F)(F)F)cn3c2NC(C)C)c1,CHEMBL3938303,7.09,7.09,7.09,,1,2016,2016,1,1
VSHDIFLHXQISHJ-IYVRIMFBSA-N,O=c1c2c(Cl)ccnc2ncn1Cc1nc([C@H]2C[C@](F)(c3ccc(Cl)cc3)C2)no1,CHEMBL6048544,7.77,7.66,7.88,0.15556349186103996,2,2020,2020,1,2
VSNLJSZHSKJANJ-SWLSCSKDSA-N,Nc1nc2ncccc2c(=O)n1Cc1nc([C@@H]2CO[C@@H](c3ccc(F)cc3)C2)no1,CHEMBL5870857,8.135,7.73,8.54,0.5727564927611026,2,2020,2020,1,2
VSOGEYDZUOFVFT-WCQYABFASA-N,Cn1cnc2nc(N)n(Cc3nc([C@@H]4CO[C@@H](c5ccc(Cl)cc5)C4)no3)c(=O)c21,CHEMBL5781751,8.280000000000001,7.74,8.82,0.7636753236814707,2,2020,2020,1,2
VSTBRXGRZBGLGG-CVEARBPZSA-N,O=C(Cc1cn(-c2cnc(C(F)(F)F)nc2)nc1Cl)N[C@@H]1CC[C@@H]1S(=O)(=O)c1ccc(F)cc1,CHEMBL5905667,7.39,7.39,7.39,0.0,2,2020,2020,1,1
VTGKGYFBEZNAEB-RBUKOAKNSA-N,Cc1cc(CN2[C@H](CO)CC[C@@H]2c2ccc(F)cc2)cc(C)c1F,CHEMBL3752638,5.17,5.17,5.17,,1,2016,2016,1,1
VTNRBCCGYCMWJN-QAPCUYQASA-N,O=C(NCc1cc(Cl)nc(-c2cnc(C(F)(F)F)nc2)c1)[C@@H]1C[C@@H](F)CN1S(=O)(=O)c1ccc(F)cc1,CHEMBL6018102,7.85,7.85,7.85,,1,2022,2022,1,1
VTRQWSXLXNAIDP-CVEARBPZSA-N,O=C(Cc1cn(-c2cnc(C(F)(F)F)nc2)nc1C(F)F)N[C@@H]1CC[C@@H]1S(=O)(=O)c1ccc(F)cc1,CHEMBL5772246,7.45,7.45,7.45,0.0,2,2020,2020,1,1
VTSOGNSWENHMHJ-ZDUSSCGKSA-N,CCCC(=O)Cn1c(=O)c2c(ncn2[C@@H](C)C(=O)Nc2cccc(-c3cnc(C(F)(F)F)nc3)n2)n(C)c1=O,CHEMBL5909669,7.64,7.64,7.64,,1,2019,2019,1,1
VTWUTVSNVHXAAN-QFIPXVFZSA-N,CC(C)n1c(=O)c(CNC(=O)[C@@H]2CCCN2S(=O)(=O)c2ccc(F)cc2)cn(-c2ccc(C(F)(F)F)cc2)c1=O,CHEMBL6010274,6.92,6.92,6.92,,1,2020,2020,1,1
VULWTIVIQWVISE-ZDUSSCGKSA-N,Cc1ccc([C@@H](O)Cc2noc(Cn3cnc4sc(C(N)=O)c(C)c4c3=O)n2)cc1,CHEMBL5901314,7.7,7.7,7.7,,1,2021,2021,1,1
VUNVEPXLRREAJZ-QFIPXVFZSA-N,CC(C)n1c(=O)c(CNC(=O)[C@@H]2CCCN2S(=O)(=O)c2cc3ccccc3o2)cn(-c2ccc(Cl)cc2)c1=O,CHEMBL5862146,7.07,7.07,7.07,,1,2020,2020,1,1
VURKFVAAAJRATF-QHCPKHFHSA-N,CC(C)n1cc(CNC(=O)[C@@H]2CCCN2S(=O)(=O)c2cc3cc(F)ccc3o2)cc(-c2ccc(C(F)(F)F)cn2)c1=O,CHEMBL6050040,7.09,7.09,7.09,,1,2020,2020,1,1
VUXIUBYPGSGYOG-NSHDSACASA-N,CC(=O)Cn1c(=O)c2c(ncn2[C@@H](C)C(=O)Nc2csc(-c3ccc(Cl)c(Cl)c3)n2)n(C)c1=O,CHEMBL5826617,8.7,8.7,8.7,,1,2019,2019,1,1
VVCPLJSSXGMPAM-JTQLQIEISA-N,Cc1cc(-c2nc(NC(=O)[C@H](C)n3cnc4c3c(=O)n(CC(F)(F)F)c(=O)n4C)cs2)cnc1C(F)(F)F,CHEMBL5743353,6.66,6.66,6.66,,1,2019,2019,1,1
VVHXXMHMQYUMOB-CSKARUKUSA-N,C/C(=C\C(C)c1ccccc1)CO,CHEMBL5594755,4.49,4.49,4.49,,1,2024,2024,1,1
VXOZSZSKUPUEEM-DEOSSOPVSA-N,CC(C)n1cc(CNC(=O)[C@@H]2CCCN2S(=O)(=O)c2cc3cc(F)ccc3o2)cc(-c2ccc(C(F)(F)F)cc2)c1=O,CHEMBL5942986,8.05,8.05,8.05,,1,2020,2020,1,1
VXQNLHFXPSARMB-UHFFFAOYSA-N,Cc1nc(Cn2c(=O)c3c(ncn3CC(=O)Nc3cccc(-c4cnc(C(F)(F)F)c(C)c4)n3)n(C)c2=O)no1,CHEMBL6013316,7.6,7.6,7.6,,1,2019,2019,1,1
VXQZDEWJIDRLFT-FHERZECASA-N,CC(=O)Cn1c(=O)c2c(ncn2[C@@H](C)C(=O)Nc2ccnc(-c3cnc(N4CC5CC5C4)nc3)n2)n(C)c1=O,CHEMBL5750088,7.7,7.7,7.7,,1,2019,2019,1,1
VYLZSBLGYLCVCW-UHFFFAOYSA-N,CC(C)(C(=O)NCC(Cc1ccccc1)N1CCC(O)(C(F)(F)F)CC1)C(F)(F)F,CHEMBL4212575,7.04,7.04,7.04,,1,2016,2016,1,1
VZODASFOEMYPIW-ZLPCBKJTSA-N,CCC(=O)Cn1c(=O)c2c(ncn2[C@@H](C)C(=O)Nc2cncc(-c3ccc(N4CC5CC5C4)nc3)n2)n(C)c1=O,CHEMBL5824623,8.4,8.4,8.4,,1,2019,2019,1,1
VZQJQNIXPKBELC-UHFFFAOYSA-N,Cn1c(=O)c2c(CC(=O)Nc3nc(-c4cc(F)c(C(F)(F)F)c(F)c4)cs3)cccc2n(C)c1=O,CHEMBL3947368,8.27,8.27,8.27,,1,2015,2015,1,1
WANOURMQWPDLQC-CZIWCDLHSA-N,Cc1cc(C#N)nc2ncn(Cc3nn([C@H]4C[C@H](c5ccc(Cl)cc5)C4)c(=O)o3)c(=O)c12,CHEMBL5821016,8.31,8.31,8.31,,1,2021,2021,1,1
WAPBFSGWBDTJBA-DEOSSOPVSA-N,CC(C)n1cc(-c2ccc(C(F)(F)F)cc2)cc(CNC(=O)[C@@H]2CCCN2S(=O)(=O)c2cc3cc(F)ccc3o2)c1=O,CHEMBL5748772,7.31,7.31,7.31,,1,2020,2020,1,1
WAQZJHCNMYVEFU-SHTZXODSSA-N,Cc1ccnc2ncn(Cc3nc([C@H]4C[C@H](c5cccc(Cl)c5)C4)no3)c(=O)c12,CHEMBL5826450,7.91,7.91,7.91,,1,2020,2020,1,1
WAYMWUNFXOUAAZ-NFOMZHRRSA-N,CC(=O)Cn1c(=O)c2c(ncn2[C@@H](C)C(=O)Nc2csc(-c3cnc(N4CC5CC5C4)nc3)n2)n(C)c1=O,CHEMBL5865537,8.7,8.7,8.7,,1,2019,2019,1,1
WAZNEQRWKNTWPH-KEKNWZKVSA-N,CC(C)N1C(=O)C(CNC(=O)[C@@H]2CCCN2S(=O)(=O)c2cc3cnccc3o2)=CC(c2ccc(C(F)(F)F)cc2)C1=O,CHEMBL5885149,7.03,7.03,7.03,,1,2020,2020,1,1
WBVIPJUKXQYVQJ-CHBKHGQFSA-N,CCC(=N\O)/C(C)=C/c1ccccc1F,CHEMBL3697703,5.34,5.34,5.34,,1,2015,2015,1,1
WDDRIHJTMRONAI-UHFFFAOYSA-N,CC(=O)CCn1c(=O)c2c(ncn2CC(=O)Nc2cccc(-c3cnc(C)c(C(F)(F)F)c3)n2)n(C)c1=O,CHEMBL5977983,6.54,6.54,6.54,,1,2019,2019,1,1
WDMXXUBLSSBLHB-XLIONFOSSA-N,COc1nn(-c2ccc(C(F)(F)F)cc2)cc1CNC(=O)[C@@H]1C[C@@H](F)CN1S(=O)(=O)c1cccc(F)c1,CHEMBL5870252,7.64,7.64,7.64,,1,2022,2022,1,1
WEALJYMFDYMJHE-SMDDNHRTSA-N,Cn1cnc2ncn(Cc3nc([C@@H]4CO[C@@H](c5ccccc5Cl)C4)no3)c(=O)c21,CHEMBL5905634,6.635,6.47,6.8,0.23334523779156074,2,2020,2020,1,2
WEDVMUWMFDQGFT-UHFFFAOYSA-N,CCc1cc2[nH]ncc2cc1-c1ccccc1C(F)(F)F,CHEMBL3298924,7.3,7.3,7.3,,1,2014,2014,1,1
WEFIFVXGXRGPEV-RUYXUALKSA-N,Cn1cc(-c2cc(Cl)cc(N3C[C@@H]4[C@H](C3)[C@H]4c3noc(Cn4cnc5ncn(C)c5c4=O)n3)c2)cn1,CHEMBL5749499,7.395,7.15,7.64,0.3464823227814081,2,2020,2020,1,2
WEUURVDRAOHVLV-UHFFFAOYSA-N,Cc1cccc2c(=O)n(CC(=O)NCCc3ccc(OC(F)F)cc3)cnc12,CHEMBL3787204,5.68,5.2,6.16,0.6788225099390853,2,2016,2016,1,2
WFRBOQVBZZCYFX-AWEZNQCLSA-N,Cc1ncc(-c2cccc(NC(=O)[C@H](C)n3cnc4c3c(=O)n(Cc3ccon3)c(=O)n4C)n2)cc1C(F)(F)F,CHEMBL5912061,8.52,8.52,8.52,,1,2019,2019,1,1
WHCSBGLJMIAOLK-UHFFFAOYSA-N,Fc1ccc(Oc2nccc3ccoc23)c(F)c1,CHEMBL3298761,5.96,5.96,5.96,,1,2014,2014,1,1
WHEWGFMWWBERPN-LBPRGKRZSA-N,Cc1oc2ncn(Cc3nnn(C[C@H](O)c4cc5ccc(F)cc5s4)n3)c(=O)c2c1C(N)=O,CHEMBL5176405,8.0,8.0,8.0,0.0,2,2022,2023,2,2
WHIUHQPWEZUUHM-UHFFFAOYSA-N,Cn1cnc2ncn(Cc3nn(CCc4ccc5ccc(C#N)cc5c4)c(=O)o3)c(=O)c21,CHEMBL6013187,6.92,6.92,6.92,,1,2021,2021,1,1
WHMQPBBEQUUJIS-UXHICEINSA-N,COc1nn(-c2ccc(C(F)(F)F)cc2)cc1CC(=O)N[C@@H]1CC[C@@H]1S(=O)(=O)c1ccc(F)cc1,CHEMBL5753999,8.28,8.28,8.28,0.0,2,2020,2020,1,1
WHNBDATYZDNLNU-UZLBHIALSA-N,O=C(NCc1cc(-c2ccc(C(F)(F)F)cc2)ncn1)[C@@H]1C[C@@H](F)CN1S(=O)(=O)c1cncc(F)c1,CHEMBL6033433,6.64,6.64,6.64,,1,2022,2022,1,1
WHRUWUNTYKZUED-QRWLVFNGSA-N,O=C(NCc1cc(-c2ccc(C(F)(F)F)nc2)c(Cl)cn1)[C@@H]1C[C@@H](F)CN1S(=O)(=O)c1ccc(F)cc1,CHEMBL5925385,7.48,7.48,7.48,,1,2022,2022,1,1
WJDFEEOHLQQEHJ-MNZLEMJZSA-N,Cn1cnc2ncn(Cc3nc([C@H]4[C@@H]5CN(c6ccc(-c7cnco7)cc6)C[C@@H]54)no3)c(=O)c21,CHEMBL5794096,7.105,6.79,7.42,0.44547727214752453,2,2020,2020,1,2
WJPADCWRQZUXDF-JEYLPNPQSA-N,CCC(=O)Cn1c(=O)c2c(ncn2[C@@H](C)C(=O)Nc2cncc(-c3cnc(N4CC5C(C4)C5(F)F)cn3)n2)n(C)c1=O,CHEMBL5743519,8.22,8.22,8.22,,1,2019,2019,1,1
WJZDKUCGKVPPTC-ZDUSSCGKSA-N,Cc1cc(Cn2c(=O)c3c(ncn3[C@@H](C)C(=O)Nc3cncc(-c4ccc(C(F)(F)F)nc4)n3)n(C)c2=O)no1,CHEMBL6037704,7.77,7.77,7.77,,1,2019,2019,1,1
WJZXCEKQIHMNMF-QAQDUYKDSA-N,Cc1ccnc2ncn(Cc3nn([C@H]4C[C@H](c5ccc(C#N)cc5)C4)c(=O)o3)c(=O)c12,CHEMBL5788874,8.59,8.59,8.59,,1,2021,2021,1,1
WKEBOVLUILWQBJ-JEYLPNPQSA-N,CC(=O)Cn1c(=O)c2c(ncn2[C@@H](C)C(=O)Nc2ccnc(-c3cnc(N4CC5C(C4)C5(F)F)nc3)n2)n(C)c1=O,CHEMBL6013956,8.1,8.1,8.1,,1,2019,2019,1,1
WKEGRPVOXGQXBX-UHFFFAOYSA-N,O=c1c2[nH]cnc2ncn1Cc1nc(CCc2ccc(Cl)cc2)no1,CHEMBL5427438,7.33,7.33,7.33,,1,2023,2023,1,1
WKUPALPZCCQPCO-GXTWGEPZSA-N,Cc1nc2nc(Cl)n(C)c2c(=O)n1Cc1nc([C@@H]2CO[C@@H](c3ccc(Cl)cc3)C2)no1,CHEMBL6016654,7.54,7.42,7.66,0.16970562748477155,2,2020,2020,1,2
WLECDKWIOLJXDF-UHFFFAOYSA-N,Cc1nc(Cn2c(=O)c3c(ncn3CC(=O)Nc3csc(-c4cnc(C)c(C(F)(F)F)c4)n3)n(C)c2=O)no1,CHEMBL5846019,8.4,8.4,8.4,,1,2019,2019,1,1
WLIICQUGYWLQHL-MISXGVKJSA-N,Cn1cnc2ncn(Cc3nc([C@@H]4[C@H]5C=C(c6cnco6)C[C@H]54)no3)c(=O)c21,CHEMBL5909172,7.87,7.78,7.96,0.12727922061357835,2,2020,2020,1,2
WLLMEIDDRLNDDG-UHFFFAOYSA-N,CC1(C(=O)NCc2cn(-c3ccc(C(F)(F)F)nc3)nc2Cl)CCCC1S(=O)(=O)c1ccc(F)cc1,CHEMBL6057116,7.24,7.05,7.41,0.20223748416156687,4,2020,2020,1,1
WMBOCUXXNSOQHM-FLIBITNWSA-N,CCC/C=C1\OC(=O)c2ccccc21,CHEMBL249592,4.64,4.64,4.64,,1,2013,2013,1,1
WMCARGAXENGYJD-QMMMGPOBSA-N,CC#CCn1c(=O)c2c(ncn2[C@@H](C)C(N)=O)n(C)c1=O,CHEMBL5864934,7.96,7.92,8.0,0.05656854249492385,2,2019,2019,1,1
WMQGYUJRYHBKTK-OOHWJJMZSA-N,CC(=O)Cn1c(=O)c2c(ncn2[C@@H](C)C(=O)Nc2cccc(-c3cnc(N4CC5C(C4)C5(F)F)nc3)n2)n(C)c1=O,CHEMBL5859038,8.4,8.4,8.4,,1,2019,2019,1,1
WNGOEYHEIHEHSY-NSHDSACASA-N,Cc1cc(Cn2c(=O)c3c(ncn3[C@@H](C)C(=O)Nc3cccc(-c4noc(C(F)(F)F)n4)n3)n(C)c2=O)no1,CHEMBL6013560,7.07,7.07,7.07,,1,2019,2019,1,1
WNIFMMBGRDWVSC-UHFFFAOYSA-N,CC(C)N(CC(=O)NCC1CN(c2ccc(C(F)(F)F)cn2)CCO1)S(=O)(=O)c1ccc(F)cc1,CHEMBL3930699,6.42,6.42,6.42,,1,2016,2016,1,1
WOIUQWYXFIXJME-GXTWGEPZSA-N,Cn1cnc2ncn(Cc3nc([C@@H]4CO[C@@H](c5ccc(Cl)cc5)C4)no3)c2c1=O,CHEMBL6030491,7.82,7.72,7.92,0.1414213562373093,2,2020,2020,1,2
WOKJMDDDXREZDG-ZDUSSCGKSA-N,CNC(=O)c1sc2ncn(Cc3nnn(C[C@H](O)c4ccc(Cl)cc4)n3)c(=O)c2c1C,CHEMBL5919578,7.7,7.7,7.7,,1,2023,2023,1,1
WPNNDKHQYVORDG-UHFFFAOYSA-N,Clc1ccccc1-c1ccc2[nH]ncc2c1,CHEMBL3298235,5.91,5.91,5.91,,1,2014,2014,1,1
WPTBYMVYHGHIDZ-CTYIDZIISA-N,Cn1cnc2ncn(Cc3nn([C@H]4C[C@H](Oc5cccc(C#N)c5)C4)c(=O)o3)c(=O)c21,CHEMBL5751371,7.34,7.34,7.34,,1,2021,2021,1,1
WPTCSNGQXKAVFR-UHFFFAOYSA-N,CC(C)Nc1c(-c2cccc(Cl)c2)nc2ccc(Br)cn12,CHEMBL3948176,6.88,6.88,6.88,,1,2016,2016,1,1
WPWRLCNFHLWQGC-UHFFFAOYSA-N,Cn1c(=O)c2c(CC(=O)Nc3nc(-c4ccc(F)cc4F)cs3)cccc2n(C)c1=O,CHEMBL3939180,7.32,7.32,7.32,,1,2015,2015,1,1
WQGVDODKSWKQSI-WMLDXEAASA-N,O=c1c2cccc(=O)n2ccn1Cc1nc([C@@H]2CO[C@@H](c3ccc(F)cc3)C2)no1,CHEMBL6028792,7.92,7.92,7.92,,1,2020,2020,1,1
WRDLKTQRPOZITC-QWPOMPHKSA-N,CCC(=N\O)/C(C)=C/c1ccc(F)c(F)c1,CHEMBL3697714,6.24,6.24,6.24,,1,2015,2015,1,1
WRJCSDBKLNHRAA-UKRRQHHQSA-N,Cn1cnc2ncn(Cc3nn([C@@H]4CC[C@@H](c5ccc(F)cc5)C4)c(=O)o3)c(=O)c21,CHEMBL5907744,8.08,8.08,8.08,,1,2021,2021,1,1
WRZHLIPHQKQFBS-LBPRGKRZSA-N,Cc1c(C(N)=O)oc2ncn(Cc3nnn(C[C@H](O)c4ccc(Cl)cc4)n3)c(=O)c12,CHEMBL6015636,7.64,7.64,7.64,,1,2023,2023,1,1
WSCIGUKLFPKXFX-UHFFFAOYSA-N,Cn1cnc2ncn(Cc3nn(CCc4ccc(C(F)F)cc4)c(=O)o3)c(=O)c21,CHEMBL5748156,6.29,6.29,6.29,,1,2021,2021,1,1
WSJBTMAJFBDGCQ-HALDLXJZSA-N,Cn1cnc2ncn(Cc3nc([C@H]4[C@@H]5CN(c6ccc7sncc7c6)C[C@@H]54)no3)c(=O)c21,CHEMBL6048418,8.21,7.74,8.68,0.6646803743153537,2,2020,2020,1,2
WSJNOMFLZGTWKZ-UHFFFAOYSA-N,O=C(NCC(Cc1ccccc1)N1CCC(O)(C(F)(F)F)C1)C1(c2ccc(F)cc2)CCC1,CHEMBL4217137,6.51,6.51,6.51,,1,2016,2016,1,1
WSKZYWSLEMVSGM-GXTWGEPZSA-N,Cc1nc2[nH]c(=O)n(C)c2c(=O)n1Cc1nc([C@@H]2CO[C@@H](c3ccc(Cl)cc3)C2)no1,CHEMBL6035579,7.27,7.07,7.47,0.28284271247461895,2,2020,2020,1,2
WTGZNWPLWZWQKH-GOEBONIOSA-N,Cc1cnn2ncn(Cc3nc([C@@H]4CO[C@@H](c5ccc6cn[nH]c6c5)C4)no3)c(=O)c12,CHEMBL6061994,7.914999999999999,7.71,8.12,0.2899137802864843,2,2020,2020,1,2
WTULWADTNMDTBI-LAQFHYBYSA-N,Cn1cnc2ncn(Cc3nc([C@H]4[C@@H]5CN(c6ccc(C#N)cc6F)C[C@@H]54)no3)c(=O)c21,CHEMBL6064613,7.4399999999999995,7.24,7.64,0.28284271247461895,2,2020,2020,1,2
WVCGIOBBHJGFNT-AEFFLSMTSA-N,Cc1cc(S(=O)(=O)N2CC[C@@H](F)[C@@H]2c2ccc(F)cc2)cc(C)c1F,CHEMBL3754638,7.7,7.7,7.7,,1,2016,2016,1,1
WVKCCUFMMHZVRZ-QFIPXVFZSA-N,CC(C)n1cc(CNC(=O)[C@@H]2CCCN2S(=O)(=O)c2cc3cc(F)ccc3o2)cc(-c2ccc(C(F)(F)F)nc2)c1=O,CHEMBL5979562,7.35,7.35,7.35,,1,2020,2020,1,1
WVPZXHRZPLFNOG-GCJKJVERSA-N,O=C(NCc1ccnc(-c2ccc(OC(F)F)cc2)c1)[C@@H]1C[C@@H](F)CN1S(=O)(=O)c1ccc(F)cc1,CHEMBL5908217,7.07,7.07,7.07,,1,2022,2022,1,1
WVSRIYBLNXSMHQ-UHFFFAOYSA-N,O=C(NCC(Cc1ccc(F)cc1)N1C2CCC1CC(O)(C(F)(F)F)C2)C1(c2ccc(F)cc2)CCCC1,CHEMBL4204223,6.08,6.08,6.08,,1,2016,2016,1,1
WWMLUCZLWNRNST-UHFFFAOYSA-N,O=C(CCc1ccccc1)CC(O)Cc1ccccc1,CHEMBL487732,5.35,5.35,5.35,,1,2023,2023,1,1
WWXUELOIDKMRSB-HSQYWUDLSA-N,N#Cc1ccc(-c2cnc(C(F)(F)F)nc2)cc1CNC(=O)[C@@H]1[C@H]2C[C@H]2CN1S(=O)(=O)c1ccc(F)cc1,CHEMBL5944951,8.1,8.1,8.1,,1,2022,2022,1,1
WXHSFVIZINIMIS-LAQFHYBYSA-N,Cn1cnc2ncn(Cc3nc([C@H]4[C@@H]5CN(c6ccc7ncoc7c6)C[C@@H]54)no3)c(=O)c21,CHEMBL5903390,7.484999999999999,7.42,7.55,0.09192388155425142,2,2020,2020,1,2
WXUGHBCPMLOGEV-WCQYABFASA-N,Cn1c(=O)[nH]c2ncn(Cc3nc([C@@H]4CO[C@@H](c5ccc(Cl)cc5)C4)no3)c(=O)c21,CHEMBL6039453,7.675,7.39,7.96,0.40305086527633227,2,2020,2020,1,2
WYUJVHUKAKUWIA-ZDUSSCGKSA-N,CNC(=O)c1sc2ncn(Cc3nc(C[C@H](O)c4ccc(F)c(F)c4)no3)c(=O)c2c1C,CHEMBL5774582,7.48,7.48,7.48,,1,2021,2021,1,1
WYUPYGSKFFBOSP-UHFFFAOYSA-N,Cc1cc(Cn2c(=O)c3c(ncn3CC(=O)Nc3ccc4ccccc4n3)n(C)c2=O)no1,CHEMBL5820776,6.39,6.39,6.39,,1,2019,2019,1,1
WYXGQTJNYMMMLO-YJYMSZOUSA-N,C[C@@H]1C[C@@H](C(=O)NCc2cc(-c3ccc(C(F)(F)F)nc3)ncn2)N1S(=O)(=O)c1ccc(F)cc1,CHEMBL6013772,6.48,6.48,6.48,,1,2022,2022,1,1
WZFVQGWXJBTVEA-UHFFFAOYSA-N,Cc1oc2c(c1CC(=O)Nc1nc(-c3cc(F)c(C(F)(F)F)c(F)c3)cs1)c(=O)n(C)c(=O)n2C,CHEMBL3899453,8.38,8.38,8.38,,1,2015,2015,1,1
WZQMWEAVTLSMOF-HBYGRHMLSA-N,Cn1cnc2ncn(Cc3nc([C@H]4[C@@H]5CN(c6cccc(Cl)c6F)C[C@@H]54)no3)c(=O)c21,CHEMBL6005266,8.015,7.67,8.36,0.4879036790187168,2,2020,2020,1,2
WZRMLPCUQNQCPB-LBPRGKRZSA-N,CC(=O)Cn1c(=O)c2c(ncn2[C@@H](C)C(=O)Nc2csc(-c3cnc(C(F)(F)F)c(C)c3)n2)n(C)c1=O,CHEMBL5919639,8.3,8.3,8.3,,1,2019,2019,1,1
WZUBEZISDJUWBT-UHFFFAOYSA-N,CC(C)Nc1c(-c2cccc(Cl)c2)nc2ccc(C(F)(F)F)cn12,CHEMBL3968657,6.84,6.84,6.84,,1,2016,2016,1,1
XAPDVOAYLTUITQ-GOEBONIOSA-N,Cc1nc(N(C)C)n2ncn(Cc3nc([C@@H]4CO[C@@H](c5ccc(Cl)cc5)C4)no3)c(=O)c12,CHEMBL6018274,7.305,7.23,7.38,0.10606601717798143,2,2020,2020,1,2
XAQVIFGRTKIRES-SHTZXODSSA-N,Cn1cnc2ncn(Cc3nc([C@H]4C[C@H](c5cccc(C#N)c5)C4)no3)c(=O)c21,CHEMBL5915509,7.17,7.17,7.17,,1,2020,2020,1,1
XATNITDFSRCWBI-HALDLXJZSA-N,O=c1c2cccnc2ncn1Cc1nc([C@H]2[C@@H]3CN(c4cc(Cl)ccn4)C[C@@H]32)no1,CHEMBL5084582,7.235,7.19,7.28,0.06363961030678918,2,2020,2020,1,2
XAUSPLMRLISGMX-DZGCQCFKSA-N,CC1(C)CCC[C@](O)(C(F)(F)F)[C@H]1Cc1ccc(F)cc1,CHEMBL5437183,7.460000000000001,7.44,7.48,0.028284271247461613,2,2023,2023,1,1
XBAHUCXUJNKOON-VIKVFOODSA-N,Cn1cnc2ncn(Cc3nc([C@H]4[C@@H]5CN(c6cccc(C#N)n6)C[C@@H]54)no3)c(=O)c21,CHEMBL5979384,6.8100000000000005,6.57,7.05,0.33941125496954216,2,2020,2020,1,2
XBDHVGWQURBFBB-VIKVFOODSA-N,Cc1ncn2ncn(Cc3nc([C@H]4[C@@H]5CN(c6cc(Cl)ccn6)C[C@@H]54)no3)c(=O)c12,CHEMBL5778727,7.255,7.21,7.3,0.06363961030678918,2,2020,2020,1,2
XBVPSHSACOJVOQ-BFYDXBDKSA-N,Cc1ccnc2ncn(Cc3nc([C@H]4[C@@H]5Oc6c(Cl)cccc6[C@@H]54)no3)c(=O)c12,CHEMBL5788773,7.65,7.65,7.65,,1,2020,2020,1,1
XBWKDGVOHTXIQZ-KWUMSVIQSA-N,O=c1c2cccnc2ncn1Cc1nc([C@H]2C[C@](F)(c3cccc(F)c3)C2)no1,CHEMBL6029313,7.17,7.17,7.17,,1,2020,2020,1,1
XCCZAIUWVCKNCM-ATCWAGBWSA-N,Cn1cnc2ncn(Cc3nc([C@H]4[C@@H]5CN(c6ccc(Cl)c(F)c6)C[C@@H]54)no3)c(=O)c21,CHEMBL6001185,7.83,7.66,8.0,0.24041630560342606,2,2020,2020,1,2
XCKMEJHQIGJSCX-NNGSBXSVSA-N,CCC(=O)Cn1c(=O)c2c(ncn2[C@@H](C)C(=O)Nc2cncc(-c3ccc(N4CC5C(C4)C5(F)F)nc3)n2)n(C)c1=O,CHEMBL5845178,8.4,8.4,8.4,,1,2019,2019,1,1
XCZDOORZBGHHNA-UHFFFAOYSA-N,Cn1c(=O)c2c(CC(=O)Nc3nc(-c4ccc(F)c(C(F)(F)F)c4F)cs3)nsc2n(C)c1=O,CHEMBL3941901,8.25,8.25,8.25,,1,2015,2015,1,1
XCZHKBOHEHELPS-NHAGDIPZSA-N,Cn1cnc2ncn(Cc3nc([C@H]4[C@@H]5CN(c6cccnc6)C[C@@H]54)no3)c(=O)c21,CHEMBL5948717,6.11,6.11,6.11,,1,2020,2020,1,1
XEAVDNWRYBZHOZ-UHFFFAOYSA-N,Cn1c(=O)c2c(CC(=O)Nc3nc(-c4ccc(C(F)(F)F)c(F)c4F)cs3)cccc2n(C)c1=O,CHEMBL3987145,8.19,8.19,8.19,,1,2015,2015,1,1
XEQNNSKBWZVZOZ-JPYJTQIMSA-N,O=C(NCc1cc(-c2ccc(C3CC3)nc2)ncn1)[C@@H]1C[C@@H](F)CN1S(=O)(=O)c1ccc(F)cc1,CHEMBL5754338,5.57,5.57,5.57,,1,2022,2022,1,1
XFAKQJSOOQVAHX-UHFFFAOYSA-N,Cc1ccc(C(=O)NC(Sc2ccc([N+](=O)[O-])cc2)C(Cl)(Cl)Cl)cc1,CHEMBL1086589,6.0,5.6,6.44,0.3054426919984143,7,2010,2012,2,7
XFEQHDMOKHJBAP-UHFFFAOYSA-N,Cc1cc(Cn2c(=O)c3c(ncn3CC(=O)Nc3cccc(N4CCN(CC(F)(F)F)CC4)n3)n(C)c2=O)no1,CHEMBL5958781,7.04,7.04,7.04,,1,2019,2019,1,1
XFZJKVPNNLXVDR-IGEOTXOUSA-N,CCC(=O)Cn1c(=O)c2c(ncn2[C@@H](C)C(=O)Nc2cncc(-c3cnc(N4CC5C(C4)C5(F)F)nc3)n2)n(C)c1=O,CHEMBL5948960,8.52,8.52,8.52,,1,2019,2019,1,1
XGHHYTJFVHPJRP-ZLPCBKJTSA-N,C[C@@H](C(=O)Nc1cccc(-c2ccc(N3CC4CC4C3)nc2)n1)n1cnc2c1c(=O)n(CC#N)c(=O)n2C,CHEMBL5979092,8.22,8.22,8.22,,1,2019,2019,1,1
XGOIBVXKMMOVSQ-UHFFFAOYSA-N,O=c1c2ccnnc2ncn1Cc1nc(CCc2ccc(Cl)cc2)no1,CHEMBL3785216,6.87,6.87,6.87,,1,2016,2016,1,1
XGOLSZDFWDNITO-PKOBYXMFSA-N,Cc1cc(C)cc(S(=O)(=O)N2[C@H](CO)CC[C@@H]2c2ccc(F)cc2)c1,CHEMBL3754617,6.54,6.54,6.54,,1,2016,2016,1,1
XGTNKOQJOGMILW-HAQNSBGRSA-N,Cn1cnc2ncn(Cc3nn([C@H]4C[C@H](c5ccc(Cl)c(F)c5)C4)c(=O)o3)c(=O)c21,CHEMBL5891586,7.52,7.52,7.52,,1,2021,2021,1,1
XGTQXOATUIFTGC-WMLDXEAASA-N,C[C@@H](C(=O)Nc1cccc(-c2cnc(N3CCC[C@@H]3C(F)(F)F)nc2)n1)n1cnc2c1c(=O)n(CC#N)c(=O)n2C,CHEMBL5909488,8.52,8.52,8.52,,1,2019,2019,1,1
XGTQXOATUIFTGC-YOEHRIQHSA-N,C[C@@H](C(=O)Nc1cccc(-c2cnc(N3CCC[C@H]3C(F)(F)F)nc2)n1)n1cnc2c1c(=O)n(CC#N)c(=O)n2C,CHEMBL5979146,8.4,8.4,8.4,,1,2019,2019,1,1
XHJBOXFNVSPYJI-KNQAVFIVSA-N,O=C(NCc1cc(F)cc(-c2ccc(C(F)F)nc2)c1)[C@@H]1C[C@@H](F)CN1S(=O)(=O)c1ccc(F)cc1,CHEMBL5997255,7.54,7.54,7.54,,1,2022,2022,1,1
XHWHHZLLSITQCM-FOLVSLTJSA-N,Cn1cnc2ncn(Cc3nc([C@H]4[C@@H]5Cc6ccccc6C[C@@H]54)no3)c(=O)c21,CHEMBL5828855,7.12,7.12,7.12,,1,2020,2020,1,1
XIEDEBMSVCTSFI-HNNXBMFYSA-N,CCOc1ncc(-c2cccc(NC(=O)[C@H](C)n3cnc4c3c(=O)n(Cc3cc(C)on3)c(=O)n4C)n2)cc1C(F)(F)F,CHEMBL5924035,9.0,9.0,9.0,,1,2019,2019,1,1
XIHLXICJADAAMG-UHFFFAOYSA-N,Fc1ccc(-c2n[nH]c3cc(OC(F)(F)F)cnc23)cc1,CHEMBL4067095,6.59,6.59,6.59,,1,2017,2017,1,1
XIHULXIDONOQSG-HNNXBMFYSA-N,C[C@@H](C(=O)Nc1cccc(-c2ccc(C(F)(F)F)nc2)n1)n1cnc2c1c(=O)n(Cc1ccccn1)c(=O)n2C,CHEMBL5810298,7.55,7.55,7.55,,1,2019,2019,1,1
XIJYTOIFEYRXLS-SMDDNHRTSA-N,Cn1ncc2nc(N)n(Cc3nc([C@@H]4CO[C@@H](c5ccc(Cl)cc5)C4)no3)c(=O)c21,CHEMBL5795423,8.635,8.5,8.77,0.19091883092036754,2,2020,2020,1,2
XIOJQBVKDSTRPK-UHFFFAOYSA-N,O=C(NCC(Cc1ccccc1)N1CCC(O)(C(F)(F)F)CC1)c1cc(C(F)(F)F)ccn1,CHEMBL4207671,7.08,7.08,7.08,,1,2016,2016,1,1
XIPWBPDWHQJWKK-IBGZPJMESA-N,CC(C)n1c(=O)c(CNC(=O)[C@@H]2CCCN2S(=O)(=O)c2cc3cnccc3o2)cn(-c2ccc(C(F)(F)F)cn2)c1=O,CHEMBL6014563,6.7,6.7,6.7,,1,2020,2020,1,1
XJDHXLWQTXVSFO-VYDXJSESSA-N,Cn1cnc2ncn(Cc3nc([C@H]4[C@@H]5C=C(c6cc(F)cc(F)c6)C[C@@H]54)no3)c(=O)c21,CHEMBL5969388,8.254999999999999,7.89,8.62,0.5161879502661797,2,2020,2020,1,2
XJJNUZPFNULXJQ-SWLSCSKDSA-N,Cn1cnc2c(C#N)nn(Cc3nc([C@@H]4CO[C@@H](c5ccc(Cl)cc5)C4)no3)c2c1=O,CHEMBL5861996,7.48,7.34,7.62,0.19798989873223316,2,2020,2020,1,2
XKSIOBPDRWKTCJ-ZLPCBKJTSA-N,CCC(=O)Cn1c(=O)c2c(ncn2[C@@H](C)C(=O)Nc2ccnc(-c3ccc(N4CC5CC5C4)nc3)n2)n(C)c1=O,CHEMBL5877338,8.4,8.4,8.4,,1,2019,2019,1,1
XLGLEMZUTPMKLM-UHFFFAOYSA-N,Cc1nc2c(c(=O)n(Cc3ccccn3)c(=O)n2C)n1CC(=O)Nc1cccc(-c2cnc(C(F)(F)F)nc2)n1,CHEMBL5864222,7.38,7.38,7.38,,1,2019,2019,1,1
XLYRIZJMZGOPTK-UHFFFAOYSA-N,CN1C(=O)c2cccc(CC(=O)Nc3nc(-c4cc(F)c(C(F)(F)F)c(F)c4)cs3)c2C1=O,CHEMBL1086092,6.6,6.6,6.6,,1,2010,2010,1,1
XNHDIEBXXZHYPG-UHFFFAOYSA-N,COC(=O)CNc1c(-c2cccc(F)c2)nc2ccc(F)cn12,CHEMBL3954040,5.48,5.48,5.48,,1,2016,2016,1,1
XNPOFWWRLXGGEI-UHFFFAOYSA-N,CC(C)C(NC(=O)c1ccccc1)C(=O)c1ccc(F)cc1,CHEMBL2071493,5.199999999999999,5.1,5.3,0.1414213562373093,2,2012,2012,1,2
XOFOPCOUHWLPJL-UHFFFAOYSA-N,CC(C)C(NC(=O)OC(C)(C)C)C(=O)c1ccc(C#N)c(F)c1,CHEMBL2071590,5.800000000000001,5.7,5.9,0.14142135623730995,2,2012,2012,1,2
XOPMVFNBFICPDB-UHFFFAOYSA-N,Cn1c(=O)c2c(CC(=O)Nc3nc(-c4ccc(F)c(C(F)(F)F)c4F)cs3)csc2n(C)c1=O,CHEMBL3905801,8.31,5.17,8.6,1.9021303845951256,3,2015,2023,2,2
XOQQYLAKAJMBHH-UHFFFAOYSA-N,FC(F)(F)Oc1cc2[nH]ncc2cc1-c1ccccc1C(F)(F)F,CHEMBL3299024,7.44,7.44,7.44,,1,2014,2014,1,1
XOTLDNAVQQZBGX-UHFFFAOYSA-N,CC1(C)CCCC(O)(C(F)(F)F)C1Cc1cccc(C#N)c1,CHEMBL5401746,5.26,5.26,5.26,,1,2023,2023,1,1
XOVTWNLGYRCGFO-HHCCDPJTSA-N,Cc1cnn2ncn(Cc3nc([C@H]4C[C@](F)(c5cccc(Cl)c5)C4)no3)c(=O)c12,CHEMBL5900516,7.4350000000000005,7.36,7.51,0.10606601717798143,2,2020,2020,1,2
XOZUCURGTPFEPA-LURJTMIESA-N,Cc1noc(Cn2c(=O)c3c(ncn3[C@@H](C)C(N)=O)n(C)c2=O)n1,CHEMBL5927515,9.0,9.0,9.0,0.0,2,2019,2019,1,1
XPKLLDXUIOXSSE-XGNXJENSSA-N,C[C@@H](C(=O)Nc1csc(-c2cnc(N3CC4C(C3)C4(F)F)nc2)n1)n1cnc2c1c(=O)n(CC#N)c(=O)n2C,CHEMBL6035844,8.7,8.7,8.7,,1,2019,2019,1,1
XPZXRJASCMUGQL-UHFFFAOYSA-N,Cc1noc(Cn2c(=O)c3c(ncn3CC(=O)Nc3cccc(-c4cnc(C)c(C(F)(F)F)c4)n3)n(C)c2=O)n1,CHEMBL6009992,9.0,9.0,9.0,,1,2019,2019,1,1
XQDBJRZGDIFZFV-OALUTQOASA-N,O=C(NCc1cc(-c2cnc(C(F)(F)F)nc2)ccn1)[C@@H]1[C@@H](F)CCN1S(=O)(=O)c1ccc(F)cc1,CHEMBL5879812,6.99,6.99,6.99,,1,2022,2022,1,1
XQGUQUOCTSQNDD-VIKVFOODSA-N,Cc1cnn2ncn(Cc3nc([C@H]4[C@@H]5CN(c6cc(Cl)ccn6)C[C@@H]54)no3)c(=O)c12,CHEMBL5836096,8.04,7.82,8.26,0.3111269837220812,2,2020,2020,1,2
XQJHSTXORFDHJO-NHAGDIPZSA-N,Cn1cnc2ncn(Cc3nc([C@H]4[C@@H]5CN(c6cncc(F)c6)C[C@@H]54)no3)c(=O)c21,CHEMBL5815794,6.745,6.44,7.05,0.43133513652379357,2,2020,2020,1,2
XQVDMHKTSFSEMQ-UHFFFAOYSA-N,COc1ccc(CCn2nc(Cn3cnc4ncn(C)c4c3=O)oc2=O)cc1,CHEMBL5953819,6.56,6.56,6.56,,1,2021,2021,1,1
XRUHRUNQTJHPBY-UHFFFAOYSA-N,Cc1cc(CCn2nc(Cn3cnc4ncn(C)c4c3=O)oc2=O)ccc1Cl,CHEMBL6058971,6.95,6.95,6.95,,1,2021,2021,1,1
XRWIKIYEWODHPQ-UHFFFAOYSA-N,Cn1c(=O)c2c(CC(=O)Nc3nc(-c4cccc(C(F)(F)F)c4)cs3)cccc2n(C)c1=O,CHEMBL3956711,7.32,7.32,7.32,,1,2015,2015,1,1
XSCCGKSIBNQWIP-UZLBHIALSA-N,O=C(NCc1cc(-c2ccc(C(F)(F)F)nc2)ncc1F)[C@@H]1C[C@@H](F)CN1S(=O)(=O)c1ccc(F)cc1,CHEMBL5989168,7.47,7.17,7.77,0.4242640687119283,2,2022,2022,1,1
XSFCKBIGLBUTHE-QWHZDKJVSA-N,Cn1c(=O)ccc2ncn(Cc3nc([C@H]4[C@@H]5CN(c6cccc(Cl)c6)C[C@@H]54)no3)c(=O)c21,CHEMBL5836212,8.4,8.4,8.4,,1,2020,2020,1,1
XSOWZVIQZNTLGC-HALDLXJZSA-N,O=c1c2cccnc2ncn1Cc1nc([C@H]2[C@@H]3CN(c4cc(F)ccn4)C[C@@H]32)no1,CHEMBL5914583,6.8,6.71,6.89,0.12727922061357835,2,2020,2020,1,2
XSVJDKKRVOFGLA-FKIZINRSSA-N,Cn1cnc2ncn(Cc3nc([C@@H]4CO[C@@](C)(c5ccc(Cl)cc5)C4)no3)c(=O)c21,CHEMBL5914099,5.545,5.43,5.66,0.16263455967290624,2,2020,2020,1,2
XSVRNWKQZYOFRS-IPVJXJPOSA-N,Cc1cncc2ncn(Cc3nc([C@H]4C[C@](F)(c5ccc(Cl)cc5)C4)no3)c(=O)c12,CHEMBL6048512,7.64,7.64,7.64,,1,2020,2020,1,1
XTCJBNJCHYEEHZ-DZGCQCFKSA-N,CC1(C)CCC[C@](O)(C(F)(F)F)[C@H]1Cc1ccc([N+](=O)[O-])cc1,CHEMBL5398163,7.85,7.85,7.85,,1,2023,2023,1,1
XTEOOQGHFDZVDI-UHFFFAOYSA-N,Fc1c(-c2ccccc2C(F)(F)F)ccc2[nH]ncc12,CHEMBL3298250,6.53,6.53,6.53,,1,2014,2014,1,1
XTJCMZFNEXELMO-UHFFFAOYSA-N,Cn1c(=O)c2c(ccn2CC(=O)Nc2ccc(C(F)(F)F)cc2)n(C)c1=O,CHEMBL1944838,6.4,6.4,6.4,,1,2012,2012,1,1
XUXZULDMSVLPDK-UHFFFAOYSA-N,CC(C)c1cc(CCC(=O)CC(O)Cc2ccccc2)cc(C(C)C)c1O,CHEMBL1950590,5.48,5.48,5.48,,1,2023,2023,1,1
XVWJZNUBJBSIFR-FOLVSLTJSA-N,Cn1cnc2ncn(Cc3nc([C@H]4[C@@H]5CN(c6cccc(OC(F)(F)F)c6)C[C@@H]54)no3)c(=O)c21,CHEMBL5820517,6.92,6.92,6.92,,1,2020,2020,1,1
XWGOPLIZWFRBIN-KWUMSVIQSA-N,O=c1c2cccnc2ncn1Cc1nc([C@H]2C[C@](O)(c3cccc(Cl)c3)C2)no1,CHEMBL5863260,6.55,6.55,6.55,,1,2020,2020,1,1
XWVQRBZZRNONCK-UHFFFAOYSA-N,Cn1cnc2ncn(Cc3nn(CCc4ccc5ccccc5c4)c(=O)o3)c(=O)c21,CHEMBL5791721,7.39,7.39,7.39,,1,2021,2021,1,1
XWWLYDGDHPKEFD-UHFFFAOYSA-N,Cc1c2c(=O)n(Cc3nc(CC(O)c4ccc(Cl)cc4)no3)cnc2nn1C(C)C,CHEMBL5826757,7.39,7.39,7.39,,1,2021,2021,1,1
XWWPJKNCWPEFJS-SQGPQFPESA-N,Cc1ccnc2ncn(Cc3nc([C@@H]4[C@H]5C=C(c6ccccc6)C[C@H]54)no3)c(=O)c12,CHEMBL5781313,7.85,7.85,7.85,,1,2020,2020,1,1
XWXZEVWJOGNSOD-YJBOKZPZSA-N,Cc1cc(Cn2c(=O)c3c(ncn3[C@@H](C)C(=O)Nc3ccnc(-c4cnc(N5CCC[C@H]5C(F)(F)F)nc4)n3)n(C)c2=O)no1,CHEMBL6042280,8.7,8.7,8.7,,1,2019,2019,1,1
XWYXLYCDZKRCAD-BQYQJAHWSA-N,COc1ccc(/C=C/c2ccccc2)cc1,CHEMBL2387063,4.92,4.92,4.92,,1,2016,2016,1,1
XXAJTWFMFVVGIN-UHFFFAOYSA-N,Cn1c(=O)c2c(ccn2CC(=O)Nc2nc(-c3ccc(F)cc3)cs2)n(C)c1=O,CHEMBL1945689,5.39,5.39,5.39,,1,2012,2012,1,1
XYGCJFPIVHXCSK-UHFFFAOYSA-N,COc1cccc(C2NC(=S)N(C)C3=C2C(=O)c2ccccc23)c1,CHEMBL1939822,7.07,7.07,7.07,,1,2012,2012,1,1
XYGZAZHAXFGQPR-UHFFFAOYSA-N,COCc1cc2[nH]ncc2cc1-c1ccccc1C(F)(F)F,CHEMBL3299023,6.85,6.85,6.85,,1,2014,2014,1,1
XYHIUESBFSVNAX-LBPRGKRZSA-N,Cc1oc2ncn(Cc3nnn(C[C@H](O)c4ccc(Cl)cc4)n3)c(=O)c2c1C(N)=O,CHEMBL5992526,7.64,7.64,7.64,,1,2023,2023,1,1
XYLBMXMFEPAIDX-UHFFFAOYSA-N,Cn1cnc2ncn(Cc3nn(CCc4ccc(C5CC5)cc4)c(=O)o3)c(=O)c21,CHEMBL5842262,6.45,6.45,6.45,,1,2021,2021,1,1
XYLQLKFUIGUGMF-UHFFFAOYSA-N,Cn1c(=O)c2c(CC(=O)Nc3nc(-c4cc(F)cc(C(F)(F)F)c4)cs3)coc2n(C)c1=O,CHEMBL3947821,8.67,8.67,8.67,,1,2015,2015,1,1
XZMSFDWECPXXRJ-PKQUCIBFSA-N,C=C1CCC[C@H]2[C@](C)(CC[C@@]3(C)CC[C@H]([C@@H](C)C(=O)OC)OO3)[C@@H](C)CC[C@]12C,CHEMBL5428600,4.87,4.87,4.87,,1,2024,2024,1,1
YAAQSQALFNFFQV-UHFFFAOYSA-N,Cn1cnc2ncn(Cc3nn(CCc4ccc(OC(F)(F)F)cc4)c(=O)o3)c(=O)c21,CHEMBL6035619,7.07,7.07,7.07,,1,2021,2021,1,1
YAVYGLIDOKYBIQ-UHFFFAOYSA-N,CN1CCC(CC(CNC(=O)C2(c3ccc(Cl)cc3)CCCC2)N2CCC(O)(C(F)(F)F)CC2)CC1,CHEMBL4203966,4.57,4.57,4.57,,1,2016,2016,1,1
YAYQPACFPAHFBP-ZHACJKMWSA-N,COc1ccccc1/C=C/C(=O)Nc1ccccc1C(=O)O,CHEMBL4446136,4.295,4.29,4.3,0.007071067811865324,2,2019,2019,1,1
YBPKDCWIZDLZLH-BLLLJJGKSA-N,O=S(=O)(c1cc(Cl)c(F)c(Cl)c1)N1[C@H](CO)CC[C@@H]1c1ccc(F)cc1,CHEMBL3753452,6.96,6.96,6.96,,1,2016,2016,1,1
YBVLXHRURDNMHN-URXFXBBRSA-N,CC(C)n1c(=O)c(CNC(=O)[C@@H]2[C@@H](O)CCN2S(=O)(=O)c2cc3ccccc3o2)cn(-c2ccc(C(F)(F)F)cc2)c1=O,CHEMBL5844042,6.66,6.66,6.66,,1,2020,2020,1,1
YCPKIIGXUMZROC-MQMHXKEQSA-N,Cn1cnc2ncn(Cc3nn([C@H]4C[C@H](Oc5ccc(Cl)cc5)C4)c(=O)o3)c(=O)c21,CHEMBL5999476,6.11,6.11,6.11,,1,2021,2021,1,1
YCSCTJKEBOGQEI-VXGBXAGGSA-N,O[C@]1(C(F)(F)F)CCCC[C@H]1Nc1ccc(Cl)c(F)c1,CHEMBL5419744,7.68,7.68,7.68,,1,2023,2023,1,1
YDBYOXUORMOOBQ-UHFFFAOYSA-N,Cc1oc2c(c1CC(=O)Nc1nc(-c3ccc(OC(F)(F)F)c(F)c3)cs1)c(=O)n(C)c(=O)n2C,CHEMBL3904928,7.9,7.9,7.9,,1,2015,2015,1,1
YDXYNXLPDIGXAM-DZGCQCFKSA-N,Cc1ccnc2nc(N)n(Cc3nc([C@@H]4CO[C@@H](c5ccc(Cl)cc5)C4)no3)c(=O)c12,CHEMBL5975671,8.4,7.98,8.82,0.5939696961966998,2,2020,2020,1,2
YEACVWXJCVFKBH-KUHUBIRLSA-N,O=C(NCc1cc(-c2cnc(C(F)(F)F)nc2)c(Cl)cn1)[C@@H]1C[C@@H](F)CN1S(=O)(=O)c1ccc(F)cc1,CHEMBL5986156,7.38,7.38,7.38,,1,2022,2022,1,1
YEIMPNFNEMTFDM-UHFFFAOYSA-N,Cc1ncc(-c2cccc(NC(=O)Cn3cnc4c3c(=O)n(Cc3ccon3)c(=O)n4C)n2)cc1C(F)(F)F,CHEMBL6045228,8.52,8.52,8.52,,1,2019,2019,1,1
YETYETHLQCIHEE-UHFFFAOYSA-N,Fc1cc2[nH]ncc2cc1-c1ccccc1C(F)(F)F,CHEMBL3298251,7.32,7.32,7.32,,1,2014,2014,1,1
YFHGTPYEYFYGAH-BBQAJUCSSA-N,CC1(F)C[C@@H](C(=O)NCc2cc(-c3ccc(OC(F)(F)F)cc3)ncn2)N(S(=O)(=O)c2ccc(F)cc2)C1,CHEMBL5975639,7.7,7.7,7.7,,1,2022,2022,1,1
YFYZCTDEXIQQLY-LBPRGKRZSA-N,CC(=O)Cn1c(=O)c2c(ncn2[C@@H](C)C(=O)Nc2cncc(-c3ccc(C(F)(F)F)nc3)n2)n(C)c1=O,CHEMBL6030098,7.31,7.31,7.31,,1,2019,2019,1,1
YGJKAILDLPIFCZ-UHFFFAOYSA-N,CC(C)CCOc1ccc(-c2csc(NC(=O)Cc3cccc4c3c(=O)n(C)c(=O)n4C)n2)cc1,CHEMBL3891778,7.1,7.1,7.1,,1,2015,2015,1,1
YGOMVEIEVIZJFF-JKSUJKDBSA-N,Cc1cnn2ncn(Cc3nc([C@@H]4CO[C@@H](c5ccc(C#N)cc5)C4)no3)c(=O)c12,CHEMBL5917454,7.265000000000001,7.12,7.41,0.2050609665440985,2,2020,2020,1,2
YHGYDTGBMKTLPH-NQIIRXRSSA-N,COc1nc(C(F)(F)F)ccc1-c1cc(F)cc(CNC(=O)[C@@H]2C[C@@H](F)CN2S(=O)(=O)c2ccc(F)cc2)c1,CHEMBL5945949,7.32,7.32,7.32,,1,2022,2022,1,1
YIPSQHDECVTTIC-NNGSBXSVSA-N,COCC(=O)Cn1c(=O)c2c(ncn2[C@@H](C)C(=O)Nc2cccc(-c3cnc(N4CC5C(C4)C5(F)F)nc3)n2)n(C)c1=O,CHEMBL5754474,8.52,8.52,8.52,,1,2019,2019,1,1
YIXDWPGKRKLDML-AWEZNQCLSA-N,Cc1cc(Cn2c(=O)c3c(ncn3[C@@H](C)C(=O)Nc3cncc(-c4cnc(C)c(C(F)(F)F)c4)n3)n(C)c2=O)no1,CHEMBL5933482,8.4,8.4,8.4,,1,2019,2019,1,1
YJGBPDRSVXCGGG-DZGCQCFKSA-N,Cc1cnn2ncn(Cc3nc([C@@H]4CO[C@@H](c5ccc(F)cc5)C4)no3)c(=O)c12,CHEMBL5940735,8.435,8.07,8.8,0.51618795026618,2,2020,2020,1,2
YJZRVQKJIFHXBP-MXVIHJGJSA-N,Cc1cncc2ncn(Cc3nc([C@H]4C[C@H](c5ccc6ccccc6c5)C4)no3)c(=O)c12,CHEMBL5796116,7.84,7.84,7.84,,1,2020,2020,1,1
YKFSMOUFOXUQLG-UHFFFAOYSA-N,Cc1ccc(Nc2nc(C(=O)N3CCCC(C)C3C)cs2)cc1,CHEMBL2418806,5.1,5.1,5.1,,1,2013,2013,1,1
YLCJLPKUVYAFRE-QLPKVWCKSA-N,Cn1cnc2ncn(Cc3nc([C@H]4[C@@H]5CN(c6cccc(C#N)c6)C[C@@H]54)no3)c(=O)c21,CHEMBL5976618,7.449999999999999,7.13,7.77,0.45254833995939053,2,2020,2020,1,2
YLWILSVEXGUUFP-UHFFFAOYSA-N,Cc1cnnc2ncn(Cc3nn(CCc4ccc(Cl)cc4)c(=O)o3)c(=O)c12,CHEMBL5951573,7.31,7.31,7.31,,1,2021,2021,1,1
YMGBPWVLZQNQFK-LBPRGKRZSA-N,Cc1noc(Cn2c(=O)c3c(ncn3[C@@H](C)C(=O)Nc3cncc(-c4cnc(C)c(C(F)(F)F)c4)n3)n(C)c2=O)n1,CHEMBL5938207,8.05,8.05,8.05,,1,2019,2019,1,1
YMZSYLUBFOARLT-UHFFFAOYSA-N,Cn1c(=O)c2c(CC(=O)Nc3ccn(-c4ccc(Cl)cc4)n3)cccc2n(C)c1=O,CHEMBL3896592,7.26,7.26,7.26,,1,2015,2015,1,1
YNQDIELZBNNYMX-UHFFFAOYSA-N,Cc1oc2c(c1CC(=O)Nc1nc(-c3ccc(F)c(OC(F)(F)F)c3)cs1)c(=O)n(C)c(=O)n2C,CHEMBL3977240,8.31,8.31,8.31,,1,2015,2015,1,1
YNURNKHUOKGJKQ-UHFFFAOYSA-N,COc1cc(CNC(=O)c2cn3c(=O)n(Cc4ccccc4)c(=O)c(C)c3s2)ccn1,CHEMBL3220229,5.76,5.76,5.76,,1,2012,2012,1,1
YODKHKXVAZNODR-UHFFFAOYSA-N,CC(=O)Cn1c(=O)c2c(ncn2CC(=O)Nc2cncc(-c3cnc(C(F)(F)F)c(C)c3)n2)n(C)c1=O,CHEMBL6002310,7.25,7.25,7.25,,1,2019,2019,1,1
YOTMUJXMGKBCJI-UHFFFAOYSA-N,Fc1ccc(Nc2n[nH]c3cc(C(F)(F)F)cnc23)cc1F,CHEMBL4103611,7.42,7.42,7.42,,1,2017,2017,1,1
YQDBFFOLHOLZKQ-GTPINHCMSA-N,CC#CCn1c(=O)c2c(ncn2[C@@H](C)C(=O)Nc2ccnc(-c3cnc(N4CC5CC5C4)nc3)n2)n(C)c1=O,CHEMBL5918028,8.22,8.22,8.22,,1,2019,2019,1,1
YRFKNZJDKYZGGS-UHFFFAOYSA-N,Cn1c(=O)n(Cc2ccccn2)c(=O)c2c1ncn2CC(=O)Nc1csc(-c2ccc(F)c(F)c2)n1,CHEMBL5914773,7.85,7.85,7.85,,1,2019,2019,1,1
YRXHHMUCQVXQQZ-PTSVWTKZSA-N,CCC(=N\O)/C(C)=C/c1cccnc1,CHEMBL1084371,4.77,4.77,4.77,0.0,2,2010,2017,2,2
YRZSUCWXBWCSKC-BMGDILEWSA-N,Cc1ccnc2ncn(Cc3nc([C@@H]4[C@H]5Cc6ccccc6[C@H]54)no3)c(=O)c12,CHEMBL5942342,6.92,6.92,6.92,,1,2020,2020,1,1
YRZSUCWXBWCSKC-JLSDUUJJSA-N,Cc1ccnc2ncn(Cc3nc([C@H]4[C@@H]5Cc6ccccc6[C@@H]54)no3)c(=O)c12,CHEMBL6015050,6.52,6.52,6.52,,1,2020,2020,1,1
YSAHIYORNYLDMN-JCNLHEQBSA-N,Cc1ccc(=O)n2ccn(Cc3nn([C@H]4C[C@H](c5ccc(Cl)cc5)C4)c(=O)o3)c(=O)c12,CHEMBL5958693,7.39,7.39,7.39,,1,2021,2021,1,1
YSCRLJGELYZACN-QFIPXVFZSA-N,CC(C)n1c(=O)c(CNC(=O)[C@@H]2CCCN2S(=O)(=O)c2cc3ccccc3s2)cn(-c2ccc(C(F)(F)F)cc2)c1=O,CHEMBL6030826,7.25,7.25,7.25,,1,2020,2020,1,1
YSKFGBAYHFLJPZ-JXMROGBWSA-N,O=C(/C=C/c1ccc(F)cc1)Nc1ccccc1C(=O)O,CHEMBL4562546,4.59,4.58,4.6,0.014142135623730649,2,2019,2019,1,1
YTRXZKNDLRUBRK-KWUMSVIQSA-N,O=c1c2cccnc2ncn1Cc1nc([C@H]2C[C@](F)(c3ccc(Cl)cc3)C2)no1,CHEMBL5753770,7.7,7.7,7.7,,1,2020,2020,1,1
YTXJELCYXHBTEZ-LBAQZLPGSA-N,CC(C)N1C(=O)C(CNC(=O)[C@@H]2CCCN2S(=O)(=O)c2cc3ccccc3o2)=CC(c2ccc(C(F)(F)F)nc2)C1=O,CHEMBL6029113,7.52,7.52,7.52,,1,2020,2020,1,1
YUDTVULXQVYYNC-FOLVSLTJSA-N,Cn1cnc2ncn(Cc3nc([C@H]4[C@@H]5CN(c6ccc(OC(F)F)cc6)C[C@@H]54)no3)c(=O)c21,CHEMBL5790079,7.3,7.3,7.3,,1,2020,2020,1,1
YUJMTTVCSDSBRX-ZDUSSCGKSA-N,Cc1ccc([C@@H](O)Cn2nnc(Cn3cnc4oc(C)c(C(N)=O)c4c3=O)n2)cc1,CHEMBL5878746,7.62,7.62,7.62,,1,2023,2023,1,1
YVRAGDOGHOFVAV-NHPVSCMHSA-N,Cc1cc(C#N)nc2ncn(Cc3nc([C@H]4C[C@](F)(c5ccc(F)cc5)C4)no3)c(=O)c12,CHEMBL5753660,7.42,7.42,7.42,,1,2020,2020,1,1
YVSODWPINHYMTB-WCQYABFASA-N,Cn1cnc2nc(N)n(Cc3nc([C@@H]4CO[C@@H](c5ccc(C(F)(F)F)cc5)C4)no3)c(=O)c21,CHEMBL5907836,7.484999999999999,7.01,7.96,0.6717514421272206,2,2020,2020,1,2
YVTXACLMSGWIHC-CMPLNLGQSA-N,Nc1nc2ncn(Cc3nc([C@@H]4CO[C@@H](c5ccc(Cl)cc5)C4)no3)c(=O)c2s1,CHEMBL5885390,8.035,7.82,8.25,0.30405591591021525,2,2020,2020,1,2
YVYCTLLAVRNGEF-GXTWGEPZSA-N,Cn1cnc2ncn(Cc3nc([C@@H]4CO[C@@H](c5ccc(Br)cc5)C4)no3)c(=O)c21,CHEMBL5990285,8.425,8.11,8.74,0.44547727214752486,2,2020,2020,1,2
YWKRPHSLBJKOAU-JEYLPNPQSA-N,CC(=O)Cn1c(=O)c2c(ncn2[C@@H](C)C(=O)Nc2csc(-c3ccc(N4CC5C(C4)C5(F)F)nc3)n2)n(C)c1=O,CHEMBL5808567,8.52,8.52,8.52,,1,2019,2019,1,1
YWTNZWTWPXOTMS-UHFFFAOYSA-N,Cc1c(=O)n(Cc2ccccc2)c(=O)n2cc(C(=O)NCc3ccccn3)sc12,CHEMBL3220448,5.46,5.46,5.46,,1,2012,2012,1,1
YXACHAYJFVKEGM-YPMHNXCESA-N,O[C@@]1(C(F)(F)F)CCCC[C@@H]1Cc1ccc(F)cc1,CHEMBL5428371,8.4,8.4,8.4,,1,2023,2023,1,1
YXGNKWWQBPNQGF-UHFFFAOYSA-N,COCC(=O)Cn1c(=O)c2c(ncn2CC(=O)Nc2csc(-c3cnc(C)c(C(F)(F)F)c3)n2)n(C)c1=O,CHEMBL5905564,7.85,7.85,7.85,,1,2019,2019,1,1
YXGOBDAAYPMHSY-SWLSCSKDSA-N,O=C1CCc2c(ncn(Cc3nc([C@@H]4CO[C@@H](c5ccc(Cl)cc5)C4)no3)c2=O)N1,CHEMBL5808735,7.175,7.02,7.33,0.2192031021678301,2,2020,2020,1,2
YXJXMUOKXGOJSX-UTKZUKDTSA-N,O=C(NCc1cc(Cl)nc(-c2ccc(OC(F)F)cc2)c1)[C@@H]1C[C@@H](F)CN1S(=O)(=O)c1ccc(F)cc1,CHEMBL5774162,7.18,7.18,7.18,,1,2022,2022,1,1
YXMXFIXCGYXMMH-LBPRGKRZSA-N,C[C@@H](C(=O)Nc1cccc(-c2cnc(C(F)(F)F)nc2)n1)n1cnc2c1c(=O)n(Cc1ccon1)c(=O)n2C,CHEMBL5845331,7.75,7.75,7.75,,1,2019,2019,1,1
YXTJFYWQCCHXMG-WKILWMFISA-N,COc1ccc([C@H]2C[C@H](c3noc(Cn4cnc5nccc(C)c5c4=O)n3)C2)cc1,CHEMBL6030650,7.41,7.41,7.41,,1,2020,2020,1,1
ZAGOOYBFBXAWFI-UHFFFAOYSA-N,Cc1c[nH]c2ncnc(Oc3ccc(F)cc3F)c12,CHEMBL3298582,6.19,6.19,6.19,,1,2014,2014,1,1
ZAGXFWMLCVBKQA-HALDLXJZSA-N,Cn1cnc2ncn(Cc3nc([C@H]4[C@@H]5CN(c6ccc(C#N)c(F)c6)C[C@@H]54)no3)c(=O)c21,CHEMBL5748632,7.54,7.26,7.82,0.39597979746446693,2,2020,2020,1,2
ZAKRHAFBIBTPAZ-UOIKSKOESA-N,Cc1ccnc2ncn(Cc3nc([C@H]4[C@@H]5CN(c6cc(Cl)ccn6)C[C@@H]54)no3)c(=O)c12,CHEMBL5759535,7.29,7.29,7.29,,1,2020,2020,1,1
ZBIRHILYHCONPB-GXTWGEPZSA-N,Cc1nc(N)n2ncn(Cc3nc([C@@H]4CO[C@@H](c5ccc(F)cc5)C4)no3)c(=O)c12,CHEMBL5936828,7.12,7.12,7.12,,1,2020,2020,1,1
ZBPBSDLPRVLCQI-BBRMVZONSA-N,C[C@@H](C(=O)Nc1cncc(-c2cnc(N3CCC[C@H]3C(F)(F)F)nc2)n1)n1cnc2c1c(=O)n(CC#N)c(=O)n2C,CHEMBL5741988,8.15,8.15,8.15,,1,2019,2019,1,1
ZBPBSDLPRVLCQI-XJKSGUPXSA-N,C[C@@H](C(=O)Nc1cncc(-c2cnc(N3CCC[C@@H]3C(F)(F)F)nc2)n1)n1cnc2c1c(=O)n(CC#N)c(=O)n2C,CHEMBL5769127,8.1,8.1,8.1,,1,2019,2019,1,1
ZCIFHOGRCNHUOK-GXTWGEPZSA-N,Cc1nc(Br)n2ncn(Cc3nc([C@@H]4CO[C@@H](c5ccc(Cl)cc5)C4)no3)c(=O)c12,CHEMBL5900571,9.309999999999999,9.1,9.52,0.2969848480983505,2,2020,2020,1,2
ZCMKYTSUHVQDND-DOMZBBRYSA-N,Cn1cncc1C(=O)NCc1nc([C@H]2CO[C@H](c3ccc(Cl)cc3)C2)no1,CHEMBL5834811,7.525,7.41,7.64,0.1626345596729053,2,2020,2020,1,2
ZDSBAXBNBDORFX-IGEOTXOUSA-N,CCC(=O)Cn1c(=O)c2c(ncn2[C@@H](C)C(=O)Nc2csc(-c3ccc(N4CC5C(C4)C5(F)F)nc3)n2)n(C)c1=O,CHEMBL5943742,9.0,9.0,9.0,,1,2019,2019,1,1
ZEPHBHNMKKSYEJ-DYXDTQHNSA-N,C[C@H]1[C@H](F)C[C@@H](C(=O)NCc2cc(-c3cnc(C(F)(F)F)nc3)c(C#N)cn2)N1S(=O)(=O)c1ccc(F)cc1,CHEMBL4085297,7.02,7.02,7.02,,1,2018,2018,1,1
ZESGFLRFTSROCX-NVXWUHKLSA-N,Cc1ccnc2ncn(Cc3nn([C@@H]4CC[C@@H](c5ccc(F)cc5)C4)c(=O)o3)c(=O)c12,CHEMBL6057251,8.32,8.32,8.32,,1,2021,2021,1,1
ZFDRQUMFPQAQNX-HBYGRHMLSA-N,Cn1cnc2ncn(Cc3nc([C@H]4[C@@H]5CN(c6cc(F)c(Cl)c(F)c6)C[C@@H]54)no3)c(=O)c21,CHEMBL5908767,7.71,7.46,7.96,0.3535533905932738,2,2020,2020,1,2
ZFYMVMUDHSAMSG-ATCWAGBWSA-N,Cc1noc2ncn(Cc3nc([C@H]4[C@@H]5CN(c6cc(Cl)ccn6)C[C@@H]54)no3)c(=O)c12,CHEMBL5744652,7.445,7.37,7.52,0.10606601717798143,2,2020,2020,1,2
ZGUQIIBJOCXMDV-UHFFFAOYSA-N,O=C(NCC(Cc1ccc(F)cc1)N1CCC(O)(C(F)(F)F)CC1)C1(c2ccc(Cl)cc2)CC1,CHEMBL3903533,8.7,8.7,8.7,,1,2016,2016,1,1
ZGWIQYQXDGDHMR-SFHVURJKSA-N,CC(=O)Cn1c(=O)c2c(nc(C)n2CC(=O)Nc2cccc(-c3cnc(N4CCC[C@H]4C(F)(F)F)nc3)n2)n(C)c1=O,CHEMBL5893030,8.52,8.52,8.52,,1,2019,2019,1,1
ZICMCRZATKHWEO-FOLVSLTJSA-N,Cn1cnc2ncn(Cc3nc([C@H]4[C@@H]5CN(c6cc(F)cc(Cl)c6)C[C@@H]54)no3)c(=O)c21,CHEMBL5978169,7.69,7.69,7.69,,1,2020,2020,1,1
ZIKZMIAHXLHIRK-NHAGDIPZSA-N,Cn1nnc2ncn(Cc3nc([C@H]4[C@@H]5CN(c6cccc(Cl)c6)C[C@@H]54)no3)c(=O)c21,CHEMBL5823394,8.205,7.97,8.44,0.3323401871576768,2,2020,2020,1,2
ZIVPKPBELQYMFG-SFHVURJKSA-N,CC(C)n1c(=O)c(CNC(=O)[C@@H]2CCCN2S(=O)(=O)c2ccc(Cl)s2)cn(-c2ccc(C(F)(F)F)cc2)c1=O,CHEMBL5785899,7.48,7.48,7.48,,1,2020,2020,1,1
ZJABEFARNCXQDZ-KRWDZBQOSA-N,Cc1cc(Cn2c(=O)c3c(ncn3[C@@H](C)C(=O)Nc3cccc(-c4cnc(C)c(C)c4)n3)n(C)c2=O)no1,CHEMBL5746258,7.6,7.6,7.6,,1,2019,2019,1,1
ZJKZMXQQSDVDLA-NCFLSLSRSA-N,CC1=C(CC/C(C)=C/CC[C@@]2(C)CC[C@@H]([C@H](C)C(=O)O)OO2)C(C)(C)CCC1,CHEMBL463703,5.32,5.32,5.32,,1,2024,2024,1,1
ZJKZMXQQSDVDLA-RMXXGELBSA-N,CC1=C(CC/C(C)=C/CC[C@]2(C)CC[C@@H]([C@H](C)C(=O)O)OO2)C(C)(C)CCC1,CHEMBL5401628,5.25,5.25,5.25,,1,2024,2024,1,1
ZJLOTFNKTLOXQU-AWEZNQCLSA-N,CCC(=O)Cn1c(=O)c2c(ncn2[C@@H](C)C(=O)Nc2cccc(-c3cnc(C)c(C(F)(F)F)c3)n2)n(C)c1=O,CHEMBL6055251,8.4,8.4,8.4,,1,2019,2019,1,1
ZJLYAVZPZQXDIQ-UHFFFAOYSA-N,Cn1cnc2c(C#N)nn(Cc3nn(CCc4ccc(Cl)cc4)c(=O)o3)c2c1=O,CHEMBL5848100,7.85,7.85,7.85,,1,2021,2021,1,1
ZKGVGSMPJCRCOI-OFNKIYASSA-N,N#Cc1cnc(-c2ccc(C(F)(F)F)cc2)cc1CNC(=O)[C@@H]1C[C@@H](F)CN1S(=O)(=O)c1ccc(F)cc1,CHEMBL6027882,8.15,8.15,8.15,,1,2022,2022,1,1
ZKMARFBVNODTEA-MULNXWOJSA-N,O=C(NCc1cc(C23CCC(C(F)F)(CC2)CC3)ncn1)[C@@H]1C[C@@H](F)CN1S(=O)(=O)c1ccc(F)cc1,CHEMBL5745404,7.23,7.23,7.23,,1,2022,2022,1,1
ZKPBQRHUFMIQCM-ZLPCBKJTSA-N,CC#CCn1c(=O)c2c(ncn2[C@@H](C)C(=O)Nc2csc(-c3ccc(N4CC5CC5C4)nc3)n2)n(C)c1=O,CHEMBL5885019,8.4,8.4,8.4,,1,2019,2019,1,1
ZKTUMHFHLXSNAM-SFTDATJTSA-N,N#Cc1ccc(-c2cnc(C(F)(F)F)nc2)cc1CNC(=O)[C@@H]1[C@@H](F)CCN1S(=O)(=O)c1ccc(F)cc1,CHEMBL5995767,7.85,7.85,7.85,,1,2022,2022,1,1
ZKVHRKRSQGNMIJ-UHFFFAOYSA-N,Cn1c(=O)c2c(CC(=O)Nc3nc(-c4cccc(Cl)c4)cs3)cccc2n(C)c1=O,CHEMBL3965541,6.99,6.99,6.99,,1,2015,2015,1,1
ZLGGDXLEMLRCRT-UHFFFAOYSA-N,CC(C)c1sc2c(c1CC(=O)Nc1nc(-c3ccc(C(F)(F)F)c(F)c3)cs1)c(=O)n(C)c(=O)n2C,CHEMBL3918948,7.38,7.38,7.38,,1,2015,2015,1,1
ZLQWHYXILIRZJA-NILFDRSVSA-N,Cn1cnc2ncn(Cc3nc([C@@H]4[C@H]5Cc6c(Cl)cccc6[C@H]54)no3)c(=O)c21,CHEMBL5808811,7.44,7.44,7.44,,1,2020,2020,1,1
ZLQWHYXILIRZJA-UGFHNGPFSA-N,Cn1cnc2ncn(Cc3nc([C@H]4[C@@H]5Cc6c(Cl)cccc6[C@@H]54)no3)c(=O)c21,CHEMBL5798393,6.84,6.84,6.84,,1,2020,2020,1,1
ZLRQOPRFOLBNTA-UHFFFAOYSA-N,CCc1sc2c(c1CC(=O)Nc1nc(-c3cc(F)c(OC(F)F)c(F)c3)cs1)c(=O)n(C)c(=O)n2C,CHEMBL3924373,7.74,7.74,7.74,,1,2015,2015,1,1
ZMFNOHRIULKSCC-UHFFFAOYSA-N,Fc1ccc(Nc2n[nH]c3cc(C(F)(F)F)ccc23)cc1F,CHEMBL4098431,7.28,7.28,7.28,,1,2017,2017,1,1
ZNOZSVVROSWSRZ-WMLDXEAASA-N,O=c1c2cccc(=O)n2ccn1Cc1nc([C@@H]2CO[C@@H](c3ccc(Cl)cc3)C2)no1,CHEMBL5784263,8.295,8.19,8.4,0.1484924240491756,2,2020,2020,1,2
ZNZNLOPOYMLSDO-UHFFFAOYSA-N,Cn1cnc2c(C#N)nn(Cc3nn(CCc4ccc(OC(F)F)cc4)c(=O)o3)c2c1=O,CHEMBL6036513,7.44,7.44,7.44,,1,2021,2021,1,1
ZOHYTOOFZMTKLL-JOCQHMNTSA-N,Cn1cnc2ncn(Cc3nn([C@H]4C[C@H](c5ccc(OC(F)F)cc5)C4)c(=O)o3)c(=O)c21,CHEMBL5987810,7.58,7.58,7.58,,1,2021,2021,1,1
ZPQGIOXLLCZONP-SFHVURJKSA-N,O=C(NCc1cc(-c2ccc(C(F)(F)F)nc2)ncn1)[C@@H]1CCN1S(=O)(=O)c1ccc(F)cc1,CHEMBL4080418,6.195,5.82,6.57,0.5303300858899106,2,2018,2022,2,2
ZPWTWZBWZLSTLF-KBPBESRZSA-N,Cn1cnc2ncn(Cc3nc([C@H]4CC[C@H](c5ccc(Cl)cc5)C4)no3)c(=O)c21,CHEMBL5767078,7.65,7.65,7.65,,1,2020,2020,1,1
ZPXMWXHOFAMXMI-FPOVZHCZSA-N,O=C(NCc1cc(-c2ccc(C(F)(F)F)cn2)ccn1)[C@@H]1[C@@H](F)CCN1S(=O)(=O)c1ccc(F)cc1,CHEMBL5928967,8.15,8.15,8.15,,1,2022,2022,1,1
ZPYIDLJKUISUIE-BEFAXECRSA-N,COc1nc(CNC(=O)[C@@H]2C[C@@H](F)CN2S(=O)(=O)c2ccc(F)cc2)cc(-c2ccc(C(F)(F)F)nc2)n1,CHEMBL5741375,7.01,7.01,7.01,,1,2022,2022,1,1
ZPYQDEKCILEBNB-AWEZNQCLSA-N,COc1ncc(-c2cccc(NC(=O)[C@H](C)n3cnc4c3c(=O)n(Cc3cc(C)on3)c(=O)n4C)n2)cc1C(F)(F)F,CHEMBL5780751,9.0,9.0,9.0,,1,2019,2019,1,1
ZQDXHKPYPKVBFP-DOMZBBRYSA-N,O=C(NCc1cc(-c2ccc(C(F)(F)F)nc2)ncn1)[C@@H]1C[C@@H](F)CN1S(=O)(=O)c1ccc(Cl)s1,CHEMBL5848515,7.57,7.57,7.57,,1,2022,2022,1,1
ZQPFWJOHVAEPBW-UHFFFAOYSA-N,Cn1c(=O)c2c(CC(=O)Nc3nc(-c4cc(F)c(OCC(F)(F)F)c(F)c4)cs3)ccnc2n(C)c1=O,CHEMBL3948210,8.16,8.16,8.16,,1,2015,2015,1,1
ZROLHBHDLIHEMS-HUUCEWRRSA-N,CCCc1cc(O)c2c(c1)OC(C)(C)[C@@H]1CCC(C)=C[C@@H]21,CHEMBL2387541,5.785,5.51,6.06,0.3889087296526007,2,2021,2021,1,2
ZRVTVXBVIYQWKR-UHFFFAOYSA-N,Cc1ccnc2ncn(Cc3nc(C4Cc5ccccc5C4)no3)c(=O)c12,CHEMBL6019879,6.28,6.28,6.28,,1,2020,2020,1,1
ZSBRAOYPHXSBBJ-GXTWGEPZSA-N,Cn1cnc2ncn(Cc3nc([C@@H]4CO[C@@H](c5cccc(Cl)c5)C4)no3)c(=O)c21,CHEMBL5857891,7.6899999999999995,7.53,7.85,0.2262741699796951,2,2020,2020,1,2
ZSDKCIXPAMDTMA-GCJKJVERSA-N,O=C(NCc1cc(-c2cnc(C(F)(F)F)nc2)nc(-c2cnc(C(F)(F)F)nc2)c1)[C@@H]1C[C@@H](F)CN1S(=O)(=O)c1ccc(F)cc1,CHEMBL5753985,7.15,7.15,7.15,,1,2022,2022,1,1
ZSIJWXVPDONYJZ-NHPVSCMHSA-N,Cc1cc(C#N)nc2ncn(Cc3nc([C@H]4C[C@](F)(c5ccc(Cl)cc5)C4)no3)c(=O)c12,CHEMBL6053269,7.855,7.71,8.0,0.2050609665440985,2,2020,2020,1,2
ZTARYRCURIRMNQ-RUYXUALKSA-N,Cn1cc(-c2ccc(N3C[C@@H]4[C@H](C3)[C@H]4c3noc(Cn4cnc5ncn(C)c5c4=O)n3)cc2)cn1,CHEMBL5929993,7.02,6.87,7.17,0.21213203435596445,2,2020,2020,1,2
ZUTUWJYMCADJHD-UHFFFAOYSA-N,CCC(C)c1ccc(NC(=O)Cn2cnc3c2c(=O)n(C)c(=O)n3C)cc1,CHEMBL1086339,4.84,4.73,4.84,0.06350852961085844,3,2010,2011,2,3
ZVRSTWIVTSZIGD-ZDUSSCGKSA-N,Cc1cc(Cn2c(=O)c3c(ncn3[C@@H](C)C(=O)Nc3csc(-c4cnc(C)c(F)c4)n3)n(C)c2=O)no1,CHEMBL5778301,8.1,8.1,8.1,,1,2019,2019,1,1
ZVSPWYGMKXWYHG-UHFFFAOYSA-N,Cn1c(=O)c2c(CC(=O)Nc3nc(-c4ccc(C(F)(F)F)c(F)c4F)cs3)c(Cl)oc2n(C)c1=O,CHEMBL3978811,8.12,8.12,8.12,,1,2015,2015,1,1
ZWTQJRZNKIYIOA-VIKVFOODSA-N,Cn1cnc2cnn(Cc3nc([C@H]4[C@@H]5CN(c6cncc(Cl)c6)C[C@@H]54)no3)c(=O)c21,CHEMBL6060007,6.67,6.52,6.82,0.21213203435596475,2,2020,2020,1,2
ZXVAOQBQHVUZEJ-QFIPXVFZSA-N,CC(C)n1c(=O)c(CNC(=O)[C@@H]2CCCN2S(=O)(=O)c2cc3c(F)cccc3o2)cn(-c2ccc(C(F)(F)F)cc2)c1=O,CHEMBL5835419,7.6,7.6,7.6,,1,2020,2020,1,1
ZXWITAARDYYKLO-QRWLVFNGSA-N,O=C(NCc1cc(-c2ccc(C(F)(F)F)nc2)c(F)cn1)[C@@H]1C[C@@H](F)CN1S(=O)(=O)c1ccc(F)cc1,CHEMBL6024166,7.7,7.7,7.7,0.0,2,2022,2022,1,1
ZXZGHARNRVRJPP-MQMHXKEQSA-N,Cn1cnc2ncn(Cc3nn([C@H]4C[C@H](Oc5cccc(Cl)c5)C4)c(=O)o3)c(=O)c21,CHEMBL5076999,7.75,7.75,7.75,,1,2021,2021,1,1
ZYJXKCVDCJYPHV-FCRSSCQMSA-N,O=C(Cc1cn(-c2cnc(C(F)(F)F)nc2)nc1C(F)(F)F)N[C@@H]1CC[C@@H]1[S+]([O-])c1ccc(F)cc1,CHEMBL5953393,6.3,6.3,6.3,,1,2020,2020,1,1
ZZJVCNLMLHLBLE-KXTWHKPSSA-N,Cn1cnc2ncn(Cc3nc([C@H]4[C@@H]5CN(c6cccc(-c7ccncc7)c6)C[C@@H]54)no3)c(=O)c21,CHEMBL5933906,7.175,7.17,7.18,0.007071067811865324,2,2020,2020,1,2
ZZJWYOJKUOWURA-FQEVSTJZSA-N,CC(C)n1c(=O)c(CNC(=O)[C@@H]2CCCN2S(=O)(=O)c2cc3cc(F)ccc3o2)cn(-c2ccc(C(F)(F)F)cn2)c1=O,CHEMBL5852103,7.75,7.75,7.75,,1,2020,2020,1,1
ZZSYQYNHASLYPZ-FOLVSLTJSA-N,Cn1cnc2ncn(Cc3nc([C@H]4[C@@H]5CN(c6cccc(F)c6)C[C@@H]54)no3)c(=O)c21,CHEMBL5806157,7.61,7.25,8.32,0.48504638953403223,5,2020,2020,1,2
