activity_id,assay_chembl_id,assay_type,canonical_smiles,data_validity_comment,document_chembl_id,document_year,molecule_chembl_id,pchembl_value,relation,standard_relation,standard_type,standard_units,standard_value,type,units,value,std_smiles,inchikey
3088817,CHEMBL1049520,F,CC(=C\c1ccc(Cl)cc1)/C(C)=N/O,,CHEMBL1153159,2010,CHEMBL593902,5.55,=,=,IC50,nM,2800.0,IC50,uM,2.8,CC(=C\c1ccc(Cl)cc1)/C(C)=N/O,MHTJEUOFLVQMCL-NJHPPEEMSA-N
3088818,CHEMBL1049520,F,CC(=C\c1ccccc1)/C(C)=N/O,,CHEMBL1153159,2010,CHEMBL603735,5.57,=,=,IC50,nM,2700.0,IC50,uM,2.7,CC(=C\c1ccccc1)/C(C)=N/O,RPCAQDVUXPFSNA-CDKJVOIVSA-N
3301150,CHEMBL1118499,F,O=C(NC(Sc1ccc(Cl)cc1)C(Cl)(Cl)Cl)c1ccccc1,,CHEMBL1155439,2010,CHEMBL1086371,7.68,=,=,IC50,nM,21.0,IC50,nM,21.0,O=C(NC(Sc1ccc(Cl)cc1)C(Cl)(Cl)Cl)c1ccccc1,NOXDIPWNQOTUAB-UHFFFAOYSA-N
3301151,CHEMBL1118499,F,COc1ccc(C(=O)NC(Sc2ccc(Cl)cc2)C(Cl)(Cl)Cl)cc1,,CHEMBL1155439,2010,CHEMBL1086586,7.04,=,=,IC50,nM,91.0,IC50,nM,91.0,COc1ccc(C(=O)NC(Sc2ccc(Cl)cc2)C(Cl)(Cl)Cl)cc1,MRIRDTYIRGDISF-UHFFFAOYSA-N
3301152,CHEMBL1118499,F,O=C(NC(Sc1ccc(Cl)cc1)C(Cl)(Cl)Cl)c1ccc([N+](=O)[O-])cc1,,CHEMBL1155439,2010,CHEMBL1086587,7.46,=,=,IC50,nM,35.0,IC50,nM,35.0,O=C(NC(Sc1ccc(Cl)cc1)C(Cl)(Cl)Cl)c1ccc([N+](=O)[O-])cc1,DNTIPHKVCXUYRM-UHFFFAOYSA-N
3301153,CHEMBL1118499,F,O=C(NC(Sc1ccc(Cl)cc1)C(Cl)(Cl)Cl)c1ccc(Br)cc1,,CHEMBL1155439,2010,CHEMBL1086588,7.29,=,=,IC50,nM,51.0,IC50,nM,51.0,O=C(NC(Sc1ccc(Cl)cc1)C(Cl)(Cl)Cl)c1ccc(Br)cc1,APLQHKFABMHWHP-UHFFFAOYSA-N
3301154,CHEMBL1118500,F,O=C(NC(Sc1ccc(Cl)cc1)C(Cl)(Cl)Cl)c1ccccc1,,CHEMBL1155439,2010,CHEMBL1086371,6.92,=,=,IC50,nM,120.0,IC50,nM,120.0,O=C(NC(Sc1ccc(Cl)cc1)C(Cl)(Cl)Cl)c1ccccc1,NOXDIPWNQOTUAB-UHFFFAOYSA-N
3301155,CHEMBL1118500,F,COc1ccc(C(=O)NC(Sc2ccc(Cl)cc2)C(Cl)(Cl)Cl)cc1,,CHEMBL1155439,2010,CHEMBL1086586,6.58,=,=,IC50,nM,260.0,IC50,nM,260.0,COc1ccc(C(=O)NC(Sc2ccc(Cl)cc2)C(Cl)(Cl)Cl)cc1,MRIRDTYIRGDISF-UHFFFAOYSA-N
3301156,CHEMBL1118500,F,O=C(NC(Sc1ccc(Cl)cc1)C(Cl)(Cl)Cl)c1ccc([N+](=O)[O-])cc1,,CHEMBL1155439,2010,CHEMBL1086587,6.78,=,=,IC50,nM,167.0,IC50,nM,167.0,O=C(NC(Sc1ccc(Cl)cc1)C(Cl)(Cl)Cl)c1ccc([N+](=O)[O-])cc1,DNTIPHKVCXUYRM-UHFFFAOYSA-N
3301157,CHEMBL1118500,F,O=C(NC(Sc1ccc(Cl)cc1)C(Cl)(Cl)Cl)c1ccc(Br)cc1,,CHEMBL1155439,2010,CHEMBL1086588,6.6,=,=,IC50,nM,252.0,IC50,nM,252.0,O=C(NC(Sc1ccc(Cl)cc1)C(Cl)(Cl)Cl)c1ccc(Br)cc1,APLQHKFABMHWHP-UHFFFAOYSA-N
3301158,CHEMBL1118501,F,O=C(NC(Sc1ccc(Cl)cc1)C(Cl)(Cl)Cl)c1ccccc1,,CHEMBL1155439,2010,CHEMBL1086371,8.15,=,=,IC50,nM,7.0,IC50,nM,7.0,O=C(NC(Sc1ccc(Cl)cc1)C(Cl)(Cl)Cl)c1ccccc1,NOXDIPWNQOTUAB-UHFFFAOYSA-N
3301159,CHEMBL1118501,F,COc1ccc(C(=O)NC(Sc2ccc(Cl)cc2)C(Cl)(Cl)Cl)cc1,,CHEMBL1155439,2010,CHEMBL1086586,7.54,=,=,IC50,nM,29.0,IC50,nM,29.0,COc1ccc(C(=O)NC(Sc2ccc(Cl)cc2)C(Cl)(Cl)Cl)cc1,MRIRDTYIRGDISF-UHFFFAOYSA-N
3301160,CHEMBL1118501,F,O=C(NC(Sc1ccc(Cl)cc1)C(Cl)(Cl)Cl)c1ccc([N+](=O)[O-])cc1,,CHEMBL1155439,2010,CHEMBL1086587,6.98,=,=,IC50,nM,105.0,IC50,nM,105.0,O=C(NC(Sc1ccc(Cl)cc1)C(Cl)(Cl)Cl)c1ccc([N+](=O)[O-])cc1,DNTIPHKVCXUYRM-UHFFFAOYSA-N
3301161,CHEMBL1118501,F,O=C(NC(Sc1ccc(Cl)cc1)C(Cl)(Cl)Cl)c1ccc(Br)cc1,,CHEMBL1155439,2010,CHEMBL1086588,7.55,=,=,IC50,nM,28.0,IC50,nM,28.0,O=C(NC(Sc1ccc(Cl)cc1)C(Cl)(Cl)Cl)c1ccc(Br)cc1,APLQHKFABMHWHP-UHFFFAOYSA-N
3301164,CHEMBL1118499,F,CC(=O)SC(NC(=O)c1ccc(Cl)cc1)C(Cl)(Cl)Cl,,CHEMBL1155439,2010,CHEMBL1085104,5.96,=,=,IC50,nM,1100.0,IC50,uM,1.1,CC(=O)SC(NC(=O)c1ccc(Cl)cc1)C(Cl)(Cl)Cl,SSONTNYBPYRIPQ-UHFFFAOYSA-N
3301165,CHEMBL1118499,F,Cc1ccc(C(=O)NC(Sc2ccc(Cl)cc2)C(Cl)(Cl)Cl)cc1,,CHEMBL1155439,2010,CHEMBL1084857,5.85,=,=,IC50,nM,1400.0,IC50,uM,1.4,Cc1ccc(C(=O)NC(Sc2ccc(Cl)cc2)C(Cl)(Cl)Cl)cc1,OCAGWVPJUUSEHZ-UHFFFAOYSA-N
3301175,CHEMBL1118499,F,Cc1ccc(C(=O)NC(Sc2ccc([N+](=O)[O-])cc2)C(Cl)(Cl)Cl)cc1,,CHEMBL1155439,2010,CHEMBL1086589,5.7,=,=,IC50,nM,2000.0,IC50,uM,2.0,Cc1ccc(C(=O)NC(Sc2ccc([N+](=O)[O-])cc2)C(Cl)(Cl)Cl)cc1,XFAKQJSOOQVAHX-UHFFFAOYSA-N
3301176,CHEMBL1118233,F,Cc1ccc(C(=O)NC(Sc2ccc([N+](=O)[O-])cc2)C(Cl)(Cl)Cl)cc1,,CHEMBL1155439,2010,CHEMBL1086589,6.07,=,=,IC50,nM,850.0,IC50,uM,0.85,Cc1ccc(C(=O)NC(Sc2ccc([N+](=O)[O-])cc2)C(Cl)(Cl)Cl)cc1,XFAKQJSOOQVAHX-UHFFFAOYSA-N
3301177,CHEMBL1118734,F,Cc1ccc(C(=O)NC(Sc2ccc([N+](=O)[O-])cc2)C(Cl)(Cl)Cl)cc1,,CHEMBL1155439,2010,CHEMBL1086589,5.77,=,=,IC50,nM,1700.0,IC50,uM,1.7,Cc1ccc(C(=O)NC(Sc2ccc([N+](=O)[O-])cc2)C(Cl)(Cl)Cl)cc1,XFAKQJSOOQVAHX-UHFFFAOYSA-N
3301178,CHEMBL1118735,F,Cc1ccc(C(=O)NC(Sc2ccc([N+](=O)[O-])cc2)C(Cl)(Cl)Cl)cc1,,CHEMBL1155439,2010,CHEMBL1086589,5.6,=,=,IC50,nM,2500.0,IC50,uM,2.5,Cc1ccc(C(=O)NC(Sc2ccc([N+](=O)[O-])cc2)C(Cl)(Cl)Cl)cc1,XFAKQJSOOQVAHX-UHFFFAOYSA-N
3301179,CHEMBL1118736,F,Cc1ccc(C(=O)NC(Sc2ccc([N+](=O)[O-])cc2)C(Cl)(Cl)Cl)cc1,,CHEMBL1155439,2010,CHEMBL1086589,6.44,=,=,IC50,nM,360.0,IC50,uM,0.36,Cc1ccc(C(=O)NC(Sc2ccc([N+](=O)[O-])cc2)C(Cl)(Cl)Cl)cc1,XFAKQJSOOQVAHX-UHFFFAOYSA-N
3301180,CHEMBL1118737,F,Cc1ccc(C(=O)NC(Sc2ccc([N+](=O)[O-])cc2)C(Cl)(Cl)Cl)cc1,,CHEMBL1155439,2010,CHEMBL1086589,6.25,=,=,IC50,nM,560.0,IC50,uM,0.56,Cc1ccc(C(=O)NC(Sc2ccc([N+](=O)[O-])cc2)C(Cl)(Cl)Cl)cc1,XFAKQJSOOQVAHX-UHFFFAOYSA-N
3301189,CHEMBL1118499,F,CC(C)c1ccc(NC(=O)Cn2cnc3c2c(=O)n(C)c(=O)n3C)cc1,,CHEMBL1155439,2010,CHEMBL1086310,5.21,=,=,IC50,nM,6200.0,IC50,uM,6.2,CC(C)c1ccc(NC(=O)Cn2cnc3c2c(=O)n(C)c(=O)n3C)cc1,HEQDZPHDVAOBLN-UHFFFAOYSA-N
3301190,CHEMBL1118738,F,CC(C)c1ccc(NC(=O)Cn2cnc3c2c(=O)n(C)c(=O)n3C)cc1,,CHEMBL1155439,2010,CHEMBL1086310,5.28,=,=,IC50,nM,5300.0,IC50,uM,5.3,CC(C)c1ccc(NC(=O)Cn2cnc3c2c(=O)n(C)c(=O)n3C)cc1,HEQDZPHDVAOBLN-UHFFFAOYSA-N
3301191,CHEMBL1118739,F,CC(C)c1ccc(NC(=O)Cn2cnc3c2c(=O)n(C)c(=O)n3C)cc1,,CHEMBL1155439,2010,CHEMBL1086310,5.31,=,=,IC50,nM,4900.0,IC50,uM,4.9,CC(C)c1ccc(NC(=O)Cn2cnc3c2c(=O)n(C)c(=O)n3C)cc1,HEQDZPHDVAOBLN-UHFFFAOYSA-N
3301192,CHEMBL1118740,F,CC(C)c1ccc(NC(=O)Cn2cnc3c2c(=O)n(C)c(=O)n3C)cc1,,CHEMBL1155439,2010,CHEMBL1086310,5.12,=,=,IC50,nM,7500.0,IC50,uM,7.5,CC(C)c1ccc(NC(=O)Cn2cnc3c2c(=O)n(C)c(=O)n3C)cc1,HEQDZPHDVAOBLN-UHFFFAOYSA-N
3301193,CHEMBL1118234,F,CC(C)c1ccc(NC(=O)Cn2cnc3c2c(=O)n(C)c(=O)n3C)cc1,,CHEMBL1155439,2010,CHEMBL1086310,5.75,=,=,IC50,nM,1800.0,IC50,uM,1.8,CC(C)c1ccc(NC(=O)Cn2cnc3c2c(=O)n(C)c(=O)n3C)cc1,HEQDZPHDVAOBLN-UHFFFAOYSA-N
3301200,CHEMBL1118734,F,CCC(C)c1ccc(NC(=O)Cn2cnc3c2c(=O)n(C)c(=O)n3C)cc1,,CHEMBL1155439,2010,CHEMBL1086339,4.73,=,=,IC50,nM,18700.0,IC50,uM,18.7,CCC(C)c1ccc(NC(=O)Cn2cnc3c2c(=O)n(C)c(=O)n3C)cc1,ZUTUWJYMCADJHD-UHFFFAOYSA-N
3301201,CHEMBL1118499,F,CCC(C)c1ccc(NC(=O)Cn2cnc3c2c(=O)n(C)c(=O)n3C)cc1,,CHEMBL1155439,2010,CHEMBL1086339,4.84,=,=,IC50,nM,14300.0,IC50,uM,14.3,CCC(C)c1ccc(NC(=O)Cn2cnc3c2c(=O)n(C)c(=O)n3C)cc1,ZUTUWJYMCADJHD-UHFFFAOYSA-N
3301220,CHEMBL1118227,F,CN1C(=O)c2cccc(CC(=O)Nc3nc(-c4ccc(Cl)cc4)cs3)c2C1=O,,CHEMBL1155439,2010,CHEMBL1085863,6.3,=,=,IC50,nM,500.0,IC50,nM,500.0,CN1C(=O)c2cccc(CC(=O)Nc3nc(-c4ccc(Cl)cc4)cs3)c2C1=O,PLCMBEBJCVWYCS-UHFFFAOYSA-N
3301222,CHEMBL1118227,F,CN1C(=O)c2cccc(CC(=O)Nc3nc(-c4cccc(C(F)(F)F)c4)cs3)c2C1=O,,CHEMBL1155439,2010,CHEMBL1083798,6.3,=,=,IC50,nM,500.0,IC50,nM,500.0,CN1C(=O)c2cccc(CC(=O)Nc3nc(-c4cccc(C(F)(F)F)c4)cs3)c2C1=O,MYIJPYOIQWNCTL-UHFFFAOYSA-N
3301223,CHEMBL1118227,F,CN1C(=O)c2cccc(CC(=O)Nc3nc(-c4ccc(Cl)c(Cl)c4)cs3)c2C1=O,,CHEMBL1155439,2010,CHEMBL1083803,6.6,=,=,IC50,nM,250.0,IC50,nM,250.0,CN1C(=O)c2cccc(CC(=O)Nc3nc(-c4ccc(Cl)c(Cl)c4)cs3)c2C1=O,RXCHUXFWVPCBNN-UHFFFAOYSA-N
3301224,CHEMBL1118227,F,Cc1cc(-c2csc(NC(=O)Cc3cccc4c3C(=O)N(C)C4=O)n2)ccc1Cl,,CHEMBL1155439,2010,CHEMBL1083804,6.6,=,=,IC50,nM,250.0,IC50,nM,250.0,Cc1cc(-c2csc(NC(=O)Cc3cccc4c3C(=O)N(C)C4=O)n2)ccc1Cl,LUBDIXHYIRNPIQ-UHFFFAOYSA-N
3301225,CHEMBL1118227,F,CN1C(=O)c2cccc(CC(=O)Nc3nc(-c4cc(F)c(C(F)(F)F)c(F)c4)cs3)c2C1=O,,CHEMBL1155439,2010,CHEMBL1086092,6.6,=,=,IC50,nM,250.0,IC50,nM,250.0,CN1C(=O)c2cccc(CC(=O)Nc3nc(-c4cc(F)c(C(F)(F)F)c(F)c4)cs3)c2C1=O,XLYRIZJMZGOPTK-UHFFFAOYSA-N
3301226,CHEMBL1118226,F,CC(=C\c1ccc(Cl)cc1)/C(C)=N/O,,CHEMBL1155439,2010,CHEMBL593902,5.51,=,=,IC50,nM,3100.0,IC50,uM,3.1,CC(=C\c1ccc(Cl)cc1)/C(C)=N/O,MHTJEUOFLVQMCL-NJHPPEEMSA-N
3301227,CHEMBL1118226,F,CCC(=N\O)/C(C)=C/c1ccc(F)nc1,,CHEMBL1155439,2010,CHEMBL1085708,5.9,=,=,IC50,nM,1250.0,IC50,uM,1.25,CCC(=N\O)/C(C)=C/c1ccc(F)nc1,KZYMSANMAJGLBF-RCAAVWGTSA-N
3301228,CHEMBL1118226,F,CCC(=N\O)/C(C)=C/c1cccs1,,CHEMBL1155439,2010,CHEMBL1085709,4.96,=,=,IC50,nM,11000.0,IC50,uM,11.0,CCC(=N\O)/C(C)=C/c1cccs1,IBGTZIUMMBHLKD-ZDVGBALWSA-N
3301229,CHEMBL1118226,F,CCC(=N\O)/C(C)=C/c1ccc(OC)nc1,,CHEMBL1155439,2010,CHEMBL1084370,4.63,=,=,IC50,nM,23400.0,IC50,uM,23.4,CCC(=N\O)/C(C)=C/c1ccc(OC)nc1,PXDWCZGBDFEEIA-DTCTWCMCSA-N
3301230,CHEMBL1118226,F,CCC(=N\O)/C(C)=C/c1ccsc1,,CHEMBL1155439,2010,CHEMBL1085944,5.88,=,=,IC50,nM,1320.0,IC50,uM,1.32,CCC(=N\O)/C(C)=C/c1ccsc1,CZLHDEMBLZTFGA-UMYLGFLZSA-N
3301231,CHEMBL1118226,F,CCC(=N\O)/C(C)=C/c1cccnc1,,CHEMBL1155439,2010,CHEMBL1084371,4.77,=,=,IC50,nM,17000.0,IC50,uM,17.0,CCC(=N\O)/C(C)=C/c1cccnc1,YRXHHMUCQVXQQZ-PTSVWTKZSA-N
3301232,CHEMBL1118226,F,CCC(=N\O)/C(C)=C/c1ccncc1,,CHEMBL1155439,2010,CHEMBL1084372,5.07,=,=,IC50,nM,8610.0,IC50,uM,8.61,CCC(=N\O)/C(C)=C/c1ccncc1,DMXZZBZXDMPWMC-VKTMSVCMSA-N
8011667,CHEMBL1944172,F,O=C1C2=C(NC(=S)NC2c2ccccc2)c2ccccc21,,CHEMBL1938315,2012,CHEMBL1939990,5.75,=,=,IC50,nM,1800.0,IC50,uM,1.8,O=C1C2=C(NC(=S)NC2c2ccccc2)c2ccccc21,BGQSZBPWPOXQTF-UHFFFAOYSA-N
8011679,CHEMBL1944172,F,O=C1C2=C(NC(=S)N[C@@H]2c2ccccc2)c2ccccc21,,CHEMBL1938315,2012,CHEMBL1939984,6.11,=,=,IC50,nM,770.0,IC50,uM,0.77,O=C1C2=C(NC(=S)N[C@@H]2c2ccccc2)c2ccccc21,BGQSZBPWPOXQTF-CQSZACIVSA-N
8011680,CHEMBL1944172,F,O=C1C2=C(NC(=S)N[C@H]2c2ccccc2)c2ccccc21,,CHEMBL1938315,2012,CHEMBL1939985,5.09,=,=,IC50,nM,8100.0,IC50,uM,8.1,O=C1C2=C(NC(=S)N[C@H]2c2ccccc2)c2ccccc21,BGQSZBPWPOXQTF-AWEZNQCLSA-N
8011681,CHEMBL1944172,F,O=C1C2=C(NC(=S)NC2c2ccccc2F)c2ccccc21,,CHEMBL1938315,2012,CHEMBL1939981,5.68,=,=,IC50,nM,2070.0,IC50,uM,2.07,O=C1C2=C(NC(=S)NC2c2ccccc2F)c2ccccc21,BOBUEKYDHRZMRK-UHFFFAOYSA-N
8011682,CHEMBL1944172,F,O=C1C2=C(NC(=S)NC2c2cccc(F)c2)c2ccccc21,,CHEMBL1938315,2012,CHEMBL1939982,5.96,=,=,IC50,nM,1100.0,IC50,uM,1.1,O=C1C2=C(NC(=S)NC2c2cccc(F)c2)c2ccccc21,UATUZHBLNDHYJN-UHFFFAOYSA-N
8011684,CHEMBL1944172,F,COc1cccc(C2NC(=S)NC3=C2C(=O)c2ccccc23)c1,,CHEMBL1938315,2012,CHEMBL1939978,6.89,=,=,IC50,nM,130.0,IC50,uM,0.13,COc1cccc(C2NC(=S)NC3=C2C(=O)c2ccccc23)c1,DRBIJLJBIZNBSI-UHFFFAOYSA-N
8011685,CHEMBL1944172,F,COc1ccc(C2NC(=S)NC3=C2C(=O)c2ccccc23)cc1,,CHEMBL1938315,2012,CHEMBL1939979,5.51,=,=,IC50,nM,3100.0,IC50,uM,3.1,COc1ccc(C2NC(=S)NC3=C2C(=O)c2ccccc23)cc1,NFNBZWYHKFLQAP-UHFFFAOYSA-N
8011686,CHEMBL1944172,F,O=C1C2=C(NC(=S)NC2c2cccc(Br)c2)c2ccccc21,,CHEMBL1938315,2012,CHEMBL1939980,6.3,=,=,IC50,nM,500.0,IC50,uM,0.5,O=C1C2=C(NC(=S)NC2c2cccc(Br)c2)c2ccccc21,SOYOXOXAXREIQP-UHFFFAOYSA-N
8011687,CHEMBL1944172,F,O=C1C2=C(NC(=S)NC2c2cccc(O)c2)c2ccccc21,,CHEMBL1938315,2012,CHEMBL1939976,6.19,=,=,IC50,nM,640.0,IC50,uM,0.64,O=C1C2=C(NC(=S)NC2c2cccc(O)c2)c2ccccc21,PUBSTYZERDDJIW-UHFFFAOYSA-N
8011688,CHEMBL1944172,F,O=C1C2=C(NC(=S)NC2c2cccc(CO)c2)c2ccccc21,,CHEMBL1938315,2012,CHEMBL1939977,6.15,=,=,IC50,nM,710.0,IC50,uM,0.71,O=C1C2=C(NC(=S)NC2c2cccc(CO)c2)c2ccccc21,AVZYAMPJJDVPDJ-UHFFFAOYSA-N
8011692,CHEMBL1944172,F,COc1cc(OC)cc(C2NC(=S)NC3=C2C(=O)c2ccccc23)c1,,CHEMBL1938315,2012,CHEMBL1939835,5.56,=,=,IC50,nM,2780.0,IC50,uM,2.78,COc1cc(OC)cc(C2NC(=S)NC3=C2C(=O)c2ccccc23)c1,LKBZHIMJQJYAHH-UHFFFAOYSA-N
8011693,CHEMBL1944172,F,CCCCOc1cccc(C2NC(=S)NC3=C2C(=O)c2ccccc23)c1,,CHEMBL1938315,2012,CHEMBL1939836,6.51,=,=,IC50,nM,310.0,IC50,uM,0.31,CCCCOc1cccc(C2NC(=S)NC3=C2C(=O)c2ccccc23)c1,UWMCTQWPZDKBJF-UHFFFAOYSA-N
8011694,CHEMBL1944172,F,COCCCOc1cccc(C2NC(=S)NC3=C2C(=O)c2ccccc23)c1,,CHEMBL1938315,2012,CHEMBL1939972,7.3,=,=,IC50,nM,50.0,IC50,uM,0.05,COCCCOc1cccc(C2NC(=S)NC3=C2C(=O)c2ccccc23)c1,DTVXBNDIMDRBBV-UHFFFAOYSA-N
8011695,CHEMBL1944172,F,O=C1C2=C(NC(=S)NC2c2cccc(OCCO)c2)c2ccccc21,,CHEMBL1938315,2012,CHEMBL1939832,6.68,=,=,IC50,nM,210.0,IC50,uM,0.21,O=C1C2=C(NC(=S)NC2c2cccc(OCCO)c2)c2ccccc21,NUSGVFGBRJCICH-UHFFFAOYSA-N
8011696,CHEMBL1944172,F,O=C1C2=C(NC(=S)NC2c2cccc(OCCCCO)c2)c2ccccc21,,CHEMBL1938315,2012,CHEMBL1939833,7.16,=,=,IC50,nM,70.0,IC50,uM,0.07,O=C1C2=C(NC(=S)NC2c2cccc(OCCCCO)c2)c2ccccc21,DPIVYZZBFLLVQT-UHFFFAOYSA-N
8011699,CHEMBL1944172,F,COc1ccc(Oc2cccc(C3NC(=S)NC4=C3C(=O)c3ccccc34)c2)cc1,,CHEMBL1938315,2012,CHEMBL1939831,5.82,=,=,IC50,nM,1500.0,IC50,uM,1.5,COc1ccc(Oc2cccc(C3NC(=S)NC4=C3C(=O)c3ccccc34)c2)cc1,TXPGGPGYHNTFCB-UHFFFAOYSA-N
8011700,CHEMBL1944172,F,COc1cccc([C@H]2NC(=S)NC3=C2C(=O)c2ccccc23)c1,,CHEMBL1938315,2012,CHEMBL1939828,7.12,=,=,IC50,nM,75.0,IC50,uM,0.075,COc1cccc([C@H]2NC(=S)NC3=C2C(=O)c2ccccc23)c1,DRBIJLJBIZNBSI-OAHLLOKOSA-N
8012612,CHEMBL1944172,F,COc1cccc(C2NC(=O)NC3=C2C(=O)c2ccccc23)c1,,CHEMBL1938315,2012,CHEMBL1939825,5.41,=,=,IC50,nM,3900.0,IC50,uM,3.9,COc1cccc(C2NC(=O)NC3=C2C(=O)c2ccccc23)c1,UBPCAFJGUWNEMN-UHFFFAOYSA-N
8012613,CHEMBL1944172,F,COCCCOc1cccc([C@H]2NC(=S)NC3=C2C(=O)c2ccccc23)c1,,CHEMBL1938315,2012,CHEMBL1939826,7.89,=,=,IC50,nM,13.0,IC50,uM,0.013,COCCCOc1cccc([C@H]2NC(=S)NC3=C2C(=O)c2ccccc23)c1,DTVXBNDIMDRBBV-GOSISDBHSA-N
8012615,CHEMBL1944172,F,COCCCOc1cccc(C2NC(=O)NC3=C2C(=O)c2ccccc23)c1,,CHEMBL1938315,2012,CHEMBL1939823,5.77,=,=,IC50,nM,1700.0,IC50,uM,1.7,COCCCOc1cccc(C2NC(=O)NC3=C2C(=O)c2ccccc23)c1,HNEVLTMGONUBIF-UHFFFAOYSA-N
8012617,CHEMBL1944172,F,COc1cccc(C2NC(=S)N(C)C3=C2C(=O)c2ccccc23)c1,,CHEMBL1938315,2012,CHEMBL1939822,7.07,=,=,IC50,nM,85.0,IC50,uM,0.085,COc1cccc(C2NC(=S)N(C)C3=C2C(=O)c2ccccc23)c1,XYGCJFPIVHXCSK-UHFFFAOYSA-N
8020977,CHEMBL1949457,F,CC(C)c1ccc(NC(=O)Cn2cnc3c2c(=O)n(C)c(=O)n3C)cc1,,CHEMBL1944607,2012,CHEMBL1086310,5.75,=,=,IC50,nM,1800.0,IC50,uM,1.8,CC(C)c1ccc(NC(=O)Cn2cnc3c2c(=O)n(C)c(=O)n3C)cc1,HEQDZPHDVAOBLN-UHFFFAOYSA-N
8020978,CHEMBL1949457,F,CC(=C\c1ccc(Cl)cc1)/C(C)=N/O,,CHEMBL1944607,2012,CHEMBL593902,5.66,=,=,IC50,nM,2200.0,IC50,uM,2.2,CC(=C\c1ccc(Cl)cc1)/C(C)=N/O,MHTJEUOFLVQMCL-NJHPPEEMSA-N
8020979,CHEMBL1949457,F,COc1cccc(C2NC(=S)NC3=C2C(=O)c2ccccc23)c1,,CHEMBL1944607,2012,CHEMBL1939978,5.82,=,=,IC50,nM,1500.0,IC50,uM,1.5,COc1cccc(C2NC(=S)NC3=C2C(=O)c2ccccc23)c1,DRBIJLJBIZNBSI-UHFFFAOYSA-N
8020980,CHEMBL1949457,F,Cn1c(=O)c2c(ccn2CC(=O)Nc2ccc(F)cc2)n(C)c1=O,,CHEMBL1944607,2012,CHEMBL1947272,5.51,=,=,IC50,nM,3100.0,IC50,uM,3.1,Cn1c(=O)c2c(ccn2CC(=O)Nc2ccc(F)cc2)n(C)c1=O,HYIWRGKOWKOPHN-UHFFFAOYSA-N
8020981,CHEMBL1949457,F,Cn1c(=O)c2c(ccn2CC(=O)Nc2ccc(I)cc2)n(C)c1=O,,CHEMBL1944607,2012,CHEMBL1947275,5.75,=,=,IC50,nM,1800.0,IC50,uM,1.8,Cn1c(=O)c2c(ccn2CC(=O)Nc2ccc(I)cc2)n(C)c1=O,JJIYFRHWAJSTRT-UHFFFAOYSA-N
8020982,CHEMBL1949457,F,Cn1c(=O)c2c(ccn2CC(=O)Nc2ccc(C(F)(F)F)cc2)n(C)c1=O,,CHEMBL1944607,2012,CHEMBL1944838,6.4,=,=,IC50,nM,400.0,IC50,uM,0.4,Cn1c(=O)c2c(ccn2CC(=O)Nc2ccc(C(F)(F)F)cc2)n(C)c1=O,XTJCMZFNEXELMO-UHFFFAOYSA-N
8020983,CHEMBL1949457,F,Cn1c(=O)c2c(ccn2CC(=O)Nc2ccc(OC(F)(F)F)cc2)n(C)c1=O,,CHEMBL1944607,2012,CHEMBL1944839,5.43,=,=,IC50,nM,3700.0,IC50,uM,3.7,Cn1c(=O)c2c(ccn2CC(=O)Nc2ccc(OC(F)(F)F)cc2)n(C)c1=O,SLXXZLZVLVMTHQ-UHFFFAOYSA-N
8020984,CHEMBL1949457,F,Cn1c(=O)c2c(ccn2CC(=O)Nc2ccc(C(C)(C)C)cc2)n(C)c1=O,,CHEMBL1944607,2012,CHEMBL1944845,5.51,=,=,IC50,nM,3100.0,IC50,uM,3.1,Cn1c(=O)c2c(ccn2CC(=O)Nc2ccc(C(C)(C)C)cc2)n(C)c1=O,LZLVNQUCQLQASZ-UHFFFAOYSA-N
8020985,CHEMBL1949457,F,CCCCc1ccc(NC(=O)Cn2ccc3c2c(=O)n(C)c(=O)n3C)cc1,,CHEMBL1944607,2012,CHEMBL1944846,5.96,=,=,IC50,nM,1100.0,IC50,uM,1.1,CCCCc1ccc(NC(=O)Cn2ccc3c2c(=O)n(C)c(=O)n3C)cc1,JVXGITYCCXGECN-UHFFFAOYSA-N
8020986,CHEMBL1949457,F,CCCCCCc1ccc(NC(=O)Cn2ccc3c2c(=O)n(C)c(=O)n3C)cc1,,CHEMBL1944607,2012,CHEMBL1944847,5.8,=,=,IC50,nM,1600.0,IC50,uM,1.6,CCCCCCc1ccc(NC(=O)Cn2ccc3c2c(=O)n(C)c(=O)n3C)cc1,ANSVBJGYIJAUDS-UHFFFAOYSA-N
8020987,CHEMBL1949457,F,Cn1c(=O)c2c(ccn2CC(=O)Nc2nc(-c3ccc(F)cc3)cs2)n(C)c1=O,,CHEMBL1944607,2012,CHEMBL1945689,5.39,=,=,IC50,nM,4100.0,IC50,uM,4.1,Cn1c(=O)c2c(ccn2CC(=O)Nc2nc(-c3ccc(F)cc3)cs2)n(C)c1=O,XXAJTWFMFVVGIN-UHFFFAOYSA-N
8020988,CHEMBL1949457,F,Cn1c(=O)c2c(ccn2CC(=O)Nc2nc(-c3ccc(C(F)(F)F)cc3)cs2)n(C)c1=O,,CHEMBL1944607,2012,CHEMBL1946119,5.68,=,=,IC50,nM,2100.0,IC50,uM,2.1,Cn1c(=O)c2c(ccn2CC(=O)Nc2nc(-c3ccc(C(F)(F)F)cc3)cs2)n(C)c1=O,SHLKDPMPLSENMB-UHFFFAOYSA-N
8020989,CHEMBL1949457,F,Cn1c(=O)c2c(ccn2CC(=O)Nc2nc(-c3ccc(F)c(C(F)(F)F)c3)cs2)n(C)c1=O,,CHEMBL1944607,2012,CHEMBL1946120,5.89,=,=,IC50,nM,1300.0,IC50,uM,1.3,Cn1c(=O)c2c(ccn2CC(=O)Nc2nc(-c3ccc(F)c(C(F)(F)F)c3)cs2)n(C)c1=O,DTXASEKLDRHEQO-UHFFFAOYSA-N
8020990,CHEMBL1949457,F,CCCCCCc1ccc(-c2csc(NC(=O)Cn3ccc4c3c(=O)n(C)c(=O)n4C)n2)cc1,,CHEMBL1944607,2012,CHEMBL1946121,5.58,=,=,IC50,nM,2600.0,IC50,uM,2.6,CCCCCCc1ccc(-c2csc(NC(=O)Cn3ccc4c3c(=O)n(C)c(=O)n4C)n2)cc1,AASDZFLETHTKKS-UHFFFAOYSA-N
8021064,CHEMBL1949463,F,COc1cccc(C2NC(=S)NC3=C2C(=O)c2ccccc23)c1,,CHEMBL1944607,2012,CHEMBL1939978,6.89,=,=,IC50,nM,128.0,IC50,nM,128.0,COc1cccc(C2NC(=S)NC3=C2C(=O)c2ccccc23)c1,DRBIJLJBIZNBSI-UHFFFAOYSA-N
10983799,CHEMBL2071976,F,CC(C)C(C)(NC(=O)c1ccccc1)C(=O)c1ccc(Cl)cc1,,CHEMBL2069204,2012,CHEMBL2071595,5.5,=,=,IC50,nM,3162.28,pIC50,,5.5,CC(C)C(C)(NC(=O)c1ccccc1)C(=O)c1ccc(Cl)cc1,OKTCWLWVPKWVHH-UHFFFAOYSA-N
10983801,CHEMBL2071976,F,O=C(NC(C(=O)c1ccc(Cl)cc1)C1CC1)c1ccccc1,,CHEMBL2069204,2012,CHEMBL2071593,5.7,=,=,IC50,nM,1995.26,pIC50,,5.7,O=C(NC(C(=O)c1ccc(Cl)cc1)C1CC1)c1ccccc1,JGBBKLTUEVDXPM-UHFFFAOYSA-N
10983802,CHEMBL2071976,F,CC(C)(C)C(NC(=O)c1ccccc1)C(=O)c1ccc(Cl)cc1,,CHEMBL2069204,2012,CHEMBL2071592,6.0,=,=,IC50,nM,1000.0,pIC50,,6.0,CC(C)(C)C(NC(=O)c1ccccc1)C(=O)c1ccc(Cl)cc1,OSRJLGOOPNGZRD-UHFFFAOYSA-N
10983803,CHEMBL2071976,F,CC(C)C(NC(=O)OC(C)(C)C)C(=O)c1ccc(Cl)cn1,,CHEMBL2069204,2012,CHEMBL2071591,5.3,=,=,IC50,nM,5011.87,pIC50,,5.3,CC(C)C(NC(=O)OC(C)(C)C)C(=O)c1ccc(Cl)cn1,JYVPQGZHLMFNTN-UHFFFAOYSA-N
10983804,CHEMBL2071976,F,CC(C)C(NC(=O)OC(C)(C)C)C(=O)c1ccc(C#N)c(F)c1,,CHEMBL2069204,2012,CHEMBL2071590,5.9,=,=,IC50,nM,1258.93,pIC50,,5.9,CC(C)C(NC(=O)OC(C)(C)C)C(=O)c1ccc(C#N)c(F)c1,XOFOPCOUHWLPJL-UHFFFAOYSA-N
10983805,CHEMBL2071976,F,CC(C)C(NC(=O)OC(C)(C)C)C(=O)c1ccc(C#N)cc1,,CHEMBL2069204,2012,CHEMBL2071589,5.2,=,=,IC50,nM,6309.57,pIC50,,5.2,CC(C)C(NC(=O)OC(C)(C)C)C(=O)c1ccc(C#N)cc1,LZAWPGLJCUXQOP-UHFFFAOYSA-N
10983806,CHEMBL2071976,F,CC(C)C(NC(=O)OC(C)(C)C)C(=O)c1ccc(Cl)cc1,,CHEMBL2069204,2012,CHEMBL2071588,6.0,=,=,IC50,nM,1000.0,pIC50,,6.0,CC(C)C(NC(=O)OC(C)(C)C)C(=O)c1ccc(Cl)cc1,QNZKHXHWRNJPBD-UHFFFAOYSA-N
10983807,CHEMBL2071976,F,CC(C)C(NC(=O)NC(C)(C)C)C(=O)c1ccc(Cl)cc1,,CHEMBL2069204,2012,CHEMBL2071587,5.7,=,=,IC50,nM,1995.26,pIC50,,5.7,CC(C)C(NC(=O)NC(C)(C)C)C(=O)c1ccc(Cl)cc1,OPWGBOAEYGMIKX-UHFFFAOYSA-N
10983808,CHEMBL2071976,F,CC(C)C(NC(=O)N(C)C(C)(C)C)C(=O)c1ccc(Cl)cc1,,CHEMBL2069204,2012,CHEMBL2071586,6.6,=,=,IC50,nM,251.19,pIC50,,6.6,CC(C)C(NC(=O)N(C)C(C)(C)C)C(=O)c1ccc(Cl)cc1,RAQSTFBWMXLVQS-UHFFFAOYSA-N
10983809,CHEMBL2071976,F,CC(C)C(NC(=O)N(C)C(C)(C)C)C(=O)c1ccc(C#N)cc1,,CHEMBL2069204,2012,CHEMBL2071585,5.4,=,=,IC50,nM,3981.07,pIC50,,5.4,CC(C)C(NC(=O)N(C)C(C)(C)C)C(=O)c1ccc(C#N)cc1,OYCZSQKUKRDHOU-UHFFFAOYSA-N
10983810,CHEMBL2071976,F,CC(C)C(NC(=O)N1CCc2ccccc2C1)C(=O)c1ccc(C#N)cc1,,CHEMBL2069204,2012,CHEMBL2071584,5.3,=,=,IC50,nM,5011.87,pIC50,,5.3,CC(C)C(NC(=O)N1CCc2ccccc2C1)C(=O)c1ccc(C#N)cc1,ICZZSPAOWPLMSA-UHFFFAOYSA-N
10983813,CHEMBL2071976,F,CCCCCCCCCC(=O)NC(C(=O)c1ccc(C#N)cc1)C(C)C,,CHEMBL2069204,2012,CHEMBL2071513,5.7,=,=,IC50,nM,1995.26,pIC50,,5.7,CCCCCCCCCC(=O)NC(C(=O)c1ccc(C#N)cc1)C(C)C,JEZYRPUMEHJVEN-UHFFFAOYSA-N
10983814,CHEMBL2071976,F,CC(C)C(NC(=O)c1cc2ccccc2n1C)C(=O)c1ccc(C#N)cc1,,CHEMBL2069204,2012,CHEMBL2071512,5.4,=,=,IC50,nM,3981.07,pIC50,,5.4,CC(C)C(NC(=O)c1cc2ccccc2n1C)C(=O)c1ccc(C#N)cc1,VPUPKQJXPYSPGR-UHFFFAOYSA-N
10983815,CHEMBL2071976,F,Cc1noc(C(C)C)c1C(=O)NC(C(=O)c1ccc(C#N)cc1)C(C)C,,CHEMBL2069204,2012,CHEMBL2071511,5.8,=,=,IC50,nM,1584.89,pIC50,,5.8,Cc1noc(C(C)C)c1C(=O)NC(C(=O)c1ccc(C#N)cc1)C(C)C,UXGWCMBTDPTQJV-UHFFFAOYSA-N
10983816,CHEMBL2071976,F,Cc1noc(-c2ccccc2)c1C(=O)NC(C(=O)c1ccc(C#N)cc1)C(C)C,,CHEMBL2069204,2012,CHEMBL2071510,5.1,=,=,IC50,nM,7943.28,pIC50,,5.1,Cc1noc(-c2ccccc2)c1C(=O)NC(C(=O)c1ccc(C#N)cc1)C(C)C,FUKPSYBHXMJTPH-UHFFFAOYSA-N
10983817,CHEMBL2071976,F,CC(C)C(NC(=O)c1cnoc1C(C)(C)C)C(=O)c1ccc(C#N)cc1,,CHEMBL2069204,2012,CHEMBL2071509,6.0,=,=,IC50,nM,1000.0,pIC50,,6.0,CC(C)C(NC(=O)c1cnoc1C(C)(C)C)C(=O)c1ccc(C#N)cc1,KUOPDXDRBGFUSS-UHFFFAOYSA-N
10983818,CHEMBL2071976,F,CC(C)C(NC(=O)c1ccccc1C(F)(F)F)C(=O)c1ccc(C#N)cc1,,CHEMBL2069204,2012,CHEMBL2071508,5.5,=,=,IC50,nM,3162.28,pIC50,,5.5,CC(C)C(NC(=O)c1ccccc1C(F)(F)F)C(=O)c1ccc(C#N)cc1,RFWQIWOJUKZICG-UHFFFAOYSA-N
10983819,CHEMBL2071976,F,CC(C)C(NC(=O)c1cc(Cl)ccc1C(F)(F)F)C(=O)c1ccc(C#N)cc1,,CHEMBL2069204,2012,CHEMBL2071507,6.4,=,=,IC50,nM,398.11,pIC50,,6.4,CC(C)C(NC(=O)c1cc(Cl)ccc1C(F)(F)F)C(=O)c1ccc(C#N)cc1,GDCSGNPQQSANAH-UHFFFAOYSA-N
10983821,CHEMBL2071976,F,CC(C)C(NC(=O)c1ccc(Cl)cc1F)C(=O)c1ccc(C#N)cc1,,CHEMBL2069204,2012,CHEMBL2071505,5.5,=,=,IC50,nM,3162.28,pIC50,,5.5,CC(C)C(NC(=O)c1ccc(Cl)cc1F)C(=O)c1ccc(C#N)cc1,JGPICCTXSJGRDH-UHFFFAOYSA-N
10983822,CHEMBL2071976,F,CC(C)C(NC(=O)c1ccc(Cl)cc1Cl)C(=O)c1ccc(C#N)cc1,,CHEMBL2069204,2012,CHEMBL2071504,5.3,=,=,IC50,nM,5011.87,pIC50,,5.3,CC(C)C(NC(=O)c1ccc(Cl)cc1Cl)C(=O)c1ccc(C#N)cc1,PHNSUXWWTIXLNZ-UHFFFAOYSA-N
10983823,CHEMBL2071976,F,COc1ccc(C(=O)NC(C(=O)c2ccc(C#N)cc2)C(C)C)cc1,,CHEMBL2069204,2012,CHEMBL2071503,4.9,=,=,IC50,nM,12589.25,pIC50,,4.9,COc1ccc(C(=O)NC(C(=O)c2ccc(C#N)cc2)C(C)C)cc1,MWEJPRYWFKNEQK-UHFFFAOYSA-N
10983824,CHEMBL2071976,F,CC(C)C(NC(=O)c1ccc(Cl)cc1)C(=O)c1ccc(C#N)cc1,,CHEMBL2069204,2012,CHEMBL2071502,6.4,=,=,IC50,nM,398.11,pIC50,,6.4,CC(C)C(NC(=O)c1ccc(Cl)cc1)C(=O)c1ccc(C#N)cc1,QXOZMIUQRZZTIE-UHFFFAOYSA-N
10983828,CHEMBL2071976,F,CC(C)C(NC(=O)c1ccccc1)C(=O)c1ccc(C#N)cc1,,CHEMBL2069204,2012,CHEMBL2071498,5.4,=,=,IC50,nM,3981.07,pIC50,,5.4,CC(C)C(NC(=O)c1ccccc1)C(=O)c1ccc(C#N)cc1,SDKINESYISJNHI-UHFFFAOYSA-N
10983829,CHEMBL2071976,F,CC(C)C(NC(=O)c1ccccc1)C(=O)c1ccc(Cl)c(Cl)c1,,CHEMBL2069204,2012,CHEMBL2071497,5.4,=,=,IC50,nM,3981.07,pIC50,,5.4,CC(C)C(NC(=O)c1ccccc1)C(=O)c1ccc(Cl)c(Cl)c1,KEQCKEFNTDXKBN-UHFFFAOYSA-N
10983831,CHEMBL2071976,F,CC(C)C(NC(=O)c1ccccc1)C(=O)c1ccc(Br)cc1,,CHEMBL2069204,2012,CHEMBL2071495,5.1,=,=,IC50,nM,7943.28,pIC50,,5.1,CC(C)C(NC(=O)c1ccccc1)C(=O)c1ccc(Br)cc1,DKKPQUFSNQFNET-UHFFFAOYSA-N
10983833,CHEMBL2071976,F,CC(C)C(NC(=O)c1ccccc1)C(=O)c1ccc(Cl)cc1,,CHEMBL2069204,2012,CHEMBL2071494,6.0,=,=,IC50,nM,1000.0,pIC50,,6.0,CC(C)C(NC(=O)c1ccccc1)C(=O)c1ccc(Cl)cc1,JKROEASKFSYUDV-UHFFFAOYSA-N
10983834,CHEMBL2071976,F,CC(C)C(NC(=O)c1ccccc1)C(=O)c1ccc(Cl)cc1,,CHEMBL2069204,2012,CHEMBL2071494,5.6,=,=,IC50,nM,2511.89,pIC50,,5.6,CC(C)C(NC(=O)c1ccccc1)C(=O)c1ccc(Cl)cc1,JKROEASKFSYUDV-UHFFFAOYSA-N
10983835,CHEMBL2071976,F,CC(C)C(NC(=O)c1ccccc1)C(=O)c1ccc(F)cc1,,CHEMBL2069204,2012,CHEMBL2071493,5.3,=,=,IC50,nM,5011.87,pIC50,,5.3,CC(C)C(NC(=O)c1ccccc1)C(=O)c1ccc(F)cc1,XNPOFWWRLXGGEI-UHFFFAOYSA-N
10983837,CHEMBL2071976,F,CC(C)C(NC(=O)c1ccccc1)C(=O)c1ccc([N+](=O)[O-])cc1,,CHEMBL2069204,2012,CHEMBL2071491,6.5,=,=,IC50,nM,316.23,pIC50,,6.5,CC(C)C(NC(=O)c1ccccc1)C(=O)c1ccc([N+](=O)[O-])cc1,VMNVUJVEHZEIDG-UHFFFAOYSA-N
10983838,CHEMBL2071975,F,CC(C)C(NC(=O)c1cc(Cl)ccc1C(F)(F)F)C(=O)c1ccc([N+](=O)[O-])cc1,,CHEMBL2069204,2012,CHEMBL2071601,8.0,=,=,IC50,nM,10.0,pIC50,,8.0,CC(C)C(NC(=O)c1cc(Cl)ccc1C(F)(F)F)C(=O)c1ccc([N+](=O)[O-])cc1,SJAIVGYRWIRMMF-UHFFFAOYSA-N
10983839,CHEMBL2071975,F,CC(C)C(NC(=O)c1cnn(C(C)(C)C)c1C(F)(F)F)C(=O)c1ccc2nonc2c1,,CHEMBL2069204,2012,CHEMBL2071600,6.4,=,=,IC50,nM,398.11,pIC50,,6.4,CC(C)C(NC(=O)c1cnn(C(C)(C)C)c1C(F)(F)F)C(=O)c1ccc2nonc2c1,QZOIMDCJCAKBGQ-UHFFFAOYSA-N
10983840,CHEMBL2071975,F,Cc1noc(C(C)C)c1C(=O)NC(C(=O)c1ccc(C#N)c(F)c1)C(C)(C)C,,CHEMBL2069204,2012,CHEMBL2071599,6.7,=,=,IC50,nM,199.53,pIC50,,6.7,Cc1noc(C(C)C)c1C(=O)NC(C(=O)c1ccc(C#N)c(F)c1)C(C)(C)C,LBCLKSUDHMQCPT-UHFFFAOYSA-N
10983846,CHEMBL2071975,F,O=C(NC(C(=O)c1ccc(Cl)cc1)C1CC1)c1ccccc1,,CHEMBL2069204,2012,CHEMBL2071593,5.7,=,=,IC50,nM,1995.26,pIC50,,5.7,O=C(NC(C(=O)c1ccc(Cl)cc1)C1CC1)c1ccccc1,JGBBKLTUEVDXPM-UHFFFAOYSA-N
10983847,CHEMBL2071975,F,CC(C)(C)C(NC(=O)c1ccccc1)C(=O)c1ccc(Cl)cc1,,CHEMBL2069204,2012,CHEMBL2071592,6.4,=,=,IC50,nM,398.11,pIC50,,6.4,CC(C)(C)C(NC(=O)c1ccccc1)C(=O)c1ccc(Cl)cc1,OSRJLGOOPNGZRD-UHFFFAOYSA-N
10983848,CHEMBL2071975,F,CC(C)C(NC(=O)OC(C)(C)C)C(=O)c1ccc(Cl)cn1,,CHEMBL2069204,2012,CHEMBL2071591,4.8,=,=,IC50,nM,15848.93,pIC50,,4.8,CC(C)C(NC(=O)OC(C)(C)C)C(=O)c1ccc(Cl)cn1,JYVPQGZHLMFNTN-UHFFFAOYSA-N
10983849,CHEMBL2071975,F,CC(C)C(NC(=O)OC(C)(C)C)C(=O)c1ccc(C#N)c(F)c1,,CHEMBL2069204,2012,CHEMBL2071590,5.7,=,=,IC50,nM,1995.26,pIC50,,5.7,CC(C)C(NC(=O)OC(C)(C)C)C(=O)c1ccc(C#N)c(F)c1,XOFOPCOUHWLPJL-UHFFFAOYSA-N
10983850,CHEMBL2071975,F,CC(C)C(NC(=O)OC(C)(C)C)C(=O)c1ccc(C#N)cc1,,CHEMBL2069204,2012,CHEMBL2071589,5.6,=,=,IC50,nM,2511.89,pIC50,,5.6,CC(C)C(NC(=O)OC(C)(C)C)C(=O)c1ccc(C#N)cc1,LZAWPGLJCUXQOP-UHFFFAOYSA-N
10983851,CHEMBL2071975,F,CC(C)C(NC(=O)OC(C)(C)C)C(=O)c1ccc(Cl)cc1,,CHEMBL2069204,2012,CHEMBL2071588,6.1,=,=,IC50,nM,794.33,pIC50,,6.1,CC(C)C(NC(=O)OC(C)(C)C)C(=O)c1ccc(Cl)cc1,QNZKHXHWRNJPBD-UHFFFAOYSA-N
10983852,CHEMBL2071975,F,CC(C)C(NC(=O)NC(C)(C)C)C(=O)c1ccc(Cl)cc1,,CHEMBL2069204,2012,CHEMBL2071587,5.6,=,=,IC50,nM,2511.89,pIC50,,5.6,CC(C)C(NC(=O)NC(C)(C)C)C(=O)c1ccc(Cl)cc1,OPWGBOAEYGMIKX-UHFFFAOYSA-N
10983853,CHEMBL2071975,F,CC(C)C(NC(=O)N(C)C(C)(C)C)C(=O)c1ccc(Cl)cc1,,CHEMBL2069204,2012,CHEMBL2071586,6.2,=,=,IC50,nM,630.96,pIC50,,6.2,CC(C)C(NC(=O)N(C)C(C)(C)C)C(=O)c1ccc(Cl)cc1,RAQSTFBWMXLVQS-UHFFFAOYSA-N
10983855,CHEMBL2071975,F,CC(C)C(NC(=O)N1CCc2ccccc2C1)C(=O)c1ccc(C#N)cc1,,CHEMBL2069204,2012,CHEMBL2071584,5.3,=,=,IC50,nM,5011.87,pIC50,,5.3,CC(C)C(NC(=O)N1CCc2ccccc2C1)C(=O)c1ccc(C#N)cc1,ICZZSPAOWPLMSA-UHFFFAOYSA-N
10983858,CHEMBL2071975,F,CCCCCCCCCC(=O)NC(C(=O)c1ccc(C#N)cc1)C(C)C,,CHEMBL2069204,2012,CHEMBL2071513,6.0,=,=,IC50,nM,1000.0,pIC50,,6.0,CCCCCCCCCC(=O)NC(C(=O)c1ccc(C#N)cc1)C(C)C,JEZYRPUMEHJVEN-UHFFFAOYSA-N
10983859,CHEMBL2071975,F,CC(C)C(NC(=O)c1cc2ccccc2n1C)C(=O)c1ccc(C#N)cc1,,CHEMBL2069204,2012,CHEMBL2071512,5.8,=,=,IC50,nM,1584.89,pIC50,,5.8,CC(C)C(NC(=O)c1cc2ccccc2n1C)C(=O)c1ccc(C#N)cc1,VPUPKQJXPYSPGR-UHFFFAOYSA-N
10983860,CHEMBL2071975,F,Cc1noc(C(C)C)c1C(=O)NC(C(=O)c1ccc(C#N)cc1)C(C)C,,CHEMBL2069204,2012,CHEMBL2071511,5.7,=,=,IC50,nM,1995.26,pIC50,,5.7,Cc1noc(C(C)C)c1C(=O)NC(C(=O)c1ccc(C#N)cc1)C(C)C,UXGWCMBTDPTQJV-UHFFFAOYSA-N
10983861,CHEMBL2071975,F,Cc1noc(-c2ccccc2)c1C(=O)NC(C(=O)c1ccc(C#N)cc1)C(C)C,,CHEMBL2069204,2012,CHEMBL2071510,5.4,=,=,IC50,nM,3981.07,pIC50,,5.4,Cc1noc(-c2ccccc2)c1C(=O)NC(C(=O)c1ccc(C#N)cc1)C(C)C,FUKPSYBHXMJTPH-UHFFFAOYSA-N
10983862,CHEMBL2071975,F,CC(C)C(NC(=O)c1cnoc1C(C)(C)C)C(=O)c1ccc(C#N)cc1,,CHEMBL2069204,2012,CHEMBL2071509,6.3,=,=,IC50,nM,501.19,pIC50,,6.3,CC(C)C(NC(=O)c1cnoc1C(C)(C)C)C(=O)c1ccc(C#N)cc1,KUOPDXDRBGFUSS-UHFFFAOYSA-N
10983863,CHEMBL2071975,F,CC(C)C(NC(=O)c1ccccc1C(F)(F)F)C(=O)c1ccc(C#N)cc1,,CHEMBL2069204,2012,CHEMBL2071508,5.3,=,=,IC50,nM,5011.87,pIC50,,5.3,CC(C)C(NC(=O)c1ccccc1C(F)(F)F)C(=O)c1ccc(C#N)cc1,RFWQIWOJUKZICG-UHFFFAOYSA-N
10983864,CHEMBL2071975,F,CC(C)C(NC(=O)c1cc(Cl)ccc1C(F)(F)F)C(=O)c1ccc(C#N)cc1,,CHEMBL2069204,2012,CHEMBL2071507,6.5,=,=,IC50,nM,316.23,pIC50,,6.5,CC(C)C(NC(=O)c1cc(Cl)ccc1C(F)(F)F)C(=O)c1ccc(C#N)cc1,GDCSGNPQQSANAH-UHFFFAOYSA-N
10983865,CHEMBL2071975,F,CC(C)C(NC(=O)c1cc(Cl)ccc1F)C(=O)c1ccc(C#N)cc1,,CHEMBL2069204,2012,CHEMBL2071506,5.7,=,=,IC50,nM,1995.26,pIC50,,5.7,CC(C)C(NC(=O)c1cc(Cl)ccc1F)C(=O)c1ccc(C#N)cc1,LNRZVKYAWMXAPS-UHFFFAOYSA-N
10983866,CHEMBL2071975,F,CC(C)C(NC(=O)c1ccc(Cl)cc1F)C(=O)c1ccc(C#N)cc1,,CHEMBL2069204,2012,CHEMBL2071505,5.4,=,=,IC50,nM,3981.07,pIC50,,5.4,CC(C)C(NC(=O)c1ccc(Cl)cc1F)C(=O)c1ccc(C#N)cc1,JGPICCTXSJGRDH-UHFFFAOYSA-N
10983867,CHEMBL2071975,F,CC(C)C(NC(=O)c1ccc(Cl)cc1Cl)C(=O)c1ccc(C#N)cc1,,CHEMBL2069204,2012,CHEMBL2071504,5.6,=,=,IC50,nM,2511.89,pIC50,,5.6,CC(C)C(NC(=O)c1ccc(Cl)cc1Cl)C(=O)c1ccc(C#N)cc1,PHNSUXWWTIXLNZ-UHFFFAOYSA-N
10983868,CHEMBL2071975,F,COc1ccc(C(=O)NC(C(=O)c2ccc(C#N)cc2)C(C)C)cc1,,CHEMBL2069204,2012,CHEMBL2071503,5.2,=,=,IC50,nM,6309.57,pIC50,,5.2,COc1ccc(C(=O)NC(C(=O)c2ccc(C#N)cc2)C(C)C)cc1,MWEJPRYWFKNEQK-UHFFFAOYSA-N
10983876,CHEMBL2071975,F,CC(C)C(NC(=O)c1ccccc1)C(=O)c1ccc(Br)cc1,,CHEMBL2069204,2012,CHEMBL2071495,5.9,=,=,IC50,nM,1258.93,pIC50,,5.9,CC(C)C(NC(=O)c1ccccc1)C(=O)c1ccc(Br)cc1,DKKPQUFSNQFNET-UHFFFAOYSA-N
10983878,CHEMBL2071975,F,CC(C)C(NC(=O)c1ccccc1)C(=O)c1ccc(Cl)cc1,,CHEMBL2069204,2012,CHEMBL2071494,6.4,=,=,IC50,nM,398.11,pIC50,,6.4,CC(C)C(NC(=O)c1ccccc1)C(=O)c1ccc(Cl)cc1,JKROEASKFSYUDV-UHFFFAOYSA-N
10983879,CHEMBL2071975,F,CC(C)C(NC(=O)c1ccccc1)C(=O)c1ccc(Cl)cc1,,CHEMBL2069204,2012,CHEMBL2071494,5.9,=,=,IC50,nM,1258.93,pIC50,,5.9,CC(C)C(NC(=O)c1ccccc1)C(=O)c1ccc(Cl)cc1,JKROEASKFSYUDV-UHFFFAOYSA-N
10983880,CHEMBL2071975,F,CC(C)C(NC(=O)c1ccccc1)C(=O)c1ccc(F)cc1,,CHEMBL2069204,2012,CHEMBL2071493,5.1,=,=,IC50,nM,7943.28,pIC50,,5.1,CC(C)C(NC(=O)c1ccccc1)C(=O)c1ccc(F)cc1,XNPOFWWRLXGGEI-UHFFFAOYSA-N
10983882,CHEMBL2071975,F,CC(C)C(NC(=O)c1ccccc1)C(=O)c1ccc([N+](=O)[O-])cc1,,CHEMBL2069204,2012,CHEMBL2071491,6.6,=,=,IC50,nM,251.19,pIC50,,6.6,CC(C)C(NC(=O)c1ccccc1)C(=O)c1ccc([N+](=O)[O-])cc1,VMNVUJVEHZEIDG-UHFFFAOYSA-N
12662661,CHEMBL2328091,B,CC(C)c1ccc(NC(=O)Cn2cnc3c2c(=O)n(C)c(=O)n3C)cc1,,CHEMBL2321869,2013,CHEMBL1086310,5.21,=,=,IC50,nM,6200.0,IC50,uM,6.2,CC(C)c1ccc(NC(=O)Cn2cnc3c2c(=O)n(C)c(=O)n3C)cc1,HEQDZPHDVAOBLN-UHFFFAOYSA-N
13414154,CHEMBL2422134,B,Cc1sc(Nc2ccc(Cl)cc2F)nc1C(=O)N1CCC[C@H](C)[C@@H]1C,,CHEMBL2417435,2013,CHEMBL2418811,4.6,=,=,IC50,nM,25000.0,IC50,nM,25000.0,Cc1sc(Nc2ccc(Cl)cc2F)nc1C(=O)N1CCC[C@H](C)[C@@H]1C,ODUIXUGXPFKQLG-QWRGUYRKSA-N
13414155,CHEMBL2422134,B,Cc1ccc(Nc2nc(C(=O)N3CCCC(C)C3C)cs2)cc1,,CHEMBL2417435,2013,CHEMBL2418806,5.1,=,=,IC50,nM,8000.0,IC50,nM,8000.0,Cc1ccc(Nc2nc(C(=O)N3CCCC(C)C3C)cs2)cc1,YKFSMOUFOXUQLG-UHFFFAOYSA-N
13461082,CHEMBL2433975,B,CCC/C=C1\OC(=O)c2ccccc21,,CHEMBL2429801,2013,CHEMBL249592,4.64,=,=,IC50,nM,23000.0,IC50,uM,23.0,CCC/C=C1\OC(=O)c2ccccc21,WMBOCUXXNSOQHM-FLIBITNWSA-N
14552769,CHEMBL3222891,B,Cc1c(=O)n(Cc2ccccc2)c(=O)n2cc(C(=O)NCc3ccc4[nH]ccc4c3)sc12,,CHEMBL3217709,2012,CHEMBL3220224,6.17,=,=,IC50,nM,680.0,IC50,nM,680.0,Cc1c(=O)n(Cc2ccccc2)c(=O)n2cc(C(=O)NCc3ccc4[nH]ccc4c3)sc12,KTXXTAMHYVKIKC-UHFFFAOYSA-N
14552770,CHEMBL3222891,B,Cc1c(=O)n(Cc2ccccc2)c(=O)n2cc(C(=O)NCc3ccncc3)sc12,,CHEMBL3217709,2012,CHEMBL3220225,5.93,=,=,IC50,nM,1170.0,IC50,nM,1170.0,Cc1c(=O)n(Cc2ccccc2)c(=O)n2cc(C(=O)NCc3ccncc3)sc12,KZDJEUUOOISTHH-UHFFFAOYSA-N
14552771,CHEMBL3222891,B,Cc1ccc(CNC(=O)c2cn3c(=O)n(Cc4ccccc4)c(=O)c(C)c3s2)cc1,,CHEMBL3217709,2012,CHEMBL3220226,5.86,=,=,IC50,nM,1370.0,IC50,nM,1370.0,Cc1ccc(CNC(=O)c2cn3c(=O)n(Cc4ccccc4)c(=O)c(C)c3s2)cc1,PIJOIBMLUGHWEK-UHFFFAOYSA-N
14552772,CHEMBL3222891,B,Cc1c(=O)n(Cc2ccccc2)c(=O)n2cc(C(=O)NCc3ccc4nsnc4c3)sc12,,CHEMBL3217709,2012,CHEMBL3220227,5.84,=,=,IC50,nM,1460.0,IC50,nM,1460.0,Cc1c(=O)n(Cc2ccccc2)c(=O)n2cc(C(=O)NCc3ccc4nsnc4c3)sc12,JHGDJTAYURVRBX-UHFFFAOYSA-N
14552773,CHEMBL3222891,B,Cc1c(=O)n(Cc2ccccc2)c(=O)n2cc(C(=O)NCc3cccnc3)sc12,,CHEMBL3217709,2012,CHEMBL3220228,5.8,=,=,IC50,nM,1570.0,IC50,nM,1570.0,Cc1c(=O)n(Cc2ccccc2)c(=O)n2cc(C(=O)NCc3cccnc3)sc12,PDVLAYRROWUZQJ-UHFFFAOYSA-N
14552774,CHEMBL3222891,B,COc1cc(CNC(=O)c2cn3c(=O)n(Cc4ccccc4)c(=O)c(C)c3s2)ccn1,,CHEMBL3217709,2012,CHEMBL3220229,5.76,=,=,IC50,nM,1740.0,IC50,nM,1740.0,COc1cc(CNC(=O)c2cn3c(=O)n(Cc4ccccc4)c(=O)c(C)c3s2)ccn1,YNURNKHUOKGJKQ-UHFFFAOYSA-N
14552775,CHEMBL3222891,B,Cc1c(=O)n(Cc2ccccc2)c(=O)n2cc(C(=O)NCc3ccccc3)sc12,,CHEMBL3217709,2012,CHEMBL3220230,5.73,=,=,IC50,nM,1880.0,IC50,nM,1880.0,Cc1c(=O)n(Cc2ccccc2)c(=O)n2cc(C(=O)NCc3ccccc3)sc12,HKIUSPTWBXDTFJ-UHFFFAOYSA-N
14552776,CHEMBL3222891,B,Cc1c(=O)n(Cc2ccccc2)c(=O)n2cc(C(=O)NCc3ccc(F)cc3)sc12,,CHEMBL3217709,2012,CHEMBL3220231,5.65,=,=,IC50,nM,2230.0,IC50,nM,2230.0,Cc1c(=O)n(Cc2ccccc2)c(=O)n2cc(C(=O)NCc3ccc(F)cc3)sc12,LTAAZSNGZSIZQM-UHFFFAOYSA-N
14552777,CHEMBL3222891,B,Cc1c(=O)n(Cc2ccccc2)c(=O)n2cc(C(=O)NCc3ccc(Cl)cc3)sc12,,CHEMBL3217709,2012,CHEMBL3220232,5.65,=,=,IC50,nM,2230.0,IC50,nM,2230.0,Cc1c(=O)n(Cc2ccccc2)c(=O)n2cc(C(=O)NCc3ccc(Cl)cc3)sc12,VRIIXYBJLRKPFF-UHFFFAOYSA-N
14552778,CHEMBL3222891,B,Cc1c(=O)n(Cc2ccccc2)c(=O)n2cc(C(=O)NCc3ccccn3)sc12,,CHEMBL3217709,2012,CHEMBL3220448,5.46,=,=,IC50,nM,3490.0,IC50,nM,3490.0,Cc1c(=O)n(Cc2ccccc2)c(=O)n2cc(C(=O)NCc3ccccn3)sc12,YWTNZWTWPXOTMS-UHFFFAOYSA-N
14552779,CHEMBL3222891,B,Cc1c(=O)n(Cc2ccccc2)c(=O)n2cc(C(=O)N3CC[C@@H](Oc4ccccc4C(F)(F)F)C3)sc12,,CHEMBL3217709,2012,CHEMBL3220449,7.0,=,=,IC50,nM,100.0,IC50,nM,100.0,Cc1c(=O)n(Cc2ccccc2)c(=O)n2cc(C(=O)N3CC[C@@H](Oc4ccccc4C(F)(F)F)C3)sc12,BDMMXSHQKHUFKQ-GOSISDBHSA-N
14552780,CHEMBL3222891,B,Cc1c(=O)n(Cc2ccccc2)c(=O)n2cc(C(=O)N3CC[C@H](Oc4ccccc4C(F)(F)F)C3)sc12,,CHEMBL3217709,2012,CHEMBL3220450,6.82,=,=,IC50,nM,150.0,IC50,nM,150.0,Cc1c(=O)n(Cc2ccccc2)c(=O)n2cc(C(=O)N3CC[C@H](Oc4ccccc4C(F)(F)F)C3)sc12,BDMMXSHQKHUFKQ-SFHVURJKSA-N
14552781,CHEMBL3222891,B,Cc1c(=O)n(Cc2ccccc2)c(=O)n2cc(C(=O)N3CCC(Oc4ccccc4F)CC3)sc12,,CHEMBL3217709,2012,CHEMBL3220451,6.7,=,=,IC50,nM,200.0,IC50,nM,200.0,Cc1c(=O)n(Cc2ccccc2)c(=O)n2cc(C(=O)N3CCC(Oc4ccccc4F)CC3)sc12,MWNYBDMBUNWRDN-UHFFFAOYSA-N
14552782,CHEMBL3222891,B,Cc1c(=O)n(Cc2ccccc2)c(=O)n2cc(C(=O)N3CCC(Oc4cccc(Cl)c4)CC3)sc12,,CHEMBL3217709,2012,CHEMBL3220452,6.7,=,=,IC50,nM,200.0,IC50,nM,200.0,Cc1c(=O)n(Cc2ccccc2)c(=O)n2cc(C(=O)N3CCC(Oc4cccc(Cl)c4)CC3)sc12,OOEICVKLQRDYIY-UHFFFAOYSA-N
14552783,CHEMBL3222891,B,Cc1c(=O)n(Cc2ccccc2)c(=O)n2cc(C(=O)N3CCC(c4ccccc4F)CC3)sc12,,CHEMBL3217709,2012,CHEMBL3220453,6.4,=,=,IC50,nM,400.0,IC50,nM,400.0,Cc1c(=O)n(Cc2ccccc2)c(=O)n2cc(C(=O)N3CCC(c4ccccc4F)CC3)sc12,GZDAMVHUKQMRSK-UHFFFAOYSA-N
14750379,CHEMBL3299551,B,Clc1ccccc1-c1ccc2[nH]ncc2c1,,CHEMBL3297713,2014,CHEMBL3298235,5.91,=,=,IC50,nM,1230.0,IC50,uM,1.23,Clc1ccccc1-c1ccc2[nH]ncc2c1,WPNNDKHQYVORDG-UHFFFAOYSA-N
14750381,CHEMBL3299551,B,Fc1ccccc1-c1ccc2[nH]ncc2c1,,CHEMBL3297713,2014,CHEMBL3298237,5.4,=,=,IC50,nM,3950.0,IC50,uM,3.95,Fc1ccccc1-c1ccc2[nH]ncc2c1,OYUSSTRGYVQVEE-UHFFFAOYSA-N
14750382,CHEMBL3299551,B,Cc1ccccc1-c1ccc2[nH]ncc2c1,,CHEMBL3297713,2014,CHEMBL3298238,5.11,=,=,IC50,nM,7810.0,IC50,uM,7.81,Cc1ccccc1-c1ccc2[nH]ncc2c1,KXZXNLHJKUDAQF-UHFFFAOYSA-N
14750383,CHEMBL3299551,B,CCc1ccccc1-c1ccc2[nH]ncc2c1,,CHEMBL3297713,2014,CHEMBL3298239,6.23,=,=,IC50,nM,584.0,IC50,uM,0.584,CCc1ccccc1-c1ccc2[nH]ncc2c1,MSZQIMOHOGZARD-UHFFFAOYSA-N
14750384,CHEMBL3299551,B,CC(C)c1ccccc1-c1ccc2[nH]ncc2c1,,CHEMBL3297713,2014,CHEMBL3298240,6.29,=,=,IC50,nM,514.0,IC50,uM,0.514,CC(C)c1ccccc1-c1ccc2[nH]ncc2c1,GNHMXTAFCQXTQG-UHFFFAOYSA-N
14750385,CHEMBL3299551,B,CC(C)(C)c1ccccc1-c1ccc2[nH]ncc2c1,,CHEMBL3297713,2014,CHEMBL3298241,5.47,=,=,IC50,nM,3400.0,IC50,uM,3.4,CC(C)(C)c1ccccc1-c1ccc2[nH]ncc2c1,CISHPMUQLTYQDL-UHFFFAOYSA-N
14750386,CHEMBL3299551,B,FC(F)(F)c1ccccc1-c1ccc2[nH]ncc2c1,,CHEMBL3297713,2014,CHEMBL3298242,6.79,=,=,IC50,nM,164.0,IC50,uM,0.164,FC(F)(F)c1ccccc1-c1ccc2[nH]ncc2c1,PJYBQLCOMOPZIT-UHFFFAOYSA-N
14750387,CHEMBL3299551,B,FC(F)c1ccccc1-c1ccc2[nH]ncc2c1,,CHEMBL3297713,2014,CHEMBL3298243,5.66,=,=,IC50,nM,2200.0,IC50,uM,2.2,FC(F)c1ccccc1-c1ccc2[nH]ncc2c1,BMPXPBSETVIDSP-UHFFFAOYSA-N
14750388,CHEMBL3299551,B,FC(F)(F)Oc1ccccc1-c1ccc2[nH]ncc2c1,,CHEMBL3297713,2014,CHEMBL3298244,5.46,=,=,IC50,nM,3430.0,IC50,uM,3.43,FC(F)(F)Oc1ccccc1-c1ccc2[nH]ncc2c1,OARAWCIGFKPUOQ-UHFFFAOYSA-N
14750389,CHEMBL3299551,B,N#Cc1ccccc1-c1ccc2[nH]ncc2c1,,CHEMBL3297713,2014,CHEMBL3298245,5.89,=,=,IC50,nM,1290.0,IC50,uM,1.29,N#Cc1ccccc1-c1ccc2[nH]ncc2c1,UPRRZFSNUVXMOP-UHFFFAOYSA-N
14750390,CHEMBL3299551,B,Fc1cccc(-c2ccc3[nH]ncc3c2)c1C(F)(F)F,,CHEMBL3297713,2014,CHEMBL3298246,5.05,=,=,IC50,nM,8900.0,IC50,uM,8.9,Fc1cccc(-c2ccc3[nH]ncc3c2)c1C(F)(F)F,GCIFQXCKLWKXPI-UHFFFAOYSA-N
14750391,CHEMBL3299551,B,Fc1ccc(-c2ccc3[nH]ncc3c2)c(C(F)(F)F)c1,,CHEMBL3297713,2014,CHEMBL3298247,4.52,=,=,IC50,nM,30000.0,IC50,uM,30.0,Fc1ccc(-c2ccc3[nH]ncc3c2)c(C(F)(F)F)c1,HHCCDKWJHHNZND-UHFFFAOYSA-N
14750392,CHEMBL3299551,B,Fc1ccc(C(F)(F)F)c(-c2ccc3[nH]ncc3c2)c1,,CHEMBL3297713,2014,CHEMBL3298248,6.51,=,=,IC50,nM,306.0,IC50,uM,0.306,Fc1ccc(C(F)(F)F)c(-c2ccc3[nH]ncc3c2)c1,TVAIIHSCCMEHLG-UHFFFAOYSA-N
14750393,CHEMBL3299551,B,Fc1cccc(C(F)(F)F)c1-c1ccc2[nH]ncc2c1,,CHEMBL3297713,2014,CHEMBL3298249,5.91,=,=,IC50,nM,1230.0,IC50,uM,1.23,Fc1cccc(C(F)(F)F)c1-c1ccc2[nH]ncc2c1,PRDXUIGUMMDGBL-UHFFFAOYSA-N
14750394,CHEMBL3299551,B,Fc1c(-c2ccccc2C(F)(F)F)ccc2[nH]ncc12,,CHEMBL3297713,2014,CHEMBL3298250,6.53,=,=,IC50,nM,296.0,IC50,uM,0.296,Fc1c(-c2ccccc2C(F)(F)F)ccc2[nH]ncc12,XTEOOQGHFDZVDI-UHFFFAOYSA-N
14750395,CHEMBL3299551,B,Fc1cc2[nH]ncc2cc1-c1ccccc1C(F)(F)F,,CHEMBL3297713,2014,CHEMBL3298251,7.32,=,=,IC50,nM,48.0,IC50,uM,0.048,Fc1cc2[nH]ncc2cc1-c1ccccc1C(F)(F)F,YETYETHLQCIHEE-UHFFFAOYSA-N
14750396,CHEMBL3299551,B,Cc1n[nH]c2ccc(-c3ccccc3C(F)(F)F)cc12,,CHEMBL3297713,2014,CHEMBL3298252,5.51,=,=,IC50,nM,3090.0,IC50,uM,3.09,Cc1n[nH]c2ccc(-c3ccccc3C(F)(F)F)cc12,AZMMWBUQIXBLDU-UHFFFAOYSA-N
14750397,CHEMBL3299551,B,Cc1cc(-c2ccccc2C(F)(F)F)cc2cn[nH]c12,,CHEMBL3297713,2014,CHEMBL3298920,5.17,=,=,IC50,nM,6720.0,IC50,uM,6.72,Cc1cc(-c2ccccc2C(F)(F)F)cc2cn[nH]c12,BHLICBDDYVMRMM-UHFFFAOYSA-N
14750398,CHEMBL3299551,B,Cn1ncc2cc(-c3ccccc3C(F)(F)F)ccc21,,CHEMBL3297713,2014,CHEMBL3298921,5.13,=,=,IC50,nM,7410.0,IC50,uM,7.41,Cn1ncc2cc(-c3ccccc3C(F)(F)F)ccc21,TXKNNFBWMGCAIH-UHFFFAOYSA-N
14750399,CHEMBL3299551,B,FC(F)(F)c1ccccc1-c1cc2cn[nH]c2cc1Cl,,CHEMBL3297713,2014,CHEMBL3298922,7.62,=,=,IC50,nM,24.0,IC50,uM,0.024,FC(F)(F)c1ccccc1-c1cc2cn[nH]c2cc1Cl,BIWXFLAZRBTWMI-UHFFFAOYSA-N
14750400,CHEMBL3299551,B,Cc1cc2[nH]ncc2cc1-c1ccccc1C(F)(F)F,,CHEMBL3297713,2014,CHEMBL3298923,7.82,=,=,IC50,nM,15.0,IC50,uM,0.015,Cc1cc2[nH]ncc2cc1-c1ccccc1C(F)(F)F,NXFIEIXVSJMOQL-UHFFFAOYSA-N
14750401,CHEMBL3299551,B,CCc1cc2[nH]ncc2cc1-c1ccccc1C(F)(F)F,,CHEMBL3297713,2014,CHEMBL3298924,7.3,=,=,IC50,nM,50.0,IC50,uM,0.05,CCc1cc2[nH]ncc2cc1-c1ccccc1C(F)(F)F,WEDVMUWMFDQGFT-UHFFFAOYSA-N
14750402,CHEMBL3299551,B,CC(C)c1cc2[nH]ncc2cc1-c1ccccc1C(F)(F)F,,CHEMBL3297713,2014,CHEMBL3298925,4.59,=,=,IC50,nM,25400.0,IC50,uM,25.4,CC(C)c1cc2[nH]ncc2cc1-c1ccccc1C(F)(F)F,LMTHLRLOCUUWOQ-UHFFFAOYSA-N
14750403,CHEMBL3299551,B,FC(F)(F)c1ccccc1-c1cc2cn[nH]c2cc1C1CC1,,CHEMBL3297713,2014,CHEMBL3298926,7.21,=,=,IC50,nM,61.0,IC50,uM,0.061,FC(F)(F)c1ccccc1-c1cc2cn[nH]c2cc1C1CC1,CIACKZWBHIJWSD-UHFFFAOYSA-N
14750404,CHEMBL3299551,B,FC(F)c1cc2[nH]ncc2cc1-c1ccccc1C(F)(F)F,,CHEMBL3297713,2014,CHEMBL3298927,6.99,=,=,IC50,nM,103.0,IC50,uM,0.103,FC(F)c1cc2[nH]ncc2cc1-c1ccccc1C(F)(F)F,PVRXMDUFHCZPHZ-UHFFFAOYSA-N
14750405,CHEMBL3299551,B,COc1cc2[nH]ncc2cc1-c1ccccc1C(F)(F)F,,CHEMBL3297713,2014,CHEMBL3299019,7.58,=,=,IC50,nM,26.0,IC50,uM,0.026,COc1cc2[nH]ncc2cc1-c1ccccc1C(F)(F)F,PPHJNQDDPYIFET-UHFFFAOYSA-N
14750406,CHEMBL3299551,B,CCOc1cc2[nH]ncc2cc1-c1ccccc1C(F)(F)F,,CHEMBL3297713,2014,CHEMBL3299020,7.41,=,=,IC50,nM,39.0,IC50,uM,0.039,CCOc1cc2[nH]ncc2cc1-c1ccccc1C(F)(F)F,JROSFXIRTRVADR-UHFFFAOYSA-N
14750407,CHEMBL3299551,B,CC(C)Oc1cc2[nH]ncc2cc1-c1ccccc1C(F)(F)F,,CHEMBL3297713,2014,CHEMBL3299021,6.01,=,=,IC50,nM,970.0,IC50,uM,0.97,CC(C)Oc1cc2[nH]ncc2cc1-c1ccccc1C(F)(F)F,LFOVPEOOEVQMOM-UHFFFAOYSA-N
14750408,CHEMBL3299551,B,FC(F)(F)c1ccccc1-c1cc2cn[nH]c2cc1OCC1CC1,,CHEMBL3297713,2014,CHEMBL3299022,7.58,=,=,IC50,nM,26.0,IC50,uM,0.026,FC(F)(F)c1ccccc1-c1cc2cn[nH]c2cc1OCC1CC1,BZTMKWCWKFEAKS-UHFFFAOYSA-N
14750409,CHEMBL3299551,B,COCc1cc2[nH]ncc2cc1-c1ccccc1C(F)(F)F,,CHEMBL3297713,2014,CHEMBL3299023,6.85,=,=,IC50,nM,142.0,IC50,uM,0.142,COCc1cc2[nH]ncc2cc1-c1ccccc1C(F)(F)F,XYGZAZHAXFGQPR-UHFFFAOYSA-N
14750410,CHEMBL3299551,B,FC(F)(F)Oc1cc2[nH]ncc2cc1-c1ccccc1C(F)(F)F,,CHEMBL3297713,2014,CHEMBL3299024,7.44,=,=,IC50,nM,36.0,IC50,uM,0.036,FC(F)(F)Oc1cc2[nH]ncc2cc1-c1ccccc1C(F)(F)F,XOQQYLAKAJMBHH-UHFFFAOYSA-N
14750411,CHEMBL3299551,B,FC(F)Oc1cc2[nH]ncc2cc1-c1ccccc1C(F)(F)F,,CHEMBL3297713,2014,CHEMBL3299025,7.3,=,=,IC50,nM,50.0,IC50,uM,0.05,FC(F)Oc1cc2[nH]ncc2cc1-c1ccccc1C(F)(F)F,BCXNWQDMUUSORS-UHFFFAOYSA-N
14750412,CHEMBL3299551,B,N#Cc1cc2[nH]ncc2cc1-c1ccccc1C(F)(F)F,,CHEMBL3297713,2014,CHEMBL3299026,6.89,=,=,IC50,nM,129.0,IC50,uM,0.129,N#Cc1cc2[nH]ncc2cc1-c1ccccc1C(F)(F)F,KXWZZRHVIAVSMX-UHFFFAOYSA-N
14750524,CHEMBL3299560,B,FC(F)(F)c1ccccc1-c1ccc2[nH]ncc2c1,,CHEMBL3297713,2014,CHEMBL3298242,7.08,=,=,IC50,nM,84.0,IC50,uM,0.084,FC(F)(F)c1ccccc1-c1ccc2[nH]ncc2c1,PJYBQLCOMOPZIT-UHFFFAOYSA-N
14750526,CHEMBL3299560,B,Cc1cc2[nH]ncc2cc1-c1ccccc1C(F)(F)F,,CHEMBL3297713,2014,CHEMBL3298923,7.75,=,=,IC50,nM,18.0,IC50,uM,0.018,Cc1cc2[nH]ncc2cc1-c1ccccc1C(F)(F)F,NXFIEIXVSJMOQL-UHFFFAOYSA-N
14750528,CHEMBL3299561,B,FC(F)(F)c1ccccc1-c1ccc2[nH]ncc2c1,,CHEMBL3297713,2014,CHEMBL3298242,6.26,=,=,IC50,nM,550.0,IC50,uM,0.55,FC(F)(F)c1ccccc1-c1ccc2[nH]ncc2c1,PJYBQLCOMOPZIT-UHFFFAOYSA-N
14750530,CHEMBL3299561,B,Cc1cc2[nH]ncc2cc1-c1ccccc1C(F)(F)F,,CHEMBL3297713,2014,CHEMBL3298923,7.7,=,=,IC50,nM,20.0,IC50,uM,0.02,Cc1cc2[nH]ncc2cc1-c1ccccc1C(F)(F)F,NXFIEIXVSJMOQL-UHFFFAOYSA-N
14750579,CHEMBL3299550,B,CC(C)c1ccc(NC(=O)Cn2cnc3c2c(=O)n(C)c(=O)n3C)cc1,,CHEMBL3297713,2014,CHEMBL1086310,5.64,=,=,IC50,nM,2300.0,IC50,uM,2.3,CC(C)c1ccc(NC(=O)Cn2cnc3c2c(=O)n(C)c(=O)n3C)cc1,HEQDZPHDVAOBLN-UHFFFAOYSA-N
14756278,CHEMBL3300585,B,Fc1ccc(Oc2nccc3[nH]ccc23)cc1,,CHEMBL3297644,2014,CHEMBL3297778,6.51,=,=,IC50,nM,310.0,IC50,uM,0.31,Fc1ccc(Oc2nccc3[nH]ccc23)cc1,ISIATOZGACZZRA-UHFFFAOYSA-N
14756279,CHEMBL3300585,B,Fc1ccc(Oc2nccc3[nH]ccc23)c(F)c1,,CHEMBL3297644,2014,CHEMBL3298760,6.5,=,=,IC50,nM,320.0,IC50,uM,0.32,Fc1ccc(Oc2nccc3[nH]ccc23)c(F)c1,RELPPOJGGXOECP-UHFFFAOYSA-N
14756280,CHEMBL3300585,B,COc1cc2ccnc(Oc3ccc(F)cc3)c2cc1OC,,CHEMBL3297644,2014,CHEMBL3298322,6.48,=,=,IC50,nM,330.0,IC50,uM,0.33,COc1cc2ccnc(Oc3ccc(F)cc3)c2cc1OC,AHHGHXFTQVZBPO-UHFFFAOYSA-N
14756281,CHEMBL3300585,B,Fc1ccc(Oc2ncnc3[nH]ccc23)cc1,,CHEMBL3297644,2014,CHEMBL3298431,6.39,=,=,IC50,nM,410.0,IC50,uM,0.41,Fc1ccc(Oc2ncnc3[nH]ccc23)cc1,OSVVWQSAPRHYFQ-UHFFFAOYSA-N
14756282,CHEMBL3300585,B,Fc1ccc(Oc2ncnc3[nH]cc(Cl)c23)c(F)c1,,CHEMBL3297644,2014,CHEMBL3298584,6.2,=,=,IC50,nM,630.0,IC50,uM,0.63,Fc1ccc(Oc2ncnc3[nH]cc(Cl)c23)c(F)c1,OGPFIYLORKWHNT-UHFFFAOYSA-N
14756283,CHEMBL3300585,B,COc1cc2ccnc(Oc3ccc(F)cc3F)c2cc1OC,,CHEMBL3297644,2014,CHEMBL3297861,6.2,=,=,IC50,nM,630.0,IC50,uM,0.63,COc1cc2ccnc(Oc3ccc(F)cc3F)c2cc1OC,BUMGTYYOOSBBHW-UHFFFAOYSA-N
14756284,CHEMBL3300585,B,Cc1c[nH]c2ncnc(Oc3ccc(F)cc3F)c12,,CHEMBL3297644,2014,CHEMBL3298582,6.19,=,=,IC50,nM,650.0,IC50,uM,0.65,Cc1c[nH]c2ncnc(Oc3ccc(F)cc3F)c12,ZAGOOYBFBXAWFI-UHFFFAOYSA-N
14756285,CHEMBL3300585,B,Fc1ccc(Oc2ncnc3[nH]ccc23)c(F)c1,,CHEMBL3297644,2014,CHEMBL3298430,6.15,=,=,IC50,nM,710.0,IC50,uM,0.71,Fc1ccc(Oc2ncnc3[nH]ccc23)c(F)c1,KRKWCQHXZXSWFM-UHFFFAOYSA-N
14756286,CHEMBL3300585,B,Fc1ccc(Oc2cccc3[nH]ccc23)c(F)c1,,CHEMBL3297644,2014,CHEMBL3298690,5.96,=,=,IC50,nM,1100.0,IC50,uM,1.1,Fc1ccc(Oc2cccc3[nH]ccc23)c(F)c1,LKFOIEUPHQVDAK-UHFFFAOYSA-N
14756287,CHEMBL3300585,B,Fc1ccc(Oc2nccc3ccoc23)c(F)c1,,CHEMBL3297644,2014,CHEMBL3298761,5.96,=,=,IC50,nM,1100.0,IC50,uM,1.1,Fc1ccc(Oc2nccc3ccoc23)c(F)c1,WHCSBGLJMIAOLK-UHFFFAOYSA-N
14756288,CHEMBL3300585,B,Cc1cc2c(Oc3ccc(F)cc3F)ncnc2[nH]1,,CHEMBL3297644,2014,CHEMBL3298505,5.92,=,=,IC50,nM,1200.0,IC50,uM,1.2,Cc1cc2c(Oc3ccc(F)cc3F)ncnc2[nH]1,LWHBTYBHTYESIQ-UHFFFAOYSA-N
14756289,CHEMBL3300585,B,COc1cc2ncnc(Oc3ccc(F)cc3F)c2cc1OC,,CHEMBL3297644,2014,CHEMBL3297779,5.92,=,=,IC50,nM,1200.0,IC50,uM,1.2,COc1cc2ncnc(Oc3ccc(F)cc3F)c2cc1OC,UVSNLHFJAUUNSA-UHFFFAOYSA-N
14756291,CHEMBL3300585,B,COc1ccc2c(Oc3ccc(F)cc3F)nccc2c1,,CHEMBL3297644,2014,CHEMBL3298211,5.89,=,=,IC50,nM,1300.0,IC50,uM,1.3,COc1ccc2c(Oc3ccc(F)cc3F)nccc2c1,DJYLSUHLHQFDOE-UHFFFAOYSA-N
14756292,CHEMBL3300585,B,CCc1c[nH]c2ncnc(Oc3ccc(F)cc3F)c12,,CHEMBL3297644,2014,CHEMBL3298583,5.8,=,=,IC50,nM,1600.0,IC50,uM,1.6,CCc1c[nH]c2ncnc(Oc3ccc(F)cc3F)c12,NHXPTCSMIZELNE-UHFFFAOYSA-N
14756300,CHEMBL3300585,B,Cc1[nH]c2ncnc(Oc3ccc(F)cc3F)c2c1C,,CHEMBL3297644,2014,CHEMBL3298581,5.7,=,=,IC50,nM,2000.0,IC50,uM,2.0,Cc1[nH]c2ncnc(Oc3ccc(F)cc3F)c2c1C,HOLHRJJHGIWWPH-UHFFFAOYSA-N
14756303,CHEMBL3300585,B,Fc1ccc(Oc2nccc3occc23)c(F)c1,,CHEMBL3297644,2014,CHEMBL3297777,5.66,=,=,IC50,nM,2200.0,IC50,uM,2.2,Fc1ccc(Oc2nccc3occc23)c(F)c1,HGWAQHCIDNYZGS-UHFFFAOYSA-N
14756304,CHEMBL3300585,B,Fc1ccc(Oc2ncnc3[nH]cc(I)c23)c(F)c1,,CHEMBL3297644,2014,CHEMBL3298585,5.6,=,=,IC50,nM,2500.0,IC50,uM,2.5,Fc1ccc(Oc2ncnc3[nH]cc(I)c23)c(F)c1,APHAPQUZFADCCT-UHFFFAOYSA-N
14756305,CHEMBL3300585,B,Fc1cccc(Oc2ncnc3[nH]ccc23)c1F,,CHEMBL3297644,2014,CHEMBL3298499,5.57,=,=,IC50,nM,2700.0,IC50,uM,2.7,Fc1cccc(Oc2ncnc3[nH]ccc23)c1F,AJFUDTVIKFGQMS-UHFFFAOYSA-N
14756306,CHEMBL3300585,B,Fc1ccc(Oc2ncnc3[nH]ccc23)cc1F,,CHEMBL3297644,2014,CHEMBL3298500,5.52,=,=,IC50,nM,3000.0,IC50,uM,3.0,Fc1ccc(Oc2ncnc3[nH]ccc23)cc1F,MHVONIOEJOVODB-UHFFFAOYSA-N
14756307,CHEMBL3300585,B,COc1ccc2c(Oc3ccc(F)cc3F)ncnc2c1,,CHEMBL3297644,2014,CHEMBL3297780,5.52,=,=,IC50,nM,3000.0,IC50,uM,3.0,COc1ccc2c(Oc3ccc(F)cc3F)ncnc2c1,DKBGJIILYWWMRH-UHFFFAOYSA-N
14756309,CHEMBL3300585,B,Fc1ccc(Oc2nccc3ccccc23)c(F)c1,,CHEMBL3297644,2014,CHEMBL3298212,5.51,=,=,IC50,nM,3100.0,IC50,uM,3.1,Fc1ccc(Oc2nccc3ccccc23)c(F)c1,SPMLDYAYUULMCM-UHFFFAOYSA-N
14756310,CHEMBL3300585,B,c1ccc(Oc2ncnc3[nH]ccc23)cc1,,CHEMBL3297644,2014,CHEMBL3298432,5.5,=,=,IC50,nM,3200.0,IC50,uM,3.2,c1ccc(Oc2ncnc3[nH]ccc23)cc1,KUTXHEQBZVXQNL-UHFFFAOYSA-N
15035361,CHEMBL3364861,B,O=C(Nc1cc(NCc2cccs2)cc(C(F)(F)F)c1)c1cccs1,,CHEMBL3352245,2014,CHEMBL3311175,5.57,=,=,IC50,nM,2700.0,IC50,uM,2.7,O=C(Nc1cc(NCc2cccs2)cc(C(F)(F)F)c1)c1cccs1,RRTAHZNWVCULQP-UHFFFAOYSA-N
15035362,CHEMBL3364861,B,O=C(Nc1cc(NCc2ccccc2)cc(C(F)(F)F)c1)c1cccs1,,CHEMBL3352245,2014,CHEMBL3311176,5.54,=,=,IC50,nM,2900.0,IC50,uM,2.9,O=C(Nc1cc(NCc2ccccc2)cc(C(F)(F)F)c1)c1cccs1,ASHUQWDHMIZJFH-UHFFFAOYSA-N
15035363,CHEMBL3364861,B,O=C(Nc1cc(NCCc2ccccc2)cc(C(F)(F)F)c1)c1cccs1,,CHEMBL3352245,2014,CHEMBL3311177,5.41,=,=,IC50,nM,3900.0,IC50,uM,3.9,O=C(Nc1cc(NCCc2ccccc2)cc(C(F)(F)F)c1)c1cccs1,UVBNFRHQCIVIHZ-UHFFFAOYSA-N
15035364,CHEMBL3364861,B,COC(=O)Nc1cc(NC(=O)c2cccs2)cc(C(F)(F)F)c1,,CHEMBL3352245,2014,CHEMBL3311178,5.64,=,=,IC50,nM,2300.0,IC50,uM,2.3,COC(=O)Nc1cc(NC(=O)c2cccs2)cc(C(F)(F)F)c1,NXHKYBGXKCFXET-UHFFFAOYSA-N
15035366,CHEMBL3364861,B,CC(C)C(C)Nc1cc(NC(=O)c2cccs2)cc(C(F)(F)F)c1,,CHEMBL3352245,2014,CHEMBL3311180,5.89,=,=,IC50,nM,1300.0,IC50,uM,1.3,CC(C)C(C)Nc1cc(NC(=O)c2cccs2)cc(C(F)(F)F)c1,JJOTYXMTNZIMSZ-UHFFFAOYSA-N
15035367,CHEMBL3364861,B,CC(C)CNc1cc(NC(=O)c2cccs2)cc(C(F)(F)F)c1,,CHEMBL3352245,2014,CHEMBL3311181,6.1,=,=,IC50,nM,790.0,IC50,uM,0.79,CC(C)CNc1cc(NC(=O)c2cccs2)cc(C(F)(F)F)c1,AQIGJCZBZXSONM-UHFFFAOYSA-N
15035368,CHEMBL3364861,B,CCCNc1cc(NC(=O)c2cccs2)cc(C(F)(F)F)c1,,CHEMBL3352245,2014,CHEMBL3311182,6.41,=,=,IC50,nM,390.0,IC50,uM,0.39,CCCNc1cc(NC(=O)c2cccs2)cc(C(F)(F)F)c1,TZLVKUCIPMWSSF-UHFFFAOYSA-N
15035369,CHEMBL3364861,B,CC(C)Nc1cc(NC(=O)c2cccs2)cc(C(F)(F)F)c1,,CHEMBL3352245,2014,CHEMBL3311183,6.54,=,=,IC50,nM,290.0,IC50,uM,0.29,CC(C)Nc1cc(NC(=O)c2cccs2)cc(C(F)(F)F)c1,HJORVEMWTJKDDG-UHFFFAOYSA-N
15035370,CHEMBL3364861,B,CCCNc1cc(NC(=O)c2ccccc2)cc(C(F)(F)F)c1,,CHEMBL3352245,2014,CHEMBL3311184,6.7,=,=,IC50,nM,200.0,IC50,uM,0.2,CCCNc1cc(NC(=O)c2ccccc2)cc(C(F)(F)F)c1,CSKJIIXTWHNKSV-UHFFFAOYSA-N
15035378,CHEMBL3364861,B,CCCNc1cc(NC(=O)c2cccnc2)cc(C(F)(F)F)c1,,CHEMBL3352245,2014,CHEMBL3311186,6.03,=,=,IC50,nM,940.0,IC50,uM,0.94,CCCNc1cc(NC(=O)c2cccnc2)cc(C(F)(F)F)c1,BJZUYRRKPINCLY-UHFFFAOYSA-N
15035379,CHEMBL3364861,B,CCCNc1cc(NC(=O)c2ccncc2)cc(C(F)(F)F)c1,,CHEMBL3352245,2014,CHEMBL3311187,5.58,=,=,IC50,nM,2600.0,IC50,uM,2.6,CCCNc1cc(NC(=O)c2ccncc2)cc(C(F)(F)F)c1,JFAQOFLDBXAXAQ-UHFFFAOYSA-N
15035380,CHEMBL3364861,B,CCCNc1cc(NC(=O)c2ccc(F)cc2)cc(C(F)(F)F)c1,,CHEMBL3352245,2014,CHEMBL3311188,5.85,=,=,IC50,nM,1400.0,IC50,uM,1.4,CCCNc1cc(NC(=O)c2ccc(F)cc2)cc(C(F)(F)F)c1,FJEQNXSKGGBBDD-UHFFFAOYSA-N
15035381,CHEMBL3364861,B,CCCNc1cc(NC(=O)c2ccc(F)c(F)c2)cc(C(F)(F)F)c1,,CHEMBL3352245,2014,CHEMBL3311189,5.92,=,=,IC50,nM,1200.0,IC50,uM,1.2,CCCNc1cc(NC(=O)c2ccc(F)c(F)c2)cc(C(F)(F)F)c1,GKTBXBKXQXNSTC-UHFFFAOYSA-N
15035382,CHEMBL3364861,B,CCCNc1cc(NC(=O)c2c(F)cccc2F)cc(C(F)(F)F)c1,,CHEMBL3352245,2014,CHEMBL3311190,6.96,=,=,IC50,nM,110.0,IC50,uM,0.11,CCCNc1cc(NC(=O)c2c(F)cccc2F)cc(C(F)(F)F)c1,OOYSDFNECMAJEG-UHFFFAOYSA-N
15035390,CHEMBL3364861,B,CCNc1cc(NC(=O)c2c(F)cccc2F)cc(C(F)(F)F)c1,,CHEMBL3352245,2014,CHEMBL3311192,7.13,=,=,IC50,nM,74.0,IC50,uM,0.074,CCNc1cc(NC(=O)c2c(F)cccc2F)cc(C(F)(F)F)c1,DWZFXFKEACEOBD-UHFFFAOYSA-N
15035394,CHEMBL3364861,B,CC(C)Nc1cc(NC(=O)c2c(F)cccc2F)cc(C(F)(F)F)c1,,CHEMBL3352245,2014,CHEMBL3309280,7.04,=,=,IC50,nM,91.0,IC50,uM,0.091,CC(C)Nc1cc(NC(=O)c2c(F)cccc2F)cc(C(F)(F)F)c1,HTFLIVOZSFVGEJ-UHFFFAOYSA-N
15035401,CHEMBL3364861,B,CCCNc1cc(C)cc(NC(=O)c2c(F)cccc2F)c1,,CHEMBL3352245,2014,CHEMBL3311195,5.72,=,=,IC50,nM,1900.0,IC50,uM,1.9,CCCNc1cc(C)cc(NC(=O)c2c(F)cccc2F)c1,SMINZQWEKSNLMB-UHFFFAOYSA-N
15036193,CHEMBL3363074,B,COCCCOc1cccc([C@H]2NC(=S)NC3=C2C(=O)c2ccccc23)c1,,CHEMBL3352604,2014,CHEMBL1939826,7.58,=,=,IC50,nM,26.0,IC50,uM,0.026,COCCCOc1cccc([C@H]2NC(=S)NC3=C2C(=O)c2ccccc23)c1,DTVXBNDIMDRBBV-GOSISDBHSA-N
15036195,CHEMBL3363074,B,S=C1Nc2c(oc3ncccc23)C(c2cccc(OCc3cccnc3)c2)N1,,CHEMBL3352604,2014,CHEMBL3314490,6.03,=,=,IC50,nM,940.0,IC50,uM,0.94,S=C1Nc2c(oc3ncccc23)C(c2cccc(OCc3cccnc3)c2)N1,PCPHCZCRTIQJOL-UHFFFAOYSA-N
15036196,CHEMBL3363074,B,COCCCOc1cccc([C@H]2NC(=S)Nc3c2oc2ncccc32)c1,,CHEMBL3352604,2014,CHEMBL3314489,6.77,=,=,IC50,nM,170.0,IC50,uM,0.17,COCCCOc1cccc([C@H]2NC(=S)Nc3c2oc2ncccc32)c1,HVBOOIDXACFGEI-OAHLLOKOSA-N
15036197,CHEMBL3363074,B,COCCCOc1cccc(C2NC(=S)Nc3c2oc2c(F)cccc32)c1,,CHEMBL3352604,2014,CHEMBL3314488,6.7,=,=,IC50,nM,200.0,IC50,uM,0.2,COCCCOc1cccc(C2NC(=S)Nc3c2oc2c(F)cccc32)c1,QXBSEULNTNAFNO-UHFFFAOYSA-N
15036198,CHEMBL3363074,B,COCCCOc1cccc([C@H]2NC(=S)Nc3c2oc2ccccc32)c1,,CHEMBL3352604,2014,CHEMBL3314487,6.23,=,=,IC50,nM,590.0,IC50,uM,0.59,COCCCOc1cccc([C@H]2NC(=S)Nc3c2oc2ccccc32)c1,QWHBACLOOIUCGE-QGZVFWFLSA-N
15036199,CHEMBL3363074,B,O=C1C2=C(NC(=S)NC2c2cccc(OCc3ccccn3)c2)c2ccccc21,,CHEMBL3352604,2014,CHEMBL3314486,6.52,=,=,IC50,nM,300.0,IC50,uM,0.3,O=C1C2=C(NC(=S)NC2c2cccc(OCc3ccccn3)c2)c2ccccc21,HWJFTZKKBTVRHJ-UHFFFAOYSA-N
15036200,CHEMBL3363074,B,O=C1C2=C(NC(=S)NC2c2cccc(OCc3cccnc3)c2)c2ccccc21,,CHEMBL3352604,2014,CHEMBL3314485,6.15,=,=,IC50,nM,710.0,IC50,uM,0.71,O=C1C2=C(NC(=S)NC2c2cccc(OCc3cccnc3)c2)c2ccccc21,DZUUKSOAPLTGHW-UHFFFAOYSA-N
15036201,CHEMBL3363074,B,COCCCOc1cccc(C2NC(=S)NC3=C2C(=O)c2ccccc23)n1,,CHEMBL3352604,2014,CHEMBL3314484,6.01,=,=,IC50,nM,970.0,IC50,uM,0.97,COCCCOc1cccc(C2NC(=S)NC3=C2C(=O)c2ccccc23)n1,CBSZTXHMDYXAMD-UHFFFAOYSA-N
15036203,CHEMBL3363074,B,COCCCOc1cncc(C2NC(=S)NC3=C2C(=O)c2ccccc23)c1,,CHEMBL3352604,2014,CHEMBL3314482,5.92,=,=,IC50,nM,1200.0,IC50,uM,1.2,COCCCOc1cncc(C2NC(=S)NC3=C2C(=O)c2ccccc23)c1,VHFMFACYDKNZNT-UHFFFAOYSA-N
15036205,CHEMBL3363074,B,COCCCOc1cccc(C2NC(=S)NC3=C2C(=O)c2ccccc23)c1,,CHEMBL3352604,2014,CHEMBL1939972,7.52,=,=,IC50,nM,30.0,IC50,uM,0.03,COCCCOc1cccc(C2NC(=S)NC3=C2C(=O)c2ccccc23)c1,DTVXBNDIMDRBBV-UHFFFAOYSA-N
16433391,CHEMBL3757748,B,COc1ccc(/C=C/c2ccccc2)cc1,,CHEMBL3751759,2016,CHEMBL2387063,4.92,=,=,IC50,nM,12100.0,IC50,uM,12.1,COc1ccc(/C=C/c2ccccc2)cc1,XWYXLYCDZKRCAD-BQYQJAHWSA-N
16436129,CHEMBL3757221,B,Cc1cc(S(=O)(=O)N2[C@H](CO)CC[C@@H]2c2ccc(F)cc2)cc(C)c1F,,CHEMBL3751794,2016,CHEMBL3753909,7.2,=,=,IC50,nM,63.0,IC50,uM,0.063,Cc1cc(S(=O)(=O)N2[C@H](CO)CC[C@@H]2c2ccc(F)cc2)cc(C)c1F,DBZDCJRBMOZLQI-FUHWJXTLSA-N
16436130,CHEMBL3757221,B,Cc1cc(S(=O)(=O)N2CC(F)(F)C[C@@H]2c2ccc(F)cc2)cc(C)c1F,,CHEMBL3751794,2016,CHEMBL3753942,7.64,=,=,IC50,nM,23.0,IC50,uM,0.023,Cc1cc(S(=O)(=O)N2CC(F)(F)C[C@@H]2c2ccc(F)cc2)cc(C)c1F,CYQZMMUPORHDSC-MRXNPFEDSA-N
16436131,CHEMBL3757221,B,Cc1cc(S(=O)(=O)N2C[C@H](F)C[C@@H]2c2ccc(F)cc2)cc(C)c1F,,CHEMBL3751794,2016,CHEMBL3752895,6.42,=,=,IC50,nM,380.0,IC50,uM,0.38,Cc1cc(S(=O)(=O)N2C[C@H](F)C[C@@H]2c2ccc(F)cc2)cc(C)c1F,IWSOJDYXNTZUGK-NVXWUHKLSA-N
16436132,CHEMBL3757221,B,Cc1cc(S(=O)(=O)N2CC[C@@H](F)[C@@H]2c2ccc(F)cc2)cc(C)c1F,,CHEMBL3751794,2016,CHEMBL3754638,7.7,=,=,IC50,nM,20.0,IC50,uM,0.02,Cc1cc(S(=O)(=O)N2CC[C@@H](F)[C@@H]2c2ccc(F)cc2)cc(C)c1F,WVCGIOBBHJGFNT-AEFFLSMTSA-N
16436133,CHEMBL3757221,B,Cc1cc(S(=O)(=O)N2CCC[C@@H]2c2ccc(F)cc2)cc(C)c1F,,CHEMBL3751794,2016,CHEMBL3754351,6.96,=,=,IC50,nM,110.0,IC50,uM,0.11,Cc1cc(S(=O)(=O)N2CCC[C@@H]2c2ccc(F)cc2)cc(C)c1F,JFBNNBIUJWKGPM-QGZVFWFLSA-N
16436154,CHEMBL3757221,B,COC[C@@H]1CC[C@H](c2ccc(F)cc2)N1S(=O)(=O)c1cc(C)c(F)c(C)c1,,CHEMBL3751794,2016,CHEMBL3752891,6.57,=,=,IC50,nM,270.0,IC50,uM,0.27,COC[C@@H]1CC[C@H](c2ccc(F)cc2)N1S(=O)(=O)c1cc(C)c(F)c(C)c1,IMTJDDGNRNOFAJ-PKOBYXMFSA-N
16436161,CHEMBL3757221,B,Cc1cc(CN2[C@H](CO)CC[C@@H]2c2ccc(F)cc2)cc(C)c1F,,CHEMBL3751794,2016,CHEMBL3752638,5.17,=,=,IC50,nM,6700.0,IC50,uM,6.7,Cc1cc(CN2[C@H](CO)CC[C@@H]2c2ccc(F)cc2)cc(C)c1F,VTGKGYFBEZNAEB-RBUKOAKNSA-N
16436163,CHEMBL3757221,B,Cc1cc(C)cc(S(=O)(=O)N2[C@H](CO)CC[C@@H]2c2ccc(F)cc2)c1,,CHEMBL3751794,2016,CHEMBL3754617,6.54,=,=,IC50,nM,290.0,IC50,uM,0.29,Cc1cc(C)cc(S(=O)(=O)N2[C@H](CO)CC[C@@H]2c2ccc(F)cc2)c1,XGOLSZDFWDNITO-PKOBYXMFSA-N
16436164,CHEMBL3757221,B,Cc1cc(S(=O)(=O)N2[C@H](CO)CC[C@@H]2c2ccc(F)cc2)ccc1F,,CHEMBL3751794,2016,CHEMBL3752532,6.72,=,=,IC50,nM,190.0,IC50,uM,0.19,Cc1cc(S(=O)(=O)N2[C@H](CO)CC[C@@H]2c2ccc(F)cc2)ccc1F,LDWKVFAOUNQPHG-MAUKXSAKSA-N
16436165,CHEMBL3757221,B,O=S(=O)(c1ccc(F)cc1)N1CCC[C@@H]1c1ccc(F)cc1,,CHEMBL3751794,2016,CHEMBL3754794,5.18,=,=,IC50,nM,6600.0,IC50,uM,6.6,O=S(=O)(c1ccc(F)cc1)N1CCC[C@@H]1c1ccc(F)cc1,MSYGBWPPRVPMSJ-MRXNPFEDSA-N
16436166,CHEMBL3757221,B,Cc1cc(S(=O)(=O)N2[C@H](CO)CC[C@@H]2c2ccc(F)cc2)cc(Cl)c1F,,CHEMBL3751794,2016,CHEMBL3754449,6.89,=,=,IC50,nM,130.0,IC50,uM,0.13,Cc1cc(S(=O)(=O)N2[C@H](CO)CC[C@@H]2c2ccc(F)cc2)cc(Cl)c1F,DKIMBNVMKUFBST-WMLDXEAASA-N
16436167,CHEMBL3757221,B,O=S(=O)(c1cc(Cl)c(F)c(Cl)c1)N1[C@H](CO)CC[C@@H]1c1ccc(F)cc1,,CHEMBL3751794,2016,CHEMBL3753452,6.96,=,=,IC50,nM,110.0,IC50,uM,0.11,O=S(=O)(c1cc(Cl)c(F)c(Cl)c1)N1[C@H](CO)CC[C@@H]1c1ccc(F)cc1,YBPKDCWIZDLZLH-BLLLJJGKSA-N
16436168,CHEMBL3757221,B,O=S(=O)(c1cc(Cl)c(F)c(Cl)c1)N1CCC[C@@H]1c1ccc(F)cc1,,CHEMBL3751794,2016,CHEMBL3754445,6.46,=,=,IC50,nM,350.0,IC50,uM,0.35,O=S(=O)(c1cc(Cl)c(F)c(Cl)c1)N1CCC[C@@H]1c1ccc(F)cc1,PHGQTOSVXWSIQY-OAHLLOKOSA-N
16535305,CHEMBL3789590,B,Cc1cccc2c(=O)n(CC(=O)NCCc3ccc(OC(F)F)cc3)cnc12,,CHEMBL3784976,2016,CHEMBL3787204,6.16,=,=,IC50,nM,685.0,IC50,uM,0.685,Cc1cccc2c(=O)n(CC(=O)NCCc3ccc(OC(F)F)cc3)cnc12,WEUURVDRAOHVLV-UHFFFAOYSA-N
16535908,CHEMBL3789590,B,Cc1cccc2c(=O)n(CC(=O)NCCc3ccc(Cl)cc3)cnc12,,CHEMBL3784976,2016,CHEMBL3787010,6.1,=,=,IC50,nM,802.0,IC50,uM,0.802,Cc1cccc2c(=O)n(CC(=O)NCCc3ccc(Cl)cc3)cnc12,AWDCUIDEVZIBKR-UHFFFAOYSA-N
16535911,CHEMBL3789590,B,Cc1ccc2ncn(CC(=O)NCCc3ccc(Cl)cc3)c(=O)c2c1,,CHEMBL3784976,2016,CHEMBL3786110,6.58,=,=,IC50,nM,265.0,IC50,uM,0.265,Cc1ccc2ncn(CC(=O)NCCc3ccc(Cl)cc3)c(=O)c2c1,QTHSTPFEORYFGF-UHFFFAOYSA-N
16535912,CHEMBL3789590,B,Cc1cccc2ncn(CC(=O)NCCc3ccc(Cl)cc3)c(=O)c12,,CHEMBL3784976,2016,CHEMBL3787125,7.16,=,=,IC50,nM,70.0,IC50,uM,0.07,Cc1cccc2ncn(CC(=O)NCCc3ccc(Cl)cc3)c(=O)c12,RROFQCPRKWVHAS-UHFFFAOYSA-N
16535913,CHEMBL3789590,B,O=C(Cn1cnc2c(C(F)(F)F)cccc2c1=O)NCCc1ccc(Cl)cc1,,CHEMBL3784976,2016,CHEMBL3786619,6.54,=,=,IC50,nM,286.0,IC50,uM,0.286,O=C(Cn1cnc2c(C(F)(F)F)cccc2c1=O)NCCc1ccc(Cl)cc1,UTJXOPBNZMFOCR-UHFFFAOYSA-N
16535914,CHEMBL3789590,B,O=C(Cn1cnc2c(F)cccc2c1=O)NCCc1ccc(Cl)cc1,,CHEMBL3784976,2016,CHEMBL3787443,5.88,=,=,IC50,nM,1330.0,IC50,uM,1.33,O=C(Cn1cnc2c(F)cccc2c1=O)NCCc1ccc(Cl)cc1,QOKKWJMBTXOPEN-UHFFFAOYSA-N
16535915,CHEMBL3789590,B,COc1cccc2c(=O)n(CC(=O)NCCc3ccc(Cl)cc3)cnc12,,CHEMBL3784976,2016,CHEMBL3786836,5.84,=,=,IC50,nM,1460.0,IC50,uM,1.46,COc1cccc2c(=O)n(CC(=O)NCCc3ccc(Cl)cc3)cnc12,IIPLYINRVFDEAS-UHFFFAOYSA-N
16535916,CHEMBL3789590,B,N#Cc1cccc2c(=O)n(CC(=O)NCCc3ccc(Cl)cc3)cnc12,,CHEMBL3784976,2016,CHEMBL3787289,6.7,=,=,IC50,nM,201.0,IC50,uM,0.201,N#Cc1cccc2c(=O)n(CC(=O)NCCc3ccc(Cl)cc3)cnc12,OMAOTMMMFIUYGY-UHFFFAOYSA-N
16535917,CHEMBL3789590,B,O=C(Cn1cnc2ncccc2c1=O)NCCc1ccc(Cl)cc1,,CHEMBL3784976,2016,CHEMBL3785649,5.93,=,=,IC50,nM,1180.0,IC50,uM,1.18,O=C(Cn1cnc2ncccc2c1=O)NCCc1ccc(Cl)cc1,LTXRMKXVBGTLSA-UHFFFAOYSA-N
16535918,CHEMBL3789590,B,O=C(Cn1cnc2cnccc2c1=O)NCCc1ccc(Cl)cc1,,CHEMBL3784976,2016,CHEMBL3786811,5.77,=,=,IC50,nM,1710.0,IC50,uM,1.71,O=C(Cn1cnc2cnccc2c1=O)NCCc1ccc(Cl)cc1,IHTBJQAPPKVYEC-UHFFFAOYSA-N
16535919,CHEMBL3789590,B,O=c1c2cccnc2ncn1Cc1noc(CCc2ccc(Cl)cc2)n1,,CHEMBL3784976,2016,CHEMBL3787566,6.81,=,=,IC50,nM,156.0,IC50,uM,0.156,O=c1c2cccnc2ncn1Cc1noc(CCc2ccc(Cl)cc2)n1,FWYRYRIWMHHWCG-UHFFFAOYSA-N
16535920,CHEMBL3789590,B,O=c1c2cccnc2ncn1Cc1nc(CCc2ccc(Cl)cc2)no1,,CHEMBL3784976,2016,CHEMBL3785110,7.39,=,=,IC50,nM,41.0,IC50,uM,0.041,O=c1c2cccnc2ncn1Cc1nc(CCc2ccc(Cl)cc2)no1,SAMJQPAXJHTPPP-UHFFFAOYSA-N
16535921,CHEMBL3789590,B,O=c1c2cccnc2ncn1Cc1nnc(CCc2ccc(Cl)cc2)o1,,CHEMBL3784976,2016,CHEMBL3787328,5.66,=,=,IC50,nM,2180.0,IC50,uM,2.18,O=c1c2cccnc2ncn1Cc1nnc(CCc2ccc(Cl)cc2)o1,AXVWPJGJCGMVLQ-UHFFFAOYSA-N
16535922,CHEMBL3789590,B,O=c1c2ccnnc2ncn1Cc1nc(CCc2ccc(Cl)cc2)no1,,CHEMBL3784976,2016,CHEMBL3785216,6.87,=,=,IC50,nM,136.0,IC50,uM,0.136,O=c1c2ccnnc2ncn1Cc1nc(CCc2ccc(Cl)cc2)no1,XGOIBVXKMMOVSQ-UHFFFAOYSA-N
16535923,CHEMBL3789590,B,O=c1c2cncnc2ncn1Cc1nc(CCc2ccc(Cl)cc2)no1,,CHEMBL3784976,2016,CHEMBL3786810,6.82,=,=,IC50,nM,153.0,IC50,uM,0.153,O=c1c2cncnc2ncn1Cc1nc(CCc2ccc(Cl)cc2)no1,SZOFJGFPAKXGKY-UHFFFAOYSA-N
16535924,CHEMBL3789590,B,O=c1c2nccnc2ncn1Cc1nc(CCc2ccc(Cl)cc2)no1,,CHEMBL3784976,2016,CHEMBL3786920,6.04,=,=,IC50,nM,918.0,IC50,uM,0.918,O=c1c2nccnc2ncn1Cc1nc(CCc2ccc(Cl)cc2)no1,NAOMZGKLBJKTAT-UHFFFAOYSA-N
16535925,CHEMBL3789590,B,Cc1ccnc2ncn(Cc3nc(CCc4ccc(Cl)cc4)no3)c(=O)c12,,CHEMBL3784976,2016,CHEMBL3787249,7.8,=,=,IC50,nM,16.0,IC50,uM,0.016,Cc1ccnc2ncn(Cc3nc(CCc4ccc(Cl)cc4)no3)c(=O)c12,UZYVKXQRCHHNOU-UHFFFAOYSA-N
16535926,CHEMBL3789590,B,Cn1cnc2ncn(Cc3nc(CCc4ccc(Cl)cc4)no3)c(=O)c21,,CHEMBL3784976,2016,CHEMBL3785736,7.7,=,=,IC50,nM,20.0,IC50,uM,0.02,Cn1cnc2ncn(Cc3nc(CCc4ccc(Cl)cc4)no3)c(=O)c21,AWJBWNUUODWOKQ-UHFFFAOYSA-N
16535927,CHEMBL3789590,B,Cn1cnc2ncn(Cc3noc(CCc4ccc(Cl)cc4)n3)c(=O)c21,,CHEMBL3784976,2016,CHEMBL3785390,6.68,=,=,IC50,nM,211.0,IC50,uM,0.211,Cn1cnc2ncn(Cc3noc(CCc4ccc(Cl)cc4)n3)c(=O)c21,CQQRVWPXVJWBRU-UHFFFAOYSA-N
16535928,CHEMBL3789590,B,Cn1ncc2ncn(Cc3nc(CCc4ccc(Cl)cc4)no3)c(=O)c21,,CHEMBL3784976,2016,CHEMBL3786037,7.28,=,=,IC50,nM,52.0,IC50,uM,0.052,Cn1ncc2ncn(Cc3nc(CCc4ccc(Cl)cc4)no3)c(=O)c21,GVDZPSKDMZOKOZ-UHFFFAOYSA-N
16535929,CHEMBL3789590,B,O=c1c2cccnc2ncn1Cc1nc(CCc2ccc(Cl)nc2)no1,,CHEMBL3784976,2016,CHEMBL3787097,5.67,=,=,IC50,nM,2120.0,IC50,uM,2.12,O=c1c2cccnc2ncn1Cc1nc(CCc2ccc(Cl)nc2)no1,QFPHKALUCGSAJI-UHFFFAOYSA-N
16535930,CHEMBL3789590,B,O=c1c2cccnc2ncn1Cc1nc(CC(O)c2ccc(Cl)cc2)no1,,CHEMBL3784976,2016,CHEMBL3786639,7.24,=,=,IC50,nM,58.0,IC50,uM,0.058,O=c1c2cccnc2ncn1Cc1nc(CC(O)c2ccc(Cl)cc2)no1,PIMAYQFCABRHBK-UHFFFAOYSA-N
16535931,CHEMBL3789590,B,O=c1c2cccnc2ncn1Cc1nc(CC(F)c2ccc(Cl)cc2)no1,,CHEMBL3784976,2016,CHEMBL3785133,7.39,=,=,IC50,nM,41.0,IC50,uM,0.041,O=c1c2cccnc2ncn1Cc1nc(CC(F)c2ccc(Cl)cc2)no1,PJMMWANXHNLCLA-UHFFFAOYSA-N
16535932,CHEMBL3789590,B,CC(Cc1nc(Cn2cnc3ncccc3c2=O)no1)c1ccc(Cl)cc1,,CHEMBL3784976,2016,CHEMBL3787353,6.82,=,=,IC50,nM,150.0,IC50,uM,0.15,CC(Cc1nc(Cn2cnc3ncccc3c2=O)no1)c1ccc(Cl)cc1,QJBLCHBIHYCOJP-UHFFFAOYSA-N
16535933,CHEMBL3789590,B,O=c1c2cccnc2ncn1Cc1noc(/C=C/c2ccc(Cl)cc2)n1,,CHEMBL3784976,2016,CHEMBL3787029,6.03,=,=,IC50,nM,933.0,IC50,uM,0.933,O=c1c2cccnc2ncn1Cc1noc(/C=C/c2ccc(Cl)cc2)n1,FNDVNJLIBJSDBE-VMPITWQZSA-N
16535934,CHEMBL3789590,B,C/C(=C\c1nc(Cn2cnc3ncccc3c2=O)no1)c1ccc(Cl)cc1,,CHEMBL3784976,2016,CHEMBL3787359,6.94,=,=,IC50,nM,116.0,IC50,uM,0.116,C/C(=C\c1nc(Cn2cnc3ncccc3c2=O)no1)c1ccc(Cl)cc1,IWTIXSBYEURJEK-FMIVXFBMSA-N
16535935,CHEMBL3789590,B,C/C(=C\c1nc(Cn2cnc3ncn(C)c3c2=O)no1)c1ccc(Cl)cc1,,CHEMBL3784976,2016,CHEMBL3786010,6.78,=,=,IC50,nM,165.0,IC50,uM,0.165,C/C(=C\c1nc(Cn2cnc3ncn(C)c3c2=O)no1)c1ccc(Cl)cc1,GMKXACFKVYHBLC-YRNVUSSQSA-N
16535936,CHEMBL3789590,B,C/C(=C\c1noc(Cn2cnc3ncn(C)c3c2=O)n1)c1ccc(Cl)cc1,,CHEMBL3784976,2016,CHEMBL3786508,7.15,=,=,IC50,nM,71.0,IC50,uM,0.071,C/C(=C\c1noc(Cn2cnc3ncn(C)c3c2=O)n1)c1ccc(Cl)cc1,ILSIWKXOFBZDGE-YRNVUSSQSA-N
16536050,CHEMBL3791636,B,Cc1cccc2c(=O)n(CC(=O)NCCc3ccc(OC(F)F)cc3)cnc12,,CHEMBL3784976,2016,CHEMBL3787204,5.2,=,=,IC50,nM,6270.0,IC50,uM,6.27,Cc1cccc2c(=O)n(CC(=O)NCCc3ccc(OC(F)F)cc3)cnc12,WEUURVDRAOHVLV-UHFFFAOYSA-N
16536051,CHEMBL3791636,B,O=c1c2cccnc2ncn1Cc1noc(CCc2ccc(Cl)cc2)n1,,CHEMBL3784976,2016,CHEMBL3787566,5.8,=,=,IC50,nM,1580.0,IC50,uM,1.58,O=c1c2cccnc2ncn1Cc1noc(CCc2ccc(Cl)cc2)n1,FWYRYRIWMHHWCG-UHFFFAOYSA-N
16536052,CHEMBL3791636,B,O=c1c2cccnc2ncn1Cc1nc(CCc2ccc(Cl)cc2)no1,,CHEMBL3784976,2016,CHEMBL3785110,6.42,=,=,IC50,nM,376.0,IC50,uM,0.376,O=c1c2cccnc2ncn1Cc1nc(CCc2ccc(Cl)cc2)no1,SAMJQPAXJHTPPP-UHFFFAOYSA-N
16536053,CHEMBL3791636,B,Cn1cnc2ncn(Cc3nc(CCc4ccc(Cl)cc4)no3)c(=O)c21,,CHEMBL3784976,2016,CHEMBL3785736,6.88,=,=,IC50,nM,131.0,IC50,uM,0.131,Cn1cnc2ncn(Cc3nc(CCc4ccc(Cl)cc4)no3)c(=O)c21,AWJBWNUUODWOKQ-UHFFFAOYSA-N
16536054,CHEMBL3791636,B,O=c1c2cccnc2ncn1Cc1nc(CC(O)c2ccc(Cl)cc2)no1,,CHEMBL3784976,2016,CHEMBL3786639,6.6,=,=,IC50,nM,251.0,IC50,uM,0.251,O=c1c2cccnc2ncn1Cc1nc(CC(O)c2ccc(Cl)cc2)no1,PIMAYQFCABRHBK-UHFFFAOYSA-N
16536055,CHEMBL3791636,B,C/C(=C\c1nc(Cn2cnc3ncccc3c2=O)no1)c1ccc(Cl)cc1,,CHEMBL3784976,2016,CHEMBL3787359,7.07,=,=,IC50,nM,85.0,IC50,uM,0.085,C/C(=C\c1nc(Cn2cnc3ncccc3c2=O)no1)c1ccc(Cl)cc1,IWTIXSBYEURJEK-FMIVXFBMSA-N
16536056,CHEMBL3791636,B,C/C(=C\c1noc(Cn2cnc3ncn(C)c3c2=O)n1)c1ccc(Cl)cc1,,CHEMBL3784976,2016,CHEMBL3786508,7.2,=,=,IC50,nM,63.0,IC50,uM,0.063,C/C(=C\c1noc(Cn2cnc3ncn(C)c3c2=O)n1)c1ccc(Cl)cc1,ILSIWKXOFBZDGE-YRNVUSSQSA-N
16743319,CHEMBL3858029,B,O=C(NCC(Cc1ccc(Br)cc1)N1CCC(O)(C(F)(F)F)CC1)C1(c2ccc(Cl)cc2)CCCC1,,CHEMBL3856226,2016,CHEMBL3983430,7.92,=,=,IC50,nM,12.0,IC50,uM,0.012,O=C(NCC(Cc1ccc(Br)cc1)N1CCC(O)(C(F)(F)F)CC1)C1(c2ccc(Cl)cc2)CCCC1,VCXGBNHNTXKUCT-UHFFFAOYSA-N
16743320,CHEMBL3858029,B,N#Cc1ccc(CC(CNC(=O)C2(c3ccc(Cl)cc3)CCCC2)N2CCC(O)(C(F)(F)F)CC2)cc1,,CHEMBL3856226,2016,CHEMBL3954796,7.2,=,=,IC50,nM,63.0,IC50,uM,0.063,N#Cc1ccc(CC(CNC(=O)C2(c3ccc(Cl)cc3)CCCC2)N2CCC(O)(C(F)(F)F)CC2)cc1,DRMGHQKJRKRAAE-UHFFFAOYSA-N
16743321,CHEMBL3858029,B,O=C(NCC(Cc1ccccc1)N1CCC(O)(C(F)(F)F)CC1)C1(c2ccc(Cl)cc2)CCCC1,,CHEMBL3856226,2016,CHEMBL3907685,9.0,=,=,IC50,nM,1.0,IC50,uM,0.001,O=C(NCC(Cc1ccccc1)N1CCC(O)(C(F)(F)F)CC1)C1(c2ccc(Cl)cc2)CCCC1,PAEBEJVPSADOMC-UHFFFAOYSA-N
16743322,CHEMBL3858029,B,O=C(NCC(Cc1ccccc1)N1CCC(O)(C(F)(F)F)CC1)C1(c2ccc(F)cc2)CCCCC1,,CHEMBL3856226,2016,CHEMBL3982480,8.4,=,=,IC50,nM,4.0,IC50,uM,0.004,O=C(NCC(Cc1ccccc1)N1CCC(O)(C(F)(F)F)CC1)C1(c2ccc(F)cc2)CCCCC1,GMWFVFPCPWVMFQ-UHFFFAOYSA-N
16743323,CHEMBL3858029,B,O=C(NCC(Cc1ccccc1)N1CCC(O)(C(F)(F)F)CC1)C1(c2ccc(Cl)cc2)CC1,,CHEMBL3856226,2016,CHEMBL3912566,7.85,=,=,IC50,nM,14.0,IC50,uM,0.014,O=C(NCC(Cc1ccccc1)N1CCC(O)(C(F)(F)F)CC1)C1(c2ccc(Cl)cc2)CC1,SGEZELHMEQVNFY-UHFFFAOYSA-N
16743324,CHEMBL3858029,B,O=C(NCC(Cc1ccccc1)N1CCC(C(F)(F)F)CC1)C1(c2ccc(Cl)cc2)CCCC1,,CHEMBL3856226,2016,CHEMBL3974466,8.15,=,=,IC50,nM,7.0,IC50,uM,0.007,O=C(NCC(Cc1ccccc1)N1CCC(C(F)(F)F)CC1)C1(c2ccc(Cl)cc2)CCCC1,NSULWEQZEHFMNX-UHFFFAOYSA-N
16743325,CHEMBL3858029,B,O=C(NCC(Cc1ccc(F)cc1)N1CCC(O)(C(F)(F)F)CC1)C1(c2ccc(Cl)cc2)CC1,,CHEMBL3856226,2016,CHEMBL3903533,8.7,=,=,IC50,nM,2.0,IC50,uM,0.002,O=C(NCC(Cc1ccc(F)cc1)N1CCC(O)(C(F)(F)F)CC1)C1(c2ccc(Cl)cc2)CC1,ZGUQIIBJOCXMDV-UHFFFAOYSA-N
16743326,CHEMBL3858029,B,CC(C)(C(=O)NCC(Cc1ccccc1)N1CCC(O)(C(F)(F)F)CC1)c1ccccc1,,CHEMBL3856226,2016,CHEMBL3928226,7.37,=,=,IC50,nM,43.0,IC50,uM,0.043,CC(C)(C(=O)NCC(Cc1ccccc1)N1CCC(O)(C(F)(F)F)CC1)c1ccccc1,IPESIZNXIXXPJK-UHFFFAOYSA-N
17685202,CHEMBL3706106,B,CCC(=N\O)/C(C)=C/c1ccc(F)cc1,,CHEMBL3639113,2015,CHEMBL3697701,7.13,=,=,IC50,nM,74.0,IC50,nM,74.0,CCC(=N\O)/C(C)=C/c1ccc(F)cc1,HKROEBDHHKMNBZ-CHBKHGQFSA-N
17685203,CHEMBL3706106,B,CCC(=N\OC)/C(C)=C/c1ccc(F)cc1,,CHEMBL3639113,2015,CHEMBL3697702,5.08,=,=,IC50,nM,8300.0,IC50,nM,8300.0,CCC(=N\OC)/C(C)=C/c1ccc(F)cc1,LWLNRICWXNERKX-PANOFWHVSA-N
17685204,CHEMBL3706106,B,CCC(=N\O)/C(C)=C/c1ccccc1F,,CHEMBL3639113,2015,CHEMBL3697703,5.34,=,=,IC50,nM,4600.0,IC50,nM,4600.0,CCC(=N\O)/C(C)=C/c1ccccc1F,WBVIPJUKXQYVQJ-CHBKHGQFSA-N
17685205,CHEMBL3706106,B,CCCC(=N\O)/C(C)=C/c1ccc(F)cc1,,CHEMBL3639113,2015,CHEMBL3697704,6.3,=,=,IC50,nM,500.0,IC50,nM,500.0,CCCC(=N\O)/C(C)=C/c1ccc(F)cc1,SSRZLDGEGHSZEF-PANOFWHVSA-N
17685206,CHEMBL3706106,B,CC(=C\c1ccc(F)cc1)/C(=N/O)C(C)(C)C,,CHEMBL3639113,2015,CHEMBL3697705,5.1,=,=,IC50,nM,8000.0,IC50,nM,8000.0,CC(=C\c1ccc(F)cc1)/C(=N/O)C(C)(C)C,ALDVAWDTIJSMNO-ZDHWLGKOSA-N
17685207,CHEMBL3706106,B,CCCCC(=N\O)/C(C)=C/c1ccc(F)cc1,,CHEMBL3639113,2015,CHEMBL3697706,5.36,=,=,IC50,nM,4400.0,IC50,nM,4400.0,CCCCC(=N\O)/C(C)=C/c1ccc(F)cc1,ALEGZXFLOSZQFJ-OIPGSKEASA-N
17685208,CHEMBL3706106,B,CC(=C\c1ccc(F)cc1)/C(=N\O)C(C)C,,CHEMBL3639113,2015,CHEMBL3697707,6.07,=,=,IC50,nM,850.0,IC50,nM,850.0,CC(=C\c1ccc(F)cc1)/C(=N\O)C(C)C,KHBHURZBJBAUPN-MBBMFPOLSA-N
17685209,CHEMBL3706106,B,CC(=C\c1ccc(F)cc1)/C(=N/O)C(C)C,,CHEMBL3639113,2015,CHEMBL3697708,5.48,=,=,IC50,nM,3300.0,IC50,nM,3300.0,CC(=C\c1ccc(F)cc1)/C(=N/O)C(C)C,KHBHURZBJBAUPN-MZRBSKCNSA-N
17685210,CHEMBL3706106,B,CCC(=N\O)/C(C)=C/c1ccc(F)c(Cl)c1,,CHEMBL3639113,2015,CHEMBL3697709,5.22,=,=,IC50,nM,6000.0,IC50,nM,6000.0,CCC(=N\O)/C(C)=C/c1ccc(F)c(Cl)c1,REQRXYTVHDTROQ-QWPOMPHKSA-N
17685211,CHEMBL3706106,B,CCC(=N/O)/C(C)=C/c1ccc(F)cc1,,CHEMBL3639113,2015,CHEMBL3697710,6.15,=,=,IC50,nM,701.0,IC50,nM,701.0,CCC(=N/O)/C(C)=C/c1ccc(F)cc1,HKROEBDHHKMNBZ-BYKJOZEVSA-N
17685212,CHEMBL3706106,B,CC(/C=C/c1ccc(F)cc1)=N\O,,CHEMBL3639113,2015,CHEMBL3697711,4.69,=,=,IC50,nM,20600.0,IC50,nM,20600.0,CC(/C=C/c1ccc(F)cc1)=N\O,APCBJCFILSRMRW-NQPRBDNZSA-N
17685213,CHEMBL3706106,B,CCCC(/C=C/c1ccc(F)cc1)=N\O,,CHEMBL3639113,2015,CHEMBL3697712,5.23,=,=,IC50,nM,5910.0,IC50,nM,5910.0,CCCC(/C=C/c1ccc(F)cc1)=N\O,GVMNKKDSUMTDFH-TZOAMJEDSA-N
17685214,CHEMBL3706106,B,CCC(/C=C/c1ccc(F)cc1)=N\O,,CHEMBL3639113,2015,CHEMBL3697713,5.02,=,=,IC50,nM,9460.0,IC50,nM,9460.0,CCC(/C=C/c1ccc(F)cc1)=N\O,GLYGZIVKLCTOTJ-PGMBSLALSA-N
17685215,CHEMBL3706106,B,CCC(=N\O)/C(C)=C/c1ccc(F)c(F)c1,,CHEMBL3639113,2015,CHEMBL3697714,6.24,=,=,IC50,nM,574.0,IC50,nM,574.0,CCC(=N\O)/C(C)=C/c1ccc(F)c(F)c1,WRDLKTQRPOZITC-QWPOMPHKSA-N
17685216,CHEMBL3706106,B,CCC(=N\O)/C(C)=C/c1cc(F)c(F)c(F)c1,,CHEMBL3639113,2015,CHEMBL3697715,5.33,=,=,IC50,nM,4670.0,IC50,nM,4670.0,CCC(=N\O)/C(C)=C/c1cc(F)c(F)c(F)c1,FPMULNOOMRYVLW-UYHGDYIZSA-N
17720219,CHEMBL3887573,B,CN1C(=O)c2c(ncn2CC(=O)Nc2nc(-c3ccc(Br)cc3)cs2)N2CCN=C12,,CHEMBL3886359,2015,CHEMBL3924146,6.04,=,=,IC50,nM,920.9,IC50,nM,920.9,CN1C(=O)c2c(ncn2CC(=O)Nc2nc(-c3ccc(Br)cc3)cs2)N2CCN=C12,UWDLUBUGDCCBFZ-UHFFFAOYSA-N
17720220,CHEMBL3887573,B,CN1C(=O)c2c(ncn2CC(=O)Nc2nc(-c3ccc(C(C)(C)C)cc3)cs2)N2CCN=C12,,CHEMBL3886359,2015,CHEMBL3894821,6.42,=,=,IC50,nM,381.8,IC50,nM,381.8,CN1C(=O)c2c(ncn2CC(=O)Nc2nc(-c3ccc(C(C)(C)C)cc3)cs2)N2CCN=C12,OOZCYHFVKYNNLY-UHFFFAOYSA-N
17720221,CHEMBL3887573,B,Cn1c(=O)c2c(CC(=O)Nc3nc(-c4ccc(Br)cc4)cs3)cccc2n(C)c1=O,,CHEMBL3886359,2015,CHEMBL3921886,7.13,=,=,IC50,nM,73.35,IC50,nM,73.35,Cn1c(=O)c2c(CC(=O)Nc3nc(-c4ccc(Br)cc4)cs3)cccc2n(C)c1=O,NIVMPNIOANBDGM-UHFFFAOYSA-N
17720222,CHEMBL3887573,B,Cn1c(=O)c2c(CC(=O)Nc3nc(-c4ccc(Cl)c(Cl)c4)cs3)cccc2n(C)c1=O,,CHEMBL3886359,2015,CHEMBL3953065,7.01,=,=,IC50,nM,98.32,IC50,nM,98.32,Cn1c(=O)c2c(CC(=O)Nc3nc(-c4ccc(Cl)c(Cl)c4)cs3)cccc2n(C)c1=O,MESAZEZGAZMOOO-UHFFFAOYSA-N
17720223,CHEMBL3887573,B,Cn1c(=O)c2c(CC(=O)Nc3nc(-c4ccc(I)cc4)cs3)cccc2n(C)c1=O,,CHEMBL3886359,2015,CHEMBL3948438,7.18,=,=,IC50,nM,66.28,IC50,nM,66.28,Cn1c(=O)c2c(CC(=O)Nc3nc(-c4ccc(I)cc4)cs3)cccc2n(C)c1=O,GBWICTTWLYIICR-UHFFFAOYSA-N
17720224,CHEMBL3887573,B,Cc1ccc(-c2csc(NC(=O)Cc3cccc4c3c(=O)n(C)c(=O)n4C)n2)cc1,,CHEMBL3886359,2015,CHEMBL3985375,7.01,=,=,IC50,nM,97.42,IC50,nM,97.42,Cc1ccc(-c2csc(NC(=O)Cc3cccc4c3c(=O)n(C)c(=O)n4C)n2)cc1,NNNQVSUPWVEWSZ-UHFFFAOYSA-N
17720225,CHEMBL3887573,B,Cn1c(=O)c2c(CC(=O)Nc3nc(-c4cccc(C(F)(F)F)c4)cs3)cccc2n(C)c1=O,,CHEMBL3886359,2015,CHEMBL3956711,7.32,=,=,IC50,nM,47.37,IC50,nM,47.37,Cn1c(=O)c2c(CC(=O)Nc3nc(-c4cccc(C(F)(F)F)c4)cs3)cccc2n(C)c1=O,XRWIKIYEWODHPQ-UHFFFAOYSA-N
17720226,CHEMBL3887573,B,Cn1c(=O)c2c(CC(=O)Nc3ccn(-c4ccc(Cl)cc4)n3)cccc2n(C)c1=O,,CHEMBL3886359,2015,CHEMBL3896592,7.26,=,=,IC50,nM,55.02,IC50,nM,55.02,Cn1c(=O)c2c(CC(=O)Nc3ccn(-c4ccc(Cl)cc4)n3)cccc2n(C)c1=O,YMZSYLUBFOARLT-UHFFFAOYSA-N
17720227,CHEMBL3887573,B,Cn1c(=O)c2c(CC(=O)Nc3nc(-c4cccc(Cl)c4)cs3)cccc2n(C)c1=O,,CHEMBL3886359,2015,CHEMBL3965541,6.99,=,=,IC50,nM,102.5,IC50,nM,102.5,Cn1c(=O)c2c(CC(=O)Nc3nc(-c4cccc(Cl)c4)cs3)cccc2n(C)c1=O,ZKVHRKRSQGNMIJ-UHFFFAOYSA-N
17720228,CHEMBL3887573,B,Cn1c(=O)c2c(CC(=O)Nc3nc(-c4ccc(C5CCCCC5)cc4)cs3)cccc2n(C)c1=O,,CHEMBL3886359,2015,CHEMBL3968210,7.33,=,=,IC50,nM,46.74,IC50,nM,46.74,Cn1c(=O)c2c(CC(=O)Nc3nc(-c4ccc(C5CCCCC5)cc4)cs3)cccc2n(C)c1=O,AVGRXCGZLZSSPC-UHFFFAOYSA-N
17720229,CHEMBL3887573,B,Cn1c(=O)c2c(CC(=O)Nc3nc(-c4ccc(C(F)(F)F)cc4)cs3)cccc2n(C)c1=O,,CHEMBL3886359,2015,CHEMBL3902066,7.33,=,=,IC50,nM,46.27,IC50,nM,46.27,Cn1c(=O)c2c(CC(=O)Nc3nc(-c4ccc(C(F)(F)F)cc4)cs3)cccc2n(C)c1=O,GAJJEVVNFYSCQF-UHFFFAOYSA-N
17720230,CHEMBL3887573,B,Cn1c(=O)c2c(CC(=O)Nc3nc(-c4ccc(C(C)(C)C)cc4)cs3)cccc2n(C)c1=O,,CHEMBL3886359,2015,CHEMBL3973094,7.29,=,=,IC50,nM,51.68,IC50,nM,51.68,Cn1c(=O)c2c(CC(=O)Nc3nc(-c4ccc(C(C)(C)C)cc4)cs3)cccc2n(C)c1=O,LYNYBISSXARLGD-UHFFFAOYSA-N
17720231,CHEMBL3887573,B,Cn1c(=O)c2c(CC(=O)Nc3nc(-c4ccc(F)cc4F)cs3)cccc2n(C)c1=O,,CHEMBL3886359,2015,CHEMBL3939180,7.32,=,=,IC50,nM,48.21,IC50,nM,48.21,Cn1c(=O)c2c(CC(=O)Nc3nc(-c4ccc(F)cc4F)cs3)cccc2n(C)c1=O,WPWRLCNFHLWQGC-UHFFFAOYSA-N
17720232,CHEMBL3887573,B,CC(C)c1ccc(-c2csc(NC(=O)Cc3cccc4c3c(=O)n(C)c(=O)n4C)n2)cc1,,CHEMBL3886359,2015,CHEMBL3914637,7.22,=,=,IC50,nM,60.42,IC50,nM,60.42,CC(C)c1ccc(-c2csc(NC(=O)Cc3cccc4c3c(=O)n(C)c(=O)n4C)n2)cc1,RVMLSWRWPJDAMD-UHFFFAOYSA-N
17720233,CHEMBL3887573,B,Cn1c(=O)c2c(CC(=O)Nc3nc(-c4ccc(F)c(Cl)c4)cs3)cccc2n(C)c1=O,,CHEMBL3886359,2015,CHEMBL3951379,7.27,=,=,IC50,nM,53.57,IC50,nM,53.57,Cn1c(=O)c2c(CC(=O)Nc3nc(-c4ccc(F)c(Cl)c4)cs3)cccc2n(C)c1=O,QANDLGIRCKMBGX-UHFFFAOYSA-N
17720234,CHEMBL3887573,B,Cn1c(=O)c2c(CC(=O)Nc3ccn(-c4cccc(C(F)(F)F)c4)n3)cccc2n(C)c1=O,,CHEMBL3886359,2015,CHEMBL3935604,7.23,=,=,IC50,nM,58.94,IC50,nM,58.94,Cn1c(=O)c2c(CC(=O)Nc3ccn(-c4cccc(C(F)(F)F)c4)n3)cccc2n(C)c1=O,CEDDKVSCQBMJRG-UHFFFAOYSA-N
17720235,CHEMBL3887573,B,CCc1ccc(-c2csc(NC(=O)Cc3cccc4c3c(=O)n(C)c(=O)n4C)n2)cc1,,CHEMBL3886359,2015,CHEMBL3968269,7.25,=,=,IC50,nM,56.02,IC50,nM,56.02,CCc1ccc(-c2csc(NC(=O)Cc3cccc4c3c(=O)n(C)c(=O)n4C)n2)cc1,KFPIBSJOVPWQQT-UHFFFAOYSA-N
17720236,CHEMBL3887573,B,Cn1c(=O)c2c(CC(=O)Nc3nc(-c4ccc(C(F)(F)F)c(F)c4)cs3)cccc2n(C)c1=O,,CHEMBL3886359,2015,CHEMBL3935137,7.87,=,=,IC50,nM,13.38,IC50,nM,13.38,Cn1c(=O)c2c(CC(=O)Nc3nc(-c4ccc(C(F)(F)F)c(F)c4)cs3)cccc2n(C)c1=O,FMIIIXHTXHNZIP-UHFFFAOYSA-N
17720237,CHEMBL3887573,B,Cn1c(=O)c2c(CC(=O)Nc3nc(-c4ccc(C(F)(F)F)cc4F)cs3)cccc2n(C)c1=O,,CHEMBL3886359,2015,CHEMBL3897132,7.58,=,=,IC50,nM,26.13,IC50,nM,26.13,Cn1c(=O)c2c(CC(=O)Nc3nc(-c4ccc(C(F)(F)F)cc4F)cs3)cccc2n(C)c1=O,RLCFIKQUNAVFSB-UHFFFAOYSA-N
17720238,CHEMBL3887573,B,Cn1c(=O)c2c(CC(=O)Nc3nc(-c4ccc(F)c(C(F)(F)F)c4)cs3)cccc2n(C)c1=O,,CHEMBL3886359,2015,CHEMBL3897802,7.7,=,=,IC50,nM,20.09,IC50,nM,20.09,Cn1c(=O)c2c(CC(=O)Nc3nc(-c4ccc(F)c(C(F)(F)F)c4)cs3)cccc2n(C)c1=O,SEZSWZYJAHZVBQ-UHFFFAOYSA-N
17720239,CHEMBL3887573,B,Cn1c(=O)c2c(CC(=O)Nc3nc(-c4ccc(Cl)c(C(F)(F)F)c4)cs3)cccc2n(C)c1=O,,CHEMBL3886359,2015,CHEMBL3897467,7.32,=,=,IC50,nM,48.18,IC50,nM,48.18,Cn1c(=O)c2c(CC(=O)Nc3nc(-c4ccc(Cl)c(C(F)(F)F)c4)cs3)cccc2n(C)c1=O,GBLKNVFTITUYJG-UHFFFAOYSA-N
17720240,CHEMBL3887573,B,CC(C)CCOc1ccc(-c2csc(NC(=O)Cc3cccc4c3c(=O)n(C)c(=O)n4C)n2)cc1,,CHEMBL3886359,2015,CHEMBL3891778,7.1,=,=,IC50,nM,79.77,IC50,nM,79.77,CC(C)CCOc1ccc(-c2csc(NC(=O)Cc3cccc4c3c(=O)n(C)c(=O)n4C)n2)cc1,YGJKAILDLPIFCZ-UHFFFAOYSA-N
17720241,CHEMBL3887573,B,CC(C)COc1ccc(-c2csc(NC(=O)Cc3cccc4c3c(=O)n(C)c(=O)n4C)n2)cc1,,CHEMBL3886359,2015,CHEMBL3981620,7.36,=,=,IC50,nM,43.93,IC50,nM,43.93,CC(C)COc1ccc(-c2csc(NC(=O)Cc3cccc4c3c(=O)n(C)c(=O)n4C)n2)cc1,VHUHAUBXPXCHGU-UHFFFAOYSA-N
17720242,CHEMBL3887573,B,Cn1c(=O)c2c(CC(=O)Nc3nc(-c4cc(Cl)ccc4F)cs3)cccc2n(C)c1=O,,CHEMBL3886359,2015,CHEMBL3911625,6.86,=,=,IC50,nM,138.1,IC50,nM,138.1,Cn1c(=O)c2c(CC(=O)Nc3nc(-c4cc(Cl)ccc4F)cs3)cccc2n(C)c1=O,FYHWPNBNIBLVRG-UHFFFAOYSA-N
17720243,CHEMBL3887573,B,Cn1c(=O)c2c(CC(=O)Nc3nc(-c4cccc(Cl)c4F)cs3)cccc2n(C)c1=O,,CHEMBL3886359,2015,CHEMBL3896060,7.23,=,=,IC50,nM,58.55,IC50,nM,58.55,Cn1c(=O)c2c(CC(=O)Nc3nc(-c4cccc(Cl)c4F)cs3)cccc2n(C)c1=O,TYULVTOTCDEHCJ-UHFFFAOYSA-N
17720244,CHEMBL3887573,B,Cn1c(=O)c2c(CC(=O)Nc3nc(-c4cccc(OC(F)(F)F)c4)cs3)cccc2n(C)c1=O,,CHEMBL3886359,2015,CHEMBL3920559,7.32,=,=,IC50,nM,47.91,IC50,nM,47.91,Cn1c(=O)c2c(CC(=O)Nc3nc(-c4cccc(OC(F)(F)F)c4)cs3)cccc2n(C)c1=O,OYJMLCGZSMSIHK-UHFFFAOYSA-N
17720245,CHEMBL3887573,B,Cn1c(=O)c2c(CC(=O)Nc3nc(-c4cccc(F)c4F)cs3)cccc2n(C)c1=O,,CHEMBL3886359,2015,CHEMBL3958453,7.18,=,=,IC50,nM,65.45,IC50,nM,65.45,Cn1c(=O)c2c(CC(=O)Nc3nc(-c4cccc(F)c4F)cs3)cccc2n(C)c1=O,JSZBSUKOUVVBGY-UHFFFAOYSA-N
17720246,CHEMBL3887573,B,Cn1c(=O)c2c(CC(=O)Nc3nc(-c4ccc(C(F)(F)F)c(F)c4F)cs3)cccc2n(C)c1=O,,CHEMBL3886359,2015,CHEMBL3987145,8.19,=,=,IC50,nM,6.49,IC50,nM,6.49,Cn1c(=O)c2c(CC(=O)Nc3nc(-c4ccc(C(F)(F)F)c(F)c4F)cs3)cccc2n(C)c1=O,XEAVDNWRYBZHOZ-UHFFFAOYSA-N
17720247,CHEMBL3887573,B,Cn1c(=O)c2c(CC(=O)Nc3nc(-c4ccc(OC(F)(F)F)c(F)c4)cs3)cccc2n(C)c1=O,,CHEMBL3886359,2015,CHEMBL3964272,7.94,=,=,IC50,nM,11.38,IC50,nM,11.38,Cn1c(=O)c2c(CC(=O)Nc3nc(-c4ccc(OC(F)(F)F)c(F)c4)cs3)cccc2n(C)c1=O,GNRKNCPNDKATCH-UHFFFAOYSA-N
17720248,CHEMBL3887573,B,Cn1c(=O)c2c(CC(=O)Nc3nc(-c4ccc(OC(F)F)c(Cl)c4)cs3)cccc2n(C)c1=O,,CHEMBL3886359,2015,CHEMBL3904057,7.47,=,=,IC50,nM,34.03,IC50,nM,34.03,Cn1c(=O)c2c(CC(=O)Nc3nc(-c4ccc(OC(F)F)c(Cl)c4)cs3)cccc2n(C)c1=O,SHEZWPJUOWPXDN-UHFFFAOYSA-N
17720249,CHEMBL3887573,B,Cn1c(=O)c2c(CC(=O)Nc3nc(-c4ccc(F)c(C(F)(F)F)c4F)cs3)cccc2n(C)c1=O,,CHEMBL3886359,2015,CHEMBL3943177,7.76,=,=,IC50,nM,17.3,IC50,nM,17.3,Cn1c(=O)c2c(CC(=O)Nc3nc(-c4ccc(F)c(C(F)(F)F)c4F)cs3)cccc2n(C)c1=O,HBHIXBYCEAGRAO-UHFFFAOYSA-N
17720250,CHEMBL3887573,B,Cn1c(=O)c2c(CC(=O)Nc3nc(-c4cc(F)c(OCC(F)(F)F)c(F)c4)cs3)cccc2n(C)c1=O,,CHEMBL3886359,2015,CHEMBL3906012,8.22,=,=,IC50,nM,5.96,IC50,nM,5.96,Cn1c(=O)c2c(CC(=O)Nc3nc(-c4cc(F)c(OCC(F)(F)F)c(F)c4)cs3)cccc2n(C)c1=O,RLSJFZMRRVZYOG-UHFFFAOYSA-N
17720251,CHEMBL3887573,B,Cn1c(=O)c2c(CC(=O)Nc3nc(-c4cc(F)c(C(F)(F)F)c(F)c4)cs3)cccc2n(C)c1=O,,CHEMBL3886359,2015,CHEMBL3947368,8.27,=,=,IC50,nM,5.37,IC50,nM,5.37,Cn1c(=O)c2c(CC(=O)Nc3nc(-c4cc(F)c(C(F)(F)F)c(F)c4)cs3)cccc2n(C)c1=O,VZQJQNIXPKBELC-UHFFFAOYSA-N
17720252,CHEMBL3887573,B,Cn1c(=O)c2c(ccn2CC(=O)Nc2nc(-c3ccc(OC(F)(F)F)cc3)cs2)n(C)c1=O,,CHEMBL3886359,2015,CHEMBL3931425,7.42,=,=,IC50,nM,38.46,IC50,nM,38.46,Cn1c(=O)c2c(ccn2CC(=O)Nc2nc(-c3ccc(OC(F)(F)F)cc3)cs2)n(C)c1=O,MQBRPGZLHZUVDU-UHFFFAOYSA-N
17720253,CHEMBL3887573,B,Cn1c(=O)c2c(ccn2CC(=O)Nc2nc(-c3cc(Cl)c(OCCC(F)(F)F)c(Cl)c3)cs2)n(C)c1=O,,CHEMBL3886359,2015,CHEMBL3976638,7.74,=,=,IC50,nM,18.05,IC50,nM,18.05,Cn1c(=O)c2c(ccn2CC(=O)Nc2nc(-c3cc(Cl)c(OCCC(F)(F)F)c(Cl)c3)cs2)n(C)c1=O,MSAYCLQQORKAFC-UHFFFAOYSA-N
17720254,CHEMBL3887573,B,Cn1c(=O)c2c(ccn2CC(=O)Nc2nc(-c3ccc(C(F)(F)F)c(F)c3)cs2)n(C)c1=O,,CHEMBL3886359,2015,CHEMBL3937790,7.3,=,=,IC50,nM,49.92,IC50,nM,49.92,Cn1c(=O)c2c(ccn2CC(=O)Nc2nc(-c3ccc(C(F)(F)F)c(F)c3)cs2)n(C)c1=O,VJXIKTQSMMQMOO-UHFFFAOYSA-N
17720255,CHEMBL3887573,B,Cn1c(=O)c2c(cnn2CC(=O)Nc2nc(-c3cc(Cl)c(OCC(C)(C)C)c(Cl)c3)cs2)n(C)c1=O,,CHEMBL3886359,2015,CHEMBL3914798,7.91,=,=,IC50,nM,12.26,IC50,nM,12.26,Cn1c(=O)c2c(cnn2CC(=O)Nc2nc(-c3cc(Cl)c(OCC(C)(C)C)c(Cl)c3)cs2)n(C)c1=O,QKSNPPVPWNLCLK-UHFFFAOYSA-N
17720256,CHEMBL3887573,B,Cn1nc2c(c1CC(=O)Nc1nc(-c3ccc(C(F)(F)F)c(F)c3)cs1)c(=O)n(C)c(=O)n2C,,CHEMBL3886359,2015,CHEMBL3981381,7.8,=,=,IC50,nM,15.92,IC50,nM,15.92,Cn1nc2c(c1CC(=O)Nc1nc(-c3ccc(C(F)(F)F)c(F)c3)cs1)c(=O)n(C)c(=O)n2C,URFBKMSDRKBRGT-UHFFFAOYSA-N
17720257,CHEMBL3887573,B,Cn1nc2c(c1CC(=O)Nc1nc(-c3ccc(C(F)(F)F)cc3)cs1)c(=O)n(C)c(=O)n2C,,CHEMBL3886359,2015,CHEMBL3906234,7.58,=,=,IC50,nM,26.56,IC50,nM,26.56,Cn1nc2c(c1CC(=O)Nc1nc(-c3ccc(C(F)(F)F)cc3)cs1)c(=O)n(C)c(=O)n2C,MMRVTSMOSFLTST-UHFFFAOYSA-N
17720259,CHEMBL3887573,B,Cn1nc2c(c1CC(=O)Nc1nc(-c3ccc(OC(F)(F)F)c(F)c3)cs1)c(=O)n(C)c(=O)n2C,,CHEMBL3886359,2015,CHEMBL3900789,7.96,=,=,IC50,nM,11.04,IC50,nM,11.04,Cn1nc2c(c1CC(=O)Nc1nc(-c3ccc(OC(F)(F)F)c(F)c3)cs1)c(=O)n(C)c(=O)n2C,NLOJJXVQKKKSMA-UHFFFAOYSA-N
17720264,CHEMBL3887573,B,CC(C)c1sc2c(c1CC(=O)Nc1nc(-c3ccc(C(F)(F)F)c(F)c3)cs1)c(=O)n(C)c(=O)n2C,,CHEMBL3886359,2015,CHEMBL3918948,7.38,=,=,IC50,nM,41.31,IC50,nM,41.31,CC(C)c1sc2c(c1CC(=O)Nc1nc(-c3ccc(C(F)(F)F)c(F)c3)cs1)c(=O)n(C)c(=O)n2C,ZLGGDXLEMLRCRT-UHFFFAOYSA-N
17720265,CHEMBL3887573,B,Cc1sc2c(c1CC(=O)Nc1nc(-c3ccc(Cl)c(Cl)c3)cs1)c(=O)n(C)c(=O)n2C,,CHEMBL3886359,2015,CHEMBL3956363,7.47,=,=,IC50,nM,33.61,IC50,nM,33.61,Cc1sc2c(c1CC(=O)Nc1nc(-c3ccc(Cl)c(Cl)c3)cs1)c(=O)n(C)c(=O)n2C,QSBZGESBJYBOBP-UHFFFAOYSA-N
17720266,CHEMBL3887573,B,CCc1sc2c(c1CC(=O)Nc1nc(-c3cc(F)c(OC(F)F)c(F)c3)cs1)c(=O)n(C)c(=O)n2C,,CHEMBL3886359,2015,CHEMBL3924373,7.74,=,=,IC50,nM,18.12,IC50,nM,18.12,CCc1sc2c(c1CC(=O)Nc1nc(-c3cc(F)c(OC(F)F)c(F)c3)cs1)c(=O)n(C)c(=O)n2C,ZLRQOPRFOLBNTA-UHFFFAOYSA-N
17720267,CHEMBL3887573,B,CCc1sc2c(c1CC(=O)Nc1nc(-c3cc(F)c(OCC(F)(F)F)c(F)c3)cs1)c(=O)n(C)c(=O)n2C,,CHEMBL3886359,2015,CHEMBL3896353,8.4,=,=,IC50,nM,3.98,IC50,nM,3.98,CCc1sc2c(c1CC(=O)Nc1nc(-c3cc(F)c(OCC(F)(F)F)c(F)c3)cs1)c(=O)n(C)c(=O)n2C,PKKIGRUIKFFWQO-UHFFFAOYSA-N
17720268,CHEMBL3887573,B,CCc1sc2c(c1CC(=O)Nc1nc(-c3ccc(C(F)(F)F)c(F)c3)cs1)c(=O)n(C)c(=O)n2C,,CHEMBL3886359,2015,CHEMBL3894956,7.78,=,=,IC50,nM,16.73,IC50,nM,16.73,CCc1sc2c(c1CC(=O)Nc1nc(-c3ccc(C(F)(F)F)c(F)c3)cs1)c(=O)n(C)c(=O)n2C,CCUITVGIDVPEJI-UHFFFAOYSA-N
17720269,CHEMBL3887573,B,Cn1c(=O)c2c(CC(=O)Nc3nc(-c4ccc(F)c(C(F)(F)F)c4F)cs3)csc2n(C)c1=O,,CHEMBL3886359,2015,CHEMBL3905801,8.31,=,=,IC50,nM,4.84,IC50,nM,4.84,Cn1c(=O)c2c(CC(=O)Nc3nc(-c4ccc(F)c(C(F)(F)F)c4F)cs3)csc2n(C)c1=O,XOPMVFNBFICPDB-UHFFFAOYSA-N
17720270,CHEMBL3887573,B,Cn1c(=O)c2c(CC(=O)Nc3nc(-c4ccc(F)c(C(F)(F)F)c4F)cs3)csc2n(C)c1=O,,CHEMBL3886359,2015,CHEMBL3905801,8.6,=,=,IC50,nM,2.49,IC50,nM,2.49,Cn1c(=O)c2c(CC(=O)Nc3nc(-c4ccc(F)c(C(F)(F)F)c4F)cs3)csc2n(C)c1=O,XOPMVFNBFICPDB-UHFFFAOYSA-N
17720271,CHEMBL3887573,B,CC(C)COc1c(F)cc(-c2csc(NC(=O)Cc3coc4c3c(=O)n(C)c(=O)n4C)n2)cc1F,,CHEMBL3886359,2015,CHEMBL3908909,7.74,=,=,IC50,nM,18.2,IC50,nM,18.2,CC(C)COc1c(F)cc(-c2csc(NC(=O)Cc3coc4c3c(=O)n(C)c(=O)n4C)n2)cc1F,NBNOGVOWEZWSDX-UHFFFAOYSA-N
17720272,CHEMBL3887573,B,Cn1c(=O)c2c(CC(=O)Nc3nc(-c4ccc(C(F)(F)F)c(F)c4)cs3)coc2n(C)c1=O,,CHEMBL3886359,2015,CHEMBL3920880,7.75,=,=,IC50,nM,17.74,IC50,nM,17.74,Cn1c(=O)c2c(CC(=O)Nc3nc(-c4ccc(C(F)(F)F)c(F)c4)cs3)coc2n(C)c1=O,GUXDRJQXNCINLK-UHFFFAOYSA-N
17720273,CHEMBL3887573,B,Cn1c(=O)c2c(CC(=O)Nc3nc(-c4cc(F)cc(C(F)(F)F)c4)cs3)coc2n(C)c1=O,,CHEMBL3886359,2015,CHEMBL3947821,8.67,=,=,IC50,nM,2.15,IC50,nM,2.15,Cn1c(=O)c2c(CC(=O)Nc3nc(-c4cc(F)cc(C(F)(F)F)c4)cs3)coc2n(C)c1=O,XYLQLKFUIGUGMF-UHFFFAOYSA-N
17720274,CHEMBL3887573,B,Cn1c(=O)c2c(CC(=O)Nc3nc(-c4cc(F)c(CCC(F)(F)F)c(F)c4)cs3)coc2n(C)c1=O,,CHEMBL3886359,2015,CHEMBL3981050,8.47,=,=,IC50,nM,3.38,IC50,nM,3.38,Cn1c(=O)c2c(CC(=O)Nc3nc(-c4cc(F)c(CCC(F)(F)F)c(F)c4)cs3)coc2n(C)c1=O,SBACLEGKEWSXLI-UHFFFAOYSA-N
17720275,CHEMBL3887573,B,Cn1c(=O)c2c(CC(=O)Nc3nc(-c4cc(Cl)c(OCC(F)(F)F)c(Cl)c4)cs3)coc2n(C)c1=O,,CHEMBL3886359,2015,CHEMBL3976535,8.84,=,=,IC50,nM,1.45,IC50,nM,1.45,Cn1c(=O)c2c(CC(=O)Nc3nc(-c4cc(Cl)c(OCC(F)(F)F)c(Cl)c4)cs3)coc2n(C)c1=O,DDCBCYZFOVRVBY-UHFFFAOYSA-N
17720276,CHEMBL3887573,B,Cn1c(=O)c2c(CC(=O)Nc3nc(-c4ccc(F)c(C(F)(F)F)c4)cs3)coc2n(C)c1=O,,CHEMBL3886359,2015,CHEMBL3942587,7.92,=,=,IC50,nM,11.88,IC50,nM,11.88,Cn1c(=O)c2c(CC(=O)Nc3nc(-c4ccc(F)c(C(F)(F)F)c4)cs3)coc2n(C)c1=O,HXYKQFXGQHGPRG-UHFFFAOYSA-N
17720277,CHEMBL3887573,B,Cn1c(=O)c2c(CC(=O)Nc3nc(-c4cccc(C(F)(F)F)c4F)cs3)coc2n(C)c1=O,,CHEMBL3886359,2015,CHEMBL3976217,8.66,=,=,IC50,nM,2.21,IC50,nM,2.21,Cn1c(=O)c2c(CC(=O)Nc3nc(-c4cccc(C(F)(F)F)c4F)cs3)coc2n(C)c1=O,MSQPVCFZSCZFMD-UHFFFAOYSA-N
17720278,CHEMBL3887573,B,Cn1c(=O)c2c(CC(=O)Nc3nc(-c4cc(F)c(OCC(F)(F)F)c(Cl)c4)cs3)coc2n(C)c1=O,,CHEMBL3886359,2015,CHEMBL3929233,8.45,=,=,IC50,nM,3.54,IC50,nM,3.54,Cn1c(=O)c2c(CC(=O)Nc3nc(-c4cc(F)c(OCC(F)(F)F)c(Cl)c4)cs3)coc2n(C)c1=O,QEIWOHNHKVKLRF-UHFFFAOYSA-N
17720279,CHEMBL3887573,B,Cc1oc2c(c1CC(=O)Nc1nc(-c3cc(F)cc(C(F)(F)F)c3)cs1)c(=O)n(C)c(=O)n2C,,CHEMBL3886359,2015,CHEMBL3905460,8.53,=,=,IC50,nM,2.93,IC50,nM,2.93,Cc1oc2c(c1CC(=O)Nc1nc(-c3cc(F)cc(C(F)(F)F)c3)cs1)c(=O)n(C)c(=O)n2C,OZYWCNZZAGZNJD-UHFFFAOYSA-N
17720280,CHEMBL3887573,B,Cc1oc2c(c1CC(=O)Nc1nc(-c3cc(F)c(OCC(F)(F)F)c(F)c3)cs1)c(=O)n(C)c(=O)n2C,,CHEMBL3886359,2015,CHEMBL3974013,8.78,=,=,IC50,nM,1.68,IC50,nM,1.68,Cc1oc2c(c1CC(=O)Nc1nc(-c3cc(F)c(OCC(F)(F)F)c(F)c3)cs1)c(=O)n(C)c(=O)n2C,NCURYYQHLSRXOT-UHFFFAOYSA-N
17720281,CHEMBL3887573,B,Cc1oc2c(c1CC(=O)Nc1nc(-c3ccc(Cl)c(OC(F)(F)F)c3)cs1)c(=O)n(C)c(=O)n2C,,CHEMBL3886359,2015,CHEMBL3932546,8.04,=,=,IC50,nM,9.04,IC50,nM,9.04,Cc1oc2c(c1CC(=O)Nc1nc(-c3ccc(Cl)c(OC(F)(F)F)c3)cs1)c(=O)n(C)c(=O)n2C,GLTMCNDGYKDTAQ-UHFFFAOYSA-N
17720282,CHEMBL3887573,B,Cc1oc2c(c1CC(=O)Nc1nc(-c3ccc(F)c(C(F)(F)F)c3F)cs1)c(=O)n(C)c(=O)n2C,,CHEMBL3886359,2015,CHEMBL3956560,8.35,=,=,IC50,nM,4.52,IC50,nM,4.52,Cc1oc2c(c1CC(=O)Nc1nc(-c3ccc(F)c(C(F)(F)F)c3F)cs1)c(=O)n(C)c(=O)n2C,LRHYTZHUYICYOM-UHFFFAOYSA-N
17720283,CHEMBL3887573,B,Cc1oc2c(c1CC(=O)Nc1nc(-c3ccc(C(F)(F)F)cc3F)cs1)c(=O)n(C)c(=O)n2C,,CHEMBL3886359,2015,CHEMBL3920106,8.18,=,=,IC50,nM,6.65,IC50,nM,6.65,Cc1oc2c(c1CC(=O)Nc1nc(-c3ccc(C(F)(F)F)cc3F)cs1)c(=O)n(C)c(=O)n2C,GDGPROVRKWVGIM-UHFFFAOYSA-N
17720284,CHEMBL3887573,B,Cc1oc2c(c1CC(=O)Nc1nc(-c3cc(F)c(OCC(C)(C)C)c(F)c3)cs1)c(=O)n(C)c(=O)n2C,,CHEMBL3886359,2015,CHEMBL3904770,8.44,=,=,IC50,nM,3.63,IC50,nM,3.63,Cc1oc2c(c1CC(=O)Nc1nc(-c3cc(F)c(OCC(C)(C)C)c(F)c3)cs1)c(=O)n(C)c(=O)n2C,GXZJAPWOZROTCB-UHFFFAOYSA-N
17720285,CHEMBL3887573,B,Cc1oc2c(c1CC(=O)Nc1nc(-c3cccc(C(F)(F)F)c3F)cs1)c(=O)n(C)c(=O)n2C,,CHEMBL3886359,2015,CHEMBL3944579,7.87,=,=,IC50,nM,13.59,IC50,nM,13.59,Cc1oc2c(c1CC(=O)Nc1nc(-c3cccc(C(F)(F)F)c3F)cs1)c(=O)n(C)c(=O)n2C,HFXXGXZWVDFVPZ-UHFFFAOYSA-N
17720286,CHEMBL3887573,B,Cc1oc2c(c1CC(=O)Nc1nc(-c3ccc(F)c(OC(F)(F)F)c3)cs1)c(=O)n(C)c(=O)n2C,,CHEMBL3886359,2015,CHEMBL3977240,8.31,=,=,IC50,nM,4.84,IC50,nM,4.84,Cc1oc2c(c1CC(=O)Nc1nc(-c3ccc(F)c(OC(F)(F)F)c3)cs1)c(=O)n(C)c(=O)n2C,YNQDIELZBNNYMX-UHFFFAOYSA-N
17720287,CHEMBL3887573,B,Cc1oc2c(c1CC(=O)Nc1nc(-c3ccc(F)c(C(F)(F)F)c3)cs1)c(=O)n(C)c(=O)n2C,,CHEMBL3886359,2015,CHEMBL3936454,8.15,=,=,IC50,nM,7.1,IC50,nM,7.1,Cc1oc2c(c1CC(=O)Nc1nc(-c3ccc(F)c(C(F)(F)F)c3)cs1)c(=O)n(C)c(=O)n2C,ISWKUHZARATATJ-UHFFFAOYSA-N
17720288,CHEMBL3887573,B,Cc1oc2c(c1CC(=O)Nc1nc(-c3ccc(OC(F)(F)F)c(F)c3)cs1)c(=O)n(C)c(=O)n2C,,CHEMBL3886359,2015,CHEMBL3904928,7.9,=,=,IC50,nM,12.57,IC50,nM,12.57,Cc1oc2c(c1CC(=O)Nc1nc(-c3ccc(OC(F)(F)F)c(F)c3)cs1)c(=O)n(C)c(=O)n2C,YDBYOXUORMOOBQ-UHFFFAOYSA-N
17720289,CHEMBL3887573,B,Cc1oc2c(c1CC(=O)Nc1nc(-c3ccc(Cl)c(C(F)(F)F)c3)cs1)c(=O)n(C)c(=O)n2C,,CHEMBL3886359,2015,CHEMBL3927494,8.5,=,=,IC50,nM,3.18,IC50,nM,3.18,Cc1oc2c(c1CC(=O)Nc1nc(-c3ccc(Cl)c(C(F)(F)F)c3)cs1)c(=O)n(C)c(=O)n2C,DJDKJQHFJXTIKP-UHFFFAOYSA-N
17720290,CHEMBL3887573,B,Cc1oc2c(c1CC(=O)Nc1nc(-c3cc(F)c(C(F)(F)F)c(F)c3)cs1)c(=O)n(C)c(=O)n2C,,CHEMBL3886359,2015,CHEMBL3899453,8.38,=,=,IC50,nM,4.16,IC50,nM,4.16,Cc1oc2c(c1CC(=O)Nc1nc(-c3cc(F)c(C(F)(F)F)c(F)c3)cs1)c(=O)n(C)c(=O)n2C,WZFVQGWXJBTVEA-UHFFFAOYSA-N
17720291,CHEMBL3887573,B,Cc1oc2c(c1CC(=O)Nc1nc(-c3ccc(OC(F)(F)F)c(Cl)c3)cs1)c(=O)n(C)c(=O)n2C,,CHEMBL3886359,2015,CHEMBL3931880,8.07,=,=,IC50,nM,8.54,IC50,nM,8.54,Cc1oc2c(c1CC(=O)Nc1nc(-c3ccc(OC(F)(F)F)c(Cl)c3)cs1)c(=O)n(C)c(=O)n2C,NLZYLJKBFOAYMA-UHFFFAOYSA-N
17720292,CHEMBL3887573,B,Cc1oc2c(c1CC(=O)Nc1nc(-c3ccc(OCC(F)(F)F)c(Cl)c3)cs1)c(=O)n(C)c(=O)n2C,,CHEMBL3886359,2015,CHEMBL3922771,8.28,=,=,IC50,nM,5.29,IC50,nM,5.29,Cc1oc2c(c1CC(=O)Nc1nc(-c3ccc(OCC(F)(F)F)c(Cl)c3)cs1)c(=O)n(C)c(=O)n2C,FATUHOJCYPAYKH-UHFFFAOYSA-N
17720293,CHEMBL3887573,B,Cc1oc2c(c1CC(=O)Nc1nc(-c3cc(Cl)c(OCC(C)C)c(Cl)c3)cs1)c(=O)n(C)c(=O)n2C,,CHEMBL3886359,2015,CHEMBL3920312,8.48,=,=,IC50,nM,3.34,IC50,nM,3.34,Cc1oc2c(c1CC(=O)Nc1nc(-c3cc(Cl)c(OCC(C)C)c(Cl)c3)cs1)c(=O)n(C)c(=O)n2C,HFTZDURZNKGJNR-UHFFFAOYSA-N
17720294,CHEMBL3887573,B,Cc1oc2c(c1CC(=O)Nc1nc(-c3ccc(C(F)(F)F)c(F)c3F)cs1)c(=O)n(C)c(=O)n2C,,CHEMBL3886359,2015,CHEMBL3898239,8.4,=,=,IC50,nM,4.02,IC50,nM,4.02,Cc1oc2c(c1CC(=O)Nc1nc(-c3ccc(C(F)(F)F)c(F)c3F)cs1)c(=O)n(C)c(=O)n2C,MQPVCEGYFVTWDL-UHFFFAOYSA-N
17720295,CHEMBL3887573,B,Cn1c(=O)c2c(CC(=O)Nc3nc(-c4ccc(F)c(C(F)(F)F)c4F)cs3)nsc2n(C)c1=O,,CHEMBL3886359,2015,CHEMBL3941901,8.25,=,=,IC50,nM,5.6,IC50,nM,5.6,Cn1c(=O)c2c(CC(=O)Nc3nc(-c4ccc(F)c(C(F)(F)F)c4F)cs3)nsc2n(C)c1=O,XCZDOORZBGHHNA-UHFFFAOYSA-N
17720296,CHEMBL3887573,B,Cn1c(=O)c2c(CC(=O)Nc3nc(-c4ccc(C(F)(F)F)cc4F)cs3)nsc2n(C)c1=O,,CHEMBL3886359,2015,CHEMBL3913924,7.98,=,=,IC50,nM,10.57,IC50,nM,10.57,Cn1c(=O)c2c(CC(=O)Nc3nc(-c4ccc(C(F)(F)F)cc4F)cs3)nsc2n(C)c1=O,KGZSYEIVIHQFAV-UHFFFAOYSA-N
17720297,CHEMBL3887573,B,Cn1c(=O)c2c(CC(=O)Nc3nc(-c4cccc(C(F)(F)F)c4F)cs3)nsc2n(C)c1=O,,CHEMBL3886359,2015,CHEMBL3944172,8.28,=,=,IC50,nM,5.29,IC50,nM,5.29,Cn1c(=O)c2c(CC(=O)Nc3nc(-c4cccc(C(F)(F)F)c4F)cs3)nsc2n(C)c1=O,LJVBOYNVRPSCQX-UHFFFAOYSA-N
17720298,CHEMBL3887573,B,Cn1c(=O)c2c(CC(=O)Nc3nc(-c4ccc(OC(F)(F)F)c(Cl)c4)cs3)nsc2n(C)c1=O,,CHEMBL3886359,2015,CHEMBL3892326,8.2,=,=,IC50,nM,6.28,IC50,nM,6.28,Cn1c(=O)c2c(CC(=O)Nc3nc(-c4ccc(OC(F)(F)F)c(Cl)c4)cs3)nsc2n(C)c1=O,HGJRJRKZFZNQMJ-UHFFFAOYSA-N
17720299,CHEMBL3887573,B,Cn1c(=O)c2c(CC(=O)Nc3nc(-c4ccc(C(F)(F)F)c(F)c4)cs3)nsc2n(C)c1=O,,CHEMBL3886359,2015,CHEMBL3912738,8.17,=,=,IC50,nM,6.74,IC50,nM,6.74,Cn1c(=O)c2c(CC(=O)Nc3nc(-c4ccc(C(F)(F)F)c(F)c4)cs3)nsc2n(C)c1=O,JEPYVPCCTJDATH-UHFFFAOYSA-N
17720300,CHEMBL3887573,B,Cn1c(=O)c2c(CC(=O)Nc3nc(-c4ccc(OC(F)(F)F)c(F)c4)cs3)nsc2n(C)c1=O,,CHEMBL3886359,2015,CHEMBL3892970,8.1,=,=,IC50,nM,8.04,IC50,nM,8.04,Cn1c(=O)c2c(CC(=O)Nc3nc(-c4ccc(OC(F)(F)F)c(F)c4)cs3)nsc2n(C)c1=O,NNSLKBVDAAEDLW-UHFFFAOYSA-N
17720301,CHEMBL3887573,B,Cn1c(=O)c2c(CC(=O)Nc3nc(-c4cc(F)cc(C(F)(F)F)c4)cs3)nsc2n(C)c1=O,,CHEMBL3886359,2015,CHEMBL3984932,8.36,=,=,IC50,nM,4.4,IC50,nM,4.4,Cn1c(=O)c2c(CC(=O)Nc3nc(-c4cc(F)cc(C(F)(F)F)c4)cs3)nsc2n(C)c1=O,ODCGQSLLUGLMSU-UHFFFAOYSA-N
17720302,CHEMBL3887573,B,Cn1c(=O)c2c(CC(=O)Nc3nc(-c4ccc(C(F)(F)F)c(F)c4F)cs3)nsc2n(C)c1=O,,CHEMBL3886359,2015,CHEMBL3945471,8.27,=,=,IC50,nM,5.35,IC50,nM,5.35,Cn1c(=O)c2c(CC(=O)Nc3nc(-c4ccc(C(F)(F)F)c(F)c4F)cs3)nsc2n(C)c1=O,PYQZVIOQEOMABN-UHFFFAOYSA-N
17720303,CHEMBL3887573,B,Cn1c(=O)c2c(CC(=O)Nc3nc(-c4ccc(C(F)(F)F)c(F)c4)cs3)ccnc2n(C)c1=O,,CHEMBL3886359,2015,CHEMBL3905406,8.05,=,=,IC50,nM,8.92,IC50,nM,8.92,Cn1c(=O)c2c(CC(=O)Nc3nc(-c4ccc(C(F)(F)F)c(F)c4)cs3)ccnc2n(C)c1=O,LVNGBBYMWXDSCD-UHFFFAOYSA-N
17720304,CHEMBL3887573,B,Cn1c(=O)c2c(CC(=O)Nc3nc(-c4cc(F)c(OCC(F)(F)F)c(F)c4)cs3)ccnc2n(C)c1=O,,CHEMBL3886359,2015,CHEMBL3948210,8.16,=,=,IC50,nM,6.91,IC50,nM,6.91,Cn1c(=O)c2c(CC(=O)Nc3nc(-c4cc(F)c(OCC(F)(F)F)c(F)c4)cs3)ccnc2n(C)c1=O,ZQPFWJOHVAEPBW-UHFFFAOYSA-N
17720305,CHEMBL3887573,B,Cn1c(=O)c2c(CC(=O)Nc3nc(-c4ccc(F)c(C(F)(F)F)c4F)cs3)ccnc2n(C)c1=O,,CHEMBL3886359,2015,CHEMBL3979456,7.71,=,=,IC50,nM,19.32,IC50,nM,19.32,Cn1c(=O)c2c(CC(=O)Nc3nc(-c4ccc(F)c(C(F)(F)F)c4F)cs3)ccnc2n(C)c1=O,KSLQPFSVJVQJTN-UHFFFAOYSA-N
17720306,CHEMBL3887573,B,Cn1c(=O)c2c(CC(=O)Nc3nc(-c4ccc(OC(F)(F)F)c(F)c4)cs3)ccnc2n(C)c1=O,,CHEMBL3886359,2015,CHEMBL3947801,7.94,=,=,IC50,nM,11.45,IC50,nM,11.45,Cn1c(=O)c2c(CC(=O)Nc3nc(-c4ccc(OC(F)(F)F)c(F)c4)cs3)ccnc2n(C)c1=O,MGGVBMYIXILZHA-UHFFFAOYSA-N
17720307,CHEMBL3887573,B,CCC(=N\O)/C(C)=C/c1ccc(F)cc1,,CHEMBL3886359,2015,CHEMBL3697701,7.01,=,=,IC50,nM,98.44,IC50,nM,98.44,CCC(=N\O)/C(C)=C/c1ccc(F)cc1,HKROEBDHHKMNBZ-CHBKHGQFSA-N
17720308,CHEMBL3887573,B,COCCCOc1cccc(C2NC(=S)NC3=C2C(=O)c2ccccc23)c1,,CHEMBL3886359,2015,CHEMBL1939972,8.25,=,=,IC50,nM,5.61,IC50,nM,5.61,COCCCOc1cccc(C2NC(=S)NC3=C2C(=O)c2ccccc23)c1,DTVXBNDIMDRBBV-UHFFFAOYSA-N
17720310,CHEMBL3887573,B,Cn1c(=O)c2c(CC(=O)Nc3nc(-c4ccc(F)c(C(F)(F)F)c4F)cs3)onc2n(C)c1=O,,CHEMBL3886359,2015,CHEMBL3894760,7.77,=,=,IC50,nM,17.08,IC50,nM,17.08,Cn1c(=O)c2c(CC(=O)Nc3nc(-c4ccc(F)c(C(F)(F)F)c4F)cs3)onc2n(C)c1=O,NTFPIJYAGREYFB-UHFFFAOYSA-N
17720311,CHEMBL3887573,B,Cc1oc2c(c1CC(=O)/N=c1\scc(-c3ccc(OC(F)(F)F)c(Cl)c3)n1COP(=O)(O)O)c(=O)n(C)c(=O)n2C,,CHEMBL3886359,2015,CHEMBL3977053,5.93,=,=,IC50,nM,1180.0,IC50,nM,1180.0,Cc1oc2c(c1CC(=O)/N=c1\scc(-c3ccc(OC(F)(F)F)c(Cl)c3)n1COP(=O)(O)O)c(=O)n(C)c(=O)n2C,MBFAPSKWPISCAC-OOAXWGSJSA-N
17720312,CHEMBL3887573,B,Cn1nc2c(c1CC(=O)/N=c1\scc(-c3ccc(F)c(C(F)(F)F)c3F)n1COP(=O)(O)O)c(=O)n(C)c(=O)n2C,,CHEMBL3886359,2015,CHEMBL3953123,5.8,=,=,IC50,nM,1580.0,IC50,nM,1580.0,Cn1nc2c(c1CC(=O)/N=c1\scc(-c3ccc(F)c(C(F)(F)F)c3F)n1COP(=O)(O)O)c(=O)n(C)c(=O)n2C,RDUWGQOSDSCPEY-DIBXZPPDSA-N
17720313,CHEMBL3887573,B,Cc1oc2c(c1CC(=O)/N=c1\scc(-c3ccc(OC(F)(F)F)c(Cl)c3)n1COC(=O)[C@@H](N)C(C)C)c(=O)n(C)c(=O)n2C,,CHEMBL3886359,2015,CHEMBL3987098,7.05,=,=,IC50,nM,88.5,IC50,nM,88.5,Cc1oc2c(c1CC(=O)/N=c1\scc(-c3ccc(OC(F)(F)F)c(Cl)c3)n1COC(=O)[C@@H](N)C(C)C)c(=O)n(C)c(=O)n2C,MJFAWSAGOMZKPI-RAXQPMNESA-N
17720314,CHEMBL3887573,B,Cn1c(=O)c2c(CC(=O)/N=c3\scc(-c4ccc(F)c(C(F)(F)F)c4F)n3COP(=O)(O)O)csc2n(C)c1=O,,CHEMBL3886359,2015,CHEMBL3915505,6.25,=,=,IC50,nM,559.3,IC50,nM,559.3,Cn1c(=O)c2c(CC(=O)/N=c3\scc(-c4ccc(F)c(C(F)(F)F)c4F)n3COP(=O)(O)O)csc2n(C)c1=O,IEXGDENLKSBYPG-DIBXZPPDSA-N
17720315,CHEMBL3887573,B,CC(C)[C@H](N)C(=O)OCn1c(-c2ccc(F)c(C(F)(F)F)c2F)cs/c1=N\C(=O)Cc1csc2c1c(=O)n(C)c(=O)n2C,,CHEMBL3886359,2015,CHEMBL3926532,7.66,=,=,IC50,nM,21.91,IC50,nM,21.91,CC(C)[C@H](N)C(=O)OCn1c(-c2ccc(F)c(C(F)(F)F)c2F)cs/c1=N\C(=O)Cc1csc2c1c(=O)n(C)c(=O)n2C,SHSSNEIQZDUKEK-LISNJYIYSA-N
17720316,CHEMBL3887573,B,Cc1oc2c(c1CC(=O)/N=c1\scc(-c3ccc(OC(F)(F)F)c(Cl)c3)n1COC(=O)CN)c(=O)n(C)c(=O)n2C,,CHEMBL3886359,2015,CHEMBL3954164,7.26,=,=,IC50,nM,54.29,IC50,nM,54.29,Cc1oc2c(c1CC(=O)/N=c1\scc(-c3ccc(OC(F)(F)F)c(Cl)c3)n1COC(=O)CN)c(=O)n(C)c(=O)n2C,KDLVKFCBCTXDOW-SWKFRHMKSA-N
17720317,CHEMBL3887573,B,Cn1c(=O)c2c(CC(=O)Nc3nc(-c4ccc(C(F)(F)F)c(F)c4)cs3)c(Cl)oc2n(C)c1=O,,CHEMBL3886359,2015,CHEMBL3958126,8.3,=,=,IC50,nM,5.06,IC50,nM,5.06,Cn1c(=O)c2c(CC(=O)Nc3nc(-c4ccc(C(F)(F)F)c(F)c4)cs3)c(Cl)oc2n(C)c1=O,FFLBKZQHVGBNKP-UHFFFAOYSA-N
17720318,CHEMBL3887573,B,Cn1c(=O)c2c(CC(=O)Nc3nc(-c4cc(F)cc(C(F)(F)F)c4)cs3)c(Cl)oc2n(C)c1=O,,CHEMBL3886359,2015,CHEMBL3930651,8.29,=,=,IC50,nM,5.15,IC50,nM,5.15,Cn1c(=O)c2c(CC(=O)Nc3nc(-c4cc(F)cc(C(F)(F)F)c4)cs3)c(Cl)oc2n(C)c1=O,RWCHXWRYBIRFNE-UHFFFAOYSA-N
17720319,CHEMBL3887573,B,Cn1c(=O)c2c(CC(=O)Nc3nc(-c4ccc(F)c(C(F)(F)F)c4F)cs3)c(Cl)oc2n(C)c1=O,,CHEMBL3886359,2015,CHEMBL3949747,8.0,=,=,IC50,nM,10.1,IC50,nM,10.1,Cn1c(=O)c2c(CC(=O)Nc3nc(-c4ccc(F)c(C(F)(F)F)c4F)cs3)c(Cl)oc2n(C)c1=O,ANPQBLBZMKRGJT-UHFFFAOYSA-N
17720320,CHEMBL3887573,B,Cn1c(=O)c2c(CC(=O)Nc3nc(-c4ccc(OC(F)(F)F)c(F)c4)cs3)c(Cl)oc2n(C)c1=O,,CHEMBL3886359,2015,CHEMBL3939505,8.12,=,=,IC50,nM,7.67,IC50,nM,7.67,Cn1c(=O)c2c(CC(=O)Nc3nc(-c4ccc(OC(F)(F)F)c(F)c4)cs3)c(Cl)oc2n(C)c1=O,MJLDVLCZYBQYAL-UHFFFAOYSA-N
17720321,CHEMBL3887573,B,Cn1c(=O)c2c(CC(=O)Nc3nc(-c4ccc(F)c(OC(F)(F)F)c4)cs3)c(Cl)oc2n(C)c1=O,,CHEMBL3886359,2015,CHEMBL3945044,7.56,=,=,IC50,nM,27.41,IC50,nM,27.41,Cn1c(=O)c2c(CC(=O)Nc3nc(-c4ccc(F)c(OC(F)(F)F)c4)cs3)c(Cl)oc2n(C)c1=O,FZZFOAXTJWRIME-UHFFFAOYSA-N
17720322,CHEMBL3887573,B,Cn1c(=O)c2c(CC(=O)Nc3nc(-c4ccc(C(F)(F)F)c(F)c4F)cs3)c(Cl)oc2n(C)c1=O,,CHEMBL3886359,2015,CHEMBL3978811,8.12,=,=,IC50,nM,7.58,IC50,nM,7.58,Cn1c(=O)c2c(CC(=O)Nc3nc(-c4ccc(C(F)(F)F)c(F)c4F)cs3)c(Cl)oc2n(C)c1=O,ZVSPWYGMKXWYHG-UHFFFAOYSA-N
17774758,CHEMBL3888572,B,CCN(CC(=O)NCC1CCCN(c2ccc(C(F)(F)F)cc2)C1)S(=O)(=O)c1ccc(F)cc1,,CHEMBL3886764,2016,CHEMBL3922391,6.31,=,=,IC50,nM,494.0,IC50,nM,494.0,CCN(CC(=O)NCC1CCCN(c2ccc(C(F)(F)F)cc2)C1)S(=O)(=O)c1ccc(F)cc1,PPPUCVVATHINGW-UHFFFAOYSA-N
17774759,CHEMBL3888572,B,CC(C)N(CC(=O)NCC1CCCN(c2ccc(C(F)(F)F)cc2)C1)S(=O)(=O)c1ccc(F)cc1,,CHEMBL3886764,2016,CHEMBL3890809,6.63,=,=,IC50,nM,233.0,IC50,nM,233.0,CC(C)N(CC(=O)NCC1CCCN(c2ccc(C(F)(F)F)cc2)C1)S(=O)(=O)c1ccc(F)cc1,AKQMAZGMANPFFK-UHFFFAOYSA-N
17774760,CHEMBL3888572,B,CCN(CC(=O)NCC1CCN(c2ccc(C(F)(F)F)cc2)C1)S(=O)(=O)c1ccc(F)cc1,,CHEMBL3886764,2016,CHEMBL3913396,6.2,=,=,IC50,nM,634.0,IC50,nM,634.0,CCN(CC(=O)NCC1CCN(c2ccc(C(F)(F)F)cc2)C1)S(=O)(=O)c1ccc(F)cc1,UTUGFRIYXHKDHB-UHFFFAOYSA-N
17774761,CHEMBL3888572,B,CC(C)N(CC(=O)NCC1CCN(c2ccc(C(F)(F)F)cc2)C1)S(=O)(=O)c1ccc(F)cc1,,CHEMBL3886764,2016,CHEMBL3983229,6.37,=,=,IC50,nM,425.0,IC50,nM,425.0,CC(C)N(CC(=O)NCC1CCN(c2ccc(C(F)(F)F)cc2)C1)S(=O)(=O)c1ccc(F)cc1,ULMWCILOQZCGJY-UHFFFAOYSA-N
17774762,CHEMBL3888572,B,CC(C)N(CC(=O)NC[C@@H]1CCCN(c2ccc(C(F)(F)F)cc2)C1)S(=O)(=O)c1ccc(F)cc1,,CHEMBL3886764,2016,CHEMBL3908709,6.51,=,=,IC50,nM,307.0,IC50,nM,307.0,CC(C)N(CC(=O)NC[C@@H]1CCCN(c2ccc(C(F)(F)F)cc2)C1)S(=O)(=O)c1ccc(F)cc1,AKQMAZGMANPFFK-SFHVURJKSA-N
17774763,CHEMBL3888572,B,CC(C)N(CC(=O)NC[C@H]1CCCN(c2ccc(C(F)(F)F)cc2)C1)S(=O)(=O)c1ccc(F)cc1,,CHEMBL3886764,2016,CHEMBL4110915,6.3,=,=,IC50,nM,504.0,IC50,nM,504.0,CC(C)N(CC(=O)NC[C@H]1CCCN(c2ccc(C(F)(F)F)cc2)C1)S(=O)(=O)c1ccc(F)cc1,AKQMAZGMANPFFK-GOSISDBHSA-N
17774764,CHEMBL3888572,B,CN(CC(=O)NCC1CN(c2ccc(C(F)(F)F)cc2)CCO1)S(=O)(=O)c1ccc(F)cc1,,CHEMBL3886764,2016,CHEMBL3927799,5.82,=,=,IC50,nM,1516.0,IC50,nM,1516.0,CN(CC(=O)NCC1CN(c2ccc(C(F)(F)F)cc2)CCO1)S(=O)(=O)c1ccc(F)cc1,IDPIVZXQDBCGRG-UHFFFAOYSA-N
17774765,CHEMBL3888572,B,CC(C)N(CC(=O)NCC1CN(c2ccc(C(F)(F)F)cc2)CCO1)S(=O)(=O)c1ccc(F)cc1,,CHEMBL3886764,2016,CHEMBL3899792,6.71,=,=,IC50,nM,193.0,IC50,nM,193.0,CC(C)N(CC(=O)NCC1CN(c2ccc(C(F)(F)F)cc2)CCO1)S(=O)(=O)c1ccc(F)cc1,BPKDWFGRTCABEJ-UHFFFAOYSA-N
17774766,CHEMBL3888572,B,CCN(CC(=O)NCC1CN(c2ccc(C(F)(F)F)cc2)CCO1)S(=O)(=O)c1ccc(F)cc1,,CHEMBL3886764,2016,CHEMBL3930110,6.65,=,=,IC50,nM,226.0,IC50,nM,226.0,CCN(CC(=O)NCC1CN(c2ccc(C(F)(F)F)cc2)CCO1)S(=O)(=O)c1ccc(F)cc1,QQQSONYYTGJIQO-UHFFFAOYSA-N
17774767,CHEMBL3888572,B,CC(C)N(CC(=O)NC[C@@H]1CN(c2ccc(C(F)(F)F)cc2)CCO1)S(=O)(=O)c1ccc(F)cc1,,CHEMBL3886764,2016,CHEMBL4112565,5.88,=,=,IC50,nM,1310.0,IC50,nM,1310.0,CC(C)N(CC(=O)NC[C@@H]1CN(c2ccc(C(F)(F)F)cc2)CCO1)S(=O)(=O)c1ccc(F)cc1,BPKDWFGRTCABEJ-HXUWFJFHSA-N
17774768,CHEMBL3888572,B,CC(C)N(CC(=O)NC[C@H]1CN(c2ccc(C(F)(F)F)cc2)CCO1)S(=O)(=O)c1ccc(F)cc1,,CHEMBL3886764,2016,CHEMBL3898574,6.82,=,=,IC50,nM,151.0,IC50,nM,151.0,CC(C)N(CC(=O)NC[C@H]1CN(c2ccc(C(F)(F)F)cc2)CCO1)S(=O)(=O)c1ccc(F)cc1,BPKDWFGRTCABEJ-FQEVSTJZSA-N
17774769,CHEMBL3888572,B,CC(C)N(CC(=O)NCC1CN(c2ccc(C(F)(F)F)cn2)CCO1)S(=O)(=O)c1ccc(F)cc1,,CHEMBL3886764,2016,CHEMBL3930699,6.42,=,=,IC50,nM,385.0,IC50,nM,385.0,CC(C)N(CC(=O)NCC1CN(c2ccc(C(F)(F)F)cn2)CCO1)S(=O)(=O)c1ccc(F)cc1,WNIFMMBGRDWVSC-UHFFFAOYSA-N
17777756,CHEMBL3888736,B,CC(C)Nc1c(-c2cccc(Cl)c2)nc2ccc(Br)cn12,,CHEMBL3886811,2016,CHEMBL3948176,6.88,=,=,IC50,nM,132.0,IC50,nM,132.0,CC(C)Nc1c(-c2cccc(Cl)c2)nc2ccc(Br)cn12,WPTCSNGQXKAVFR-UHFFFAOYSA-N
17777757,CHEMBL3888736,B,CC(C)Nc1c(-c2cccc(Cl)c2)nc2ccc(Cl)cn12,,CHEMBL3886811,2016,CHEMBL3922867,6.71,=,=,IC50,nM,195.0,IC50,nM,195.0,CC(C)Nc1c(-c2cccc(Cl)c2)nc2ccc(Cl)cn12,TWBKIWUMAUJIEJ-UHFFFAOYSA-N
17777758,CHEMBL3888736,B,COC(=O)CNc1c(-c2cccc(F)c2)nc2ccc(F)cn12,,CHEMBL3886811,2016,CHEMBL3954040,5.48,=,=,IC50,nM,3295.0,IC50,nM,3295.0,COC(=O)CNc1c(-c2cccc(F)c2)nc2ccc(F)cn12,XNHDIEBXXZHYPG-UHFFFAOYSA-N
17777759,CHEMBL3888736,B,CC(C)(C)Nc1c(-c2cccc(F)c2)nc2ccc(C(F)(F)F)cn12,,CHEMBL3886811,2016,CHEMBL3917423,5.88,=,=,IC50,nM,1326.0,IC50,nM,1326.0,CC(C)(C)Nc1c(-c2cccc(F)c2)nc2ccc(C(F)(F)F)cn12,GMHGSZNLCIEWAB-UHFFFAOYSA-N
17777760,CHEMBL3888736,B,CC(C)(C)Nc1c(-c2cccc(C#N)c2)nc2ccc(C(F)(F)F)cn12,,CHEMBL3886811,2016,CHEMBL3945305,6.07,=,=,IC50,nM,854.0,IC50,nM,854.0,CC(C)(C)Nc1c(-c2cccc(C#N)c2)nc2ccc(C(F)(F)F)cn12,QWTDNAJECWPVJB-UHFFFAOYSA-N
17777761,CHEMBL3888736,B,CC(C)(C)Nc1c(-c2cccc(C#N)c2)nc2ccc(Cl)cn12,,CHEMBL3886811,2016,CHEMBL3944269,5.67,=,=,IC50,nM,2133.0,IC50,nM,2133.0,CC(C)(C)Nc1c(-c2cccc(C#N)c2)nc2ccc(Cl)cn12,AAOJDMVYFBSKFT-UHFFFAOYSA-N
17777762,CHEMBL3888736,B,Clc1cccc(-c2nc3ccc(Cl)cn3c2NC2CC2)c1,,CHEMBL3886811,2016,CHEMBL3970365,5.8,=,=,IC50,nM,1586.0,IC50,nM,1586.0,Clc1cccc(-c2nc3ccc(Cl)cn3c2NC2CC2)c1,OUOCXXWHUVVIMO-UHFFFAOYSA-N
17777763,CHEMBL3888736,B,CC(C)(C)Nc1c(-c2cccc(Cl)c2)nc2c(Br)cc(Cl)cn12,,CHEMBL3886811,2016,CHEMBL3931817,5.96,=,=,IC50,nM,1086.0,IC50,nM,1086.0,CC(C)(C)Nc1c(-c2cccc(Cl)c2)nc2c(Br)cc(Cl)cn12,NVJRTSJVHGFIRF-UHFFFAOYSA-N
17777764,CHEMBL3888736,B,Cc1cc2nc(-c3cccc(Cl)c3)c(NC(C)(C)C)n2cc1Br,,CHEMBL3886811,2016,CHEMBL3959298,6.64,=,=,IC50,nM,229.0,IC50,nM,229.0,Cc1cc2nc(-c3cccc(Cl)c3)c(NC(C)(C)C)n2cc1Br,QZGNCRICQIDMHW-UHFFFAOYSA-N
17777765,CHEMBL3888736,B,Cc1cc(Br)cn2c(NC(C)(C)C)c(-c3cccc(Cl)c3)nc12,,CHEMBL3886811,2016,CHEMBL3915061,6.66,=,=,IC50,nM,221.0,IC50,nM,221.0,Cc1cc(Br)cn2c(NC(C)(C)C)c(-c3cccc(Cl)c3)nc12,PKSXAPBVYBUCIY-UHFFFAOYSA-N
17777766,CHEMBL3888736,B,CC(C)(C)Nc1c(-c2cc(Cl)cc(Cl)c2)nc2ccc(C(F)(F)F)cn12,,CHEMBL3886811,2016,CHEMBL3946501,5.88,=,=,IC50,nM,1330.0,IC50,nM,1330.0,CC(C)(C)Nc1c(-c2cc(Cl)cc(Cl)c2)nc2ccc(C(F)(F)F)cn12,NBWWXTRHLDJUJO-UHFFFAOYSA-N
17777767,CHEMBL3888736,B,C#Cc1cccc(-c2nc3ccc(C(F)(F)F)cn3c2NC(C)(C)C)c1,,CHEMBL3886811,2016,CHEMBL3952379,6.96,=,=,IC50,nM,110.0,IC50,nM,110.0,C#Cc1cccc(-c2nc3ccc(C(F)(F)F)cn3c2NC(C)(C)C)c1,QHVGCPFDRYRMLN-UHFFFAOYSA-N
17777768,CHEMBL3888736,B,CC(C)(C)Nc1c(-c2cccc(Cl)c2)nc2cc(C(F)(F)F)ccn12,,CHEMBL3886811,2016,CHEMBL3924700,5.95,=,=,IC50,nM,1115.0,IC50,nM,1115.0,CC(C)(C)Nc1c(-c2cccc(Cl)c2)nc2cc(C(F)(F)F)ccn12,MKZWVKSABWOAEC-UHFFFAOYSA-N
17777769,CHEMBL3888736,B,CCNc1c(-c2cccc(Cl)c2)nc2ccc(C(F)(F)F)cn12,,CHEMBL3886811,2016,CHEMBL3961067,5.68,=,=,IC50,nM,2067.0,IC50,nM,2067.0,CCNc1c(-c2cccc(Cl)c2)nc2ccc(C(F)(F)F)cn12,SKTMPVUPTJNYLK-UHFFFAOYSA-N
17777770,CHEMBL3888736,B,C#Cc1cccc(-c2nc3ccc(C(F)(F)F)cn3c2NC(C)C)c1,,CHEMBL3886811,2016,CHEMBL3938303,7.09,=,=,IC50,nM,82.0,IC50,nM,82.0,C#Cc1cccc(-c2nc3ccc(C(F)(F)F)cn3c2NC(C)C)c1,VSCCSUZOKQGWHC-UHFFFAOYSA-N
17777771,CHEMBL3888736,B,CC(C)Nc1c(-c2cccc(Cl)c2)nc2ccc(C(F)(F)F)cn12,,CHEMBL3886811,2016,CHEMBL3968657,6.84,=,=,IC50,nM,143.0,IC50,nM,143.0,CC(C)Nc1c(-c2cccc(Cl)c2)nc2ccc(C(F)(F)F)cn12,WZUBEZISDJUWBT-UHFFFAOYSA-N
17777772,CHEMBL3888736,B,CC(C)(C)Nc1c(-c2cccc(Br)c2)nc2ccc(C(F)(F)F)cn12,,CHEMBL3886811,2016,CHEMBL3939108,6.58,=,=,IC50,nM,264.0,IC50,nM,264.0,CC(C)(C)Nc1c(-c2cccc(Br)c2)nc2ccc(C(F)(F)F)cn12,VDCOJMKBACDIHW-UHFFFAOYSA-N
17777773,CHEMBL3888736,B,CC(C)(C)Nc1c(-c2cccc(C#N)c2)nc2ccc(F)cn12,,CHEMBL3886811,2016,CHEMBL3977161,4.69,=,=,IC50,nM,20420.0,IC50,nM,20420.0,CC(C)(C)Nc1c(-c2cccc(C#N)c2)nc2ccc(F)cn12,VPEVJZHGWCCMBL-UHFFFAOYSA-N
18105437,CHEMBL4022611,B,Oc1ccc(/C=C/c2cc(Br)c(O)c(Br)c2)cc1,,CHEMBL4020807,2017,CHEMBL4064244,4.79,=,=,IC50,nM,16100.0,IC50,uM,16.1,Oc1ccc(/C=C/c2cc(Br)c(O)c(Br)c2)cc1,KGDYRCIWRHRFPK-OWOJBTEDSA-N
18105526,CHEMBL4022625,B,Oc1ccc(/C=C/c2cc(O)cc(O)c2)cc1,,CHEMBL4020807,2017,CHEMBL165,6.12,=,=,IC50,nM,750.0,IC50,uM,0.75,Oc1ccc(/C=C/c2cc(O)cc(O)c2)cc1,LUKBXSAWLPMMSZ-OWOJBTEDSA-N
18105527,CHEMBL4022626,B,Oc1ccccc1/C=C/c1ccccc1,,CHEMBL4020807,2017,CHEMBL2387060,5.77,=,=,IC50,nM,1700.0,IC50,uM,1.7,Oc1ccccc1/C=C/c1ccccc1,AYPZAZPOYROADP-ZHACJKMWSA-N
18105528,CHEMBL4022626,B,COc1ccccc1/C=C/c1ccccc1,,CHEMBL4020807,2017,CHEMBL2387062,5.77,=,=,IC50,nM,1700.0,IC50,uM,1.7,COc1ccccc1/C=C/c1ccccc1,FLQOKJWUYDGZIT-VAWYXSNFSA-N
18167776,CHEMBL4036824,B,FC(F)(F)c1ccc2c(Nc3ccc(Cl)nc3)n[nH]c2c1,,CHEMBL4033760,2017,CHEMBL4093377,5.6,=,=,IC50,nM,2500.0,IC50,uM,2.5,FC(F)(F)c1ccc2c(Nc3ccc(Cl)nc3)n[nH]c2c1,GNYBHKXPQGYGCV-UHFFFAOYSA-N
18167783,CHEMBL4036813,B,FC(F)(F)c1ccc2c(Nc3ccc(Cl)nc3)n[nH]c2c1,,CHEMBL4033760,2017,CHEMBL4093377,6.26,=,=,IC50,nM,550.0,IC50,uM,0.55,FC(F)(F)c1ccc2c(Nc3ccc(Cl)nc3)n[nH]c2c1,GNYBHKXPQGYGCV-UHFFFAOYSA-N
18167785,CHEMBL4036813,B,FC(F)(F)c1ccc2c(Nc3ccc(Cl)cc3)n[nH]c2c1,,CHEMBL4033760,2017,CHEMBL4095993,7.38,=,=,IC50,nM,42.0,IC50,nM,42.0,FC(F)(F)c1ccc2c(Nc3ccc(Cl)cc3)n[nH]c2c1,OPLSBZPFTJOKSC-UHFFFAOYSA-N
18167789,CHEMBL4036813,B,Clc1ccc(Nc2n[nH]c3ccccc23)cc1,,CHEMBL4033760,2017,CHEMBL4080409,4.93,=,=,IC50,nM,11700.0,IC50,nM,11700.0,Clc1ccc(Nc2n[nH]c3ccccc23)cc1,QNQAJPYYMAPRBO-UHFFFAOYSA-N
18167790,CHEMBL4036813,B,Fc1ccc(Nc2n[nH]c3cc(C(F)(F)F)ccc23)cc1F,,CHEMBL4033760,2017,CHEMBL4098431,7.28,=,=,IC50,nM,53.0,IC50,nM,53.0,Fc1ccc(Nc2n[nH]c3cc(C(F)(F)F)ccc23)cc1F,ZMFNOHRIULKSCC-UHFFFAOYSA-N
18167791,CHEMBL4036813,B,Fc1ccc(Nc2n[nH]c3cc(Cl)ccc23)cc1F,,CHEMBL4033760,2017,CHEMBL4088258,6.96,=,=,IC50,nM,111.0,IC50,nM,111.0,Fc1ccc(Nc2n[nH]c3cc(Cl)ccc23)cc1F,LNSIRIOINRHVCV-UHFFFAOYSA-N
18167792,CHEMBL4036813,B,Fc1ccc(Nc2n[nH]c3cc(OC(F)(F)F)ccc23)cc1F,,CHEMBL4033760,2017,CHEMBL4060024,6.88,=,=,IC50,nM,131.0,IC50,nM,131.0,Fc1ccc(Nc2n[nH]c3cc(OC(F)(F)F)ccc23)cc1F,UIGLXZWGNZLPBE-UHFFFAOYSA-N
18167793,CHEMBL4036813,B,Fc1ccc(Nc2n[nH]c3c(OC(F)(F)F)cccc23)cc1F,,CHEMBL4033760,2017,CHEMBL4061022,5.92,=,=,IC50,nM,1203.0,IC50,nM,1203.0,Fc1ccc(Nc2n[nH]c3c(OC(F)(F)F)cccc23)cc1F,CLDTYDWCLGHBRJ-UHFFFAOYSA-N
18167794,CHEMBL4036813,B,Fc1ccc(Nc2n[nH]c3cc(-c4ccc(F)c(F)c4)ccc23)cc1F,,CHEMBL4033760,2017,CHEMBL4082907,5.43,=,=,IC50,nM,3700.0,IC50,nM,3700.0,Fc1ccc(Nc2n[nH]c3cc(-c4ccc(F)c(F)c4)ccc23)cc1F,ULKXMRSVFAZCMY-UHFFFAOYSA-N
18167795,CHEMBL4036813,B,Fc1ccc(Nc2n[nH]c3cc(C(F)(F)F)cnc23)cc1F,,CHEMBL4033760,2017,CHEMBL4103611,7.42,=,=,IC50,nM,38.0,IC50,nM,38.0,Fc1ccc(Nc2n[nH]c3cc(C(F)(F)F)cnc23)cc1F,YOTMUJXMGKBCJI-UHFFFAOYSA-N
18167796,CHEMBL4036813,B,Fc1ccc(Nc2n[nH]c3cc(C(F)(F)F)ncc23)cc1F,,CHEMBL4033760,2017,CHEMBL4072845,6.19,=,=,IC50,nM,645.0,IC50,nM,645.0,Fc1ccc(Nc2n[nH]c3cc(C(F)(F)F)ncc23)cc1F,PYVHWBPRXXCCKR-UHFFFAOYSA-N
18167797,CHEMBL4036813,B,Fc1ccc(Nc2n[nH]c3cc(OC(F)(F)F)cnc23)cc1F,,CHEMBL4033760,2017,CHEMBL4062193,7.7,=,=,IC50,nM,20.0,IC50,uM,0.02,Fc1ccc(Nc2n[nH]c3cc(OC(F)(F)F)cnc23)cc1F,QGIXOJCLJSPCPO-UHFFFAOYSA-N
18167798,CHEMBL4036813,B,Fc1ccc(Nc2n[nH]c3cc(OC(F)(F)F)cnc23)nc1,,CHEMBL4033760,2017,CHEMBL4067996,5.6,=,=,IC50,nM,2537.0,IC50,nM,2537.0,Fc1ccc(Nc2n[nH]c3cc(OC(F)(F)F)cnc23)nc1,QITDMZAZRQGDJZ-UHFFFAOYSA-N
18167799,CHEMBL4036813,B,Fc1ccc(-c2n[nH]c3cc(C(F)(F)F)ccc23)cc1F,,CHEMBL4033760,2017,CHEMBL4061751,5.68,=,=,IC50,nM,2100.0,IC50,nM,2100.0,Fc1ccc(-c2n[nH]c3cc(C(F)(F)F)ccc23)cc1F,MKOVVWJQLPYAMT-UHFFFAOYSA-N
18167800,CHEMBL4036813,B,Fc1ccc(-c2n[nH]c3cc(C(F)(F)F)cnc23)cc1F,,CHEMBL4033760,2017,CHEMBL4102407,6.35,=,=,IC50,nM,450.0,IC50,nM,450.0,Fc1ccc(-c2n[nH]c3cc(C(F)(F)F)cnc23)cc1F,PGOAAJHGHGCKOZ-UHFFFAOYSA-N
18167801,CHEMBL4036813,B,Fc1ccc(-c2n[nH]c3cc(OC(F)(F)F)cnc23)cc1,,CHEMBL4033760,2017,CHEMBL4067095,6.59,=,=,IC50,nM,257.0,IC50,nM,257.0,Fc1ccc(-c2n[nH]c3cc(OC(F)(F)F)cnc23)cc1,XIHLXICJADAAMG-UHFFFAOYSA-N
18167802,CHEMBL4036813,B,Fc1ccc(-c2n[nH]c3cc(NC4CCN(CC5CC5)CC4)cnc23)cc1,,CHEMBL4033760,2017,CHEMBL4079870,5.33,=,=,IC50,nM,4630.0,IC50,nM,4630.0,Fc1ccc(-c2n[nH]c3cc(NC4CCN(CC5CC5)CC4)cnc23)cc1,MZBAUWHFVTWOCF-UHFFFAOYSA-N
18167803,CHEMBL4036813,B,COCCNC(=O)c1ccc2c(-c3ccc(C#N)cc3)n[nH]c2c1,,CHEMBL4033760,2017,CHEMBL4075615,5.57,=,=,IC50,nM,2667.0,IC50,nM,2667.0,COCCNC(=O)c1ccc2c(-c3ccc(C#N)cc3)n[nH]c2c1,FGQHVSVCWJXATK-UHFFFAOYSA-N
18167804,CHEMBL4036813,B,Fc1ccc2[nH]c(-c3n[nH]c4cc(OC(F)(F)F)ccc34)cc2c1,,CHEMBL4033760,2017,CHEMBL4100238,6.13,=,=,IC50,nM,748.0,IC50,nM,748.0,Fc1ccc2[nH]c(-c3n[nH]c4cc(OC(F)(F)F)ccc34)cc2c1,RDUIENCYZRNFOI-UHFFFAOYSA-N
18167805,CHEMBL4036813,B,Fc1ccc2[nH]c(-c3n[nH]c4cc(OC(F)(F)F)cnc34)cc2c1,,CHEMBL4033760,2017,CHEMBL4091459,7.04,=,=,IC50,nM,91.0,IC50,nM,91.0,Fc1ccc2[nH]c(-c3n[nH]c4cc(OC(F)(F)F)cnc34)cc2c1,FFKHUSNRDZTBEK-UHFFFAOYSA-N
18167806,CHEMBL4036813,B,N#Cc1ccc(-c2n[nH]c3cc(OC(F)(F)F)ccc23)s1,,CHEMBL4033760,2017,CHEMBL4063630,7.13,=,=,IC50,nM,74.0,IC50,nM,74.0,N#Cc1ccc(-c2n[nH]c3cc(OC(F)(F)F)ccc23)s1,OQASTGYBPZQXHT-UHFFFAOYSA-N
18167807,CHEMBL4036813,B,N#Cc1ccc(-c2n[nH]c3cc(OC(F)(F)F)ccc23)cn1,,CHEMBL4033760,2017,CHEMBL4083680,5.93,=,=,IC50,nM,1182.0,IC50,nM,1182.0,N#Cc1ccc(-c2n[nH]c3cc(OC(F)(F)F)ccc23)cn1,LTWAIMIDHDTCGE-UHFFFAOYSA-N
18167808,CHEMBL4036813,B,N#Cc1ccc(-c2n[nH]c3cc(OC(F)(F)F)ccc23)cc1,,CHEMBL4033760,2017,CHEMBL4101680,6.16,=,=,IC50,nM,686.0,IC50,uM,0.686,N#Cc1ccc(-c2n[nH]c3cc(OC(F)(F)F)ccc23)cc1,RIUFXWHYQAUEAO-UHFFFAOYSA-N
18167809,CHEMBL4036813,B,Fc1ccc(-c2n[nH]c3cc(OC(F)(F)F)cnc23)cc1F,,CHEMBL4033760,2017,CHEMBL4073272,6.87,=,=,IC50,nM,134.0,IC50,nM,134.0,Fc1ccc(-c2n[nH]c3cc(OC(F)(F)F)cnc23)cc1F,MRHRRDRSFAZUKB-UHFFFAOYSA-N
18167839,CHEMBL4036817,B,Fc1ccc(Nc2n[nH]c3cc(OC(F)(F)F)cnc23)cc1F,,CHEMBL4033760,2017,CHEMBL4062193,4.8,=,=,IC50,nM,16000.0,IC50,uM,16.0,Fc1ccc(Nc2n[nH]c3cc(OC(F)(F)F)cnc23)cc1F,QGIXOJCLJSPCPO-UHFFFAOYSA-N
18167852,CHEMBL4036824,B,Fc1ccc(Nc2n[nH]c3cc(OC(F)(F)F)cnc23)cc1F,,CHEMBL4033760,2017,CHEMBL4062193,6.48,=,=,IC50,nM,330.0,IC50,uM,0.33,Fc1ccc(Nc2n[nH]c3cc(OC(F)(F)F)cnc23)cc1F,QGIXOJCLJSPCPO-UHFFFAOYSA-N
18226687,CHEMBL4049011,B,O=C(NCc1cc(-c2ccc(C(F)(F)F)nc2)ncn1)[C@@H]1CCN1S(=O)(=O)c1ccc(F)cc1,,CHEMBL4043298,2018,CHEMBL4080418,5.82,=,=,IC50,nM,1500.0,IC50,uM,1.5,O=C(NCc1cc(-c2ccc(C(F)(F)F)nc2)ncn1)[C@@H]1CCN1S(=O)(=O)c1ccc(F)cc1,ZPQGIOXLLCZONP-SFHVURJKSA-N
18226688,CHEMBL4049011,B,O=C(NCc1cc(-c2ccc(C(F)(F)F)nc2)ncn1)[C@@H]1CCCN1S(=O)(=O)c1ccc(F)cc1,,CHEMBL4043298,2018,CHEMBL4104646,6.81,=,=,IC50,nM,154.0,IC50,uM,0.154,O=C(NCc1cc(-c2ccc(C(F)(F)F)nc2)ncn1)[C@@H]1CCCN1S(=O)(=O)c1ccc(F)cc1,AVMFNJJDFFARPS-IBGZPJMESA-N
18226689,CHEMBL4049011,B,O=C(NCc1cc(-c2ccc(C(F)(F)F)nc2)ncn1)[C@@H]1CCCCN1S(=O)(=O)c1ccc(F)cc1,,CHEMBL4043298,2018,CHEMBL4088270,5.64,=,=,IC50,nM,2300.0,IC50,uM,2.3,O=C(NCc1cc(-c2ccc(C(F)(F)F)nc2)ncn1)[C@@H]1CCCCN1S(=O)(=O)c1ccc(F)cc1,IYPSSQMPIVZFBK-FQEVSTJZSA-N
18226690,CHEMBL4049011,B,O=C(NCc1cc(-c2ccc(C(F)(F)F)nc2)ncn1)[C@@H]1C[C@@H](F)CN1S(=O)(=O)c1ccc(F)cc1,,CHEMBL4043298,2018,CHEMBL4066996,5.92,=,=,IC50,nM,1200.0,IC50,uM,1.2,O=C(NCc1cc(-c2ccc(C(F)(F)F)nc2)ncn1)[C@@H]1C[C@@H](F)CN1S(=O)(=O)c1ccc(F)cc1,KISLLAVVUQSKFA-BEFAXECRSA-N
18226691,CHEMBL4049011,B,O=C(NCc1cc(-c2ccc(C(F)(F)F)nc2)ncn1)[C@@H]1C[C@H](F)CN1S(=O)(=O)c1ccc(F)cc1,,CHEMBL4043298,2018,CHEMBL4096004,5.36,=,=,IC50,nM,4400.0,IC50,uM,4.4,O=C(NCc1cc(-c2ccc(C(F)(F)F)nc2)ncn1)[C@@H]1C[C@H](F)CN1S(=O)(=O)c1ccc(F)cc1,KISLLAVVUQSKFA-KXBFYZLASA-N
18226692,CHEMBL4049011,B,C[C@H]1CC[C@@H](C(=O)NCc2cc(-c3ccc(C(F)(F)F)nc3)ncn2)N1S(=O)(=O)c1ccc(F)cc1,,CHEMBL4043298,2018,CHEMBL4077957,7.89,=,=,IC50,nM,13.0,IC50,uM,0.013,C[C@H]1CC[C@@H](C(=O)NCc2cc(-c3ccc(C(F)(F)F)nc3)ncn2)N1S(=O)(=O)c1ccc(F)cc1,BBCFRTHODCIVDP-XOBRGWDASA-N
18226693,CHEMBL4049011,B,C[C@@H]1CC[C@@H](C(=O)NCc2cc(-c3ccc(C(F)(F)F)nc3)ncn2)N1S(=O)(=O)c1ccc(F)cc1,,CHEMBL4043298,2018,CHEMBL4083847,6.62,=,=,IC50,nM,239.0,IC50,uM,0.239,C[C@@H]1CC[C@@H](C(=O)NCc2cc(-c3ccc(C(F)(F)F)nc3)ncn2)N1S(=O)(=O)c1ccc(F)cc1,BBCFRTHODCIVDP-VLIAUNLRSA-N
18226694,CHEMBL4049011,B,C[C@H]1[C@H](F)C[C@@H](C(=O)NCc2cc(-c3ccc(C(F)(F)F)nc3)ncn2)N1S(=O)(=O)c1ccc(F)cc1,,CHEMBL4043298,2018,CHEMBL4062110,6.75,=,=,IC50,nM,179.0,IC50,uM,0.179,C[C@H]1[C@H](F)C[C@@H](C(=O)NCc2cc(-c3ccc(C(F)(F)F)nc3)ncn2)N1S(=O)(=O)c1ccc(F)cc1,BTGRJSKXOVCJGC-VIZZQPHQSA-N
18226695,CHEMBL4049011,B,C[C@H]1[C@H](F)C[C@@H](C(=O)NCc2cc(-c3cnc(C(F)(F)F)nc3)ncn2)N1S(=O)(=O)c1ccc(F)cc1,,CHEMBL4043298,2018,CHEMBL4087767,7.19,=,=,IC50,nM,64.0,IC50,uM,0.064,C[C@H]1[C@H](F)C[C@@H](C(=O)NCc2cc(-c3cnc(C(F)(F)F)nc3)ncn2)N1S(=O)(=O)c1ccc(F)cc1,KZYIBERUTGMWIW-WILYLXEWSA-N
18226696,CHEMBL4049011,B,C[C@H]1[C@H](F)C[C@@H](C(=O)NCc2cc(-c3cnc(C(F)(F)F)cn3)ncn2)N1S(=O)(=O)c1ccc(F)cc1,,CHEMBL4043298,2018,CHEMBL4066447,6.74,=,=,IC50,nM,184.0,IC50,uM,0.184,C[C@H]1[C@H](F)C[C@@H](C(=O)NCc2cc(-c3cnc(C(F)(F)F)cn3)ncn2)N1S(=O)(=O)c1ccc(F)cc1,GPYFHTOHAHTGAG-MOFZMDFASA-N
18226697,CHEMBL4049011,B,C[C@H]1[C@H](F)C[C@@H](C(=O)NCc2cc(-c3cnc(C(F)(F)F)nc3)nc(C3CC3)n2)N1S(=O)(=O)c1ccc(F)cc1,,CHEMBL4043298,2018,CHEMBL4079886,8.3,=,=,IC50,nM,5.0,IC50,uM,0.005,C[C@H]1[C@H](F)C[C@@H](C(=O)NCc2cc(-c3cnc(C(F)(F)F)nc3)nc(C3CC3)n2)N1S(=O)(=O)c1ccc(F)cc1,MDZCDAYNNUPZDO-NQZBTDCJSA-N
18226698,CHEMBL4049011,B,C[C@H]1[C@H](F)C[C@@H](C(=O)NCc2cc(-c3cnc(C(F)(F)F)nc3)ccn2)N1S(=O)(=O)c1ccc(F)cc1,,CHEMBL4043298,2018,CHEMBL4104134,6.95,=,=,IC50,nM,113.0,IC50,uM,0.113,C[C@H]1[C@H](F)C[C@@H](C(=O)NCc2cc(-c3cnc(C(F)(F)F)nc3)ccn2)N1S(=O)(=O)c1ccc(F)cc1,CBEQYPJASLPYCV-SVIJTADQSA-N
18226699,CHEMBL4049011,B,C[C@H]1[C@H](F)C[C@@H](C(=O)NCc2ccnc(-c3cnc(C(F)(F)F)nc3)c2)N1S(=O)(=O)c1ccc(F)cc1,,CHEMBL4043298,2018,CHEMBL4103225,7.16,=,=,IC50,nM,69.0,IC50,uM,0.069,C[C@H]1[C@H](F)C[C@@H](C(=O)NCc2ccnc(-c3cnc(C(F)(F)F)nc3)c2)N1S(=O)(=O)c1ccc(F)cc1,AARVTENEMZRJQO-VIZZQPHQSA-N
18226700,CHEMBL4049011,B,C[C@H]1[C@H](F)C[C@@H](C(=O)NCc2cc(-c3cnc(C(F)(F)F)nc3)c(C#N)cn2)N1S(=O)(=O)c1ccc(F)cc1,,CHEMBL4043298,2018,CHEMBL4085297,7.02,=,=,IC50,nM,96.0,IC50,uM,0.096,C[C@H]1[C@H](F)C[C@@H](C(=O)NCc2cc(-c3cnc(C(F)(F)F)nc3)c(C#N)cn2)N1S(=O)(=O)c1ccc(F)cc1,ZEPHBHNMKKSYEJ-DYXDTQHNSA-N
18226701,CHEMBL4049011,B,C[C@H]1[C@H](F)C[C@@H](C(=O)NCc2cc(-c3cnc(C(F)(F)F)nc3)c(Cl)cn2)N1S(=O)(=O)c1ccc(F)cc1,,CHEMBL4043298,2018,CHEMBL4086464,7.89,=,=,IC50,nM,13.0,IC50,uM,0.013,C[C@H]1[C@H](F)C[C@@H](C(=O)NCc2cc(-c3cnc(C(F)(F)F)nc3)c(Cl)cn2)N1S(=O)(=O)c1ccc(F)cc1,HKCKRSVNNCQBGV-KNMUDHKVSA-N
18226702,CHEMBL4049011,B,C[C@H]1[C@H](F)C[C@@H](C(=O)NCc2cc(-c3cnc(C(F)(F)F)nc3)c(F)cn2)N1S(=O)(=O)c1ccc(F)cc1,,CHEMBL4043298,2018,CHEMBL4077623,7.48,=,=,IC50,nM,33.0,IC50,uM,0.033,C[C@H]1[C@H](F)C[C@@H](C(=O)NCc2cc(-c3cnc(C(F)(F)F)nc3)c(F)cn2)N1S(=O)(=O)c1ccc(F)cc1,PIHLKVAETFVCON-UOXRKKOCSA-N
18226703,CHEMBL4049011,B,C[C@H]1[C@H](F)C[C@@H](C(=O)NCc2cc(-c3cnc(C(F)(F)F)nc3)ncc2C#N)N1S(=O)(=O)c1ccc(F)cc1,,CHEMBL4043298,2018,CHEMBL4098855,8.0,=,=,IC50,nM,10.0,IC50,uM,0.01,C[C@H]1[C@H](F)C[C@@H](C(=O)NCc2cc(-c3cnc(C(F)(F)F)nc3)ncc2C#N)N1S(=O)(=O)c1ccc(F)cc1,IWBGPXPPPXQFFJ-NQZBTDCJSA-N
18226704,CHEMBL4049011,B,C[C@H]1[C@H](F)C[C@@H](C(=O)NCc2cc(-c3cnc(C(F)(F)F)nc3)ncc2Cl)N1S(=O)(=O)c1ccc(F)cc1,,CHEMBL4043298,2018,CHEMBL4103545,8.3,=,=,IC50,nM,5.0,IC50,uM,0.005,C[C@H]1[C@H](F)C[C@@H](C(=O)NCc2cc(-c3cnc(C(F)(F)F)nc3)ncc2Cl)N1S(=O)(=O)c1ccc(F)cc1,IZLFWDRMGMPZOG-UOXRKKOCSA-N
18226705,CHEMBL4049011,B,C[C@H]1[C@H](F)C[C@@H](C(=O)NCc2cc(-c3cnc(C(F)(F)F)nc3)ncc2F)N1S(=O)(=O)c1ccc(F)cc1,,CHEMBL4043298,2018,CHEMBL4092287,8.1,=,=,IC50,nM,8.0,IC50,uM,0.008,C[C@H]1[C@H](F)C[C@@H](C(=O)NCc2cc(-c3cnc(C(F)(F)F)nc3)ncc2F)N1S(=O)(=O)c1ccc(F)cc1,HGDUOYYDKBPRCV-TUIFFPIZSA-N
18226706,CHEMBL4049011,B,C[C@H]1[C@H](F)C[C@@H](C(=O)NCc2c(F)cnc(-c3cnc(C(F)(F)F)nc3)c2F)N1S(=O)(=O)c1ccc(F)cc1,,CHEMBL4043298,2018,CHEMBL4064602,6.48,=,=,IC50,nM,328.0,IC50,uM,0.328,C[C@H]1[C@H](F)C[C@@H](C(=O)NCc2c(F)cnc(-c3cnc(C(F)(F)F)nc3)c2F)N1S(=O)(=O)c1ccc(F)cc1,RZMBEUPDQABNNP-LSKLOWJMSA-N
18506725,CHEMBL4190621,B,O=C(NC[C@@H](Cc1ccccc1)N1CCC(O)(C(F)(F)F)CC1)C1(c2ccc(Cl)cc2)CCCC1,,CHEMBL4190175,2016,CHEMBL4208555,5.8,=,=,IC50,nM,1578.0,IC50,nM,1578.0,O=C(NC[C@@H](Cc1ccccc1)N1CCC(O)(C(F)(F)F)CC1)C1(c2ccc(Cl)cc2)CCCC1,PAEBEJVPSADOMC-HSZRJFAPSA-N
18506790,CHEMBL4190624,B,O=C(NCC(Cc1ccccc1)N1CCC(O)(C(F)(F)F)CC1)C1(c2ccc(Cl)cc2)CCCC1,,CHEMBL4190175,2016,CHEMBL3907685,6.43,=,=,IC50,nM,374.0,IC50,nM,374.0,O=C(NCC(Cc1ccccc1)N1CCC(O)(C(F)(F)F)CC1)C1(c2ccc(Cl)cc2)CCCC1,PAEBEJVPSADOMC-UHFFFAOYSA-N
18506793,CHEMBL4190624,B,CCCC(C)(C)C(=O)NC[C@H](Cc1ccccc1)N1CCC(O)(C(F)(F)F)CC1,,CHEMBL4190175,2016,CHEMBL4216061,5.77,=,=,IC50,nM,1700.0,IC50,nM,1700.0,CCCC(C)(C)C(=O)NC[C@H](Cc1ccccc1)N1CCC(O)(C(F)(F)F)CC1,DEGUDXJXTJSIFF-SFHVURJKSA-N
18506794,CHEMBL4190624,B,CCCC(C)(C)C(=O)NC[C@@H](Cc1ccccc1)N1CCC(O)(C(F)(F)F)CC1,,CHEMBL4190175,2016,CHEMBL4211095,7.15,=,=,IC50,nM,71.0,IC50,nM,71.0,CCCC(C)(C)C(=O)NC[C@@H](Cc1ccccc1)N1CCC(O)(C(F)(F)F)CC1,DEGUDXJXTJSIFF-GOSISDBHSA-N
18506805,CHEMBL4190628,B,O=C(NC[C@@H](Cc1ccccc1)N1CCC(O)(C(F)(F)F)CC1)C1(c2ccc(Cl)cc2)CCCC1,,CHEMBL4190175,2016,CHEMBL4208555,9.15,=,=,IC50,nM,0.7,IC50,nM,0.7,O=C(NC[C@@H](Cc1ccccc1)N1CCC(O)(C(F)(F)F)CC1)C1(c2ccc(Cl)cc2)CCCC1,PAEBEJVPSADOMC-HSZRJFAPSA-N
18506838,CHEMBL4190659,B,O=C(NCC(Cc1ccccc1)N1CCC(O)(C(F)(F)F)CC1)C1(c2ccc(Cl)cc2)CCCC1,,CHEMBL4190175,2016,CHEMBL3907685,7.77,=,=,IC50,nM,17.0,IC50,nM,17.0,O=C(NCC(Cc1ccccc1)N1CCC(O)(C(F)(F)F)CC1)C1(c2ccc(Cl)cc2)CCCC1,PAEBEJVPSADOMC-UHFFFAOYSA-N
18506841,CHEMBL4190659,B,CN1CCC(CC(CNC(=O)C2(c3ccc(Cl)cc3)CCCC2)N2CCC(O)(C(F)(F)F)CC2)CC1,,CHEMBL4190175,2016,CHEMBL4203966,4.57,=,=,IC50,nM,26700.0,IC50,nM,26700.0,CN1CCC(CC(CNC(=O)C2(c3ccc(Cl)cc3)CCCC2)N2CCC(O)(C(F)(F)F)CC2)CC1,YAVYGLIDOKYBIQ-UHFFFAOYSA-N
18506842,CHEMBL4190659,B,O=C(NCC(CC1CCOCC1)N1CCC(O)(C(F)(F)F)CC1)C1(c2ccc(Cl)cc2)CCCC1,,CHEMBL4190175,2016,CHEMBL4215647,5.72,=,=,IC50,nM,1900.0,IC50,nM,1900.0,O=C(NCC(CC1CCOCC1)N1CCC(O)(C(F)(F)F)CC1)C1(c2ccc(Cl)cc2)CCCC1,KWWJAPGGMKHGFX-UHFFFAOYSA-N
18506845,CHEMBL4190659,B,O=C(NCC(Cc1ccccc1)N1CCC(O)(C(F)(F)F)CC1)C1(c2ccc(Cl)cc2)CC1,,CHEMBL4190175,2016,CHEMBL3912566,7.14,=,=,IC50,nM,73.0,IC50,nM,73.0,O=C(NCC(Cc1ccccc1)N1CCC(O)(C(F)(F)F)CC1)C1(c2ccc(Cl)cc2)CC1,SGEZELHMEQVNFY-UHFFFAOYSA-N
18506847,CHEMBL4190659,B,O=C(NC[C@H](Cc1ccccc1)N1CCC(O)(C(F)(F)F)CC1)C1(c2ccc(Cl)cc2)CC1,,CHEMBL4190175,2016,CHEMBL4208446,6.32,=,=,IC50,nM,474.0,IC50,nM,474.0,O=C(NC[C@H](Cc1ccccc1)N1CCC(O)(C(F)(F)F)CC1)C1(c2ccc(Cl)cc2)CC1,SGEZELHMEQVNFY-NRFANRHFSA-N
18506848,CHEMBL4190659,B,O=C(NC[C@@H](Cc1ccccc1)N1CCC(O)(C(F)(F)F)CC1)C1(c2ccc(Cl)cc2)CC1,,CHEMBL4190175,2016,CHEMBL4213371,7.28,=,=,IC50,nM,53.0,IC50,nM,53.0,O=C(NC[C@@H](Cc1ccccc1)N1CCC(O)(C(F)(F)F)CC1)C1(c2ccc(Cl)cc2)CC1,SGEZELHMEQVNFY-OAQYLSRUSA-N
18506849,CHEMBL4190659,B,CC(C)(C)[C@H]1CC[C@H](C(=O)NCC(Cc2ccccc2)N2CCC(O)(C(F)(F)F)CC2)CC1,,CHEMBL4190175,2016,CHEMBL4204105,7.0,=,=,IC50,nM,101.0,IC50,nM,101.0,CC(C)(C)[C@H]1CC[C@H](C(=O)NCC(Cc2ccccc2)N2CCC(O)(C(F)(F)F)CC2)CC1,GVIRLSFIPFVKML-HZAYCCFMSA-N
18506850,CHEMBL4190659,B,CC(C)c1csc(C(=O)NCC(Cc2ccccc2)N2CCC(O)(C(F)(F)F)CC2)n1,,CHEMBL4190175,2016,CHEMBL4208667,6.8,=,=,IC50,nM,159.0,IC50,nM,159.0,CC(C)c1csc(C(=O)NCC(Cc2ccccc2)N2CCC(O)(C(F)(F)F)CC2)n1,RMPXORPOMZZYAM-UHFFFAOYSA-N
18506851,CHEMBL4190659,B,O=C(NCC(Cc1ccccc1)N1CCC(O)(C(F)(F)F)CC1)C1(C(F)(F)F)CC1,,CHEMBL4190175,2016,CHEMBL4216307,6.0,=,=,IC50,nM,1000.0,IC50,nM,1000.0,O=C(NCC(Cc1ccccc1)N1CCC(O)(C(F)(F)F)CC1)C1(C(F)(F)F)CC1,IIBDKCBCABDETE-UHFFFAOYSA-N
18506852,CHEMBL4190659,B,CC1(C(=O)NCC(Cc2ccccc2)N2CCC(O)(C(F)(F)F)CC2)CCCCC1,,CHEMBL4190175,2016,CHEMBL4203840,6.07,=,=,IC50,nM,851.0,IC50,nM,851.0,CC1(C(=O)NCC(Cc2ccccc2)N2CCC(O)(C(F)(F)F)CC2)CCCCC1,PQPWYVUBQBVNIU-UHFFFAOYSA-N
18506853,CHEMBL4190659,B,CC(C)(C(=O)NCC(Cc1ccccc1)N1CCC(O)(C(F)(F)F)CC1)C(F)(F)F,,CHEMBL4190175,2016,CHEMBL4212575,7.04,=,=,IC50,nM,91.0,IC50,nM,91.0,CC(C)(C(=O)NCC(Cc1ccccc1)N1CCC(O)(C(F)(F)F)CC1)C(F)(F)F,VYLZSBLGYLCVCW-UHFFFAOYSA-N
18506854,CHEMBL4190659,B,O=C(NCC(Cc1ccccc1)N1CCC(O)(C(F)(F)F)CC1)c1cc(C(F)(F)F)ccn1,,CHEMBL4190175,2016,CHEMBL4207671,7.08,=,=,IC50,nM,83.0,IC50,nM,83.0,O=C(NCC(Cc1ccccc1)N1CCC(O)(C(F)(F)F)CC1)c1cc(C(F)(F)F)ccn1,XIOJQBVKDSTRPK-UHFFFAOYSA-N
18506855,CHEMBL4190659,B,O=C(NCC(Cc1ccccc1)N1CCC(C(F)(F)F)CC1)C1(c2ccc(F)cc2)CCCC1,,CHEMBL4190175,2016,CHEMBL4216712,6.17,=,=,IC50,nM,673.0,IC50,nM,673.0,O=C(NCC(Cc1ccccc1)N1CCC(C(F)(F)F)CC1)C1(c2ccc(F)cc2)CCCC1,JCWLFTBWOABNHA-UHFFFAOYSA-N
18506856,CHEMBL4190659,B,O=C(NCC(Cc1ccccc1)N1CCC(O)(C(F)(F)F)C1)C1(c2ccc(F)cc2)CCC1,,CHEMBL4190175,2016,CHEMBL4217137,6.51,=,=,IC50,nM,309.0,IC50,nM,309.0,O=C(NCC(Cc1ccccc1)N1CCC(O)(C(F)(F)F)C1)C1(c2ccc(F)cc2)CCC1,WSJNOMFLZGTWKZ-UHFFFAOYSA-N
18506857,CHEMBL4190659,B,O=C(NCC(Cc1ccc(F)cc1)N1CCC(C(F)(F)F)C1)C1(c2ccc(F)cc2)CCCC1,,CHEMBL4190175,2016,CHEMBL4218381,5.84,=,=,IC50,nM,1451.0,IC50,nM,1451.0,O=C(NCC(Cc1ccc(F)cc1)N1CCC(C(F)(F)F)C1)C1(c2ccc(F)cc2)CCCC1,KUCKGTYCUCCWBF-UHFFFAOYSA-N
18506858,CHEMBL4190659,B,O=C(NCC(Cc1ccc(F)cc1)N1C2CCC1CC(O)(C(F)(F)F)C2)C1(c2ccc(F)cc2)CCCC1,,CHEMBL4190175,2016,CHEMBL4204223,6.08,=,=,IC50,nM,825.0,IC50,nM,825.0,O=C(NCC(Cc1ccc(F)cc1)N1C2CCC1CC(O)(C(F)(F)F)C2)C1(c2ccc(F)cc2)CCCC1,WVSRIYBLNXSMHQ-UHFFFAOYSA-N
18506859,CHEMBL4190659,B,O=C(NC[C@H](Cc1ccccc1)N1CCC(O)(C(F)(F)F)CC1)C1(c2ccc(Cl)cc2)CCCC1,,CHEMBL4190175,2016,CHEMBL4213488,5.72,=,=,IC50,nM,1900.0,IC50,nM,1900.0,O=C(NC[C@H](Cc1ccccc1)N1CCC(O)(C(F)(F)F)CC1)C1(c2ccc(Cl)cc2)CCCC1,PAEBEJVPSADOMC-QHCPKHFHSA-N
18506860,CHEMBL4190659,B,O=C(NC[C@@H](Cc1ccccc1)N1CCC(O)(C(F)(F)F)CC1)C1(c2ccc(Cl)cc2)CCCC1,,CHEMBL4190175,2016,CHEMBL4208555,9.14,=,=,IC50,nM,0.72,IC50,nM,0.72,O=C(NC[C@@H](Cc1ccccc1)N1CCC(O)(C(F)(F)F)CC1)C1(c2ccc(Cl)cc2)CCCC1,PAEBEJVPSADOMC-HSZRJFAPSA-N
18506861,CHEMBL4190659,B,O[C@]12CCCC[C@@H]1CCC[C@H]2Nc1ccc(F)cc1,,CHEMBL4190175,2016,CHEMBL4215994,8.0,=,=,IC50,nM,10.0,IC50,nM,10.0,O[C@]12CCCC[C@@H]1CCC[C@H]2Nc1ccc(F)cc1,HVDSOPBAZRASKA-DAXOMENPSA-N
19019798,CHEMBL4347276,B,O=C(/C=C/c1ccc(Br)cc1)Nc1ccccc1C(=O)O,,CHEMBL4346663,2019,CHEMBL4454519,5.0,=,=,IC50,nM,10000.0,pIC50,,5.0,O=C(/C=C/c1ccc(Br)cc1)Nc1ccccc1C(=O)O,ULJYMNHMDLMTMC-JXMROGBWSA-N
19019799,CHEMBL4347276,B,O=C(/C=C/c1ccc(Cl)cc1)Nc1ccccc1C(=O)O,,CHEMBL4346663,2019,CHEMBL4456015,5.4,=,=,IC50,nM,3981.07,pIC50,,5.4,O=C(/C=C/c1ccc(Cl)cc1)Nc1ccccc1C(=O)O,FICCUPYHHFFCIM-JXMROGBWSA-N
19019800,CHEMBL4347276,B,O=C(/C=C/c1ccccc1Cl)Nc1ccccc1C(=O)O,,CHEMBL4346663,2019,CHEMBL4517528,5.0,=,=,IC50,nM,10000.0,pIC50,,5.0,O=C(/C=C/c1ccccc1Cl)Nc1ccccc1C(=O)O,QUAFNALOLHHWGL-MDZDMXLPSA-N
19019801,CHEMBL4347276,B,O=C(/C=C/c1ccc(F)cc1)Nc1ccccc1C(=O)O,,CHEMBL4346663,2019,CHEMBL4562546,4.6,=,=,IC50,nM,25118.86,pIC50,,4.6,O=C(/C=C/c1ccc(F)cc1)Nc1ccccc1C(=O)O,YSKFGBAYHFLJPZ-JXMROGBWSA-N
19019803,CHEMBL4347276,B,COc1ccccc1/C=C/C(=O)Nc1ccccc1C(=O)O,,CHEMBL4346663,2019,CHEMBL4446136,4.3,=,=,IC50,nM,50118.72,pIC50,,4.3,COc1ccccc1/C=C/C(=O)Nc1ccccc1C(=O)O,YAYQPACFPAHFBP-ZHACJKMWSA-N
19019804,CHEMBL4347276,B,COc1ccc(/C=C/C(=O)Nc2ccccc2C(=O)O)cc1,,CHEMBL4346663,2019,CHEMBL1079664,4.9,=,=,IC50,nM,12589.25,pIC50,,4.9,COc1ccc(/C=C/C(=O)Nc2ccccc2C(=O)O)cc1,CKQMTXLABQTGQB-DHZHZOJOSA-N
19019806,CHEMBL4347276,B,CCOc1cc(/C=C/C(=O)Nc2ccccc2C(=O)O)ccc1O,,CHEMBL4346663,2019,CHEMBL4551396,4.0,=,=,IC50,nM,100000.0,pIC50,,4.0,CCOc1cc(/C=C/C(=O)Nc2ccccc2C(=O)O)ccc1O,NNTSHWHAMWNNPN-CSKARUKUSA-N
19019807,CHEMBL4347276,B,O=C(/C=C/c1ccc(O)cc1)Nc1ccccc1C(=O)O,,CHEMBL4346663,2019,CHEMBL4516367,4.4,=,=,IC50,nM,39810.72,pIC50,,4.4,O=C(/C=C/c1ccc(O)cc1)Nc1ccccc1C(=O)O,INBHLTYBRKASIZ-JXMROGBWSA-N
19019814,CHEMBL4347276,B,CCC(=N\O)/C(C)=C/c1ccc(F)cc1,,CHEMBL4346663,2019,CHEMBL3697701,7.1,=,=,IC50,nM,79.43,pIC50,,7.1,CCC(=N\O)/C(C)=C/c1ccc(F)cc1,HKROEBDHHKMNBZ-CHBKHGQFSA-N
19019815,CHEMBL4347276,B,CC(=C\c1ccc(Cl)cc1)/C(C)=N/O,,CHEMBL4346663,2019,CHEMBL593902,5.35,=,=,IC50,nM,4466.84,pIC50,,5.35,CC(=C\c1ccc(Cl)cc1)/C(C)=N/O,MHTJEUOFLVQMCL-NJHPPEEMSA-N
19019816,CHEMBL4347276,B,CC(C)c1ccc(NC(=O)Cn2cnc3c2c(=O)n(C)c(=O)n3C)cc1,,CHEMBL4346663,2019,CHEMBL1086310,4.75,=,=,IC50,nM,17782.79,pIC50,,4.75,CC(C)c1ccc(NC(=O)Cn2cnc3c2c(=O)n(C)c(=O)n3C)cc1,HEQDZPHDVAOBLN-UHFFFAOYSA-N
19019817,CHEMBL4347276,B,O=C(NCc1ccc(Cl)cc1)[C@@H]1CCCN1S(=O)(=O)c1ccc(F)cc1,,CHEMBL4346663,2019,CHEMBL4454627,5.0,=,=,IC50,nM,10000.0,pIC50,,5.0,O=C(NCc1ccc(Cl)cc1)[C@@H]1CCCN1S(=O)(=O)c1ccc(F)cc1,KHCMGMZHKZFVBB-KRWDZBQOSA-N
19019818,CHEMBL4347276,B,CCC(=N\O)/C(C)=C/c1ccc(F)cc1,,CHEMBL4346663,2019,CHEMBL3697701,7.1,=,=,IC50,nM,79.0,IC50,nM,79.0,CCC(=N\O)/C(C)=C/c1ccc(F)cc1,HKROEBDHHKMNBZ-CHBKHGQFSA-N
19019819,CHEMBL4347276,B,CC(=C\c1ccc(Cl)cc1)/C(C)=N/O,,CHEMBL4346663,2019,CHEMBL593902,5.4,=,=,IC50,nM,4000.0,IC50,uM,4.0,CC(=C\c1ccc(Cl)cc1)/C(C)=N/O,MHTJEUOFLVQMCL-NJHPPEEMSA-N
19019820,CHEMBL4347276,B,CC(C)c1ccc(NC(=O)Cn2cnc3c2c(=O)n(C)c(=O)n3C)cc1,,CHEMBL4346663,2019,CHEMBL1086310,4.75,=,=,IC50,nM,18000.0,IC50,uM,18.0,CC(C)c1ccc(NC(=O)Cn2cnc3c2c(=O)n(C)c(=O)n3C)cc1,HEQDZPHDVAOBLN-UHFFFAOYSA-N
19019821,CHEMBL4347276,B,O=C(NCc1ccc(Cl)cc1)[C@@H]1CCCN1S(=O)(=O)c1ccc(F)cc1,,CHEMBL4346663,2019,CHEMBL4454627,5.0,=,=,IC50,nM,10000.0,IC50,uM,10.0,O=C(NCc1ccc(Cl)cc1)[C@@H]1CCCN1S(=O)(=O)c1ccc(F)cc1,KHCMGMZHKZFVBB-KRWDZBQOSA-N
19019825,CHEMBL4347276,B,O=C(/C=C/c1ccc(Br)cc1)Nc1ccccc1C(=O)O,,CHEMBL4346663,2019,CHEMBL4454519,5.05,=,=,IC50,nM,9000.0,IC50,uM,9.0,O=C(/C=C/c1ccc(Br)cc1)Nc1ccccc1C(=O)O,ULJYMNHMDLMTMC-JXMROGBWSA-N
19019826,CHEMBL4347276,B,O=C(/C=C/c1ccc(Cl)cc1)Nc1ccccc1C(=O)O,,CHEMBL4346663,2019,CHEMBL4456015,5.4,=,=,IC50,nM,4000.0,IC50,uM,4.0,O=C(/C=C/c1ccc(Cl)cc1)Nc1ccccc1C(=O)O,FICCUPYHHFFCIM-JXMROGBWSA-N
19019827,CHEMBL4347276,B,O=C(/C=C/c1ccccc1Cl)Nc1ccccc1C(=O)O,,CHEMBL4346663,2019,CHEMBL4517528,4.96,=,=,IC50,nM,11000.0,IC50,uM,11.0,O=C(/C=C/c1ccccc1Cl)Nc1ccccc1C(=O)O,QUAFNALOLHHWGL-MDZDMXLPSA-N
19019828,CHEMBL4347276,B,O=C(/C=C/c1ccc(F)cc1)Nc1ccccc1C(=O)O,,CHEMBL4346663,2019,CHEMBL4562546,4.58,=,=,IC50,nM,26000.0,IC50,uM,26.0,O=C(/C=C/c1ccc(F)cc1)Nc1ccccc1C(=O)O,YSKFGBAYHFLJPZ-JXMROGBWSA-N
19019830,CHEMBL4347276,B,COc1ccccc1/C=C/C(=O)Nc1ccccc1C(=O)O,,CHEMBL4346663,2019,CHEMBL4446136,4.29,=,=,IC50,nM,51000.0,IC50,uM,51.0,COc1ccccc1/C=C/C(=O)Nc1ccccc1C(=O)O,YAYQPACFPAHFBP-ZHACJKMWSA-N
19019831,CHEMBL4347276,B,COc1ccc(/C=C/C(=O)Nc2ccccc2C(=O)O)cc1,,CHEMBL4346663,2019,CHEMBL1079664,4.92,=,=,IC50,nM,12000.0,IC50,uM,12.0,COc1ccc(/C=C/C(=O)Nc2ccccc2C(=O)O)cc1,CKQMTXLABQTGQB-DHZHZOJOSA-N
19019834,CHEMBL4347276,B,O=C(/C=C/c1ccc(O)cc1)Nc1ccccc1C(=O)O,,CHEMBL4346663,2019,CHEMBL4516367,4.37,=,=,IC50,nM,43000.0,IC50,uM,43.0,O=C(/C=C/c1ccc(O)cc1)Nc1ccccc1C(=O)O,INBHLTYBRKASIZ-JXMROGBWSA-N
19019965,CHEMBL4347295,B,CCC(=N\O)/C(C)=C/c1ccc(F)cc1,,CHEMBL4346663,2019,CHEMBL3697701,7.17,=,=,IC50,nM,67.0,IC50,nM,67.0,CCC(=N\O)/C(C)=C/c1ccc(F)cc1,HKROEBDHHKMNBZ-CHBKHGQFSA-N
19019966,CHEMBL4347296,B,CC(=C\c1ccc(Cl)cc1)/C(C)=N/O,,CHEMBL4346663,2019,CHEMBL593902,5.51,=,=,IC50,nM,3100.0,IC50,uM,3.1,CC(=C\c1ccc(Cl)cc1)/C(C)=N/O,MHTJEUOFLVQMCL-NJHPPEEMSA-N
19019967,CHEMBL4347272,B,CC(C)c1ccc(NC(=O)Cn2cnc3c2c(=O)n(C)c(=O)n3C)cc1,,CHEMBL4346663,2019,CHEMBL1086310,5.21,=,=,IC50,nM,6200.0,IC50,uM,6.2,CC(C)c1ccc(NC(=O)Cn2cnc3c2c(=O)n(C)c(=O)n3C)cc1,HEQDZPHDVAOBLN-UHFFFAOYSA-N
19019968,CHEMBL4347272,B,O=C(NCc1ccc(Cl)cc1)[C@@H]1CCCN1S(=O)(=O)c1ccc(F)cc1,,CHEMBL4346663,2019,CHEMBL4454627,4.9,=,=,IC50,nM,12500.0,IC50,uM,12.5,O=C(NCc1ccc(Cl)cc1)[C@@H]1CCCN1S(=O)(=O)c1ccc(F)cc1,KHCMGMZHKZFVBB-KRWDZBQOSA-N
23235732,CHEMBL4828020,B,C[C@H]1[C@H](F)C[C@@H](C(=O)NCc2cc(-c3ccc(C(F)(F)F)nc3)ncn2)N1S(=O)(=O)c1ccc(F)cc1,,CHEMBL4825747,2021,CHEMBL4062110,6.75,=,=,IC50,nM,180.0,IC50,nM,180.0,C[C@H]1[C@H](F)C[C@@H](C(=O)NCc2cc(-c3ccc(C(F)(F)F)nc3)ncn2)N1S(=O)(=O)c1ccc(F)cc1,BTGRJSKXOVCJGC-VIZZQPHQSA-N
23235733,CHEMBL4828020,B,C[C@H]1[C@H](F)C[C@@H](C(=O)NCc2cc(-c3cnc(C(F)(F)F)nc3)ncn2)N1S(=O)(=O)c1ccc(F)cc1,,CHEMBL4825747,2021,CHEMBL4087767,7.19,=,=,IC50,nM,64.0,IC50,nM,64.0,C[C@H]1[C@H](F)C[C@@H](C(=O)NCc2cc(-c3cnc(C(F)(F)F)nc3)ncn2)N1S(=O)(=O)c1ccc(F)cc1,KZYIBERUTGMWIW-WILYLXEWSA-N
23235734,CHEMBL4828020,B,C[C@H]1[C@H](F)C[C@@H](C(=O)NCc2cc(-c3cnc(C(F)(F)F)nc3)ncc2F)N1S(=O)(=O)c1ccc(F)cc1,,CHEMBL4825747,2021,CHEMBL4092287,8.08,=,=,IC50,nM,8.4,IC50,nM,8.4,C[C@H]1[C@H](F)C[C@@H](C(=O)NCc2cc(-c3cnc(C(F)(F)F)nc3)ncc2F)N1S(=O)(=O)c1ccc(F)cc1,HGDUOYYDKBPRCV-TUIFFPIZSA-N
23235735,CHEMBL4828020,B,C[C@H]1[C@H](F)C[C@@H](C(=O)NCc2cc(-c3cnc(C(F)(F)F)nc3)ncc2C(F)(F)F)N1S(=O)(=O)c1ccc(F)cc1,,CHEMBL4825747,2021,CHEMBL4865238,8.8,=,=,IC50,nM,1.6,IC50,nM,1.6,C[C@H]1[C@H](F)C[C@@H](C(=O)NCc2cc(-c3cnc(C(F)(F)F)nc3)ncc2C(F)(F)F)N1S(=O)(=O)c1ccc(F)cc1,RGXNECXVRZKGGH-UOXRKKOCSA-N
23235736,CHEMBL4828020,B,Cn1cnc2ncn(Cc3nn(C[C@H](F)c4ccc(Cl)cc4)c(=O)o3)c(=O)c21,,CHEMBL4825747,2021,CHEMBL4863686,7.7,=,=,IC50,nM,20.0,IC50,nM,20.0,Cn1cnc2ncn(Cc3nn(C[C@H](F)c4ccc(Cl)cc4)c(=O)o3)c(=O)c21,RSSHXKVUURRAKX-LBPRGKRZSA-N
23235737,CHEMBL4828020,B,Cn1cnc2ncn(Cc3nn([C@H]4C[C@H](c5ccc(Cl)cc5)C4)c(=O)o3)c(=O)c21,,CHEMBL4825747,2021,CHEMBL4865298,8.13,=,=,IC50,nM,7.4,IC50,nM,7.4,Cn1cnc2ncn(Cc3nn([C@H]4C[C@H](c5ccc(Cl)cc5)C4)c(=O)o3)c(=O)c21,CYWFSLKYTRCPPA-MQMHXKEQSA-N
23235738,CHEMBL4828020,B,Cn1cnc2ncn(Cc3nc([C@H]4[C@@H]5CN(c6cccc(Cl)c6)C[C@@H]54)no3)c(=O)c21,,CHEMBL4825747,2021,CHEMBL4870870,8.54,=,=,IC50,nM,2.9,IC50,nM,2.9,Cn1cnc2ncn(Cc3nc([C@H]4[C@@H]5CN(c6cccc(Cl)c6)C[C@@H]54)no3)c(=O)c21,PXCDDIGJGSYRSZ-FOLVSLTJSA-N
23235739,CHEMBL4828020,B,Cn1cnc2ncn(Cc3nc([C@@H]4CO[C@@H](c5ccc(Cl)cc5)C4)no3)c(=O)c21,,CHEMBL4825747,2021,CHEMBL4849329,8.92,=,=,IC50,nM,1.2,IC50,nM,1.2,Cn1cnc2ncn(Cc3nc([C@@H]4CO[C@@H](c5ccc(Cl)cc5)C4)no3)c(=O)c21,UGLQOTZNBCEHHB-GXTWGEPZSA-N
23280782,CHEMBL4837096,B,Cc1c(C(N)=O)sc2ncn(Cc3nc(C[C@H](O)c4ccc(Cl)cc4)no3)c(=O)c12,,CHEMBL4834489,2021,CHEMBL4869839,7.89,=,=,IC50,nM,13.0,IC50,nM,13.0,Cc1c(C(N)=O)sc2ncn(Cc3nc(C[C@H](O)c4ccc(Cl)cc4)no3)c(=O)c12,RVGJWMWMMBRESO-LBPRGKRZSA-N
23280783,CHEMBL4837096,B,Cc1c(C(N)=O)sc2ncn(Cc3nc(C[C@H](O)c4cc5ccccc5o4)no3)c(=O)c12,,CHEMBL4834489,2021,CHEMBL4848827,7.72,=,=,IC50,nM,19.0,IC50,nM,19.0,Cc1c(C(N)=O)sc2ncn(Cc3nc(C[C@H](O)c4cc5ccccc5o4)no3)c(=O)c12,UFPYGNKXLRNGEZ-LBPRGKRZSA-N
23280784,CHEMBL4837096,B,Cc1c(C(N)=O)sc2ncn(Cc3nc(C[C@H](O)c4cc(F)cc(F)c4)no3)c(=O)c12,,CHEMBL4834489,2021,CHEMBL4851706,7.32,=,=,IC50,nM,48.0,IC50,nM,48.0,Cc1c(C(N)=O)sc2ncn(Cc3nc(C[C@H](O)c4cc(F)cc(F)c4)no3)c(=O)c12,UTHLYYCFCKJWHC-LBPRGKRZSA-N
23280785,CHEMBL4837096,B,Cc1c(C(N)=O)sc2ncn(Cc3nc(C[C@H](O)c4ccc5c(c4)OCO5)no3)c(=O)c12,,CHEMBL4834489,2021,CHEMBL4868010,7.25,=,=,IC50,nM,56.0,IC50,nM,56.0,Cc1c(C(N)=O)sc2ncn(Cc3nc(C[C@H](O)c4ccc5c(c4)OCO5)no3)c(=O)c12,JGFBRLGZGJYISU-NSHDSACASA-N
23280786,CHEMBL4837096,B,CNC(=O)c1sc2ncn(Cc3nc(C[C@H](O)c4ccc5c(c4)OCO5)no3)c(=O)c2c1C,,CHEMBL4834489,2021,CHEMBL4854825,7.11,=,=,IC50,nM,78.0,IC50,nM,78.0,CNC(=O)c1sc2ncn(Cc3nc(C[C@H](O)c4ccc5c(c4)OCO5)no3)c(=O)c2c1C,FOXGCOKYWRDUFO-LBPRGKRZSA-N
23280787,CHEMBL4837096,B,CNC(=O)c1sc2ncn(Cc3nc(C[C@H](O)c4ccc(Cl)cc4)no3)c(=O)c2c1C,,CHEMBL4834489,2021,CHEMBL4866216,8.0,=,=,IC50,nM,10.0,IC50,nM,10.0,CNC(=O)c1sc2ncn(Cc3nc(C[C@H](O)c4ccc(Cl)cc4)no3)c(=O)c2c1C,KEABNWALVFPWDZ-ZDUSSCGKSA-N
23280788,CHEMBL4837096,B,Cc1c(C(=O)NCC(F)F)sc2ncn(Cc3nc(C[C@H](O)c4ccc(Cl)cc4)no3)c(=O)c12,,CHEMBL4834489,2021,CHEMBL4859608,7.82,=,=,IC50,nM,15.0,IC50,nM,15.0,Cc1c(C(=O)NCC(F)F)sc2ncn(Cc3nc(C[C@H](O)c4ccc(Cl)cc4)no3)c(=O)c12,CBZINAVQQWCRAE-ZDUSSCGKSA-N
23280789,CHEMBL4837096,B,Cc1c(C(=O)NCC(C)(C)O)sc2ncn(Cc3nc(C[C@H](O)c4ccc(Cl)cc4)no3)c(=O)c12,,CHEMBL4834489,2021,CHEMBL4847955,7.43,=,=,IC50,nM,37.0,IC50,nM,37.0,Cc1c(C(=O)NCC(C)(C)O)sc2ncn(Cc3nc(C[C@H](O)c4ccc(Cl)cc4)no3)c(=O)c12,RUDSKJYIDUAKKF-HNNXBMFYSA-N
23280790,CHEMBL4837096,B,O=C1NCCc2c1sc1ncn(Cc3nc(C[C@H](O)c4ccc(Cl)cc4)no3)c(=O)c21,,CHEMBL4834489,2021,CHEMBL4848526,8.05,=,=,IC50,nM,9.0,IC50,nM,9.0,O=C1NCCc2c1sc1ncn(Cc3nc(C[C@H](O)c4ccc(Cl)cc4)no3)c(=O)c21,AGKMZNQCTOWDFF-ZDUSSCGKSA-N
23280791,CHEMBL4837096,B,NC(=O)c1sc2ncn(Cc3nc(C[C@H](O)c4ccc(Cl)cc4)no3)c(=O)c2c1Cl,,CHEMBL4834489,2021,CHEMBL4850616,7.8,=,=,IC50,nM,16.0,IC50,nM,16.0,NC(=O)c1sc2ncn(Cc3nc(C[C@H](O)c4ccc(Cl)cc4)no3)c(=O)c2c1Cl,SOBJXYFMGNTIEM-JTQLQIEISA-N
23317232,CHEMBL4880071,B,CCC(=N\O)/C(C)=C/c1ccc(F)cc1,,CHEMBL4507256,2021,CHEMBL3697701,7.17,=,=,IC50,nM,67.0,IC50,uM,0.067,CCC(=N\O)/C(C)=C/c1ccc(F)cc1,HKROEBDHHKMNBZ-CHBKHGQFSA-N
23317233,CHEMBL4880072,B,CCC(=N\O)/C(C)=C/c1ccc(F)cc1,,CHEMBL4507256,2021,CHEMBL3697701,7.29,=,=,IC50,nM,51.0,IC50,nM,51.0,CCC(=N\O)/C(C)=C/c1ccc(F)cc1,HKROEBDHHKMNBZ-CHBKHGQFSA-N
23374246,CHEMBL4885651,B,O[C@]1(C(F)(F)F)CCCC[C@H]1Nc1ccc(F)cc1,,CHEMBL4507328,2021,CHEMBL4514203,7.8,=,=,IC50,nM,16.0,IC50,nM,16.0,O[C@]1(C(F)(F)F)CCCC[C@H]1Nc1ccc(F)cc1,IESAJAZKMLPVIB-VXGBXAGGSA-N
23374252,CHEMBL4885657,B,O[C@]1(C(F)(F)F)CCCC[C@H]1Nc1ccc(F)cc1,,CHEMBL4507328,2021,CHEMBL4514203,7.09,=,=,IC50,nM,82.0,IC50,nM,82.0,O[C@]1(C(F)(F)F)CCCC[C@H]1Nc1ccc(F)cc1,IESAJAZKMLPVIB-VXGBXAGGSA-N
24661724,CHEMBL5096638,B,CCCc1cc(O)c2c(c1)OC(C)(C)[C@@H]1CCC(C)=C[C@@H]21,,CHEMBL5096151,2021,CHEMBL2387541,5.51,=,=,IC50,nM,3070.0,IC50,uM,3.07,CCCc1cc(O)c2c(c1)OC(C)(C)[C@@H]1CCC(C)=C[C@@H]21,ZROLHBHDLIHEMS-HUUCEWRRSA-N
24661725,CHEMBL5096638,B,C=C(C)[C@@H]1CCC(C)=C[C@H]1c1c(O)cc(CCC)cc1O,,CHEMBL5096151,2021,CHEMBL2387742,5.89,=,=,IC50,nM,1300.0,IC50,uM,1.3,C=C(C)[C@@H]1CCC(C)=C[C@H]1c1c(O)cc(CCC)cc1O,REOZWEGFPHTFEI-JKSUJKDBSA-N
24661726,CHEMBL5096638,B,CCCCCc1cc(O)c(C/C=C(\C)CCC=C(C)C)c(O)c1,,CHEMBL5096151,2021,CHEMBL497318,4.89,=,=,IC50,nM,13000.0,IC50,uM,13.0,CCCCCc1cc(O)c(C/C=C(\C)CCC=C(C)C)c(O)c1,QXACEHWTBCFNSA-SFQUDFHCSA-N
24661727,CHEMBL5096638,B,CCCCCc1cc(O)c2c(c1)OC(C)(C)c1ccc(C)cc1-2,,CHEMBL5096151,2021,CHEMBL74415,6.4,=,=,IC50,nM,400.0,IC50,uM,0.4,CCCCCc1cc(O)c2c(c1)OC(C)(C)c1ccc(C)cc1-2,VBGLYOIFKLUMQG-UHFFFAOYSA-N
24661728,CHEMBL5096638,B,CCCc1cc(O)c2c(c1)OC(C)(C)c1ccc(C)cc1-2,,CHEMBL5096151,2021,CHEMBL4170268,6.77,=,=,IC50,nM,170.0,IC50,uM,0.17,CCCc1cc(O)c2c(c1)OC(C)(C)c1ccc(C)cc1-2,SVTKBAIRFMXQQF-UHFFFAOYSA-N
24661729,CHEMBL5096638,B,CCCCCc1cc(O)c2c(c1)OC(C)(CCC=C(C)C)C=C2,,CHEMBL5096151,2021,CHEMBL422704,6.43,=,=,IC50,nM,370.0,IC50,uM,0.37,CCCCCc1cc(O)c2c(c1)OC(C)(CCC=C(C)C)C=C2,UVOLYTDXHDXWJU-UHFFFAOYSA-N
24661730,CHEMBL5096639,B,CCCc1cc(O)c2c(c1)OC(C)(C)[C@@H]1CCC(C)=C[C@@H]21,,CHEMBL5096151,2021,CHEMBL2387541,6.06,=,=,IC50,nM,870.0,IC50,uM,0.87,CCCc1cc(O)c2c(c1)OC(C)(C)[C@@H]1CCC(C)=C[C@@H]21,ZROLHBHDLIHEMS-HUUCEWRRSA-N
24661731,CHEMBL5096639,B,CCCCCc1cc(O)c2c(c1)OC(C)(C)c1ccc(C)cc1-2,,CHEMBL5096151,2021,CHEMBL74415,6.68,=,=,IC50,nM,210.0,IC50,uM,0.21,CCCCCc1cc(O)c2c(c1)OC(C)(C)c1ccc(C)cc1-2,VBGLYOIFKLUMQG-UHFFFAOYSA-N
24661732,CHEMBL5096639,B,CCCc1cc(O)c2c(c1)OC(C)(C)c1ccc(C)cc1-2,,CHEMBL5096151,2021,CHEMBL4170268,6.3,=,=,IC50,nM,500.0,IC50,uM,0.5,CCCc1cc(O)c2c(c1)OC(C)(C)c1ccc(C)cc1-2,SVTKBAIRFMXQQF-UHFFFAOYSA-N
24770057,CHEMBL5126028,B,NC(=O)c1csc2ncn(Cc3nnn(C[C@H](O)c4cc5ccc(F)cc5s4)n3)c(=O)c12,,CHEMBL5120955,2022,CHEMBL5197125,8.05,=,=,IC50,nM,9.0,IC50,nM,9.0,NC(=O)c1csc2ncn(Cc3nnn(C[C@H](O)c4cc5ccc(F)cc5s4)n3)c(=O)c12,IPTVTUDAXHBJAB-LBPRGKRZSA-N
24770058,CHEMBL5126028,B,NC(=O)c1csc2ncn(Cc3nnn(C[C@H](O)c4cc5cc(Cl)ccc5o4)n3)c(=O)c12,,CHEMBL5120955,2022,CHEMBL5202437,7.92,=,=,IC50,nM,12.0,IC50,nM,12.0,NC(=O)c1csc2ncn(Cc3nnn(C[C@H](O)c4cc5cc(Cl)ccc5o4)n3)c(=O)c12,MKIKGQZGGGLNPU-LBPRGKRZSA-N
24770059,CHEMBL5126028,B,NC(=O)c1csc2ncn(Cc3nnn(C[C@H](O)c4ccc5oc(F)cc5c4)n3)c(=O)c12,,CHEMBL5120955,2022,CHEMBL5205506,7.92,=,=,IC50,nM,12.0,IC50,nM,12.0,NC(=O)c1csc2ncn(Cc3nnn(C[C@H](O)c4ccc5oc(F)cc5c4)n3)c(=O)c12,RJMWAUREFQUJOV-LBPRGKRZSA-N
24770060,CHEMBL5126028,B,NC(=O)c1csc2ncn(Cc3nnn(C[C@H](O)c4cc5ccccc5s4)n3)c(=O)c12,,CHEMBL5120955,2022,CHEMBL5179888,7.89,=,=,IC50,nM,13.0,IC50,nM,13.0,NC(=O)c1csc2ncn(Cc3nnn(C[C@H](O)c4cc5ccccc5s4)n3)c(=O)c12,QXLPITFISDKGCL-LBPRGKRZSA-N
24770061,CHEMBL5126028,B,NC(=O)c1csc2ncn(Cc3nnn(C[C@H](O)c4cc5cc(F)ccc5o4)n3)c(=O)c12,,CHEMBL5120955,2022,CHEMBL5185597,7.66,=,=,IC50,nM,22.0,IC50,nM,22.0,NC(=O)c1csc2ncn(Cc3nnn(C[C@H](O)c4cc5cc(F)ccc5o4)n3)c(=O)c12,MJZFLVZBZCNKDO-LBPRGKRZSA-N
24770062,CHEMBL5126028,B,NC(=O)c1csc2ncn(Cc3nnn(C[C@H](O)c4cc(Cl)c(Cl)s4)n3)c(=O)c12,,CHEMBL5120955,2022,CHEMBL5181161,7.64,=,=,IC50,nM,23.0,IC50,nM,23.0,NC(=O)c1csc2ncn(Cc3nnn(C[C@H](O)c4cc(Cl)c(Cl)s4)n3)c(=O)c12,PCRVYTLDPBCCDQ-QMMMGPOBSA-N
24831377,CHEMBL5142855,B,Cc1c(C(N)=O)oc2ncn(Cc3nnn(C[C@H](O)c4cc5ccccc5s4)n3)c(=O)c12,,CHEMBL5137102,2022,CHEMBL5170316,8.0,=,=,IC50,nM,10.0,IC50,nM,10.0,Cc1c(C(N)=O)oc2ncn(Cc3nnn(C[C@H](O)c4cc5ccccc5s4)n3)c(=O)c12,FKCJHLWKMWRKBM-LBPRGKRZSA-N
24831378,CHEMBL5142855,B,Cc1c(C(N)=O)oc2ncn(Cc3nnn(C[C@H](O)c4ccc(Cl)s4)n3)c(=O)c12,,CHEMBL5137102,2022,CHEMBL5196336,8.0,=,=,IC50,nM,10.0,IC50,nM,10.0,Cc1c(C(N)=O)oc2ncn(Cc3nnn(C[C@H](O)c4ccc(Cl)s4)n3)c(=O)c12,JTULPMHYGMMBHH-QMMMGPOBSA-N
24831379,CHEMBL5142855,B,Cc1oc2ncn(Cc3nnn(C[C@H](O)c4cc5ccc(F)cc5s4)n3)c(=O)c2c1C(N)=O,,CHEMBL5137102,2022,CHEMBL5176405,8.0,=,=,IC50,nM,10.0,IC50,nM,10.0,Cc1oc2ncn(Cc3nnn(C[C@H](O)c4cc5ccc(F)cc5s4)n3)c(=O)c2c1C(N)=O,WHEWGFMWWBERPN-LBPRGKRZSA-N
24831380,CHEMBL5142855,B,Cc1oc2ncn(Cc3nnn(C[C@H](O)c4cc5ccccc5s4)n3)c(=O)c2c1C(N)=O,,CHEMBL5137102,2022,CHEMBL5187441,7.96,=,=,IC50,nM,11.0,IC50,nM,11.0,Cc1oc2ncn(Cc3nnn(C[C@H](O)c4cc5ccccc5s4)n3)c(=O)c2c1C(N)=O,PXDPFFKXKJQMBY-LBPRGKRZSA-N
24831381,CHEMBL5142855,B,Cc1c(C(N)=O)oc2ncn(Cc3nnn(C[C@H](O)c4cc5cc(Cl)ccc5o4)n3)c(=O)c12,,CHEMBL5137102,2022,CHEMBL5209855,7.89,=,=,IC50,nM,13.0,IC50,nM,13.0,Cc1c(C(N)=O)oc2ncn(Cc3nnn(C[C@H](O)c4cc5cc(Cl)ccc5o4)n3)c(=O)c12,QNZGMOZJDBNRKF-LBPRGKRZSA-N
24831382,CHEMBL5142855,B,Cc1oc2ncn(Cc3nnn(C[C@H](O)c4cc5cc(Cl)ccc5o4)n3)c(=O)c2c1C(N)=O,,CHEMBL5137102,2022,CHEMBL5171677,7.92,=,=,IC50,nM,12.0,IC50,nM,12.0,Cc1oc2ncn(Cc3nnn(C[C@H](O)c4cc5cc(Cl)ccc5o4)n3)c(=O)c2c1C(N)=O,IPJMGIPUWRMURN-LBPRGKRZSA-N
24953936,CHEMBL5210282,B,Clc1cccc(-c2nnnn2Cc2cccnc2)c1Cl,,CHEMBL5210121,2023,CHEMBL377219,7.29,=,=,IC50,nM,51.0,IC50,nM,51.0,Clc1cccc(-c2nnnn2Cc2cccnc2)c1Cl,MMPAULQSJLVKHP-UHFFFAOYSA-N
24954137,CHEMBL5210580,B,Clc1cccc(-c2nnnn2Cc2cccnc2)c1Cl,,CHEMBL5210307,2023,CHEMBL377219,7.17,=,=,IC50,nM,67.0,IC50,nM,67.0,Clc1cccc(-c2nnnn2Cc2cccnc2)c1Cl,MMPAULQSJLVKHP-UHFFFAOYSA-N
25448979,CHEMBL5318377,B,CC1(C)CCC[C@](O)(C(F)(F)F)[C@H]1Cc1ccc([N+](=O)[O-])cc1,,CHEMBL5316309,2023,CHEMBL5398163,7.85,=,=,IC50,nM,14.0,IC50,nM,14.0,CC1(C)CCC[C@](O)(C(F)(F)F)[C@H]1Cc1ccc([N+](=O)[O-])cc1,XTCJBNJCHYEEHZ-DZGCQCFKSA-N
25448980,CHEMBL5318377,B,CC1(C)CCC[C@](O)(C(F)(F)F)[C@H]1Cc1ccc(F)cc1,,CHEMBL5316309,2023,CHEMBL5437183,7.44,=,=,IC50,nM,36.0,IC50,nM,36.0,CC1(C)CCC[C@](O)(C(F)(F)F)[C@H]1Cc1ccc(F)cc1,XAUSPLMRLISGMX-DZGCQCFKSA-N
25448981,CHEMBL5318377,B,CC1(C)CCC[C@](O)(C(F)(F)F)[C@H]1Cc1ccc(F)cc1,,CHEMBL5316309,2023,CHEMBL5437183,7.48,=,=,IC50,nM,33.0,IC50,nM,33.0,CC1(C)CCC[C@](O)(C(F)(F)F)[C@H]1Cc1ccc(F)cc1,XAUSPLMRLISGMX-DZGCQCFKSA-N
25448982,CHEMBL5318377,B,CC1(C)CCCC(O)(C(F)(F)F)C1Cc1ccc(Cl)cc1,,CHEMBL5316309,2023,CHEMBL5431800,6.47,=,=,IC50,nM,340.0,IC50,nM,340.0,CC1(C)CCCC(O)(C(F)(F)F)C1Cc1ccc(Cl)cc1,UTZJMYCMNMRQMT-UHFFFAOYSA-N
25448983,CHEMBL5318377,B,CC1(C)CCCC(O)(C(F)(F)F)C1Cc1ccc(C#N)cc1,,CHEMBL5316309,2023,CHEMBL5436178,6.41,=,=,IC50,nM,390.0,IC50,nM,390.0,CC1(C)CCCC(O)(C(F)(F)F)C1Cc1ccc(C#N)cc1,OJDPMUKHSHJUMB-UHFFFAOYSA-N
25448984,CHEMBL5318377,B,Cc1ccc(CC2C(C)(C)CCCC2(O)C(F)(F)F)cc1,,CHEMBL5316309,2023,CHEMBL5419068,5.9,=,=,IC50,nM,1270.0,IC50,nM,1270.0,Cc1ccc(CC2C(C)(C)CCCC2(O)C(F)(F)F)cc1,DJJSNCWPZMUIPG-UHFFFAOYSA-N
25448987,CHEMBL5318377,B,CC1(C)CCCC(O)(C(F)(F)F)C1Cc1cccc(F)c1,,CHEMBL5316309,2023,CHEMBL5408516,6.12,=,=,IC50,nM,750.0,IC50,nM,750.0,CC1(C)CCCC(O)(C(F)(F)F)C1Cc1cccc(F)c1,BUZFDVGJMBLEGQ-UHFFFAOYSA-N
25448988,CHEMBL5318377,B,CC1(C)CCCC(O)(C(F)(F)F)C1Cc1cccc(C#N)c1,,CHEMBL5316309,2023,CHEMBL5401746,5.26,=,=,IC50,nM,5550.0,IC50,nM,5550.0,CC1(C)CCCC(O)(C(F)(F)F)C1Cc1cccc(C#N)c1,XOTLDNAVQQZBGX-UHFFFAOYSA-N
25448989,CHEMBL5318377,B,CC1(C)CCCC(O)(C(F)(F)F)C1Cc1ccc(F)cc1F,,CHEMBL5316309,2023,CHEMBL5436224,6.0,=,=,IC50,nM,1000.0,IC50,nM,1000.0,CC1(C)CCCC(O)(C(F)(F)F)C1Cc1ccc(F)cc1F,FLNSDZHQQBHXMR-UHFFFAOYSA-N
25448990,CHEMBL5318377,B,O[C@@]1(C(F)(F)F)CCCC[C@@H]1Cc1ccc(F)cc1,,CHEMBL5316309,2023,CHEMBL5428371,8.4,=,=,IC50,nM,4.0,IC50,nM,4.0,O[C@@]1(C(F)(F)F)CCCC[C@@H]1Cc1ccc(F)cc1,YXACHAYJFVKEGM-YPMHNXCESA-N
25448991,CHEMBL5318377,B,O[C@]1(C(F)(F)F)CCCC[C@H]1Cc1csc(Cl)c1,,CHEMBL5316309,2023,CHEMBL5428179,8.3,=,=,IC50,nM,5.0,IC50,nM,5.0,O[C@]1(C(F)(F)F)CCCC[C@H]1Cc1csc(Cl)c1,INKFVRPSMUPBSU-GXSJLCMTSA-N
25448992,CHEMBL5318377,B,N#Cc1cc(C[C@@H]2CCCC[C@]2(O)C(F)(F)F)cs1,,CHEMBL5316309,2023,CHEMBL5413437,7.37,=,=,IC50,nM,43.0,IC50,nM,43.0,N#Cc1cc(C[C@@H]2CCCC[C@]2(O)C(F)(F)F)cs1,SRQGUJBYQSAYQR-CMPLNLGQSA-N
25448993,CHEMBL5318377,B,O[C@]1(C(F)(F)F)CCCC[C@H]1Cc1ccc(Cl)nc1,,CHEMBL5316309,2023,CHEMBL5440987,7.0,=,=,IC50,nM,100.0,IC50,nM,100.0,O[C@]1(C(F)(F)F)CCCC[C@H]1Cc1ccc(Cl)nc1,QBTYAOFNADKROF-CMPLNLGQSA-N
25448994,CHEMBL5318377,B,O[C@]1(C(F)(F)F)CCCC[C@H]1Cc1cncc(Cl)c1,,CHEMBL5316309,2023,CHEMBL5424431,5.8,=,=,IC50,nM,1600.0,IC50,nM,1600.0,O[C@]1(C(F)(F)F)CCCC[C@H]1Cc1cncc(Cl)c1,BAHAKPRBUNPURW-CMPLNLGQSA-N
25448995,CHEMBL5318377,B,O[C@]1(C(F)(F)F)CCCC[C@H]1Cc1ccncc1,,CHEMBL5316309,2023,CHEMBL5424148,6.14,=,=,IC50,nM,722.0,IC50,nM,722.0,O[C@]1(C(F)(F)F)CCCC[C@H]1Cc1ccncc1,GGEXZZTTYULMGE-NWDGAFQWSA-N
25448996,CHEMBL5318377,B,O[C@]1(C(F)(F)F)CCCC[C@H]1Cc1ccc(Cl)cn1,,CHEMBL5316309,2023,CHEMBL5394183,6.09,=,=,IC50,nM,810.0,IC50,nM,810.0,O[C@]1(C(F)(F)F)CCCC[C@H]1Cc1ccc(Cl)cn1,VJCDMKPFUPJSKB-JOYOIKCWSA-N
25448997,CHEMBL5318377,B,OC(F)(F)[C@@]1(O)CCCC[C@H]1Cc1c[nH]c2ccccc12,,CHEMBL5316309,2023,CHEMBL5431088,4.6,=,=,IC50,nM,25000.0,IC50,nM,25000.0,OC(F)(F)[C@@]1(O)CCCC[C@H]1Cc1c[nH]c2ccccc12,RWIAKYVGVKDIRP-SWLSCSKDSA-N
25448998,CHEMBL5318377,B,O[C@]1(C(F)(F)F)CCCC[C@H]1Oc1ccc(F)cc1,,CHEMBL5316309,2023,CHEMBL5439762,7.7,=,=,IC50,nM,20.0,IC50,nM,20.0,O[C@]1(C(F)(F)F)CCCC[C@H]1Oc1ccc(F)cc1,BAYFMGSXOKNAJZ-VXGBXAGGSA-N
25448999,CHEMBL5318377,B,O[C@]1(C(F)(F)F)CCCC[C@H]1Nc1ccc(F)cc1,,CHEMBL5316309,2023,CHEMBL4514203,7.8,=,=,IC50,nM,16.0,IC50,nM,16.0,O[C@]1(C(F)(F)F)CCCC[C@H]1Nc1ccc(F)cc1,IESAJAZKMLPVIB-VXGBXAGGSA-N
25449000,CHEMBL5318377,B,CN(c1ccc(F)cc1)[C@@H]1CCCC[C@]1(O)C(F)(F)F,,CHEMBL5316309,2023,CHEMBL5397630,6.37,=,=,IC50,nM,430.0,IC50,nM,430.0,CN(c1ccc(F)cc1)[C@@H]1CCCC[C@]1(O)C(F)(F)F,OAFMAMFQRUUJFC-CHWSQXEVSA-N
25449001,CHEMBL5318377,B,COCCN(c1ccc(F)cc1)[C@@H]1CCCC[C@]1(O)C(F)(F)F,,CHEMBL5316309,2023,CHEMBL5411635,5.92,=,=,IC50,nM,1200.0,IC50,nM,1200.0,COCCN(c1ccc(F)cc1)[C@@H]1CCCC[C@]1(O)C(F)(F)F,QMNDHOHVKPZQCS-HUUCEWRRSA-N
25449002,CHEMBL5318377,B,O[C@]1(C(F)(F)F)CCCC[C@H]1Nc1ccccc1,,CHEMBL5316309,2023,CHEMBL5426246,6.37,=,=,IC50,nM,430.0,IC50,nM,430.0,O[C@]1(C(F)(F)F)CCCC[C@H]1Nc1ccccc1,CCKDABRNCXXPNF-VXGBXAGGSA-N
25449003,CHEMBL5318377,B,O[C@]1(C(F)(F)F)CCCC[C@H]1N1CCc2cc(F)ccc21,,CHEMBL5316309,2023,CHEMBL5419147,7.35,=,=,IC50,nM,45.0,IC50,nM,45.0,O[C@]1(C(F)(F)F)CCCC[C@H]1N1CCc2cc(F)ccc21,QOZZBCIPYXNJCK-ZIAGYGMSSA-N
25449004,CHEMBL5318377,B,O=C(N[C@@H]1CCCC[C@]1(O)C(F)(F)F)c1ccc(F)cc1,,CHEMBL5316309,2023,CHEMBL5407661,5.47,=,=,IC50,nM,3400.0,IC50,nM,3400.0,O=C(N[C@@H]1CCCC[C@]1(O)C(F)(F)F)c1ccc(F)cc1,PDLRKEDIAZMXFA-DGCLKSJQSA-N
25449006,CHEMBL5318377,B,CN([C@@H]1CCCC[C@]1(O)C(F)(F)F)S(=O)(=O)c1ccc(F)cc1,,CHEMBL5316309,2023,CHEMBL5398623,5.5,=,=,IC50,nM,3200.0,IC50,nM,3200.0,CN([C@@H]1CCCC[C@]1(O)C(F)(F)F)S(=O)(=O)c1ccc(F)cc1,BANGFDNCERQQIE-CHWSQXEVSA-N
25449007,CHEMBL5318377,B,O[C@]1(C(F)(F)F)CCCC[C@H]1Nc1ccc(Cl)cc1,,CHEMBL5316309,2023,CHEMBL5394758,7.77,=,=,IC50,nM,17.0,IC50,nM,17.0,O[C@]1(C(F)(F)F)CCCC[C@H]1Nc1ccc(Cl)cc1,GZRIVVUNKOLQTE-VXGBXAGGSA-N
25449008,CHEMBL5318377,B,N#Cc1ccc(N[C@@H]2CCCC[C@]2(O)C(F)(F)F)cc1,,CHEMBL5316309,2023,CHEMBL5394738,6.99,=,=,IC50,nM,103.0,IC50,nM,103.0,N#Cc1ccc(N[C@@H]2CCCC[C@]2(O)C(F)(F)F)cc1,APBUNKVHHWMAAH-CHWSQXEVSA-N
25449009,CHEMBL5318377,B,O[C@]1(C(F)(F)F)CCCC[C@H]1Nc1cccc(F)c1,,CHEMBL5316309,2023,CHEMBL5413993,7.2,=,=,IC50,nM,63.0,IC50,nM,63.0,O[C@]1(C(F)(F)F)CCCC[C@H]1Nc1cccc(F)c1,AADPNBLFAHYYBS-VXGBXAGGSA-N
25449010,CHEMBL5318377,B,O[C@]1(C(F)(F)F)CCCC[C@H]1Nc1ccc(F)cn1,,CHEMBL5316309,2023,CHEMBL5419942,6.36,=,=,IC50,nM,440.0,IC50,nM,440.0,O[C@]1(C(F)(F)F)CCCC[C@H]1Nc1ccc(F)cn1,UBLPTRCPCBWBQJ-MWLCHTKSSA-N
25449011,CHEMBL5318377,B,O[C@]1(C(F)(F)F)CCCC[C@H]1Nc1ccc(Cl)c(F)c1,,CHEMBL5316309,2023,CHEMBL5419744,7.68,=,=,IC50,nM,21.0,IC50,nM,21.0,O[C@]1(C(F)(F)F)CCCC[C@H]1Nc1ccc(Cl)c(F)c1,YCSCTJKEBOGQEI-VXGBXAGGSA-N
25449012,CHEMBL5318377,B,O[C@]1(C(F)(F)F)CCCC[C@H]1Nc1ccc(F)c(Cl)c1,,CHEMBL5316309,2023,CHEMBL5423752,7.26,=,=,IC50,nM,55.0,IC50,nM,55.0,O[C@]1(C(F)(F)F)CCCC[C@H]1Nc1ccc(F)c(Cl)c1,ULQKHUFRRFOYGH-VXGBXAGGSA-N
25449013,CHEMBL5318377,B,O[C@]1(C(F)(F)F)CCCC[C@H]1Nc1ccc(Cl)c(Cl)c1,,CHEMBL5316309,2023,CHEMBL5422541,7.39,=,=,IC50,nM,41.0,IC50,nM,41.0,O[C@]1(C(F)(F)F)CCCC[C@H]1Nc1ccc(Cl)c(Cl)c1,GINMVHRTUVVUGZ-VXGBXAGGSA-N
25449015,CHEMBL5318377,B,N#Cc1ccc(NC2CCCCC2(O)C(F)(F)F)cc1C(F)(F)F,,CHEMBL5316309,2023,CHEMBL5428534,4.72,=,=,IC50,nM,19000.0,IC50,nM,19000.0,N#Cc1ccc(NC2CCCCC2(O)C(F)(F)F)cc1C(F)(F)F,JWYKVNCEXVVNTP-UHFFFAOYSA-N
25449016,CHEMBL5318377,B,O[C@]1(C(F)(F)F)CCCC[C@H]1Cc1ncc(Cl)s1,,CHEMBL5316309,2023,CHEMBL5440996,6.33,=,=,IC50,nM,470.0,IC50,nM,470.0,O[C@]1(C(F)(F)F)CCCC[C@H]1Cc1ncc(Cl)s1,PVFZUNSYFRTUGN-OIBJUYFYSA-N
25449033,CHEMBL5318380,B,C[C@H]1[C@H](F)C[C@@H](C(=O)NCc2cc(-c3cnc(C(F)(F)F)nc3)ncc2C#N)N1Sc1ccc(F)cc1,,CHEMBL5316309,2023,CHEMBL5402014,8.21,=,=,IC50,nM,6.1,IC50,10^-9M,6.1,C[C@H]1[C@H](F)C[C@@H](C(=O)NCc2cc(-c3cnc(C(F)(F)F)nc3)ncc2C#N)N1Sc1ccc(F)cc1,VJUMGXLZSHPUNN-NQZBTDCJSA-N
25449034,CHEMBL5318380,B,CCC(=N\O)/C(C)=C/c1ccc(F)cc1,,CHEMBL5316309,2023,CHEMBL3697701,7.36,=,=,IC50,nM,44.0,IC50,10^-8M,4.4,CCC(=N\O)/C(C)=C/c1ccc(F)cc1,HKROEBDHHKMNBZ-CHBKHGQFSA-N
25449035,CHEMBL5318380,B,Cc1cc2[nH]ncc2cc1-c1ccccc1C(F)(F)F,,CHEMBL5316309,2023,CHEMBL3298923,7.85,=,=,IC50,nM,14.0,IC50,10^-8M,1.4,Cc1cc2[nH]ncc2cc1-c1ccccc1C(F)(F)F,NXFIEIXVSJMOQL-UHFFFAOYSA-N
25449036,CHEMBL5318380,B,Cc1cccc(N2CCN(C(=O)N[C@H](C(=O)c3ccc(C#N)cc3)C(C)(C)C)CC2)n1,,CHEMBL5316309,2023,CHEMBL5397673,7.1,=,=,IC50,nM,80.0,IC50,10^-8M,8.0,Cc1cccc(N2CCN(C(=O)N[C@H](C(=O)c3ccc(C#N)cc3)C(C)(C)C)CC2)n1,LSUGPAVXOXLORK-JOCHJYFZSA-N
25449037,CHEMBL5318380,B,C#CC(CC)(CC)NC(=O)c1cccnc1NC1CC(F)(F)C1,,CHEMBL5316309,2023,CHEMBL5408439,9.0,=,=,IC50,nM,1.0,IC50,10^-9M,1.0,C#CC(CC)(CC)NC(=O)c1cccnc1NC1CC(F)(F)C1,UATIZTLPJAFMBY-UHFFFAOYSA-N
25449038,CHEMBL5318380,B,O=C(NC(Sc1ccc(Cl)cc1)C(Cl)(Cl)Cl)c1ccc([N+](=O)[O-])cc1,,CHEMBL5316309,2023,CHEMBL1086587,7.01,=,=,IC50,nM,98.0,IC50,10^-8M,9.8,O=C(NC(Sc1ccc(Cl)cc1)C(Cl)(Cl)Cl)c1ccc([N+](=O)[O-])cc1,DNTIPHKVCXUYRM-UHFFFAOYSA-N
25449039,CHEMBL5318380,B,COCCCOc1cccc([C@H]2NC(=S)Nc3c2oc2ncccc32)c1,,CHEMBL5316309,2023,CHEMBL3314489,7.17,=,=,IC50,nM,67.0,IC50,10^-8M,6.7,COCCCOc1cccc([C@H]2NC(=S)Nc3c2oc2ncccc32)c1,HVBOOIDXACFGEI-OAHLLOKOSA-N
25449040,CHEMBL5318380,B,O=c1c2[nH]cnc2ncn1Cc1nc(CCc2ccc(Cl)cc2)no1,,CHEMBL5316309,2023,CHEMBL5427438,7.33,=,=,IC50,nM,47.0,IC50,10^-8M,4.7,O=c1c2[nH]cnc2ncn1Cc1nc(CCc2ccc(Cl)cc2)no1,WKEGRPVOXGQXBX-UHFFFAOYSA-N
25449041,CHEMBL5318380,B,O[C@]1(C(F)(F)F)CCCC[C@H]1Nc1ccc(F)cc1,,CHEMBL5316309,2023,CHEMBL4514203,7.46,=,=,IC50,nM,35.0,IC50,10^-8M,3.5,O[C@]1(C(F)(F)F)CCCC[C@H]1Nc1ccc(F)cc1,IESAJAZKMLPVIB-VXGBXAGGSA-N
25449042,CHEMBL5318380,B,C[C@@H](C(=O)Nc1ccnc(-c2cnc(N3CCC[C@H]3C(F)(F)F)nc2)n1)n1cnc2c1c(=O)n(C)c(=O)n2C,,CHEMBL5316309,2023,CHEMBL5436504,7.19,=,=,IC50,nM,64.0,IC50,10^-8M,6.4,C[C@@H](C(=O)Nc1ccnc(-c2cnc(N3CCC[C@H]3C(F)(F)F)nc2)n1)n1cnc2c1c(=O)n(C)c(=O)n2C,PYFKLAFILPDHPW-JSGCOSHPSA-N
25449043,CHEMBL5318380,B,Cn1c(=O)c2c(CC(=O)Nc3nc(-c4ccc(F)c(C(F)(F)F)c4F)cs3)csc2n(C)c1=O,,CHEMBL5316309,2023,CHEMBL3905801,5.17,=,=,IC50,nM,6800.0,IC50,10^-6M,6.8,Cn1c(=O)c2c(CC(=O)Nc3nc(-c4ccc(F)c(C(F)(F)F)c4F)cs3)csc2n(C)c1=O,XOPMVFNBFICPDB-UHFFFAOYSA-N
25608061,CHEMBL5360087,B,COC(=O)[C@H](C)[C@H]1CC[C@@](C)(CCC2=C(C)CCCC2(C)C)OO1,,CHEMBL5357058,2024,CHEMBL451159,4.85,=,=,IC50,nM,14100.0,IC50,uM,14.1,COC(=O)[C@H](C)[C@H]1CC[C@@](C)(CCC2=C(C)CCCC2(C)C)OO1,MRBQQESZUMBYBU-WRWLIDTKSA-N
25608062,CHEMBL5360087,B,C=C1CCCC(C)(C)C1CC[C@]1(C)CC[C@H]([C@@H](C)C(=O)OC)OO1,,CHEMBL5357058,2024,CHEMBL465146,4.72,=,=,IC50,nM,18900.0,IC50,uM,18.9,C=C1CCCC(C)(C)C1CC[C@]1(C)CC[C@H]([C@@H](C)C(=O)OC)OO1,MYBJZJMUOIRKIX-CYXPSIDGSA-N
25608063,CHEMBL5360087,B,COC(=O)[C@H](C)[C@H]1CC[C@@](C)(CCC2=C(C)C(=O)CCC2(C)C)OO1,,CHEMBL5357058,2024,CHEMBL496650,4.66,=,=,IC50,nM,22100.0,IC50,uM,22.1,COC(=O)[C@H](C)[C@H]1CC[C@@](C)(CCC2=C(C)C(=O)CCC2(C)C)OO1,QUCBMVALSQJJDY-WIBUTAKZSA-N
25608067,CHEMBL5360087,B,COC(=O)[C@H](C)[C@@H]1CC[C@@](C)(CCC2=C(C)CCCC2(C)C)OO1,,CHEMBL5357058,2024,CHEMBL524897,4.53,=,=,IC50,nM,29300.0,IC50,uM,29.3,COC(=O)[C@H](C)[C@@H]1CC[C@@](C)(CCC2=C(C)CCCC2(C)C)OO1,MRBQQESZUMBYBU-OXFYSEKESA-N
25608073,CHEMBL5360087,B,CC1=C(CC/C(C)=C/CC[C@@]2(C)CC[C@@H]([C@H](C)C(=O)O)OO2)C(C)(C)CCC1,,CHEMBL5357058,2024,CHEMBL463703,5.32,=,=,IC50,nM,4800.0,IC50,uM,4.8,CC1=C(CC/C(C)=C/CC[C@@]2(C)CC[C@@H]([C@H](C)C(=O)O)OO2)C(C)(C)CCC1,ZJKZMXQQSDVDLA-NCFLSLSRSA-N
25608075,CHEMBL5360087,B,CC1=C(CC/C(C)=C/CC[C@@]2(C)CC[C@@H]([C@H](C)C(=O)O)OO2)C(C)(C)CCC1=O,,CHEMBL5357058,2024,CHEMBL5401727,4.82,=,=,IC50,nM,15300.0,IC50,uM,15.3,CC1=C(CC/C(C)=C/CC[C@@]2(C)CC[C@@H]([C@H](C)C(=O)O)OO2)C(C)(C)CCC1=O,OALGIPQKCNNGBC-SQWFFKJPSA-N
25608076,CHEMBL5360087,B,CC1=C(CC/C(C)=C/CC[C@]2(C)CC[C@@H]([C@H](C)C(=O)O)OO2)C(C)(C)CCC1,,CHEMBL5357058,2024,CHEMBL5401628,5.25,=,=,IC50,nM,5600.0,IC50,uM,5.6,CC1=C(CC/C(C)=C/CC[C@]2(C)CC[C@@H]([C@H](C)C(=O)O)OO2)C(C)(C)CCC1,ZJKZMXQQSDVDLA-RMXXGELBSA-N
25608077,CHEMBL5360087,B,COC(=O)[C@@H](C)[C@@H]1CC[C@@](C)(CC/C=C(\C)CCC2=C(C)CCCC2(C)C)OO1,,CHEMBL5357058,2024,CHEMBL5432653,4.7,=,=,IC50,nM,20200.0,IC50,uM,20.2,COC(=O)[C@@H](C)[C@@H]1CC[C@@](C)(CC/C=C(\C)CCC2=C(C)CCCC2(C)C)OO1,KGRANTXTMXDAIF-VYKXQCJSSA-N
25608078,CHEMBL5360087,B,C=C1CCC[C@H]2[C@](C)(CC[C@@]3(C)CC[C@H]([C@@H](C)C(=O)O)OO3)[C@@H](C)CC[C@]12C,,CHEMBL5357058,2024,CHEMBL5412389,5.7,=,=,IC50,nM,2000.0,IC50,uM,2.0,C=C1CCC[C@H]2[C@](C)(CC[C@@]3(C)CC[C@H]([C@@H](C)C(=O)O)OO3)[C@@H](C)CC[C@]12C,SQNNYRWDFNZPBJ-CTTBUFIDSA-N
25608079,CHEMBL5360087,B,C=C1CCC[C@H]2[C@](C)(CC[C@@]3(C)CC[C@H]([C@@H](C)C(=O)OC)OO3)[C@@H](C)CC[C@]12C,,CHEMBL5357058,2024,CHEMBL5428600,4.87,=,=,IC50,nM,13500.0,IC50,uM,13.5,C=C1CCC[C@H]2[C@](C)(CC[C@@]3(C)CC[C@H]([C@@H](C)C(=O)OC)OO3)[C@@H](C)CC[C@]12C,XZMSFDWECPXXRJ-PKQUCIBFSA-N
25608080,CHEMBL5360087,B,CCC(=N\O)/C(C)=C/c1ccc(F)cc1,,CHEMBL5357058,2024,CHEMBL3697701,6.0,=,=,IC50,nM,1000.0,IC50,uM,1.0,CCC(=N\O)/C(C)=C/c1ccc(F)cc1,HKROEBDHHKMNBZ-CHBKHGQFSA-N
26010076,CHEMBL5577360,B,CC(CO)CC(C)c1ccccc1,,CHEMBL5576088,2024,CHEMBL5591759,4.3,=,=,IC50,nM,50500.0,IC50,uM,50.5,CC(CO)CC(C)c1ccccc1,SXGYZCMGVZKIPJ-UHFFFAOYSA-N
26010077,CHEMBL5577360,B,CC(=C\c1ccc(Cl)cc1)/C(C)=N/O,,CHEMBL5576088,2024,CHEMBL593902,5.76,=,=,IC50,nM,1720.0,IC50,uM,1.72,CC(=C\c1ccc(Cl)cc1)/C(C)=N/O,MHTJEUOFLVQMCL-NJHPPEEMSA-N
26010090,CHEMBL5577372,B,C[C@@H](CO)C[C@@H](C)c1ccccc1,,CHEMBL5576088,2024,CHEMBL5591349,4.97,=,=,IC50,nM,10700.0,IC50,uM,10.7,C[C@@H](CO)C[C@@H](C)c1ccccc1,SXGYZCMGVZKIPJ-GHMZBOCLSA-N
26010094,CHEMBL5577374,B,CC(CO)CC(C)c1ccccc1,,CHEMBL5576088,2024,CHEMBL5591759,5.08,=,=,IC50,nM,8350.0,IC50,uM,8.35,CC(CO)CC(C)c1ccccc1,SXGYZCMGVZKIPJ-UHFFFAOYSA-N
26010101,CHEMBL5577374,B,C/C(=C\C(C)c1ccccc1)CO,,CHEMBL5576088,2024,CHEMBL5594755,4.49,=,=,IC50,nM,32060.0,IC50,uM,32.06,C/C(=C\C(C)c1ccccc1)CO,VVHXXMHMQYUMOB-CSKARUKUSA-N
26010103,CHEMBL5577374,B,CC(CO)C(C)Cc1ccccc1,,CHEMBL5576088,2024,CHEMBL5592753,4.77,=,=,IC50,nM,17020.0,IC50,uM,17.02,CC(CO)C(C)Cc1ccccc1,SKHDURSNHJWXRZ-UHFFFAOYSA-N
26010104,CHEMBL5577374,B,CC/C(=C/C(C)c1ccccc1)CO,,CHEMBL5576088,2024,CHEMBL5590464,4.86,=,=,IC50,nM,13940.0,IC50,uM,13.94,CC/C(=C/C(C)c1ccccc1)CO,NNTVXWSMKXIYQP-XFXZXTDPSA-N
26010105,CHEMBL5577374,B,CC/C(=C\C(C)c1ccccc1)CO,,CHEMBL5576088,2024,CHEMBL5593661,5.11,=,=,IC50,nM,7850.0,IC50,uM,7.85,CC/C(=C\C(C)c1ccccc1)CO,NNTVXWSMKXIYQP-FMIVXFBMSA-N
26010106,CHEMBL5577374,B,CCC(CO)CC(C)c1ccccc1,,CHEMBL5576088,2024,CHEMBL5592730,5.37,=,=,IC50,nM,4250.0,IC50,uM,4.25,CCC(CO)CC(C)c1ccccc1,SYBZRZVYXNPFGS-UHFFFAOYSA-N
26010109,CHEMBL5577374,B,CC(CCO)CC(C)c1ccccc1,,CHEMBL5576088,2024,CHEMBL5595901,4.7,=,=,IC50,nM,19840.0,IC50,uM,19.84,CC(CCO)CC(C)c1ccccc1,VBARHQQFLPIUTB-UHFFFAOYSA-N
26010111,CHEMBL5577374,B,C/C(=C\Cc1ccc(F)cc1)CO,,CHEMBL5576088,2024,CHEMBL5589859,5.27,=,=,IC50,nM,5400.0,IC50,uM,5.4,C/C(=C\Cc1ccc(F)cc1)CO,FYEXAXFLKABKLW-XNWCZRBMSA-N
26010112,CHEMBL5577374,B,CC(CO)C(C)Cc1ccc(F)cc1,,CHEMBL5576088,2024,CHEMBL5593584,5.95,=,=,IC50,nM,1120.0,IC50,uM,1.12,CC(CO)C(C)Cc1ccc(F)cc1,DFRRLTYRSAJCPA-UHFFFAOYSA-N
26010120,CHEMBL5577374,B,CCC(O)C(C)Cc1ccccc1,,CHEMBL5576088,2024,CHEMBL5595834,4.66,=,=,IC50,nM,21780.0,IC50,uM,21.78,CCC(O)C(C)Cc1ccccc1,NDCBWQCTQSTKJY-UHFFFAOYSA-N
26010124,CHEMBL5577374,B,CC(C)C(O)C(C)(C)Cc1ccccc1,,CHEMBL5576088,2024,CHEMBL5595799,5.95,=,=,IC50,nM,1130.0,IC50,uM,1.13,CC(C)C(O)C(C)(C)Cc1ccccc1,LKGOYTNWKHESNU-UHFFFAOYSA-N
26010129,CHEMBL5577374,B,C[C@]1(O)CCC[C@H](c2ccccc2)C1,,CHEMBL5576088,2024,CHEMBL5594756,5.49,=,=,IC50,nM,3240.0,IC50,uM,3.24,C[C@]1(O)CCC[C@H](c2ccccc2)C1,JCGBVACYAGHPAM-STQMWFEESA-N
26010182,CHEMBL5577382,B,CCC(=N\O)/C(C)=C/c1ccc(F)cc1,,CHEMBL5576088,2024,CHEMBL3697701,7.17,=,=,IC50,nM,67.0,IC50,uM,0.067,CCC(=N\O)/C(C)=C/c1ccc(F)cc1,HKROEBDHHKMNBZ-CHBKHGQFSA-N
26136874,CHEMBL5621665,B,O=C1C[C@@H](c2ccc(O[C@@H]3O[C@H](CO)[C@@H](O)[C@H](O)[C@H]3O)cc2)Oc2cc(O)ccc21,,CHEMBL5620371,2023,CHEMBL511995,4.79,=,=,IC50,nM,16200.0,IC50,uM,16.2,O=C1C[C@@H](c2ccc(O[C@@H]3O[C@H](CO)[C@@H](O)[C@H](O)[C@H]3O)cc2)Oc2cc(O)ccc21,DEMKZLAVQYISIA-ZRWXNEIDSA-N
26136875,CHEMBL5621665,B,CC(C)c1cc(CCC(=O)CC(O)Cc2ccccc2)cc(C(C)C)c1O,,CHEMBL5620371,2023,CHEMBL1950590,5.48,=,=,IC50,nM,3300.0,IC50,uM,3.3,CC(C)c1cc(CCC(=O)CC(O)Cc2ccccc2)cc(C(C)C)c1O,XUXZULDMSVLPDK-UHFFFAOYSA-N
26136876,CHEMBL5621665,B,O=C(CCc1ccccc1)CC(O)Cc1ccccc1,,CHEMBL5620371,2023,CHEMBL487732,5.35,=,=,IC50,nM,4500.0,IC50,uM,4.5,O=C(CCc1ccccc1)CC(O)Cc1ccccc1,WWMLUCZLWNRNST-UHFFFAOYSA-N
26136877,CHEMBL5621665,B,O=C(CCc1ccc2c(c1)OCO2)CC(O)CCCCCCc1ccccc1,,CHEMBL5620371,2023,CHEMBL1950593,5.55,=,=,IC50,nM,2800.0,IC50,uM,2.8,O=C(CCc1ccc2c(c1)OCO2)CC(O)CCCCCCc1ccccc1,SRIXRPCMEOZYEY-UHFFFAOYSA-N
26136878,CHEMBL5621665,B,O=C(CCc1ccccc1)CC(O)CCCCCCc1ccccc1,,CHEMBL5620371,2023,CHEMBL1950595,5.44,=,=,IC50,nM,3600.0,IC50,uM,3.6,O=C(CCc1ccccc1)CC(O)CCCCCCc1ccccc1,KOJGDUNEMGGIAC-UHFFFAOYSA-N
26136879,CHEMBL5621665,B,O/N=C/CCc1nc(-c2ccccc2)c(-c2ccccc2)o1,,CHEMBL5620371,2023,CHEMBL5558033,5.62,=,=,IC50,nM,2390.0,IC50,uM,2.39,O/N=C/CCc1nc(-c2ccccc2)c(-c2ccccc2)o1,TZHDABLSSVGCNR-CPNJWEJPSA-N
26276516,CHEMBL5680872,B,CCC(=N\O)/C(C)=C/c1ccc(F)cc1,,CHEMBL5678803,2011,CHEMBL3697701,7.17,=,=,IC50,nM,67.0,IC50,umol/L,0.067,CCC(=N\O)/C(C)=C/c1ccc(F)cc1,HKROEBDHHKMNBZ-CHBKHGQFSA-N
26276518,CHEMBL5680872,B,CC(=N/O)/C(C)=C/c1ccc(Cl)cc1,,CHEMBL5678803,2011,CHEMBL5687035,5.16,=,=,IC50,nM,6900.0,IC50,umol/L,6.9,CC(=N/O)/C(C)=C/c1ccc(Cl)cc1,MHTJEUOFLVQMCL-UFVXJIOISA-N
26276519,CHEMBL5680872,B,CC(C)c1ccc(NC(=O)Cn2cnc3c2c(=O)n(C)c(=O)n3C)cc1,,CHEMBL5678803,2011,CHEMBL1086310,5.16,=,=,IC50,nM,6900.0,IC50,umol/L,6.9,CC(C)c1ccc(NC(=O)Cn2cnc3c2c(=O)n(C)c(=O)n3C)cc1,HEQDZPHDVAOBLN-UHFFFAOYSA-N
26276529,CHEMBL5680880,B,CCC(=N\O)/C(C)=C/c1ccc(F)cc1,,CHEMBL5678803,2011,CHEMBL3697701,7.29,=,=,IC50,nM,51.0,IC50,umol/L,0.051,CCC(=N\O)/C(C)=C/c1ccc(F)cc1,HKROEBDHHKMNBZ-CHBKHGQFSA-N
26276580,CHEMBL5680929,B,CC(=N/O)/C(C)=C/c1ccc(Cl)cc1,,CHEMBL5678803,2011,CHEMBL5687035,5.51,=,=,IC50,nM,3100.0,IC50,umol/L,3.1,CC(=N/O)/C(C)=C/c1ccc(Cl)cc1,MHTJEUOFLVQMCL-UFVXJIOISA-N
26276581,CHEMBL5680929,B,CC(C)c1ccc(NC(=O)Cn2cnc3c2c(=O)n(C)c(=O)n3C)cc1,,CHEMBL5678803,2011,CHEMBL1086310,5.21,=,=,IC50,nM,6200.0,IC50,umol/L,6.2,CC(C)c1ccc(NC(=O)Cn2cnc3c2c(=O)n(C)c(=O)n3C)cc1,HEQDZPHDVAOBLN-UHFFFAOYSA-N
26276582,CHEMBL5680930,B,CC(C)c1ccc(NC(=O)Cn2cnc3c2c(=O)n(C)c(=O)n3C)cc1,,CHEMBL5678803,2011,CHEMBL1086310,5.21,=,=,IC50,nM,6200.0,IC50,umol/L,6.2,CC(C)c1ccc(NC(=O)Cn2cnc3c2c(=O)n(C)c(=O)n3C)cc1,HEQDZPHDVAOBLN-UHFFFAOYSA-N
26276583,CHEMBL5680930,B,CCC(C)c1ccc(NC(=O)Cn2cnc3c2c(=O)n(C)c(=O)n3C)cc1,,CHEMBL5678803,2011,CHEMBL1086339,4.84,=,=,IC50,nM,14300.0,IC50,umol/L,14.3,CCC(C)c1ccc(NC(=O)Cn2cnc3c2c(=O)n(C)c(=O)n3C)cc1,ZUTUWJYMCADJHD-UHFFFAOYSA-N
26312739,CHEMBL5708945,B,Cc1ccc(C(=O)NC(Sc2ccc([N+](=O)[O-])cc2)C(Cl)(Cl)Cl)cc1,,CHEMBL5705895,2012,CHEMBL1086589,6.0,=,=,IC50,nM,1000.0,IC50,uM,1.0,Cc1ccc(C(=O)NC(Sc2ccc([N+](=O)[O-])cc2)C(Cl)(Cl)Cl)cc1,XFAKQJSOOQVAHX-UHFFFAOYSA-N
26312742,CHEMBL5708945,B,CCC(=N\O)/C(C)=C/c1ccc(F)cc1,,CHEMBL5705895,2012,CHEMBL3697701,7.05,=,=,IC50,nM,89.0,IC50,uM,0.089,CCC(=N\O)/C(C)=C/c1ccc(F)cc1,HKROEBDHHKMNBZ-CHBKHGQFSA-N
26312743,CHEMBL5708945,B,CC(C)c1ccc(NC(=O)Cn2cnc3c2c(=O)n(C)c(=O)n3C)cc1,,CHEMBL5705895,2012,CHEMBL1086310,5.13,=,=,IC50,nM,7400.0,IC50,uM,7.4,CC(C)c1ccc(NC(=O)Cn2cnc3c2c(=O)n(C)c(=O)n3C)cc1,HEQDZPHDVAOBLN-UHFFFAOYSA-N
26312744,CHEMBL5708945,B,CC(=C\c1ccc(Cl)cc1)/C(C)=N/O,,CHEMBL5705895,2012,CHEMBL593902,5.04,=,=,IC50,nM,9100.0,IC50,uM,9.1,CC(=C\c1ccc(Cl)cc1)/C(C)=N/O,MHTJEUOFLVQMCL-NJHPPEEMSA-N
26959606,CHEMBL5731467,B,CC(C)N(CC(=O)NCc1cccc(N2CCCC2)c1)S(=O)(=O)c1ccc(F)cc1,,CHEMBL5725783,2017,CHEMBL5798801,6.05,=,=,IC50,nM,883.0,IC50,nM,883.0,CC(C)N(CC(=O)NCc1cccc(N2CCCC2)c1)S(=O)(=O)c1ccc(F)cc1,DPAOKPJHCRBSPQ-UHFFFAOYSA-N
26959609,CHEMBL5731467,B,CC(C)N(CC(=O)NCc1cccc(C2CC2)c1)S(=O)(=O)c1ccc(F)cc1,,CHEMBL5725783,2017,CHEMBL5972523,6.0,=,=,IC50,nM,1000.0,IC50,nM,1000.0,CC(C)N(CC(=O)NCc1cccc(C2CC2)c1)S(=O)(=O)c1ccc(F)cc1,CUXROWBZAXBRIM-UHFFFAOYSA-N
26959612,CHEMBL5731467,B,CC(C)N(CC(=O)NCc1cccc(-c2cnc(N3CCC[C@@H]3C)nc2)c1)S(=O)(=O)c1ccc(F)cc1,,CHEMBL5725783,2017,CHEMBL5866878,7.26,=,=,IC50,nM,55.0,IC50,nM,55.0,CC(C)N(CC(=O)NCc1cccc(-c2cnc(N3CCC[C@@H]3C)nc2)c1)S(=O)(=O)c1ccc(F)cc1,OXAKNBOUQBFWOU-FQEVSTJZSA-N
26959615,CHEMBL5731467,B,CC(C)N(CC(=O)NCc1cccc(-c2cnc(N3CCC[C@@H]3C)nc2)c1)S(=O)(=O)c1ccc(F)cc1,,CHEMBL5725783,2017,CHEMBL5866878,7.42,=,=,IC50,nM,38.0,IC50,nM,38.0,CC(C)N(CC(=O)NCc1cccc(-c2cnc(N3CCC[C@@H]3C)nc2)c1)S(=O)(=O)c1ccc(F)cc1,OXAKNBOUQBFWOU-FQEVSTJZSA-N
26959618,CHEMBL5731467,B,CC(C)N(CC(=O)NCc1cc(N2CCC(C(F)(F)F)CC2)ncn1)S(=O)(=O)c1ccc(F)cc1,,CHEMBL5725783,2017,CHEMBL6054347,6.6,=,=,IC50,nM,251.0,IC50,nM,251.0,CC(C)N(CC(=O)NCc1cc(N2CCC(C(F)(F)F)CC2)ncn1)S(=O)(=O)c1ccc(F)cc1,IQOCOSWVNOLOJW-UHFFFAOYSA-N
26959621,CHEMBL5731467,B,CC(C)N(CC(=O)NCc1cc(N2CCC(F)(F)CC2)ncn1)S(=O)(=O)c1ccc(F)cc1,,CHEMBL5725783,2017,CHEMBL5955252,5.52,=,=,IC50,nM,3000.0,IC50,nM,3000.0,CC(C)N(CC(=O)NCc1cc(N2CCC(F)(F)CC2)ncn1)S(=O)(=O)c1ccc(F)cc1,DZWTVPLPFLUECS-UHFFFAOYSA-N
26959624,CHEMBL5731467,B,CC(C)N(CC(=O)NCc1cccc(-c2ccc(C(F)(F)F)cc2)c1)S(=O)(=O)c1ccn(C)n1,,CHEMBL5725783,2017,CHEMBL5807967,5.62,=,=,IC50,nM,2400.0,IC50,nM,2400.0,CC(C)N(CC(=O)NCc1cccc(-c2ccc(C(F)(F)F)cc2)c1)S(=O)(=O)c1ccn(C)n1,JJWIAVUKFHESIC-UHFFFAOYSA-N
26959627,CHEMBL5731467,B,CC(C)N(CC(=O)NCc1cc(-c2ccc(C(F)(F)F)nc2)ncn1)S(=O)(=O)c1ccc(F)cc1,,CHEMBL5725783,2017,CHEMBL5766826,7.24,=,=,IC50,nM,58.0,IC50,nM,58.0,CC(C)N(CC(=O)NCc1cc(-c2ccc(C(F)(F)F)nc2)ncn1)S(=O)(=O)c1ccc(F)cc1,USAKNJFJFIOYMS-UHFFFAOYSA-N
26959630,CHEMBL5731467,B,CC(C)N(C1(C(=O)NCc2cc(-c3ccc(C(F)(F)F)nc3)ncn2)CC1)S(=O)(=O)c1ccc(F)cc1,,CHEMBL5725783,2017,CHEMBL5759706,7.54,=,=,IC50,nM,29.0,IC50,nM,29.0,CC(C)N(C1(C(=O)NCc2cc(-c3ccc(C(F)(F)F)nc3)ncn2)CC1)S(=O)(=O)c1ccc(F)cc1,GMRLSGZVVKNZDY-UHFFFAOYSA-N
26959633,CHEMBL5731467,B,CC(C)N(CC(=O)NCc1cc(C2=CCC(C(F)(F)F)CC2)ncn1)S(=O)(=O)c1ccc(F)cc1,,CHEMBL5725783,2017,CHEMBL6058851,7.89,=,=,IC50,nM,13.0,IC50,nM,13.0,CC(C)N(CC(=O)NCc1cc(C2=CCC(C(F)(F)F)CC2)ncn1)S(=O)(=O)c1ccc(F)cc1,UBMQUDZBOKUCFG-UHFFFAOYSA-N
26959636,CHEMBL5731467,B,O=C(CN(c1ccc(F)cc1)S(=O)(=O)c1ccc(F)cc1)NCc1cc(-c2ccc(C(F)(F)F)nc2)ncn1,,CHEMBL5725783,2017,CHEMBL5956845,8.05,=,=,IC50,nM,9.0,IC50,nM,9.0,O=C(CN(c1ccc(F)cc1)S(=O)(=O)c1ccc(F)cc1)NCc1cc(-c2ccc(C(F)(F)F)nc2)ncn1,HFBMXPXAVUATGY-UHFFFAOYSA-N
27283406,CHEMBL5732578,B,CCC(=N\O)/C(C)=C/c1ccc(F)nc1,,CHEMBL5726382,2017,CHEMBL1085708,5.9,=,=,IC50,nM,1250.0,IC50,nM,1250.0,CCC(=N\O)/C(C)=C/c1ccc(F)nc1,KZYMSANMAJGLBF-RCAAVWGTSA-N
27283409,CHEMBL5732578,B,CCC(=N\O)/C(C)=C/c1cccs1,,CHEMBL5726382,2017,CHEMBL1085709,4.96,=,=,IC50,nM,11000.0,IC50,nM,11000.0,CCC(=N\O)/C(C)=C/c1cccs1,IBGTZIUMMBHLKD-ZDVGBALWSA-N
27283412,CHEMBL5732578,B,CCC(=N\O)/C(C)=C/c1ccc(OC)nc1,,CHEMBL5726382,2017,CHEMBL1084370,4.63,=,=,IC50,nM,23400.0,IC50,nM,23400.0,CCC(=N\O)/C(C)=C/c1ccc(OC)nc1,PXDWCZGBDFEEIA-DTCTWCMCSA-N
27283415,CHEMBL5732578,B,CCC(=N\O)/C(C)=C/c1ccsc1,,CHEMBL5726382,2017,CHEMBL1085944,5.88,=,=,IC50,nM,1320.0,IC50,nM,1320.0,CCC(=N\O)/C(C)=C/c1ccsc1,CZLHDEMBLZTFGA-UMYLGFLZSA-N
27283418,CHEMBL5732578,B,CCC(=N\O)/C(C)=C/c1cccnc1,,CHEMBL5726382,2017,CHEMBL1084371,4.77,=,=,IC50,nM,17000.0,IC50,nM,17000.0,CCC(=N\O)/C(C)=C/c1cccnc1,YRXHHMUCQVXQQZ-PTSVWTKZSA-N
27283421,CHEMBL5732578,B,CCC(=N\O)/C(C)=C/c1ccncc1,,CHEMBL5726382,2017,CHEMBL1084372,5.07,=,=,IC50,nM,8610.0,IC50,nM,8610.0,CCC(=N\O)/C(C)=C/c1ccncc1,DMXZZBZXDMPWMC-VKTMSVCMSA-N
27423647,CHEMBL5733104,B,C[C@@H](C(=O)Nc1cccc(-c2ccc(C(F)(F)F)nc2)n1)n1cnc2c1c(=O)n(Cc1ccccn1)c(=O)n2C,,CHEMBL5726658,2019,CHEMBL5810298,7.55,=,=,IC50,nM,28.0,IC50,nM,28.0,C[C@@H](C(=O)Nc1cccc(-c2ccc(C(F)(F)F)nc2)n1)n1cnc2c1c(=O)n(Cc1ccccn1)c(=O)n2C,XIHULXIDONOQSG-HNNXBMFYSA-N
27423650,CHEMBL5733104,B,CC(=O)Cn1c(=O)c2c(ncn2[C@@H](C)C(=O)Nc2cccc(-c3ccc(C(F)(F)F)nc3)n2)n(C)c1=O,,CHEMBL5726658,2019,CHEMBL5810663,7.68,=,=,IC50,nM,21.0,IC50,nM,21.0,CC(=O)Cn1c(=O)c2c(ncn2[C@@H](C)C(=O)Nc2cccc(-c3ccc(C(F)(F)F)nc3)n2)n(C)c1=O,AJGIUAWWWVYNEY-ZDUSSCGKSA-N
27423653,CHEMBL5733104,B,CC(=O)Cn1c(=O)c2c(ncn2[C@@H](C)C(=O)Nc2cncc(-c3ccc(C(F)(F)F)nc3)n2)n(C)c1=O,,CHEMBL5726658,2019,CHEMBL6030098,7.31,=,=,IC50,nM,49.0,IC50,nM,49.0,CC(=O)Cn1c(=O)c2c(ncn2[C@@H](C)C(=O)Nc2cncc(-c3ccc(C(F)(F)F)nc3)n2)n(C)c1=O,YFYZCTDEXIQQLY-LBPRGKRZSA-N
27423656,CHEMBL5733104,B,CC(=O)Cn1c(=O)c2c(ncn2[C@@H](C)C(=O)Nc2cccc(-c3cnc(C(F)(F)F)nc3)n2)n(C)c1=O,,CHEMBL5726658,2019,CHEMBL5842947,7.6,=,=,IC50,nM,25.0,IC50,nM,25.0,CC(=O)Cn1c(=O)c2c(ncn2[C@@H](C)C(=O)Nc2cccc(-c3cnc(C(F)(F)F)nc3)n2)n(C)c1=O,IHBZABBOIFBMSZ-LBPRGKRZSA-N
27423659,CHEMBL5733104,B,C[C@@H](C(=O)Nc1cccc(-c2cnc(C(F)(F)F)nc2)n1)n1cnc2c1c(=O)n(Cc1ccccn1)c(=O)n2C,,CHEMBL5726658,2019,CHEMBL5874200,7.41,=,=,IC50,nM,39.0,IC50,nM,39.0,C[C@@H](C(=O)Nc1cccc(-c2cnc(C(F)(F)F)nc2)n1)n1cnc2c1c(=O)n(Cc1ccccn1)c(=O)n2C,DZCRSQJSUHVSNU-AWEZNQCLSA-N
27423662,CHEMBL5733104,B,CC(=O)Cn1c(=O)c2c(ncn2[C@@H](C)C(=O)Nc2cncc(-c3cnc(C(F)(F)F)nc3)n2)n(C)c1=O,,CHEMBL5726658,2019,CHEMBL5810174,7.41,=,=,IC50,nM,39.0,IC50,nM,39.0,CC(=O)Cn1c(=O)c2c(ncn2[C@@H](C)C(=O)Nc2cncc(-c3cnc(C(F)(F)F)nc3)n2)n(C)c1=O,LKFWDDRPBOSQHO-NSHDSACASA-N
27423665,CHEMBL5733104,B,Cc1cc(Cn2c(=O)c3c(ncn3[C@@H](C)C(N)=O)n(C)c2=O)no1,,CHEMBL5726658,2019,CHEMBL6007514,8.3,=,=,IC50,nM,5.0,IC50,nM,5.0,Cc1cc(Cn2c(=O)c3c(ncn3[C@@H](C)C(N)=O)n(C)c2=O)no1,UGCWKTVXXQNBBB-QMMMGPOBSA-N
27423668,CHEMBL5733104,B,C[C@@H](C(=O)Nc1cncc(-c2cnc(C(F)(F)F)nc2)n1)n1cnc2c1c(=O)n(Cc1ccccn1)c(=O)n2C,,CHEMBL5726658,2019,CHEMBL6061335,7.36,=,=,IC50,nM,44.0,IC50,nM,44.0,C[C@@H](C(=O)Nc1cncc(-c2cnc(C(F)(F)F)nc2)n1)n1cnc2c1c(=O)n(Cc1ccccn1)c(=O)n2C,TWFOTSFGMLZRBL-ZDUSSCGKSA-N
27423671,CHEMBL5733104,B,C[C@@H](C(=O)Nc1cncc(-c2ccc(C(F)(F)F)nc2)n1)n1cnc2c1c(=O)n(Cc1ccccn1)c(=O)n2C,,CHEMBL5726658,2019,CHEMBL5882546,7.23,=,=,IC50,nM,59.0,IC50,nM,59.0,C[C@@H](C(=O)Nc1cncc(-c2ccc(C(F)(F)F)nc2)n1)n1cnc2c1c(=O)n(Cc1ccccn1)c(=O)n2C,NCAMCMDMPZEGLJ-AWEZNQCLSA-N
27423674,CHEMBL5733104,B,CC(C(=O)Nc1cccc(-c2cnc(C(F)(F)F)nc2)n1)n1cnc2c1c(=O)n(CC#N)c(=O)n2C,,CHEMBL5726658,2019,CHEMBL5891043,7.62,=,=,IC50,nM,24.0,IC50,nM,24.0,CC(C(=O)Nc1cccc(-c2cnc(C(F)(F)F)nc2)n1)n1cnc2c1c(=O)n(CC#N)c(=O)n2C,MBQFITADUYCEOL-UHFFFAOYSA-N
27423677,CHEMBL5733104,B,C[C@@H](C(=O)Nc1cccc(-c2cnc(N3CC4CC4C3)nc2)n1)n1cnc2c1c(=O)n(CC#N)c(=O)n2C,,CHEMBL5726658,2019,CHEMBL6048542,8.3,=,=,IC50,nM,5.0,IC50,nM,5.0,C[C@@H](C(=O)Nc1cccc(-c2cnc(N3CC4CC4C3)nc2)n1)n1cnc2c1c(=O)n(CC#N)c(=O)n2C,LHZORGBUTZZYPP-FHERZECASA-N
27423680,CHEMBL5733104,B,C[C@@H](C(=O)Nc1cncc(-c2cnc(N3CC4CC4C3)nc2)n1)n1cnc2c1c(=O)n(CC#N)c(=O)n2C,,CHEMBL5726658,2019,CHEMBL6039947,8.15,=,=,IC50,nM,7.0,IC50,nM,7.0,C[C@@H](C(=O)Nc1cncc(-c2cnc(N3CC4CC4C3)nc2)n1)n1cnc2c1c(=O)n(CC#N)c(=O)n2C,IECBTGJNZAMXMI-NFOMZHRRSA-N
27423683,CHEMBL5733104,B,CCC(=O)Cn1c(=O)c2c(ncn2[C@@H](C)C(=O)Nc2cncc(-c3cnc(N4CC5CC5C4)nc3)n2)n(C)c1=O,,CHEMBL5726658,2019,CHEMBL5901326,8.1,=,=,IC50,nM,8.0,IC50,nM,8.0,CCC(=O)Cn1c(=O)c2c(ncn2[C@@H](C)C(=O)Nc2cncc(-c3cnc(N4CC5CC5C4)nc3)n2)n(C)c1=O,BJGBIUYKSAKORC-FHERZECASA-N
27423686,CHEMBL5733104,B,CCC(=O)Cn1c(=O)c2c(ncn2[C@@H](C)C(=O)Nc2csc(-c3cnc(N4CC5CC5C4)nc3)n2)n(C)c1=O,,CHEMBL5726658,2019,CHEMBL5809370,9.0,=,=,IC50,nM,1.0,IC50,nM,1.0,CCC(=O)Cn1c(=O)c2c(ncn2[C@@H](C)C(=O)Nc2csc(-c3cnc(N4CC5CC5C4)nc3)n2)n(C)c1=O,GRXVMTIZBKWHSB-NFOMZHRRSA-N
27423689,CHEMBL5733104,B,Cc1cc(Cn2c(=O)c3c(ncn3[C@@H](C)C(=O)Nc3cccc(-c4cnc(C(F)(F)F)nc4)n3)n(C)c2=O)no1,,CHEMBL5726658,2019,CHEMBL5758717,8.4,=,=,IC50,nM,4.0,IC50,nM,4.0,Cc1cc(Cn2c(=O)c3c(ncn3[C@@H](C)C(=O)Nc3cccc(-c4cnc(C(F)(F)F)nc4)n3)n(C)c2=O)no1,RQYJNYUPQSRKEX-ZDUSSCGKSA-N
27423692,CHEMBL5733104,B,CC(=O)Cn1c(=O)c2c(ncn2[C@@H](C)C(=O)Nc2csc(-c3cnc(N4CCC[C@H]4C(F)(F)F)nc3)n2)n(C)c1=O,,CHEMBL5726658,2019,CHEMBL5910411,8.7,=,=,IC50,nM,2.0,IC50,nM,2.0,CC(=O)Cn1c(=O)c2c(ncn2[C@@H](C)C(=O)Nc2csc(-c3cnc(N4CCC[C@H]4C(F)(F)F)nc3)n2)n(C)c1=O,AUNMQOCPGMEAST-ZFWWWQNUSA-N
27423695,CHEMBL5733104,B,CCC(=O)Cn1c(=O)c2c(ncn2C(C)C(=O)Nc2ccnc(-c3cnc(N4CC5CC5C4)nc3)n2)n(C)c1=O,,CHEMBL5726658,2019,CHEMBL5897591,8.1,=,=,IC50,nM,8.0,IC50,nM,8.0,CCC(=O)Cn1c(=O)c2c(ncn2C(C)C(=O)Nc2ccnc(-c3cnc(N4CC5CC5C4)nc3)n2)n(C)c1=O,RYOHHCGMNJEVIR-UHFFFAOYSA-N
27423698,CHEMBL5733104,B,CCC(=O)Cn1c(=O)c2c(ncn2[C@@H](C)C(=O)Nc2csc(-c3cnc(N4CCC[C@H]4C(F)(F)F)nc3)n2)n(C)c1=O,,CHEMBL5726658,2019,CHEMBL5951849,9.0,=,=,IC50,nM,1.0,IC50,nM,1.0,CCC(=O)Cn1c(=O)c2c(ncn2[C@@H](C)C(=O)Nc2csc(-c3cnc(N4CCC[C@H]4C(F)(F)F)nc3)n2)n(C)c1=O,QYYUODQVSQCLPQ-BBRMVZONSA-N
27423701,CHEMBL5733104,B,CCC(=O)Cn1c(=O)c2c(ncn2[C@@H](C)C(=O)Nc2csc(-c3ccc(Cl)c(Cl)c3)n2)n(C)c1=O,,CHEMBL5726658,2019,CHEMBL5780817,9.0,=,=,IC50,nM,1.0,IC50,nM,1.0,CCC(=O)Cn1c(=O)c2c(ncn2[C@@H](C)C(=O)Nc2csc(-c3ccc(Cl)c(Cl)c3)n2)n(C)c1=O,GSFZIJJFUIHXEU-NSHDSACASA-N
27423704,CHEMBL5733104,B,CC(=O)Cn1c(=O)c2c(ncn2[C@@H](C)C(=O)Nc2csc(-c3ccc(Cl)c(Cl)c3)n2)n(C)c1=O,,CHEMBL5726658,2019,CHEMBL5826617,8.7,=,=,IC50,nM,2.0,IC50,nM,2.0,CC(=O)Cn1c(=O)c2c(ncn2[C@@H](C)C(=O)Nc2csc(-c3ccc(Cl)c(Cl)c3)n2)n(C)c1=O,VUXIUBYPGSGYOG-NSHDSACASA-N
27423707,CHEMBL5733104,B,Cc1cc(Cn2c(=O)c3c(ncn3[C@@H](C)C(=O)Nc3cncc(-c4cnc(C(F)(F)F)nc4)n3)n(C)c2=O)no1,,CHEMBL5726658,2019,CHEMBL5770333,7.72,=,=,IC50,nM,19.0,IC50,nM,19.0,Cc1cc(Cn2c(=O)c3c(ncn3[C@@H](C)C(=O)Nc3cncc(-c4cnc(C(F)(F)F)nc4)n3)n(C)c2=O)no1,QVLFKDKVSWBVHB-LBPRGKRZSA-N
27423710,CHEMBL5733104,B,CC(C(=O)Nc1cncc(-c2cnc(C(F)(F)F)nc2)n1)n1cnc2c1c(=O)n(CC#N)c(=O)n2C,,CHEMBL5726658,2019,CHEMBL5871339,6.69,=,=,IC50,nM,203.0,IC50,nM,203.0,CC(C(=O)Nc1cncc(-c2cnc(C(F)(F)F)nc2)n1)n1cnc2c1c(=O)n(CC#N)c(=O)n2C,SUWXREOOEJAHMP-UHFFFAOYSA-N
27423713,CHEMBL5733104,B,Cc1cc(Cn2c(=O)c3c(ncn3[C@@H](C)C(=O)Nc3cccc(-c4ccc(C(F)(F)F)cc4)n3)n(C)c2=O)no1,,CHEMBL5726658,2019,CHEMBL6022109,8.3,=,=,IC50,nM,5.0,IC50,nM,5.0,Cc1cc(Cn2c(=O)c3c(ncn3[C@@H](C)C(=O)Nc3cccc(-c4ccc(C(F)(F)F)cc4)n3)n(C)c2=O)no1,FTWYYMVJQQIIJU-HNNXBMFYSA-N
27423716,CHEMBL5733104,B,CC(C(=O)Nc1cccc(-c2cnc(N3CC4CC4C3)nc2)n1)n1cnc2c1c(=O)n(CC#N)c(=O)n2C,,CHEMBL5726658,2019,CHEMBL5837647,8.0,=,=,IC50,nM,10.0,IC50,nM,10.0,CC(C(=O)Nc1cccc(-c2cnc(N3CC4CC4C3)nc2)n1)n1cnc2c1c(=O)n(CC#N)c(=O)n2C,LHZORGBUTZZYPP-UHFFFAOYSA-N
27423719,CHEMBL5733104,B,CC(=O)Cn1c(=O)c2c(ncn2[C@@H](C)C(=O)Nc2cccc(-c3cnc(N4CC5C(C4)C5(F)F)nc3)n2)n(C)c1=O,,CHEMBL5726658,2019,CHEMBL5859038,8.4,=,=,IC50,nM,4.0,IC50,nM,4.0,CC(=O)Cn1c(=O)c2c(ncn2[C@@H](C)C(=O)Nc2cccc(-c3cnc(N4CC5C(C4)C5(F)F)nc3)n2)n(C)c1=O,WMQGYUJRYHBKTK-OOHWJJMZSA-N
27423722,CHEMBL5733104,B,CCC(=O)Cn1c(=O)c2c(ncn2[C@@H](C)C(=O)Nc2cccc(-c3cnc(N4CC5C(C4)C5(F)F)nc3)n2)n(C)c1=O,,CHEMBL5726658,2019,CHEMBL5912915,9.0,=,=,IC50,nM,1.0,IC50,nM,1.0,CCC(=O)Cn1c(=O)c2c(ncn2[C@@H](C)C(=O)Nc2cccc(-c3cnc(N4CC5C(C4)C5(F)F)nc3)n2)n(C)c1=O,PXKKQBVIUIPCPW-NNGSBXSVSA-N
27423725,CHEMBL5733104,B,CCN(CC)c1ncc(-c2cccc(NC(=O)[C@H](C)n3cnc4c3c(=O)n(Cc3cc(C)on3)c(=O)n4C)n2)cn1,,CHEMBL5726658,2019,CHEMBL5984899,8.7,=,=,IC50,nM,2.0,IC50,nM,2.0,CCN(CC)c1ncc(-c2cccc(NC(=O)[C@H](C)n3cnc4c3c(=O)n(Cc3cc(C)on3)c(=O)n4C)n2)cn1,HPKPJVMZLTXAQJ-KRWDZBQOSA-N
27423728,CHEMBL5733104,B,C[C@@H](C(=O)Nc1csc(-c2cnc(N3CCC[C@H]3C(F)(F)F)nc2)n1)n1cnc2c1c(=O)n(CC#N)c(=O)n2C,,CHEMBL5726658,2019,CHEMBL6049789,9.0,=,=,IC50,nM,1.0,IC50,nM,1.0,C[C@@H](C(=O)Nc1csc(-c2cnc(N3CCC[C@H]3C(F)(F)F)nc2)n1)n1cnc2c1c(=O)n(CC#N)c(=O)n2C,QMEGSSYRFUWZDE-JSGCOSHPSA-N
27423731,CHEMBL5733104,B,C[C@@H](C(=O)Nc1csc(-c2ccc(Cl)c(Cl)c2)n1)n1cnc2c1c(=O)n(CC#N)c(=O)n2C,,CHEMBL5726658,2019,CHEMBL5794855,9.0,=,=,IC50,nM,1.0,IC50,nM,1.0,C[C@@H](C(=O)Nc1csc(-c2ccc(Cl)c(Cl)c2)n1)n1cnc2c1c(=O)n(CC#N)c(=O)n2C,CJIFGBJDSODVOU-JTQLQIEISA-N
27423734,CHEMBL5733104,B,C[C@@H](C(=O)Nc1cccc(-c2cnc(N3CC4C(C3)C4(F)F)nc2)n1)n1cnc2c1c(=O)n(CC#N)c(=O)n2C,,CHEMBL5726658,2019,CHEMBL5786413,8.52,=,=,IC50,nM,3.0,IC50,nM,3.0,C[C@@H](C(=O)Nc1cccc(-c2cnc(N3CC4C(C3)C4(F)F)nc2)n1)n1cnc2c1c(=O)n(CC#N)c(=O)n2C,FZXALJROWDXSCO-JEYLPNPQSA-N
27423737,CHEMBL5733104,B,CC(=O)Cn1c(=O)c2c(ncn2[C@@H](C)C(=O)Nc2csc(-c3cnc(C(F)(F)F)nc3)n2)n(C)c1=O,,CHEMBL5726658,2019,CHEMBL5822190,7.8,=,=,IC50,nM,16.0,IC50,nM,16.0,CC(=O)Cn1c(=O)c2c(ncn2[C@@H](C)C(=O)Nc2csc(-c3cnc(C(F)(F)F)nc3)n2)n(C)c1=O,UNUFMVKHNXLXDY-JTQLQIEISA-N
27423740,CHEMBL5733104,B,Cc1cc(Cn2c(=O)c3c(ncn3[C@@H](C)C(=O)Nc3csc(-c4cnc(C(F)(F)F)nc4)n3)n(C)c2=O)no1,,CHEMBL5726658,2019,CHEMBL5902906,8.52,=,=,IC50,nM,3.0,IC50,nM,3.0,Cc1cc(Cn2c(=O)c3c(ncn3[C@@H](C)C(=O)Nc3csc(-c4cnc(C(F)(F)F)nc4)n3)n(C)c2=O)no1,TZBQKXVWVGUNKE-NSHDSACASA-N
27423743,CHEMBL5733104,B,CCC(=O)Cn1c(=O)c2c(ncn2[C@@H](C)C(=O)Nc2csc(-c3ccc(N4CC5CC5C4)nc3)n2)n(C)c1=O,,CHEMBL5726658,2019,CHEMBL6037240,9.0,=,=,IC50,nM,1.0,IC50,nM,1.0,CCC(=O)Cn1c(=O)c2c(ncn2[C@@H](C)C(=O)Nc2csc(-c3ccc(N4CC5CC5C4)nc3)n2)n(C)c1=O,AADNQPJZRQAMOD-OOHWJJMZSA-N
27423746,CHEMBL5733104,B,C[C@@H](C(=O)Nc1csc(-c2cnc(N3CC4CC4C3)nc2)n1)n1cnc2c1c(=O)n(CC#N)c(=O)n2C,,CHEMBL5726658,2019,CHEMBL6010308,9.0,=,=,IC50,nM,1.0,IC50,nM,1.0,C[C@@H](C(=O)Nc1csc(-c2cnc(N3CC4CC4C3)nc2)n1)n1cnc2c1c(=O)n(CC#N)c(=O)n2C,TZSFNLCUZPGZPC-HSBZDZAISA-N
27423749,CHEMBL5733104,B,C[C@@H](C(=O)Nc1cccc(-c2ccc(N3CC4CC4C3)nc2)n1)n1cnc2c1c(=O)n(CC#N)c(=O)n2C,,CHEMBL5726658,2019,CHEMBL5979092,8.22,=,=,IC50,nM,6.0,IC50,nM,6.0,C[C@@H](C(=O)Nc1cccc(-c2ccc(N3CC4CC4C3)nc2)n1)n1cnc2c1c(=O)n(CC#N)c(=O)n2C,XGHHYTJFVHPJRP-ZLPCBKJTSA-N
27423752,CHEMBL5733104,B,CCN(CC)c1ncc(-c2nc(NC(=O)[C@H](C)n3cnc4c3c(=O)n(Cc3cc(C)on3)c(=O)n4C)cs2)cn1,,CHEMBL5726658,2019,CHEMBL6040901,8.7,=,=,IC50,nM,2.0,IC50,nM,2.0,CCN(CC)c1ncc(-c2nc(NC(=O)[C@H](C)n3cnc4c3c(=O)n(Cc3cc(C)on3)c(=O)n4C)cs2)cn1,REQIGSAIGZEBIL-HNNXBMFYSA-N
27423755,CHEMBL5733104,B,CCC(=O)Cn1c(=O)c2c(ncn2[C@@H](C)C(=O)Nc2cccc(-c3ccc(N4CC5CC5C4)nc3)n2)n(C)c1=O,,CHEMBL5726658,2019,CHEMBL5746363,8.52,=,=,IC50,nM,3.0,IC50,nM,3.0,CCC(=O)Cn1c(=O)c2c(ncn2[C@@H](C)C(=O)Nc2cccc(-c3ccc(N4CC5CC5C4)nc3)n2)n(C)c1=O,KGVMCKSYBGNOLM-IVMQYODDSA-N
27423758,CHEMBL5733104,B,CCC(=O)Cn1c(=O)c2c(ncn2[C@@H](C)C(=O)Nc2csc(-c3cnc(N(CC)CC)nc3)n2)n(C)c1=O,,CHEMBL5726658,2019,CHEMBL5751844,8.52,=,=,IC50,nM,3.0,IC50,nM,3.0,CCC(=O)Cn1c(=O)c2c(ncn2[C@@H](C)C(=O)Nc2csc(-c3cnc(N(CC)CC)nc3)n2)n(C)c1=O,BPSURRHXFTVNPC-AWEZNQCLSA-N
27423761,CHEMBL5733104,B,C[C@@H](C(=O)Nc1cccc(-c2cnc(N3CCC[C@@H]3C(F)(F)F)nc2)n1)n1cnc2c1c(=O)n(CC#N)c(=O)n2C,,CHEMBL5726658,2019,CHEMBL5909488,8.52,=,=,IC50,nM,3.0,IC50,nM,3.0,C[C@@H](C(=O)Nc1cccc(-c2cnc(N3CCC[C@@H]3C(F)(F)F)nc2)n1)n1cnc2c1c(=O)n(CC#N)c(=O)n2C,XGTQXOATUIFTGC-WMLDXEAASA-N
27423764,CHEMBL5733104,B,C[C@@H](C(=O)Nc1cncc(-c2cnc(N3CCC[C@@H]3C(F)(F)F)nc2)n1)n1cnc2c1c(=O)n(CC#N)c(=O)n2C,,CHEMBL5726658,2019,CHEMBL5769127,8.1,=,=,IC50,nM,8.0,IC50,nM,8.0,C[C@@H](C(=O)Nc1cncc(-c2cnc(N3CCC[C@@H]3C(F)(F)F)nc2)n1)n1cnc2c1c(=O)n(CC#N)c(=O)n2C,ZBPBSDLPRVLCQI-XJKSGUPXSA-N
27423767,CHEMBL5733104,B,CC(=O)Cn1c(=O)c2c(ncn2[C@@H](C)C(=O)Nc2cncc(-c3ccc(N4CC5CC5C4)nc3)n2)n(C)c1=O,,CHEMBL5726658,2019,CHEMBL6012740,7.92,=,=,IC50,nM,12.0,IC50,nM,12.0,CC(=O)Cn1c(=O)c2c(ncn2[C@@H](C)C(=O)Nc2cncc(-c3ccc(N4CC5CC5C4)nc3)n2)n(C)c1=O,PTLJHZYZENAFPY-ZLPCBKJTSA-N
27423770,CHEMBL5733104,B,CCC(=O)Cn1c(=O)c2c(ncn2[C@@H](C)C(=O)Nc2cncc(-c3ccc(N4CC5CC5C4)nc3)n2)n(C)c1=O,,CHEMBL5726658,2019,CHEMBL5824623,8.4,=,=,IC50,nM,4.0,IC50,nM,4.0,CCC(=O)Cn1c(=O)c2c(ncn2[C@@H](C)C(=O)Nc2cncc(-c3ccc(N4CC5CC5C4)nc3)n2)n(C)c1=O,VZODASFOEMYPIW-ZLPCBKJTSA-N
27423773,CHEMBL5733104,B,C[C@@H](C(=O)Nc1cncc(-c2ccc(N3CC4CC4C3)nc2)n1)n1cnc2c1c(=O)n(CC#N)c(=O)n2C,,CHEMBL5726658,2019,CHEMBL5871560,8.1,=,=,IC50,nM,8.0,IC50,nM,8.0,C[C@@H](C(=O)Nc1cncc(-c2ccc(N3CC4CC4C3)nc2)n1)n1cnc2c1c(=O)n(CC#N)c(=O)n2C,KXQHESILURTFDZ-OOHWJJMZSA-N
27423776,CHEMBL5733104,B,CC(=O)Cn1c(=O)c2c(ncn2[C@@H](C)C(N)=O)n(C)c1=O,,CHEMBL5726658,2019,CHEMBL5972635,7.85,=,=,IC50,nM,14.0,IC50,nM,14.0,CC(=O)Cn1c(=O)c2c(ncn2[C@@H](C)C(N)=O)n(C)c1=O,QSJDMPUWLQMDRL-ZETCQYMHSA-N
27423779,CHEMBL5733104,B,C[C@@H](C(=O)Nc1cccc(-c2cnc(N3CCC[C@H]3C(F)(F)F)nc2)n1)n1cnc2c1c(=O)n(CC#N)c(=O)n2C,,CHEMBL5726658,2019,CHEMBL5979146,8.4,=,=,IC50,nM,4.0,IC50,nM,4.0,C[C@@H](C(=O)Nc1cccc(-c2cnc(N3CCC[C@H]3C(F)(F)F)nc2)n1)n1cnc2c1c(=O)n(CC#N)c(=O)n2C,XGTQXOATUIFTGC-YOEHRIQHSA-N
27423782,CHEMBL5733104,B,CC(=O)Cn1c(=O)c2c(ncn2[C@@H](C)C(=O)Nc2ccnc(-c3ccc(N4CC5CC5C4)nc3)n2)n(C)c1=O,,CHEMBL5726658,2019,CHEMBL5915279,7.66,=,=,IC50,nM,22.0,IC50,nM,22.0,CC(=O)Cn1c(=O)c2c(ncn2[C@@H](C)C(=O)Nc2ccnc(-c3ccc(N4CC5CC5C4)nc3)n2)n(C)c1=O,VNJLGYMVCORAFF-ZLPCBKJTSA-N
27423785,CHEMBL5733104,B,CCC(=O)Cn1c(=O)c2c(ncn2[C@@H](C)C(=O)Nc2ccnc(-c3ccc(N4CC5CC5C4)nc3)n2)n(C)c1=O,,CHEMBL5726658,2019,CHEMBL5877338,8.4,=,=,IC50,nM,4.0,IC50,nM,4.0,CCC(=O)Cn1c(=O)c2c(ncn2[C@@H](C)C(=O)Nc2ccnc(-c3ccc(N4CC5CC5C4)nc3)n2)n(C)c1=O,XKSIOBPDRWKTCJ-ZLPCBKJTSA-N
27423788,CHEMBL5733104,B,C[C@@H](C(=O)Nc1cncc(-c2cnc(N3CCC[C@H]3C(F)(F)F)nc2)n1)n1cnc2c1c(=O)n(CC#N)c(=O)n2C,,CHEMBL5726658,2019,CHEMBL5741988,8.15,=,=,IC50,nM,7.0,IC50,nM,7.0,C[C@@H](C(=O)Nc1cncc(-c2cnc(N3CCC[C@H]3C(F)(F)F)nc2)n1)n1cnc2c1c(=O)n(CC#N)c(=O)n2C,ZBPBSDLPRVLCQI-BBRMVZONSA-N
27423791,CHEMBL5733104,B,C[C@@H](C(=O)Nc1ccnc(-c2cnc(N3CCC[C@@H]3C(F)(F)F)nc2)n1)n1cnc2c1c(=O)n(CC#N)c(=O)n2C,,CHEMBL5726658,2019,CHEMBL5866311,8.15,=,=,IC50,nM,7.0,IC50,nM,7.0,C[C@@H](C(=O)Nc1ccnc(-c2cnc(N3CCC[C@@H]3C(F)(F)F)nc2)n1)n1cnc2c1c(=O)n(CC#N)c(=O)n2C,OFCLMLWEVNQPIR-DZGCQCFKSA-N
27423794,CHEMBL5733104,B,C[C@@H](C(=O)Nc1csc(-c2cnc(N3CCC[C@@H]3C(F)(F)F)nc2)n1)n1cnc2c1c(=O)n(CC#N)c(=O)n2C,,CHEMBL5726658,2019,CHEMBL5825686,8.4,=,=,IC50,nM,4.0,IC50,nM,4.0,C[C@@H](C(=O)Nc1csc(-c2cnc(N3CCC[C@@H]3C(F)(F)F)nc2)n1)n1cnc2c1c(=O)n(CC#N)c(=O)n2C,QMEGSSYRFUWZDE-GXTWGEPZSA-N
27423800,CHEMBL5733104,B,CCCC(=O)Cn1c(=O)c2c(ncn2[C@@H](C)C(=O)Nc2cccc(-c3cnc(C(F)(F)F)nc3)n2)n(C)c1=O,,CHEMBL5726658,2019,CHEMBL5909669,7.64,=,=,IC50,nM,23.0,IC50,nM,23.0,CCCC(=O)Cn1c(=O)c2c(ncn2[C@@H](C)C(=O)Nc2cccc(-c3cnc(C(F)(F)F)nc3)n2)n(C)c1=O,VTSOGNSWENHMHJ-ZDUSSCGKSA-N
27423803,CHEMBL5733104,B,C[C@@H](C(=O)Nc1ccnc(-c2ccc(N3CC4CC4C3)nc2)n1)n1cnc2c1c(=O)n(CC#N)c(=O)n2C,,CHEMBL5726658,2019,CHEMBL5916989,7.85,=,=,IC50,nM,14.0,IC50,nM,14.0,C[C@@H](C(=O)Nc1ccnc(-c2ccc(N3CC4CC4C3)nc2)n1)n1cnc2c1c(=O)n(CC#N)c(=O)n2C,UTFLCXHCPNBVTF-OOHWJJMZSA-N
27423806,CHEMBL5733104,B,C[C@@H](C(=O)Nc1ccnc(-c2cnc(N3CCC[C@H]3C(F)(F)F)nc2)n1)n1cnc2c1c(=O)n(CC#N)c(=O)n2C,,CHEMBL5726658,2019,CHEMBL6061845,8.15,=,=,IC50,nM,7.0,IC50,nM,7.0,C[C@@H](C(=O)Nc1ccnc(-c2cnc(N3CCC[C@H]3C(F)(F)F)nc2)n1)n1cnc2c1c(=O)n(CC#N)c(=O)n2C,OFCLMLWEVNQPIR-ZFWWWQNUSA-N
27423809,CHEMBL5733104,B,Cc1cc(Cn2c(=O)c3c(ncn3[C@@H](C)C(=O)Nc3cncc(-c4cncc(C(F)(F)F)c4)n3)n(C)c2=O)no1,,CHEMBL5726658,2019,CHEMBL6036941,8.3,=,=,IC50,nM,5.0,IC50,nM,5.0,Cc1cc(Cn2c(=O)c3c(ncn3[C@@H](C)C(=O)Nc3cncc(-c4cncc(C(F)(F)F)c4)n3)n(C)c2=O)no1,KRBDFQDQWIUJAV-ZDUSSCGKSA-N
27423812,CHEMBL5733104,B,CC(=O)Cn1c(=O)c2c(ncn2[C@@H](C)C(=O)Nc2csc(-c3cnc(N4CC5C(C4)C5(F)F)nc3)n2)n(C)c1=O,,CHEMBL5726658,2019,CHEMBL5764449,8.52,=,=,IC50,nM,3.0,IC50,nM,3.0,CC(=O)Cn1c(=O)c2c(ncn2[C@@H](C)C(=O)Nc2csc(-c3cnc(N4CC5C(C4)C5(F)F)nc3)n2)n(C)c1=O,LRXFJLLAFBGRML-GRTSSRMGSA-N
27423815,CHEMBL5733104,B,CCC(=O)Cn1c(=O)c2c(ncn2[C@@H](C)C(=O)Nc2csc(-c3cnc(N4CC5C(C4)C5(F)F)nc3)n2)n(C)c1=O,,CHEMBL5726658,2019,CHEMBL5761404,8.7,=,=,IC50,nM,2.0,IC50,nM,2.0,CCC(=O)Cn1c(=O)c2c(ncn2[C@@H](C)C(=O)Nc2csc(-c3cnc(N4CC5C(C4)C5(F)F)nc3)n2)n(C)c1=O,SUFJYKCRTUPWLF-JQRITLKVSA-N
27423818,CHEMBL5733104,B,C[C@@H](C(=O)Nc1csc(-c2cnc(N3CC4C(C3)C4(F)F)nc2)n1)n1cnc2c1c(=O)n(CC#N)c(=O)n2C,,CHEMBL5726658,2019,CHEMBL6035844,8.7,=,=,IC50,nM,2.0,IC50,nM,2.0,C[C@@H](C(=O)Nc1csc(-c2cnc(N3CC4C(C3)C4(F)F)nc2)n1)n1cnc2c1c(=O)n(CC#N)c(=O)n2C,XPKLLDXUIOXSSE-XGNXJENSSA-N
27423821,CHEMBL5733104,B,COCC(=O)Cn1c(=O)c2c(ncn2[C@@H](C)C(=O)Nc2cccc(-c3cnc(C(F)(F)F)nc3)n2)n(C)c1=O,,CHEMBL5726658,2019,CHEMBL6014669,7.35,=,=,IC50,nM,45.0,IC50,nM,45.0,COCC(=O)Cn1c(=O)c2c(ncn2[C@@H](C)C(=O)Nc2cccc(-c3cnc(C(F)(F)F)nc3)n2)n(C)c1=O,UIOBCEWGNQAZGR-LBPRGKRZSA-N
27423824,CHEMBL5733104,B,C[C@@H](C(=O)Nc1cncc(-c2cnc(N3CC4C(C3)C4(F)F)nc2)n1)n1cnc2c1c(=O)n(CC#N)c(=O)n2C,,CHEMBL5726658,2019,CHEMBL5959189,8.15,=,=,IC50,nM,7.0,IC50,nM,7.0,C[C@@H](C(=O)Nc1cncc(-c2cnc(N3CC4C(C3)C4(F)F)nc2)n1)n1cnc2c1c(=O)n(CC#N)c(=O)n2C,FVGOWAKUHJZKFK-GRTSSRMGSA-N
27423827,CHEMBL5733104,B,CC(=O)Cn1c(=O)c2c(ncn2[C@@H](C)C(=O)Nc2ccnc(-c3cnc(N4CC5C(C4)C5(F)F)nc3)n2)n(C)c1=O,,CHEMBL5726658,2019,CHEMBL6013956,8.1,=,=,IC50,nM,8.0,IC50,nM,8.0,CC(=O)Cn1c(=O)c2c(ncn2[C@@H](C)C(=O)Nc2ccnc(-c3cnc(N4CC5C(C4)C5(F)F)nc3)n2)n(C)c1=O,WKEBOVLUILWQBJ-JEYLPNPQSA-N
27423830,CHEMBL5733104,B,CCC(=O)Cn1c(=O)c2c(ncn2[C@@H](C)C(=O)Nc2ccnc(-c3cnc(N4CC5C(C4)C5(F)F)nc3)n2)n(C)c1=O,,CHEMBL5726658,2019,CHEMBL5875545,8.3,=,=,IC50,nM,5.0,IC50,nM,5.0,CCC(=O)Cn1c(=O)c2c(ncn2[C@@H](C)C(=O)Nc2ccnc(-c3cnc(N4CC5C(C4)C5(F)F)nc3)n2)n(C)c1=O,IMGWVWRMROWQGB-IGEOTXOUSA-N
27423833,CHEMBL5733104,B,CC(=O)Cn1c(=O)c2c(ncn2[C@@H](C)C(=O)Nc2csc(-c3ccc(N4CC5CC5C4)nc3)n2)n(C)c1=O,,CHEMBL5726658,2019,CHEMBL5826288,8.7,=,=,IC50,nM,2.0,IC50,nM,2.0,CC(=O)Cn1c(=O)c2c(ncn2[C@@H](C)C(=O)Nc2csc(-c3ccc(N4CC5CC5C4)nc3)n2)n(C)c1=O,DPYKKSMHTFGSEZ-OOHWJJMZSA-N
27423836,CHEMBL5733104,B,C[C@@H](C(=O)Nc1csc(-c2ccc(N3CC4CC4C3)nc2)n1)n1cnc2c1c(=O)n(CC#N)c(=O)n2C,,CHEMBL5726658,2019,CHEMBL5747691,8.7,=,=,IC50,nM,2.0,IC50,nM,2.0,C[C@@H](C(=O)Nc1csc(-c2ccc(N3CC4CC4C3)nc2)n1)n1cnc2c1c(=O)n(CC#N)c(=O)n2C,QIFKHTVCZJXBND-JEYLPNPQSA-N
27423839,CHEMBL5733104,B,CC(=O)Cn1c(=O)c2c(ncn2[C@@H](C)C(=O)Nc2cccc(-c3ccc(N4CC5C(C4)C5(F)F)nc3)n2)n(C)c1=O,,CHEMBL5726658,2019,CHEMBL5787980,8.1,=,=,IC50,nM,8.0,IC50,nM,8.0,CC(=O)Cn1c(=O)c2c(ncn2[C@@H](C)C(=O)Nc2cccc(-c3ccc(N4CC5C(C4)C5(F)F)nc3)n2)n(C)c1=O,VPRQKNRUPOPQIY-ZLPCBKJTSA-N
27423842,CHEMBL5733104,B,C[C@@H](C(=O)Nc1cccc(-c2ccc(N3CC4C(C3)C4(F)F)nc2)n1)n1cnc2c1c(=O)n(CC#N)c(=O)n2C,,CHEMBL5726658,2019,CHEMBL5951532,8.7,=,=,IC50,nM,2.0,IC50,nM,2.0,C[C@@H](C(=O)Nc1cccc(-c2ccc(N3CC4C(C3)C4(F)F)nc2)n1)n1cnc2c1c(=O)n(CC#N)c(=O)n2C,DUDGVTZIXWMUJM-OOHWJJMZSA-N
27423845,CHEMBL5733104,B,C[C@@H](C(=O)Nc1ccnc(-c2cnc(N3CC4C(C3)C4(F)F)nc2)n1)n1cnc2c1c(=O)n(CC#N)c(=O)n2C,,CHEMBL5726658,2019,CHEMBL5803475,8.15,=,=,IC50,nM,7.0,IC50,nM,7.0,C[C@@H](C(=O)Nc1ccnc(-c2cnc(N3CC4C(C3)C4(F)F)nc2)n1)n1cnc2c1c(=O)n(CC#N)c(=O)n2C,MKFGBLWMDLQLDI-GRTSSRMGSA-N
27423848,CHEMBL5733104,B,CCC(=O)Cn1c(=O)c2c(ncn2[C@@H](C)C(=O)Nc2cccc(-c3ccc(N4CC5C(C4)C5(F)F)nc3)n2)n(C)c1=O,,CHEMBL5726658,2019,CHEMBL5983223,8.3,=,=,IC50,nM,5.0,IC50,nM,5.0,CCC(=O)Cn1c(=O)c2c(ncn2[C@@H](C)C(=O)Nc2cccc(-c3ccc(N4CC5C(C4)C5(F)F)nc3)n2)n(C)c1=O,KIBRIXFLSAEWRD-MNNVXMFVSA-N
27423851,CHEMBL5733104,B,CC(=O)Cn1c(=O)c2c(ncn2[C@@H](C)C(=O)Nc2ccnc(-c3ccc(N4CC5C(C4)C5(F)F)nc3)n2)n(C)c1=O,,CHEMBL5726658,2019,CHEMBL6061471,8.15,=,=,IC50,nM,7.0,IC50,nM,7.0,CC(=O)Cn1c(=O)c2c(ncn2[C@@H](C)C(=O)Nc2ccnc(-c3ccc(N4CC5C(C4)C5(F)F)nc3)n2)n(C)c1=O,STVTVNLJAIJDGA-OOHWJJMZSA-N
27423854,CHEMBL5733104,B,CCC(=O)Cn1c(=O)c2c(ncn2[C@@H](C)C(=O)Nc2ccnc(-c3ccc(N4CC5C(C4)C5(F)F)nc3)n2)n(C)c1=O,,CHEMBL5726658,2019,CHEMBL5763260,8.3,=,=,IC50,nM,5.0,IC50,nM,5.0,CCC(=O)Cn1c(=O)c2c(ncn2[C@@H](C)C(=O)Nc2ccnc(-c3ccc(N4CC5C(C4)C5(F)F)nc3)n2)n(C)c1=O,VNGNWQRJLQMWOH-NNGSBXSVSA-N
27423857,CHEMBL5733104,B,CNC(=O)Cn1c(=O)c2c(ncn2[C@@H](C)C(=O)Nc2csc(-c3cnc(N4CC5CC5C4)nc3)n2)n(C)c1=O,,CHEMBL5726658,2019,CHEMBL5934835,7.36,=,=,IC50,nM,44.0,IC50,nM,44.0,CNC(=O)Cn1c(=O)c2c(ncn2[C@@H](C)C(=O)Nc2csc(-c3cnc(N4CC5CC5C4)nc3)n2)n(C)c1=O,FPDWPLLJKZDDGE-HSBZDZAISA-N
27423860,CHEMBL5733104,B,C[C@@H](C(=O)Nc1csc(-c2cnc(N3CC4CC4C3)nc2)n1)n1cnc2c1c(=O)n(CC(N)=O)c(=O)n2C,,CHEMBL5726658,2019,CHEMBL5829683,7.02,=,=,IC50,nM,95.0,IC50,nM,95.0,C[C@@H](C(=O)Nc1csc(-c2cnc(N3CC4CC4C3)nc2)n1)n1cnc2c1c(=O)n(CC(N)=O)c(=O)n2C,CCUWLJJJTXPUCI-HIFPTAJRSA-N
27423863,CHEMBL5733104,B,C[C@@H](C(=O)Nc1csc(-c2cnc(N3CC4CC4C3)nc2)n1)n1cnc2c1c(=O)n(CC1CCO1)c(=O)n2C,,CHEMBL5726658,2019,CHEMBL5906916,7.03,=,=,IC50,nM,93.0,IC50,nM,93.0,C[C@@H](C(=O)Nc1csc(-c2cnc(N3CC4CC4C3)nc2)n1)n1cnc2c1c(=O)n(CC1CCO1)c(=O)n2C,UBNFGYAHASKHBP-DPGVGJJJSA-N
27423866,CHEMBL5733104,B,CC(=O)Cn1c(=O)c2c(ncn2[C@@H](C)C(=O)Nc2cncc(-c3cnc(N4CC5C(C4)C5(F)F)nc3)n2)n(C)c1=O,,CHEMBL5726658,2019,CHEMBL5745226,8.22,=,=,IC50,nM,6.0,IC50,nM,6.0,CC(=O)Cn1c(=O)c2c(ncn2[C@@H](C)C(=O)Nc2cncc(-c3cnc(N4CC5C(C4)C5(F)F)nc3)n2)n(C)c1=O,NTYRFIKFQBKXPB-JEYLPNPQSA-N
27423869,CHEMBL5733104,B,CCC(=O)Cn1c(=O)c2c(ncn2[C@@H](C)C(=O)Nc2cncc(-c3cnc(N4CC5C(C4)C5(F)F)nc3)n2)n(C)c1=O,,CHEMBL5726658,2019,CHEMBL5948960,8.52,=,=,IC50,nM,3.0,IC50,nM,3.0,CCC(=O)Cn1c(=O)c2c(ncn2[C@@H](C)C(=O)Nc2cncc(-c3cnc(N4CC5C(C4)C5(F)F)nc3)n2)n(C)c1=O,XFZJKVPNNLXVDR-IGEOTXOUSA-N
27423872,CHEMBL5733104,B,CC(=O)Cn1c(=O)c2c(ncn2[C@@H](C)C(=O)Nc2cncc(-c3ccc(N4CC5C(C4)C5(F)F)nc3)n2)n(C)c1=O,,CHEMBL5726658,2019,CHEMBL6049051,8.0,=,=,IC50,nM,10.0,IC50,nM,10.0,CC(=O)Cn1c(=O)c2c(ncn2[C@@H](C)C(=O)Nc2cncc(-c3ccc(N4CC5C(C4)C5(F)F)nc3)n2)n(C)c1=O,MMNOSEAJUARMOD-OOHWJJMZSA-N
27423875,CHEMBL5733104,B,C[C@@H](C(=O)Nc1cncc(-c2ccc(N3CC4C(C3)C4(F)F)nc2)n1)n1cnc2c1c(=O)n(CC#N)c(=O)n2C,,CHEMBL5726658,2019,CHEMBL5745785,8.7,=,=,IC50,nM,2.0,IC50,nM,2.0,C[C@@H](C(=O)Nc1cncc(-c2ccc(N3CC4C(C3)C4(F)F)nc2)n1)n1cnc2c1c(=O)n(CC#N)c(=O)n2C,NHABUIFDSBXZLP-JEYLPNPQSA-N
27423878,CHEMBL5733104,B,Cc1cc(Cn2c(=O)c3c(ncn3[C@@H](C)C(=O)Nc3cccc(-c4noc(C(F)(F)F)n4)n3)n(C)c2=O)no1,,CHEMBL5726658,2019,CHEMBL6013560,7.07,=,=,IC50,nM,86.0,IC50,nM,86.0,Cc1cc(Cn2c(=O)c3c(ncn3[C@@H](C)C(=O)Nc3cccc(-c4noc(C(F)(F)F)n4)n3)n(C)c2=O)no1,WNGOEYHEIHEHSY-NSHDSACASA-N
27423881,CHEMBL5733104,B,CC(=O)Cn1c(=O)c2c(ncn2[C@@H](C)C(=O)Nc2csc(-c3ccc(N4CC5C(C4)C5(F)F)nc3)n2)n(C)c1=O,,CHEMBL5726658,2019,CHEMBL5808567,8.52,=,=,IC50,nM,3.0,IC50,nM,3.0,CC(=O)Cn1c(=O)c2c(ncn2[C@@H](C)C(=O)Nc2csc(-c3ccc(N4CC5C(C4)C5(F)F)nc3)n2)n(C)c1=O,YWKRPHSLBJKOAU-JEYLPNPQSA-N
27423884,CHEMBL5733104,B,CCC(=O)Cn1c(=O)c2c(ncn2[C@@H](C)C(=O)Nc2csc(-c3ccc(N4CC5C(C4)C5(F)F)nc3)n2)n(C)c1=O,,CHEMBL5726658,2019,CHEMBL5943742,9.0,=,=,IC50,nM,1.0,IC50,nM,1.0,CCC(=O)Cn1c(=O)c2c(ncn2[C@@H](C)C(=O)Nc2csc(-c3ccc(N4CC5C(C4)C5(F)F)nc3)n2)n(C)c1=O,ZDSBAXBNBDORFX-IGEOTXOUSA-N
27423887,CHEMBL5733104,B,CC(=O)Cn1c(=O)c2c(ncn2[C@@H](C)C(=O)Nc2csc(-c3cnc(C)c(Cl)c3)n2)n(C)c1=O,,CHEMBL5726658,2019,CHEMBL6053101,8.0,=,=,IC50,nM,10.0,IC50,nM,10.0,CC(=O)Cn1c(=O)c2c(ncn2[C@@H](C)C(=O)Nc2csc(-c3cnc(C)c(Cl)c3)n2)n(C)c1=O,HGLATSHXHZWSLR-LBPRGKRZSA-N
27423890,CHEMBL5733104,B,CC(=O)Cn1c(=O)c2c(ncn2[C@@H](C)C(=O)Nc2csc(-c3cnc(C(F)(F)F)c(C)c3)n2)n(C)c1=O,,CHEMBL5726658,2019,CHEMBL5919639,8.3,=,=,IC50,nM,5.0,IC50,nM,5.0,CC(=O)Cn1c(=O)c2c(ncn2[C@@H](C)C(=O)Nc2csc(-c3cnc(C(F)(F)F)c(C)c3)n2)n(C)c1=O,WZRMLPCUQNQCPB-LBPRGKRZSA-N
27423893,CHEMBL5733104,B,CCC(=O)Cn1c(=O)c2c(ncn2[C@@H](C)C(=O)Nc2csc(-c3cnc(C(F)(F)F)c(C)c3)n2)n(C)c1=O,,CHEMBL5726658,2019,CHEMBL5988091,8.7,=,=,IC50,nM,2.0,IC50,nM,2.0,CCC(=O)Cn1c(=O)c2c(ncn2[C@@H](C)C(=O)Nc2csc(-c3cnc(C(F)(F)F)c(C)c3)n2)n(C)c1=O,PQNMHUNFLUYLPR-LBPRGKRZSA-N
27423896,CHEMBL5733104,B,CCC(=O)Cn1c(=O)c2c(ncn2[C@@H](C)C(=O)Nc2cncc(-c3ccc(N4CC5C(C4)C5(F)F)nc3)n2)n(C)c1=O,,CHEMBL5726658,2019,CHEMBL5845178,8.4,=,=,IC50,nM,4.0,IC50,nM,4.0,CCC(=O)Cn1c(=O)c2c(ncn2[C@@H](C)C(=O)Nc2cncc(-c3ccc(N4CC5C(C4)C5(F)F)nc3)n2)n(C)c1=O,XCKMEJHQIGJSCX-NNGSBXSVSA-N
27423899,CHEMBL5733104,B,Cc1cc(Cn2c(=O)c3c(ncn3[C@@H](C)C(=O)Nc3ccnc(-c4cnc(C(F)(F)F)c(C)c4)n3)n(C)c2=O)no1,,CHEMBL5726658,2019,CHEMBL5745397,8.52,=,=,IC50,nM,3.0,IC50,nM,3.0,Cc1cc(Cn2c(=O)c3c(ncn3[C@@H](C)C(=O)Nc3ccnc(-c4cnc(C(F)(F)F)c(C)c4)n3)n(C)c2=O)no1,GAQUJPITFFKFQG-AWEZNQCLSA-N
27423902,CHEMBL5733104,B,COCCn1c(=O)c2c(ncn2[C@@H](C)C(=O)Nc2csc(-c3cnc(N4CC5CC5C4)nc3)n2)n(C)c1=O,,CHEMBL5726658,2019,CHEMBL5859921,6.57,=,=,IC50,nM,267.0,IC50,nM,267.0,COCCn1c(=O)c2c(ncn2[C@@H](C)C(=O)Nc2csc(-c3cnc(N4CC5CC5C4)nc3)n2)n(C)c1=O,GCDVMFHLUVNJID-NFOMZHRRSA-N
27423905,CHEMBL5733104,B,CNC(=O)Cn1c(=O)c2c(ncn2[C@@H](C)C(N)=O)n(C)c1=O,,CHEMBL5726658,2019,CHEMBL5815262,6.59,=,=,IC50,nM,258.0,IC50,nM,258.0,CNC(=O)Cn1c(=O)c2c(ncn2[C@@H](C)C(N)=O)n(C)c1=O,MCSVDEMEILTGTA-LURJTMIESA-N
27423908,CHEMBL5733104,B,C[C@@H](C(N)=O)n1cnc2c1c(=O)n(CC1CCO1)c(=O)n2C,,CHEMBL5726658,2019,CHEMBL5975533,6.05,=,=,IC50,nM,894.0,IC50,nM,894.0,C[C@@H](C(N)=O)n1cnc2c1c(=O)n(CC1CCO1)c(=O)n2C,HOGBUUUQWBIWPK-JAMMHHFISA-N
27423911,CHEMBL5733104,B,CC(C)C(=O)Cn1c(=O)c2c(ncn2[C@@H](C)C(=O)Nc2cccc(-c3cnc(C(F)(F)F)nc3)n2)n(C)c1=O,,CHEMBL5726658,2019,CHEMBL5818464,7.96,=,=,IC50,nM,11.0,IC50,nM,11.0,CC(C)C(=O)Cn1c(=O)c2c(ncn2[C@@H](C)C(=O)Nc2cccc(-c3cnc(C(F)(F)F)nc3)n2)n(C)c1=O,UHKWFAINYHCAGK-ZDUSSCGKSA-N
27423914,CHEMBL5733104,B,CCC(=O)Cn1c(=O)c2c(ncn2[C@@H](C)C(=O)Nc2csc(-c3cnc(C)c(Cl)c3)n2)n(C)c1=O,,CHEMBL5726658,2019,CHEMBL5818964,8.52,=,=,IC50,nM,3.0,IC50,nM,3.0,CCC(=O)Cn1c(=O)c2c(ncn2[C@@H](C)C(=O)Nc2csc(-c3cnc(C)c(Cl)c3)n2)n(C)c1=O,DUAGJPVKZYTJQM-LBPRGKRZSA-N
27423917,CHEMBL5733104,B,Cc1cc(Cn2c(=O)c3c(ncn3[C@@H](C)C(N)=O)n(C)c2=O)no1,,CHEMBL5726658,2019,CHEMBL6007514,8.7,=,=,IC50,nM,2.0,IC50,nM,2.0,Cc1cc(Cn2c(=O)c3c(ncn3[C@@H](C)C(N)=O)n(C)c2=O)no1,UGCWKTVXXQNBBB-QMMMGPOBSA-N
27423920,CHEMBL5733104,B,CC(=O)Cn1c(=O)c2c(ncn2[C@@H](C)C(=O)Nc2csc(-c3cnc(C)c(F)c3)n2)n(C)c1=O,,CHEMBL5726658,2019,CHEMBL6044767,7.48,=,=,IC50,nM,33.0,IC50,nM,33.0,CC(=O)Cn1c(=O)c2c(ncn2[C@@H](C)C(=O)Nc2csc(-c3cnc(C)c(F)c3)n2)n(C)c1=O,IKGNKSVKPPXUGA-LBPRGKRZSA-N
27423926,CHEMBL5733104,B,Cc1cc(Cn2c(=O)c3c(ncn3[C@@H](C)C(=O)Nc3csc(-c4cnc(C(F)(F)F)c(C)c4)n3)n(C)c2=O)no1,,CHEMBL5726658,2019,CHEMBL5920517,8.52,=,=,IC50,nM,3.0,IC50,nM,3.0,Cc1cc(Cn2c(=O)c3c(ncn3[C@@H](C)C(=O)Nc3csc(-c4cnc(C(F)(F)F)c(C)c4)n3)n(C)c2=O)no1,PMWFGSNDBSNHJI-ZDUSSCGKSA-N
27423929,CHEMBL5733104,B,C[C@@H](C(N)=O)n1cnc2c1c(=O)n(Cc1ccon1)c(=O)n2C,,CHEMBL5726658,2019,CHEMBL5772380,8.05,=,=,IC50,nM,9.0,IC50,nM,9.0,C[C@@H](C(N)=O)n1cnc2c1c(=O)n(Cc1ccon1)c(=O)n2C,UDAGLRCWWLUKSE-ZETCQYMHSA-N
27423932,CHEMBL5733104,B,Cc1cc(Cn2c(=O)c3c(ncn3[C@@H](C)C(=O)Nc3cncc(-c4cnc(N5CCC[C@H]5C(F)(F)F)nc4)n3)n(C)c2=O)no1,,CHEMBL5726658,2019,CHEMBL5832537,8.7,=,=,IC50,nM,2.0,IC50,nM,2.0,Cc1cc(Cn2c(=O)c3c(ncn3[C@@H](C)C(=O)Nc3cncc(-c4cnc(N5CCC[C@H]5C(F)(F)F)nc4)n3)n(C)c2=O)no1,OKROUULIEINPBH-KXBFYZLASA-N
27423935,CHEMBL5733104,B,CC(=O)Cn1c(=O)c2c(ncn2[C@@H](C)C(=O)Nc2cccc(-c3cnc(C)c(C(F)(F)F)c3)n2)n(C)c1=O,,CHEMBL5726658,2019,CHEMBL6004144,8.3,=,=,IC50,nM,5.0,IC50,nM,5.0,CC(=O)Cn1c(=O)c2c(ncn2[C@@H](C)C(=O)Nc2cccc(-c3cnc(C)c(C(F)(F)F)c3)n2)n(C)c1=O,CZWUSKMGGLHRBH-AWEZNQCLSA-N
27423938,CHEMBL5733104,B,CC(=O)Cn1c(=O)c2c(ncn2[C@@H](C)C(=O)Nc2csc(-c3cnc(C)c(C(F)(F)F)c3)n2)n(C)c1=O,,CHEMBL5726658,2019,CHEMBL5934035,8.52,=,=,IC50,nM,3.0,IC50,nM,3.0,CC(=O)Cn1c(=O)c2c(ncn2[C@@H](C)C(=O)Nc2csc(-c3cnc(C)c(C(F)(F)F)c3)n2)n(C)c1=O,NASBLTGMHKILDI-LBPRGKRZSA-N
27423941,CHEMBL5733104,B,CCC(=O)Cn1c(=O)c2c(ncn2[C@@H](C)C(=O)Nc2csc(-c3cnc(C)c(C(F)(F)F)c3)n2)n(C)c1=O,,CHEMBL5726658,2019,CHEMBL6051212,9.0,=,=,IC50,nM,1.0,IC50,nM,1.0,CCC(=O)Cn1c(=O)c2c(ncn2[C@@H](C)C(=O)Nc2csc(-c3cnc(C)c(C(F)(F)F)c3)n2)n(C)c1=O,JYCCDTYCMUOGBQ-LBPRGKRZSA-N
27423944,CHEMBL5733104,B,Cc1cc(Cn2c(=O)c3c(ncn3[C@@H](C)C(=O)Nc3csc(-c4cnc(C)c(F)c4)n3)n(C)c2=O)no1,,CHEMBL5726658,2019,CHEMBL5778301,8.1,=,=,IC50,nM,8.0,IC50,nM,8.0,Cc1cc(Cn2c(=O)c3c(ncn3[C@@H](C)C(=O)Nc3csc(-c4cnc(C)c(F)c4)n3)n(C)c2=O)no1,ZVRSTWIVTSZIGD-ZDUSSCGKSA-N
27423947,CHEMBL5733104,B,CCC(=O)Cn1c(=O)c2c(ncn2[C@@H](C)C(=O)Nc2csc(-c3cnc(C)c(F)c3)n2)n(C)c1=O,,CHEMBL5726658,2019,CHEMBL5857696,7.92,=,=,IC50,nM,12.0,IC50,nM,12.0,CCC(=O)Cn1c(=O)c2c(ncn2[C@@H](C)C(=O)Nc2csc(-c3cnc(C)c(F)c3)n2)n(C)c1=O,FZWXVCHEVDMQEI-LBPRGKRZSA-N
27423950,CHEMBL5733104,B,C[C@@H](C(=O)Nc1csc(-c2cnc(N3CC4CC4C3)nc2)n1)n1cnc2c1c(=O)n(CC(F)(F)F)c(=O)n2C,,CHEMBL5726658,2019,CHEMBL5918465,7.52,=,=,IC50,nM,30.0,IC50,nM,30.0,C[C@@H](C(=O)Nc1csc(-c2cnc(N3CC4CC4C3)nc2)n1)n1cnc2c1c(=O)n(CC(F)(F)F)c(=O)n2C,QCOUAXOJJUTRGN-HIFPTAJRSA-N
27423953,CHEMBL5733104,B,C[C@@H](C(=O)Nc1csc(-c2cnc(N3CC4CC4C3)nc2)n1)n1cnc2c1c(=O)n(CCC(F)(F)F)c(=O)n2C,,CHEMBL5726658,2019,CHEMBL5811991,6.43,=,=,IC50,nM,370.0,IC50,nM,370.0,C[C@@H](C(=O)Nc1csc(-c2cnc(N3CC4CC4C3)nc2)n1)n1cnc2c1c(=O)n(CCC(F)(F)F)c(=O)n2C,DXPVSKMQMRRVIF-HSBZDZAISA-N
27423956,CHEMBL5733104,B,Cc1noc(Cn2c(=O)c3c(ncn3[C@@H](C)C(=O)Nc3cccc(-c4cnc(C(F)(F)F)nc4)n3)n(C)c2=O)n1,,CHEMBL5726658,2019,CHEMBL5832710,7.82,=,=,IC50,nM,15.0,IC50,nM,15.0,Cc1noc(Cn2c(=O)c3c(ncn3[C@@H](C)C(=O)Nc3cccc(-c4cnc(C(F)(F)F)nc4)n3)n(C)c2=O)n1,UMRMICUACMEDEJ-NSHDSACASA-N
27423959,CHEMBL5733104,B,COCC(=O)Cn1c(=O)c2c(ncn2[C@@H](C)C(=O)Nc2csc(-c3cnc(N4CC5CC5C4)nc3)n2)n(C)c1=O,,CHEMBL5726658,2019,CHEMBL5859441,8.22,=,=,IC50,nM,6.0,IC50,nM,6.0,COCC(=O)Cn1c(=O)c2c(ncn2[C@@H](C)C(=O)Nc2csc(-c3cnc(N4CC5CC5C4)nc3)n2)n(C)c1=O,SABAYCWPZHQHKG-NFOMZHRRSA-N
27423962,CHEMBL5733104,B,COCC(O)Cn1c(=O)c2c(ncn2[C@@H](C)C(=O)Nc2csc(-c3cnc(N4CC5CC5C4)nc3)n2)n(C)c1=O,,CHEMBL5726658,2019,CHEMBL5945233,6.19,=,=,IC50,nM,639.0,IC50,nM,639.0,COCC(O)Cn1c(=O)c2c(ncn2[C@@H](C)C(=O)Nc2csc(-c3cnc(N4CC5CC5C4)nc3)n2)n(C)c1=O,IAHQHDGHWAXFMV-DPGVGJJJSA-N
27423965,CHEMBL5733104,B,Cc1noc(Cn2c(=O)c3c(ncn3[C@@H](C)C(N)=O)n(C)c2=O)n1,,CHEMBL5726658,2019,CHEMBL5927515,9.0,=,=,IC50,nM,1.0,IC50,nM,1.0,Cc1noc(Cn2c(=O)c3c(ncn3[C@@H](C)C(N)=O)n(C)c2=O)n1,XOZUCURGTPFEPA-LURJTMIESA-N
27423968,CHEMBL5733104,B,Cc1noc(Cn2c(=O)c3c(ncn3[C@@H](C)C(N)=O)n(C)c2=O)n1,,CHEMBL5726658,2019,CHEMBL5927515,9.0,=,=,IC50,nM,1.0,IC50,nM,1.0,Cc1noc(Cn2c(=O)c3c(ncn3[C@@H](C)C(N)=O)n(C)c2=O)n1,XOZUCURGTPFEPA-LURJTMIESA-N
27423971,CHEMBL5733104,B,CC(=O)Cn1c(=O)c2c(ncn2[C@@H](C)C(=O)Nc2cncc(-c3cnc(C)c(C(F)(F)F)c3)n2)n(C)c1=O,,CHEMBL5726658,2019,CHEMBL6062133,8.1,=,=,IC50,nM,8.0,IC50,nM,8.0,CC(=O)Cn1c(=O)c2c(ncn2[C@@H](C)C(=O)Nc2cncc(-c3cnc(C)c(C(F)(F)F)c3)n2)n(C)c1=O,GQPDGZDVPWDQGV-ZDUSSCGKSA-N
27423974,CHEMBL5733104,B,Cc1cc(Cn2c(=O)c3c(ncn3[C@@H](C)C(=O)Nc3ccnc(-c4cnc(C)c(C(F)(F)F)c4)n3)n(C)c2=O)no1,,CHEMBL5726658,2019,CHEMBL5806996,9.0,=,=,IC50,nM,1.0,IC50,nM,1.0,Cc1cc(Cn2c(=O)c3c(ncn3[C@@H](C)C(=O)Nc3ccnc(-c4cnc(C)c(C(F)(F)F)c4)n3)n(C)c2=O)no1,RBMMABICGHVJIJ-AWEZNQCLSA-N
27423977,CHEMBL5733104,B,CC(=O)Cn1c(=O)c2c(ncn2[C@@H](C)C(=O)Nc2ccnc(-c3cnc(C)c(C(F)(F)F)c3)n2)n(C)c1=O,,CHEMBL5726658,2019,CHEMBL5879929,8.52,=,=,IC50,nM,3.0,IC50,nM,3.0,CC(=O)Cn1c(=O)c2c(ncn2[C@@H](C)C(=O)Nc2ccnc(-c3cnc(C)c(C(F)(F)F)c3)n2)n(C)c1=O,MNMZXKKNMFGYBW-ZDUSSCGKSA-N
27423980,CHEMBL5733104,B,Cc1cc(Cn2c(=O)c3c(ncn3[C@@H](C)C(=O)Nc3csc(-c4cnc(C)c(C(F)(F)F)c4)n3)n(C)c2=O)no1,,CHEMBL5726658,2019,CHEMBL6014001,9.0,=,=,IC50,nM,1.0,IC50,nM,1.0,Cc1cc(Cn2c(=O)c3c(ncn3[C@@H](C)C(=O)Nc3csc(-c4cnc(C)c(C(F)(F)F)c4)n3)n(C)c2=O)no1,OYTIHKVAZJQNDV-ZDUSSCGKSA-N
27423983,CHEMBL5733104,B,CCC(=O)Cn1c(=O)c2c(ncn2[C@@H](C)C(=O)Nc2cccc(-c3cnc(N4CC5CC5C4)cn3)n2)n(C)c1=O,,CHEMBL5726658,2019,CHEMBL6064801,8.7,=,=,IC50,nM,2.0,IC50,nM,2.0,CCC(=O)Cn1c(=O)c2c(ncn2[C@@H](C)C(=O)Nc2cccc(-c3cnc(N4CC5CC5C4)cn3)n2)n(C)c1=O,HRPNHQBVYVNOBG-GTPINHCMSA-N
27423986,CHEMBL5733104,B,Cc1cc(Cn2c(=O)c3c(ncn3[C@@H](C)C(=O)Nc3ccnc(-c4cnc(N5CCC[C@H]5C(F)(F)F)nc4)n3)n(C)c2=O)no1,,CHEMBL5726658,2019,CHEMBL6042280,8.7,=,=,IC50,nM,2.0,IC50,nM,2.0,Cc1cc(Cn2c(=O)c3c(ncn3[C@@H](C)C(=O)Nc3ccnc(-c4cnc(N5CCC[C@H]5C(F)(F)F)nc4)n3)n(C)c2=O)no1,XWXZEVWJOGNSOD-YJBOKZPZSA-N
27423989,CHEMBL5733104,B,Cc1cc(Cn2c(=O)c3c(ncn3[C@@H](C)C(=O)Nc3cccc(-c4cnc(N5CCC[C@H]5C(F)(F)F)nc4)n3)n(C)c2=O)no1,,CHEMBL5726658,2019,CHEMBL5772739,9.0,=,=,IC50,nM,1.0,IC50,nM,1.0,Cc1cc(Cn2c(=O)c3c(ncn3[C@@H](C)C(=O)Nc3cccc(-c4cnc(N5CCC[C@H]5C(F)(F)F)nc4)n3)n(C)c2=O)no1,SELZLURRXNIGSN-JXFKEZNVSA-N
27423995,CHEMBL5733104,B,C[C@@H](C(=O)Nc1cccc(-c2cnc(C(F)(F)F)nc2)n1)n1cnc2c1c(=O)n(Cc1ccon1)c(=O)n2C,,CHEMBL5726658,2019,CHEMBL5845331,7.75,=,=,IC50,nM,18.0,IC50,nM,18.0,C[C@@H](C(=O)Nc1cccc(-c2cnc(C(F)(F)F)nc2)n1)n1cnc2c1c(=O)n(Cc1ccon1)c(=O)n2C,YXMXFIXCGYXMMH-LBPRGKRZSA-N
27423998,CHEMBL5733104,B,Cc1cc(Cn2c(=O)c3c(ncn3[C@@H](C)C(=O)Nc3cncc(-c4ccc(C(F)(F)F)nc4)n3)n(C)c2=O)no1,,CHEMBL5726658,2019,CHEMBL6037704,7.77,=,=,IC50,nM,17.0,IC50,nM,17.0,Cc1cc(Cn2c(=O)c3c(ncn3[C@@H](C)C(=O)Nc3cncc(-c4ccc(C(F)(F)F)nc4)n3)n(C)c2=O)no1,WJZDKUCGKVPPTC-ZDUSSCGKSA-N
27424001,CHEMBL5733104,B,C[C@@H](C(=O)Nc1cncc(-c2ccc(C(F)(F)F)nc2)n1)n1cnc2c1c(=O)n(Cc1ccon1)c(=O)n2C,,CHEMBL5726658,2019,CHEMBL5934948,7.55,=,=,IC50,nM,28.0,IC50,nM,28.0,C[C@@H](C(=O)Nc1cncc(-c2ccc(C(F)(F)F)nc2)n1)n1cnc2c1c(=O)n(Cc1ccon1)c(=O)n2C,JYHBGHGDNGBHLR-LBPRGKRZSA-N
27424004,CHEMBL5733104,B,C[C@@H](C(=O)Nc1cncc(-c2cnc(C(F)(F)F)nc2)n1)n1cnc2c1c(=O)n(Cc1ccon1)c(=O)n2C,,CHEMBL5726658,2019,CHEMBL6061795,7.58,=,=,IC50,nM,26.0,IC50,nM,26.0,C[C@@H](C(=O)Nc1cncc(-c2cnc(C(F)(F)F)nc2)n1)n1cnc2c1c(=O)n(Cc1ccon1)c(=O)n2C,JKWXDKUVOQCWGK-NSHDSACASA-N
27424007,CHEMBL5733104,B,COc1ncc(-c2cccc(NC(=O)[C@H](C)n3cnc4c3c(=O)n(Cc3cc(C)on3)c(=O)n4C)n2)cc1C(F)(F)F,,CHEMBL5726658,2019,CHEMBL5780751,9.0,=,=,IC50,nM,1.0,IC50,nM,1.0,COc1ncc(-c2cccc(NC(=O)[C@H](C)n3cnc4c3c(=O)n(Cc3cc(C)on3)c(=O)n4C)n2)cc1C(F)(F)F,ZPYQDEKCILEBNB-AWEZNQCLSA-N
27424010,CHEMBL5733104,B,CCOc1ncc(-c2cccc(NC(=O)[C@H](C)n3cnc4c3c(=O)n(Cc3cc(C)on3)c(=O)n4C)n2)cc1C(F)(F)F,,CHEMBL5726658,2019,CHEMBL5924035,9.0,=,=,IC50,nM,1.0,IC50,nM,1.0,CCOc1ncc(-c2cccc(NC(=O)[C@H](C)n3cnc4c3c(=O)n(Cc3cc(C)on3)c(=O)n4C)n2)cc1C(F)(F)F,XIEDEBMSVCTSFI-HNNXBMFYSA-N
27424013,CHEMBL5733104,B,Cc1cc(Cn2c(=O)c3c(ncn3[C@@H](C)C(=O)Nc3cccc(-c4cnc(Cl)c(C(F)(F)F)c4)n3)n(C)c2=O)no1,,CHEMBL5726658,2019,CHEMBL5866397,8.7,=,=,IC50,nM,2.0,IC50,nM,2.0,Cc1cc(Cn2c(=O)c3c(ncn3[C@@H](C)C(=O)Nc3cccc(-c4cnc(Cl)c(C(F)(F)F)c4)n3)n(C)c2=O)no1,SQIWWIMCDCSDHP-ZDUSSCGKSA-N
27424016,CHEMBL5733104,B,CCC(=O)Cn1c(=O)c2c(ncn2[C@@H](C)C(=O)Nc2cccc(-c3cnc(OC)c(C(F)(F)F)c3)n2)n(C)c1=O,,CHEMBL5726658,2019,CHEMBL5992488,9.0,=,=,IC50,nM,1.0,IC50,nM,1.0,CCC(=O)Cn1c(=O)c2c(ncn2[C@@H](C)C(=O)Nc2cccc(-c3cnc(OC)c(C(F)(F)F)c3)n2)n(C)c1=O,AKDLWVHAJCEAKD-ZDUSSCGKSA-N
27424019,CHEMBL5733104,B,CCOc1ncc(-c2cccc(NC(=O)[C@H](C)n3cnc4c3c(=O)n(CC(=O)CC)c(=O)n4C)n2)cc1C(F)(F)F,,CHEMBL5726658,2019,CHEMBL5989150,9.0,=,=,IC50,nM,1.0,IC50,nM,1.0,CCOc1ncc(-c2cccc(NC(=O)[C@H](C)n3cnc4c3c(=O)n(CC(=O)CC)c(=O)n4C)n2)cc1C(F)(F)F,IYXIXNIKYCFBDN-AWEZNQCLSA-N
27424022,CHEMBL5733104,B,Cc1cc(Cn2c(=O)c3c(ncn3[C@@H](C)C(=O)Nc3cccc(-c4cnc(C)c(C(F)(F)F)c4)n3)n(C)c2=O)no1,,CHEMBL5726658,2019,CHEMBL5929322,9.0,=,=,IC50,nM,1.0,IC50,nM,1.0,Cc1cc(Cn2c(=O)c3c(ncn3[C@@H](C)C(=O)Nc3cccc(-c4cnc(C)c(C(F)(F)F)c4)n3)n(C)c2=O)no1,CTVDAKKIBPDSKS-HNNXBMFYSA-N
27424025,CHEMBL5733104,B,Cc1cc(Cn2c(=O)c3c(ncn3[C@@H](C)C(=O)Nc3cccc(-c4cnc(C)c(C)c4)n3)n(C)c2=O)no1,,CHEMBL5726658,2019,CHEMBL5746258,7.6,=,=,IC50,nM,25.0,IC50,nM,25.0,Cc1cc(Cn2c(=O)c3c(ncn3[C@@H](C)C(=O)Nc3cccc(-c4cnc(C)c(C)c4)n3)n(C)c2=O)no1,ZJABEFARNCXQDZ-KRWDZBQOSA-N
27424028,CHEMBL5733104,B,Cc1cc(Cn2c(=O)c3c(ncn3[C@@H](C)C(=O)Nc3cncc(-c4cnc(C)c(C(F)(F)F)c4)n3)n(C)c2=O)no1,,CHEMBL5726658,2019,CHEMBL5933482,8.4,=,=,IC50,nM,4.0,IC50,nM,4.0,Cc1cc(Cn2c(=O)c3c(ncn3[C@@H](C)C(=O)Nc3cncc(-c4cnc(C)c(C(F)(F)F)c4)n3)n(C)c2=O)no1,YIXDWPGKRKLDML-AWEZNQCLSA-N
27424031,CHEMBL5733104,B,Cc1cc(Cn2c(=O)c3c(ncn3[C@@H](C)C(=O)Nc3cccc(-c4cnc(C(F)(F)F)c(C)c4)n3)n(C)c2=O)no1,,CHEMBL5726658,2019,CHEMBL5846838,8.7,=,=,IC50,nM,2.0,IC50,nM,2.0,Cc1cc(Cn2c(=O)c3c(ncn3[C@@H](C)C(=O)Nc3cccc(-c4cnc(C(F)(F)F)c(C)c4)n3)n(C)c2=O)no1,MARWGKHZVAMFRS-HNNXBMFYSA-N
27424034,CHEMBL5733104,B,Cc1cc(Cn2c(=O)c3c(ncn3[C@@H](C)C(=O)Nc3cncc(-c4cnc(C(F)(F)F)c(C)c4)n3)n(C)c2=O)no1,,CHEMBL5726658,2019,CHEMBL5749102,8.1,=,=,IC50,nM,8.0,IC50,nM,8.0,Cc1cc(Cn2c(=O)c3c(ncn3[C@@H](C)C(=O)Nc3cncc(-c4cnc(C(F)(F)F)c(C)c4)n3)n(C)c2=O)no1,CIKWLRYNURTNGX-AWEZNQCLSA-N
27424037,CHEMBL5733104,B,Cc1noc(Cn2c(=O)c3c(ncn3[C@@H](C)C(=O)Nc3cccc(-c4cnc(C(F)(F)F)c(C)c4)n3)n(C)c2=O)n1,,CHEMBL5726658,2019,CHEMBL5976528,8.22,=,=,IC50,nM,6.0,IC50,nM,6.0,Cc1noc(Cn2c(=O)c3c(ncn3[C@@H](C)C(=O)Nc3cccc(-c4cnc(C(F)(F)F)c(C)c4)n3)n(C)c2=O)n1,KHSABDQBZIWQTO-ZDUSSCGKSA-N
27424040,CHEMBL5733104,B,Cc1noc(Cn2c(=O)c3c(ncn3[C@@H](C)C(=O)Nc3cncc(-c4cnc(C)c(C(F)(F)F)c4)n3)n(C)c2=O)n1,,CHEMBL5726658,2019,CHEMBL5938207,8.05,=,=,IC50,nM,9.0,IC50,nM,9.0,Cc1noc(Cn2c(=O)c3c(ncn3[C@@H](C)C(=O)Nc3cncc(-c4cnc(C)c(C(F)(F)F)c4)n3)n(C)c2=O)n1,YMGBPWVLZQNQFK-LBPRGKRZSA-N
27424043,CHEMBL5733104,B,Cc1noc(Cn2c(=O)c3c(ncn3[C@@H](C)C(=O)Nc3cncc(-c4cnc(C(F)(F)F)c(C)c4)n3)n(C)c2=O)n1,,CHEMBL5726658,2019,CHEMBL5912245,8.05,=,=,IC50,nM,9.0,IC50,nM,9.0,Cc1noc(Cn2c(=O)c3c(ncn3[C@@H](C)C(=O)Nc3cncc(-c4cnc(C(F)(F)F)c(C)c4)n3)n(C)c2=O)n1,NKZCJCIDAGEUIM-LBPRGKRZSA-N
27424046,CHEMBL5733104,B,Cc1noc(Cn2c(=O)c3c(ncn3[C@@H](C)C(=O)Nc3cccc(-c4cnc(C)c(C(F)(F)F)c4)n3)n(C)c2=O)n1,,CHEMBL5726658,2019,CHEMBL5769052,8.52,=,=,IC50,nM,3.0,IC50,nM,3.0,Cc1noc(Cn2c(=O)c3c(ncn3[C@@H](C)C(=O)Nc3cccc(-c4cnc(C)c(C(F)(F)F)c4)n3)n(C)c2=O)n1,GKJBGRQPKPMAEN-ZDUSSCGKSA-N
27424049,CHEMBL5733104,B,CCC(=O)Cn1c(=O)c2c(ncn2[C@@H](C)C(=O)Nc2cccc(-c3cnc(C)c(C(F)(F)F)c3)n2)n(C)c1=O,,CHEMBL5726658,2019,CHEMBL6055251,8.4,=,=,IC50,nM,4.0,IC50,nM,4.0,CCC(=O)Cn1c(=O)c2c(ncn2[C@@H](C)C(=O)Nc2cccc(-c3cnc(C)c(C(F)(F)F)c3)n2)n(C)c1=O,ZJLOTFNKTLOXQU-AWEZNQCLSA-N
27424052,CHEMBL5733104,B,Cc1ncc(-c2cccc(NC(=O)[C@H](C)n3cnc4c3c(=O)n(Cc3ccon3)c(=O)n4C)n2)cc1C(F)(F)F,,CHEMBL5726658,2019,CHEMBL5912061,8.52,=,=,IC50,nM,3.0,IC50,nM,3.0,Cc1ncc(-c2cccc(NC(=O)[C@H](C)n3cnc4c3c(=O)n(Cc3ccon3)c(=O)n4C)n2)cc1C(F)(F)F,WFRBOQVBZZCYFX-AWEZNQCLSA-N
27424055,CHEMBL5733104,B,Cc1cc(-c2cncc(NC(=O)[C@H](C)n3cnc4c3c(=O)n(Cc3ccon3)c(=O)n4C)n2)cnc1C(F)(F)F,,CHEMBL5726658,2019,CHEMBL5843493,7.89,=,=,IC50,nM,13.0,IC50,nM,13.0,Cc1cc(-c2cncc(NC(=O)[C@H](C)n3cnc4c3c(=O)n(Cc3ccon3)c(=O)n4C)n2)cnc1C(F)(F)F,BPCZABOCGVZEBN-ZDUSSCGKSA-N
27424058,CHEMBL5733104,B,Cc1cc(Cn2c(=O)c3c(ncn3[C@@H](C)C(=O)Nc3cncc(-c4cnc(C)c(Cl)c4)n3)n(C)c2=O)no1,,CHEMBL5726658,2019,CHEMBL5959078,7.96,=,=,IC50,nM,11.0,IC50,nM,11.0,Cc1cc(Cn2c(=O)c3c(ncn3[C@@H](C)C(=O)Nc3cncc(-c4cnc(C)c(Cl)c4)n3)n(C)c2=O)no1,FNJBEWJWLFLGLN-AWEZNQCLSA-N
27424061,CHEMBL5733104,B,CC(=O)Cn1c(=O)c2c(ncn2[C@@H](C)C(=O)Nc2cncc(-c3cnc(C)c(Cl)c3)n2)n(C)c1=O,,CHEMBL5726658,2019,CHEMBL5756580,7.5,=,=,IC50,nM,32.0,IC50,nM,32.0,CC(=O)Cn1c(=O)c2c(ncn2[C@@H](C)C(=O)Nc2cncc(-c3cnc(C)c(Cl)c3)n2)n(C)c1=O,IHDZQGCOLIBPFR-ZDUSSCGKSA-N
27424064,CHEMBL5733104,B,C[C@@H](C(=O)Nc1ccnc(-c2cnc(C(F)(F)F)nc2)n1)n1cnc2c1c(=O)n(Cc1ccccn1)c(=O)n2C,,CHEMBL5726658,2019,CHEMBL5961003,7.1,=,=,IC50,nM,80.0,IC50,nM,80.0,C[C@@H](C(=O)Nc1ccnc(-c2cnc(C(F)(F)F)nc2)n1)n1cnc2c1c(=O)n(Cc1ccccn1)c(=O)n2C,QAGFMEUYWNRVKG-ZDUSSCGKSA-N
27424067,CHEMBL5733104,B,CC(=O)Cn1c(=O)c2c(ncn2[C@@H](C)C(=O)Nc2cccc(-c3cnc(N4CC5CC5C4)nc3)n2)n(C)c1=O,,CHEMBL5726658,2019,CHEMBL5869309,8.15,=,=,IC50,nM,7.0,IC50,nM,7.0,CC(=O)Cn1c(=O)c2c(ncn2[C@@H](C)C(=O)Nc2cccc(-c3cnc(N4CC5CC5C4)nc3)n2)n(C)c1=O,VHXGUMGNAHRKJN-GTPINHCMSA-N
27424070,CHEMBL5733104,B,CC(=O)Cn1c(=O)c2c(ncn2[C@@H](C)C(=O)Nc2ccnc(-c3cnc(N4CC5CC5C4)nc3)n2)n(C)c1=O,,CHEMBL5726658,2019,CHEMBL5750088,7.7,=,=,IC50,nM,20.0,IC50,nM,20.0,CC(=O)Cn1c(=O)c2c(ncn2[C@@H](C)C(=O)Nc2ccnc(-c3cnc(N4CC5CC5C4)nc3)n2)n(C)c1=O,VXQZDEWJIDRLFT-FHERZECASA-N
27424073,CHEMBL5733104,B,C[C@@H](C(=O)Nc1cncc(-c2cnc(N3CC4CC4C3)nc2)n1)n1cnc2c1c(=O)n(CC#N)c(=O)n2C,,CHEMBL5726658,2019,CHEMBL6039947,8.22,=,=,IC50,nM,6.0,IC50,nM,6.0,C[C@@H](C(=O)Nc1cncc(-c2cnc(N3CC4CC4C3)nc2)n1)n1cnc2c1c(=O)n(CC#N)c(=O)n2C,IECBTGJNZAMXMI-NFOMZHRRSA-N
27424076,CHEMBL5733104,B,CC#CCn1c(=O)c2c(ncn2[C@@H](C)C(=O)Nc2csc(-c3cnc(N4CC5CC5C4)nc3)n2)n(C)c1=O,,CHEMBL5726658,2019,CHEMBL5942545,8.7,=,=,IC50,nM,2.0,IC50,nM,2.0,CC#CCn1c(=O)c2c(ncn2[C@@H](C)C(=O)Nc2csc(-c3cnc(N4CC5CC5C4)nc3)n2)n(C)c1=O,IJPKZYJDZLPYGH-FHERZECASA-N
27424079,CHEMBL5733104,B,COCC(=O)Cn1c(=O)c2c(ncn2[C@@H](C)C(=O)Nc2cccc(-c3cnc(N4CC5C(C4)C5(F)F)nc3)n2)n(C)c1=O,,CHEMBL5726658,2019,CHEMBL5754474,8.52,=,=,IC50,nM,3.0,IC50,nM,3.0,COCC(=O)Cn1c(=O)c2c(ncn2[C@@H](C)C(=O)Nc2cccc(-c3cnc(N4CC5C(C4)C5(F)F)nc3)n2)n(C)c1=O,YIPSQHDECVTTIC-NNGSBXSVSA-N
27424082,CHEMBL5733104,B,CCC(=O)Cn1c(=O)c2c(ncn2[C@@H](C)C(=O)Nc2cccc(-c3cnc(N4CC5CC5C4)nc3)n2)n(C)c1=O,,CHEMBL5726658,2019,CHEMBL5902529,8.22,=,=,IC50,nM,6.0,IC50,nM,6.0,CCC(=O)Cn1c(=O)c2c(ncn2[C@@H](C)C(=O)Nc2cccc(-c3cnc(N4CC5CC5C4)nc3)n2)n(C)c1=O,QJVZVWLHLYIOEK-GTPINHCMSA-N
27424085,CHEMBL5733104,B,C[C@@H](C(=O)Nc1cccc(-c2cnc(N3CC4CC4C3)nc2)n1)n1cnc2c1c(=O)n(CC#N)c(=O)n2C,,CHEMBL5726658,2019,CHEMBL6048542,8.7,=,=,IC50,nM,2.0,IC50,nM,2.0,C[C@@H](C(=O)Nc1cccc(-c2cnc(N3CC4CC4C3)nc2)n1)n1cnc2c1c(=O)n(CC#N)c(=O)n2C,LHZORGBUTZZYPP-FHERZECASA-N
27424088,CHEMBL5733104,B,Cc1noc(Cn2c(=O)c3c(ncn3[C@@H](C)C(=O)Nc3ccnc(-c4cnc(C(F)(F)F)c(C)c4)n3)n(C)c2=O)n1,,CHEMBL5726658,2019,CHEMBL5898991,8.4,=,=,IC50,nM,4.0,IC50,nM,4.0,Cc1noc(Cn2c(=O)c3c(ncn3[C@@H](C)C(=O)Nc3ccnc(-c4cnc(C(F)(F)F)c(C)c4)n3)n(C)c2=O)n1,CEOUAXRSPKQSPT-LBPRGKRZSA-N
27424091,CHEMBL5733104,B,Cc1nc(Cn2c(=O)c3c(ncn3[C@@H](C)C(=O)Nc3cccc(-c4cnc(C)c(C(F)(F)F)c4)n3)n(C)c2=O)no1,,CHEMBL5726658,2019,CHEMBL5844173,7.8,=,=,IC50,nM,16.0,IC50,nM,16.0,Cc1nc(Cn2c(=O)c3c(ncn3[C@@H](C)C(=O)Nc3cccc(-c4cnc(C)c(C(F)(F)F)c4)n3)n(C)c2=O)no1,PEHFNRMZSZUHCM-ZDUSSCGKSA-N
27424094,CHEMBL5733104,B,CC(=O)Cn1c(=O)c2c(ncn2[C@@H](C)C(=O)Nc2cncc(-c3cnc(N4CC5CC5C4)nc3)n2)n(C)c1=O,,CHEMBL5726658,2019,CHEMBL5914822,8.15,=,=,IC50,nM,7.0,IC50,nM,7.0,CC(=O)Cn1c(=O)c2c(ncn2[C@@H](C)C(=O)Nc2cncc(-c3cnc(N4CC5CC5C4)nc3)n2)n(C)c1=O,DOBJBFNRWRRVBT-FHERZECASA-N
27424097,CHEMBL5733104,B,CC(=O)Cn1c(=O)c2c(ncn2[C@@H](C)C(=O)Nc2csc(-c3cnc(N4CC5CC5C4)nc3)n2)n(C)c1=O,,CHEMBL5726658,2019,CHEMBL5865537,8.7,=,=,IC50,nM,2.0,IC50,nM,2.0,CC(=O)Cn1c(=O)c2c(ncn2[C@@H](C)C(=O)Nc2csc(-c3cnc(N4CC5CC5C4)nc3)n2)n(C)c1=O,WAYMWUNFXOUAAZ-NFOMZHRRSA-N
27424103,CHEMBL5733104,B,C[C@@H](C(=O)Nc1ccnc(-c2cnc(N3CC4CC4C3)nc2)n1)n1cnc2c1c(=O)n(CC#N)c(=O)n2C,,CHEMBL5726658,2019,CHEMBL5949217,8.3,=,=,IC50,nM,5.0,IC50,nM,5.0,C[C@@H](C(=O)Nc1ccnc(-c2cnc(N3CC4CC4C3)nc2)n1)n1cnc2c1c(=O)n(CC#N)c(=O)n2C,LTDJLTDLWIUUDL-NFOMZHRRSA-N
27424106,CHEMBL5733104,B,Cc1cc(Cn2c(=O)c3c(ncn3[C@@H](C)C(=O)Nc3cccc(-c4cncc(C(F)(F)F)c4)n3)n(C)c2=O)no1,,CHEMBL5726658,2019,CHEMBL5788833,8.52,=,=,IC50,nM,3.0,IC50,nM,3.0,Cc1cc(Cn2c(=O)c3c(ncn3[C@@H](C)C(=O)Nc3cccc(-c4cncc(C(F)(F)F)c4)n3)n(C)c2=O)no1,FQZNADCLVNIQIS-AWEZNQCLSA-N
27424109,CHEMBL5733104,B,CC#CCn1c(=O)c2c(ncn2[C@@H](C)C(=O)Nc2csc(-c3cnc(N4CCC[C@@H]4C(F)(F)F)nc3)n2)n(C)c1=O,,CHEMBL5726658,2019,CHEMBL6013485,9.0,=,=,IC50,nM,1.0,IC50,nM,1.0,CC#CCn1c(=O)c2c(ncn2[C@@H](C)C(=O)Nc2csc(-c3cnc(N4CCC[C@@H]4C(F)(F)F)nc3)n2)n(C)c1=O,MZDLKLCZJYQPTH-GOEBONIOSA-N
27424112,CHEMBL5733104,B,CCC(=O)Cn1c(=O)c2c(ncn2[C@@H](C)C(=O)Nc2cncc(-c3cnc(N4CC5CC5C4)nc3)n2)n(C)c1=O,,CHEMBL5726658,2019,CHEMBL5901326,8.22,=,=,IC50,nM,6.0,IC50,nM,6.0,CCC(=O)Cn1c(=O)c2c(ncn2[C@@H](C)C(=O)Nc2cncc(-c3cnc(N4CC5CC5C4)nc3)n2)n(C)c1=O,BJGBIUYKSAKORC-FHERZECASA-N
27424115,CHEMBL5733104,B,CCC(=O)Cn1c(=O)c2c(ncn2[C@@H](C)C(=O)Nc2cncc(-c3cnc(N4CC5C(C4)C5(F)F)cn3)n2)n(C)c1=O,,CHEMBL5726658,2019,CHEMBL5743519,8.22,=,=,IC50,nM,6.0,IC50,nM,6.0,CCC(=O)Cn1c(=O)c2c(ncn2[C@@H](C)C(=O)Nc2cncc(-c3cnc(N4CC5C(C4)C5(F)F)cn3)n2)n(C)c1=O,WJPADCWRQZUXDF-JEYLPNPQSA-N
27424118,CHEMBL5733104,B,Cc1noc(Cn2c(=O)c3c(ncn3[C@@H](C)C(=O)Nc3cncc(-c4cnc(C(F)(F)F)nc4)n3)n(C)c2=O)n1,,CHEMBL5726658,2019,CHEMBL5940016,7.7,=,=,IC50,nM,20.0,IC50,nM,20.0,Cc1noc(Cn2c(=O)c3c(ncn3[C@@H](C)C(=O)Nc3cncc(-c4cnc(C(F)(F)F)nc4)n3)n(C)c2=O)n1,SFIQAZWEBFWFFD-JTQLQIEISA-N
27424121,CHEMBL5733104,B,Cc1cc(-c2nc(NC(=O)[C@H](C)n3cnc4c3c(=O)n(CC(F)(F)F)c(=O)n4C)cs2)cnc1C(F)(F)F,,CHEMBL5726658,2019,CHEMBL5743353,6.66,=,=,IC50,nM,219.0,IC50,nM,219.0,Cc1cc(-c2nc(NC(=O)[C@H](C)n3cnc4c3c(=O)n(CC(F)(F)F)c(=O)n4C)cs2)cnc1C(F)(F)F,VVCPLJSSXGMPAM-JTQLQIEISA-N
27424124,CHEMBL5733104,B,Cc1ncc(-c2nc(NC(=O)[C@H](C)n3cnc4c3c(=O)n(CC(F)(F)F)c(=O)n4C)cs2)cc1C(F)(F)F,,CHEMBL5726658,2019,CHEMBL5782754,7.66,=,=,IC50,nM,22.0,IC50,nM,22.0,Cc1ncc(-c2nc(NC(=O)[C@H](C)n3cnc4c3c(=O)n(CC(F)(F)F)c(=O)n4C)cs2)cc1C(F)(F)F,COEDYLGJVZYSIH-JTQLQIEISA-N
27424127,CHEMBL5733104,B,Cc1nc(Cn2c(=O)c3c(ncn3[C@@H](C)C(=O)Nc3csc(-c4cnc(C)c(C(F)(F)F)c4)n3)n(C)c2=O)no1,,CHEMBL5726658,2019,CHEMBL6056200,8.7,=,=,IC50,nM,2.0,IC50,nM,2.0,Cc1nc(Cn2c(=O)c3c(ncn3[C@@H](C)C(=O)Nc3csc(-c4cnc(C)c(C(F)(F)F)c4)n3)n(C)c2=O)no1,MHAHARMDLJOTNL-NSHDSACASA-N
27424130,CHEMBL5733104,B,CC(=O)Cn1c(=O)c2c(ncn2[C@@H](C)C(=O)Nc2cncc(-c3cnc(N4CC5C(C4)C5(F)F)cn3)n2)n(C)c1=O,,CHEMBL5726658,2019,CHEMBL6056510,7.68,=,=,IC50,nM,21.0,IC50,nM,21.0,CC(=O)Cn1c(=O)c2c(ncn2[C@@H](C)C(=O)Nc2cncc(-c3cnc(N4CC5C(C4)C5(F)F)cn3)n2)n(C)c1=O,NHHOKCAEWOGISL-NFOMZHRRSA-N
27424133,CHEMBL5733104,B,COCC(=O)Cn1c(=O)c2c(ncn2[C@@H](C)C(=O)Nc2cccc(-c3cnc(N4CC5CC5C4)nc3)n2)n(C)c1=O,,CHEMBL5726658,2019,CHEMBL5955133,8.15,=,=,IC50,nM,7.0,IC50,nM,7.0,COCC(=O)Cn1c(=O)c2c(ncn2[C@@H](C)C(=O)Nc2cccc(-c3cnc(N4CC5CC5C4)nc3)n2)n(C)c1=O,GRUKRNSLJWUNIQ-GTPINHCMSA-N
27424136,CHEMBL5733104,B,Cc1noc(Cn2c(=O)c3c(ncn3[C@@H](C)C(=O)Nc3csc(-c4cnc(N5CC6CC6C5)nc4)n3)n(C)c2=O)n1,,CHEMBL5726658,2019,CHEMBL5808744,8.22,=,=,IC50,nM,6.0,IC50,nM,6.0,Cc1noc(Cn2c(=O)c3c(ncn3[C@@H](C)C(=O)Nc3csc(-c4cnc(N5CC6CC6C5)nc4)n3)n(C)c2=O)n1,NHFRFZWACDLIJO-GRTSSRMGSA-N
27424139,CHEMBL5733104,B,Cc1noc(Cn2c(=O)c3c(ncn3[C@@H](C)C(=O)Nc3cccc(-c4cnc(N5CC6CC6C5)nc4)n3)n(C)c2=O)n1,,CHEMBL5726658,2019,CHEMBL5953298,8.4,=,=,IC50,nM,4.0,IC50,nM,4.0,Cc1noc(Cn2c(=O)c3c(ncn3[C@@H](C)C(=O)Nc3cccc(-c4cnc(N5CC6CC6C5)nc4)n3)n(C)c2=O)n1,AMMUKFMDWPZRHN-OOHWJJMZSA-N
27424142,CHEMBL5733104,B,CC#CCn1c(=O)c2c(ncn2[C@@H](C)C(N)=O)n(C)c1=O,,CHEMBL5726658,2019,CHEMBL5864934,7.92,=,=,IC50,nM,12.0,IC50,nM,12.0,CC#CCn1c(=O)c2c(ncn2[C@@H](C)C(N)=O)n(C)c1=O,WMCARGAXENGYJD-QMMMGPOBSA-N
27424145,CHEMBL5733104,B,CC#CCn1c(=O)c2c(ncn2[C@@H](C)C(N)=O)n(C)c1=O,,CHEMBL5726658,2019,CHEMBL5864934,8.0,=,=,IC50,nM,10.0,IC50,nM,10.0,CC#CCn1c(=O)c2c(ncn2[C@@H](C)C(N)=O)n(C)c1=O,WMCARGAXENGYJD-QMMMGPOBSA-N
27424148,CHEMBL5733104,B,Cc1nc(Cn2c(=O)c3c(ncn3[C@@H](C)C(=O)Nc3cncc(-c4cnc(C)c(C(F)(F)F)c4)n3)n(C)c2=O)no1,,CHEMBL5726658,2019,CHEMBL5979839,7.57,=,=,IC50,nM,27.0,IC50,nM,27.0,Cc1nc(Cn2c(=O)c3c(ncn3[C@@H](C)C(=O)Nc3cncc(-c4cnc(C)c(C(F)(F)F)c4)n3)n(C)c2=O)no1,RHMHJTBKWCHRFJ-LBPRGKRZSA-N
27424151,CHEMBL5733104,B,Cc1nc(Cn2c(=O)c3c(ncn3[C@@H](C)C(=O)Nc3cccc(-c4cnc(C(F)(F)F)nc4)n3)n(C)c2=O)no1,,CHEMBL5726658,2019,CHEMBL5819550,7.64,=,=,IC50,nM,23.0,IC50,nM,23.0,Cc1nc(Cn2c(=O)c3c(ncn3[C@@H](C)C(=O)Nc3cccc(-c4cnc(C(F)(F)F)nc4)n3)n(C)c2=O)no1,NLNWNOMTEBKBKR-NSHDSACASA-N
27424154,CHEMBL5733104,B,Cc1nc(Cn2c(=O)c3c(ncn3[C@@H](C)C(=O)Nc3ccnc(-c4cnc(C)c(C(F)(F)F)c4)n3)n(C)c2=O)no1,,CHEMBL5726658,2019,CHEMBL5875124,8.7,=,=,IC50,nM,2.0,IC50,nM,2.0,Cc1nc(Cn2c(=O)c3c(ncn3[C@@H](C)C(=O)Nc3ccnc(-c4cnc(C)c(C(F)(F)F)c4)n3)n(C)c2=O)no1,AVISJIJTLXTWET-LBPRGKRZSA-N
27424157,CHEMBL5733104,B,CC#CCn1c(=O)c2c(ncn2[C@@H](C)C(=O)Nc2ccnc(-c3cnc(N4CC5CC5C4)nc3)n2)n(C)c1=O,,CHEMBL5726658,2019,CHEMBL5918028,8.22,=,=,IC50,nM,6.0,IC50,nM,6.0,CC#CCn1c(=O)c2c(ncn2[C@@H](C)C(=O)Nc2ccnc(-c3cnc(N4CC5CC5C4)nc3)n2)n(C)c1=O,YQDBFFOLHOLZKQ-GTPINHCMSA-N
27424160,CHEMBL5733104,B,Cc1nc2c(c(=O)n(Cc3ccccn3)c(=O)n2C)n1CC(=O)Nc1cccc(-c2ccc(Cl)cc2)n1,,CHEMBL5726658,2019,CHEMBL6033658,7.62,=,=,IC50,nM,24.0,IC50,nM,24.0,Cc1nc2c(c(=O)n(Cc3ccccn3)c(=O)n2C)n1CC(=O)Nc1cccc(-c2ccc(Cl)cc2)n1,QCMMBGNFTCWHKV-UHFFFAOYSA-N
27424163,CHEMBL5733104,B,Cc1nc2c(c(=O)n(Cc3ccccn3)c(=O)n2C)n1CC(=O)Nc1cccc(-c2ccc(F)c(F)c2)n1,,CHEMBL5726658,2019,CHEMBL5932773,7.27,=,=,IC50,nM,54.0,IC50,nM,54.0,Cc1nc2c(c(=O)n(Cc3ccccn3)c(=O)n2C)n1CC(=O)Nc1cccc(-c2ccc(F)c(F)c2)n1,VAUVHMUBXCTTST-UHFFFAOYSA-N
27424166,CHEMBL5733104,B,Cc1nc2c(c(=O)n(Cc3ccccn3)c(=O)n2C)n1CC(=O)Nc1cccc(-c2cnc(N3CCC[C@H]3C(F)(F)F)nc2)n1,,CHEMBL5726658,2019,CHEMBL6005670,8.0,=,=,IC50,nM,10.0,IC50,nM,10.0,Cc1nc2c(c(=O)n(Cc3ccccn3)c(=O)n2C)n1CC(=O)Nc1cccc(-c2cnc(N3CCC[C@H]3C(F)(F)F)nc2)n1,LXWUTCSZIGIMGQ-NRFANRHFSA-N
27424169,CHEMBL5733104,B,Cc1nc2c(c(=O)n(Cc3ccccn3)c(=O)n2C)n1CC(=O)Nc1cccc(-c2cnc(C(F)(F)F)nc2)n1,,CHEMBL5726658,2019,CHEMBL5864222,7.38,=,=,IC50,nM,42.0,IC50,nM,42.0,Cc1nc2c(c(=O)n(Cc3ccccn3)c(=O)n2C)n1CC(=O)Nc1cccc(-c2cnc(C(F)(F)F)nc2)n1,XLGLEMZUTPMKLM-UHFFFAOYSA-N
27424172,CHEMBL5733104,B,Cn1c(=O)n(Cc2ccccn2)c(=O)c2c1ncn2CC(=O)Nc1csc(-c2ccc(F)c(F)c2)n1,,CHEMBL5726658,2019,CHEMBL5914773,7.85,=,=,IC50,nM,14.0,IC50,nM,14.0,Cn1c(=O)n(Cc2ccccn2)c(=O)c2c1ncn2CC(=O)Nc1csc(-c2ccc(F)c(F)c2)n1,YRFKNZJDKYZGGS-UHFFFAOYSA-N
27424175,CHEMBL5733104,B,CC(=O)Cn1c(=O)c2c(ncn2CC(=O)Nc2cccc(-c3ccc(Cl)cc3)n2)n(C)c1=O,,CHEMBL5726658,2019,CHEMBL5847001,7.72,=,=,IC50,nM,19.0,IC50,nM,19.0,CC(=O)Cn1c(=O)c2c(ncn2CC(=O)Nc2cccc(-c3ccc(Cl)cc3)n2)n(C)c1=O,ICQQRJVVVVHYDQ-UHFFFAOYSA-N
27424178,CHEMBL5733104,B,CC(=O)Cn1c(=O)c2c(ncn2CC(=O)Nc2cccc(-c3ccc(F)c(F)c3)n2)n(C)c1=O,,CHEMBL5726658,2019,CHEMBL5757813,7.38,=,=,IC50,nM,42.0,IC50,nM,42.0,CC(=O)Cn1c(=O)c2c(ncn2CC(=O)Nc2cccc(-c3ccc(F)c(F)c3)n2)n(C)c1=O,MYGMWKBCBYXEOU-UHFFFAOYSA-N
27424181,CHEMBL5733104,B,CC(=O)Cn1c(=O)c2c(ncn2CC(=O)Nc2cccc(-c3cnc(N4CCC[C@H]4C(F)(F)F)nc3)n2)n(C)c1=O,,CHEMBL5726658,2019,CHEMBL5975317,8.52,=,=,IC50,nM,3.0,IC50,nM,3.0,CC(=O)Cn1c(=O)c2c(ncn2CC(=O)Nc2cccc(-c3cnc(N4CCC[C@H]4C(F)(F)F)nc3)n2)n(C)c1=O,GRYCSQXMCQAXTH-KRWDZBQOSA-N
27424184,CHEMBL5733104,B,CC(O)Cn1c(=O)c2c(ncn2CC(=O)Nc2cccc(-c3cnc(N4CCC[C@H]4C(F)(F)F)nc3)n2)n(C)c1=O,,CHEMBL5726658,2019,CHEMBL5776499,6.51,=,=,IC50,nM,310.0,IC50,nM,310.0,CC(O)Cn1c(=O)c2c(ncn2CC(=O)Nc2cccc(-c3cnc(N4CCC[C@H]4C(F)(F)F)nc3)n2)n(C)c1=O,LPCOIIXPRFJUPJ-JRZJBTRGSA-N
27424187,CHEMBL5733104,B,CC(=O)Cn1c(=O)c2c(ncn2CC(=O)Nc2cccc(-c3cnc(C(F)(F)F)nc3)n2)n(C)c1=O,,CHEMBL5726658,2019,CHEMBL6033430,7.35,=,=,IC50,nM,45.0,IC50,nM,45.0,CC(=O)Cn1c(=O)c2c(ncn2CC(=O)Nc2cccc(-c3cnc(C(F)(F)F)nc3)n2)n(C)c1=O,JWRZFUGWLNUYGD-UHFFFAOYSA-N
27424190,CHEMBL5733104,B,Cn1c(=O)n(Cc2ccccn2)c(=O)c2c1ncn2CC(=O)Nc1cccc(-c2cnc(C(F)(F)F)nc2)n1,,CHEMBL5726658,2019,CHEMBL5908875,7.13,=,=,IC50,nM,74.0,IC50,nM,74.0,Cn1c(=O)n(Cc2ccccn2)c(=O)c2c1ncn2CC(=O)Nc1cccc(-c2cnc(C(F)(F)F)nc2)n1,ARPWNFCYSNNAPW-UHFFFAOYSA-N
27424193,CHEMBL5733104,B,Cn1c(=O)n(Cc2ccccn2)c(=O)c2c1ncn2CC(=O)Nc1cccc(-c2ccc(F)c(F)c2)n1,,CHEMBL5726658,2019,CHEMBL5769806,7.13,=,=,IC50,nM,74.0,IC50,nM,74.0,Cn1c(=O)n(Cc2ccccn2)c(=O)c2c1ncn2CC(=O)Nc1cccc(-c2ccc(F)c(F)c2)n1,DKUIXNVMCXZCKN-UHFFFAOYSA-N
27424196,CHEMBL5733104,B,Cn1c(=O)n(Cc2ccccn2)c(=O)c2c1ncn2CC(=O)Nc1cccc(-c2ccc(Cl)cc2)n1,,CHEMBL5726658,2019,CHEMBL5991106,7.48,=,=,IC50,nM,33.0,IC50,nM,33.0,Cn1c(=O)n(Cc2ccccn2)c(=O)c2c1ncn2CC(=O)Nc1cccc(-c2ccc(Cl)cc2)n1,VHMBOLLMTSJADJ-UHFFFAOYSA-N
27424199,CHEMBL5733104,B,Cn1c(=O)n(Cc2ccccn2)c(=O)c2c1ncn2CC(=O)Nc1cccc(-c2cnc(N3CCC[C@H]3C(F)(F)F)nc2)n1,,CHEMBL5726658,2019,CHEMBL5872230,8.7,=,=,IC50,nM,2.0,IC50,nM,2.0,Cn1c(=O)n(Cc2ccccn2)c(=O)c2c1ncn2CC(=O)Nc1cccc(-c2cnc(N3CCC[C@H]3C(F)(F)F)nc2)n1,CSWZSXQZBCOVSJ-FQEVSTJZSA-N
27424202,CHEMBL5733104,B,Cn1c(=O)n(Cc2ccccn2)c(=O)c2c1ncn2CC(=O)Nc1csc(-c2ccc(Cl)cc2)n1,,CHEMBL5726658,2019,CHEMBL5759146,7.77,=,=,IC50,nM,17.0,IC50,nM,17.0,Cn1c(=O)n(Cc2ccccn2)c(=O)c2c1ncn2CC(=O)Nc1csc(-c2ccc(Cl)cc2)n1,GNTSRCHLMHYOEA-UHFFFAOYSA-N
27424205,CHEMBL5733104,B,Cn1c(=O)n(Cc2ccccn2)c(=O)c2c1ncn2CC(=O)Nc1csc(-c2cnc(C(F)(F)F)nc2)n1,,CHEMBL5726658,2019,CHEMBL5854825,7.29,=,=,IC50,nM,51.0,IC50,nM,51.0,Cn1c(=O)n(Cc2ccccn2)c(=O)c2c1ncn2CC(=O)Nc1csc(-c2cnc(C(F)(F)F)nc2)n1,PVBIJCUQCJVLAL-UHFFFAOYSA-N
27424208,CHEMBL5733104,B,CC(=O)Cn1c(=O)c2c(nc(C)n2CC(=O)Nc2cccc(-c3ccc(Cl)cc3)n2)n(C)c1=O,,CHEMBL5726658,2019,CHEMBL5895659,7.48,=,=,IC50,nM,33.0,IC50,nM,33.0,CC(=O)Cn1c(=O)c2c(nc(C)n2CC(=O)Nc2cccc(-c3ccc(Cl)cc3)n2)n(C)c1=O,ANVHGHPKRCRGRV-UHFFFAOYSA-N
27424211,CHEMBL5733104,B,CC(=O)Cn1c(=O)c2c(nc(C)n2CC(=O)Nc2cccc(-c3ccc(F)c(F)c3)n2)n(C)c1=O,,CHEMBL5726658,2019,CHEMBL5844543,7.35,=,=,IC50,nM,45.0,IC50,nM,45.0,CC(=O)Cn1c(=O)c2c(nc(C)n2CC(=O)Nc2cccc(-c3ccc(F)c(F)c3)n2)n(C)c1=O,MFRZFIMXWVKZNR-UHFFFAOYSA-N
27424214,CHEMBL5733104,B,CC(=O)Cn1c(=O)c2c(nc(C)n2CC(=O)Nc2cccc(-c3cnc(C(F)(F)F)cn3)n2)n(C)c1=O,,CHEMBL5726658,2019,CHEMBL5859891,7.21,=,=,IC50,nM,62.0,IC50,nM,62.0,CC(=O)Cn1c(=O)c2c(nc(C)n2CC(=O)Nc2cccc(-c3cnc(C(F)(F)F)cn3)n2)n(C)c1=O,GWVOHTDFXQAICX-UHFFFAOYSA-N
27424217,CHEMBL5733104,B,CC(=O)Cn1c(=O)c2c(nc(C)n2CC(=O)Nc2cccc(-c3cnc(N4CCC[C@H]4C(F)(F)F)nc3)n2)n(C)c1=O,,CHEMBL5726658,2019,CHEMBL5893030,8.52,=,=,IC50,nM,3.0,IC50,nM,3.0,CC(=O)Cn1c(=O)c2c(nc(C)n2CC(=O)Nc2cccc(-c3cnc(N4CCC[C@H]4C(F)(F)F)nc3)n2)n(C)c1=O,ZGWIQYQXDGDHMR-SFHVURJKSA-N
27424220,CHEMBL5733104,B,Cc1cc(Cn2c(=O)c3c(ncn3CC(=O)Nc3cccc(N4CCC(F)(F)CC4)n3)n(C)c2=O)no1,,CHEMBL5726658,2019,CHEMBL6047908,6.91,=,=,IC50,nM,122.0,IC50,nM,122.0,Cc1cc(Cn2c(=O)c3c(ncn3CC(=O)Nc3cccc(N4CCC(F)(F)CC4)n3)n(C)c2=O)no1,AXFDPUXDIHEOAI-UHFFFAOYSA-N
27424223,CHEMBL5733104,B,Cc1cc(Cn2c(=O)c3c(ncn3CC(=O)Nc3cccc(N4CC(F)(F)C4)n3)n(C)c2=O)no1,,CHEMBL5726658,2019,CHEMBL5760713,6.53,=,=,IC50,nM,294.0,IC50,nM,294.0,Cc1cc(Cn2c(=O)c3c(ncn3CC(=O)Nc3cccc(N4CC(F)(F)C4)n3)n(C)c2=O)no1,IEURSGBEYPEAGJ-UHFFFAOYSA-N
27424226,CHEMBL5733104,B,Cc1cc(Cn2c(=O)c3c(ncn3CC(=O)Nc3ccc(N4CCC(C(C)C)CC4)cn3)n(C)c2=O)no1,,CHEMBL5726658,2019,CHEMBL5834328,7.96,=,=,IC50,nM,11.0,IC50,nM,11.0,Cc1cc(Cn2c(=O)c3c(ncn3CC(=O)Nc3ccc(N4CCC(C(C)C)CC4)cn3)n(C)c2=O)no1,OFCROMUFKSLDNV-UHFFFAOYSA-N
27424229,CHEMBL5733104,B,Cc1cc(Cn2c(=O)c3c(ncn3CC(=O)Nc3ccc4ccccc4n3)n(C)c2=O)no1,,CHEMBL5726658,2019,CHEMBL5820776,6.39,=,=,IC50,nM,404.0,IC50,nM,404.0,Cc1cc(Cn2c(=O)c3c(ncn3CC(=O)Nc3ccc4ccccc4n3)n(C)c2=O)no1,WYUPYGSKFFBOSP-UHFFFAOYSA-N
27424232,CHEMBL5733104,B,Cc1cc(Cn2c(=O)c3c(ncn3CC(=O)Nc3ccc(Br)c(C(F)(F)F)n3)n(C)c2=O)no1,,CHEMBL5726658,2019,CHEMBL5753838,7.47,=,=,IC50,nM,34.0,IC50,nM,34.0,Cc1cc(Cn2c(=O)c3c(ncn3CC(=O)Nc3ccc(Br)c(C(F)(F)F)n3)n(C)c2=O)no1,LMRQHWNBPZIMFT-UHFFFAOYSA-N
27424235,CHEMBL5733104,B,Cc1cc(Cn2c(=O)c3c(ncn3CC(=O)Nc3ccc(C#N)c(C(F)(F)F)n3)n(C)c2=O)no1,,CHEMBL5726658,2019,CHEMBL5778514,6.51,=,=,IC50,nM,309.0,IC50,nM,309.0,Cc1cc(Cn2c(=O)c3c(ncn3CC(=O)Nc3ccc(C#N)c(C(F)(F)F)n3)n(C)c2=O)no1,ISNWHBNGLQFCST-UHFFFAOYSA-N
27424238,CHEMBL5733104,B,Cc1cc(Cn2c(=O)c3c(ncn3CC(=O)Nc3cccc(N4CCC(C(F)(F)F)CC4)n3)n(C)c2=O)no1,,CHEMBL5726658,2019,CHEMBL5778624,7.58,=,=,IC50,nM,26.0,IC50,nM,26.0,Cc1cc(Cn2c(=O)c3c(ncn3CC(=O)Nc3cccc(N4CCC(C(F)(F)F)CC4)n3)n(C)c2=O)no1,BONDEBJDVZGSIK-UHFFFAOYSA-N
27424241,CHEMBL5733104,B,CCc1cc(NC(=O)Cn2cnc3c2c(=O)n(Cc2cc(C)on2)c(=O)n3C)nc(C(F)(F)F)c1,,CHEMBL5726658,2019,CHEMBL5812994,5.79,=,=,IC50,nM,1610.0,IC50,nM,1610.0,CCc1cc(NC(=O)Cn2cnc3c2c(=O)n(Cc2cc(C)on2)c(=O)n3C)nc(C(F)(F)F)c1,ABQLUKILVQNPKZ-UHFFFAOYSA-N
27424244,CHEMBL5733104,B,COc1cc(NC(=O)Cn2cnc3c2c(=O)n(Cc2cc(C)on2)c(=O)n3C)nc(C(F)(F)F)c1,,CHEMBL5726658,2019,CHEMBL6026939,5.49,=,=,IC50,nM,3250.0,IC50,nM,3250.0,COc1cc(NC(=O)Cn2cnc3c2c(=O)n(Cc2cc(C)on2)c(=O)n3C)nc(C(F)(F)F)c1,HYPZUSFAUMAFNR-UHFFFAOYSA-N
27424250,CHEMBL5733104,B,Cc1cc(Cn2c(=O)c3c(ncn3CC(=O)Nc3cccc(N4CC5CC5C4)n3)n(C)c2=O)no1,,CHEMBL5726658,2019,CHEMBL5812116,7.21,=,=,IC50,nM,62.0,IC50,nM,62.0,Cc1cc(Cn2c(=O)c3c(ncn3CC(=O)Nc3cccc(N4CC5CC5C4)n3)n(C)c2=O)no1,DLPWZGVQCLYDHO-UHFFFAOYSA-N
27424253,CHEMBL5733104,B,Cc1cc(Cn2c(=O)c3c(ncn3CC(=O)Nc3cccc(N4CC5C(C4)C5(F)F)n3)n(C)c2=O)no1,,CHEMBL5726658,2019,CHEMBL5899569,6.85,=,=,IC50,nM,141.0,IC50,nM,141.0,Cc1cc(Cn2c(=O)c3c(ncn3CC(=O)Nc3cccc(N4CC5C(C4)C5(F)F)n3)n(C)c2=O)no1,RMQZLRRVWCKZAT-UHFFFAOYSA-N
27424256,CHEMBL5733104,B,Cc1cc(Cn2c(=O)c3c(ncn3CC(=O)Nc3cccc(N4CCN(CC(F)(F)F)CC4)n3)n(C)c2=O)no1,,CHEMBL5726658,2019,CHEMBL5958781,7.04,=,=,IC50,nM,92.0,IC50,nM,92.0,Cc1cc(Cn2c(=O)c3c(ncn3CC(=O)Nc3cccc(N4CCN(CC(F)(F)F)CC4)n3)n(C)c2=O)no1,XFEQHDMOKHJBAP-UHFFFAOYSA-N
27424259,CHEMBL5733104,B,Cc1cc(Cn2c(=O)c3c(ncn3CC(=O)Nc3cccc(-c4ccc(C(F)(F)F)nc4)n3)n(C)c2=O)no1,,CHEMBL5726658,2019,CHEMBL5960495,7.6,=,=,IC50,nM,25.0,IC50,nM,25.0,Cc1cc(Cn2c(=O)c3c(ncn3CC(=O)Nc3cccc(-c4ccc(C(F)(F)F)nc4)n3)n(C)c2=O)no1,FSWCDZMHVSTAIJ-UHFFFAOYSA-N
27424262,CHEMBL5733104,B,CC(=O)Cn1c(=O)c2c(ncn2CC(=O)Nc2csc(-c3cnc(C(F)(F)F)c(C)c3)n2)n(C)c1=O,,CHEMBL5726658,2019,CHEMBL6032059,7.8,=,=,IC50,nM,16.0,IC50,nM,16.0,CC(=O)Cn1c(=O)c2c(ncn2CC(=O)Nc2csc(-c3cnc(C(F)(F)F)c(C)c3)n2)n(C)c1=O,TXNGOQOPLKBABO-UHFFFAOYSA-N
27424265,CHEMBL5733104,B,Cc1cc(Cn2c(=O)c3c(ncn3CC(=O)Nc3csc(-c4cnc(C(F)(F)F)c(C)c4)n3)n(C)c2=O)no1,,CHEMBL5726658,2019,CHEMBL5759795,8.52,=,=,IC50,nM,3.0,IC50,nM,3.0,Cc1cc(Cn2c(=O)c3c(ncn3CC(=O)Nc3csc(-c4cnc(C(F)(F)F)c(C)c4)n3)n(C)c2=O)no1,VIBZVCTVDABVAD-UHFFFAOYSA-N
27424268,CHEMBL5733104,B,CC(=O)Cn1c(=O)c2c(ncn2CC(=O)Nc2csc(-c3cnc(C)c(C(F)(F)F)c3)n2)n(C)c1=O,,CHEMBL5726658,2019,CHEMBL5946891,8.4,=,=,IC50,nM,4.0,IC50,nM,4.0,CC(=O)Cn1c(=O)c2c(ncn2CC(=O)Nc2csc(-c3cnc(C)c(C(F)(F)F)c3)n2)n(C)c1=O,QLMOPODZXCOESC-UHFFFAOYSA-N
27424271,CHEMBL5733104,B,Cc1cc(Cn2c(=O)c3c(ncn3CC(N)=O)n(C)c2=O)no1,,CHEMBL5726658,2019,CHEMBL6008410,7.64,=,=,IC50,nM,23.0,IC50,nM,23.0,Cc1cc(Cn2c(=O)c3c(ncn3CC(N)=O)n(C)c2=O)no1,NPMWJMYXYACXRK-UHFFFAOYSA-N
27424274,CHEMBL5733104,B,Cc1cc(Cn2c(=O)c3c(ncn3CC(=O)Nc3ccc(N4CCC(C(C)(C)F)CC4)cn3)n(C)c2=O)no1,,CHEMBL5726658,2019,CHEMBL5831457,7.14,=,=,IC50,nM,72.0,IC50,nM,72.0,Cc1cc(Cn2c(=O)c3c(ncn3CC(=O)Nc3ccc(N4CCC(C(C)(C)F)CC4)cn3)n(C)c2=O)no1,VNQKLEKERUCARK-UHFFFAOYSA-N
27424277,CHEMBL5733104,B,Cc1cc(Cn2c(=O)c3c(ncn3CC(=O)Nc3cccc(-c4cnc(C(F)(F)F)c(C)c4)n3)n(C)c2=O)no1,,CHEMBL5726658,2019,CHEMBL5772133,8.3,=,=,IC50,nM,5.0,IC50,nM,5.0,Cc1cc(Cn2c(=O)c3c(ncn3CC(=O)Nc3cccc(-c4cnc(C(F)(F)F)c(C)c4)n3)n(C)c2=O)no1,IMIIJHHHGZTGLU-UHFFFAOYSA-N
27424280,CHEMBL5733104,B,Cc1noc(Cn2c(=O)c3c(ncn3CC(=O)Nc3cccc(-c4cnc(C(F)(F)F)c(C)c4)n3)n(C)c2=O)n1,,CHEMBL5726658,2019,CHEMBL5937720,8.3,=,=,IC50,nM,5.0,IC50,nM,5.0,Cc1noc(Cn2c(=O)c3c(ncn3CC(=O)Nc3cccc(-c4cnc(C(F)(F)F)c(C)c4)n3)n(C)c2=O)n1,SPQGFWUNDMTMBR-UHFFFAOYSA-N
27424283,CHEMBL5733104,B,Cc1nc(Cn2c(=O)c3c(ncn3CC(=O)Nc3cccc(-c4cnc(C(F)(F)F)c(C)c4)n3)n(C)c2=O)no1,,CHEMBL5726658,2019,CHEMBL6013316,7.6,=,=,IC50,nM,25.0,IC50,nM,25.0,Cc1nc(Cn2c(=O)c3c(ncn3CC(=O)Nc3cccc(-c4cnc(C(F)(F)F)c(C)c4)n3)n(C)c2=O)no1,VXQNLHFXPSARMB-UHFFFAOYSA-N
27424286,CHEMBL5733104,B,Cc1cc(-c2cccc(NC(=O)Cn3cnc4c3c(=O)n(Cc3ccon3)c(=O)n4C)n2)cnc1C(F)(F)F,,CHEMBL5726658,2019,CHEMBL6032130,7.72,=,=,IC50,nM,19.0,IC50,nM,19.0,Cc1cc(-c2cccc(NC(=O)Cn3cnc4c3c(=O)n(Cc3ccon3)c(=O)n4C)n2)cnc1C(F)(F)F,GFYUYCDYLQUHQA-UHFFFAOYSA-N
27424289,CHEMBL5733104,B,Cc1cc(Cn2c(=O)c3c(ncn3CC(=O)Nc3cccc(-c4cnc(C(F)(F)F)c(C)c4)n3)n(C)c2=O)on1,,CHEMBL5726658,2019,CHEMBL5908506,7.31,=,=,IC50,nM,49.0,IC50,nM,49.0,Cc1cc(Cn2c(=O)c3c(ncn3CC(=O)Nc3cccc(-c4cnc(C(F)(F)F)c(C)c4)n3)n(C)c2=O)on1,LIFYIRBVSHHVHX-UHFFFAOYSA-N
27424292,CHEMBL5733104,B,CCC(=O)Cn1c(=O)c2c(ncn2CC(N)=O)n(C)c1=O,,CHEMBL5726658,2019,CHEMBL5935417,8.1,=,=,IC50,nM,8.0,IC50,nM,8.0,CCC(=O)Cn1c(=O)c2c(ncn2CC(N)=O)n(C)c1=O,RAHSUIGYUWDUOC-UHFFFAOYSA-N
27424295,CHEMBL5733104,B,CC(=O)Cn1c(=O)c2c(ncn2CC(N)=O)n(C)c1=O,,CHEMBL5726658,2019,CHEMBL5816790,7.66,=,=,IC50,nM,22.0,IC50,nM,22.0,CC(=O)Cn1c(=O)c2c(ncn2CC(N)=O)n(C)c1=O,IRJZNJUTQUOZGW-UHFFFAOYSA-N
27424298,CHEMBL5733104,B,Cc1cc(Cn2c(=O)c3c(ncn3CC(=O)Nc3cccc(-c4cnc(C)c(F)c4)n3)n(C)c2=O)no1,,CHEMBL5726658,2019,CHEMBL5837721,7.77,=,=,IC50,nM,17.0,IC50,nM,17.0,Cc1cc(Cn2c(=O)c3c(ncn3CC(=O)Nc3cccc(-c4cnc(C)c(F)c4)n3)n(C)c2=O)no1,ANDQZSDRMVJBQS-UHFFFAOYSA-N
27424301,CHEMBL5733104,B,Cc1cc(Cn2c(=O)c3c(ncn3CC(N)=O)n(C)c2=O)no1,,CHEMBL5726658,2019,CHEMBL6008410,8.05,=,=,IC50,nM,9.0,IC50,nM,9.0,Cc1cc(Cn2c(=O)c3c(ncn3CC(N)=O)n(C)c2=O)no1,NPMWJMYXYACXRK-UHFFFAOYSA-N
27424304,CHEMBL5733104,B,Cc1noc(Cn2c(=O)c3c(ncn3CC(N)=O)n(C)c2=O)n1,,CHEMBL5726658,2019,CHEMBL5747844,7.85,=,=,IC50,nM,14.0,IC50,nM,14.0,Cc1noc(Cn2c(=O)c3c(ncn3CC(N)=O)n(C)c2=O)n1,MUOIGSUAOLUOMW-UHFFFAOYSA-N
27424307,CHEMBL5733104,B,Cc1noc(Cn2c(=O)c3c(ncn3CC(N)=O)n(C)c2=O)n1,,CHEMBL5726658,2019,CHEMBL5747844,7.8,=,=,IC50,nM,16.0,IC50,nM,16.0,Cc1noc(Cn2c(=O)c3c(ncn3CC(N)=O)n(C)c2=O)n1,MUOIGSUAOLUOMW-UHFFFAOYSA-N
27424310,CHEMBL5733104,B,CC(=O)Cn1c(=O)c2c(ncn2CC(=O)Nc2cncc(-c3cnc(C(F)(F)F)c(C)c3)n2)n(C)c1=O,,CHEMBL5726658,2019,CHEMBL6002310,7.25,=,=,IC50,nM,56.0,IC50,nM,56.0,CC(=O)Cn1c(=O)c2c(ncn2CC(=O)Nc2cncc(-c3cnc(C(F)(F)F)c(C)c3)n2)n(C)c1=O,YODKHKXVAZNODR-UHFFFAOYSA-N
27424313,CHEMBL5733104,B,CCC(=O)Cn1c(=O)c2c(ncn2CC(=O)Nc2cncc(-c3cnc(C(F)(F)F)c(C)c3)n2)n(C)c1=O,,CHEMBL5726658,2019,CHEMBL5922474,8.0,=,=,IC50,nM,10.0,IC50,nM,10.0,CCC(=O)Cn1c(=O)c2c(ncn2CC(=O)Nc2cncc(-c3cnc(C(F)(F)F)c(C)c3)n2)n(C)c1=O,UFGFONRIHSHSQK-UHFFFAOYSA-N
27424316,CHEMBL5733104,B,CC(=O)Cn1c(=O)c2c(ncn2CC(=O)Nc2cccc(-c3cnc(C)c(C(F)(F)F)c3)n2)n(C)c1=O,,CHEMBL5726658,2019,CHEMBL5980126,8.4,=,=,IC50,nM,4.0,IC50,nM,4.0,CC(=O)Cn1c(=O)c2c(ncn2CC(=O)Nc2cccc(-c3cnc(C)c(C(F)(F)F)c3)n2)n(C)c1=O,KSJHONZXLRBUGV-UHFFFAOYSA-N
27424319,CHEMBL5733104,B,CCC(=O)Cn1c(=O)c2c(ncn2CC(=O)Nc2cccc(-c3cnc(C)c(C(F)(F)F)c3)n2)n(C)c1=O,,CHEMBL5726658,2019,CHEMBL5967082,8.7,=,=,IC50,nM,2.0,IC50,nM,2.0,CCC(=O)Cn1c(=O)c2c(ncn2CC(=O)Nc2cccc(-c3cnc(C)c(C(F)(F)F)c3)n2)n(C)c1=O,QIGKWJVPNDRBKA-UHFFFAOYSA-N
27424322,CHEMBL5733104,B,Cc1ncc(-c2cccc(NC(=O)Cn3cnc4c3c(=O)n(CCCO)c(=O)n4C)n2)cc1C(F)(F)F,,CHEMBL5726658,2019,CHEMBL5957740,6.15,=,=,IC50,nM,711.0,IC50,nM,711.0,Cc1ncc(-c2cccc(NC(=O)Cn3cnc4c3c(=O)n(CCCO)c(=O)n4C)n2)cc1C(F)(F)F,TYVAUHSKNIQPSU-UHFFFAOYSA-N
27424325,CHEMBL5733104,B,Cc1ncc(-c2cccc(NC(=O)Cn3cnc4c3c(=O)n(CCO)c(=O)n4C)n2)cc1C(F)(F)F,,CHEMBL5726658,2019,CHEMBL5884834,6.63,=,=,IC50,nM,236.0,IC50,nM,236.0,Cc1ncc(-c2cccc(NC(=O)Cn3cnc4c3c(=O)n(CCO)c(=O)n4C)n2)cc1C(F)(F)F,NAIQURVKOAEMNP-UHFFFAOYSA-N
27424328,CHEMBL5733104,B,Cc1cc(Cn2c(=O)c3c(ncn3CC(=O)Nc3cccc(-c4cnc(C)c(C(F)(F)F)c4)n3)n(C)c2=O)no1,,CHEMBL5726658,2019,CHEMBL6038220,8.4,=,=,IC50,nM,4.0,IC50,nM,4.0,Cc1cc(Cn2c(=O)c3c(ncn3CC(=O)Nc3cccc(-c4cnc(C)c(C(F)(F)F)c4)n3)n(C)c2=O)no1,LCHWALDJSLNZAF-UHFFFAOYSA-N
27424331,CHEMBL5733104,B,Cc1ncc(-c2cccc(NC(=O)Cn3cnc4c3c(=O)n(Cc3ccon3)c(=O)n4C)n2)cc1C(F)(F)F,,CHEMBL5726658,2019,CHEMBL6045228,8.52,=,=,IC50,nM,3.0,IC50,nM,3.0,Cc1ncc(-c2cccc(NC(=O)Cn3cnc4c3c(=O)n(Cc3ccon3)c(=O)n4C)n2)cc1C(F)(F)F,YEIMPNFNEMTFDM-UHFFFAOYSA-N
27424334,CHEMBL5733104,B,Cc1nc(Cn2c(=O)c3c(ncn3CC(=O)Nc3cccc(-c4cnc(C)c(C(F)(F)F)c4)n3)n(C)c2=O)no1,,CHEMBL5726658,2019,CHEMBL5910354,8.15,=,=,IC50,nM,7.0,IC50,nM,7.0,Cc1nc(Cn2c(=O)c3c(ncn3CC(=O)Nc3cccc(-c4cnc(C)c(C(F)(F)F)c4)n3)n(C)c2=O)no1,MBEIRYJQOWMKGK-UHFFFAOYSA-N
27424337,CHEMBL5733104,B,Cc1noc(Cn2c(=O)c3c(ncn3CC(=O)Nc3cccc(-c4cnc(C)c(C(F)(F)F)c4)n3)n(C)c2=O)n1,,CHEMBL5726658,2019,CHEMBL6009992,9.0,=,=,IC50,nM,1.0,IC50,nM,1.0,Cc1noc(Cn2c(=O)c3c(ncn3CC(=O)Nc3cccc(-c4cnc(C)c(C(F)(F)F)c4)n3)n(C)c2=O)n1,XPZXRJASCMUGQL-UHFFFAOYSA-N
27424340,CHEMBL5733104,B,CC(=O)CCn1c(=O)c2c(ncn2CC(=O)Nc2cccc(-c3cnc(C)c(C(F)(F)F)c3)n2)n(C)c1=O,,CHEMBL5726658,2019,CHEMBL5977983,6.54,=,=,IC50,nM,290.0,IC50,nM,290.0,CC(=O)CCn1c(=O)c2c(ncn2CC(=O)Nc2cccc(-c3cnc(C)c(C(F)(F)F)c3)n2)n(C)c1=O,WDDRIHJTMRONAI-UHFFFAOYSA-N
27424343,CHEMBL5733104,B,CCC(=O)Cn1c(=O)c2c(ncn2CC(=O)Nc2cncc(-c3cnc(C)c(C(F)(F)F)c3)n2)n(C)c1=O,,CHEMBL5726658,2019,CHEMBL5817925,8.22,=,=,IC50,nM,6.0,IC50,nM,6.0,CCC(=O)Cn1c(=O)c2c(ncn2CC(=O)Nc2cncc(-c3cnc(C)c(C(F)(F)F)c3)n2)n(C)c1=O,QUTZFRWPAJBYPD-UHFFFAOYSA-N
27424346,CHEMBL5733104,B,CC(=O)Cn1c(=O)c2c(ncn2CC(=O)Nc2cncc(-c3cnc(C)c(C(F)(F)F)c3)n2)n(C)c1=O,,CHEMBL5726658,2019,CHEMBL5818087,8.1,=,=,IC50,nM,8.0,IC50,nM,8.0,CC(=O)Cn1c(=O)c2c(ncn2CC(=O)Nc2cncc(-c3cnc(C)c(C(F)(F)F)c3)n2)n(C)c1=O,INCHZNJQYBISFT-UHFFFAOYSA-N
27424349,CHEMBL5733104,B,Cc1cc(Cn2c(=O)c3c(ncn3CC(=O)Nc3csc(-c4cnc(C)c(C(F)(F)F)c4)n3)n(C)c2=O)no1,,CHEMBL5726658,2019,CHEMBL5869511,9.0,=,=,IC50,nM,1.0,IC50,nM,1.0,Cc1cc(Cn2c(=O)c3c(ncn3CC(=O)Nc3csc(-c4cnc(C)c(C(F)(F)F)c4)n3)n(C)c2=O)no1,IFOHXEDFEXQIFK-UHFFFAOYSA-N
27424352,CHEMBL5733104,B,CCC(=O)Cn1c(=O)c2c(ncn2CC(=O)Nc2csc(-c3cnc(C)c(C(F)(F)F)c3)n2)n(C)c1=O,,CHEMBL5726658,2019,CHEMBL6062983,8.7,=,=,IC50,nM,2.0,IC50,nM,2.0,CCC(=O)Cn1c(=O)c2c(ncn2CC(=O)Nc2csc(-c3cnc(C)c(C(F)(F)F)c3)n2)n(C)c1=O,UBDMNODMLSWLJU-UHFFFAOYSA-N
27424355,CHEMBL5733104,B,Cc1nc(Cn2c(=O)c3c(ncn3CC(=O)Nc3csc(-c4cnc(C)c(C(F)(F)F)c4)n3)n(C)c2=O)no1,,CHEMBL5726658,2019,CHEMBL5846019,8.4,=,=,IC50,nM,4.0,IC50,nM,4.0,Cc1nc(Cn2c(=O)c3c(ncn3CC(=O)Nc3csc(-c4cnc(C)c(C(F)(F)F)c4)n3)n(C)c2=O)no1,WLECDKWIOLJXDF-UHFFFAOYSA-N
27424358,CHEMBL5733104,B,CCC(=O)Cn1c(=O)c2c(ncn2CC(=O)Nc2csc(-c3cnc(C(F)(F)F)c(C)c3)n2)n(C)c1=O,,CHEMBL5726658,2019,CHEMBL5930525,8.22,=,=,IC50,nM,6.0,IC50,nM,6.0,CCC(=O)Cn1c(=O)c2c(ncn2CC(=O)Nc2csc(-c3cnc(C(F)(F)F)c(C)c3)n2)n(C)c1=O,FBSZSRPGDWDHLD-UHFFFAOYSA-N
27424361,CHEMBL5733104,B,Cc1noc(Cn2c(=O)c3c(ncn3CC(=O)Nc3csc(-c4cnc(C(F)(F)F)c(C)c4)n3)n(C)c2=O)n1,,CHEMBL5726658,2019,CHEMBL5959751,8.22,=,=,IC50,nM,6.0,IC50,nM,6.0,Cc1noc(Cn2c(=O)c3c(ncn3CC(=O)Nc3csc(-c4cnc(C(F)(F)F)c(C)c4)n3)n(C)c2=O)n1,HNSCERNLYMZCPA-UHFFFAOYSA-N
27424364,CHEMBL5733104,B,Cc1cc(-c2nc(NC(=O)Cn3cnc4c3c(=O)n(CC(F)(F)F)c(=O)n4C)cs2)cnc1C(F)(F)F,,CHEMBL5726658,2019,CHEMBL5935225,6.66,=,=,IC50,nM,219.0,IC50,nM,219.0,Cc1cc(-c2nc(NC(=O)Cn3cnc4c3c(=O)n(CC(F)(F)F)c(=O)n4C)cs2)cnc1C(F)(F)F,IKFZDVUOUYRSJD-UHFFFAOYSA-N
27424367,CHEMBL5733104,B,Cc1noc(Cn2c(=O)c3c(ncn3CC(=O)Nc3csc(-c4cnc(C)c(C(F)(F)F)c4)n3)n(C)c2=O)n1,,CHEMBL5726658,2019,CHEMBL5789639,9.0,=,=,IC50,nM,1.0,IC50,nM,1.0,Cc1noc(Cn2c(=O)c3c(ncn3CC(=O)Nc3csc(-c4cnc(C)c(C(F)(F)F)c4)n3)n(C)c2=O)n1,GXEZRQFMWXWZKX-UHFFFAOYSA-N
27424370,CHEMBL5733104,B,Cc1nc(Cn2c(=O)c3c(ncn3CC(=O)Nc3csc(-c4cnc(C(F)(F)F)c(C)c4)n3)n(C)c2=O)no1,,CHEMBL5726658,2019,CHEMBL5978862,7.7,=,=,IC50,nM,20.0,IC50,nM,20.0,Cc1nc(Cn2c(=O)c3c(ncn3CC(=O)Nc3csc(-c4cnc(C(F)(F)F)c(C)c4)n3)n(C)c2=O)no1,DIRMTWBVAUKNIW-UHFFFAOYSA-N
27424373,CHEMBL5733104,B,COCC(=O)Cn1c(=O)c2c(ncn2CC(=O)Nc2csc(-c3cnc(C)c(C(F)(F)F)c3)n2)n(C)c1=O,,CHEMBL5726658,2019,CHEMBL5905564,7.85,=,=,IC50,nM,14.0,IC50,nM,14.0,COCC(=O)Cn1c(=O)c2c(ncn2CC(=O)Nc2csc(-c3cnc(C)c(C(F)(F)F)c3)n2)n(C)c1=O,YXGNKWWQBPNQGF-UHFFFAOYSA-N
27424376,CHEMBL5733104,B,COCC(=O)Cn1c(=O)c2c(ncn2CC(=O)Nc2csc(-c3cnc(C(F)(F)F)c(C)c3)n2)n(C)c1=O,,CHEMBL5726658,2019,CHEMBL5819741,7.89,=,=,IC50,nM,13.0,IC50,nM,13.0,COCC(=O)Cn1c(=O)c2c(ncn2CC(=O)Nc2csc(-c3cnc(C(F)(F)F)c(C)c3)n2)n(C)c1=O,PMXSDPMOTVJQHZ-UHFFFAOYSA-N
27424379,CHEMBL5733104,B,CCC(=O)Cn1c(=O)c2c(ncn2[C@@H](C)C(N)=O)n(C)c1=O,,CHEMBL5726658,2019,CHEMBL5973859,8.3,=,=,IC50,nM,5.0,IC50,nM,5.0,CCC(=O)Cn1c(=O)c2c(ncn2[C@@H](C)C(N)=O)n(C)c1=O,PJRBIKOPYKCNRH-ZETCQYMHSA-N
27424382,CHEMBL5733104,B,CC(=O)Cn1c(=O)c2c(ncn2[C@@H](C)C(N)=O)n(C)c1=O,,CHEMBL5726658,2019,CHEMBL5972635,7.96,=,=,IC50,nM,11.0,IC50,nM,11.0,CC(=O)Cn1c(=O)c2c(ncn2[C@@H](C)C(N)=O)n(C)c1=O,QSJDMPUWLQMDRL-ZETCQYMHSA-N
27424385,CHEMBL5733104,B,COCC(=O)Cn1c(=O)c2c(ncn2[C@@H](C)C(=O)Nc2cccc(-c3ccc(N4CC5C(C4)C5(F)F)nc3)n2)n(C)c1=O,,CHEMBL5726658,2019,CHEMBL5752677,8.15,=,=,IC50,nM,7.0,IC50,nM,7.0,COCC(=O)Cn1c(=O)c2c(ncn2[C@@H](C)C(=O)Nc2cccc(-c3ccc(N4CC5C(C4)C5(F)F)nc3)n2)n(C)c1=O,RHXMMXJMSUZJGT-MNNVXMFVSA-N
27424388,CHEMBL5733104,B,Cc1cc(Cn2c(=O)c3c(ncn3CC(N)=O)n(C)c2=O)no1,,CHEMBL5726658,2019,CHEMBL6008410,7.77,=,=,IC50,nM,17.0,IC50,nM,17.0,Cc1cc(Cn2c(=O)c3c(ncn3CC(N)=O)n(C)c2=O)no1,NPMWJMYXYACXRK-UHFFFAOYSA-N
27424391,CHEMBL5733104,B,Cc1noc(Cn2c(=O)c3c(ncn3CC(N)=O)n(C)c2=O)n1,,CHEMBL5726658,2019,CHEMBL5747844,7.77,=,=,IC50,nM,17.0,IC50,nM,17.0,Cc1noc(Cn2c(=O)c3c(ncn3CC(N)=O)n(C)c2=O)n1,MUOIGSUAOLUOMW-UHFFFAOYSA-N
27424394,CHEMBL5733104,B,CC#CCn1c(=O)c2c(ncn2[C@@H](C)C(=O)Nc2cncc(-c3cnc(N4CC5CC5C4)nc3)n2)n(C)c1=O,,CHEMBL5726658,2019,CHEMBL5796485,8.3,=,=,IC50,nM,5.0,IC50,nM,5.0,CC#CCn1c(=O)c2c(ncn2[C@@H](C)C(=O)Nc2cncc(-c3cnc(N4CC5CC5C4)nc3)n2)n(C)c1=O,LISYHIGPSGJBLO-GTPINHCMSA-N
27424397,CHEMBL5733104,B,CC#CCn1c(=O)c2c(ncn2[C@@H](C)C(=O)Nc2csc(-c3ccc(N4CC5C(C4)C5(F)F)nc3)n2)n(C)c1=O,,CHEMBL5726658,2019,CHEMBL6009944,9.0,=,=,IC50,nM,1.0,IC50,nM,1.0,CC#CCn1c(=O)c2c(ncn2[C@@H](C)C(=O)Nc2csc(-c3ccc(N4CC5C(C4)C5(F)F)nc3)n2)n(C)c1=O,CVQHMRPOOCQEKI-OOHWJJMZSA-N
27424400,CHEMBL5733104,B,CC#CCn1c(=O)c2c(ncn2[C@@H](C)C(=O)Nc2csc(-c3ccc(N4CC5CC5C4)nc3)n2)n(C)c1=O,,CHEMBL5726658,2019,CHEMBL5885019,8.4,=,=,IC50,nM,4.0,IC50,nM,4.0,CC#CCn1c(=O)c2c(ncn2[C@@H](C)C(=O)Nc2csc(-c3ccc(N4CC5CC5C4)nc3)n2)n(C)c1=O,ZKPBQRHUFMIQCM-ZLPCBKJTSA-N
27424403,CHEMBL5733104,B,COCC(=O)Cn1c(=O)c2c(ncn2[C@@H](C)C(N)=O)n(C)c1=O,,CHEMBL5726658,2019,CHEMBL6013472,7.51,=,=,IC50,nM,31.0,IC50,nM,31.0,COCC(=O)Cn1c(=O)c2c(ncn2[C@@H](C)C(N)=O)n(C)c1=O,MAAPLVMPZDDSFI-ZETCQYMHSA-N
27424406,CHEMBL5733104,B,COCC(=O)Cn1c(=O)c2c(ncn2[C@@H](C)C(=O)Nc2csc(-c3cnc(N4CC5C(C4)C5(F)F)nc3)n2)n(C)c1=O,,CHEMBL5726658,2019,CHEMBL5962371,8.52,=,=,IC50,nM,3.0,IC50,nM,3.0,COCC(=O)Cn1c(=O)c2c(ncn2[C@@H](C)C(=O)Nc2csc(-c3cnc(N4CC5C(C4)C5(F)F)nc3)n2)n(C)c1=O,QXBQEVYVRMWQJO-JQRITLKVSA-N
27424409,CHEMBL5733104,B,COCC(=O)Cn1c(=O)c2c(ncn2[C@@H](C)C(=O)Nc2cccc(-c3cnc(N4CC5CC5C4)cn3)n2)n(C)c1=O,,CHEMBL5726658,2019,CHEMBL5780709,8.15,=,=,IC50,nM,7.0,IC50,nM,7.0,COCC(=O)Cn1c(=O)c2c(ncn2[C@@H](C)C(=O)Nc2cccc(-c3cnc(N4CC5CC5C4)cn3)n2)n(C)c1=O,DEOVWIPKRDTVPC-GTPINHCMSA-N
27424412,CHEMBL5733104,B,CC#CCn1c(=O)c2c(ncn2[C@@H](C)C(=O)Nc2csc(-c3cnc(N4CC5C(C4)C5(F)F)nc3)n2)n(C)c1=O,,CHEMBL5726658,2019,CHEMBL5908773,8.7,=,=,IC50,nM,2.0,IC50,nM,2.0,CC#CCn1c(=O)c2c(ncn2[C@@H](C)C(=O)Nc2csc(-c3cnc(N4CC5C(C4)C5(F)F)nc3)n2)n(C)c1=O,BOBRNSMQJNURJX-JEYLPNPQSA-N
27424415,CHEMBL5733104,B,CC#CCn1c(=O)c2c(ncn2[C@@H](C)C(=O)Nc2csc(-c3cnc(N4CCC[C@H]4C(F)(F)F)nc3)n2)n(C)c1=O,,CHEMBL5726658,2019,CHEMBL5867420,9.0,=,=,IC50,nM,1.0,IC50,nM,1.0,CC#CCn1c(=O)c2c(ncn2[C@@H](C)C(=O)Nc2csc(-c3cnc(N4CCC[C@H]4C(F)(F)F)nc3)n2)n(C)c1=O,MZDLKLCZJYQPTH-HOCLYGCPSA-N
27424418,CHEMBL5733104,B,COCC(=O)Cn1c(=O)c2c(ncn2[C@@H](C)C(=O)Nc2csc(-c3ccc(N4CC5C(C4)C5(F)F)nc3)n2)n(C)c1=O,,CHEMBL5726658,2019,CHEMBL5845983,8.4,=,=,IC50,nM,4.0,IC50,nM,4.0,COCC(=O)Cn1c(=O)c2c(ncn2[C@@H](C)C(=O)Nc2csc(-c3ccc(N4CC5C(C4)C5(F)F)nc3)n2)n(C)c1=O,NIKXCFKCQIOJGE-IGEOTXOUSA-N
27424421,CHEMBL5733104,B,CCC(=O)Cn1c(=O)c2c(ncn2[C@@H](C)C(=O)Nc2csc(-c3cnc(N4CC5CC5C4)nc3)n2)n(C)c1=O,,CHEMBL5726658,2019,CHEMBL5809370,8.52,=,=,IC50,nM,3.0,IC50,nM,3.0,CCC(=O)Cn1c(=O)c2c(ncn2[C@@H](C)C(=O)Nc2csc(-c3cnc(N4CC5CC5C4)nc3)n2)n(C)c1=O,GRXVMTIZBKWHSB-NFOMZHRRSA-N
27424424,CHEMBL5733104,B,COCC(=O)Cn1c(=O)c2c(ncn2[C@@H](C)C(=O)Nc2cncc(-c3ccc(N4CC5CC5C4)nc3)n2)n(C)c1=O,,CHEMBL5726658,2019,CHEMBL5925671,8.3,=,=,IC50,nM,5.0,IC50,nM,5.0,COCC(=O)Cn1c(=O)c2c(ncn2[C@@H](C)C(=O)Nc2cncc(-c3ccc(N4CC5CC5C4)nc3)n2)n(C)c1=O,OOIANJTYVKDXDO-ZLPCBKJTSA-N
27424427,CHEMBL5733104,B,COCC(=O)Cn1c(=O)c2c(ncn2[C@@H](C)C(=O)Nc2cccc(-c3cnc(N4CC5C(C4)C5(F)F)cn3)n2)n(C)c1=O,,CHEMBL5726658,2019,CHEMBL5973426,8.15,=,=,IC50,nM,7.0,IC50,nM,7.0,COCC(=O)Cn1c(=O)c2c(ncn2[C@@H](C)C(=O)Nc2cccc(-c3cnc(N4CC5C(C4)C5(F)F)cn3)n2)n(C)c1=O,DCIRNJZMAVZAQG-OOHWJJMZSA-N
27908723,CHEMBL5734964,B,CC(C)n1c(=O)c(CNC(=O)[C@@H]2CCCN2S(=O)(=O)c2cc3ccccc3o2)cn(-c2ccc(C(F)(F)F)cc2)c1=O,,CHEMBL5727588,2020,CHEMBL5772812,7.8,=,=,IC50,nM,16.0,IC50,nM,16.0,CC(C)n1c(=O)c(CNC(=O)[C@@H]2CCCN2S(=O)(=O)c2cc3ccccc3o2)cn(-c2ccc(C(F)(F)F)cc2)c1=O,BZFAADKUMJMAMD-QFIPXVFZSA-N
27908726,CHEMBL5734964,B,CCn1c(=O)c(CNC(=O)[C@@H]2CCCN2S(=O)(=O)c2cc3ccccc3o2)cn(-c2ccc(C(F)(F)F)cc2)c1=O,,CHEMBL5727588,2020,CHEMBL5761777,7.58,=,=,IC50,nM,26.0,IC50,nM,26.0,CCn1c(=O)c(CNC(=O)[C@@H]2CCCN2S(=O)(=O)c2cc3ccccc3o2)cn(-c2ccc(C(F)(F)F)cc2)c1=O,PPBOSWYXLDLTQR-NRFANRHFSA-N
27908729,CHEMBL5734964,B,CC(C)n1c(=O)c(CNC(=O)[C@@H]2CCCN2S(=O)(=O)c2cc3cc(F)ccc3o2)cn(-c2ccc(C(F)(F)F)cc2)c1=O,,CHEMBL5727588,2020,CHEMBL6016755,8.14,=,=,IC50,nM,7.3,IC50,nM,7.3,CC(C)n1c(=O)c(CNC(=O)[C@@H]2CCCN2S(=O)(=O)c2cc3cc(F)ccc3o2)cn(-c2ccc(C(F)(F)F)cc2)c1=O,BUQGXZUGSBDOIZ-QFIPXVFZSA-N
27908732,CHEMBL5734964,B,CCn1c(=O)c(CNC(=O)[C@@H]2CCCN2S(=O)(=O)c2cc3cc(F)ccc3o2)cn(-c2ccc(C(F)(F)F)cc2)c1=O,,CHEMBL5727588,2020,CHEMBL5768707,7.96,=,=,IC50,nM,11.0,IC50,nM,11.0,CCn1c(=O)c(CNC(=O)[C@@H]2CCCN2S(=O)(=O)c2cc3cc(F)ccc3o2)cn(-c2ccc(C(F)(F)F)cc2)c1=O,DMVJOYDROMTHSO-NRFANRHFSA-N
27908735,CHEMBL5734964,B,Cn1c(=O)c(CNC(=O)[C@@H]2CCCN2S(=O)(=O)c2cc3cc(F)ccc3o2)cn(-c2ccc(C(F)(F)F)cc2)c1=O,,CHEMBL5727588,2020,CHEMBL5995353,7.68,=,=,IC50,nM,21.0,IC50,nM,21.0,Cn1c(=O)c(CNC(=O)[C@@H]2CCCN2S(=O)(=O)c2cc3cc(F)ccc3o2)cn(-c2ccc(C(F)(F)F)cc2)c1=O,OAMUBLNNGBSUNW-FQEVSTJZSA-N
27908738,CHEMBL5734964,B,C[C@H](NS(=O)(=O)c1cc2cc(F)ccc2o1)C(=O)NCc1cn(-c2ccc(C(F)(F)F)cc2)c(=O)n(C)c1=O,,CHEMBL5727588,2020,CHEMBL5759542,6.27,=,=,IC50,nM,540.0,IC50,nM,540.0,C[C@H](NS(=O)(=O)c1cc2cc(F)ccc2o1)C(=O)NCc1cn(-c2ccc(C(F)(F)F)cc2)c(=O)n(C)c1=O,HQVKTAXJLJKFMT-ZDUSSCGKSA-N
27908741,CHEMBL5734964,B,CC(C)n1c(=O)c(CNC(=O)[C@@H]2[C@@H](O)CCN2S(=O)(=O)c2cc3ccccc3o2)cn(-c2ccc(C(F)(F)F)cc2)c1=O,,CHEMBL5727588,2020,CHEMBL5844042,6.66,=,=,IC50,nM,220.0,IC50,nM,220.0,CC(C)n1c(=O)c(CNC(=O)[C@@H]2[C@@H](O)CCN2S(=O)(=O)c2cc3ccccc3o2)cn(-c2ccc(C(F)(F)F)cc2)c1=O,YBVLXHRURDNMHN-URXFXBBRSA-N
27908744,CHEMBL5734964,B,CC(C)n1c(=O)c(CNC(=O)[C@@H]2[C@@H](O)CCN2S(=O)(=O)c2cc3cc(F)ccc3o2)cn(-c2ccc(C(F)(F)F)cc2)c1=O,,CHEMBL5727588,2020,CHEMBL6034529,7.19,=,=,IC50,nM,64.0,IC50,nM,64.0,CC(C)n1c(=O)c(CNC(=O)[C@@H]2[C@@H](O)CCN2S(=O)(=O)c2cc3cc(F)ccc3o2)cn(-c2ccc(C(F)(F)F)cc2)c1=O,IYMRWKNCZYWXPC-URXFXBBRSA-N
27908747,CHEMBL5734964,B,O=C(NCc1cn(-c2ccc(C(F)(F)F)cc2)c(=O)n(C2CCOCC2)c1=O)[C@@H]1CCCN1S(=O)(=O)c1cc2ccccc2o1,,CHEMBL5727588,2020,CHEMBL5758152,6.85,=,=,IC50,nM,140.0,IC50,nM,140.0,O=C(NCc1cn(-c2ccc(C(F)(F)F)cc2)c(=O)n(C2CCOCC2)c1=O)[C@@H]1CCCN1S(=O)(=O)c1cc2ccccc2o1,UHFTVWYXWVHSRU-DEOSSOPVSA-N
27908750,CHEMBL5734964,B,CC(C)n1c(=O)c(CNC(=O)[C@@H]2CCCN2S(=O)(=O)c2cc3c(F)cccc3o2)cn(-c2ccc(C(F)(F)F)cc2)c1=O,,CHEMBL5727588,2020,CHEMBL5835419,7.6,=,=,IC50,nM,25.0,IC50,nM,25.0,CC(C)n1c(=O)c(CNC(=O)[C@@H]2CCCN2S(=O)(=O)c2cc3c(F)cccc3o2)cn(-c2ccc(C(F)(F)F)cc2)c1=O,ZXVAOQBQHVUZEJ-QFIPXVFZSA-N
27908753,CHEMBL5734964,B,CC(C)n1c(=O)c(CNC(=O)[C@@H]2CCCN2S(=O)(=O)c2ccc(Cl)s2)cn(-c2ccc(C(F)(F)F)cc2)c1=O,,CHEMBL5727588,2020,CHEMBL5785899,7.48,=,=,IC50,nM,33.0,IC50,nM,33.0,CC(C)n1c(=O)c(CNC(=O)[C@@H]2CCCN2S(=O)(=O)c2ccc(Cl)s2)cn(-c2ccc(C(F)(F)F)cc2)c1=O,ZIVPKPBELQYMFG-SFHVURJKSA-N
27908756,CHEMBL5734964,B,CC(C)n1c(=O)c(CNC(=O)[C@@H]2CCCN2S(=O)(=O)c2ccc(F)cc2)cn(-c2ccc(C(F)(F)F)cc2)c1=O,,CHEMBL5727588,2020,CHEMBL6010274,6.92,=,=,IC50,nM,120.0,IC50,nM,120.0,CC(C)n1c(=O)c(CNC(=O)[C@@H]2CCCN2S(=O)(=O)c2ccc(F)cc2)cn(-c2ccc(C(F)(F)F)cc2)c1=O,VTWUTVSNVHXAAN-QFIPXVFZSA-N
27908759,CHEMBL5734964,B,CC(C)n1cc(CNC(=O)[C@@H]2CCCN2S(=O)(=O)c2cc3ccccc3o2)cc(-c2ccc(C(F)(F)F)cc2)c1=O,,CHEMBL5727588,2020,CHEMBL5769928,7.57,=,=,IC50,nM,27.0,IC50,nM,27.0,CC(C)n1cc(CNC(=O)[C@@H]2CCCN2S(=O)(=O)c2cc3ccccc3o2)cc(-c2ccc(C(F)(F)F)cc2)c1=O,KQWPJWCPXVABPC-DEOSSOPVSA-N
27908762,CHEMBL5734964,B,O=C(NCc1ccc(=O)n(-c2ccc(C(F)(F)F)cc2)c1)[C@@H]1CCCN1S(=O)(=O)c1cc2ccccc2o1,,CHEMBL5727588,2020,CHEMBL5774043,6.8,=,=,IC50,nM,160.0,IC50,nM,160.0,O=C(NCc1ccc(=O)n(-c2ccc(C(F)(F)F)cc2)c1)[C@@H]1CCCN1S(=O)(=O)c1cc2ccccc2o1,MYECAPLZRDMDEP-NRFANRHFSA-N
27908765,CHEMBL5734964,B,CC(C)n1cc(-c2ccc(C(F)(F)F)cc2)cc(CNC(=O)[C@@H]2CCCN2S(=O)(=O)c2cc3ccccc3o2)c1=O,,CHEMBL5727588,2020,CHEMBL5884485,7.1,=,=,IC50,nM,79.0,IC50,nM,79.0,CC(C)n1cc(-c2ccc(C(F)(F)F)cc2)cc(CNC(=O)[C@@H]2CCCN2S(=O)(=O)c2cc3ccccc3o2)c1=O,DMBRCJACORWWAQ-DEOSSOPVSA-N
27908768,CHEMBL5734964,B,CC(C)n1c(=O)c(CNC(=O)[C@@H]2C=CCN2S(=O)(=O)c2cc3cc(F)ccc3o2)cn(-c2ccc(C(F)(F)F)cc2)c1=O,,CHEMBL5727588,2020,CHEMBL5915022,8.44,=,=,IC50,nM,3.6,IC50,nM,3.6,CC(C)n1c(=O)c(CNC(=O)[C@@H]2C=CCN2S(=O)(=O)c2cc3cc(F)ccc3o2)cn(-c2ccc(C(F)(F)F)cc2)c1=O,UFWFBUMHAHPWIR-QFIPXVFZSA-N
27908771,CHEMBL5734964,B,CC(C)n1c(=O)c(CNC(=O)[C@@H]2CC(F)(F)CN2S(=O)(=O)c2cc3cc(F)ccc3o2)cn(-c2ccc(C(F)(F)F)cc2)c1=O,,CHEMBL5727588,2020,CHEMBL6011479,7.34,=,=,IC50,nM,46.0,IC50,nM,46.0,CC(C)n1c(=O)c(CNC(=O)[C@@H]2CC(F)(F)CN2S(=O)(=O)c2cc3cc(F)ccc3o2)cn(-c2ccc(C(F)(F)F)cc2)c1=O,CCDZVVJMCCIMJK-NRFANRHFSA-N
27908774,CHEMBL5734964,B,CC(C)n1c(=O)c(CNC(=O)[C@@H]2CCN2S(=O)(=O)c2cc3cc(F)ccc3o2)cn(-c2ccc(C(F)(F)F)cc2)c1=O,,CHEMBL5727588,2020,CHEMBL5762350,8.05,=,=,IC50,nM,9.0,IC50,nM,9.0,CC(C)n1c(=O)c(CNC(=O)[C@@H]2CCN2S(=O)(=O)c2cc3cc(F)ccc3o2)cn(-c2ccc(C(F)(F)F)cc2)c1=O,PDJKELJNZJFLOF-NRFANRHFSA-N
27908777,CHEMBL5734964,B,CC(C)n1c(=O)c(CNC(=O)[C@@H]2CCCN2S(=O)(=O)c2cc3ccccc3s2)cn(-c2ccc(C(F)(F)F)cc2)c1=O,,CHEMBL5727588,2020,CHEMBL6030826,7.25,=,=,IC50,nM,56.0,IC50,nM,56.0,CC(C)n1c(=O)c(CNC(=O)[C@@H]2CCCN2S(=O)(=O)c2cc3ccccc3s2)cn(-c2ccc(C(F)(F)F)cc2)c1=O,YSCRLJGELYZACN-QFIPXVFZSA-N
27908780,CHEMBL5734964,B,CC(C)n1cc(-c2ccc(C(F)(F)F)cc2)cc(CNC(=O)[C@@H]2CCCN2S(=O)(=O)c2cc3cc(F)ccc3o2)c1=O,,CHEMBL5727588,2020,CHEMBL5748772,7.31,=,=,IC50,nM,49.0,IC50,nM,49.0,CC(C)n1cc(-c2ccc(C(F)(F)F)cc2)cc(CNC(=O)[C@@H]2CCCN2S(=O)(=O)c2cc3cc(F)ccc3o2)c1=O,WAPBFSGWBDTJBA-DEOSSOPVSA-N
27908783,CHEMBL5734964,B,CC(C)n1cc(CNC(=O)[C@@H]2CCCN2S(=O)(=O)c2cc3cc(F)ccc3o2)cc(-c2ccc(C(F)(F)F)cc2)c1=O,,CHEMBL5727588,2020,CHEMBL5942986,8.05,=,=,IC50,nM,8.9,IC50,nM,8.9,CC(C)n1cc(CNC(=O)[C@@H]2CCCN2S(=O)(=O)c2cc3cc(F)ccc3o2)cc(-c2ccc(C(F)(F)F)cc2)c1=O,VXOZSZSKUPUEEM-DEOSSOPVSA-N
27908786,CHEMBL5734964,B,O=C(NCc1ccc(=O)n(-c2ccc(C(F)(F)F)cc2)c1)[C@@H]1CCCN1S(=O)(=O)c1cc2cc(F)ccc2o1,,CHEMBL5727588,2020,CHEMBL5826345,7.22,=,=,IC50,nM,60.0,IC50,nM,60.0,O=C(NCc1ccc(=O)n(-c2ccc(C(F)(F)F)cc2)c1)[C@@H]1CCCN1S(=O)(=O)c1cc2cc(F)ccc2o1,MYPMHHGCMJXXDR-NRFANRHFSA-N
27908789,CHEMBL5734964,B,CC(C)n1c(=O)c(CNC(=O)[C@@H]2CCCN2S(=O)(=O)c2cc3cnccc3o2)cn(-c2ccc(C(F)(F)F)cc2)c1=O,,CHEMBL5727588,2020,CHEMBL5978971,7.7,=,=,IC50,nM,20.0,IC50,nM,20.0,CC(C)n1c(=O)c(CNC(=O)[C@@H]2CCCN2S(=O)(=O)c2cc3cnccc3o2)cn(-c2ccc(C(F)(F)F)cc2)c1=O,KFZGTVWNSIPNCQ-NRFANRHFSA-N
27908792,CHEMBL5734964,B,CC(C)n1c(=O)c(CNC(=O)[C@H](C)NS(=O)(=O)c2cc3cc(F)ccc3o2)cn(-c2ccc(C(F)(F)F)cc2)c1=O,,CHEMBL5727588,2020,CHEMBL5821202,7.38,=,=,IC50,nM,42.0,IC50,nM,42.0,CC(C)n1c(=O)c(CNC(=O)[C@H](C)NS(=O)(=O)c2cc3cc(F)ccc3o2)cn(-c2ccc(C(F)(F)F)cc2)c1=O,GBLOYKHDXVMKKU-HNNXBMFYSA-N
27908795,CHEMBL5734964,B,Cc1ccc2oc(S(=O)(=O)N3CCC[C@H]3C(=O)NCc3cn(-c4ccc(C(F)(F)F)cc4)c(=O)n(C(C)C)c3=O)cc2c1,,CHEMBL5727588,2020,CHEMBL5871576,6.38,=,=,IC50,nM,420.0,IC50,nM,420.0,Cc1ccc2oc(S(=O)(=O)N3CCC[C@H]3C(=O)NCc3cn(-c4ccc(C(F)(F)F)cc4)c(=O)n(C(C)C)c3=O)cc2c1,CNMIUCDUEVFNKU-QHCPKHFHSA-N
27908798,CHEMBL5734964,B,CC(C)n1c(=O)c(CNC(=O)C2(NS(=O)(=O)c3cc4cc(F)ccc4o3)CC2)cn(-c2ccc(C(F)(F)F)cc2)c1=O,,CHEMBL5727588,2020,CHEMBL5885489,6.6,=,=,IC50,nM,250.0,IC50,nM,250.0,CC(C)n1c(=O)c(CNC(=O)C2(NS(=O)(=O)c3cc4cc(F)ccc4o3)CC2)cn(-c2ccc(C(F)(F)F)cc2)c1=O,PKBHAOIFDOPMHC-UHFFFAOYSA-N
27908801,CHEMBL5734964,B,CC(C)N1C(=O)C(CNC(=O)[C@@H]2CCCN2S(=O)(=O)c2cc3cnccc3o2)=CC(c2ccc(C(F)(F)F)cc2)C1=O,,CHEMBL5727588,2020,CHEMBL5885149,7.03,=,=,IC50,nM,93.0,IC50,nM,93.0,CC(C)N1C(=O)C(CNC(=O)[C@@H]2CCCN2S(=O)(=O)c2cc3cnccc3o2)=CC(c2ccc(C(F)(F)F)cc2)C1=O,WAZNEQRWKNTWPH-KEKNWZKVSA-N
27908804,CHEMBL5734964,B,CC(C)n1cc(-c2ccc(C(F)(F)F)nc2)cc(CNC(=O)[C@@H]2CCCN2S(=O)(=O)c2cc3ccccc3o2)c1=O,,CHEMBL5727588,2020,CHEMBL5909651,6.75,=,=,IC50,nM,180.0,IC50,nM,180.0,CC(C)n1cc(-c2ccc(C(F)(F)F)nc2)cc(CNC(=O)[C@@H]2CCCN2S(=O)(=O)c2cc3ccccc3o2)c1=O,KOYSGBCDWRHDGA-QFIPXVFZSA-N
27908807,CHEMBL5734964,B,CC(C)N1C(=O)C(CNC(=O)[C@@H]2CCCN2S(=O)(=O)c2cc3ccccc3o2)=CC(c2ccc(C(F)(F)F)nc2)C1=O,,CHEMBL5727588,2020,CHEMBL6029113,7.52,=,=,IC50,nM,30.0,IC50,nM,30.0,CC(C)N1C(=O)C(CNC(=O)[C@@H]2CCCN2S(=O)(=O)c2cc3ccccc3o2)=CC(c2ccc(C(F)(F)F)nc2)C1=O,YTXJELCYXHBTEZ-LBAQZLPGSA-N
27908810,CHEMBL5734964,B,CC(C)n1c(=O)c(CNC(=O)[C@@H]2CCCN2S(=O)(=O)c2cc3cc(F)ccc3o2)cn(-c2ccc(C(F)(F)F)nc2)c1=O,,CHEMBL5727588,2020,CHEMBL5838777,8.0,=,=,IC50,nM,10.0,IC50,nM,10.0,CC(C)n1c(=O)c(CNC(=O)[C@@H]2CCCN2S(=O)(=O)c2cc3cc(F)ccc3o2)cn(-c2ccc(C(F)(F)F)nc2)c1=O,KUPHFKFESJUDAK-FQEVSTJZSA-N
27908813,CHEMBL5734964,B,CC(C)n1c(=O)c(CNC(=O)[C@@H]2[C@@H](O)CCN2S(=O)(=O)c2cc3cc(F)ccc3o2)cn(-c2ccc(C(F)(F)F)nc2)c1=O,,CHEMBL5727588,2020,CHEMBL5833781,6.42,=,=,IC50,nM,380.0,IC50,nM,380.0,CC(C)n1c(=O)c(CNC(=O)[C@@H]2[C@@H](O)CCN2S(=O)(=O)c2cc3cc(F)ccc3o2)cn(-c2ccc(C(F)(F)F)nc2)c1=O,GPSBTMRQCOOVOX-CVDCTZTESA-N
27908816,CHEMBL5734964,B,CC(C)n1c(=O)c(CNC(=O)[C@@H]2CCCN2S(=O)(=O)c2cc3cnccc3o2)cn(-c2ccc(C(F)(F)F)nc2)c1=O,,CHEMBL5727588,2020,CHEMBL5920363,6.24,=,=,IC50,nM,570.0,IC50,nM,570.0,CC(C)n1c(=O)c(CNC(=O)[C@@H]2CCCN2S(=O)(=O)c2cc3cnccc3o2)cn(-c2ccc(C(F)(F)F)nc2)c1=O,AGXCNAPHYYLCHN-IBGZPJMESA-N
27908819,CHEMBL5734964,B,CC(C)n1c(=O)c(CNC(=O)[C@@H]2CCCN2S(=O)(=O)c2cc3ccccc3o2)cn(-c2ccc(C(F)(F)F)cn2)c1=O,,CHEMBL5727588,2020,CHEMBL5806189,7.36,=,=,IC50,nM,44.0,IC50,nM,44.0,CC(C)n1c(=O)c(CNC(=O)[C@@H]2CCCN2S(=O)(=O)c2cc3ccccc3o2)cn(-c2ccc(C(F)(F)F)cn2)c1=O,OOVNFOVAFVAUEB-FQEVSTJZSA-N
27908822,CHEMBL5734964,B,CC(C)n1c(=O)c(CNC(=O)[C@@H]2CCCN2S(=O)(=O)c2cc3cc(F)ccc3o2)cn(-c2ccc(C(F)(F)F)cn2)c1=O,,CHEMBL5727588,2020,CHEMBL5852103,7.75,=,=,IC50,nM,18.0,IC50,nM,18.0,CC(C)n1c(=O)c(CNC(=O)[C@@H]2CCCN2S(=O)(=O)c2cc3cc(F)ccc3o2)cn(-c2ccc(C(F)(F)F)cn2)c1=O,ZZJWYOJKUOWURA-FQEVSTJZSA-N
27908825,CHEMBL5734964,B,CC(C)n1c(=O)c(CNC(=O)[C@@H]2[C@@H](O)CCN2S(=O)(=O)c2cc3cc(F)ccc3o2)cn(-c2ccc(C(F)(F)F)cn2)c1=O,,CHEMBL5727588,2020,CHEMBL5757866,6.8,=,=,IC50,nM,160.0,IC50,nM,160.0,CC(C)n1c(=O)c(CNC(=O)[C@@H]2[C@@H](O)CCN2S(=O)(=O)c2cc3cc(F)ccc3o2)cn(-c2ccc(C(F)(F)F)cn2)c1=O,NERDQWNAJADUOY-CVDCTZTESA-N
27908828,CHEMBL5734964,B,CC(C)n1c(=O)c(CNC(=O)[C@@H]2CCCN2S(=O)(=O)c2cc3cnccc3o2)cn(-c2ccc(C(F)(F)F)cn2)c1=O,,CHEMBL5727588,2020,CHEMBL6014563,6.7,=,=,IC50,nM,200.0,IC50,nM,200.0,CC(C)n1c(=O)c(CNC(=O)[C@@H]2CCCN2S(=O)(=O)c2cc3cnccc3o2)cn(-c2ccc(C(F)(F)F)cn2)c1=O,XIPWBPDWHQJWKK-IBGZPJMESA-N
27908831,CHEMBL5734964,B,CC(C)n1cc(-c2ccc(C(F)(F)F)nc2)cc(CNC(=O)[C@@H]2CCCN2S(=O)(=O)c2cc3cc(F)ccc3o2)c1=O,,CHEMBL5727588,2020,CHEMBL5794350,7.51,=,=,IC50,nM,31.0,IC50,nM,31.0,CC(C)n1cc(-c2ccc(C(F)(F)F)nc2)cc(CNC(=O)[C@@H]2CCCN2S(=O)(=O)c2cc3cc(F)ccc3o2)c1=O,BIUMIQOEJSJTAM-QFIPXVFZSA-N
27908834,CHEMBL5734964,B,CC(C)n1c(=O)c(CNC(=O)[C@@H]2CCCN2S(=O)(=O)c2cc3ccccc3o2)cn(-c2ccc(F)cc2)c1=O,,CHEMBL5727588,2020,CHEMBL5837775,6.62,=,=,IC50,nM,240.0,IC50,nM,240.0,CC(C)n1c(=O)c(CNC(=O)[C@@H]2CCCN2S(=O)(=O)c2cc3ccccc3o2)cn(-c2ccc(F)cc2)c1=O,CWCODCHAQNOYLW-QFIPXVFZSA-N
27908837,CHEMBL5734964,B,CC(C)n1c(=O)c(CNC(=O)[C@@H]2CCCN2S(=O)(=O)c2cc3cc(F)ccc3o2)cn(-c2ccc(F)cc2)c1=O,,CHEMBL5727588,2020,CHEMBL5771658,7.0,=,=,IC50,nM,100.0,IC50,nM,100.0,CC(C)n1c(=O)c(CNC(=O)[C@@H]2CCCN2S(=O)(=O)c2cc3cc(F)ccc3o2)cn(-c2ccc(F)cc2)c1=O,PFFILXROCXLMKU-QFIPXVFZSA-N
27908840,CHEMBL5734964,B,CC(C)n1c(=O)c(CNC(=O)[C@@H]2CCCN2S(=O)(=O)c2cc3ccccc3o2)cn(-c2ccc(Cl)cc2)c1=O,,CHEMBL5727588,2020,CHEMBL5862146,7.07,=,=,IC50,nM,85.0,IC50,nM,85.0,CC(C)n1c(=O)c(CNC(=O)[C@@H]2CCCN2S(=O)(=O)c2cc3ccccc3o2)cn(-c2ccc(Cl)cc2)c1=O,VUNVEPXLRREAJZ-QFIPXVFZSA-N
27908843,CHEMBL5734964,B,CC(C)n1c(=O)c(CNC(=O)[C@@H]2CCCN2S(=O)(=O)c2cc3cc(F)ccc3o2)cn(-c2ccc(Cl)cc2)c1=O,,CHEMBL5727588,2020,CHEMBL6060983,7.62,=,=,IC50,nM,24.0,IC50,nM,24.0,CC(C)n1c(=O)c(CNC(=O)[C@@H]2CCCN2S(=O)(=O)c2cc3cc(F)ccc3o2)cn(-c2ccc(Cl)cc2)c1=O,QRHSEUYZXNXRAQ-QFIPXVFZSA-N
27908846,CHEMBL5734964,B,CC(C)n1cc(-c2ccc(C(F)(F)F)cn2)cc(CNC(=O)[C@@H]2CCCN2S(=O)(=O)c2cc3ccccc3o2)c1=O,,CHEMBL5727588,2020,CHEMBL5923530,7.1,=,=,IC50,nM,79.0,IC50,nM,79.0,CC(C)n1cc(-c2ccc(C(F)(F)F)cn2)cc(CNC(=O)[C@@H]2CCCN2S(=O)(=O)c2cc3ccccc3o2)c1=O,VFSLVUVIVLWMRP-QHCPKHFHSA-N
27908849,CHEMBL5734964,B,CC(C)n1cc(-c2ccc(C(F)(F)F)cn2)cc(CNC(=O)[C@@H]2CCCN2S(=O)(=O)c2cc3cc(F)ccc3o2)c1=O,,CHEMBL5727588,2020,CHEMBL5783476,7.64,=,=,IC50,nM,23.0,IC50,nM,23.0,CC(C)n1cc(-c2ccc(C(F)(F)F)cn2)cc(CNC(=O)[C@@H]2CCCN2S(=O)(=O)c2cc3cc(F)ccc3o2)c1=O,KKHGKGCIZAIQFF-QHCPKHFHSA-N
27908852,CHEMBL5734964,B,CC(C)n1cc(-c2ccc(C(F)(F)F)cc2)cc(CNC(=O)[C@@H]2CCCN2S(=O)(=O)c2cc3c(F)cccc3o2)c1=O,,CHEMBL5727588,2020,CHEMBL5956606,6.36,=,=,IC50,nM,440.0,IC50,nM,440.0,CC(C)n1cc(-c2ccc(C(F)(F)F)cc2)cc(CNC(=O)[C@@H]2CCCN2S(=O)(=O)c2cc3c(F)cccc3o2)c1=O,BRNFYDHNQCOLDA-DEOSSOPVSA-N
27908855,CHEMBL5734964,B,CC(C)n1cc(CNC(=O)[C@@H]2CCCN2S(=O)(=O)c2cc3c(F)cccc3o2)cc(-c2ccc(C(F)(F)F)cc2)c1=O,,CHEMBL5727588,2020,CHEMBL5836416,7.07,=,=,IC50,nM,86.0,IC50,nM,86.0,CC(C)n1cc(CNC(=O)[C@@H]2CCCN2S(=O)(=O)c2cc3c(F)cccc3o2)cc(-c2ccc(C(F)(F)F)cc2)c1=O,BJNUBTRKMKILLA-DEOSSOPVSA-N
27908858,CHEMBL5734964,B,CC(C)n1cc(CNC(=O)[C@@H]2CCCN2S(=O)(=O)c2cc3cnccc3o2)cc(-c2ccc(C(F)(F)F)cc2)c1=O,,CHEMBL5727588,2020,CHEMBL5751478,7.01,=,=,IC50,nM,98.0,IC50,nM,98.0,CC(C)n1cc(CNC(=O)[C@@H]2CCCN2S(=O)(=O)c2cc3cnccc3o2)cc(-c2ccc(C(F)(F)F)cc2)c1=O,VQFGKTDMHDUGMB-QHCPKHFHSA-N
27908861,CHEMBL5734964,B,CC(C)n1cc(CNC(=O)[C@@H]2[C@@H](O)CCN2S(=O)(=O)c2cc3cc(F)ccc3o2)cc(-c2ccc(C(F)(F)F)cc2)c1=O,,CHEMBL5727588,2020,CHEMBL5804843,6.64,=,=,IC50,nM,230.0,IC50,nM,230.0,CC(C)n1cc(CNC(=O)[C@@H]2[C@@H](O)CCN2S(=O)(=O)c2cc3cc(F)ccc3o2)cc(-c2ccc(C(F)(F)F)cc2)c1=O,FXNIYZIWBXBVOE-OZXSUGGESA-N
27908864,CHEMBL5734964,B,CC(C)n1cc(CNC(=O)[C@@H]2CCCN2S(=O)(=O)c2cc3ccccc3o2)cc(-c2ccc(C(F)(F)F)nc2)c1=O,,CHEMBL5727588,2020,CHEMBL6005621,6.68,=,=,IC50,nM,210.0,IC50,nM,210.0,CC(C)n1cc(CNC(=O)[C@@H]2CCCN2S(=O)(=O)c2cc3ccccc3o2)cc(-c2ccc(C(F)(F)F)nc2)c1=O,RKUSVOSNDTWJFP-QFIPXVFZSA-N
27908867,CHEMBL5734964,B,CC(C)n1cc(CNC(=O)[C@@H]2CCCN2S(=O)(=O)c2cc3cc(F)ccc3o2)cc(-c2ccc(C(F)(F)F)nc2)c1=O,,CHEMBL5727588,2020,CHEMBL5979562,7.35,=,=,IC50,nM,45.0,IC50,nM,45.0,CC(C)n1cc(CNC(=O)[C@@H]2CCCN2S(=O)(=O)c2cc3cc(F)ccc3o2)cc(-c2ccc(C(F)(F)F)nc2)c1=O,WVKCCUFMMHZVRZ-QFIPXVFZSA-N
27908870,CHEMBL5734964,B,CC(C)n1cc(CNC(=O)[C@@H]2CCCN2S(=O)(=O)c2cc3ccccc3o2)cc(-c2ccc(C(F)(F)F)cn2)c1=O,,CHEMBL5727588,2020,CHEMBL5882747,6.96,=,=,IC50,nM,110.0,IC50,nM,110.0,CC(C)n1cc(CNC(=O)[C@@H]2CCCN2S(=O)(=O)c2cc3ccccc3o2)cc(-c2ccc(C(F)(F)F)cn2)c1=O,DXPDEFAQERXWLM-QHCPKHFHSA-N
27908873,CHEMBL5734964,B,CC(C)n1cc(CNC(=O)[C@@H]2CCCN2S(=O)(=O)c2cc3cc(F)ccc3o2)cc(-c2ccc(C(F)(F)F)cn2)c1=O,,CHEMBL5727588,2020,CHEMBL6050040,7.09,=,=,IC50,nM,81.0,IC50,nM,81.0,CC(C)n1cc(CNC(=O)[C@@H]2CCCN2S(=O)(=O)c2cc3cc(F)ccc3o2)cc(-c2ccc(C(F)(F)F)cn2)c1=O,VURKFVAAAJRATF-QHCPKHFHSA-N
28037432,CHEMBL5735474,B,Cn1cnc2ncn(Cc3nc([C@@H]4CO[C@@H](c5ccc(Cl)cc5)C4)no3)c(=O)c21,,CHEMBL5727828,2020,CHEMBL4849329,8.43,=,=,IC50,nM,3.69,IC50,nM,3.69,Cn1cnc2ncn(Cc3nc([C@@H]4CO[C@@H](c5ccc(Cl)cc5)C4)no3)c(=O)c21,UGLQOTZNBCEHHB-GXTWGEPZSA-N
28037435,CHEMBL5735475,B,Cn1cnc2ncn(Cc3nc([C@@H]4CO[C@@H](c5ccc(Cl)cc5)C4)no3)c(=O)c21,,CHEMBL5727828,2020,CHEMBL4849329,9.06,=,=,IC50,nM,0.88,IC50,nM,0.88,Cn1cnc2ncn(Cc3nc([C@@H]4CO[C@@H](c5ccc(Cl)cc5)C4)no3)c(=O)c21,UGLQOTZNBCEHHB-GXTWGEPZSA-N
28037438,CHEMBL5735474,B,Cn1cnc2ncn(Cc3nc([C@@H]4CO[C@@H](c5ccc(F)cc5)C4)no3)c(=O)c21,,CHEMBL5727828,2020,CHEMBL5076509,7.71,=,=,IC50,nM,19.3,IC50,nM,19.3,Cn1cnc2ncn(Cc3nc([C@@H]4CO[C@@H](c5ccc(F)cc5)C4)no3)c(=O)c21,KVSPYEYQFMGJNK-GXTWGEPZSA-N
28037441,CHEMBL5735475,B,Cn1cnc2ncn(Cc3nc([C@@H]4CO[C@@H](c5ccc(F)cc5)C4)no3)c(=O)c21,,CHEMBL5727828,2020,CHEMBL5076509,8.25,=,=,IC50,nM,5.6,IC50,nM,5.6,Cn1cnc2ncn(Cc3nc([C@@H]4CO[C@@H](c5ccc(F)cc5)C4)no3)c(=O)c21,KVSPYEYQFMGJNK-GXTWGEPZSA-N
28037444,CHEMBL5735474,B,Cc1cnn2nc(N)n(Cc3nc([C@@H]4CO[C@@H](c5ccc(F)cc5)C4)no3)c(=O)c12,,CHEMBL5727828,2020,CHEMBL5894849,8.3,=,=,IC50,nM,5.02,IC50,nM,5.02,Cc1cnn2nc(N)n(Cc3nc([C@@H]4CO[C@@H](c5ccc(F)cc5)C4)no3)c(=O)c12,OTONXOROEOKVFV-GXTWGEPZSA-N
28037447,CHEMBL5735475,B,Cc1cnn2nc(N)n(Cc3nc([C@@H]4CO[C@@H](c5ccc(F)cc5)C4)no3)c(=O)c12,,CHEMBL5727828,2020,CHEMBL5894849,8.89,=,=,IC50,nM,1.3,IC50,nM,1.3,Cc1cnn2nc(N)n(Cc3nc([C@@H]4CO[C@@H](c5ccc(F)cc5)C4)no3)c(=O)c12,OTONXOROEOKVFV-GXTWGEPZSA-N
28037450,CHEMBL5735474,B,Cc1cnn2nc(N)n(Cc3nc([C@@H]4CO[C@@H](c5ccc(Cl)cc5)C4)no3)c(=O)c12,,CHEMBL5727828,2020,CHEMBL5869397,8.4,=,=,IC50,nM,4.01,IC50,nM,4.01,Cc1cnn2nc(N)n(Cc3nc([C@@H]4CO[C@@H](c5ccc(Cl)cc5)C4)no3)c(=O)c12,PQLZHXGPCNTDOI-GXTWGEPZSA-N
28037453,CHEMBL5735475,B,Cc1cnn2nc(N)n(Cc3nc([C@@H]4CO[C@@H](c5ccc(Cl)cc5)C4)no3)c(=O)c12,,CHEMBL5727828,2020,CHEMBL5869397,9.18,=,=,IC50,nM,0.66,IC50,nM,0.66,Cc1cnn2nc(N)n(Cc3nc([C@@H]4CO[C@@H](c5ccc(Cl)cc5)C4)no3)c(=O)c12,PQLZHXGPCNTDOI-GXTWGEPZSA-N
28037456,CHEMBL5735474,B,Cn1cnc2ncn(Cc3nc([C@@H]4CO[C@@H](c5ccc(Cl)cc5)C4)no3)c(=O)c21,,CHEMBL5727828,2020,CHEMBL4849329,7.75,=,=,IC50,nM,17.6,IC50,nM,17.6,Cn1cnc2ncn(Cc3nc([C@@H]4CO[C@@H](c5ccc(Cl)cc5)C4)no3)c(=O)c21,UGLQOTZNBCEHHB-GXTWGEPZSA-N
28037459,CHEMBL5735475,B,Cn1cnc2ncn(Cc3nc([C@@H]4CO[C@@H](c5ccc(Cl)cc5)C4)no3)c(=O)c21,,CHEMBL5727828,2020,CHEMBL4849329,8.51,=,=,IC50,nM,3.1,IC50,nM,3.1,Cn1cnc2ncn(Cc3nc([C@@H]4CO[C@@H](c5ccc(Cl)cc5)C4)no3)c(=O)c21,UGLQOTZNBCEHHB-GXTWGEPZSA-N
28037462,CHEMBL5735474,B,Cn1cnc2ncn(Cc3nc([C@@H]4CO[C@@H](c5ccc(Cl)cc5)C4)no3)c(=O)c21,,CHEMBL5727828,2020,CHEMBL4849329,7.74,=,=,IC50,nM,18.3,IC50,nM,18.3,Cn1cnc2ncn(Cc3nc([C@@H]4CO[C@@H](c5ccc(Cl)cc5)C4)no3)c(=O)c21,UGLQOTZNBCEHHB-GXTWGEPZSA-N
28037465,CHEMBL5735475,B,Cn1cnc2ncn(Cc3nc([C@@H]4CO[C@@H](c5ccc(Cl)cc5)C4)no3)c(=O)c21,,CHEMBL5727828,2020,CHEMBL4849329,8.37,=,=,IC50,nM,4.3,IC50,nM,4.3,Cn1cnc2ncn(Cc3nc([C@@H]4CO[C@@H](c5ccc(Cl)cc5)C4)no3)c(=O)c21,UGLQOTZNBCEHHB-GXTWGEPZSA-N
28037468,CHEMBL5735474,B,Cn1cnc2[nH]c(=O)n(Cc3nc([C@@H]4CO[C@@H](c5ccc(Cl)cc5)C4)no3)c(=O)c21,,CHEMBL5727828,2020,CHEMBL6047386,6.5,=,=,IC50,nM,313.0,IC50,nM,313.0,Cn1cnc2[nH]c(=O)n(Cc3nc([C@@H]4CO[C@@H](c5ccc(Cl)cc5)C4)no3)c(=O)c21,BXVDTIPLGIPGFG-WCQYABFASA-N
28037471,CHEMBL5735475,B,Cn1cnc2[nH]c(=O)n(Cc3nc([C@@H]4CO[C@@H](c5ccc(Cl)cc5)C4)no3)c(=O)c21,,CHEMBL5727828,2020,CHEMBL6047386,7.64,=,=,IC50,nM,23.0,IC50,nM,23.0,Cn1cnc2[nH]c(=O)n(Cc3nc([C@@H]4CO[C@@H](c5ccc(Cl)cc5)C4)no3)c(=O)c21,BXVDTIPLGIPGFG-WCQYABFASA-N
28037474,CHEMBL5735474,B,Cc1nc2ncn(C)c2c(=O)n1Cc1nc([C@@H]2CO[C@@H](c3ccc(Cl)cc3)C2)no1,,CHEMBL5727828,2020,CHEMBL5940975,8.03,=,=,IC50,nM,9.38,IC50,nM,9.38,Cc1nc2ncn(C)c2c(=O)n1Cc1nc([C@@H]2CO[C@@H](c3ccc(Cl)cc3)C2)no1,FIBJEOLUMVIRIT-DZGCQCFKSA-N
28037477,CHEMBL5735475,B,Cc1nc2ncn(C)c2c(=O)n1Cc1nc([C@@H]2CO[C@@H](c3ccc(Cl)cc3)C2)no1,,CHEMBL5727828,2020,CHEMBL5940975,8.39,=,=,IC50,nM,4.1,IC50,nM,4.1,Cc1nc2ncn(C)c2c(=O)n1Cc1nc([C@@H]2CO[C@@H](c3ccc(Cl)cc3)C2)no1,FIBJEOLUMVIRIT-DZGCQCFKSA-N
28037480,CHEMBL5735474,B,Cn1c(=O)[nH]c2ncn(Cc3nc([C@@H]4CO[C@@H](c5ccc(Cl)cc5)C4)no3)c(=O)c21,,CHEMBL5727828,2020,CHEMBL6039453,7.39,=,=,IC50,nM,40.4,IC50,nM,40.4,Cn1c(=O)[nH]c2ncn(Cc3nc([C@@H]4CO[C@@H](c5ccc(Cl)cc5)C4)no3)c(=O)c21,WXUGHBCPMLOGEV-WCQYABFASA-N
28037483,CHEMBL5735475,B,Cn1c(=O)[nH]c2ncn(Cc3nc([C@@H]4CO[C@@H](c5ccc(Cl)cc5)C4)no3)c(=O)c21,,CHEMBL5727828,2020,CHEMBL6039453,7.96,=,=,IC50,nM,11.0,IC50,nM,11.0,Cn1c(=O)[nH]c2ncn(Cc3nc([C@@H]4CO[C@@H](c5ccc(Cl)cc5)C4)no3)c(=O)c21,WXUGHBCPMLOGEV-WCQYABFASA-N
28037486,CHEMBL5735474,B,Cn1cnc2ncn(Cc3nc([C@@H]4CO[C@@H](c5cccc(F)c5)C4)no3)c(=O)c21,,CHEMBL5727828,2020,CHEMBL5872092,7.56,=,=,IC50,nM,27.4,IC50,nM,27.4,Cn1cnc2ncn(Cc3nc([C@@H]4CO[C@@H](c5cccc(F)c5)C4)no3)c(=O)c21,IFSNPBNBYFOKHI-GXTWGEPZSA-N
28037489,CHEMBL5735475,B,Cn1cnc2ncn(Cc3nc([C@@H]4CO[C@@H](c5cccc(F)c5)C4)no3)c(=O)c21,,CHEMBL5727828,2020,CHEMBL5872092,7.77,=,=,IC50,nM,17.0,IC50,nM,17.0,Cn1cnc2ncn(Cc3nc([C@@H]4CO[C@@H](c5cccc(F)c5)C4)no3)c(=O)c21,IFSNPBNBYFOKHI-GXTWGEPZSA-N
28037492,CHEMBL5735474,B,O=c1c2cccnc2cnn1Cc1nc([C@@H]2CO[C@@H](c3ccc(F)cc3)C2)no1,,CHEMBL5727828,2020,CHEMBL5945569,7.78,=,=,IC50,nM,16.6,IC50,nM,16.6,O=c1c2cccnc2cnn1Cc1nc([C@@H]2CO[C@@H](c3ccc(F)cc3)C2)no1,MLVMMKNPHXPAAR-SUMWQHHRSA-N
28037495,CHEMBL5735475,B,O=c1c2cccnc2cnn1Cc1nc([C@@H]2CO[C@@H](c3ccc(F)cc3)C2)no1,,CHEMBL5727828,2020,CHEMBL5945569,7.89,=,=,IC50,nM,13.0,IC50,nM,13.0,O=c1c2cccnc2cnn1Cc1nc([C@@H]2CO[C@@H](c3ccc(F)cc3)C2)no1,MLVMMKNPHXPAAR-SUMWQHHRSA-N
28037498,CHEMBL5735474,B,Cn1nnc2ncn(Cc3nc([C@@H]4CO[C@@H](c5ccc(F)cc5)C4)no3)c(=O)c21,,CHEMBL5727828,2020,CHEMBL6024610,8.12,=,=,IC50,nM,7.55,IC50,nM,7.55,Cn1nnc2ncn(Cc3nc([C@@H]4CO[C@@H](c5ccc(F)cc5)C4)no3)c(=O)c21,AMABIFVVCZYKIM-WCQYABFASA-N
28037501,CHEMBL5735475,B,Cn1nnc2ncn(Cc3nc([C@@H]4CO[C@@H](c5ccc(F)cc5)C4)no3)c(=O)c21,,CHEMBL5727828,2020,CHEMBL6024610,8.47,=,=,IC50,nM,3.4,IC50,nM,3.4,Cn1nnc2ncn(Cc3nc([C@@H]4CO[C@@H](c5ccc(F)cc5)C4)no3)c(=O)c21,AMABIFVVCZYKIM-WCQYABFASA-N
28037504,CHEMBL5735474,B,Cn1cnc2ncn(Cc3nc([C@@H]4CO[C@@H](c5ccccc5)C4)no3)c(=O)c21,,CHEMBL5727828,2020,CHEMBL5910703,7.08,=,=,IC50,nM,82.3,IC50,nM,82.3,Cn1cnc2ncn(Cc3nc([C@@H]4CO[C@@H](c5ccccc5)C4)no3)c(=O)c21,KUMFMRYNIVJBRS-UONOGXRCSA-N
28037507,CHEMBL5735475,B,Cn1cnc2ncn(Cc3nc([C@@H]4CO[C@@H](c5ccccc5)C4)no3)c(=O)c21,,CHEMBL5727828,2020,CHEMBL5910703,7.48,=,=,IC50,nM,33.0,IC50,nM,33.0,Cn1cnc2ncn(Cc3nc([C@@H]4CO[C@@H](c5ccccc5)C4)no3)c(=O)c21,KUMFMRYNIVJBRS-UONOGXRCSA-N
28037510,CHEMBL5735474,B,Cn1cnc2ncn(Cc3nc([C@@H]4CO[C@@H](c5ccccc5Cl)C4)no3)c(=O)c21,,CHEMBL5727828,2020,CHEMBL5905634,6.47,=,=,IC50,nM,335.0,IC50,nM,335.0,Cn1cnc2ncn(Cc3nc([C@@H]4CO[C@@H](c5ccccc5Cl)C4)no3)c(=O)c21,WEALJYMFDYMJHE-SMDDNHRTSA-N
28037513,CHEMBL5735475,B,Cn1cnc2ncn(Cc3nc([C@@H]4CO[C@@H](c5ccccc5Cl)C4)no3)c(=O)c21,,CHEMBL5727828,2020,CHEMBL5905634,6.8,=,=,IC50,nM,160.0,IC50,nM,160.0,Cn1cnc2ncn(Cc3nc([C@@H]4CO[C@@H](c5ccccc5Cl)C4)no3)c(=O)c21,WEALJYMFDYMJHE-SMDDNHRTSA-N
28037516,CHEMBL5735474,B,Cn1cnc2ncn(Cc3nc([C@@H]4CO[C@@H](c5ccccc5F)C4)no3)c(=O)c21,,CHEMBL5727828,2020,CHEMBL5747637,6.9,=,=,IC50,nM,127.0,IC50,nM,127.0,Cn1cnc2ncn(Cc3nc([C@@H]4CO[C@@H](c5ccccc5F)C4)no3)c(=O)c21,VMBJLCVTNLJTJY-SMDDNHRTSA-N
28037519,CHEMBL5735475,B,Cn1cnc2ncn(Cc3nc([C@@H]4CO[C@@H](c5ccccc5F)C4)no3)c(=O)c21,,CHEMBL5727828,2020,CHEMBL5747637,7.23,=,=,IC50,nM,59.0,IC50,nM,59.0,Cn1cnc2ncn(Cc3nc([C@@H]4CO[C@@H](c5ccccc5F)C4)no3)c(=O)c21,VMBJLCVTNLJTJY-SMDDNHRTSA-N
28037522,CHEMBL5735474,B,Cn1nnc2ncn(Cc3nc([C@@H]4CO[C@@H](c5ccc(Cl)cc5)C4)no3)c(=O)c21,,CHEMBL5727828,2020,CHEMBL5956384,8.31,=,=,IC50,nM,4.9,IC50,nM,4.9,Cn1nnc2ncn(Cc3nc([C@@H]4CO[C@@H](c5ccc(Cl)cc5)C4)no3)c(=O)c21,VAUMAOIZDODPOE-WCQYABFASA-N
28037525,CHEMBL5735475,B,Cn1nnc2ncn(Cc3nc([C@@H]4CO[C@@H](c5ccc(Cl)cc5)C4)no3)c(=O)c21,,CHEMBL5727828,2020,CHEMBL5956384,8.57,=,=,IC50,nM,2.7,IC50,nM,2.7,Cn1nnc2ncn(Cc3nc([C@@H]4CO[C@@H](c5ccc(Cl)cc5)C4)no3)c(=O)c21,VAUMAOIZDODPOE-WCQYABFASA-N
28037528,CHEMBL5735474,B,Cn1cnc2ncn(Cc3nc([C@@H]4CO[C@@H](c5cccc(Cl)c5)C4)no3)c(=O)c21,,CHEMBL5727828,2020,CHEMBL5857891,7.53,=,=,IC50,nM,29.5,IC50,nM,29.5,Cn1cnc2ncn(Cc3nc([C@@H]4CO[C@@H](c5cccc(Cl)c5)C4)no3)c(=O)c21,ZSBRAOYPHXSBBJ-GXTWGEPZSA-N
28037531,CHEMBL5735475,B,Cn1cnc2ncn(Cc3nc([C@@H]4CO[C@@H](c5cccc(Cl)c5)C4)no3)c(=O)c21,,CHEMBL5727828,2020,CHEMBL5857891,7.85,=,=,IC50,nM,14.0,IC50,nM,14.0,Cn1cnc2ncn(Cc3nc([C@@H]4CO[C@@H](c5cccc(Cl)c5)C4)no3)c(=O)c21,ZSBRAOYPHXSBBJ-GXTWGEPZSA-N
28037534,CHEMBL5735474,B,Cn1cnc2ncn(Cc3nc([C@@H]4CO[C@@H](c5ccc(F)c(F)c5)C4)no3)c(=O)c21,,CHEMBL5727828,2020,CHEMBL5762816,6.76,=,=,IC50,nM,173.0,IC50,nM,173.0,Cn1cnc2ncn(Cc3nc([C@@H]4CO[C@@H](c5ccc(F)c(F)c5)C4)no3)c(=O)c21,QLSIFRFNRJHECP-SMDDNHRTSA-N
28037537,CHEMBL5735475,B,Cn1cnc2ncn(Cc3nc([C@@H]4CO[C@@H](c5ccc(F)c(F)c5)C4)no3)c(=O)c21,,CHEMBL5727828,2020,CHEMBL5762816,6.89,=,=,IC50,nM,130.0,IC50,nM,130.0,Cn1cnc2ncn(Cc3nc([C@@H]4CO[C@@H](c5ccc(F)c(F)c5)C4)no3)c(=O)c21,QLSIFRFNRJHECP-SMDDNHRTSA-N
28037540,CHEMBL5735474,B,Cn1cnc2ncn(Cc3nc([C@@H]4CO[C@@H](c5ccc(OC(F)F)cc5)C4)no3)c(=O)c21,,CHEMBL5727828,2020,CHEMBL5799445,6.82,=,=,IC50,nM,150.0,IC50,nM,150.0,Cn1cnc2ncn(Cc3nc([C@@H]4CO[C@@H](c5ccc(OC(F)F)cc5)C4)no3)c(=O)c21,IRXCYACJROUWCS-GXTWGEPZSA-N
28037543,CHEMBL5735475,B,Cn1cnc2ncn(Cc3nc([C@@H]4CO[C@@H](c5ccc(OC(F)F)cc5)C4)no3)c(=O)c21,,CHEMBL5727828,2020,CHEMBL5799445,6.96,=,=,IC50,nM,110.0,IC50,nM,110.0,Cn1cnc2ncn(Cc3nc([C@@H]4CO[C@@H](c5ccc(OC(F)F)cc5)C4)no3)c(=O)c21,IRXCYACJROUWCS-GXTWGEPZSA-N
28037546,CHEMBL5735474,B,Cc1ccnc2ncn(Cc3nc([C@@H]4CO[C@@H](c5ccc(F)cc5)C4)no3)c(=O)c12,,CHEMBL5727828,2020,CHEMBL6001211,8.15,=,=,IC50,nM,7.05,IC50,nM,7.05,Cc1ccnc2ncn(Cc3nc([C@@H]4CO[C@@H](c5ccc(F)cc5)C4)no3)c(=O)c12,MANPXGYRIORUOE-GOEBONIOSA-N
28037549,CHEMBL5735475,B,Cc1ccnc2ncn(Cc3nc([C@@H]4CO[C@@H](c5ccc(F)cc5)C4)no3)c(=O)c12,,CHEMBL5727828,2020,CHEMBL6001211,8.44,=,=,IC50,nM,3.6,IC50,nM,3.6,Cc1ccnc2ncn(Cc3nc([C@@H]4CO[C@@H](c5ccc(F)cc5)C4)no3)c(=O)c12,MANPXGYRIORUOE-GOEBONIOSA-N
28037552,CHEMBL5735474,B,Cn1cnc2ncn(Cc3nc([C@@H]4CO[C@@H](c5ccc(OC(F)(F)F)cc5)C4)no3)c(=O)c21,,CHEMBL5727828,2020,CHEMBL6038964,7.01,=,=,IC50,nM,98.5,IC50,nM,98.5,Cn1cnc2ncn(Cc3nc([C@@H]4CO[C@@H](c5ccc(OC(F)(F)F)cc5)C4)no3)c(=O)c21,MTGXVBRHBMNUOU-GXTWGEPZSA-N
28037555,CHEMBL5735475,B,Cn1cnc2ncn(Cc3nc([C@@H]4CO[C@@H](c5ccc(OC(F)(F)F)cc5)C4)no3)c(=O)c21,,CHEMBL5727828,2020,CHEMBL6038964,7.17,=,=,IC50,nM,67.0,IC50,nM,67.0,Cn1cnc2ncn(Cc3nc([C@@H]4CO[C@@H](c5ccc(OC(F)(F)F)cc5)C4)no3)c(=O)c21,MTGXVBRHBMNUOU-GXTWGEPZSA-N
28037558,CHEMBL5735474,B,Cn1c(N)nc2ncn(Cc3nc([C@@H]4CO[C@@H](c5ccc(F)cc5)C4)no3)c(=O)c21,,CHEMBL5727828,2020,CHEMBL6016416,6.9,=,=,IC50,nM,126.0,IC50,nM,126.0,Cn1c(N)nc2ncn(Cc3nc([C@@H]4CO[C@@H](c5ccc(F)cc5)C4)no3)c(=O)c21,AUHAKZCDXJXNIS-WCQYABFASA-N
28037561,CHEMBL5735475,B,Cn1c(N)nc2ncn(Cc3nc([C@@H]4CO[C@@H](c5ccc(F)cc5)C4)no3)c(=O)c21,,CHEMBL5727828,2020,CHEMBL6016416,7.72,=,=,IC50,nM,19.0,IC50,nM,19.0,Cn1c(N)nc2ncn(Cc3nc([C@@H]4CO[C@@H](c5ccc(F)cc5)C4)no3)c(=O)c21,AUHAKZCDXJXNIS-WCQYABFASA-N
28037564,CHEMBL5735474,B,Cn1cnc2c(C#N)nn(Cc3nc([C@@H]4CO[C@@H](c5ccc(Cl)cc5)C4)no3)c2c1=O,,CHEMBL5727828,2020,CHEMBL5861996,7.34,=,=,IC50,nM,45.7,IC50,nM,45.7,Cn1cnc2c(C#N)nn(Cc3nc([C@@H]4CO[C@@H](c5ccc(Cl)cc5)C4)no3)c2c1=O,XJJNUZPFNULXJQ-SWLSCSKDSA-N
28037567,CHEMBL5735475,B,Cn1cnc2c(C#N)nn(Cc3nc([C@@H]4CO[C@@H](c5ccc(Cl)cc5)C4)no3)c2c1=O,,CHEMBL5727828,2020,CHEMBL5861996,7.62,=,=,IC50,nM,24.0,IC50,nM,24.0,Cn1cnc2c(C#N)nn(Cc3nc([C@@H]4CO[C@@H](c5ccc(Cl)cc5)C4)no3)c2c1=O,XJJNUZPFNULXJQ-SWLSCSKDSA-N
28037570,CHEMBL5735474,B,O=c1c2cccnc2cnn1Cc1nc([C@@H]2CO[C@@H](c3ccc(Cl)cc3)C2)no1,,CHEMBL5727828,2020,CHEMBL6025994,8.14,=,=,IC50,nM,7.2,IC50,nM,7.2,O=c1c2cccnc2cnn1Cc1nc([C@@H]2CO[C@@H](c3ccc(Cl)cc3)C2)no1,URUKHZGNVYMGRF-SUMWQHHRSA-N
28037573,CHEMBL5735475,B,O=c1c2cccnc2cnn1Cc1nc([C@@H]2CO[C@@H](c3ccc(Cl)cc3)C2)no1,,CHEMBL5727828,2020,CHEMBL6025994,8.31,=,=,IC50,nM,4.9,IC50,nM,4.9,O=c1c2cccnc2cnn1Cc1nc([C@@H]2CO[C@@H](c3ccc(Cl)cc3)C2)no1,URUKHZGNVYMGRF-SUMWQHHRSA-N
28037576,CHEMBL5735474,B,O=c1c2cccnc2ncn1Cc1nc([C@@H]2CO[C@@H](c3ccc(Cl)cc3)C2)no1,,CHEMBL5727828,2020,CHEMBL5877962,8.18,=,=,IC50,nM,6.55,IC50,nM,6.55,O=c1c2cccnc2ncn1Cc1nc([C@@H]2CO[C@@H](c3ccc(Cl)cc3)C2)no1,JMPQCPPXHXSEIC-XJKSGUPXSA-N
28037579,CHEMBL5735475,B,O=c1c2cccnc2ncn1Cc1nc([C@@H]2CO[C@@H](c3ccc(Cl)cc3)C2)no1,,CHEMBL5727828,2020,CHEMBL5877962,8.24,=,=,IC50,nM,5.7,IC50,nM,5.7,O=c1c2cccnc2ncn1Cc1nc([C@@H]2CO[C@@H](c3ccc(Cl)cc3)C2)no1,JMPQCPPXHXSEIC-XJKSGUPXSA-N
28037582,CHEMBL5735474,B,Cn1c(N)nc2ncn(Cc3nc([C@@H]4CO[C@@H](c5ccc(Cl)cc5)C4)no3)c(=O)c21,,CHEMBL5727828,2020,CHEMBL5947433,7.23,=,=,IC50,nM,58.7,IC50,nM,58.7,Cn1c(N)nc2ncn(Cc3nc([C@@H]4CO[C@@H](c5ccc(Cl)cc5)C4)no3)c(=O)c21,AKZDACQLYHVVHF-WCQYABFASA-N
28037585,CHEMBL5735475,B,Cn1c(N)nc2ncn(Cc3nc([C@@H]4CO[C@@H](c5ccc(Cl)cc5)C4)no3)c(=O)c21,,CHEMBL5727828,2020,CHEMBL5947433,8.01,=,=,IC50,nM,9.7,IC50,nM,9.7,Cn1c(N)nc2ncn(Cc3nc([C@@H]4CO[C@@H](c5ccc(Cl)cc5)C4)no3)c(=O)c21,AKZDACQLYHVVHF-WCQYABFASA-N
28037588,CHEMBL5735474,B,Cc1ccc([C@H]2C[C@H](c3noc(Cn4cnc5ncn(C)c5c4=O)n3)CO2)cc1,,CHEMBL5727828,2020,CHEMBL6026042,7.79,=,=,IC50,nM,16.1,IC50,nM,16.1,Cc1ccc([C@H]2C[C@H](c3noc(Cn4cnc5ncn(C)c5c4=O)n3)CO2)cc1,JLRDFDIVWVIADD-LSDHHAIUSA-N
28037591,CHEMBL5735475,B,Cc1ccc([C@H]2C[C@H](c3noc(Cn4cnc5ncn(C)c5c4=O)n3)CO2)cc1,,CHEMBL5727828,2020,CHEMBL6026042,8.24,=,=,IC50,nM,5.7,IC50,nM,5.7,Cc1ccc([C@H]2C[C@H](c3noc(Cn4cnc5ncn(C)c5c4=O)n3)CO2)cc1,JLRDFDIVWVIADD-LSDHHAIUSA-N
28037594,CHEMBL5735474,B,Nc1ccc2c(=O)n(Cc3nc([C@@H]4CO[C@@H](c5ccc(Cl)cc5)C4)no3)cnc2n1,,CHEMBL5727828,2020,CHEMBL5912314,8.2,=,=,IC50,nM,6.32,IC50,nM,6.32,Nc1ccc2c(=O)n(Cc3nc([C@@H]4CO[C@@H](c5ccc(Cl)cc5)C4)no3)cnc2n1,OYBNJIXRFLARRD-SWLSCSKDSA-N
28037597,CHEMBL5735475,B,Nc1ccc2c(=O)n(Cc3nc([C@@H]4CO[C@@H](c5ccc(Cl)cc5)C4)no3)cnc2n1,,CHEMBL5727828,2020,CHEMBL5912314,8.41,=,=,IC50,nM,3.9,IC50,nM,3.9,Nc1ccc2c(=O)n(Cc3nc([C@@H]4CO[C@@H](c5ccc(Cl)cc5)C4)no3)cnc2n1,OYBNJIXRFLARRD-SWLSCSKDSA-N
28037600,CHEMBL5735474,B,Cn1cnc2ncn(Cc3nc([C@@H]4CO[C@@H](c5ccc(Br)cc5)C4)no3)c(=O)c21,,CHEMBL5727828,2020,CHEMBL5990285,8.11,=,=,IC50,nM,7.83,IC50,nM,7.83,Cn1cnc2ncn(Cc3nc([C@@H]4CO[C@@H](c5ccc(Br)cc5)C4)no3)c(=O)c21,YVYCTLLAVRNGEF-GXTWGEPZSA-N
28037603,CHEMBL5735475,B,Cn1cnc2ncn(Cc3nc([C@@H]4CO[C@@H](c5ccc(Br)cc5)C4)no3)c(=O)c21,,CHEMBL5727828,2020,CHEMBL5990285,8.74,=,=,IC50,nM,1.8,IC50,nM,1.8,Cn1cnc2ncn(Cc3nc([C@@H]4CO[C@@H](c5ccc(Br)cc5)C4)no3)c(=O)c21,YVYCTLLAVRNGEF-GXTWGEPZSA-N
28037606,CHEMBL5735474,B,Cn1cnc2ncn(Cc3nc([C@@H]4CO[C@@H](c5ccc(-c6ccccc6)cc5)C4)no3)c(=O)c21,,CHEMBL5727828,2020,CHEMBL6013780,6.21,=,=,IC50,nM,623.0,IC50,nM,623.0,Cn1cnc2ncn(Cc3nc([C@@H]4CO[C@@H](c5ccc(-c6ccccc6)cc5)C4)no3)c(=O)c21,PWBYWHFGCWTQNI-VQTJNVASSA-N
28037609,CHEMBL5735475,B,Cn1cnc2ncn(Cc3nc([C@@H]4CO[C@@H](c5ccc(-c6ccccc6)cc5)C4)no3)c(=O)c21,,CHEMBL5727828,2020,CHEMBL6013780,6.43,=,=,IC50,nM,370.0,IC50,nM,370.0,Cn1cnc2ncn(Cc3nc([C@@H]4CO[C@@H](c5ccc(-c6ccccc6)cc5)C4)no3)c(=O)c21,PWBYWHFGCWTQNI-VQTJNVASSA-N
28037612,CHEMBL5735474,B,Cn1cnc2ncn(Cc3nc([C@@H]4CO[C@@H](c5ccc(Cl)c(Cl)c5)C4)no3)c(=O)c21,,CHEMBL5727828,2020,CHEMBL5774116,7.71,=,=,IC50,nM,19.7,IC50,nM,19.7,Cn1cnc2ncn(Cc3nc([C@@H]4CO[C@@H](c5ccc(Cl)c(Cl)c5)C4)no3)c(=O)c21,IKEHUDLUNJCVIH-SMDDNHRTSA-N
28037615,CHEMBL5735475,B,Cn1cnc2ncn(Cc3nc([C@@H]4CO[C@@H](c5ccc(Cl)c(Cl)c5)C4)no3)c(=O)c21,,CHEMBL5727828,2020,CHEMBL5774116,8.11,=,=,IC50,nM,7.8,IC50,nM,7.8,Cn1cnc2ncn(Cc3nc([C@@H]4CO[C@@H](c5ccc(Cl)c(Cl)c5)C4)no3)c(=O)c21,IKEHUDLUNJCVIH-SMDDNHRTSA-N
28037618,CHEMBL5735474,B,Cn1cnc2ncn(Cc3nc([C@@H]4CO[C@@H](c5ccc(Cl)c(F)c5)C4)no3)c(=O)c21,,CHEMBL5727828,2020,CHEMBL5896686,8.1,=,=,IC50,nM,7.88,IC50,nM,7.88,Cn1cnc2ncn(Cc3nc([C@@H]4CO[C@@H](c5ccc(Cl)c(F)c5)C4)no3)c(=O)c21,IWGBQLFSWSPCBF-SMDDNHRTSA-N
28037621,CHEMBL5735475,B,Cn1cnc2ncn(Cc3nc([C@@H]4CO[C@@H](c5ccc(Cl)c(F)c5)C4)no3)c(=O)c21,,CHEMBL5727828,2020,CHEMBL5896686,8.7,=,=,IC50,nM,2.0,IC50,nM,2.0,Cn1cnc2ncn(Cc3nc([C@@H]4CO[C@@H](c5ccc(Cl)c(F)c5)C4)no3)c(=O)c21,IWGBQLFSWSPCBF-SMDDNHRTSA-N
28037624,CHEMBL5735474,B,Cn1cnc2ncn(Cc3nc([C@@H]4CO[C@@H](c5ccc6ccccc6c5)C4)no3)c(=O)c21,,CHEMBL5727828,2020,CHEMBL5954309,8.39,=,=,IC50,nM,4.09,IC50,nM,4.09,Cn1cnc2ncn(Cc3nc([C@@H]4CO[C@@H](c5ccc6ccccc6c5)C4)no3)c(=O)c21,DWAWIOKCMZJXGY-ZWKOTPCHSA-N
28037627,CHEMBL5735475,B,Cn1cnc2ncn(Cc3nc([C@@H]4CO[C@@H](c5ccc6ccccc6c5)C4)no3)c(=O)c21,,CHEMBL5727828,2020,CHEMBL5954309,8.62,=,=,IC50,nM,2.4,IC50,nM,2.4,Cn1cnc2ncn(Cc3nc([C@@H]4CO[C@@H](c5ccc6ccccc6c5)C4)no3)c(=O)c21,DWAWIOKCMZJXGY-ZWKOTPCHSA-N
28037630,CHEMBL5735474,B,Cn1cnc2ncn(Cc3nc([C@@H]4CO[C@@H](c5cc(F)cc(F)c5)C4)no3)c(=O)c21,,CHEMBL5727828,2020,CHEMBL6001322,7.2,=,=,IC50,nM,63.5,IC50,nM,63.5,Cn1cnc2ncn(Cc3nc([C@@H]4CO[C@@H](c5cc(F)cc(F)c5)C4)no3)c(=O)c21,GXQZEMNKUGZVBX-SMDDNHRTSA-N
28037633,CHEMBL5735475,B,Cn1cnc2ncn(Cc3nc([C@@H]4CO[C@@H](c5cc(F)cc(F)c5)C4)no3)c(=O)c21,,CHEMBL5727828,2020,CHEMBL6001322,7.55,=,=,IC50,nM,28.0,IC50,nM,28.0,Cn1cnc2ncn(Cc3nc([C@@H]4CO[C@@H](c5cc(F)cc(F)c5)C4)no3)c(=O)c21,GXQZEMNKUGZVBX-SMDDNHRTSA-N
28037636,CHEMBL5735474,B,Cn1cnc2ncn(Cc3nc([C@@H]4CO[C@@H](c5ccc(F)c(Cl)c5)C4)no3)c(=O)c21,,CHEMBL5727828,2020,CHEMBL5859911,7.79,=,=,IC50,nM,16.4,IC50,nM,16.4,Cn1cnc2ncn(Cc3nc([C@@H]4CO[C@@H](c5ccc(F)c(Cl)c5)C4)no3)c(=O)c21,UJNIKPJDCKJXCL-SMDDNHRTSA-N
28037639,CHEMBL5735475,B,Cn1cnc2ncn(Cc3nc([C@@H]4CO[C@@H](c5ccc(F)c(Cl)c5)C4)no3)c(=O)c21,,CHEMBL5727828,2020,CHEMBL5859911,8.44,=,=,IC50,nM,3.6,IC50,nM,3.6,Cn1cnc2ncn(Cc3nc([C@@H]4CO[C@@H](c5ccc(F)c(Cl)c5)C4)no3)c(=O)c21,UJNIKPJDCKJXCL-SMDDNHRTSA-N
28037642,CHEMBL5735474,B,Cn1cnc2ncn(Cc3nc([C@@H]4CO[C@@H](c5ccc(F)cc5)C4)no3)c(=O)c21,,CHEMBL5727828,2020,CHEMBL5076509,7.72,=,=,IC50,nM,19.0,IC50,nM,19.0,Cn1cnc2ncn(Cc3nc([C@@H]4CO[C@@H](c5ccc(F)cc5)C4)no3)c(=O)c21,KVSPYEYQFMGJNK-GXTWGEPZSA-N
28037645,CHEMBL5735475,B,Cn1cnc2ncn(Cc3nc([C@@H]4CO[C@@H](c5ccc(F)cc5)C4)no3)c(=O)c21,,CHEMBL5727828,2020,CHEMBL5076509,8.18,=,=,IC50,nM,6.6,IC50,nM,6.6,Cn1cnc2ncn(Cc3nc([C@@H]4CO[C@@H](c5ccc(F)cc5)C4)no3)c(=O)c21,KVSPYEYQFMGJNK-GXTWGEPZSA-N
28037648,CHEMBL5735474,B,Cn1cnc2ncn(Cc3nc([C@@H]4CO[C@@H](c5ccc(C#N)cc5)C4)no3)c(=O)c21,,CHEMBL5727828,2020,CHEMBL5929533,6.97,=,=,IC50,nM,108.0,IC50,nM,108.0,Cn1cnc2ncn(Cc3nc([C@@H]4CO[C@@H](c5ccc(C#N)cc5)C4)no3)c(=O)c21,MKBIZVCFJOWGMO-LSDHHAIUSA-N
28037651,CHEMBL5735475,B,Cn1cnc2ncn(Cc3nc([C@@H]4CO[C@@H](c5ccc(C#N)cc5)C4)no3)c(=O)c21,,CHEMBL5727828,2020,CHEMBL5929533,7.28,=,=,IC50,nM,52.0,IC50,nM,52.0,Cn1cnc2ncn(Cc3nc([C@@H]4CO[C@@H](c5ccc(C#N)cc5)C4)no3)c(=O)c21,MKBIZVCFJOWGMO-LSDHHAIUSA-N
28037654,CHEMBL5735474,B,Cn1cnc2ncn(Cc3nc([C@@H]4CO[C@@H](c5ccc(C(F)(F)F)cc5)C4)no3)c(=O)c21,,CHEMBL5727828,2020,CHEMBL5994890,7.33,=,=,IC50,nM,46.4,IC50,nM,46.4,Cn1cnc2ncn(Cc3nc([C@@H]4CO[C@@H](c5ccc(C(F)(F)F)cc5)C4)no3)c(=O)c21,BKBDSVDSSWOBTQ-GXTWGEPZSA-N
28037657,CHEMBL5735475,B,Cn1cnc2ncn(Cc3nc([C@@H]4CO[C@@H](c5ccc(C(F)(F)F)cc5)C4)no3)c(=O)c21,,CHEMBL5727828,2020,CHEMBL5994890,7.54,=,=,IC50,nM,29.0,IC50,nM,29.0,Cn1cnc2ncn(Cc3nc([C@@H]4CO[C@@H](c5ccc(C(F)(F)F)cc5)C4)no3)c(=O)c21,BKBDSVDSSWOBTQ-GXTWGEPZSA-N
28037660,CHEMBL5735474,B,Cn1cnc2ccn(Cc3nc([C@@H]4CO[C@@H](c5ccc(Cl)cc5)C4)no3)c(=O)c21,,CHEMBL5727828,2020,CHEMBL5952117,8.51,=,=,IC50,nM,3.06,IC50,nM,3.06,Cn1cnc2ccn(Cc3nc([C@@H]4CO[C@@H](c5ccc(Cl)cc5)C4)no3)c(=O)c21,COWJGGFKTKTZOT-XJKSGUPXSA-N
28037663,CHEMBL5735475,B,Cn1cnc2ccn(Cc3nc([C@@H]4CO[C@@H](c5ccc(Cl)cc5)C4)no3)c(=O)c21,,CHEMBL5727828,2020,CHEMBL5952117,9.38,=,=,IC50,nM,0.42,IC50,nM,0.42,Cn1cnc2ccn(Cc3nc([C@@H]4CO[C@@H](c5ccc(Cl)cc5)C4)no3)c(=O)c21,COWJGGFKTKTZOT-XJKSGUPXSA-N
28037666,CHEMBL5735474,B,Cn1cnc2ncn(Cc3nc([C@@H]4CO[C@@H](c5cc(F)c(F)c(F)c5)C4)no3)c(=O)c21,,CHEMBL5727828,2020,CHEMBL5853140,7.56,=,=,IC50,nM,27.6,IC50,nM,27.6,Cn1cnc2ncn(Cc3nc([C@@H]4CO[C@@H](c5cc(F)c(F)c(F)c5)C4)no3)c(=O)c21,SSJBHGRPQUDMCG-GXFFZTMASA-N
28037669,CHEMBL5735475,B,Cn1cnc2ncn(Cc3nc([C@@H]4CO[C@@H](c5cc(F)c(F)c(F)c5)C4)no3)c(=O)c21,,CHEMBL5727828,2020,CHEMBL5853140,7.96,=,=,IC50,nM,11.0,IC50,nM,11.0,Cn1cnc2ncn(Cc3nc([C@@H]4CO[C@@H](c5cc(F)c(F)c(F)c5)C4)no3)c(=O)c21,SSJBHGRPQUDMCG-GXFFZTMASA-N
28037672,CHEMBL5735474,B,Cn1cnc2ncn(Cc3nc([C@@H]4CO[C@@H](c5ccc(Cl)cn5)C4)no3)c(=O)c21,,CHEMBL5727828,2020,CHEMBL6024613,6.72,=,=,IC50,nM,190.0,IC50,nM,190.0,Cn1cnc2ncn(Cc3nc([C@@H]4CO[C@@H](c5ccc(Cl)cn5)C4)no3)c(=O)c21,QAYYDMWAJXHPGT-GXFFZTMASA-N
28037675,CHEMBL5735475,B,Cn1cnc2ncn(Cc3nc([C@@H]4CO[C@@H](c5ccc(Cl)cn5)C4)no3)c(=O)c21,,CHEMBL5727828,2020,CHEMBL6024613,6.77,=,=,IC50,nM,170.0,IC50,nM,170.0,Cn1cnc2ncn(Cc3nc([C@@H]4CO[C@@H](c5ccc(Cl)cn5)C4)no3)c(=O)c21,QAYYDMWAJXHPGT-GXFFZTMASA-N
28037678,CHEMBL5735474,B,Cn1cnc2ncn(Cc3nc([C@@H]4CO[C@@](C)(c5ccc(Cl)cc5)C4)no3)c(=O)c21,,CHEMBL5727828,2020,CHEMBL5914099,5.43,=,=,IC50,nM,3710.0,IC50,nM,3710.0,Cn1cnc2ncn(Cc3nc([C@@H]4CO[C@@](C)(c5ccc(Cl)cc5)C4)no3)c(=O)c21,XSVJDKKRVOFGLA-FKIZINRSSA-N
28037681,CHEMBL5735475,B,Cn1cnc2ncn(Cc3nc([C@@H]4CO[C@@](C)(c5ccc(Cl)cc5)C4)no3)c(=O)c21,,CHEMBL5727828,2020,CHEMBL5914099,5.66,=,=,IC50,nM,2200.0,IC50,nM,2200.0,Cn1cnc2ncn(Cc3nc([C@@H]4CO[C@@](C)(c5ccc(Cl)cc5)C4)no3)c(=O)c21,XSVJDKKRVOFGLA-FKIZINRSSA-N
28037684,CHEMBL5735474,B,Cn1cnc2ncn(Cc3nc([C@@H]4CO[C@@]5(Cc6ccccc65)C4)no3)c(=O)c21,,CHEMBL5727828,2020,CHEMBL6062464,6.56,=,=,IC50,nM,278.0,IC50,nM,278.0,Cn1cnc2ncn(Cc3nc([C@@H]4CO[C@@]5(Cc6ccccc65)C4)no3)c(=O)c21,JWEUHOBGYUINRR-RBZFPXEDSA-N
28037687,CHEMBL5735475,B,Cn1cnc2ncn(Cc3nc([C@@H]4CO[C@@]5(Cc6ccccc65)C4)no3)c(=O)c21,,CHEMBL5727828,2020,CHEMBL6062464,6.85,=,=,IC50,nM,140.0,IC50,nM,140.0,Cn1cnc2ncn(Cc3nc([C@@H]4CO[C@@]5(Cc6ccccc65)C4)no3)c(=O)c21,JWEUHOBGYUINRR-RBZFPXEDSA-N
28037690,CHEMBL5735474,B,Cc1cncc2ncn(Cc3nc([C@@H]4CO[C@@H](c5ccc(Cl)cc5)C4)no3)c(=O)c12,,CHEMBL5727828,2020,CHEMBL5745647,8.49,=,=,IC50,nM,3.2,IC50,nM,3.2,Cc1cncc2ncn(Cc3nc([C@@H]4CO[C@@H](c5ccc(Cl)cc5)C4)no3)c(=O)c12,SUKMMEQGLYCHDO-WMLDXEAASA-N
28037693,CHEMBL5735475,B,Cc1cncc2ncn(Cc3nc([C@@H]4CO[C@@H](c5ccc(Cl)cc5)C4)no3)c(=O)c12,,CHEMBL5727828,2020,CHEMBL5745647,8.89,=,=,IC50,nM,1.3,IC50,nM,1.3,Cc1cncc2ncn(Cc3nc([C@@H]4CO[C@@H](c5ccc(Cl)cc5)C4)no3)c(=O)c12,SUKMMEQGLYCHDO-WMLDXEAASA-N
28037696,CHEMBL5735474,B,O=c1c2ccncc2ncn1Cc1nc([C@@H]2CO[C@@H](c3ccc(Cl)cc3)C2)no1,,CHEMBL5727828,2020,CHEMBL5958151,7.71,=,=,IC50,nM,19.3,IC50,nM,19.3,O=c1c2ccncc2ncn1Cc1nc([C@@H]2CO[C@@H](c3ccc(Cl)cc3)C2)no1,IVSPLJZYCFTOCC-SUMWQHHRSA-N
28037699,CHEMBL5735475,B,O=c1c2ccncc2ncn1Cc1nc([C@@H]2CO[C@@H](c3ccc(Cl)cc3)C2)no1,,CHEMBL5727828,2020,CHEMBL5958151,8.11,=,=,IC50,nM,7.8,IC50,nM,7.8,O=c1c2ccncc2ncn1Cc1nc([C@@H]2CO[C@@H](c3ccc(Cl)cc3)C2)no1,IVSPLJZYCFTOCC-SUMWQHHRSA-N
28037702,CHEMBL5735474,B,Cn1c(=O)ccc2ncn(Cc3nc([C@@H]4CO[C@@H](c5ccc(Cl)cc5)C4)no3)c(=O)c21,,CHEMBL5727828,2020,CHEMBL5785195,7.84,=,=,IC50,nM,14.5,IC50,nM,14.5,Cn1c(=O)ccc2ncn(Cc3nc([C@@H]4CO[C@@H](c5ccc(Cl)cc5)C4)no3)c(=O)c21,DIAYDLRDYDEHDA-XJKSGUPXSA-N
28037705,CHEMBL5735475,B,Cn1c(=O)ccc2ncn(Cc3nc([C@@H]4CO[C@@H](c5ccc(Cl)cc5)C4)no3)c(=O)c21,,CHEMBL5727828,2020,CHEMBL5785195,7.85,=,=,IC50,nM,14.0,IC50,nM,14.0,Cn1c(=O)ccc2ncn(Cc3nc([C@@H]4CO[C@@H](c5ccc(Cl)cc5)C4)no3)c(=O)c21,DIAYDLRDYDEHDA-XJKSGUPXSA-N
28037708,CHEMBL5735474,B,Cc1c(=O)ncn2cnn(Cc3nc([C@@H]4CO[C@@H](c5ccc(Cl)cc5)C4)no3)c(=O)c12,,CHEMBL5727828,2020,CHEMBL5990350,6.48,=,=,IC50,nM,332.0,IC50,nM,332.0,Cc1c(=O)ncn2cnn(Cc3nc([C@@H]4CO[C@@H](c5ccc(Cl)cc5)C4)no3)c(=O)c12,QMAFBTYWSLPNQI-DZGCQCFKSA-N
28037711,CHEMBL5735475,B,Cc1c(=O)ncn2cnn(Cc3nc([C@@H]4CO[C@@H](c5ccc(Cl)cc5)C4)no3)c(=O)c12,,CHEMBL5727828,2020,CHEMBL5990350,6.62,=,=,IC50,nM,240.0,IC50,nM,240.0,Cc1c(=O)ncn2cnn(Cc3nc([C@@H]4CO[C@@H](c5ccc(Cl)cc5)C4)no3)c(=O)c12,QMAFBTYWSLPNQI-DZGCQCFKSA-N
28037714,CHEMBL5735474,B,Cc1cnn2ncn(Cc3nc([C@@H]4CO[C@@H](c5ccc(Cl)cc5)C4)no3)c(=O)c12,,CHEMBL5727828,2020,CHEMBL6057282,8.92,=,=,IC50,nM,1.2,IC50,nM,1.2,Cc1cnn2ncn(Cc3nc([C@@H]4CO[C@@H](c5ccc(Cl)cc5)C4)no3)c(=O)c12,HWKOCGQYCSKFFR-DZGCQCFKSA-N
28037717,CHEMBL5735475,B,Cc1cnn2ncn(Cc3nc([C@@H]4CO[C@@H](c5ccc(Cl)cc5)C4)no3)c(=O)c12,,CHEMBL5727828,2020,CHEMBL6057282,9.1,=,=,IC50,nM,0.8,IC50,nM,0.8,Cc1cnn2ncn(Cc3nc([C@@H]4CO[C@@H](c5ccc(Cl)cc5)C4)no3)c(=O)c12,HWKOCGQYCSKFFR-DZGCQCFKSA-N
28037720,CHEMBL5735475,B,Cc1ccc(=O)n2ccn(Cc3nc([C@@H]4CO[C@@H](c5ccc(Cl)cc5)C4)no3)c(=O)c12,,CHEMBL5727828,2020,CHEMBL5849460,8.37,=,=,IC50,nM,4.3,IC50,nM,4.3,Cc1ccc(=O)n2ccn(Cc3nc([C@@H]4CO[C@@H](c5ccc(Cl)cc5)C4)no3)c(=O)c12,ABYAAFDXQRWTJE-DOTOQJQBSA-N
28037723,CHEMBL5735474,B,Cn1c(=O)c2c(ncn2Cc2nc([C@@H]3CO[C@@H](c4ccc(Cl)cc4)C3)no2)n(C)c1=O,,CHEMBL5727828,2020,CHEMBL5929352,7.29,=,=,IC50,nM,50.8,IC50,nM,50.8,Cn1c(=O)c2c(ncn2Cc2nc([C@@H]3CO[C@@H](c4ccc(Cl)cc4)C3)no2)n(C)c1=O,BPLFISJMISZSMT-GXTWGEPZSA-N
28037726,CHEMBL5735475,B,Cn1c(=O)c2c(ncn2Cc2nc([C@@H]3CO[C@@H](c4ccc(Cl)cc4)C3)no2)n(C)c1=O,,CHEMBL5727828,2020,CHEMBL5929352,7.24,=,=,IC50,nM,57.0,IC50,nM,57.0,Cn1c(=O)c2c(ncn2Cc2nc([C@@H]3CO[C@@H](c4ccc(Cl)cc4)C3)no2)n(C)c1=O,BPLFISJMISZSMT-GXTWGEPZSA-N
28037729,CHEMBL5735474,B,Cn1c(NCc2ccccn2)nc2ncn(Cc3nc([C@@H]4CO[C@@H](c5ccc(Cl)cc5)C4)no3)c(=O)c21,,CHEMBL5727828,2020,CHEMBL5915465,7.4,=,=,IC50,nM,40.1,IC50,nM,40.1,Cn1c(NCc2ccccn2)nc2ncn(Cc3nc([C@@H]4CO[C@@H](c5ccc(Cl)cc5)C4)no3)c(=O)c21,JBYPWLUUGPQYAS-QFBILLFUSA-N
28037732,CHEMBL5735475,B,Cn1c(NCc2ccccn2)nc2ncn(Cc3nc([C@@H]4CO[C@@H](c5ccc(Cl)cc5)C4)no3)c(=O)c21,,CHEMBL5727828,2020,CHEMBL5915465,7.54,=,=,IC50,nM,29.0,IC50,nM,29.0,Cn1c(NCc2ccccn2)nc2ncn(Cc3nc([C@@H]4CO[C@@H](c5ccc(Cl)cc5)C4)no3)c(=O)c21,JBYPWLUUGPQYAS-QFBILLFUSA-N
28037735,CHEMBL5735474,B,COc1nccc2c(=O)n(Cc3nc([C@@H]4CO[C@@H](c5ccc(Cl)cc5)C4)no3)cnc12,,CHEMBL5727828,2020,CHEMBL5787622,7.02,=,=,IC50,nM,95.1,IC50,nM,95.1,COc1nccc2c(=O)n(Cc3nc([C@@H]4CO[C@@H](c5ccc(Cl)cc5)C4)no3)cnc12,BKDSPECIAKYFPT-XJKSGUPXSA-N
28037738,CHEMBL5735475,B,COc1nccc2c(=O)n(Cc3nc([C@@H]4CO[C@@H](c5ccc(Cl)cc5)C4)no3)cnc12,,CHEMBL5727828,2020,CHEMBL5787622,6.85,=,=,IC50,nM,140.0,IC50,nM,140.0,COc1nccc2c(=O)n(Cc3nc([C@@H]4CO[C@@H](c5ccc(Cl)cc5)C4)no3)cnc12,BKDSPECIAKYFPT-XJKSGUPXSA-N
28037741,CHEMBL5735474,B,Cn1cnc2ncn(Cc3nc([C@@H]4CO[C@@H](c5ccc6ncsc6c5)C4)no3)c(=O)c21,,CHEMBL5727828,2020,CHEMBL6000369,6.84,=,=,IC50,nM,146.0,IC50,nM,146.0,Cn1cnc2ncn(Cc3nc([C@@H]4CO[C@@H](c5ccc6ncsc6c5)C4)no3)c(=O)c21,BBFDPQFELBFLCW-GXTWGEPZSA-N
28037744,CHEMBL5735475,B,Cn1cnc2ncn(Cc3nc([C@@H]4CO[C@@H](c5ccc6ncsc6c5)C4)no3)c(=O)c21,,CHEMBL5727828,2020,CHEMBL6000369,7.06,=,=,IC50,nM,88.0,IC50,nM,88.0,Cn1cnc2ncn(Cc3nc([C@@H]4CO[C@@H](c5ccc6ncsc6c5)C4)no3)c(=O)c21,BBFDPQFELBFLCW-GXTWGEPZSA-N
28037747,CHEMBL5735474,B,Cc1ccnc2ncn(Cc3nc([C@@H]4CO[C@@H](c5ccc(Cl)cc5)C4)no3)c(=O)c12,,CHEMBL5727828,2020,CHEMBL5952658,8.67,=,=,IC50,nM,2.14,IC50,nM,2.14,Cc1ccnc2ncn(Cc3nc([C@@H]4CO[C@@H](c5ccc(Cl)cc5)C4)no3)c(=O)c12,GGKRJWBWIAZWQO-GOEBONIOSA-N
28037750,CHEMBL5735475,B,Cc1ccnc2ncn(Cc3nc([C@@H]4CO[C@@H](c5ccc(Cl)cc5)C4)no3)c(=O)c12,,CHEMBL5727828,2020,CHEMBL5952658,9.14,=,=,IC50,nM,0.73,IC50,nM,0.73,Cc1ccnc2ncn(Cc3nc([C@@H]4CO[C@@H](c5ccc(Cl)cc5)C4)no3)c(=O)c12,GGKRJWBWIAZWQO-GOEBONIOSA-N
28037753,CHEMBL5735474,B,Cn1cnc2ncn(Cc3nc([C@@H]4CO[C@@H](c5ccc(Cl)cc5)C4)no3)c2c1=O,,CHEMBL5727828,2020,CHEMBL6030491,7.72,=,=,IC50,nM,19.0,IC50,nM,19.0,Cn1cnc2ncn(Cc3nc([C@@H]4CO[C@@H](c5ccc(Cl)cc5)C4)no3)c2c1=O,WOIUQWYXFIXJME-GXTWGEPZSA-N
28037756,CHEMBL5735475,B,Cn1cnc2ncn(Cc3nc([C@@H]4CO[C@@H](c5ccc(Cl)cc5)C4)no3)c2c1=O,,CHEMBL5727828,2020,CHEMBL6030491,7.92,=,=,IC50,nM,12.0,IC50,nM,12.0,Cn1cnc2ncn(Cc3nc([C@@H]4CO[C@@H](c5ccc(Cl)cc5)C4)no3)c2c1=O,WOIUQWYXFIXJME-GXTWGEPZSA-N
28037759,CHEMBL5735474,B,Cn1cnc2ccn(Cc3nc([C@@H]4CO[C@@H](c5ccc(F)cc5)C4)no3)c(=O)c21,,CHEMBL5727828,2020,CHEMBL5897708,8.17,=,=,IC50,nM,6.76,IC50,nM,6.76,Cn1cnc2ccn(Cc3nc([C@@H]4CO[C@@H](c5ccc(F)cc5)C4)no3)c(=O)c21,UJUTWGLLXLIFHF-XJKSGUPXSA-N
28037762,CHEMBL5735475,B,Cn1cnc2ccn(Cc3nc([C@@H]4CO[C@@H](c5ccc(F)cc5)C4)no3)c(=O)c21,,CHEMBL5727828,2020,CHEMBL5897708,8.72,=,=,IC50,nM,1.9,IC50,nM,1.9,Cn1cnc2ccn(Cc3nc([C@@H]4CO[C@@H](c5ccc(F)cc5)C4)no3)c(=O)c21,UJUTWGLLXLIFHF-XJKSGUPXSA-N
28037765,CHEMBL5735474,B,Cn1cnc2cnn(Cc3nc([C@@H]4CO[C@@H](c5ccc(Cl)cc5)C4)no3)c(=O)c21,,CHEMBL5727828,2020,CHEMBL6047901,7.41,=,=,IC50,nM,38.8,IC50,nM,38.8,Cn1cnc2cnn(Cc3nc([C@@H]4CO[C@@H](c5ccc(Cl)cc5)C4)no3)c(=O)c21,MRLQZWIORUYYAK-SWLSCSKDSA-N
28037768,CHEMBL5735475,B,Cn1cnc2cnn(Cc3nc([C@@H]4CO[C@@H](c5ccc(Cl)cc5)C4)no3)c(=O)c21,,CHEMBL5727828,2020,CHEMBL6047901,7.75,=,=,IC50,nM,18.0,IC50,nM,18.0,Cn1cnc2cnn(Cc3nc([C@@H]4CO[C@@H](c5ccc(Cl)cc5)C4)no3)c(=O)c21,MRLQZWIORUYYAK-SWLSCSKDSA-N
28037771,CHEMBL5735474,B,Cc1ccnc2ncn(Cc3nc([C@@H]4CO[C@@H](c5ccc(Cl)cc5)C4)no3)c(=O)c12,,CHEMBL5727828,2020,CHEMBL5952658,7.16,=,=,IC50,nM,69.0,IC50,nM,69.0,Cc1ccnc2ncn(Cc3nc([C@@H]4CO[C@@H](c5ccc(Cl)cc5)C4)no3)c(=O)c12,GGKRJWBWIAZWQO-GOEBONIOSA-N
28037774,CHEMBL5735475,B,Cc1ccnc2ncn(Cc3nc([C@@H]4CO[C@@H](c5ccc(Cl)cc5)C4)no3)c(=O)c12,,CHEMBL5727828,2020,CHEMBL5952658,7.28,=,=,IC50,nM,52.0,IC50,nM,52.0,Cc1ccnc2ncn(Cc3nc([C@@H]4CO[C@@H](c5ccc(Cl)cc5)C4)no3)c(=O)c12,GGKRJWBWIAZWQO-GOEBONIOSA-N
28037777,CHEMBL5735474,B,Cn1cnc2ncn(Cc3nc([C@@H]4CO[C@@H](c5ccc(Cl)cc5)C4)no3)c(=S)c21,,CHEMBL5727828,2020,CHEMBL5844147,8.38,=,=,IC50,nM,4.16,IC50,nM,4.16,Cn1cnc2ncn(Cc3nc([C@@H]4CO[C@@H](c5ccc(Cl)cc5)C4)no3)c(=S)c21,LLQYCVKVDILAKB-GXTWGEPZSA-N
28037780,CHEMBL5735475,B,Cn1cnc2ncn(Cc3nc([C@@H]4CO[C@@H](c5ccc(Cl)cc5)C4)no3)c(=S)c21,,CHEMBL5727828,2020,CHEMBL5844147,8.52,=,=,IC50,nM,3.0,IC50,nM,3.0,Cn1cnc2ncn(Cc3nc([C@@H]4CO[C@@H](c5ccc(Cl)cc5)C4)no3)c(=S)c21,LLQYCVKVDILAKB-GXTWGEPZSA-N
28037783,CHEMBL5735474,B,Nc1ccc2c(=O)n(Cc3nc([C@@H]4CO[C@@H](c5ccc(F)cc5)C4)no3)cnc2n1,,CHEMBL5727828,2020,CHEMBL5917938,7.81,=,=,IC50,nM,15.6,IC50,nM,15.6,Nc1ccc2c(=O)n(Cc3nc([C@@H]4CO[C@@H](c5ccc(F)cc5)C4)no3)cnc2n1,QWLNQFWDSVBLQX-SWLSCSKDSA-N
28037786,CHEMBL5735475,B,Nc1ccc2c(=O)n(Cc3nc([C@@H]4CO[C@@H](c5ccc(F)cc5)C4)no3)cnc2n1,,CHEMBL5727828,2020,CHEMBL5917938,7.92,=,=,IC50,nM,12.0,IC50,nM,12.0,Nc1ccc2c(=O)n(Cc3nc([C@@H]4CO[C@@H](c5ccc(F)cc5)C4)no3)cnc2n1,QWLNQFWDSVBLQX-SWLSCSKDSA-N
28037789,CHEMBL5735474,B,Cn1nnc2ccn(Cc3nc([C@@H]4CO[C@@H](c5ccc(Cl)cc5)C4)no3)c(=O)c21,,CHEMBL5727828,2020,CHEMBL5769296,8.33,=,=,IC50,nM,4.65,IC50,nM,4.65,Cn1nnc2ccn(Cc3nc([C@@H]4CO[C@@H](c5ccc(Cl)cc5)C4)no3)c(=O)c21,QEHXVVXHOKWNFT-SWLSCSKDSA-N
28037792,CHEMBL5735475,B,Cn1nnc2ccn(Cc3nc([C@@H]4CO[C@@H](c5ccc(Cl)cc5)C4)no3)c(=O)c21,,CHEMBL5727828,2020,CHEMBL5769296,8.68,=,=,IC50,nM,2.1,IC50,nM,2.1,Cn1nnc2ccn(Cc3nc([C@@H]4CO[C@@H](c5ccc(Cl)cc5)C4)no3)c(=O)c21,QEHXVVXHOKWNFT-SWLSCSKDSA-N
28037795,CHEMBL5735474,B,Nc1nc2ncccc2c(=O)n1Cc1nc([C@@H]2CO[C@@H](c3ccc(Cl)cc3)C2)no1,,CHEMBL5727828,2020,CHEMBL5837590,8.08,=,=,IC50,nM,8.29,IC50,nM,8.29,Nc1nc2ncccc2c(=O)n1Cc1nc([C@@H]2CO[C@@H](c3ccc(Cl)cc3)C2)no1,QSDHOQUBCGWXAS-SWLSCSKDSA-N
28037798,CHEMBL5735475,B,Nc1nc2ncccc2c(=O)n1Cc1nc([C@@H]2CO[C@@H](c3ccc(Cl)cc3)C2)no1,,CHEMBL5727828,2020,CHEMBL5837590,8.57,=,=,IC50,nM,2.7,IC50,nM,2.7,Nc1nc2ncccc2c(=O)n1Cc1nc([C@@H]2CO[C@@H](c3ccc(Cl)cc3)C2)no1,QSDHOQUBCGWXAS-SWLSCSKDSA-N
28037801,CHEMBL5735474,B,Cc1cc(=O)nc2ccn(Cc3nc([C@@H]4CO[C@@H](c5ccc(Cl)cc5)C4)no3)c(=O)n12,,CHEMBL5727828,2020,CHEMBL5925816,8.03,=,=,IC50,nM,9.26,IC50,nM,9.26,Cc1cc(=O)nc2ccn(Cc3nc([C@@H]4CO[C@@H](c5ccc(Cl)cc5)C4)no3)c(=O)n12,SXDANHSUZITSHM-GOEBONIOSA-N
28037804,CHEMBL5735475,B,Cc1cc(=O)nc2ccn(Cc3nc([C@@H]4CO[C@@H](c5ccc(Cl)cc5)C4)no3)c(=O)n12,,CHEMBL5727828,2020,CHEMBL5925816,8.55,=,=,IC50,nM,2.8,IC50,nM,2.8,Cc1cc(=O)nc2ccn(Cc3nc([C@@H]4CO[C@@H](c5ccc(Cl)cc5)C4)no3)c(=O)n12,SXDANHSUZITSHM-GOEBONIOSA-N
28037807,CHEMBL5735474,B,Cc1ncn2ncn(Cc3nc([C@@H]4CO[C@@H](c5ccc(Cl)cc5)C4)no3)c(=O)c12,,CHEMBL5727828,2020,CHEMBL5987185,7.69,=,=,IC50,nM,20.6,IC50,nM,20.6,Cc1ncn2ncn(Cc3nc([C@@H]4CO[C@@H](c5ccc(Cl)cc5)C4)no3)c(=O)c12,UZJUTLNJTZTLIT-DZGCQCFKSA-N
28037810,CHEMBL5735475,B,Cc1ncn2ncn(Cc3nc([C@@H]4CO[C@@H](c5ccc(Cl)cc5)C4)no3)c(=O)c12,,CHEMBL5727828,2020,CHEMBL5987185,7.82,=,=,IC50,nM,15.0,IC50,nM,15.0,Cc1ncn2ncn(Cc3nc([C@@H]4CO[C@@H](c5ccc(Cl)cc5)C4)no3)c(=O)c12,UZJUTLNJTZTLIT-DZGCQCFKSA-N
28037813,CHEMBL5735474,B,COc1ccc([C@H]2C[C@H](c3noc(CN4C=NC5N=CN(C)C5C4=O)n3)CO2)cc1,,CHEMBL5727828,2020,CHEMBL6001870,6.86,=,=,IC50,nM,137.0,IC50,nM,137.0,COc1ccc([C@H]2C[C@H](c3noc(CN4C=NC5N=CN(C)C5C4=O)n3)CO2)cc1,PKZUAQKBDUQBKF-KLHPHEINSA-N
28037816,CHEMBL5735475,B,COc1ccc([C@H]2C[C@H](c3noc(CN4C=NC5N=CN(C)C5C4=O)n3)CO2)cc1,,CHEMBL5727828,2020,CHEMBL6001870,7.17,=,=,IC50,nM,67.0,IC50,nM,67.0,COc1ccc([C@H]2C[C@H](c3noc(CN4C=NC5N=CN(C)C5C4=O)n3)CO2)cc1,PKZUAQKBDUQBKF-KLHPHEINSA-N
28037819,CHEMBL5735474,B,Cc1cnn2ncn(Cc3nc([C@@H]4CO[C@@H](c5ccc(F)cc5)C4)no3)c(=O)c12,,CHEMBL5727828,2020,CHEMBL5940735,8.07,=,=,IC50,nM,8.47,IC50,nM,8.47,Cc1cnn2ncn(Cc3nc([C@@H]4CO[C@@H](c5ccc(F)cc5)C4)no3)c(=O)c12,YJGBPDRSVXCGGG-DZGCQCFKSA-N
28037822,CHEMBL5735475,B,Cc1cnn2ncn(Cc3nc([C@@H]4CO[C@@H](c5ccc(F)cc5)C4)no3)c(=O)c12,,CHEMBL5727828,2020,CHEMBL5940735,8.8,=,=,IC50,nM,1.6,IC50,nM,1.6,Cc1cnn2ncn(Cc3nc([C@@H]4CO[C@@H](c5ccc(F)cc5)C4)no3)c(=O)c12,YJGBPDRSVXCGGG-DZGCQCFKSA-N
28037825,CHEMBL5735474,B,Cc1cncc2ncn(Cc3nc([C@@H]4CO[C@@H](c5ccc(F)cc5)C4)no3)c(=O)c12,,CHEMBL5727828,2020,CHEMBL5746517,7.97,=,=,IC50,nM,10.7,IC50,nM,10.7,Cc1cncc2ncn(Cc3nc([C@@H]4CO[C@@H](c5ccc(F)cc5)C4)no3)c(=O)c12,CHJNLJDLILUZCU-WMLDXEAASA-N
28037828,CHEMBL5735475,B,Cc1cncc2ncn(Cc3nc([C@@H]4CO[C@@H](c5ccc(F)cc5)C4)no3)c(=O)c12,,CHEMBL5727828,2020,CHEMBL5746517,8.92,=,=,IC50,nM,1.2,IC50,nM,1.2,Cc1cncc2ncn(Cc3nc([C@@H]4CO[C@@H](c5ccc(F)cc5)C4)no3)c(=O)c12,CHJNLJDLILUZCU-WMLDXEAASA-N
28037831,CHEMBL5735474,B,Cn1cnc2ncn(Cc3nc([C@@H]4CO[C@@H](c5ccc(C6CC6)cc5)C4)no3)c(=O)c21,,CHEMBL5727828,2020,CHEMBL5775732,7.34,=,=,IC50,nM,46.0,IC50,nM,46.0,Cn1cnc2ncn(Cc3nc([C@@H]4CO[C@@H](c5ccc(C6CC6)cc5)C4)no3)c(=O)c21,NSCDYGWDPJENAZ-DLBZAZTESA-N
28037834,CHEMBL5735475,B,Cn1cnc2ncn(Cc3nc([C@@H]4CO[C@@H](c5ccc(C6CC6)cc5)C4)no3)c(=O)c21,,CHEMBL5727828,2020,CHEMBL5775732,7.57,=,=,IC50,nM,27.0,IC50,nM,27.0,Cn1cnc2ncn(Cc3nc([C@@H]4CO[C@@H](c5ccc(C6CC6)cc5)C4)no3)c(=O)c21,NSCDYGWDPJENAZ-DLBZAZTESA-N
28037837,CHEMBL5735474,B,Cn1cnc2ncn(Cc3nc([C@@H]4CO[C@@H](c5ccc(F)cc5)C4)no3)c2c1=O,,CHEMBL5727828,2020,CHEMBL5827481,7.22,=,=,IC50,nM,59.5,IC50,nM,59.5,Cn1cnc2ncn(Cc3nc([C@@H]4CO[C@@H](c5ccc(F)cc5)C4)no3)c2c1=O,KVBIZNGZPXTWQB-GXTWGEPZSA-N
28037840,CHEMBL5735475,B,Cn1cnc2ncn(Cc3nc([C@@H]4CO[C@@H](c5ccc(F)cc5)C4)no3)c2c1=O,,CHEMBL5727828,2020,CHEMBL5827481,7.47,=,=,IC50,nM,34.0,IC50,nM,34.0,Cn1cnc2ncn(Cc3nc([C@@H]4CO[C@@H](c5ccc(F)cc5)C4)no3)c2c1=O,KVBIZNGZPXTWQB-GXTWGEPZSA-N
28037843,CHEMBL5735474,B,Cn1cnc2ncn(Cc3nc([C@@H]4CO[C@@H](c5ccc(Cl)cc5)C4)no3)c(=O)c21,,CHEMBL5727828,2020,CHEMBL4849329,8.33,=,=,IC50,nM,4.71,IC50,nM,4.71,Cn1cnc2ncn(Cc3nc([C@@H]4CO[C@@H](c5ccc(Cl)cc5)C4)no3)c(=O)c21,UGLQOTZNBCEHHB-GXTWGEPZSA-N
28037846,CHEMBL5735475,B,Cn1cnc2ncn(Cc3nc([C@@H]4CO[C@@H](c5ccc(Cl)cc5)C4)no3)c(=O)c21,,CHEMBL5727828,2020,CHEMBL4849329,8.92,=,=,IC50,nM,1.2,IC50,nM,1.2,Cn1cnc2ncn(Cc3nc([C@@H]4CO[C@@H](c5ccc(Cl)cc5)C4)no3)c(=O)c21,UGLQOTZNBCEHHB-GXTWGEPZSA-N
28037849,CHEMBL5735474,B,Cn1cnc2nc(N)n(Cc3nc([C@@H]4CO[C@@H](c5ccc(Cl)cc5)C4)no3)c(=O)c21,,CHEMBL5727828,2020,CHEMBL5781751,7.74,=,=,IC50,nM,18.4,IC50,nM,18.4,Cn1cnc2nc(N)n(Cc3nc([C@@H]4CO[C@@H](c5ccc(Cl)cc5)C4)no3)c(=O)c21,VSOGEYDZUOFVFT-WCQYABFASA-N
28037852,CHEMBL5735475,B,Cn1cnc2nc(N)n(Cc3nc([C@@H]4CO[C@@H](c5ccc(Cl)cc5)C4)no3)c(=O)c21,,CHEMBL5727828,2020,CHEMBL5781751,8.82,=,=,IC50,nM,1.5,IC50,nM,1.5,Cn1cnc2nc(N)n(Cc3nc([C@@H]4CO[C@@H](c5ccc(Cl)cc5)C4)no3)c(=O)c21,VSOGEYDZUOFVFT-WCQYABFASA-N
28037855,CHEMBL5735474,B,Cc1cnn2ncn(Cc3nc([C@@H]4CO[C@@H](c5ccc(Cl)cn5)C4)no3)c(=O)c12,,CHEMBL5727828,2020,CHEMBL6035384,6.66,=,=,IC50,nM,219.0,IC50,nM,219.0,Cc1cnn2ncn(Cc3nc([C@@H]4CO[C@@H](c5ccc(Cl)cn5)C4)no3)c(=O)c12,QVRQGKMJHZNDPL-SMDDNHRTSA-N
28037858,CHEMBL5735475,B,Cc1cnn2ncn(Cc3nc([C@@H]4CO[C@@H](c5ccc(Cl)cn5)C4)no3)c(=O)c12,,CHEMBL5727828,2020,CHEMBL6035384,6.82,=,=,IC50,nM,150.0,IC50,nM,150.0,Cc1cnn2ncn(Cc3nc([C@@H]4CO[C@@H](c5ccc(Cl)cn5)C4)no3)c(=O)c12,QVRQGKMJHZNDPL-SMDDNHRTSA-N
28037861,CHEMBL5735475,B,O=c1c2c(ncn1Cc1nc([C@@H]3CO[C@@H](c4ccc(Cl)cc4)C3)no1)CNCC2,,CHEMBL5727828,2020,CHEMBL5775087,7.66,=,=,IC50,nM,22.0,IC50,nM,22.0,O=c1c2c(ncn1Cc1nc([C@@H]3CO[C@@H](c4ccc(Cl)cc4)C3)no1)CNCC2,FCMUQGQOHDDBSQ-SUMWQHHRSA-N
28037864,CHEMBL5735474,B,Cn1cnc2nc(N)n(Cc3nc([C@@H]4CO[C@@H](c5ccc(S(F)(F)(F)(F)F)cc5)C4)no3)c(=O)c21,,CHEMBL5727828,2020,CHEMBL5989449,6.77,=,=,IC50,nM,170.0,IC50,nM,170.0,Cn1cnc2nc(N)n(Cc3nc([C@@H]4CO[C@@H](c5ccc(S(F)(F)(F)(F)F)cc5)C4)no3)c(=O)c21,PZZQZTSBVOVKIW-WCQYABFASA-N
28037867,CHEMBL5735475,B,Cn1cnc2nc(N)n(Cc3nc([C@@H]4CO[C@@H](c5ccc(S(F)(F)(F)(F)F)cc5)C4)no3)c(=O)c21,,CHEMBL5727828,2020,CHEMBL5989449,6.92,=,=,IC50,nM,120.0,IC50,nM,120.0,Cn1cnc2nc(N)n(Cc3nc([C@@H]4CO[C@@H](c5ccc(S(F)(F)(F)(F)F)cc5)C4)no3)c(=O)c21,PZZQZTSBVOVKIW-WCQYABFASA-N
28037870,CHEMBL5735475,B,Cc1ncn2ncn(Cc3nc([C@@H]4CO[C@@H](c5ccc(F)cc5)C4)no3)c(=O)c12,,CHEMBL5727828,2020,CHEMBL6043326,7.6,=,=,IC50,nM,25.0,IC50,nM,25.0,Cc1ncn2ncn(Cc3nc([C@@H]4CO[C@@H](c5ccc(F)cc5)C4)no3)c(=O)c12,BOXFETBEAMXCQH-DZGCQCFKSA-N
28037873,CHEMBL5735475,B,Cn1c(C(F)F)nc2ncn(Cc3nc([C@@H]4CO[C@@H](c5ccc(Cl)cc5)C4)no3)c(=O)c21,,CHEMBL5727828,2020,CHEMBL6040972,7.96,=,=,IC50,nM,11.0,IC50,nM,11.0,Cn1c(C(F)F)nc2ncn(Cc3nc([C@@H]4CO[C@@H](c5ccc(Cl)cc5)C4)no3)c(=O)c21,RBQQXOROSFEGNT-WCQYABFASA-N
28037876,CHEMBL5735475,B,NC(=O)c1ccc2c(=O)n(Cc3nc([C@@H]4CO[C@@H](c5ccc(Cl)cc5)C4)no3)cnc2n1,,CHEMBL5727828,2020,CHEMBL5997957,7.18,=,=,IC50,nM,66.0,IC50,nM,66.0,NC(=O)c1ccc2c(=O)n(Cc3nc([C@@H]4CO[C@@H](c5ccc(Cl)cc5)C4)no3)cnc2n1,USIMINOHYGYKII-BLLLJJGKSA-N
28037879,CHEMBL5735475,B,Cc1nc(NC2CCN(C)CC2)n2ncn(Cc3nc([C@@H]4CO[C@@H](c5ccc(Cl)cc5)C4)no3)c(=O)c12,,CHEMBL5727828,2020,CHEMBL5986898,6.82,=,=,IC50,nM,150.0,IC50,nM,150.0,Cc1nc(NC2CCN(C)CC2)n2ncn(Cc3nc([C@@H]4CO[C@@H](c5ccc(Cl)cc5)C4)no3)c(=O)c12,QSIHJBAJXYRZEP-FXAWDEMLSA-N
28037882,CHEMBL5735475,B,Cc1nc(NC2CNC2)n2ncn(Cc3nc([C@@H]4CO[C@@H](c5ccc(Cl)cc5)C4)no3)c(=O)c12,,CHEMBL5727828,2020,CHEMBL5838262,7.04,=,=,IC50,nM,92.0,IC50,nM,92.0,Cc1nc(NC2CNC2)n2ncn(Cc3nc([C@@H]4CO[C@@H](c5ccc(Cl)cc5)C4)no3)c(=O)c12,VRGTYOISGMRJHU-WMLDXEAASA-N
28037885,CHEMBL5735475,B,Cc1nc(N2CC(CN)C2)n2ncn(Cc3nc([C@@H]4CO[C@@H](c5ccc(Cl)cc5)C4)no3)c(=O)c12,,CHEMBL5727828,2020,CHEMBL6029127,6.75,=,=,IC50,nM,180.0,IC50,nM,180.0,Cc1nc(N2CC(CN)C2)n2ncn(Cc3nc([C@@H]4CO[C@@H](c5ccc(Cl)cc5)C4)no3)c(=O)c12,FLIQYUIVRAOUGB-FUHWJXTLSA-N
28037888,CHEMBL5735475,B,Cc1nc(N)n2ncn(Cc3nc([C@@H]4CO[C@@H](c5ccc(F)cc5)C4)no3)c(=O)c12,,CHEMBL5727828,2020,CHEMBL5936828,7.12,=,=,IC50,nM,75.0,IC50,nM,75.0,Cc1nc(N)n2ncn(Cc3nc([C@@H]4CO[C@@H](c5ccc(F)cc5)C4)no3)c(=O)c12,ZBIRHILYHCONPB-GXTWGEPZSA-N
28037891,CHEMBL5735475,B,O=c1c2cccc(=O)n2cnn1Cc1nc([C@@H]2CO[C@@H](c3ccc(Cl)cc3)C2)no1,,CHEMBL5727828,2020,CHEMBL5806080,8.62,=,=,IC50,nM,2.4,IC50,nM,2.4,O=c1c2cccc(=O)n2cnn1Cc1nc([C@@H]2CO[C@@H](c3ccc(Cl)cc3)C2)no1,ADSGDRJGOSICMK-XJKSGUPXSA-N
28037894,CHEMBL5735474,B,CN1C=NC2N=CN(Cc3nc([C@@H]4CO[C@@H](c5cc(F)c(Cl)c(F)c5)C4)no3)C(=O)C21,,CHEMBL5727828,2020,CHEMBL5931500,7.32,=,=,IC50,nM,47.4,IC50,nM,47.4,CN1C=NC2N=CN(Cc3nc([C@@H]4CO[C@@H](c5cc(F)c(Cl)c(F)c5)C4)no3)C(=O)C21,SFVBXBHHOGKJEW-RQJWMODNSA-N
28037897,CHEMBL5735475,B,CN1C=NC2N=CN(Cc3nc([C@@H]4CO[C@@H](c5cc(F)c(Cl)c(F)c5)C4)no3)C(=O)C21,,CHEMBL5727828,2020,CHEMBL5931500,7.89,=,=,IC50,nM,13.0,IC50,nM,13.0,CN1C=NC2N=CN(Cc3nc([C@@H]4CO[C@@H](c5cc(F)c(Cl)c(F)c5)C4)no3)C(=O)C21,SFVBXBHHOGKJEW-RQJWMODNSA-N
28037900,CHEMBL5735474,B,Cc1ncn2nc(N)n(Cc3nc([C@@H]4CO[C@@H](c5ccc(Cl)cc5)C4)no3)c(=O)c12,,CHEMBL5727828,2020,CHEMBL5812137,6.85,=,=,IC50,nM,142.0,IC50,nM,142.0,Cc1ncn2nc(N)n(Cc3nc([C@@H]4CO[C@@H](c5ccc(Cl)cc5)C4)no3)c(=O)c12,FJNRQRRMZBASMG-GXTWGEPZSA-N
28037903,CHEMBL5735475,B,Cc1ncn2nc(N)n(Cc3nc([C@@H]4CO[C@@H](c5ccc(Cl)cc5)C4)no3)c(=O)c12,,CHEMBL5727828,2020,CHEMBL5812137,8.34,=,=,IC50,nM,4.6,IC50,nM,4.6,Cc1ncn2nc(N)n(Cc3nc([C@@H]4CO[C@@H](c5ccc(Cl)cc5)C4)no3)c(=O)c12,FJNRQRRMZBASMG-GXTWGEPZSA-N
28037906,CHEMBL5735474,B,Cc1ncn2nc(N)n(Cc3nc([C@@H]4CO[C@@H](c5ccc(F)cc5)C4)no3)c(=O)c12,,CHEMBL5727828,2020,CHEMBL6026981,7.81,=,=,IC50,nM,15.5,IC50,nM,15.5,Cc1ncn2nc(N)n(Cc3nc([C@@H]4CO[C@@H](c5ccc(F)cc5)C4)no3)c(=O)c12,BPWDLGXLIXBTPG-GXTWGEPZSA-N
28037909,CHEMBL5735475,B,Cc1ncn2nc(N)n(Cc3nc([C@@H]4CO[C@@H](c5ccc(F)cc5)C4)no3)c(=O)c12,,CHEMBL5727828,2020,CHEMBL6026981,8.22,=,=,IC50,nM,6.0,IC50,nM,6.0,Cc1ncn2nc(N)n(Cc3nc([C@@H]4CO[C@@H](c5ccc(F)cc5)C4)no3)c(=O)c12,BPWDLGXLIXBTPG-GXTWGEPZSA-N
28037912,CHEMBL5735474,B,Cn1cnc2ncn(Cc3nc([C@@H]4CO[C@@H](c5ccc(S(F)(F)(F)(F)F)cc5)C4)no3)c(=O)c21,,CHEMBL5727828,2020,CHEMBL5762662,5.81,=,=,IC50,nM,1560.0,IC50,nM,1560.0,Cn1cnc2ncn(Cc3nc([C@@H]4CO[C@@H](c5ccc(S(F)(F)(F)(F)F)cc5)C4)no3)c(=O)c21,LAOOFNIDAVFMLB-GXTWGEPZSA-N
28037915,CHEMBL5735475,B,Cn1cnc2ncn(Cc3nc([C@@H]4CO[C@@H](c5ccc(S(F)(F)(F)(F)F)cc5)C4)no3)c(=O)c21,,CHEMBL5727828,2020,CHEMBL5762662,6.03,=,=,IC50,nM,930.0,IC50,nM,930.0,Cn1cnc2ncn(Cc3nc([C@@H]4CO[C@@H](c5ccc(S(F)(F)(F)(F)F)cc5)C4)no3)c(=O)c21,LAOOFNIDAVFMLB-GXTWGEPZSA-N
28037918,CHEMBL5735474,B,Nc1ccc2c(=O)n(Cc3nc([C@@H]4CO[C@@H](c5ccc(Cl)cc5)C4)no3)ncc2n1,,CHEMBL5727828,2020,CHEMBL5970978,7.98,=,=,IC50,nM,10.5,IC50,nM,10.5,Nc1ccc2c(=O)n(Cc3nc([C@@H]4CO[C@@H](c5ccc(Cl)cc5)C4)no3)ncc2n1,OMCPTRKQFMHMFO-BLLLJJGKSA-N
28037921,CHEMBL5735475,B,Nc1ccc2c(=O)n(Cc3nc([C@@H]4CO[C@@H](c5ccc(Cl)cc5)C4)no3)ncc2n1,,CHEMBL5727828,2020,CHEMBL5970978,8.46,=,=,IC50,nM,3.5,IC50,nM,3.5,Nc1ccc2c(=O)n(Cc3nc([C@@H]4CO[C@@H](c5ccc(Cl)cc5)C4)no3)ncc2n1,OMCPTRKQFMHMFO-BLLLJJGKSA-N
28037924,CHEMBL5735474,B,CN1CCc2c(ncn(Cc3nc([C@@H]4CO[C@@H](c5ccc(Cl)cc5)C4)no3)c2=O)C1,,CHEMBL5727828,2020,CHEMBL5891906,5.57,=,=,IC50,nM,2720.0,IC50,nM,2720.0,CN1CCc2c(ncn(Cc3nc([C@@H]4CO[C@@H](c5ccc(Cl)cc5)C4)no3)c2=O)C1,GVAKPHBSBCNTNG-KBXCAEBGSA-N
28037927,CHEMBL5735475,B,CN1CCc2c(ncn(Cc3nc([C@@H]4CO[C@@H](c5ccc(Cl)cc5)C4)no3)c2=O)C1,,CHEMBL5727828,2020,CHEMBL5891906,6.35,=,=,IC50,nM,450.0,IC50,nM,450.0,CN1CCc2c(ncn(Cc3nc([C@@H]4CO[C@@H](c5ccc(Cl)cc5)C4)no3)c2=O)C1,GVAKPHBSBCNTNG-KBXCAEBGSA-N
28037930,CHEMBL5735474,B,Nc1nc2ncccc2c(=O)n1Cc1nc([C@@H]2CO[C@@H](c3ccc(F)cc3)C2)no1,,CHEMBL5727828,2020,CHEMBL5870857,7.73,=,=,IC50,nM,18.7,IC50,nM,18.7,Nc1nc2ncccc2c(=O)n1Cc1nc([C@@H]2CO[C@@H](c3ccc(F)cc3)C2)no1,VSNLJSZHSKJANJ-SWLSCSKDSA-N
28037933,CHEMBL5735475,B,Nc1nc2ncccc2c(=O)n1Cc1nc([C@@H]2CO[C@@H](c3ccc(F)cc3)C2)no1,,CHEMBL5727828,2020,CHEMBL5870857,8.54,=,=,IC50,nM,2.9,IC50,nM,2.9,Nc1nc2ncccc2c(=O)n1Cc1nc([C@@H]2CO[C@@H](c3ccc(F)cc3)C2)no1,VSNLJSZHSKJANJ-SWLSCSKDSA-N
28037936,CHEMBL5735475,B,Cc1nc(Br)n2ncn(Cc3nc([C@@H]4CO[C@@H](c5ccc(F)cc5)C4)no3)c(=O)c12,,CHEMBL5727828,2020,CHEMBL5876271,7.48,=,=,IC50,nM,33.0,IC50,nM,33.0,Cc1nc(Br)n2ncn(Cc3nc([C@@H]4CO[C@@H](c5ccc(F)cc5)C4)no3)c(=O)c12,ANNUHVXNCFVLIP-GXTWGEPZSA-N
28037939,CHEMBL5735475,B,Cc1nc(N2CCNCC2)n2ncn(Cc3nc([C@@H]4CO[C@@H](c5ccc(Cl)cc5)C4)no3)c(=O)c12,,CHEMBL5727828,2020,CHEMBL5881081,6.48,=,=,IC50,nM,330.0,IC50,nM,330.0,Cc1nc(N2CCNCC2)n2ncn(Cc3nc([C@@H]4CO[C@@H](c5ccc(Cl)cc5)C4)no3)c(=O)c12,KDJIYOOVUNTKAJ-FUHWJXTLSA-N
28037942,CHEMBL5735475,B,Cc1nc(N2CCN(C)CC2)n2ncn(Cc3nc([C@@H]4CO[C@@H](c5ccc(Cl)cc5)C4)no3)c(=O)c12,,CHEMBL5727828,2020,CHEMBL5834598,6.77,=,=,IC50,nM,170.0,IC50,nM,170.0,Cc1nc(N2CCN(C)CC2)n2ncn(Cc3nc([C@@H]4CO[C@@H](c5ccc(Cl)cc5)C4)no3)c(=O)c12,DWKWEXOFAGHGPU-PKOBYXMFSA-N
28037945,CHEMBL5735475,B,Cc1nc(Cl)n2ncn(Cc3nc([C@@H]4CO[C@@H](c5ccc(Cl)cc5)C4)no3)c(=O)c12,,CHEMBL5727828,2020,CHEMBL5747812,7.89,=,=,IC50,nM,13.0,IC50,nM,13.0,Cc1nc(Cl)n2ncn(Cc3nc([C@@H]4CO[C@@H](c5ccc(Cl)cc5)C4)no3)c(=O)c12,GKIQKSVZYXCZPE-GXTWGEPZSA-N
28037948,CHEMBL5735475,B,O=c1c2cccc(=O)n2ccn1Cc1nc([C@@H]2CO[C@@H](c3ccc(F)cc3)C2)no1,,CHEMBL5727828,2020,CHEMBL6028792,7.92,=,=,IC50,nM,12.0,IC50,nM,12.0,O=c1c2cccc(=O)n2ccn1Cc1nc([C@@H]2CO[C@@H](c3ccc(F)cc3)C2)no1,WQGVDODKSWKQSI-WMLDXEAASA-N
28037951,CHEMBL5735475,B,O=c1c2c(Cl)ccnc2ncn1Cc1nc([C@@H]2CO[C@@H](c3ccc(F)cc3)C2)no1,,CHEMBL5727828,2020,CHEMBL5865597,7.82,=,=,IC50,nM,15.0,IC50,nM,15.0,O=c1c2c(Cl)ccnc2ncn1Cc1nc([C@@H]2CO[C@@H](c3ccc(F)cc3)C2)no1,SBWZTTUKCJUALE-SWLSCSKDSA-N
28037954,CHEMBL5735475,B,Cc1nn(C)c2ncn(Cc3nc([C@@H]4CO[C@@H](c5ccc(Cl)cc5)C4)no3)c(=O)c12,,CHEMBL5727828,2020,CHEMBL5930487,7.48,=,=,IC50,nM,33.0,IC50,nM,33.0,Cc1nn(C)c2ncn(Cc3nc([C@@H]4CO[C@@H](c5ccc(Cl)cc5)C4)no3)c(=O)c12,PCZBLEDJUILZHT-DZGCQCFKSA-N
28037957,CHEMBL5735475,B,Cc1nc(C)n2ncn(Cc3nc([C@@H]4CO[C@@H](c5ccc(Cl)cc5)C4)no3)c(=O)c12,,CHEMBL5727828,2020,CHEMBL5857937,7.35,=,=,IC50,nM,45.0,IC50,nM,45.0,Cc1nc(C)n2ncn(Cc3nc([C@@H]4CO[C@@H](c5ccc(Cl)cc5)C4)no3)c(=O)c12,IURHRSFVLQOGSW-GOEBONIOSA-N
28037960,CHEMBL5735474,B,O=c1c2cccc(=O)n2ccn1Cc1nc([C@@H]2CO[C@@H](c3ccc(Cl)cc3)C2)no1,,CHEMBL5727828,2020,CHEMBL5784263,8.19,=,=,IC50,nM,6.4,IC50,nM,6.4,O=c1c2cccc(=O)n2ccn1Cc1nc([C@@H]2CO[C@@H](c3ccc(Cl)cc3)C2)no1,ZNOZSVVROSWSRZ-WMLDXEAASA-N
28037963,CHEMBL5735475,B,O=c1c2cccc(=O)n2ccn1Cc1nc([C@@H]2CO[C@@H](c3ccc(Cl)cc3)C2)no1,,CHEMBL5727828,2020,CHEMBL5784263,8.4,=,=,IC50,nM,4.0,IC50,nM,4.0,O=c1c2cccc(=O)n2ccn1Cc1nc([C@@H]2CO[C@@H](c3ccc(Cl)cc3)C2)no1,ZNOZSVVROSWSRZ-WMLDXEAASA-N
28037966,CHEMBL5735474,B,O=c1ccn2c(=O)n(Cc3nc([C@@H]4CO[C@@H](c5ccc(Cl)cc5)C4)no3)ccc2n1,,CHEMBL5727828,2020,CHEMBL5834480,7.81,=,=,IC50,nM,15.4,IC50,nM,15.4,O=c1ccn2c(=O)n(Cc3nc([C@@H]4CO[C@@H](c5ccc(Cl)cc5)C4)no3)ccc2n1,OSUPAEDILOOTGJ-DZGCQCFKSA-N
28037969,CHEMBL5735475,B,O=c1ccn2c(=O)n(Cc3nc([C@@H]4CO[C@@H](c5ccc(Cl)cc5)C4)no3)ccc2n1,,CHEMBL5727828,2020,CHEMBL5834480,8.14,=,=,IC50,nM,7.2,IC50,nM,7.2,O=c1ccn2c(=O)n(Cc3nc([C@@H]4CO[C@@H](c5ccc(Cl)cc5)C4)no3)ccc2n1,OSUPAEDILOOTGJ-DZGCQCFKSA-N
28037972,CHEMBL5735474,B,Cc1cccc2nn(Cc3nc([C@@H]4CO[C@@H](c5ccc(Cl)cc5)C4)no3)c(=O)n12,,CHEMBL5727828,2020,CHEMBL5745808,6.82,=,=,IC50,nM,153.0,IC50,nM,153.0,Cc1cccc2nn(Cc3nc([C@@H]4CO[C@@H](c5ccc(Cl)cc5)C4)no3)c(=O)n12,KKAXOBZHIMMGAT-GOEBONIOSA-N
28037975,CHEMBL5735475,B,Cc1cccc2nn(Cc3nc([C@@H]4CO[C@@H](c5ccc(Cl)cc5)C4)no3)c(=O)n12,,CHEMBL5727828,2020,CHEMBL5745808,6.85,=,=,IC50,nM,140.0,IC50,nM,140.0,Cc1cccc2nn(Cc3nc([C@@H]4CO[C@@H](c5ccc(Cl)cc5)C4)no3)c(=O)n12,KKAXOBZHIMMGAT-GOEBONIOSA-N
28037978,CHEMBL5735474,B,Cc1nc(N2CCOCC2)n2ccn(Cc3nc([C@@H]4CO[C@@H](c5ccc(Cl)cc5)C4)no3)c(=O)c12,,CHEMBL5727828,2020,CHEMBL5879244,6.91,=,=,IC50,nM,123.0,IC50,nM,123.0,Cc1nc(N2CCOCC2)n2ccn(Cc3nc([C@@H]4CO[C@@H](c5ccc(Cl)cc5)C4)no3)c(=O)c12,SLALXZHBVOLRJL-PKOBYXMFSA-N
28037981,CHEMBL5735475,B,Cc1nc(N2CCOCC2)n2ccn(Cc3nc([C@@H]4CO[C@@H](c5ccc(Cl)cc5)C4)no3)c(=O)c12,,CHEMBL5727828,2020,CHEMBL5879244,7.02,=,=,IC50,nM,96.0,IC50,nM,96.0,Cc1nc(N2CCOCC2)n2ccn(Cc3nc([C@@H]4CO[C@@H](c5ccc(Cl)cc5)C4)no3)c(=O)c12,SLALXZHBVOLRJL-PKOBYXMFSA-N
28037984,CHEMBL5735474,B,Cn1cncc1C(=O)NCc1nc([C@H]2CO[C@H](c3ccc(Cl)cc3)C2)no1,,CHEMBL5727828,2020,CHEMBL5834811,7.41,=,=,IC50,nM,38.9,IC50,nM,38.9,Cn1cncc1C(=O)NCc1nc([C@H]2CO[C@H](c3ccc(Cl)cc3)C2)no1,ZCMKYTSUHVQDND-DOMZBBRYSA-N
28037987,CHEMBL5735475,B,Cn1cncc1C(=O)NCc1nc([C@H]2CO[C@H](c3ccc(Cl)cc3)C2)no1,,CHEMBL5727828,2020,CHEMBL5834811,7.64,=,=,IC50,nM,23.0,IC50,nM,23.0,Cn1cncc1C(=O)NCc1nc([C@H]2CO[C@H](c3ccc(Cl)cc3)C2)no1,ZCMKYTSUHVQDND-DOMZBBRYSA-N
28037990,CHEMBL5735474,B,O=c1c2ccnnc2ncn1Cc1nc([C@@H]2CO[C@@H](c3ccc(F)cc3)C2)no1,,CHEMBL5727828,2020,CHEMBL6040725,7.14,=,=,IC50,nM,71.7,IC50,nM,71.7,O=c1c2ccnnc2ncn1Cc1nc([C@@H]2CO[C@@H](c3ccc(F)cc3)C2)no1,FJUZYWBVQVHTJI-SWLSCSKDSA-N
28037993,CHEMBL5735475,B,O=c1c2ccnnc2ncn1Cc1nc([C@@H]2CO[C@@H](c3ccc(F)cc3)C2)no1,,CHEMBL5727828,2020,CHEMBL6040725,7.05,=,=,IC50,nM,89.0,IC50,nM,89.0,O=c1c2ccnnc2ncn1Cc1nc([C@@H]2CO[C@@H](c3ccc(F)cc3)C2)no1,FJUZYWBVQVHTJI-SWLSCSKDSA-N
28037996,CHEMBL5735474,B,Cc1ccnc2cnn(Cc3nc([C@@H]4CO[C@@H](c5ccc(F)cc5)C4)no3)c(=O)c12,,CHEMBL5727828,2020,CHEMBL5763650,8.14,=,=,IC50,nM,7.2,IC50,nM,7.2,Cc1ccnc2cnn(Cc3nc([C@@H]4CO[C@@H](c5ccc(F)cc5)C4)no3)c(=O)c12,BWTWYFLHUIVVNP-WMLDXEAASA-N
28037999,CHEMBL5735475,B,Cc1ccnc2cnn(Cc3nc([C@@H]4CO[C@@H](c5ccc(F)cc5)C4)no3)c(=O)c12,,CHEMBL5727828,2020,CHEMBL5763650,8.17,=,=,IC50,nM,6.7,IC50,nM,6.7,Cc1ccnc2cnn(Cc3nc([C@@H]4CO[C@@H](c5ccc(F)cc5)C4)no3)c(=O)c12,BWTWYFLHUIVVNP-WMLDXEAASA-N
28038002,CHEMBL5735474,B,Cc1nc(N(C)C)n2ncn(Cc3nc([C@@H]4CO[C@@H](c5ccc(Cl)cc5)C4)no3)c(=O)c12,,CHEMBL5727828,2020,CHEMBL6018274,7.38,=,=,IC50,nM,42.0,IC50,nM,42.0,Cc1nc(N(C)C)n2ncn(Cc3nc([C@@H]4CO[C@@H](c5ccc(Cl)cc5)C4)no3)c(=O)c12,XAPDVOAYLTUITQ-GOEBONIOSA-N
28038005,CHEMBL5735475,B,Cc1nc(N(C)C)n2ncn(Cc3nc([C@@H]4CO[C@@H](c5ccc(Cl)cc5)C4)no3)c(=O)c12,,CHEMBL5727828,2020,CHEMBL6018274,7.23,=,=,IC50,nM,59.0,IC50,nM,59.0,Cc1nc(N(C)C)n2ncn(Cc3nc([C@@H]4CO[C@@H](c5ccc(Cl)cc5)C4)no3)c(=O)c12,XAPDVOAYLTUITQ-GOEBONIOSA-N
28038008,CHEMBL5735474,B,Cn1nnc2ccn(Cc3nc([C@@H]4CO[C@@H](c5ccc(F)cc5)C4)no3)c(=O)c21,,CHEMBL5727828,2020,CHEMBL6036980,8.16,=,=,IC50,nM,6.9,IC50,nM,6.9,Cn1nnc2ccn(Cc3nc([C@@H]4CO[C@@H](c5ccc(F)cc5)C4)no3)c(=O)c21,JCFSCBLSEONLAZ-SWLSCSKDSA-N
28038011,CHEMBL5735475,B,Cn1nnc2ccn(Cc3nc([C@@H]4CO[C@@H](c5ccc(F)cc5)C4)no3)c(=O)c21,,CHEMBL5727828,2020,CHEMBL6036980,8.25,=,=,IC50,nM,5.6,IC50,nM,5.6,Cn1nnc2ccn(Cc3nc([C@@H]4CO[C@@H](c5ccc(F)cc5)C4)no3)c(=O)c21,JCFSCBLSEONLAZ-SWLSCSKDSA-N
28038014,CHEMBL5735474,B,Cc1nc(Br)n2ncn(Cc3nc([C@@H]4CO[C@@H](c5ccc(Cl)cc5)C4)no3)c(=O)c12,,CHEMBL5727828,2020,CHEMBL5900571,9.1,=,=,IC50,nM,0.8,IC50,nM,0.8,Cc1nc(Br)n2ncn(Cc3nc([C@@H]4CO[C@@H](c5ccc(Cl)cc5)C4)no3)c(=O)c12,ZCIFHOGRCNHUOK-GXTWGEPZSA-N
28038017,CHEMBL5735475,B,Cc1nc(Br)n2ncn(Cc3nc([C@@H]4CO[C@@H](c5ccc(Cl)cc5)C4)no3)c(=O)c12,,CHEMBL5727828,2020,CHEMBL5900571,9.52,=,=,IC50,nM,0.3,IC50,nM,0.3,Cc1nc(Br)n2ncn(Cc3nc([C@@H]4CO[C@@H](c5ccc(Cl)cc5)C4)no3)c(=O)c12,ZCIFHOGRCNHUOK-GXTWGEPZSA-N
28038020,CHEMBL5735474,B,NC1=NC=CC2C(=O)N(Cc3nc([C@@H]4CO[C@@H](c5ccc(Cl)cc5)C4)no3)C=NC12,,CHEMBL5727828,2020,CHEMBL6017309,7.11,=,=,IC50,nM,76.9,IC50,nM,76.9,NC1=NC=CC2C(=O)N(Cc3nc([C@@H]4CO[C@@H](c5ccc(Cl)cc5)C4)no3)C=NC12,FEDQIVSBCTYUSF-BUTPEJBISA-N
28038023,CHEMBL5735475,B,NC1=NC=CC2C(=O)N(Cc3nc([C@@H]4CO[C@@H](c5ccc(Cl)cc5)C4)no3)C=NC12,,CHEMBL5727828,2020,CHEMBL6017309,7.24,=,=,IC50,nM,57.0,IC50,nM,57.0,NC1=NC=CC2C(=O)N(Cc3nc([C@@H]4CO[C@@H](c5ccc(Cl)cc5)C4)no3)C=NC12,FEDQIVSBCTYUSF-BUTPEJBISA-N
28038026,CHEMBL5735474,B,Cc1nc2nc(C)n(C)c2c(=O)n1Cc1nc([C@@H]2CO[C@@H](c3ccc(Cl)cc3)C2)no1,,CHEMBL5727828,2020,CHEMBL5765205,7.07,=,=,IC50,nM,85.0,IC50,nM,85.0,Cc1nc2nc(C)n(C)c2c(=O)n1Cc1nc([C@@H]2CO[C@@H](c3ccc(Cl)cc3)C2)no1,RDZDOAHPYMGFTF-GOEBONIOSA-N
28038029,CHEMBL5735475,B,Cc1nc2nc(C)n(C)c2c(=O)n1Cc1nc([C@@H]2CO[C@@H](c3ccc(Cl)cc3)C2)no1,,CHEMBL5727828,2020,CHEMBL5765205,7.21,=,=,IC50,nM,62.0,IC50,nM,62.0,Cc1nc2nc(C)n(C)c2c(=O)n1Cc1nc([C@@H]2CO[C@@H](c3ccc(Cl)cc3)C2)no1,RDZDOAHPYMGFTF-GOEBONIOSA-N
28038032,CHEMBL5735474,B,Cc1nc2ncn(C)c2c(=O)n1Cc1nc([C@@H]2CO[C@@H](c3ccc(Cl)cc3)C2)no1,,CHEMBL5727828,2020,CHEMBL5940975,8.03,=,=,IC50,nM,9.32,IC50,nM,9.32,Cc1nc2ncn(C)c2c(=O)n1Cc1nc([C@@H]2CO[C@@H](c3ccc(Cl)cc3)C2)no1,FIBJEOLUMVIRIT-DZGCQCFKSA-N
28038035,CHEMBL5735475,B,Cc1nc2ncn(C)c2c(=O)n1Cc1nc([C@@H]2CO[C@@H](c3ccc(Cl)cc3)C2)no1,,CHEMBL5727828,2020,CHEMBL5940975,8.41,=,=,IC50,nM,3.9,IC50,nM,3.9,Cc1nc2ncn(C)c2c(=O)n1Cc1nc([C@@H]2CO[C@@H](c3ccc(Cl)cc3)C2)no1,FIBJEOLUMVIRIT-DZGCQCFKSA-N
28038038,CHEMBL5735474,B,Cc1nc2[nH]c(=O)n(C)c2c(=O)n1Cc1nc([C@@H]2CO[C@@H](c3ccc(Cl)cc3)C2)no1,,CHEMBL5727828,2020,CHEMBL6035579,7.07,=,=,IC50,nM,85.8,IC50,nM,85.8,Cc1nc2[nH]c(=O)n(C)c2c(=O)n1Cc1nc([C@@H]2CO[C@@H](c3ccc(Cl)cc3)C2)no1,WSKZYWSLEMVSGM-GXTWGEPZSA-N
28038041,CHEMBL5735475,B,Cc1nc2[nH]c(=O)n(C)c2c(=O)n1Cc1nc([C@@H]2CO[C@@H](c3ccc(Cl)cc3)C2)no1,,CHEMBL5727828,2020,CHEMBL6035579,7.47,=,=,IC50,nM,34.0,IC50,nM,34.0,Cc1nc2[nH]c(=O)n(C)c2c(=O)n1Cc1nc([C@@H]2CO[C@@H](c3ccc(Cl)cc3)C2)no1,WSKZYWSLEMVSGM-GXTWGEPZSA-N
28038044,CHEMBL5735474,B,Nc1nc2nccnc2n1Cc1nc([C@@H]2CO[C@@H](c3ccc(Cl)cc3)C2)no1,,CHEMBL5727828,2020,CHEMBL5992092,7.97,=,=,IC50,nM,10.8,IC50,nM,10.8,Nc1nc2nccnc2n1Cc1nc([C@@H]2CO[C@@H](c3ccc(Cl)cc3)C2)no1,OOABNTZYAYDDFY-WCQYABFASA-N
28038047,CHEMBL5735475,B,Nc1nc2nccnc2n1Cc1nc([C@@H]2CO[C@@H](c3ccc(Cl)cc3)C2)no1,,CHEMBL5727828,2020,CHEMBL5992092,8.42,=,=,IC50,nM,3.8,IC50,nM,3.8,Nc1nc2nccnc2n1Cc1nc([C@@H]2CO[C@@H](c3ccc(Cl)cc3)C2)no1,OOABNTZYAYDDFY-WCQYABFASA-N
28038050,CHEMBL5735474,B,Cc1nc2nc(N)n(C)c2c(=O)n1Cc1nc([C@@H]2CO[C@@H](c3ccc(Cl)cc3)C2)no1,,CHEMBL5727828,2020,CHEMBL5928378,6.91,=,=,IC50,nM,123.0,IC50,nM,123.0,Cc1nc2nc(N)n(C)c2c(=O)n1Cc1nc([C@@H]2CO[C@@H](c3ccc(Cl)cc3)C2)no1,HHCLINDTOXIQSR-GXTWGEPZSA-N
28038053,CHEMBL5735475,B,Cc1nc2nc(N)n(C)c2c(=O)n1Cc1nc([C@@H]2CO[C@@H](c3ccc(Cl)cc3)C2)no1,,CHEMBL5727828,2020,CHEMBL5928378,7.85,=,=,IC50,nM,14.0,IC50,nM,14.0,Cc1nc2nc(N)n(C)c2c(=O)n1Cc1nc([C@@H]2CO[C@@H](c3ccc(Cl)cc3)C2)no1,HHCLINDTOXIQSR-GXTWGEPZSA-N
28038056,CHEMBL5735474,B,Cc1nc2nc(Cl)n(C)c2c(=O)n1Cc1nc([C@@H]2CO[C@@H](c3ccc(Cl)cc3)C2)no1,,CHEMBL5727828,2020,CHEMBL6016654,7.42,=,=,IC50,nM,37.8,IC50,nM,37.8,Cc1nc2nc(Cl)n(C)c2c(=O)n1Cc1nc([C@@H]2CO[C@@H](c3ccc(Cl)cc3)C2)no1,WKUPALPZCCQPCO-GXTWGEPZSA-N
28038059,CHEMBL5735475,B,Cc1nc2nc(Cl)n(C)c2c(=O)n1Cc1nc([C@@H]2CO[C@@H](c3ccc(Cl)cc3)C2)no1,,CHEMBL5727828,2020,CHEMBL6016654,7.66,=,=,IC50,nM,22.0,IC50,nM,22.0,Cc1nc2nc(Cl)n(C)c2c(=O)n1Cc1nc([C@@H]2CO[C@@H](c3ccc(Cl)cc3)C2)no1,WKUPALPZCCQPCO-GXTWGEPZSA-N
28038062,CHEMBL5735474,B,N#Cc1cnn2ncn(Cc3nc([C@@H]4CO[C@@H](c5ccc(Cl)cc5)C4)no3)c(=O)c12,,CHEMBL5727828,2020,CHEMBL5937792,7.02,=,=,IC50,nM,94.9,IC50,nM,94.9,N#Cc1cnn2ncn(Cc3nc([C@@H]4CO[C@@H](c5ccc(Cl)cc5)C4)no3)c(=O)c12,UQQKRMCYRSVYLO-SWLSCSKDSA-N
28038065,CHEMBL5735475,B,N#Cc1cnn2ncn(Cc3nc([C@@H]4CO[C@@H](c5ccc(Cl)cc5)C4)no3)c(=O)c12,,CHEMBL5727828,2020,CHEMBL5937792,7.4,=,=,IC50,nM,40.0,IC50,nM,40.0,N#Cc1cnn2ncn(Cc3nc([C@@H]4CO[C@@H](c5ccc(Cl)cc5)C4)no3)c(=O)c12,UQQKRMCYRSVYLO-SWLSCSKDSA-N
28038068,CHEMBL5735474,B,Cn1cnc2c(C(N)=O)nn(Cc3nc([C@@H]4CO[C@@H](c5ccc(Cl)cc5)C4)no3)c(=O)c21,,CHEMBL5727828,2020,CHEMBL6028368,7.12,=,=,IC50,nM,76.5,IC50,nM,76.5,Cn1cnc2c(C(N)=O)nn(Cc3nc([C@@H]4CO[C@@H](c5ccc(Cl)cc5)C4)no3)c(=O)c21,LZRMYUSAULVNHO-WCQYABFASA-N
28038071,CHEMBL5735475,B,Cn1cnc2c(C(N)=O)nn(Cc3nc([C@@H]4CO[C@@H](c5ccc(Cl)cc5)C4)no3)c(=O)c21,,CHEMBL5727828,2020,CHEMBL6028368,7.41,=,=,IC50,nM,39.0,IC50,nM,39.0,Cn1cnc2c(C(N)=O)nn(Cc3nc([C@@H]4CO[C@@H](c5ccc(Cl)cc5)C4)no3)c(=O)c21,LZRMYUSAULVNHO-WCQYABFASA-N
28038074,CHEMBL5735474,B,Cc1n[nH]c2ncn(Cc3nc([C@@H]4CO[C@@H](c5ccc(Cl)cc5)C4)no3)c(=O)c12,,CHEMBL5727828,2020,CHEMBL6003728,7.95,=,=,IC50,nM,11.3,IC50,nM,11.3,Cc1n[nH]c2ncn(Cc3nc([C@@H]4CO[C@@H](c5ccc(Cl)cc5)C4)no3)c(=O)c12,CHTXUMBCIKLCKW-GXTWGEPZSA-N
28038077,CHEMBL5735475,B,Cc1n[nH]c2ncn(Cc3nc([C@@H]4CO[C@@H](c5ccc(Cl)cc5)C4)no3)c(=O)c12,,CHEMBL5727828,2020,CHEMBL6003728,8.23,=,=,IC50,nM,5.9,IC50,nM,5.9,Cc1n[nH]c2ncn(Cc3nc([C@@H]4CO[C@@H](c5ccc(Cl)cc5)C4)no3)c(=O)c12,CHTXUMBCIKLCKW-GXTWGEPZSA-N
28038080,CHEMBL5735474,B,O=C1CCc2c(ncn(Cc3nc([C@@H]4CO[C@@H](c5ccc(Cl)cc5)C4)no3)c2=O)N1,,CHEMBL5727828,2020,CHEMBL5808735,7.02,=,=,IC50,nM,96.4,IC50,nM,96.4,O=C1CCc2c(ncn(Cc3nc([C@@H]4CO[C@@H](c5ccc(Cl)cc5)C4)no3)c2=O)N1,YXGOBDAAYPMHSY-SWLSCSKDSA-N
28038083,CHEMBL5735475,B,O=C1CCc2c(ncn(Cc3nc([C@@H]4CO[C@@H](c5ccc(Cl)cc5)C4)no3)c2=O)N1,,CHEMBL5727828,2020,CHEMBL5808735,7.33,=,=,IC50,nM,47.0,IC50,nM,47.0,O=C1CCc2c(ncn(Cc3nc([C@@H]4CO[C@@H](c5ccc(Cl)cc5)C4)no3)c2=O)N1,YXGOBDAAYPMHSY-SWLSCSKDSA-N
28038086,CHEMBL5735474,B,Nc1nc2ncccc2c(=O)n1Cc1nc([C@@H]2CO[C@@H](c3cccc(F)c3)C2)no1,,CHEMBL5727828,2020,CHEMBL5811232,7.5,=,=,IC50,nM,31.9,IC50,nM,31.9,Nc1nc2ncccc2c(=O)n1Cc1nc([C@@H]2CO[C@@H](c3cccc(F)c3)C2)no1,KFLJBILIWFLJMW-SWLSCSKDSA-N
28038089,CHEMBL5735475,B,Nc1nc2ncccc2c(=O)n1Cc1nc([C@@H]2CO[C@@H](c3cccc(F)c3)C2)no1,,CHEMBL5727828,2020,CHEMBL5811232,7.89,=,=,IC50,nM,13.0,IC50,nM,13.0,Nc1nc2ncccc2c(=O)n1Cc1nc([C@@H]2CO[C@@H](c3cccc(F)c3)C2)no1,KFLJBILIWFLJMW-SWLSCSKDSA-N
28038092,CHEMBL5735474,B,Cn1cnc2nc(Cl)n(Cc3nc([C@@H]4CO[C@@H](c5ccc(Cl)cc5)C4)no3)c(=O)c21,,CHEMBL5727828,2020,CHEMBL5830842,7.53,=,=,IC50,nM,29.4,IC50,nM,29.4,Cn1cnc2nc(Cl)n(Cc3nc([C@@H]4CO[C@@H](c5ccc(Cl)cc5)C4)no3)c(=O)c21,LRQGQNBGWAVMGR-WCQYABFASA-N
28038095,CHEMBL5735475,B,Cn1cnc2nc(Cl)n(Cc3nc([C@@H]4CO[C@@H](c5ccc(Cl)cc5)C4)no3)c(=O)c21,,CHEMBL5727828,2020,CHEMBL5830842,7.7,=,=,IC50,nM,20.0,IC50,nM,20.0,Cn1cnc2nc(Cl)n(Cc3nc([C@@H]4CO[C@@H](c5ccc(Cl)cc5)C4)no3)c(=O)c21,LRQGQNBGWAVMGR-WCQYABFASA-N
28038098,CHEMBL5735474,B,Cn1nncc1C(=O)NCc1nc([C@@H]2CO[C@@H](c3ccc(Cl)cc3)C2)no1,,CHEMBL5727828,2020,CHEMBL5932139,6.96,=,=,IC50,nM,111.0,IC50,nM,111.0,Cn1nncc1C(=O)NCc1nc([C@@H]2CO[C@@H](c3ccc(Cl)cc3)C2)no1,DXWIIDPZTZPYBU-SMDDNHRTSA-N
28038101,CHEMBL5735475,B,Cn1nncc1C(=O)NCc1nc([C@@H]2CO[C@@H](c3ccc(Cl)cc3)C2)no1,,CHEMBL5727828,2020,CHEMBL5932139,7.31,=,=,IC50,nM,49.0,IC50,nM,49.0,Cn1nncc1C(=O)NCc1nc([C@@H]2CO[C@@H](c3ccc(Cl)cc3)C2)no1,DXWIIDPZTZPYBU-SMDDNHRTSA-N
28038104,CHEMBL5735474,B,Cc1cnn2ncn(Cc3nc([C@@H]4CO[C@@H](c5ccc(C#N)cc5)C4)no3)c(=O)c12,,CHEMBL5727828,2020,CHEMBL5917454,7.12,=,=,IC50,nM,75.8,IC50,nM,75.8,Cc1cnn2ncn(Cc3nc([C@@H]4CO[C@@H](c5ccc(C#N)cc5)C4)no3)c(=O)c12,YGOMVEIEVIZJFF-JKSUJKDBSA-N
28038107,CHEMBL5735475,B,Cc1cnn2ncn(Cc3nc([C@@H]4CO[C@@H](c5ccc(C#N)cc5)C4)no3)c(=O)c12,,CHEMBL5727828,2020,CHEMBL5917454,7.41,=,=,IC50,nM,39.0,IC50,nM,39.0,Cc1cnn2ncn(Cc3nc([C@@H]4CO[C@@H](c5ccc(C#N)cc5)C4)no3)c(=O)c12,YGOMVEIEVIZJFF-JKSUJKDBSA-N
28038110,CHEMBL5735474,B,Cn1cnc2nc(N)n(Cc3nc([C@@H]4CO[C@@H](c5ccc(Cl)cc5)C4)no3)c2c1=O,,CHEMBL5727828,2020,CHEMBL6018348,6.9,=,=,IC50,nM,126.0,IC50,nM,126.0,Cn1cnc2nc(N)n(Cc3nc([C@@H]4CO[C@@H](c5ccc(Cl)cc5)C4)no3)c2c1=O,LEKRFJTXKXUQOH-WCQYABFASA-N
28038113,CHEMBL5735475,B,Cn1cnc2nc(N)n(Cc3nc([C@@H]4CO[C@@H](c5ccc(Cl)cc5)C4)no3)c2c1=O,,CHEMBL5727828,2020,CHEMBL6018348,7.77,=,=,IC50,nM,17.0,IC50,nM,17.0,Cn1cnc2nc(N)n(Cc3nc([C@@H]4CO[C@@H](c5ccc(Cl)cc5)C4)no3)c2c1=O,LEKRFJTXKXUQOH-WCQYABFASA-N
28038116,CHEMBL5735474,B,O=c1ccc2c(=O)n(Cc3nc([C@@H]4CO[C@@H](c5ccc(Cl)cc5)C4)no3)cnc2[nH]1,,CHEMBL5727828,2020,CHEMBL5812244,7.9,=,=,IC50,nM,12.7,IC50,nM,12.7,O=c1ccc2c(=O)n(Cc3nc([C@@H]4CO[C@@H](c5ccc(Cl)cc5)C4)no3)cnc2[nH]1,UCKXLBXZQVVGPI-SWLSCSKDSA-N
28038119,CHEMBL5735475,B,O=c1ccc2c(=O)n(Cc3nc([C@@H]4CO[C@@H](c5ccc(Cl)cc5)C4)no3)cnc2[nH]1,,CHEMBL5727828,2020,CHEMBL5812244,7.8,=,=,IC50,nM,16.0,IC50,nM,16.0,O=c1ccc2c(=O)n(Cc3nc([C@@H]4CO[C@@H](c5ccc(Cl)cc5)C4)no3)cnc2[nH]1,UCKXLBXZQVVGPI-SWLSCSKDSA-N
28038122,CHEMBL5735474,B,Cn1cnc2nc(N)n(Cc3nc([C@@H]4CO[C@@H](c5cccc(F)c5)C4)no3)c(=O)c21,,CHEMBL5727828,2020,CHEMBL5818029,7.39,=,=,IC50,nM,40.5,IC50,nM,40.5,Cn1cnc2nc(N)n(Cc3nc([C@@H]4CO[C@@H](c5cccc(F)c5)C4)no3)c(=O)c21,AZZRAZUXGHJAOV-WCQYABFASA-N
28038125,CHEMBL5735475,B,Cn1cnc2nc(N)n(Cc3nc([C@@H]4CO[C@@H](c5cccc(F)c5)C4)no3)c(=O)c21,,CHEMBL5727828,2020,CHEMBL5818029,8.51,=,=,IC50,nM,3.1,IC50,nM,3.1,Cn1cnc2nc(N)n(Cc3nc([C@@H]4CO[C@@H](c5cccc(F)c5)C4)no3)c(=O)c21,AZZRAZUXGHJAOV-WCQYABFASA-N
28038128,CHEMBL5735474,B,Nc1nc2ncn(Cc3nc([C@@H]4CO[C@@H](c5ccc(F)cc5)C4)no3)c(=O)c2s1,,CHEMBL5727828,2020,CHEMBL5989737,7.05,=,=,IC50,nM,89.9,IC50,nM,89.9,Nc1nc2ncn(Cc3nc([C@@H]4CO[C@@H](c5ccc(F)cc5)C4)no3)c(=O)c2s1,PEFLRUKKGUWIBC-CMPLNLGQSA-N
28038131,CHEMBL5735475,B,Nc1nc2ncn(Cc3nc([C@@H]4CO[C@@H](c5ccc(F)cc5)C4)no3)c(=O)c2s1,,CHEMBL5727828,2020,CHEMBL5989737,7.44,=,=,IC50,nM,36.0,IC50,nM,36.0,Nc1nc2ncn(Cc3nc([C@@H]4CO[C@@H](c5ccc(F)cc5)C4)no3)c(=O)c2s1,PEFLRUKKGUWIBC-CMPLNLGQSA-N
28038134,CHEMBL5735474,B,Cc1cnn2nc(N)n(Cc3nc([C@@H]4CO[C@@H](c5cccc(F)c5)C4)no3)c(=O)c12,,CHEMBL5727828,2020,CHEMBL6063069,7.75,=,=,IC50,nM,17.9,IC50,nM,17.9,Cc1cnn2nc(N)n(Cc3nc([C@@H]4CO[C@@H](c5cccc(F)c5)C4)no3)c(=O)c12,UCEMIMKHNJNYGN-GXTWGEPZSA-N
28038137,CHEMBL5735475,B,Cc1cnn2nc(N)n(Cc3nc([C@@H]4CO[C@@H](c5cccc(F)c5)C4)no3)c(=O)c12,,CHEMBL5727828,2020,CHEMBL6063069,8.54,=,=,IC50,nM,2.9,IC50,nM,2.9,Cc1cnn2nc(N)n(Cc3nc([C@@H]4CO[C@@H](c5cccc(F)c5)C4)no3)c(=O)c12,UCEMIMKHNJNYGN-GXTWGEPZSA-N
28038140,CHEMBL5735474,B,Cc1cnc(N)n(Cc2nc([C@@H]3CO[C@@H](c4ccc(Cl)cc4)C3)no2)c1=O,,CHEMBL5727828,2020,CHEMBL5793890,6.84,=,=,IC50,nM,146.0,IC50,nM,146.0,Cc1cnc(N)n(Cc2nc([C@@H]3CO[C@@H](c4ccc(Cl)cc4)C3)no2)c1=O,ODPZBRSHIVSPND-GXTWGEPZSA-N
28038143,CHEMBL5735475,B,Cc1cnc(N)n(Cc2nc([C@@H]3CO[C@@H](c4ccc(Cl)cc4)C3)no2)c1=O,,CHEMBL5727828,2020,CHEMBL5793890,7.17,=,=,IC50,nM,67.0,IC50,nM,67.0,Cc1cnc(N)n(Cc2nc([C@@H]3CO[C@@H](c4ccc(Cl)cc4)C3)no2)c1=O,ODPZBRSHIVSPND-GXTWGEPZSA-N
28038146,CHEMBL5735474,B,Nc1nc2ncn(Cc3nc([C@@H]4CO[C@@H](c5ccc(Cl)cc5)C4)no3)c(=O)c2s1,,CHEMBL5727828,2020,CHEMBL5885390,7.82,=,=,IC50,nM,15.1,IC50,nM,15.1,Nc1nc2ncn(Cc3nc([C@@H]4CO[C@@H](c5ccc(Cl)cc5)C4)no3)c(=O)c2s1,YVTXACLMSGWIHC-CMPLNLGQSA-N
28038149,CHEMBL5735475,B,Nc1nc2ncn(Cc3nc([C@@H]4CO[C@@H](c5ccc(Cl)cc5)C4)no3)c(=O)c2s1,,CHEMBL5727828,2020,CHEMBL5885390,8.25,=,=,IC50,nM,5.6,IC50,nM,5.6,Nc1nc2ncn(Cc3nc([C@@H]4CO[C@@H](c5ccc(Cl)cc5)C4)no3)c(=O)c2s1,YVTXACLMSGWIHC-CMPLNLGQSA-N
28038152,CHEMBL5735474,B,Nc1nc(=O)c2cccnc2n1Cc1nc([C@@H]2CO[C@@H](c3ccc(F)cc3)C2)no1,,CHEMBL5727828,2020,CHEMBL5857567,7.08,=,=,IC50,nM,83.3,IC50,nM,83.3,Nc1nc(=O)c2cccnc2n1Cc1nc([C@@H]2CO[C@@H](c3ccc(F)cc3)C2)no1,RXDLQMSQKRAFKY-SWLSCSKDSA-N
28038155,CHEMBL5735475,B,Nc1nc(=O)c2cccnc2n1Cc1nc([C@@H]2CO[C@@H](c3ccc(F)cc3)C2)no1,,CHEMBL5727828,2020,CHEMBL5857567,7.82,=,=,IC50,nM,15.0,IC50,nM,15.0,Nc1nc(=O)c2cccnc2n1Cc1nc([C@@H]2CO[C@@H](c3ccc(F)cc3)C2)no1,RXDLQMSQKRAFKY-SWLSCSKDSA-N
28038158,CHEMBL5735474,B,Cn1cnc2c(C#N)nn(Cc3nc([C@@H]4CO[C@@H](c5ccc(Cl)cc5)C4)no3)c(=O)c21,,CHEMBL5727828,2020,CHEMBL5976955,8.13,=,=,IC50,nM,7.42,IC50,nM,7.42,Cn1cnc2c(C#N)nn(Cc3nc([C@@H]4CO[C@@H](c5ccc(Cl)cc5)C4)no3)c(=O)c21,CRANEYHZXMLJBS-SWLSCSKDSA-N
28038161,CHEMBL5735475,B,Cn1cnc2c(C#N)nn(Cc3nc([C@@H]4CO[C@@H](c5ccc(Cl)cc5)C4)no3)c(=O)c21,,CHEMBL5727828,2020,CHEMBL5976955,8.51,=,=,IC50,nM,3.1,IC50,nM,3.1,Cn1cnc2c(C#N)nn(Cc3nc([C@@H]4CO[C@@H](c5ccc(Cl)cc5)C4)no3)c(=O)c21,CRANEYHZXMLJBS-SWLSCSKDSA-N
28038164,CHEMBL5735474,B,Cn1cnc2ncn(Cc3nc([C@@H]4CO[C@@H](c5ccc(Cl)cc5)C4)no3)c(=O)c21,,CHEMBL5727828,2020,CHEMBL4849329,8.13,=,=,IC50,nM,7.43,IC50,nM,7.43,Cn1cnc2ncn(Cc3nc([C@@H]4CO[C@@H](c5ccc(Cl)cc5)C4)no3)c(=O)c21,UGLQOTZNBCEHHB-GXTWGEPZSA-N
28038167,CHEMBL5735475,B,Cn1cnc2ncn(Cc3nc([C@@H]4CO[C@@H](c5ccc(Cl)cc5)C4)no3)c(=O)c21,,CHEMBL5727828,2020,CHEMBL4849329,8.66,=,=,IC50,nM,2.2,IC50,nM,2.2,Cn1cnc2ncn(Cc3nc([C@@H]4CO[C@@H](c5ccc(Cl)cc5)C4)no3)c(=O)c21,UGLQOTZNBCEHHB-GXTWGEPZSA-N
28038170,CHEMBL5735474,B,Cc1ccnc2nc(N)n(Cc3nc([C@@H]4CO[C@@H](c5ccc(F)cc5)C4)no3)c(=O)c12,,CHEMBL5727828,2020,CHEMBL5867511,7.87,=,=,IC50,nM,13.4,IC50,nM,13.4,Cc1ccnc2nc(N)n(Cc3nc([C@@H]4CO[C@@H](c5ccc(F)cc5)C4)no3)c(=O)c12,KQDOMOCNSBRDDX-DZGCQCFKSA-N
28038173,CHEMBL5735475,B,Cc1ccnc2nc(N)n(Cc3nc([C@@H]4CO[C@@H](c5ccc(F)cc5)C4)no3)c(=O)c12,,CHEMBL5727828,2020,CHEMBL5867511,8.85,=,=,IC50,nM,1.4,IC50,nM,1.4,Cc1ccnc2nc(N)n(Cc3nc([C@@H]4CO[C@@H](c5ccc(F)cc5)C4)no3)c(=O)c12,KQDOMOCNSBRDDX-DZGCQCFKSA-N
28038176,CHEMBL5735474,B,Cc1ccnc2c1c(=O)nc(N)n2Cc1nc([C@@H]2CO[C@@H](c3ccc(Cl)cc3)C2)no1,,CHEMBL5727828,2020,CHEMBL5938422,7.7,=,=,IC50,nM,20.0,IC50,nM,20.0,Cc1ccnc2c1c(=O)nc(N)n2Cc1nc([C@@H]2CO[C@@H](c3ccc(Cl)cc3)C2)no1,UEIQIVZEFKXGRU-DZGCQCFKSA-N
28038179,CHEMBL5735475,B,Cc1ccnc2c1c(=O)nc(N)n2Cc1nc([C@@H]2CO[C@@H](c3ccc(Cl)cc3)C2)no1,,CHEMBL5727828,2020,CHEMBL5938422,8.22,=,=,IC50,nM,6.0,IC50,nM,6.0,Cc1ccnc2c1c(=O)nc(N)n2Cc1nc([C@@H]2CO[C@@H](c3ccc(Cl)cc3)C2)no1,UEIQIVZEFKXGRU-DZGCQCFKSA-N
28038182,CHEMBL5735474,B,Cc1ccnc2nc(N)n(Cc3nc([C@@H]4CO[C@@H](c5ccc(Cl)cc5)C4)no3)c(=O)c12,,CHEMBL5727828,2020,CHEMBL5975671,7.98,=,=,IC50,nM,10.4,IC50,nM,10.4,Cc1ccnc2nc(N)n(Cc3nc([C@@H]4CO[C@@H](c5ccc(Cl)cc5)C4)no3)c(=O)c12,YDXYNXLPDIGXAM-DZGCQCFKSA-N
28038185,CHEMBL5735475,B,Cc1ccnc2nc(N)n(Cc3nc([C@@H]4CO[C@@H](c5ccc(Cl)cc5)C4)no3)c(=O)c12,,CHEMBL5727828,2020,CHEMBL5975671,8.82,=,=,IC50,nM,1.5,IC50,nM,1.5,Cc1ccnc2nc(N)n(Cc3nc([C@@H]4CO[C@@H](c5ccc(Cl)cc5)C4)no3)c(=O)c12,YDXYNXLPDIGXAM-DZGCQCFKSA-N
28038188,CHEMBL5735474,B,Cn1cnc2nc(N)n(Cc3nc([C@@H]4CO[C@@H](c5ccc(C(F)(F)F)cc5)C4)no3)c(=O)c21,,CHEMBL5727828,2020,CHEMBL5907836,7.01,=,=,IC50,nM,97.3,IC50,nM,97.3,Cn1cnc2nc(N)n(Cc3nc([C@@H]4CO[C@@H](c5ccc(C(F)(F)F)cc5)C4)no3)c(=O)c21,YVSODWPINHYMTB-WCQYABFASA-N
28038191,CHEMBL5735475,B,Cn1cnc2nc(N)n(Cc3nc([C@@H]4CO[C@@H](c5ccc(C(F)(F)F)cc5)C4)no3)c(=O)c21,,CHEMBL5727828,2020,CHEMBL5907836,7.96,=,=,IC50,nM,11.0,IC50,nM,11.0,Cn1cnc2nc(N)n(Cc3nc([C@@H]4CO[C@@H](c5ccc(C(F)(F)F)cc5)C4)no3)c(=O)c21,YVSODWPINHYMTB-WCQYABFASA-N
28038194,CHEMBL5735474,B,Cc1nc2ncn(C)c2c(=O)n1Cc1nc([C@@H]2CO[C@@H](c3ccc(F)cc3)C2)no1,,CHEMBL5727828,2020,CHEMBL5786125,7.19,=,=,IC50,nM,64.1,IC50,nM,64.1,Cc1nc2ncn(C)c2c(=O)n1Cc1nc([C@@H]2CO[C@@H](c3ccc(F)cc3)C2)no1,QGHXAKRXUBZBBB-DZGCQCFKSA-N
28038197,CHEMBL5735475,B,Cc1nc2ncn(C)c2c(=O)n1Cc1nc([C@@H]2CO[C@@H](c3ccc(F)cc3)C2)no1,,CHEMBL5727828,2020,CHEMBL5786125,7.89,=,=,IC50,nM,13.0,IC50,nM,13.0,Cc1nc2ncn(C)c2c(=O)n1Cc1nc([C@@H]2CO[C@@H](c3ccc(F)cc3)C2)no1,QGHXAKRXUBZBBB-DZGCQCFKSA-N
28038200,CHEMBL5735474,B,Cc1cnn2ncn(Cc3nc([C@@H]4CO[C@@H](c5ccc6cnn(C)c6c5)C4)no3)c(=O)c12,,CHEMBL5727828,2020,CHEMBL5797572,8.08,=,=,IC50,nM,8.26,IC50,nM,8.26,Cc1cnn2ncn(Cc3nc([C@@H]4CO[C@@H](c5ccc6cnn(C)c6c5)C4)no3)c(=O)c12,OGLFBGKKIABWEQ-DOTOQJQBSA-N
28038203,CHEMBL5735475,B,Cc1cnn2ncn(Cc3nc([C@@H]4CO[C@@H](c5ccc6cnn(C)c6c5)C4)no3)c(=O)c12,,CHEMBL5727828,2020,CHEMBL5797572,8.64,=,=,IC50,nM,2.3,IC50,nM,2.3,Cc1cnn2ncn(Cc3nc([C@@H]4CO[C@@H](c5ccc6cnn(C)c6c5)C4)no3)c(=O)c12,OGLFBGKKIABWEQ-DOTOQJQBSA-N
28038206,CHEMBL5735474,B,Cc1cnn2ncn(Cc3nc([C@@H]4CO[C@@H](c5ccc6cn[nH]c6c5)C4)no3)c(=O)c12,,CHEMBL5727828,2020,CHEMBL6061994,7.71,=,=,IC50,nM,19.5,IC50,nM,19.5,Cc1cnn2ncn(Cc3nc([C@@H]4CO[C@@H](c5ccc6cn[nH]c6c5)C4)no3)c(=O)c12,WTGZNWPLWZWQKH-GOEBONIOSA-N
28038209,CHEMBL5735475,B,Cc1cnn2ncn(Cc3nc([C@@H]4CO[C@@H](c5ccc6cn[nH]c6c5)C4)no3)c(=O)c12,,CHEMBL5727828,2020,CHEMBL6061994,8.12,=,=,IC50,nM,7.5,IC50,nM,7.5,Cc1cnn2ncn(Cc3nc([C@@H]4CO[C@@H](c5ccc6cn[nH]c6c5)C4)no3)c(=O)c12,WTGZNWPLWZWQKH-GOEBONIOSA-N
28038212,CHEMBL5735474,B,Cn1nnc2cnn(Cc3nc([C@@H]4CO[C@@H](c5ccc(Cl)cc5)C4)no3)c(=O)c21,,CHEMBL5727828,2020,CHEMBL6042892,7.1,=,=,IC50,nM,80.1,IC50,nM,80.1,Cn1nnc2cnn(Cc3nc([C@@H]4CO[C@@H](c5ccc(Cl)cc5)C4)no3)c(=O)c21,KBJLJHMMMFHLOW-SMDDNHRTSA-N
28038215,CHEMBL5735475,B,Cn1nnc2cnn(Cc3nc([C@@H]4CO[C@@H](c5ccc(Cl)cc5)C4)no3)c(=O)c21,,CHEMBL5727828,2020,CHEMBL6042892,7.37,=,=,IC50,nM,43.0,IC50,nM,43.0,Cn1nnc2cnn(Cc3nc([C@@H]4CO[C@@H](c5ccc(Cl)cc5)C4)no3)c(=O)c21,KBJLJHMMMFHLOW-SMDDNHRTSA-N
28038218,CHEMBL5735474,B,Cn1cnc2nnn(Cc3nc([C@@H]4CO[C@@H](c5ccc(Cl)cc5)C4)no3)c(=O)c21,,CHEMBL5727828,2020,CHEMBL5895814,7.51,=,=,IC50,nM,30.9,IC50,nM,30.9,Cn1cnc2nnn(Cc3nc([C@@H]4CO[C@@H](c5ccc(Cl)cc5)C4)no3)c(=O)c21,DBXCRZFXGYPTQJ-WCQYABFASA-N
28038221,CHEMBL5735475,B,Cn1cnc2nnn(Cc3nc([C@@H]4CO[C@@H](c5ccc(Cl)cc5)C4)no3)c(=O)c21,,CHEMBL5727828,2020,CHEMBL5895814,7.96,=,=,IC50,nM,11.0,IC50,nM,11.0,Cn1cnc2nnn(Cc3nc([C@@H]4CO[C@@H](c5ccc(Cl)cc5)C4)no3)c(=O)c21,DBXCRZFXGYPTQJ-WCQYABFASA-N
28038224,CHEMBL5735474,B,Cc1cnn2ncn(Cc3nc([C@@H]4CO[C@@H](c5ccc6ncsc6c5)C4)no3)c(=O)c12,,CHEMBL5727828,2020,CHEMBL5773914,7.09,=,=,IC50,nM,81.7,IC50,nM,81.7,Cc1cnn2ncn(Cc3nc([C@@H]4CO[C@@H](c5ccc6ncsc6c5)C4)no3)c(=O)c12,HYLZITOBNTZXNO-DZGCQCFKSA-N
28038227,CHEMBL5735475,B,Cc1cnn2ncn(Cc3nc([C@@H]4CO[C@@H](c5ccc6ncsc6c5)C4)no3)c(=O)c12,,CHEMBL5727828,2020,CHEMBL5773914,7.4,=,=,IC50,nM,40.0,IC50,nM,40.0,Cc1cnn2ncn(Cc3nc([C@@H]4CO[C@@H](c5ccc6ncsc6c5)C4)no3)c(=O)c12,HYLZITOBNTZXNO-DZGCQCFKSA-N
28038230,CHEMBL5735474,B,Nc1nn2ncc(Cl)c2c(=O)n1Cc1nc([C@@H]2CO[C@@H](c3ccc(F)cc3)C2)no1,,CHEMBL5727828,2020,CHEMBL5912945,7.25,=,=,IC50,nM,56.9,IC50,nM,56.9,Nc1nn2ncc(Cl)c2c(=O)n1Cc1nc([C@@H]2CO[C@@H](c3ccc(F)cc3)C2)no1,CPVYDKXZLWVTEE-GXFFZTMASA-N
28038233,CHEMBL5735475,B,Nc1nn2ncc(Cl)c2c(=O)n1Cc1nc([C@@H]2CO[C@@H](c3ccc(F)cc3)C2)no1,,CHEMBL5727828,2020,CHEMBL5912945,8.18,=,=,IC50,nM,6.6,IC50,nM,6.6,Nc1nn2ncc(Cl)c2c(=O)n1Cc1nc([C@@H]2CO[C@@H](c3ccc(F)cc3)C2)no1,CPVYDKXZLWVTEE-GXFFZTMASA-N
28038236,CHEMBL5735474,B,Cn1cnc2nc(N)n(Cc3nc([C@@H]4CO[C@@H](c5ccc(F)cc5)C4)no3)c(=O)c21,,CHEMBL5727828,2020,CHEMBL5813133,7.25,=,=,IC50,nM,56.9,IC50,nM,56.9,Cn1cnc2nc(N)n(Cc3nc([C@@H]4CO[C@@H](c5ccc(F)cc5)C4)no3)c(=O)c21,IXKKQNMDGPZGKV-WCQYABFASA-N
28038239,CHEMBL5735475,B,Cn1cnc2nc(N)n(Cc3nc([C@@H]4CO[C@@H](c5ccc(F)cc5)C4)no3)c(=O)c21,,CHEMBL5727828,2020,CHEMBL5813133,8.18,=,=,IC50,nM,6.6,IC50,nM,6.6,Cn1cnc2nc(N)n(Cc3nc([C@@H]4CO[C@@H](c5ccc(F)cc5)C4)no3)c(=O)c21,IXKKQNMDGPZGKV-WCQYABFASA-N
28038242,CHEMBL5735474,B,Cc1c(N)nn2ncn(Cc3nc([C@@H]4CO[C@@H](c5ccc(F)cc5)C4)no3)c(=O)c12,,CHEMBL5727828,2020,CHEMBL5768800,8.03,=,=,IC50,nM,9.28,IC50,nM,9.28,Cc1c(N)nn2ncn(Cc3nc([C@@H]4CO[C@@H](c5ccc(F)cc5)C4)no3)c(=O)c12,SIVFQWBIRYGTTL-GXTWGEPZSA-N
28038245,CHEMBL5735475,B,Cc1c(N)nn2ncn(Cc3nc([C@@H]4CO[C@@H](c5ccc(F)cc5)C4)no3)c(=O)c12,,CHEMBL5727828,2020,CHEMBL5768800,7.34,=,=,IC50,nM,46.0,IC50,nM,46.0,Cc1c(N)nn2ncn(Cc3nc([C@@H]4CO[C@@H](c5ccc(F)cc5)C4)no3)c(=O)c12,SIVFQWBIRYGTTL-GXTWGEPZSA-N
28038248,CHEMBL5735474,B,O=c1c2c(cnn1Cc1nc([C@@H]3CO[C@@H](c4ccc(Cl)cc4)C3)no1)CNCC2,,CHEMBL5727828,2020,CHEMBL6043197,5.58,=,=,IC50,nM,2600.0,IC50,nM,2600.0,O=c1c2c(cnn1Cc1nc([C@@H]3CO[C@@H](c4ccc(Cl)cc4)C3)no1)CNCC2,IVVHPAHILXWBMH-SUMWQHHRSA-N
28038251,CHEMBL5735475,B,O=c1c2c(cnn1Cc1nc([C@@H]3CO[C@@H](c4ccc(Cl)cc4)C3)no1)CNCC2,,CHEMBL5727828,2020,CHEMBL6043197,7.01,=,=,IC50,nM,97.0,IC50,nM,97.0,O=c1c2c(cnn1Cc1nc([C@@H]3CO[C@@H](c4ccc(Cl)cc4)C3)no1)CNCC2,IVVHPAHILXWBMH-SUMWQHHRSA-N
28038254,CHEMBL5735474,B,O=c1c2cccnc2ncn1Cc1nc([C@@H]2CO[C@@H](c3ccc(F)cc3)C2)no1,,CHEMBL5727828,2020,CHEMBL5934054,6.97,=,=,IC50,nM,107.0,IC50,nM,107.0,O=c1c2cccnc2ncn1Cc1nc([C@@H]2CO[C@@H](c3ccc(F)cc3)C2)no1,CUODMWHGYJSPRF-XJKSGUPXSA-N
28038257,CHEMBL5735475,B,O=c1c2cccnc2ncn1Cc1nc([C@@H]2CO[C@@H](c3ccc(F)cc3)C2)no1,,CHEMBL5727828,2020,CHEMBL5934054,7.09,=,=,IC50,nM,82.0,IC50,nM,82.0,O=c1c2cccnc2ncn1Cc1nc([C@@H]2CO[C@@H](c3ccc(F)cc3)C2)no1,CUODMWHGYJSPRF-XJKSGUPXSA-N
28038260,CHEMBL5735474,B,Cc1cnn2ncn(Cc3nc([C@@H]4CO[C@@H](c5ccc(Cl)cn5)C4)no3)c(=O)c12,,CHEMBL5727828,2020,CHEMBL6035384,7.67,=,=,IC50,nM,21.3,IC50,nM,21.3,Cc1cnn2ncn(Cc3nc([C@@H]4CO[C@@H](c5ccc(Cl)cn5)C4)no3)c(=O)c12,QVRQGKMJHZNDPL-SMDDNHRTSA-N
28038263,CHEMBL5735475,B,Cc1cnn2ncn(Cc3nc([C@@H]4CO[C@@H](c5ccc(Cl)cn5)C4)no3)c(=O)c12,,CHEMBL5727828,2020,CHEMBL6035384,7.85,=,=,IC50,nM,14.0,IC50,nM,14.0,Cc1cnn2ncn(Cc3nc([C@@H]4CO[C@@H](c5ccc(Cl)cn5)C4)no3)c(=O)c12,QVRQGKMJHZNDPL-SMDDNHRTSA-N
28038266,CHEMBL5735474,B,Nc1nn2c(C(F)(F)F)ncc2c(=O)n1Cc1nc([C@@H]2CO[C@@H](c3ccc(Cl)cc3)C2)no1,,CHEMBL5727828,2020,CHEMBL5997995,8.35,=,=,IC50,nM,4.48,IC50,nM,4.48,Nc1nn2c(C(F)(F)F)ncc2c(=O)n1Cc1nc([C@@H]2CO[C@@H](c3ccc(Cl)cc3)C2)no1,KDXRBPDHOHGHLI-GXFFZTMASA-N
28038269,CHEMBL5735475,B,Nc1nn2c(C(F)(F)F)ncc2c(=O)n1Cc1nc([C@@H]2CO[C@@H](c3ccc(Cl)cc3)C2)no1,,CHEMBL5727828,2020,CHEMBL5997995,8.68,=,=,IC50,nM,2.1,IC50,nM,2.1,Nc1nn2c(C(F)(F)F)ncc2c(=O)n1Cc1nc([C@@H]2CO[C@@H](c3ccc(Cl)cc3)C2)no1,KDXRBPDHOHGHLI-GXFFZTMASA-N
28038272,CHEMBL5735474,B,Cn1ncc2nc(N)n(Cc3nc([C@@H]4CO[C@@H](c5ccc(Cl)cc5)C4)no3)c(=O)c21,,CHEMBL5727828,2020,CHEMBL5795423,8.5,=,=,IC50,nM,3.19,IC50,nM,3.19,Cn1ncc2nc(N)n(Cc3nc([C@@H]4CO[C@@H](c5ccc(Cl)cc5)C4)no3)c(=O)c21,XIJYTOIFEYRXLS-SMDDNHRTSA-N
28038275,CHEMBL5735475,B,Cn1ncc2nc(N)n(Cc3nc([C@@H]4CO[C@@H](c5ccc(Cl)cc5)C4)no3)c(=O)c21,,CHEMBL5727828,2020,CHEMBL5795423,8.77,=,=,IC50,nM,1.7,IC50,nM,1.7,Cn1ncc2nc(N)n(Cc3nc([C@@H]4CO[C@@H](c5ccc(Cl)cc5)C4)no3)c(=O)c21,XIJYTOIFEYRXLS-SMDDNHRTSA-N
28038278,CHEMBL5735474,B,Cn1ncc2ncn(Cc3nc([C@@H]4CO[C@@H](c5ccc(Cl)cc5)C4)no3)c(=O)c21,,CHEMBL5727828,2020,CHEMBL5845011,7.33,=,=,IC50,nM,47.0,IC50,nM,47.0,Cn1ncc2ncn(Cc3nc([C@@H]4CO[C@@H](c5ccc(Cl)cc5)C4)no3)c(=O)c21,OMMPJIYDEJHEFK-SWLSCSKDSA-N
28038281,CHEMBL5735475,B,Cn1ncc2ncn(Cc3nc([C@@H]4CO[C@@H](c5ccc(Cl)cc5)C4)no3)c(=O)c21,,CHEMBL5727828,2020,CHEMBL5845011,7.5,=,=,IC50,nM,32.0,IC50,nM,32.0,Cn1ncc2ncn(Cc3nc([C@@H]4CO[C@@H](c5ccc(Cl)cc5)C4)no3)c(=O)c21,OMMPJIYDEJHEFK-SWLSCSKDSA-N
28038284,CHEMBL5735474,B,Cc1nc2nc(N)n(Cc3nc([C@@H]4CO[C@@H](c5ccc(Cl)cc5)C4)no3)c(=O)c2n1C,,CHEMBL5727828,2020,CHEMBL5872045,7.37,=,=,IC50,nM,43.1,IC50,nM,43.1,Cc1nc2nc(N)n(Cc3nc([C@@H]4CO[C@@H](c5ccc(Cl)cc5)C4)no3)c(=O)c2n1C,VOGVDBAXZDBCON-GXTWGEPZSA-N
28038287,CHEMBL5735475,B,Cc1nc2nc(N)n(Cc3nc([C@@H]4CO[C@@H](c5ccc(Cl)cc5)C4)no3)c(=O)c2n1C,,CHEMBL5727828,2020,CHEMBL5872045,8.21,=,=,IC50,nM,6.2,IC50,nM,6.2,Cc1nc2nc(N)n(Cc3nc([C@@H]4CO[C@@H](c5ccc(Cl)cc5)C4)no3)c(=O)c2n1C,VOGVDBAXZDBCON-GXTWGEPZSA-N
28038290,CHEMBL5735474,B,Cn1c(=O)oc2ncn(Cc3nc([C@@H]4CO[C@@H](c5ccc(Cl)cc5)C4)no3)c(=O)c21,,CHEMBL5727828,2020,CHEMBL5896296,8.2,=,=,IC50,nM,6.35,IC50,nM,6.35,Cn1c(=O)oc2ncn(Cc3nc([C@@H]4CO[C@@H](c5ccc(Cl)cc5)C4)no3)c(=O)c21,GFRTYOMOOHPBGT-WCQYABFASA-N
28038293,CHEMBL5735475,B,Cn1c(=O)oc2ncn(Cc3nc([C@@H]4CO[C@@H](c5ccc(Cl)cc5)C4)no3)c(=O)c21,,CHEMBL5727828,2020,CHEMBL5896296,8.74,=,=,IC50,nM,1.8,IC50,nM,1.8,Cn1c(=O)oc2ncn(Cc3nc([C@@H]4CO[C@@H](c5ccc(Cl)cc5)C4)no3)c(=O)c21,GFRTYOMOOHPBGT-WCQYABFASA-N
28038296,CHEMBL5735475,B,Nc1nc2ncsc2c(=O)n1Cc1nc([C@@H]2CO[C@@H](c3ccc(F)cc3)C2)no1,,CHEMBL5727828,2020,CHEMBL5831249,8.64,=,=,IC50,nM,2.3,IC50,nM,2.3,Nc1nc2ncsc2c(=O)n1Cc1nc([C@@H]2CO[C@@H](c3ccc(F)cc3)C2)no1,MXDJEHKNIKUPOY-CMPLNLGQSA-N
28038299,CHEMBL5735474,B,Nc1nc2cccnc2n1Cc1nc([C@@H]2CO[C@@H](c3ccc(Cl)cc3)C2)no1,,CHEMBL5727828,2020,CHEMBL6002716,7.99,=,=,IC50,nM,10.3,IC50,nM,10.3,Nc1nc2cccnc2n1Cc1nc([C@@H]2CO[C@@H](c3ccc(Cl)cc3)C2)no1,KXJKBRSZQXSODD-SWLSCSKDSA-N
28038302,CHEMBL5735475,B,Nc1nc2cccnc2n1Cc1nc([C@@H]2CO[C@@H](c3ccc(Cl)cc3)C2)no1,,CHEMBL5727828,2020,CHEMBL6002716,8.12,=,=,IC50,nM,7.5,IC50,nM,7.5,Nc1nc2cccnc2n1Cc1nc([C@@H]2CO[C@@H](c3ccc(Cl)cc3)C2)no1,KXJKBRSZQXSODD-SWLSCSKDSA-N
28038305,CHEMBL5735474,B,Cn1nnc2nc(N)n(Cc3nc([C@@H]4CO[C@@H](c5ccc(Cl)cc5)C4)no3)c(=O)c21,,CHEMBL5727828,2020,CHEMBL5969034,7.79,=,=,IC50,nM,16.1,IC50,nM,16.1,Cn1nnc2nc(N)n(Cc3nc([C@@H]4CO[C@@H](c5ccc(Cl)cc5)C4)no3)c(=O)c21,DCHZOOHTNLONBI-CMPLNLGQSA-N
28038308,CHEMBL5735475,B,Cn1nnc2nc(N)n(Cc3nc([C@@H]4CO[C@@H](c5ccc(Cl)cc5)C4)no3)c(=O)c21,,CHEMBL5727828,2020,CHEMBL5969034,8.68,=,=,IC50,nM,2.1,IC50,nM,2.1,Cn1nnc2nc(N)n(Cc3nc([C@@H]4CO[C@@H](c5ccc(Cl)cc5)C4)no3)c(=O)c21,DCHZOOHTNLONBI-CMPLNLGQSA-N
28038311,CHEMBL5735474,B,Cn1cnc2nc(N)n(Cc3nc([C@@H]4CO[C@@H](c5ccc(F)cc5)C4)no3)c2c1=O,,CHEMBL5727828,2020,CHEMBL5782958,6.33,=,=,IC50,nM,470.0,IC50,nM,470.0,Cn1cnc2nc(N)n(Cc3nc([C@@H]4CO[C@@H](c5ccc(F)cc5)C4)no3)c2c1=O,VATHVJGDHKTADD-WCQYABFASA-N
28038314,CHEMBL5735475,B,Cn1cnc2nc(N)n(Cc3nc([C@@H]4CO[C@@H](c5ccc(F)cc5)C4)no3)c2c1=O,,CHEMBL5727828,2020,CHEMBL5782958,7.06,=,=,IC50,nM,87.0,IC50,nM,87.0,Cn1cnc2nc(N)n(Cc3nc([C@@H]4CO[C@@H](c5ccc(F)cc5)C4)no3)c2c1=O,VATHVJGDHKTADD-WCQYABFASA-N
28038317,CHEMBL5735474,B,Nc1nc2ncsc2c(=O)n1Cc1nc([C@@H]2CO[C@@H](c3ccc(Cl)cc3)C2)no1,,CHEMBL5727828,2020,CHEMBL5782035,8.24,=,=,IC50,nM,5.73,IC50,nM,5.73,Nc1nc2ncsc2c(=O)n1Cc1nc([C@@H]2CO[C@@H](c3ccc(Cl)cc3)C2)no1,BGJCZTPFRKSUHS-CMPLNLGQSA-N
28038320,CHEMBL5735475,B,Nc1nc2ncsc2c(=O)n1Cc1nc([C@@H]2CO[C@@H](c3ccc(Cl)cc3)C2)no1,,CHEMBL5727828,2020,CHEMBL5782035,8.85,=,=,IC50,nM,1.4,IC50,nM,1.4,Nc1nc2ncsc2c(=O)n1Cc1nc([C@@H]2CO[C@@H](c3ccc(Cl)cc3)C2)no1,BGJCZTPFRKSUHS-CMPLNLGQSA-N
28038323,CHEMBL5735476,B,Cn1cnc2ncn(Cc3nc([C@H]4C[C@H](c5ccccc5)C4)no3)c(=O)c21,,CHEMBL5727829,2020,CHEMBL5828929,6.65,=,=,IC50,nM,225.0,IC50,nM,225.0,Cn1cnc2ncn(Cc3nc([C@H]4C[C@H](c5ccccc5)C4)no3)c(=O)c21,HAVHLCLATHNKIR-HDJSIYSDSA-N
28038326,CHEMBL5735476,B,Cn1cnc2ncn(Cc3nc([C@@H]4[C@H]5Cc6ccccc6[C@H]54)no3)c(=O)c21,,CHEMBL5727829,2020,CHEMBL5860081,6.56,=,=,IC50,nM,277.0,IC50,nM,277.0,Cn1cnc2ncn(Cc3nc([C@@H]4[C@H]5Cc6ccccc6[C@H]54)no3)c(=O)c21,LDOFQBOPGCJOBN-NWANDNLSSA-N
28038329,CHEMBL5735476,B,Cn1cnc2ncn(Cc3nc([C@H]4[C@@H]5Cc6ccccc6[C@@H]54)no3)c(=O)c21,,CHEMBL5727829,2020,CHEMBL5906843,6.23,=,=,IC50,nM,588.0,IC50,nM,588.0,Cn1cnc2ncn(Cc3nc([C@H]4[C@@H]5Cc6ccccc6[C@@H]54)no3)c(=O)c21,LDOFQBOPGCJOBN-SNPRPXQTSA-N
28038332,CHEMBL5735476,B,Cn1cnc2ncn(Cc3nc([C@H]4[C@@H]5CN(c6cccc(OC(F)(F)F)c6)C[C@@H]54)no3)c(=O)c21,,CHEMBL5727829,2020,CHEMBL5820517,6.92,=,=,IC50,nM,119.0,IC50,nM,119.0,Cn1cnc2ncn(Cc3nc([C@H]4[C@@H]5CN(c6cccc(OC(F)(F)F)c6)C[C@@H]54)no3)c(=O)c21,XVWJZNUBJBSIFR-FOLVSLTJSA-N
28038335,CHEMBL5735476,B,Cn1cnc2ncn(Cc3nc([C@H]4[C@@H]5CN(c6cc(Cl)cc(Cl)c6)C[C@@H]54)no3)c(=O)c21,,CHEMBL5727829,2020,CHEMBL5854360,6.57,=,=,IC50,nM,272.0,IC50,nM,272.0,Cn1cnc2ncn(Cc3nc([C@H]4[C@@H]5CN(c6cc(Cl)cc(Cl)c6)C[C@@H]54)no3)c(=O)c21,ROPFVCZNOGJJTP-FOLVSLTJSA-N
28038338,CHEMBL5735476,B,Cn1cnc2ncn(Cc3nc([C@H]4[C@@H]5CN(c6ccc(OC(F)(F)F)cc6)C[C@@H]54)no3)c(=O)c21,,CHEMBL5727829,2020,CHEMBL5785384,7.37,=,=,IC50,nM,42.4,IC50,nM,42.4,Cn1cnc2ncn(Cc3nc([C@H]4[C@@H]5CN(c6ccc(OC(F)(F)F)cc6)C[C@@H]54)no3)c(=O)c21,AUVVPNQJMBEMDI-FOLVSLTJSA-N
28038341,CHEMBL5735476,B,Cn1cnc2ncn(Cc3nc([C@H]4[C@@H]5CN(c6ccc(F)cc6)C[C@@H]54)no3)c(=O)c21,,CHEMBL5727829,2020,CHEMBL5819369,7.51,=,=,IC50,nM,31.0,IC50,nM,31.0,Cn1cnc2ncn(Cc3nc([C@H]4[C@@H]5CN(c6ccc(F)cc6)C[C@@H]54)no3)c(=O)c21,JNDWMJRPGXBLSS-FOLVSLTJSA-N
28038344,CHEMBL5735476,B,Cn1cnc2ncn(Cc3nc([C@H]4[C@@H]5CN(c6cccc(OC(F)F)c6)C[C@@H]54)no3)c(=O)c21,,CHEMBL5727829,2020,CHEMBL5924890,6.98,=,=,IC50,nM,105.0,IC50,nM,105.0,Cn1cnc2ncn(Cc3nc([C@H]4[C@@H]5CN(c6cccc(OC(F)F)c6)C[C@@H]54)no3)c(=O)c21,KHNKWIRXUWCUEJ-FOLVSLTJSA-N
28038347,CHEMBL5735476,B,Cc1cncc2ncn(Cc3nc([C@H]4C[C@](O)(c5ccc(Cl)cc5)C4)no3)c(=O)c12,,CHEMBL5727829,2020,CHEMBL5873771,7.51,=,=,IC50,nM,30.9,IC50,nM,30.9,Cc1cncc2ncn(Cc3nc([C@H]4C[C@](O)(c5ccc(Cl)cc5)C4)no3)c(=O)c12,QGFCPNANNXPVLI-IPVJXJPOSA-N
28038350,CHEMBL5735476,B,Cc1ccnc2ncn(Cc3nc([C@H]4C[C@](O)(c5ccc(Cl)cc5)C4)no3)c(=O)c12,,CHEMBL5727829,2020,CHEMBL5754776,6.85,=,=,IC50,nM,141.0,IC50,nM,141.0,Cc1ccnc2ncn(Cc3nc([C@H]4C[C@](O)(c5ccc(Cl)cc5)C4)no3)c(=O)c12,IOISVRUOQIOJLG-IPVJXJPOSA-N
28038353,CHEMBL5735476,B,O=c1c2cccnc2ncn1Cc1nc([C@H]2C[C@](O)(c3ccc(Cl)cc3)C2)no1,,CHEMBL5727829,2020,CHEMBL5833018,6.58,=,=,IC50,nM,261.0,IC50,nM,261.0,O=c1c2cccnc2ncn1Cc1nc([C@H]2C[C@](O)(c3ccc(Cl)cc3)C2)no1,DLXGKTWQOPDGDA-KWUMSVIQSA-N
28038356,CHEMBL5735476,B,Cn1cnc2ncn(Cc3nc([C@H]4[C@@H]5CN(c6ccc(OC(F)F)cc6)C[C@@H]54)no3)c(=O)c21,,CHEMBL5727829,2020,CHEMBL5790079,7.3,=,=,IC50,nM,50.4,IC50,nM,50.4,Cn1cnc2ncn(Cc3nc([C@H]4[C@@H]5CN(c6ccc(OC(F)F)cc6)C[C@@H]54)no3)c(=O)c21,YUDTVULXQVYYNC-FOLVSLTJSA-N
28038359,CHEMBL5735476,B,COc1cccc(N2C[C@@H]3[C@H](C2)[C@H]3c2noc(Cn3cnc4ncn(C)c4c3=O)n2)c1,,CHEMBL5727829,2020,CHEMBL6051404,6.8,=,=,IC50,nM,158.0,IC50,nM,158.0,COc1cccc(N2C[C@@H]3[C@H](C2)[C@H]3c2noc(Cn3cnc4ncn(C)c4c3=O)n2)c1,RNUOFBBBPCXGHG-QLPKVWCKSA-N
28038362,CHEMBL5735476,B,Cc1ccnc2ncn(Cc3nc([C@@H]4[C@H]5Cc6ccccc6[C@H]54)no3)c(=O)c12,,CHEMBL5727829,2020,CHEMBL5942342,6.92,=,=,IC50,nM,119.0,IC50,nM,119.0,Cc1ccnc2ncn(Cc3nc([C@@H]4[C@H]5Cc6ccccc6[C@H]54)no3)c(=O)c12,YRZSUCWXBWCSKC-BMGDILEWSA-N
28038365,CHEMBL5735476,B,Cc1ccnc2ncn(Cc3nc([C@H]4[C@@H]5Cc6ccccc6[C@@H]54)no3)c(=O)c12,,CHEMBL5727829,2020,CHEMBL6015050,6.52,=,=,IC50,nM,305.0,IC50,nM,305.0,Cc1ccnc2ncn(Cc3nc([C@H]4[C@@H]5Cc6ccccc6[C@@H]54)no3)c(=O)c12,YRZSUCWXBWCSKC-JLSDUUJJSA-N
28038368,CHEMBL5735476,B,Cn1cnc2ncn(Cc3nc([C@H]4[C@@H]5CN(c6cccc(F)c6)C[C@@H]54)no3)c(=O)c21,,CHEMBL5727829,2020,CHEMBL5806157,7.25,=,=,IC50,nM,55.8,IC50,nM,55.8,Cn1cnc2ncn(Cc3nc([C@H]4[C@@H]5CN(c6cccc(F)c6)C[C@@H]54)no3)c(=O)c21,ZZSYQYNHASLYPZ-FOLVSLTJSA-N
28038371,CHEMBL5735476,B,Cc1ccnc2ncn(Cc3nc([C@H]4C[C@H](c5ccc(Cl)cc5)C4)no3)c(=O)c12,,CHEMBL5727829,2020,CHEMBL5949196,7.67,=,=,IC50,nM,21.3,IC50,nM,21.3,Cc1ccnc2ncn(Cc3nc([C@H]4C[C@H](c5ccc(Cl)cc5)C4)no3)c(=O)c12,RQRSHGKVUVLTGC-SHTZXODSSA-N
28038374,CHEMBL5735476,B,Cn1cnc2ncn(Cc3nc([C@H]4[C@@H]5CN(c6cccnc6)C[C@@H]54)no3)c(=O)c21,,CHEMBL5727829,2020,CHEMBL5948717,6.11,=,=,IC50,nM,778.0,IC50,nM,778.0,Cn1cnc2ncn(Cc3nc([C@H]4[C@@H]5CN(c6cccnc6)C[C@@H]54)no3)c(=O)c21,XCZHKBOHEHELPS-NHAGDIPZSA-N
28038377,CHEMBL5735476,B,Cc1cncc2ncn(Cc3nc([C@@H]4[C@H]5Cc6ccccc6[C@H]54)no3)c(=O)c12,,CHEMBL5727829,2020,CHEMBL6036727,7.52,=,=,IC50,nM,29.9,IC50,nM,29.9,Cc1cncc2ncn(Cc3nc([C@@H]4[C@H]5Cc6ccccc6[C@H]54)no3)c(=O)c12,JZBLZBUYBKFIGJ-GDIGMMSISA-N
28038380,CHEMBL5735476,B,Cc1cncc2ncn(Cc3nc([C@H]4[C@@H]5Cc6ccccc6[C@@H]54)no3)c(=O)c12,,CHEMBL5727829,2020,CHEMBL5849425,7.03,=,=,IC50,nM,94.3,IC50,nM,94.3,Cc1cncc2ncn(Cc3nc([C@H]4[C@@H]5Cc6ccccc6[C@@H]54)no3)c(=O)c12,JZBLZBUYBKFIGJ-CCKFTAQKSA-N
28038383,CHEMBL5735476,B,Cn1cnc2ncn(Cc3nc([C@H]4C[C@H](c5ccc(Cl)cc5)C4)no3)c(=O)c21,,CHEMBL5727829,2020,CHEMBL6016524,7.15,=,=,IC50,nM,70.5,IC50,nM,70.5,Cn1cnc2ncn(Cc3nc([C@H]4C[C@H](c5ccc(Cl)cc5)C4)no3)c(=O)c21,PBEOFMXPKRIFLC-JOCQHMNTSA-N
28038386,CHEMBL5735476,B,Cn1cnc2c(C#N)nn(Cc3nc([C@H]4[C@@H]5CN(c6ccccc6)C[C@@H]54)no3)c2c1=O,,CHEMBL5727829,2020,CHEMBL5752252,6.45,=,=,IC50,nM,352.0,IC50,nM,352.0,Cn1cnc2c(C#N)nn(Cc3nc([C@H]4[C@@H]5CN(c6ccccc6)C[C@@H]54)no3)c2c1=O,MRJQAVHTQSPKOG-HALDLXJZSA-N
28038389,CHEMBL5735476,B,Cn1cnc2ncn(Cc3nc([C@H]4C[C@](F)(c5ccc(Cl)cc5)C4)no3)c(=O)c21,,CHEMBL5727829,2020,CHEMBL5929425,7.05,=,=,IC50,nM,88.6,IC50,nM,88.6,Cn1cnc2ncn(Cc3nc([C@H]4C[C@](F)(c5ccc(Cl)cc5)C4)no3)c(=O)c21,OCRMZDPHJXSESH-BXHXUVEDSA-N
28038392,CHEMBL5735476,B,Cn1cnc2ncn(Cc3nc([C@@H]4[C@@H]5CN(c6cccc(Cl)c6)C[C@@H]54)no3)c(=O)c21,,CHEMBL5727829,2020,CHEMBL5793575,8.08,=,=,IC50,nM,8.38,IC50,nM,8.38,Cn1cnc2ncn(Cc3nc([C@@H]4[C@@H]5CN(c6cccc(Cl)c6)C[C@@H]54)no3)c(=O)c21,PXCDDIGJGSYRSZ-MIFYACCESA-N
28038395,CHEMBL5735476,B,Cn1cnc2ncn(Cc3nc([C@H]4[C@@H]5CN(c6ccc(Cl)cc6)C[C@@H]54)no3)c(=O)c21,,CHEMBL5727829,2020,CHEMBL5801630,7.69,=,=,IC50,nM,20.4,IC50,nM,20.4,Cn1cnc2ncn(Cc3nc([C@H]4[C@@H]5CN(c6ccc(Cl)cc6)C[C@@H]54)no3)c(=O)c21,GVIGRYHNIIYCLZ-FOLVSLTJSA-N
28038398,CHEMBL5735476,B,Cn1cnc2ncn(Cc3nc([C@H]4[C@@H]5CN(c6ccccc6)C[C@@H]54)no3)c(=O)c21,,CHEMBL5727829,2020,CHEMBL6023045,7.54,=,=,IC50,nM,28.7,IC50,nM,28.7,Cn1cnc2ncn(Cc3nc([C@H]4[C@@H]5CN(c6ccccc6)C[C@@H]54)no3)c(=O)c21,LMYBZPVFXTXZQG-FOLVSLTJSA-N
28038401,CHEMBL5735476,B,Cc1ccnc2ncn(Cc3nc(C4Cc5ccccc5C4)no3)c(=O)c12,,CHEMBL5727829,2020,CHEMBL6019879,6.28,=,=,IC50,nM,531.0,IC50,nM,531.0,Cc1ccnc2ncn(Cc3nc(C4Cc5ccccc5C4)no3)c(=O)c12,ZRVTVXBVIYQWKR-UHFFFAOYSA-N
28038404,CHEMBL5735476,B,Cn1cnc2ncn(Cc3nc([C@H]4C[C@](O)(c5ccc(Cl)cc5)C4)no3)c(=O)c21,,CHEMBL5727829,2020,CHEMBL6048714,6.19,=,=,IC50,nM,643.0,IC50,nM,643.0,Cn1cnc2ncn(Cc3nc([C@H]4C[C@](O)(c5ccc(Cl)cc5)C4)no3)c(=O)c21,VBHUAEAMIBSWPP-BXHXUVEDSA-N
28038407,CHEMBL5735476,B,Cc1ccnc2ncn(Cc3nc([C@H]4[C@@H]5CN(c6ccc(Cl)cc6)C[C@@H]54)no3)c(=O)c12,,CHEMBL5727829,2020,CHEMBL5910674,6.54,=,=,IC50,nM,290.0,IC50,nM,290.0,Cc1ccnc2ncn(Cc3nc([C@H]4[C@@H]5CN(c6ccc(Cl)cc6)C[C@@H]54)no3)c(=O)c12,KHIPZNLPSJMFRQ-MNZLEMJZSA-N
28038410,CHEMBL5735476,B,Cn1cnc2ncn(Cc3nc([C@H]4[C@@H]5CN(c6cccc(C(F)(F)F)c6)C[C@@H]54)no3)c(=O)c21,,CHEMBL5727829,2020,CHEMBL5853460,7.28,=,=,IC50,nM,52.7,IC50,nM,52.7,Cn1cnc2ncn(Cc3nc([C@H]4[C@@H]5CN(c6cccc(C(F)(F)F)c6)C[C@@H]54)no3)c(=O)c21,DOAZWVGOKGVJJR-FOLVSLTJSA-N
28038413,CHEMBL5735476,B,Cn1cnc2ncn(Cc3nc([C@H]4[C@@H]5CN(c6ccc(C(F)(F)F)cc6)C[C@@H]54)no3)c(=O)c21,,CHEMBL5727829,2020,CHEMBL5942290,7.01,=,=,IC50,nM,97.1,IC50,nM,97.1,Cn1cnc2ncn(Cc3nc([C@H]4[C@@H]5CN(c6ccc(C(F)(F)F)cc6)C[C@@H]54)no3)c(=O)c21,UALSWYBQKGDEMG-FOLVSLTJSA-N
28038416,CHEMBL5735476,B,Cn1cnc2ncn(Cc3nc([C@H]4[C@@H]5CN(c6ccc(C=O)cc6)C[C@@H]54)no3)c(=O)c21,,CHEMBL5727829,2020,CHEMBL5784487,7.26,=,=,IC50,nM,54.9,IC50,nM,54.9,Cn1cnc2ncn(Cc3nc([C@H]4[C@@H]5CN(c6ccc(C=O)cc6)C[C@@H]54)no3)c(=O)c21,JCHJBCPFIWXKDB-QLPKVWCKSA-N
28038419,CHEMBL5735476,B,Cn1cnc2ncn(Cc3nc([C@H]4[C@@H]5CN(c6ccc7ccccc7c6)C[C@@H]54)no3)c(=O)c21,,CHEMBL5727829,2020,CHEMBL5776029,8.14,=,=,IC50,nM,7.31,IC50,nM,7.31,Cn1cnc2ncn(Cc3nc([C@H]4[C@@H]5CN(c6ccc7ccccc7c6)C[C@@H]54)no3)c(=O)c21,LQLOSOHAEWYAAN-RUYXUALKSA-N
28038422,CHEMBL5735476,B,Cn1cnc2ncn(Cc3nc([C@H]4[C@@H]5CN(c6ccc(Cl)nc6)C[C@@H]54)no3)c(=O)c21,,CHEMBL5727829,2020,CHEMBL5924185,6.33,=,=,IC50,nM,464.0,IC50,nM,464.0,Cn1cnc2ncn(Cc3nc([C@H]4[C@@H]5CN(c6ccc(Cl)nc6)C[C@@H]54)no3)c(=O)c21,VIJLKGFAZJGZBA-JYAVWHMHSA-N
28038425,CHEMBL5735476,B,COc1ccc(N2C[C@@H]3[C@H](C2)[C@H]3c2noc(Cn3cnc4ncn(C)c4c3=O)n2)cc1,,CHEMBL5727829,2020,CHEMBL6003086,7.32,=,=,IC50,nM,48.0,IC50,nM,48.0,COc1ccc(N2C[C@@H]3[C@H](C2)[C@H]3c2noc(Cn3cnc4ncn(C)c4c3=O)n2)cc1,FNUDQAYJJRTSII-QLPKVWCKSA-N
28038428,CHEMBL5735476,B,Cc1cncc2ncn(Cc3nc([C@H]4[C@@H]5CN(c6ccc(Cl)cc6)C[C@@H]54)no3)c(=O)c12,,CHEMBL5727829,2020,CHEMBL5878138,7.15,=,=,IC50,nM,71.4,IC50,nM,71.4,Cc1cncc2ncn(Cc3nc([C@H]4[C@@H]5CN(c6ccc(Cl)cc6)C[C@@H]54)no3)c(=O)c12,KVPTURFWDARJNL-IGOJGBNBSA-N
28038431,CHEMBL5735476,B,Cc1cncc2ncn(Cc3nc([C@H]4C[C@](F)(c5ccc(Cl)cc5)C4)no3)c(=O)c12,,CHEMBL5727829,2020,CHEMBL6048512,7.64,=,=,IC50,nM,22.8,IC50,nM,22.8,Cc1cncc2ncn(Cc3nc([C@H]4C[C@](F)(c5ccc(Cl)cc5)C4)no3)c(=O)c12,XSVRNWKQZYOFRS-IPVJXJPOSA-N
28038434,CHEMBL5735476,B,Cc1ccnc2ncn(Cc3nc([C@H]4C[C@](F)(c5ccc(Cl)cc5)C4)no3)c(=O)c12,,CHEMBL5727829,2020,CHEMBL5933408,7.54,=,=,IC50,nM,28.9,IC50,nM,28.9,Cc1ccnc2ncn(Cc3nc([C@H]4C[C@](F)(c5ccc(Cl)cc5)C4)no3)c(=O)c12,GWJPNUWHPLJRLG-IPVJXJPOSA-N
28038437,CHEMBL5735476,B,Cn1cnc2ncn(Cc3nc([C@@H]4[C@H]5Cc6c(Cl)cccc6[C@H]54)no3)c(=O)c21,,CHEMBL5727829,2020,CHEMBL5808811,7.44,=,=,IC50,nM,36.3,IC50,nM,36.3,Cn1cnc2ncn(Cc3nc([C@@H]4[C@H]5Cc6c(Cl)cccc6[C@H]54)no3)c(=O)c21,ZLQWHYXILIRZJA-NILFDRSVSA-N
28038440,CHEMBL5735476,B,Cn1cnc2ncn(Cc3nc([C@H]4[C@@H]5Cc6c(Cl)cccc6[C@@H]54)no3)c(=O)c21,,CHEMBL5727829,2020,CHEMBL5798393,6.84,=,=,IC50,nM,143.0,IC50,nM,143.0,Cn1cnc2ncn(Cc3nc([C@H]4[C@@H]5Cc6c(Cl)cccc6[C@@H]54)no3)c(=O)c21,ZLQWHYXILIRZJA-UGFHNGPFSA-N
28038443,CHEMBL5735476,B,Cn1cnc2ncn(Cc3nc([C@H]4[C@@H]5Cc6cc(Cl)ccc6[C@@H]54)no3)c(=O)c21,,CHEMBL5727829,2020,CHEMBL5959974,6.42,=,=,IC50,nM,377.0,IC50,nM,377.0,Cn1cnc2ncn(Cc3nc([C@H]4[C@@H]5Cc6cc(Cl)ccc6[C@@H]54)no3)c(=O)c21,NAIFTAJHKHUWIN-SNPRPXQTSA-N
28038446,CHEMBL5735476,B,Cn1cnc2ncn(Cc3nc([C@@H]4[C@H]5Cc6cc(Cl)ccc6[C@H]54)no3)c(=O)c21,,CHEMBL5727829,2020,CHEMBL5949558,7.13,=,=,IC50,nM,73.7,IC50,nM,73.7,Cn1cnc2ncn(Cc3nc([C@@H]4[C@H]5Cc6cc(Cl)ccc6[C@H]54)no3)c(=O)c21,NAIFTAJHKHUWIN-NWANDNLSSA-N
28038449,CHEMBL5735476,B,Cn1cnc2ncn(Cc3nc([C@H]4C[C@H](c5cccc(Cl)c5)C4)no3)c(=O)c21,,CHEMBL5727829,2020,CHEMBL5871159,7.51,=,=,IC50,nM,31.1,IC50,nM,31.1,Cn1cnc2ncn(Cc3nc([C@H]4C[C@H](c5cccc(Cl)c5)C4)no3)c(=O)c21,RUTDIBPJABTBIH-JOCQHMNTSA-N
28038452,CHEMBL5735476,B,Cn1cnc2ncn(Cc3nc([C@H]4[C@@H]5CN(c6cncc(Cl)c6)C[C@@H]54)no3)c(=O)c21,,CHEMBL5727829,2020,CHEMBL5834986,6.54,=,=,IC50,nM,287.0,IC50,nM,287.0,Cn1cnc2ncn(Cc3nc([C@H]4[C@@H]5CN(c6cncc(Cl)c6)C[C@@H]54)no3)c(=O)c21,AKXYWNUSJTXEKI-NHAGDIPZSA-N
28038455,CHEMBL5735476,B,Cn1cnc2ncn(Cc3nc([C@H]4[C@@H]5Cc6ccccc6C[C@@H]54)no3)c(=O)c21,,CHEMBL5727829,2020,CHEMBL5828855,7.12,=,=,IC50,nM,76.6,IC50,nM,76.6,Cn1cnc2ncn(Cc3nc([C@H]4[C@@H]5Cc6ccccc6C[C@@H]54)no3)c(=O)c21,XHWHHZLLSITQCM-FOLVSLTJSA-N
28038458,CHEMBL5735476,B,Cn1cnc2ncn(Cc3nc([C@@H]4CC[C@@H](c5ccccc5)C4)no3)c(=O)c21,,CHEMBL5727829,2020,CHEMBL5995838,6.83,=,=,IC50,nM,149.0,IC50,nM,149.0,Cn1cnc2ncn(Cc3nc([C@@H]4CC[C@@H](c5ccccc5)C4)no3)c(=O)c21,QWBWILDFODWOBE-HUUCEWRRSA-N
28038461,CHEMBL5735476,B,Cn1cnc2ncn(Cc3nc([C@H]4C[C@H](c5ccc(OC(F)F)cc5)C4)no3)c(=O)c21,,CHEMBL5727829,2020,CHEMBL5956832,6.85,=,=,IC50,nM,142.0,IC50,nM,142.0,Cn1cnc2ncn(Cc3nc([C@H]4C[C@H](c5ccc(OC(F)F)cc5)C4)no3)c(=O)c21,CENSBZQZRLLDCL-JOCQHMNTSA-N
28038464,CHEMBL5735476,B,Cn1cnc2ncn(Cc3nc([C@H]4C[C@H](c5ccc(OC(F)(F)F)cc5)C4)no3)c(=O)c21,,CHEMBL5727829,2020,CHEMBL5962769,6.71,=,=,IC50,nM,196.0,IC50,nM,196.0,Cn1cnc2ncn(Cc3nc([C@H]4C[C@H](c5ccc(OC(F)(F)F)cc5)C4)no3)c(=O)c21,RGGJFJAOYSJEKN-JOCQHMNTSA-N
28038467,CHEMBL5735476,B,Cn1cnc2ncn(Cc3nc([C@H]4[C@@H]5CN(c6ccccc6Cl)C[C@@H]54)no3)c(=O)c21,,CHEMBL5727829,2020,CHEMBL5820633,7.11,=,=,IC50,nM,77.3,IC50,nM,77.3,Cn1cnc2ncn(Cc3nc([C@H]4[C@@H]5CN(c6ccccc6Cl)C[C@@H]54)no3)c(=O)c21,KYNKXOOLHDJDOZ-ATCWAGBWSA-N
28038470,CHEMBL5735476,B,Cn1cnc2ncn(Cc3nc([C@H]4[C@@H]5CN(c6ccc(Cl)c(Cl)c6)C[C@@H]54)no3)c(=O)c21,,CHEMBL5727829,2020,CHEMBL6053710,7.19,=,=,IC50,nM,64.3,IC50,nM,64.3,Cn1cnc2ncn(Cc3nc([C@H]4[C@@H]5CN(c6ccc(Cl)c(Cl)c6)C[C@@H]54)no3)c(=O)c21,GSUUYDCJJHXRLU-ATCWAGBWSA-N
28038473,CHEMBL5735476,B,Cn1cnc2ncn(Cc3nc([C@H]4[C@@H]5CN(c6cc(Cl)ccc6F)C[C@@H]54)no3)c(=O)c21,,CHEMBL5727829,2020,CHEMBL5804080,7.9,=,=,IC50,nM,12.5,IC50,nM,12.5,Cn1cnc2ncn(Cc3nc([C@H]4[C@@H]5CN(c6cc(Cl)ccc6F)C[C@@H]54)no3)c(=O)c21,LFAYPGINOVAESB-ATCWAGBWSA-N
28038476,CHEMBL5735476,B,Cn1cnc2ncn(Cc3nc([C@H]4[C@@H]5CN(c6cc(F)cc(Cl)c6)C[C@@H]54)no3)c(=O)c21,,CHEMBL5727829,2020,CHEMBL5978169,7.69,=,=,IC50,nM,20.5,IC50,nM,20.5,Cn1cnc2ncn(Cc3nc([C@H]4[C@@H]5CN(c6cc(F)cc(Cl)c6)C[C@@H]54)no3)c(=O)c21,ZICMCRZATKHWEO-FOLVSLTJSA-N
28038479,CHEMBL5735476,B,Cn1cnc2ncn(Cc3nc([C@H]4[C@@H]5CN(c6ccc(F)c(Cl)c6)C[C@@H]54)no3)c(=O)c21,,CHEMBL5727829,2020,CHEMBL5833560,8.01,=,=,IC50,nM,9.78,IC50,nM,9.78,Cn1cnc2ncn(Cc3nc([C@H]4[C@@H]5CN(c6ccc(F)c(Cl)c6)C[C@@H]54)no3)c(=O)c21,VKKOCICLFSXEBL-ATCWAGBWSA-N
28038482,CHEMBL5735476,B,Cn1cnc2ncn(Cc3nc([C@H]4[C@@H]5CN(c6cccc(C(F)F)c6)C[C@@H]54)no3)c(=O)c21,,CHEMBL5727829,2020,CHEMBL5786572,7.19,=,=,IC50,nM,64.4,IC50,nM,64.4,Cn1cnc2ncn(Cc3nc([C@H]4[C@@H]5CN(c6cccc(C(F)F)c6)C[C@@H]54)no3)c(=O)c21,VKEJLWJCORBCGU-FOLVSLTJSA-N
28038485,CHEMBL5735476,B,Cn1cnc2ncn(Cc3nc([C@H]4[C@@H]5CN(c6cccc(SC(F)(F)F)c6)C[C@@H]54)no3)c(=O)c21,,CHEMBL5727829,2020,CHEMBL5989984,6.52,=,=,IC50,nM,300.0,IC50,nM,300.0,Cn1cnc2ncn(Cc3nc([C@H]4[C@@H]5CN(c6cccc(SC(F)(F)F)c6)C[C@@H]54)no3)c(=O)c21,PHQJSLDTLKKGHV-FOLVSLTJSA-N
28038488,CHEMBL5735476,B,CC(=O)c1cccc(N2C[C@@H]3[C@H](C2)[C@H]3c2noc(Cn3cnc4ncn(C)c4c3=O)n2)c1,,CHEMBL5727829,2020,CHEMBL6039616,6.53,=,=,IC50,nM,295.0,IC50,nM,295.0,CC(=O)c1cccc(N2C[C@@H]3[C@H](C2)[C@H]3c2noc(Cn3cnc4ncn(C)c4c3=O)n2)c1,URFSQYMVDMFPDP-VQFNDLOPSA-N
28038491,CHEMBL5735476,B,Cn1cnc2ncn(Cc3nc([C@H]4[C@@H]5CN(c6ccc7c(c6)CCC7)C[C@@H]54)no3)c(=O)c21,,CHEMBL5727829,2020,CHEMBL5941868,6.96,=,=,IC50,nM,111.0,IC50,nM,111.0,Cn1cnc2ncn(Cc3nc([C@H]4[C@@H]5CN(c6ccc7c(c6)CCC7)C[C@@H]54)no3)c(=O)c21,LUTWICAIXWFDLX-DZFIZOCASA-N
28038494,CHEMBL5735476,B,Cn1cnc2ncn(Cc3nc([C@H]4[C@@H]5CN(c6cccc(C7CC7)c6)C[C@@H]54)no3)c(=O)c21,,CHEMBL5727829,2020,CHEMBL6051214,6.95,=,=,IC50,nM,112.0,IC50,nM,112.0,Cn1cnc2ncn(Cc3nc([C@H]4[C@@H]5CN(c6cccc(C7CC7)c6)C[C@@H]54)no3)c(=O)c21,IQZWGMBQRDGLEH-DZFIZOCASA-N
28038497,CHEMBL5735476,B,Cn1cnc2ncn(Cc3nc([C@H]4[C@@H]5CN(c6ccc7c(c6)CCCC7)C[C@@H]54)no3)c(=O)c21,,CHEMBL5727829,2020,CHEMBL5813752,6.16,=,=,IC50,nM,685.0,IC50,nM,685.0,Cn1cnc2ncn(Cc3nc([C@H]4[C@@H]5CN(c6ccc7c(c6)CCCC7)C[C@@H]54)no3)c(=O)c21,LFIARYKUQKQPHR-RUYXUALKSA-N
28038500,CHEMBL5735476,B,O=c1c2ccncc2ncn1Cc1nc([C@H]2C[C@](F)(c3ccc(Cl)cc3)C2)no1,,CHEMBL5727829,2020,CHEMBL5864778,6.72,=,=,IC50,nM,190.0,IC50,nM,190.0,O=c1c2ccncc2ncn1Cc1nc([C@H]2C[C@](F)(c3ccc(Cl)cc3)C2)no1,QTRILORKJOOALG-KWUMSVIQSA-N
28038503,CHEMBL5735476,B,O=c1c2cccnc2ncn1Cc1nc([C@H]2C[C@H](c3cccc(Cl)c3)C2)no1,,CHEMBL5727829,2020,CHEMBL5803349,7.31,=,=,IC50,nM,49.0,IC50,nM,49.0,O=c1c2cccnc2ncn1Cc1nc([C@H]2C[C@H](c3cccc(Cl)c3)C2)no1,BWJKJXASLSRQNM-HDJSIYSDSA-N
28038506,CHEMBL5735476,B,O=c1c2cccnc2ncn1Cc1nc([C@H]2C[C@](F)(c3ccc(Cl)cc3)C2)no1,,CHEMBL5727829,2020,CHEMBL5753770,7.7,=,=,IC50,nM,20.2,IC50,nM,20.2,O=c1c2cccnc2ncn1Cc1nc([C@H]2C[C@](F)(c3ccc(Cl)cc3)C2)no1,YTRXZKNDLRUBRK-KWUMSVIQSA-N
28038509,CHEMBL5735476,B,O=c1c2cccnc2ncn1Cc1nc([C@H]2C[C@](O)(c3cccc(Cl)c3)C2)no1,,CHEMBL5727829,2020,CHEMBL5863260,6.55,=,=,IC50,nM,281.0,IC50,nM,281.0,O=c1c2cccnc2ncn1Cc1nc([C@H]2C[C@](O)(c3cccc(Cl)c3)C2)no1,XWGOPLIZWFRBIN-KWUMSVIQSA-N
28038512,CHEMBL5735476,B,Cc1ccnc2ncn(Cc3nc([C@H]4C[C@H](c5cccc(Cl)c5)C4)no3)c(=O)c12,,CHEMBL5727829,2020,CHEMBL5826450,7.91,=,=,IC50,nM,12.2,IC50,nM,12.2,Cc1ccnc2ncn(Cc3nc([C@H]4C[C@H](c5cccc(Cl)c5)C4)no3)c(=O)c12,WAQZJHCNMYVEFU-SHTZXODSSA-N
28038515,CHEMBL5735476,B,Cc1ccnc2ncn(Cc3nc([C@H]4C[C@](O)(c5cccc(Cl)c5)C4)no3)c(=O)c12,,CHEMBL5727829,2020,CHEMBL5823474,7.24,=,=,IC50,nM,57.8,IC50,nM,57.8,Cc1ccnc2ncn(Cc3nc([C@H]4C[C@](O)(c5cccc(Cl)c5)C4)no3)c(=O)c12,DVSUUDQPYLXSED-IPVJXJPOSA-N
28038518,CHEMBL5735476,B,COc1ccc([C@H]2C[C@H](c3noc(Cn4cnc5nccc(C)c5c4=O)n3)C2)cc1,,CHEMBL5727829,2020,CHEMBL6030650,7.41,=,=,IC50,nM,38.7,IC50,nM,38.7,COc1ccc([C@H]2C[C@H](c3noc(Cn4cnc5nccc(C)c5c4=O)n3)C2)cc1,YXTJFYWQCCHXMG-WKILWMFISA-N
28038521,CHEMBL5735476,B,Cc1ccnc2ncn(Cc3nc([C@H]4C[C@H](c5ccc(OC(F)F)cc5)C4)no3)c(=O)c12,,CHEMBL5727829,2020,CHEMBL5781292,7.29,=,=,IC50,nM,51.3,IC50,nM,51.3,Cc1ccnc2ncn(Cc3nc([C@H]4C[C@H](c5ccc(OC(F)F)cc5)C4)no3)c(=O)c12,LFMJKUKQVYUFOI-SHTZXODSSA-N
28038524,CHEMBL5735476,B,Cc1ccnc2ncn(Cc3nc([C@H]4C[C@H](c5ccc(OC(F)(F)F)cc5)C4)no3)c(=O)c12,,CHEMBL5727829,2020,CHEMBL5754794,7.2,=,=,IC50,nM,63.8,IC50,nM,63.8,Cc1ccnc2ncn(Cc3nc([C@H]4C[C@H](c5ccc(OC(F)(F)F)cc5)C4)no3)c(=O)c12,CNBMUGGIAWLNKG-SHTZXODSSA-N
28038527,CHEMBL5735476,B,Cc1ccnc2ncn(Cc3nc([C@H]4[C@@H]5CN(c6ccccc6)C[C@@H]54)no3)c(=O)c12,,CHEMBL5727829,2020,CHEMBL5866124,7.41,=,=,IC50,nM,39.0,IC50,nM,39.0,Cc1ccnc2ncn(Cc3nc([C@H]4[C@@H]5CN(c6ccccc6)C[C@@H]54)no3)c(=O)c12,BUYFCKGCSXZWDP-MNZLEMJZSA-N
28038530,CHEMBL5735476,B,Cc1cncc2ncn(Cc3nc([C@H]4[C@@H]5CN(c6ccccc6)C[C@@H]54)no3)c(=O)c12,,CHEMBL5727829,2020,CHEMBL5826497,7.84,=,=,IC50,nM,14.6,IC50,nM,14.6,Cc1cncc2ncn(Cc3nc([C@H]4[C@@H]5CN(c6ccccc6)C[C@@H]54)no3)c(=O)c12,JZXXBEFFCKCRCF-IGOJGBNBSA-N
28038533,CHEMBL5735476,B,Cc1cncc2ncn(Cc3nc([C@H]4[C@@H]5CN(c6cccc(Cl)c6)C[C@@H]54)no3)c(=O)c12,,CHEMBL5727829,2020,CHEMBL6063999,7.09,=,=,IC50,nM,81.5,IC50,nM,81.5,Cc1cncc2ncn(Cc3nc([C@H]4[C@@H]5CN(c6cccc(Cl)c6)C[C@@H]54)no3)c(=O)c12,NBSLXNJLYUHGDR-IGOJGBNBSA-N
28038536,CHEMBL5735476,B,Cn1cnc2ncn(Cc3nc([C@H]4[C@@H]5CN(c6ccc7c(cnn7C)c6)C[C@@H]54)no3)c(=O)c21,,CHEMBL5727829,2020,CHEMBL5847873,6.85,=,=,IC50,nM,141.0,IC50,nM,141.0,Cn1cnc2ncn(Cc3nc([C@H]4[C@@H]5CN(c6ccc7c(cnn7C)c6)C[C@@H]54)no3)c(=O)c21,UYKCJYVCQPMHNT-HWWDLCQESA-N
28038539,CHEMBL5735476,B,Cn1ccc2cc(N3C[C@@H]4[C@H](C3)[C@H]4c3noc(Cn4cnc5ncn(C)c5c4=O)n3)ccc21,,CHEMBL5727829,2020,CHEMBL6015267,6.58,=,=,IC50,nM,262.0,IC50,nM,262.0,Cn1ccc2cc(N3C[C@@H]4[C@H](C3)[C@H]4c3noc(Cn4cnc5ncn(C)c5c4=O)n3)ccc21,SKJSBHKZBFLKPZ-MNZLEMJZSA-N
28038542,CHEMBL5735476,B,Cn1cnc2ncn(Cc3nc([C@H]4[C@@H]5CN(c6ccc7ccncc7c6)C[C@@H]54)no3)c(=O)c21,,CHEMBL5727829,2020,CHEMBL5831072,7.16,=,=,IC50,nM,69.2,IC50,nM,69.2,Cn1cnc2ncn(Cc3nc([C@H]4[C@@H]5CN(c6ccc7ccncc7c6)C[C@@H]54)no3)c(=O)c21,DQMKDVUGJCOEFB-DZFIZOCASA-N
28038545,CHEMBL5735476,B,Cn1cnc2ncn(Cc3nc([C@H]4[C@@H]5CN(c6ccc7ncccc7c6)C[C@@H]54)no3)c(=O)c21,,CHEMBL5727829,2020,CHEMBL5949546,6.78,=,=,IC50,nM,166.0,IC50,nM,166.0,Cn1cnc2ncn(Cc3nc([C@H]4[C@@H]5CN(c6ccc7ncccc7c6)C[C@@H]54)no3)c(=O)c21,GEKOFPRPTQXTLH-MNZLEMJZSA-N
28038548,CHEMBL5735476,B,Cn1cnc2ncn(Cc3nc([C@H]4[C@@H]5CN(c6cnc7ccccc7c6)C[C@@H]54)no3)c(=O)c21,,CHEMBL5727829,2020,CHEMBL5897326,6.77,=,=,IC50,nM,169.0,IC50,nM,169.0,Cn1cnc2ncn(Cc3nc([C@H]4[C@@H]5CN(c6cnc7ccccc7c6)C[C@@H]54)no3)c(=O)c21,LUOQKYCEQBFDOI-MNZLEMJZSA-N
28038551,CHEMBL5735476,B,Cn1cnc2ncn(Cc3nc([C@H]4[C@@H]5CN(c6ccc(C#N)c(F)c6)C[C@@H]54)no3)c(=O)c21,,CHEMBL5727829,2020,CHEMBL5748632,7.26,=,=,IC50,nM,55.3,IC50,nM,55.3,Cn1cnc2ncn(Cc3nc([C@H]4[C@@H]5CN(c6ccc(C#N)c(F)c6)C[C@@H]54)no3)c(=O)c21,ZAGXFWMLCVBKQA-HALDLXJZSA-N
28038554,CHEMBL5735477,B,Cn1cnc2ncn(Cc3nc([C@H]4[C@@H]5CN(c6ccc(C#N)c(F)c6)C[C@@H]54)no3)c(=O)c21,,CHEMBL5727829,2020,CHEMBL5748632,7.82,=,=,IC50,nM,15.0,IC50,nM,15.0,Cn1cnc2ncn(Cc3nc([C@H]4[C@@H]5CN(c6ccc(C#N)c(F)c6)C[C@@H]54)no3)c(=O)c21,ZAGXFWMLCVBKQA-HALDLXJZSA-N
28038557,CHEMBL5735476,B,Cn1cnc2ncn(Cc3nc([C@H]4[C@@H]5CN(c6cccc(F)c6)C[C@@H]54)no3)c(=O)c21,,CHEMBL5727829,2020,CHEMBL5806157,7.61,=,=,IC50,nM,24.6,IC50,nM,24.6,Cn1cnc2ncn(Cc3nc([C@H]4[C@@H]5CN(c6cccc(F)c6)C[C@@H]54)no3)c(=O)c21,ZZSYQYNHASLYPZ-FOLVSLTJSA-N
28038560,CHEMBL5735477,B,Cn1cnc2ncn(Cc3nc([C@H]4[C@@H]5CN(c6cccc(F)c6)C[C@@H]54)no3)c(=O)c21,,CHEMBL5727829,2020,CHEMBL5806157,8.28,=,=,IC50,nM,5.2,IC50,nM,5.2,Cn1cnc2ncn(Cc3nc([C@H]4[C@@H]5CN(c6cccc(F)c6)C[C@@H]54)no3)c(=O)c21,ZZSYQYNHASLYPZ-FOLVSLTJSA-N
28038563,CHEMBL5735476,B,Cn1cnc2ncn(Cc3nc([C@H]4C[C@H](C(F)(F)c5cccc(Cl)c5)C4)no3)c(=O)c21,,CHEMBL5727829,2020,CHEMBL5842669,7.58,=,=,IC50,nM,26.4,IC50,nM,26.4,Cn1cnc2ncn(Cc3nc([C@H]4C[C@H](C(F)(F)c5cccc(Cl)c5)C4)no3)c(=O)c21,ATLHEWQHWGSHBX-AULYBMBSSA-N
28038566,CHEMBL5735477,B,Cn1cnc2ncn(Cc3nc([C@H]4C[C@H](C(F)(F)c5cccc(Cl)c5)C4)no3)c(=O)c21,,CHEMBL5727829,2020,CHEMBL5842669,7.89,=,=,IC50,nM,13.0,IC50,nM,13.0,Cn1cnc2ncn(Cc3nc([C@H]4C[C@H](C(F)(F)c5cccc(Cl)c5)C4)no3)c(=O)c21,ATLHEWQHWGSHBX-AULYBMBSSA-N
28038569,CHEMBL5735476,B,Cn1cnc2ncn(Cc3nc([C@@H]4[C@H]5C=C(c6ccccc6F)C[C@H]54)no3)c(=O)c21,,CHEMBL5727829,2020,CHEMBL5742566,7.81,=,=,IC50,nM,15.4,IC50,nM,15.4,Cn1cnc2ncn(Cc3nc([C@@H]4[C@H]5C=C(c6ccccc6F)C[C@H]54)no3)c(=O)c21,NQEUZZGRELLFAS-JJRVBVJISA-N
28038572,CHEMBL5735477,B,Cn1cnc2ncn(Cc3nc([C@@H]4[C@H]5C=C(c6ccccc6F)C[C@H]54)no3)c(=O)c21,,CHEMBL5727829,2020,CHEMBL5742566,8.07,=,=,IC50,nM,8.5,IC50,nM,8.5,Cn1cnc2ncn(Cc3nc([C@@H]4[C@H]5C=C(c6ccccc6F)C[C@H]54)no3)c(=O)c21,NQEUZZGRELLFAS-JJRVBVJISA-N
28038575,CHEMBL5735476,B,Cn1cnc2ncn(Cc3nc([C@@H]4[C@H]5C=C(c6ccccc6F)C[C@H]54)no3)c(=O)c21,,CHEMBL5727829,2020,CHEMBL5742566,7.9,=,=,IC50,nM,12.7,IC50,nM,12.7,Cn1cnc2ncn(Cc3nc([C@@H]4[C@H]5C=C(c6ccccc6F)C[C@H]54)no3)c(=O)c21,NQEUZZGRELLFAS-JJRVBVJISA-N
28038578,CHEMBL5735477,B,Cn1cnc2ncn(Cc3nc([C@@H]4[C@H]5C=C(c6ccccc6F)C[C@H]54)no3)c(=O)c21,,CHEMBL5727829,2020,CHEMBL5742566,8.33,=,=,IC50,nM,4.7,IC50,nM,4.7,Cn1cnc2ncn(Cc3nc([C@@H]4[C@H]5C=C(c6ccccc6F)C[C@H]54)no3)c(=O)c21,NQEUZZGRELLFAS-JJRVBVJISA-N
28038581,CHEMBL5735476,B,O=c1c2cccnc2ncn1Cc1nc([C@H]2[C@@H]3CN(c4cccc(F)c4)C[C@@H]32)no1,,CHEMBL5727829,2020,CHEMBL6031616,7.98,=,=,IC50,nM,10.4,IC50,nM,10.4,O=c1c2cccnc2ncn1Cc1nc([C@H]2[C@@H]3CN(c4cccc(F)c4)C[C@@H]32)no1,CLZKMFVTJPNWFB-VQFNDLOPSA-N
28038584,CHEMBL5735477,B,O=c1c2cccnc2ncn1Cc1nc([C@H]2[C@@H]3CN(c4cccc(F)c4)C[C@@H]32)no1,,CHEMBL5727829,2020,CHEMBL6031616,8.06,=,=,IC50,nM,8.7,IC50,nM,8.7,O=c1c2cccnc2ncn1Cc1nc([C@H]2[C@@H]3CN(c4cccc(F)c4)C[C@@H]32)no1,CLZKMFVTJPNWFB-VQFNDLOPSA-N
28038587,CHEMBL5735476,B,O=c1c2cccnc2ncn1Cc1nc([C@H]2[C@@H]3CN(c4ccc5ncsc5c4)C[C@@H]32)no1,,CHEMBL5727829,2020,CHEMBL6058047,7.62,=,=,IC50,nM,24.0,IC50,nM,24.0,O=c1c2cccnc2ncn1Cc1nc([C@H]2[C@@H]3CN(c4ccc5ncsc5c4)C[C@@H]32)no1,DEEKSQRKTYEQAN-QWHZDKJVSA-N
28038590,CHEMBL5735477,B,O=c1c2cccnc2ncn1Cc1nc([C@H]2[C@@H]3CN(c4ccc5ncsc5c4)C[C@@H]32)no1,,CHEMBL5727829,2020,CHEMBL6058047,8.07,=,=,IC50,nM,8.6,IC50,nM,8.6,O=c1c2cccnc2ncn1Cc1nc([C@H]2[C@@H]3CN(c4ccc5ncsc5c4)C[C@@H]32)no1,DEEKSQRKTYEQAN-QWHZDKJVSA-N
28038593,CHEMBL5735476,B,Cn1cnc2ncn(Cc3nc([C@H]4[C@@H]5CN(c6cc(F)cc(C#N)c6)C[C@@H]54)no3)c(=O)c21,,CHEMBL5727829,2020,CHEMBL5979844,7.0,=,=,IC50,nM,99.1,IC50,nM,99.1,Cn1cnc2ncn(Cc3nc([C@H]4[C@@H]5CN(c6cc(F)cc(C#N)c6)C[C@@H]54)no3)c(=O)c21,DZQZOUCQQZZXDZ-QLPKVWCKSA-N
28038596,CHEMBL5735477,B,Cn1cnc2ncn(Cc3nc([C@H]4[C@@H]5CN(c6cc(F)cc(C#N)c6)C[C@@H]54)no3)c(=O)c21,,CHEMBL5727829,2020,CHEMBL5979844,7.4,=,=,IC50,nM,40.0,IC50,nM,40.0,Cn1cnc2ncn(Cc3nc([C@H]4[C@@H]5CN(c6cc(F)cc(C#N)c6)C[C@@H]54)no3)c(=O)c21,DZQZOUCQQZZXDZ-QLPKVWCKSA-N
28038599,CHEMBL5735476,B,Cn1cnc2ncn(Cc3nc([C@H]4[C@@H]5CN(c6ccc7ocnc7c6)C[C@@H]54)no3)c(=O)c21,,CHEMBL5727829,2020,CHEMBL5867523,7.56,=,=,IC50,nM,27.5,IC50,nM,27.5,Cn1cnc2ncn(Cc3nc([C@H]4[C@@H]5CN(c6ccc7ocnc7c6)C[C@@H]54)no3)c(=O)c21,BTNUNVLIPAOCMM-LAQFHYBYSA-N
28038602,CHEMBL5735477,B,Cn1cnc2ncn(Cc3nc([C@H]4[C@@H]5CN(c6ccc7ocnc7c6)C[C@@H]54)no3)c(=O)c21,,CHEMBL5727829,2020,CHEMBL5867523,7.75,=,=,IC50,nM,18.0,IC50,nM,18.0,Cn1cnc2ncn(Cc3nc([C@H]4[C@@H]5CN(c6ccc7ocnc7c6)C[C@@H]54)no3)c(=O)c21,BTNUNVLIPAOCMM-LAQFHYBYSA-N
28038605,CHEMBL5735476,B,O=c1c2cccc(=O)n2ccn1Cc1nc([C@H]2C[C@](F)(c3ccc(Cl)cc3)C2)no1,,CHEMBL5727829,2020,CHEMBL5754138,7.42,=,=,IC50,nM,37.7,IC50,nM,37.7,O=c1c2cccc(=O)n2ccn1Cc1nc([C@H]2C[C@](F)(c3ccc(Cl)cc3)C2)no1,JYMGYVCGGDSUSP-IPVJXJPOSA-N
28038608,CHEMBL5735477,B,O=c1c2cccc(=O)n2ccn1Cc1nc([C@H]2C[C@](F)(c3ccc(Cl)cc3)C2)no1,,CHEMBL5727829,2020,CHEMBL5754138,7.42,=,=,IC50,nM,38.0,IC50,nM,38.0,O=c1c2cccc(=O)n2ccn1Cc1nc([C@H]2C[C@](F)(c3ccc(Cl)cc3)C2)no1,JYMGYVCGGDSUSP-IPVJXJPOSA-N
28038611,CHEMBL5735476,B,Cn1cnc2ncn(Cc3nc([C@H]4[C@@H]5CN(c6cccc(F)c6)C[C@@H]54)no3)c(=O)c21,,CHEMBL5727829,2020,CHEMBL5806157,7.48,=,=,IC50,nM,33.3,IC50,nM,33.3,Cn1cnc2ncn(Cc3nc([C@H]4[C@@H]5CN(c6cccc(F)c6)C[C@@H]54)no3)c(=O)c21,ZZSYQYNHASLYPZ-FOLVSLTJSA-N
28038614,CHEMBL5735477,B,Cn1cnc2ncn(Cc3nc([C@H]4[C@@H]5CN(c6cccc(F)c6)C[C@@H]54)no3)c(=O)c21,,CHEMBL5727829,2020,CHEMBL5806157,8.32,=,=,IC50,nM,4.8,IC50,nM,4.8,Cn1cnc2ncn(Cc3nc([C@H]4[C@@H]5CN(c6cccc(F)c6)C[C@@H]54)no3)c(=O)c21,ZZSYQYNHASLYPZ-FOLVSLTJSA-N
28038617,CHEMBL5735476,B,Cc1cnn2ncn(Cc3nc([C@H]4C[C@](F)(c5ccc(Cl)cc5)C4)no3)c(=O)c12,,CHEMBL5727829,2020,CHEMBL5865172,7.19,=,=,IC50,nM,64.9,IC50,nM,64.9,Cc1cnn2ncn(Cc3nc([C@H]4C[C@](F)(c5ccc(Cl)cc5)C4)no3)c(=O)c12,RNTNRGPOXWZFSV-HHCCDPJTSA-N
28038620,CHEMBL5735477,B,Cc1cnn2ncn(Cc3nc([C@H]4C[C@](F)(c5ccc(Cl)cc5)C4)no3)c(=O)c12,,CHEMBL5727829,2020,CHEMBL5865172,8.09,=,=,IC50,nM,8.1,IC50,nM,8.1,Cc1cnn2ncn(Cc3nc([C@H]4C[C@](F)(c5ccc(Cl)cc5)C4)no3)c(=O)c12,RNTNRGPOXWZFSV-HHCCDPJTSA-N
28038623,CHEMBL5735476,B,Cn1cnc2ncn(Cc3nc([C@H]4[C@@H]5CN(c6ccc7ncoc7c6)C[C@@H]54)no3)c(=O)c21,,CHEMBL5727829,2020,CHEMBL5903390,7.42,=,=,IC50,nM,38.4,IC50,nM,38.4,Cn1cnc2ncn(Cc3nc([C@H]4[C@@H]5CN(c6ccc7ncoc7c6)C[C@@H]54)no3)c(=O)c21,WXHSFVIZINIMIS-LAQFHYBYSA-N
28038626,CHEMBL5735477,B,Cn1cnc2ncn(Cc3nc([C@H]4[C@@H]5CN(c6ccc7ncoc7c6)C[C@@H]54)no3)c(=O)c21,,CHEMBL5727829,2020,CHEMBL5903390,7.55,=,=,IC50,nM,28.0,IC50,nM,28.0,Cn1cnc2ncn(Cc3nc([C@H]4[C@@H]5CN(c6ccc7ncoc7c6)C[C@@H]54)no3)c(=O)c21,WXHSFVIZINIMIS-LAQFHYBYSA-N
28038629,CHEMBL5735476,B,Cn1cnc2ncn(Cc3nc([C@H]4[C@@H]5CN(c6cc(F)cc(F)c6)C[C@@H]54)no3)c(=O)c21,,CHEMBL5727829,2020,CHEMBL5967246,7.69,=,=,IC50,nM,20.6,IC50,nM,20.6,Cn1cnc2ncn(Cc3nc([C@H]4[C@@H]5CN(c6cc(F)cc(F)c6)C[C@@H]54)no3)c(=O)c21,QXUVGAUHCZPSAQ-FOLVSLTJSA-N
28038632,CHEMBL5735477,B,Cn1cnc2ncn(Cc3nc([C@H]4[C@@H]5CN(c6cc(F)cc(F)c6)C[C@@H]54)no3)c(=O)c21,,CHEMBL5727829,2020,CHEMBL5967246,8.51,=,=,IC50,nM,3.1,IC50,nM,3.1,Cn1cnc2ncn(Cc3nc([C@H]4[C@@H]5CN(c6cc(F)cc(F)c6)C[C@@H]54)no3)c(=O)c21,QXUVGAUHCZPSAQ-FOLVSLTJSA-N
28038635,CHEMBL5735476,B,Cn1cnc2ncn(Cc3nc([C@H]4[C@@H]5C=C(c6ccc(F)c(F)c6)C[C@@H]54)no3)c(=O)c21,,CHEMBL5727829,2020,CHEMBL5964943,7.9,=,=,IC50,nM,12.7,IC50,nM,12.7,Cn1cnc2ncn(Cc3nc([C@H]4[C@@H]5C=C(c6ccc(F)c(F)c6)C[C@@H]54)no3)c(=O)c21,SJUCKSBEIQPXBE-IGCXYCKISA-N
28038638,CHEMBL5735477,B,Cn1cnc2ncn(Cc3nc([C@H]4[C@@H]5C=C(c6ccc(F)c(F)c6)C[C@@H]54)no3)c(=O)c21,,CHEMBL5727829,2020,CHEMBL5964943,8.41,=,=,IC50,nM,3.9,IC50,nM,3.9,Cn1cnc2ncn(Cc3nc([C@H]4[C@@H]5C=C(c6ccc(F)c(F)c6)C[C@@H]54)no3)c(=O)c21,SJUCKSBEIQPXBE-IGCXYCKISA-N
28038641,CHEMBL5735476,B,Cn1cnc2ncn(Cc3nc([C@@H]4[C@H]5C=C(c6ccc(F)c(F)c6)C[C@H]54)no3)c(=O)c21,,CHEMBL5727829,2020,CHEMBL6058281,8.03,=,=,IC50,nM,9.35,IC50,nM,9.35,Cn1cnc2ncn(Cc3nc([C@@H]4[C@H]5C=C(c6ccc(F)c(F)c6)C[C@H]54)no3)c(=O)c21,SJUCKSBEIQPXBE-OGHNNQOOSA-N
28038644,CHEMBL5735477,B,Cn1cnc2ncn(Cc3nc([C@@H]4[C@H]5C=C(c6ccc(F)c(F)c6)C[C@H]54)no3)c(=O)c21,,CHEMBL5727829,2020,CHEMBL6058281,8.31,=,=,IC50,nM,4.9,IC50,nM,4.9,Cn1cnc2ncn(Cc3nc([C@@H]4[C@H]5C=C(c6ccc(F)c(F)c6)C[C@H]54)no3)c(=O)c21,SJUCKSBEIQPXBE-OGHNNQOOSA-N
28038647,CHEMBL5735476,B,Cc1cnn2ncn(Cc3nc([C@H]4[C@@H]5CN(c6ccccc6)C[C@@H]54)no3)c(=O)c12,,CHEMBL5727829,2020,CHEMBL5856251,8.09,=,=,IC50,nM,8.11,IC50,nM,8.11,Cc1cnn2ncn(Cc3nc([C@H]4[C@@H]5CN(c6ccccc6)C[C@@H]54)no3)c(=O)c12,IAWHXDCOTSCDSA-QLPKVWCKSA-N
28038650,CHEMBL5735477,B,Cc1cnn2ncn(Cc3nc([C@H]4[C@@H]5CN(c6ccccc6)C[C@@H]54)no3)c(=O)c12,,CHEMBL5727829,2020,CHEMBL5856251,8.46,=,=,IC50,nM,3.5,IC50,nM,3.5,Cc1cnn2ncn(Cc3nc([C@H]4[C@@H]5CN(c6ccccc6)C[C@@H]54)no3)c(=O)c12,IAWHXDCOTSCDSA-QLPKVWCKSA-N
28038653,CHEMBL5735476,B,O=c1c2cccnc2cnn1Cc1nc([C@H]2[C@@H]3CN(c4cccc(F)c4)C[C@@H]32)no1,,CHEMBL5727829,2020,CHEMBL5774326,8.08,=,=,IC50,nM,8.39,IC50,nM,8.39,O=c1c2cccnc2cnn1Cc1nc([C@H]2[C@@H]3CN(c4cccc(F)c4)C[C@@H]32)no1,RTOPZEJDITVXGI-MNZLEMJZSA-N
28038656,CHEMBL5735477,B,O=c1c2cccnc2cnn1Cc1nc([C@H]2[C@@H]3CN(c4cccc(F)c4)C[C@@H]32)no1,,CHEMBL5727829,2020,CHEMBL5774326,8.29,=,=,IC50,nM,5.1,IC50,nM,5.1,O=c1c2cccnc2cnn1Cc1nc([C@H]2[C@@H]3CN(c4cccc(F)c4)C[C@@H]32)no1,RTOPZEJDITVXGI-MNZLEMJZSA-N
28038659,CHEMBL5735476,B,Cn1cnc2ncn(Cc3nc([C@H]4[C@@H]5CN(c6ccccc6F)C[C@@H]54)no3)c(=O)c21,,CHEMBL5727829,2020,CHEMBL5777536,7.32,=,=,IC50,nM,48.1,IC50,nM,48.1,Cn1cnc2ncn(Cc3nc([C@H]4[C@@H]5CN(c6ccccc6F)C[C@@H]54)no3)c(=O)c21,KTXOJFRLLCSGST-ATCWAGBWSA-N
28038662,CHEMBL5735477,B,Cn1cnc2ncn(Cc3nc([C@H]4[C@@H]5CN(c6ccccc6F)C[C@@H]54)no3)c(=O)c21,,CHEMBL5727829,2020,CHEMBL5777536,7.72,=,=,IC50,nM,19.0,IC50,nM,19.0,Cn1cnc2ncn(Cc3nc([C@H]4[C@@H]5CN(c6ccccc6F)C[C@@H]54)no3)c(=O)c21,KTXOJFRLLCSGST-ATCWAGBWSA-N
28038665,CHEMBL5735476,B,Cn1cnc2ncn(Cc3nc([C@H]4[C@@H]5CN(c6ccccc6C#N)C[C@@H]54)no3)c(=O)c21,,CHEMBL5727829,2020,CHEMBL6021662,6.8,=,=,IC50,nM,157.0,IC50,nM,157.0,Cn1cnc2ncn(Cc3nc([C@H]4[C@@H]5CN(c6ccccc6C#N)C[C@@H]54)no3)c(=O)c21,CLALAOKNVZYDNB-HALDLXJZSA-N
28038668,CHEMBL5735477,B,Cn1cnc2ncn(Cc3nc([C@H]4[C@@H]5CN(c6ccccc6C#N)C[C@@H]54)no3)c(=O)c21,,CHEMBL5727829,2020,CHEMBL6021662,7.0,=,=,IC50,nM,100.0,IC50,nM,100.0,Cn1cnc2ncn(Cc3nc([C@H]4[C@@H]5CN(c6ccccc6C#N)C[C@@H]54)no3)c(=O)c21,CLALAOKNVZYDNB-HALDLXJZSA-N
28038671,CHEMBL5735476,B,Cn1cnc2ncn(Cc3nc([C@H]4[C@@H]5CN(c6cc(F)ccc6F)C[C@@H]54)no3)c(=O)c21,,CHEMBL5727829,2020,CHEMBL5845808,7.82,=,=,IC50,nM,15.1,IC50,nM,15.1,Cn1cnc2ncn(Cc3nc([C@H]4[C@@H]5CN(c6cc(F)ccc6F)C[C@@H]54)no3)c(=O)c21,LOTBKQZXFAVCCV-ATCWAGBWSA-N
28038674,CHEMBL5735477,B,Cn1cnc2ncn(Cc3nc([C@H]4[C@@H]5CN(c6cc(F)ccc6F)C[C@@H]54)no3)c(=O)c21,,CHEMBL5727829,2020,CHEMBL5845808,8.2,=,=,IC50,nM,6.3,IC50,nM,6.3,Cn1cnc2ncn(Cc3nc([C@H]4[C@@H]5CN(c6cc(F)ccc6F)C[C@@H]54)no3)c(=O)c21,LOTBKQZXFAVCCV-ATCWAGBWSA-N
28038677,CHEMBL5735476,B,Cn1cnc2ncn(Cc3nc([C@H]4[C@@H]5CN(c6cccc(F)c6F)C[C@@H]54)no3)c(=O)c21,,CHEMBL5727829,2020,CHEMBL5752360,7.89,=,=,IC50,nM,12.8,IC50,nM,12.8,Cn1cnc2ncn(Cc3nc([C@H]4[C@@H]5CN(c6cccc(F)c6F)C[C@@H]54)no3)c(=O)c21,UCDSHIQKQTZWPG-HBYGRHMLSA-N
28038680,CHEMBL5735477,B,Cn1cnc2ncn(Cc3nc([C@H]4[C@@H]5CN(c6cccc(F)c6F)C[C@@H]54)no3)c(=O)c21,,CHEMBL5727829,2020,CHEMBL5752360,8.6,=,=,IC50,nM,2.5,IC50,nM,2.5,Cn1cnc2ncn(Cc3nc([C@H]4[C@@H]5CN(c6cccc(F)c6F)C[C@@H]54)no3)c(=O)c21,UCDSHIQKQTZWPG-HBYGRHMLSA-N
28038683,CHEMBL5735476,B,Cn1cnc2ncn(Cc3nc([C@H]4C[C@H](C(=O)c5cccc(Cl)c5)C4)no3)c(=O)c21,,CHEMBL5727829,2020,CHEMBL5991506,6.93,=,=,IC50,nM,117.0,IC50,nM,117.0,Cn1cnc2ncn(Cc3nc([C@H]4C[C@H](C(=O)c5cccc(Cl)c5)C4)no3)c(=O)c21,DTFHZFACWKUJPZ-JOCQHMNTSA-N
28038686,CHEMBL5735477,B,Cn1cnc2ncn(Cc3nc([C@H]4C[C@H](C(=O)c5cccc(Cl)c5)C4)no3)c(=O)c21,,CHEMBL5727829,2020,CHEMBL5991506,7.19,=,=,IC50,nM,64.0,IC50,nM,64.0,Cn1cnc2ncn(Cc3nc([C@H]4C[C@H](C(=O)c5cccc(Cl)c5)C4)no3)c(=O)c21,DTFHZFACWKUJPZ-JOCQHMNTSA-N
28038689,CHEMBL5735476,B,Cn1cnc2ncn(Cc3nc([C@@H]4[C@H]5C=C(c6cccc(C(F)F)c6)C[C@H]54)no3)c(=O)c21,,CHEMBL5727829,2020,CHEMBL5828488,7.3,=,=,IC50,nM,49.5,IC50,nM,49.5,Cn1cnc2ncn(Cc3nc([C@@H]4[C@H]5C=C(c6cccc(C(F)F)c6)C[C@H]54)no3)c(=O)c21,LZZAVIYOWBNZER-ZMSDIMECSA-N
28038692,CHEMBL5735477,B,Cn1cnc2ncn(Cc3nc([C@@H]4[C@H]5C=C(c6cccc(C(F)F)c6)C[C@H]54)no3)c(=O)c21,,CHEMBL5727829,2020,CHEMBL5828488,7.43,=,=,IC50,nM,37.0,IC50,nM,37.0,Cn1cnc2ncn(Cc3nc([C@@H]4[C@H]5C=C(c6cccc(C(F)F)c6)C[C@H]54)no3)c(=O)c21,LZZAVIYOWBNZER-ZMSDIMECSA-N
28038695,CHEMBL5735476,B,Cn1cnc2ncn(Cc3nc([C@H]4[C@@H]5C=C(c6cccc(C(F)F)c6)C[C@@H]54)no3)c(=O)c21,,CHEMBL5727829,2020,CHEMBL5777279,7.5,=,=,IC50,nM,31.9,IC50,nM,31.9,Cn1cnc2ncn(Cc3nc([C@H]4[C@@H]5C=C(c6cccc(C(F)F)c6)C[C@@H]54)no3)c(=O)c21,LZZAVIYOWBNZER-VYDXJSESSA-N
28038698,CHEMBL5735477,B,Cn1cnc2ncn(Cc3nc([C@H]4[C@@H]5C=C(c6cccc(C(F)F)c6)C[C@@H]54)no3)c(=O)c21,,CHEMBL5727829,2020,CHEMBL5777279,7.58,=,=,IC50,nM,26.0,IC50,nM,26.0,Cn1cnc2ncn(Cc3nc([C@H]4[C@@H]5C=C(c6cccc(C(F)F)c6)C[C@@H]54)no3)c(=O)c21,LZZAVIYOWBNZER-VYDXJSESSA-N
28038701,CHEMBL5735476,B,Cc1noc2ncn(Cc3nc([C@H]4[C@@H]5CN(c6cc(Cl)ccn6)C[C@@H]54)no3)c(=O)c12,,CHEMBL5727829,2020,CHEMBL5744652,7.37,=,=,IC50,nM,43.0,IC50,nM,43.0,Cc1noc2ncn(Cc3nc([C@H]4[C@@H]5CN(c6cc(Cl)ccn6)C[C@@H]54)no3)c(=O)c12,ZFYMVMUDHSAMSG-ATCWAGBWSA-N
28038704,CHEMBL5735477,B,Cc1noc2ncn(Cc3nc([C@H]4[C@@H]5CN(c6cc(Cl)ccn6)C[C@@H]54)no3)c(=O)c12,,CHEMBL5727829,2020,CHEMBL5744652,7.52,=,=,IC50,nM,30.0,IC50,nM,30.0,Cc1noc2ncn(Cc3nc([C@H]4[C@@H]5CN(c6cc(Cl)ccn6)C[C@@H]54)no3)c(=O)c12,ZFYMVMUDHSAMSG-ATCWAGBWSA-N
28038707,CHEMBL5735476,B,Cn1cnc2ncn(Cc3nc([C@H]4[C@@H]5CN(c6ccc(F)c(F)c6)C[C@@H]54)no3)c(=O)c21,,CHEMBL5727829,2020,CHEMBL6009524,7.67,=,=,IC50,nM,21.5,IC50,nM,21.5,Cn1cnc2ncn(Cc3nc([C@H]4[C@@H]5CN(c6ccc(F)c(F)c6)C[C@@H]54)no3)c(=O)c21,OBHJVFPRSXFZMO-ATCWAGBWSA-N
28038710,CHEMBL5735477,B,Cn1cnc2ncn(Cc3nc([C@H]4[C@@H]5CN(c6ccc(F)c(F)c6)C[C@@H]54)no3)c(=O)c21,,CHEMBL5727829,2020,CHEMBL6009524,8.41,=,=,IC50,nM,3.9,IC50,nM,3.9,Cn1cnc2ncn(Cc3nc([C@H]4[C@@H]5CN(c6ccc(F)c(F)c6)C[C@@H]54)no3)c(=O)c21,OBHJVFPRSXFZMO-ATCWAGBWSA-N
28038713,CHEMBL5735476,B,Cn1nnc2ncn(Cc3nc([C@@H]4CC[C@@H](c5ccc(F)cc5)C4)no3)c(=O)c21,,CHEMBL5727829,2020,CHEMBL5897594,7.39,=,=,IC50,nM,40.3,IC50,nM,40.3,Cn1nnc2ncn(Cc3nc([C@@H]4CC[C@@H](c5ccc(F)cc5)C4)no3)c(=O)c21,GGMKYOGJIQCBEX-CHWSQXEVSA-N
28038716,CHEMBL5735477,B,Cn1nnc2ncn(Cc3nc([C@@H]4CC[C@@H](c5ccc(F)cc5)C4)no3)c(=O)c21,,CHEMBL5727829,2020,CHEMBL5897594,7.36,=,=,IC50,nM,44.0,IC50,nM,44.0,Cn1nnc2ncn(Cc3nc([C@@H]4CC[C@@H](c5ccc(F)cc5)C4)no3)c(=O)c21,GGMKYOGJIQCBEX-CHWSQXEVSA-N
28038719,CHEMBL5735476,B,Cc1cc(C#N)nc2ncn(Cc3nc([C@H]4[C@@H]5CN(c6cc(Cl)ccn6)C[C@@H]54)no3)c(=O)c12,,CHEMBL5727829,2020,CHEMBL6000403,7.31,=,=,IC50,nM,49.0,IC50,nM,49.0,Cc1cc(C#N)nc2ncn(Cc3nc([C@H]4[C@@H]5CN(c6cc(Cl)ccn6)C[C@@H]54)no3)c(=O)c12,NPEFTSHDWRRIGK-QWHZDKJVSA-N
28038722,CHEMBL5735477,B,Cc1cc(C#N)nc2ncn(Cc3nc([C@H]4[C@@H]5CN(c6cc(Cl)ccn6)C[C@@H]54)no3)c(=O)c12,,CHEMBL5727829,2020,CHEMBL6000403,8.04,=,=,IC50,nM,9.1,IC50,nM,9.1,Cc1cc(C#N)nc2ncn(Cc3nc([C@H]4[C@@H]5CN(c6cc(Cl)ccn6)C[C@@H]54)no3)c(=O)c12,NPEFTSHDWRRIGK-QWHZDKJVSA-N
28038725,CHEMBL5735476,B,Cn1nnc2ncn(Cc3nc([C@H]4[C@@H]5C=C(c6ccccc6)C[C@@H]54)no3)c(=O)c21,,CHEMBL5727829,2020,CHEMBL6027272,8.21,=,=,IC50,nM,6.12,IC50,nM,6.12,Cn1nnc2ncn(Cc3nc([C@H]4[C@@H]5C=C(c6ccccc6)C[C@@H]54)no3)c(=O)c21,LRZQMDHWCOUOPM-YCPHGPKFSA-N
28038728,CHEMBL5735477,B,Cn1nnc2ncn(Cc3nc([C@H]4[C@@H]5C=C(c6ccccc6)C[C@@H]54)no3)c(=O)c21,,CHEMBL5727829,2020,CHEMBL6027272,8.51,=,=,IC50,nM,3.1,IC50,nM,3.1,Cn1nnc2ncn(Cc3nc([C@H]4[C@@H]5C=C(c6ccccc6)C[C@@H]54)no3)c(=O)c21,LRZQMDHWCOUOPM-YCPHGPKFSA-N
28038731,CHEMBL5735476,B,Cn1nnc2ncn(Cc3nc([C@@H]4[C@H]5C=C(c6ccccc6)C[C@H]54)no3)c(=O)c21,,CHEMBL5727829,2020,CHEMBL5879055,7.98,=,=,IC50,nM,10.4,IC50,nM,10.4,Cn1nnc2ncn(Cc3nc([C@@H]4[C@H]5C=C(c6ccccc6)C[C@H]54)no3)c(=O)c21,LRZQMDHWCOUOPM-SQWLQELKSA-N
28038734,CHEMBL5735477,B,Cn1nnc2ncn(Cc3nc([C@@H]4[C@H]5C=C(c6ccccc6)C[C@H]54)no3)c(=O)c21,,CHEMBL5727829,2020,CHEMBL5879055,8.39,=,=,IC50,nM,4.1,IC50,nM,4.1,Cn1nnc2ncn(Cc3nc([C@@H]4[C@H]5C=C(c6ccccc6)C[C@H]54)no3)c(=O)c21,LRZQMDHWCOUOPM-SQWLQELKSA-N
28038737,CHEMBL5735476,B,Cn1cnc2ncn(Cc3nc([C@@H]4[C@H]5C=C(c6ccc(F)cn6)C[C@H]54)no3)c(=O)c21,,CHEMBL5727829,2020,CHEMBL5805829,7.19,=,=,IC50,nM,64.0,IC50,nM,64.0,Cn1cnc2ncn(Cc3nc([C@@H]4[C@H]5C=C(c6ccc(F)cn6)C[C@H]54)no3)c(=O)c21,NPUDHMAZVHROFR-WOSRLPQWSA-N
28038740,CHEMBL5735477,B,Cn1cnc2ncn(Cc3nc([C@@H]4[C@H]5C=C(c6ccc(F)cn6)C[C@H]54)no3)c(=O)c21,,CHEMBL5727829,2020,CHEMBL5805829,7.57,=,=,IC50,nM,27.0,IC50,nM,27.0,Cn1cnc2ncn(Cc3nc([C@@H]4[C@H]5C=C(c6ccc(F)cn6)C[C@H]54)no3)c(=O)c21,NPUDHMAZVHROFR-WOSRLPQWSA-N
28038743,CHEMBL5735476,B,Cn1cnc2ncn(Cc3nc([C@H]4[C@@H]5C=C(c6ccc(F)cn6)C[C@@H]54)no3)c(=O)c21,,CHEMBL5727829,2020,CHEMBL5863856,6.94,=,=,IC50,nM,116.0,IC50,nM,116.0,Cn1cnc2ncn(Cc3nc([C@H]4[C@@H]5C=C(c6ccc(F)cn6)C[C@@H]54)no3)c(=O)c21,NPUDHMAZVHROFR-WWGRRREGSA-N
28038746,CHEMBL5735477,B,Cn1cnc2ncn(Cc3nc([C@H]4[C@@H]5C=C(c6ccc(F)cn6)C[C@@H]54)no3)c(=O)c21,,CHEMBL5727829,2020,CHEMBL5863856,7.11,=,=,IC50,nM,78.0,IC50,nM,78.0,Cn1cnc2ncn(Cc3nc([C@H]4[C@@H]5C=C(c6ccc(F)cn6)C[C@@H]54)no3)c(=O)c21,NPUDHMAZVHROFR-WWGRRREGSA-N
28038749,CHEMBL5735476,B,Cn1cnc2ncn(Cc3nc([C@H]4[C@@H]5C=C(c6ccc7scnc7c6)C[C@@H]54)no3)c(=O)c21,,CHEMBL5727829,2020,CHEMBL5907024,7.44,=,=,IC50,nM,36.0,IC50,nM,36.0,Cn1cnc2ncn(Cc3nc([C@H]4[C@@H]5C=C(c6ccc7scnc7c6)C[C@@H]54)no3)c(=O)c21,JWKCOLSRXWLOLP-GLJUWKHASA-N
28038752,CHEMBL5735477,B,Cn1cnc2ncn(Cc3nc([C@H]4[C@@H]5C=C(c6ccc7scnc7c6)C[C@@H]54)no3)c(=O)c21,,CHEMBL5727829,2020,CHEMBL5907024,7.62,=,=,IC50,nM,24.0,IC50,nM,24.0,Cn1cnc2ncn(Cc3nc([C@H]4[C@@H]5C=C(c6ccc7scnc7c6)C[C@@H]54)no3)c(=O)c21,JWKCOLSRXWLOLP-GLJUWKHASA-N
28038755,CHEMBL5735476,B,Cn1cnc2ncn(Cc3nc([C@@H]4[C@H]5C=C(c6ccc7scnc7c6)C[C@H]54)no3)c(=O)c21,,CHEMBL5727829,2020,CHEMBL5850879,7.44,=,=,IC50,nM,36.2,IC50,nM,36.2,Cn1cnc2ncn(Cc3nc([C@@H]4[C@H]5C=C(c6ccc7scnc7c6)C[C@H]54)no3)c(=O)c21,JWKCOLSRXWLOLP-PMUMKWKESA-N
28038758,CHEMBL5735477,B,Cn1cnc2ncn(Cc3nc([C@@H]4[C@H]5C=C(c6ccc7scnc7c6)C[C@H]54)no3)c(=O)c21,,CHEMBL5727829,2020,CHEMBL5850879,7.47,=,=,IC50,nM,34.0,IC50,nM,34.0,Cn1cnc2ncn(Cc3nc([C@@H]4[C@H]5C=C(c6ccc7scnc7c6)C[C@H]54)no3)c(=O)c21,JWKCOLSRXWLOLP-PMUMKWKESA-N
28038761,CHEMBL5735476,B,Cn1cnc2ncn(Cc3nc([C@H]4[C@@H]5C=C(c6cccc(F)c6)C[C@@H]54)no3)c(=O)c21,,CHEMBL5727829,2020,CHEMBL5845513,8.19,=,=,IC50,nM,6.4,IC50,nM,6.4,Cn1cnc2ncn(Cc3nc([C@H]4[C@@H]5C=C(c6cccc(F)c6)C[C@@H]54)no3)c(=O)c21,SSLPGGYMXROYIW-VYDXJSESSA-N
28038764,CHEMBL5735477,B,Cn1cnc2ncn(Cc3nc([C@H]4[C@@H]5C=C(c6cccc(F)c6)C[C@@H]54)no3)c(=O)c21,,CHEMBL5727829,2020,CHEMBL5845513,8.77,=,=,IC50,nM,1.7,IC50,nM,1.7,Cn1cnc2ncn(Cc3nc([C@H]4[C@@H]5C=C(c6cccc(F)c6)C[C@@H]54)no3)c(=O)c21,SSLPGGYMXROYIW-VYDXJSESSA-N
28038767,CHEMBL5735476,B,Cn1cnc2ncn(Cc3nc([C@@H]4[C@H]5C=C(c6cccc(F)c6)C[C@H]54)no3)c(=O)c21,,CHEMBL5727829,2020,CHEMBL5885885,8.01,=,=,IC50,nM,9.73,IC50,nM,9.73,Cn1cnc2ncn(Cc3nc([C@@H]4[C@H]5C=C(c6cccc(F)c6)C[C@H]54)no3)c(=O)c21,SSLPGGYMXROYIW-ZMSDIMECSA-N
28038770,CHEMBL5735477,B,Cn1cnc2ncn(Cc3nc([C@@H]4[C@H]5C=C(c6cccc(F)c6)C[C@H]54)no3)c(=O)c21,,CHEMBL5727829,2020,CHEMBL5885885,8.64,=,=,IC50,nM,2.3,IC50,nM,2.3,Cn1cnc2ncn(Cc3nc([C@@H]4[C@H]5C=C(c6cccc(F)c6)C[C@H]54)no3)c(=O)c21,SSLPGGYMXROYIW-ZMSDIMECSA-N
28038773,CHEMBL5735476,B,Cc1ncn2ncn(Cc3nc([C@H]4[C@@H]5CN(c6cc(Cl)ccn6)C[C@@H]54)no3)c(=O)c12,,CHEMBL5727829,2020,CHEMBL5778727,7.21,=,=,IC50,nM,61.1,IC50,nM,61.1,Cc1ncn2ncn(Cc3nc([C@H]4[C@@H]5CN(c6cc(Cl)ccn6)C[C@@H]54)no3)c(=O)c12,XBDHVGWQURBFBB-VIKVFOODSA-N
28038776,CHEMBL5735477,B,Cc1ncn2ncn(Cc3nc([C@H]4[C@@H]5CN(c6cc(Cl)ccn6)C[C@@H]54)no3)c(=O)c12,,CHEMBL5727829,2020,CHEMBL5778727,7.3,=,=,IC50,nM,50.0,IC50,nM,50.0,Cc1ncn2ncn(Cc3nc([C@H]4[C@@H]5CN(c6cc(Cl)ccn6)C[C@@H]54)no3)c(=O)c12,XBDHVGWQURBFBB-VIKVFOODSA-N
28038779,CHEMBL5735476,B,Cc1cnn2ncn(Cc3nc([C@H]4[C@@H]5CN(c6cc(F)ccn6)C[C@@H]54)no3)c(=O)c12,,CHEMBL5727829,2020,CHEMBL5751966,7.72,=,=,IC50,nM,19.2,IC50,nM,19.2,Cc1cnn2ncn(Cc3nc([C@H]4[C@@H]5CN(c6cc(F)ccn6)C[C@@H]54)no3)c(=O)c12,NPTHNANPKCRKIP-VIKVFOODSA-N
28038782,CHEMBL5735477,B,Cc1cnn2ncn(Cc3nc([C@H]4[C@@H]5CN(c6cc(F)ccn6)C[C@@H]54)no3)c(=O)c12,,CHEMBL5727829,2020,CHEMBL5751966,8.12,=,=,IC50,nM,7.5,IC50,nM,7.5,Cc1cnn2ncn(Cc3nc([C@H]4[C@@H]5CN(c6cc(F)ccn6)C[C@@H]54)no3)c(=O)c12,NPTHNANPKCRKIP-VIKVFOODSA-N
28038785,CHEMBL5735476,B,COc1ccc(C2=C[C@@H]3[C@H](C2)[C@H]3c2noc(Cn3cnc4ncn(C)c4c3=O)n2)cc1,,CHEMBL5727829,2020,CHEMBL5832402,7.38,=,=,IC50,nM,41.8,IC50,nM,41.8,COc1ccc(C2=C[C@@H]3[C@H](C2)[C@H]3c2noc(Cn3cnc4ncn(C)c4c3=O)n2)cc1,JKNJVPGBUGINLQ-RYRKJORJSA-N
28038788,CHEMBL5735477,B,COc1ccc(C2=C[C@@H]3[C@H](C2)[C@H]3c2noc(Cn3cnc4ncn(C)c4c3=O)n2)cc1,,CHEMBL5727829,2020,CHEMBL5832402,7.82,=,=,IC50,nM,15.0,IC50,nM,15.0,COc1ccc(C2=C[C@@H]3[C@H](C2)[C@H]3c2noc(Cn3cnc4ncn(C)c4c3=O)n2)cc1,JKNJVPGBUGINLQ-RYRKJORJSA-N
28038791,CHEMBL5735476,B,COc1ccc(C2=C[C@H]3[C@@H](C2)[C@@H]3c2noc(Cn3cnc4ncn(C)c4c3=O)n2)cc1,,CHEMBL5727829,2020,CHEMBL5810601,7.58,=,=,IC50,nM,26.6,IC50,nM,26.6,COc1ccc(C2=C[C@H]3[C@@H](C2)[C@@H]3c2noc(Cn3cnc4ncn(C)c4c3=O)n2)cc1,JKNJVPGBUGINLQ-LZLYRXPVSA-N
28038794,CHEMBL5735477,B,COc1ccc(C2=C[C@H]3[C@@H](C2)[C@@H]3c2noc(Cn3cnc4ncn(C)c4c3=O)n2)cc1,,CHEMBL5727829,2020,CHEMBL5810601,7.8,=,=,IC50,nM,16.0,IC50,nM,16.0,COc1ccc(C2=C[C@H]3[C@@H](C2)[C@@H]3c2noc(Cn3cnc4ncn(C)c4c3=O)n2)cc1,JKNJVPGBUGINLQ-LZLYRXPVSA-N
28038797,CHEMBL5735476,B,Cn1cnc2ncn(Cc3nc([C@H]4[C@@H]5CN(c6cc7ccccc7cn6)C[C@@H]54)no3)c(=O)c21,,CHEMBL5727829,2020,CHEMBL5956030,7.04,=,=,IC50,nM,90.8,IC50,nM,90.8,Cn1cnc2ncn(Cc3nc([C@H]4[C@@H]5CN(c6cc7ccccc7cn6)C[C@@H]54)no3)c(=O)c21,CGKGVIMZSQQQKI-MNZLEMJZSA-N
28038800,CHEMBL5735477,B,Cn1cnc2ncn(Cc3nc([C@H]4[C@@H]5CN(c6cc7ccccc7cn6)C[C@@H]54)no3)c(=O)c21,,CHEMBL5727829,2020,CHEMBL5956030,7.09,=,=,IC50,nM,81.0,IC50,nM,81.0,Cn1cnc2ncn(Cc3nc([C@H]4[C@@H]5CN(c6cc7ccccc7cn6)C[C@@H]54)no3)c(=O)c21,CGKGVIMZSQQQKI-MNZLEMJZSA-N
28038803,CHEMBL5735476,B,O=c1c2c(Cl)ccnc2ncn1Cc1nc([C@H]2C[C@](F)(c3ccc(Cl)cc3)C2)no1,,CHEMBL5727829,2020,CHEMBL6048544,7.88,=,=,IC50,nM,13.1,IC50,nM,13.1,O=c1c2c(Cl)ccnc2ncn1Cc1nc([C@H]2C[C@](F)(c3ccc(Cl)cc3)C2)no1,VSHDIFLHXQISHJ-IYVRIMFBSA-N
28038806,CHEMBL5735477,B,O=c1c2c(Cl)ccnc2ncn1Cc1nc([C@H]2C[C@](F)(c3ccc(Cl)cc3)C2)no1,,CHEMBL5727829,2020,CHEMBL6048544,7.66,=,=,IC50,nM,22.0,IC50,nM,22.0,O=c1c2c(Cl)ccnc2ncn1Cc1nc([C@H]2C[C@](F)(c3ccc(Cl)cc3)C2)no1,VSHDIFLHXQISHJ-IYVRIMFBSA-N
28038809,CHEMBL5735476,B,Cn1cnc2ncn(Cc3nc([C@H]4[C@@H]5C=C(c6ccc(Cl)cn6)C[C@@H]54)no3)c(=O)c21,,CHEMBL5727829,2020,CHEMBL5918650,6.85,=,=,IC50,nM,142.0,IC50,nM,142.0,Cn1cnc2ncn(Cc3nc([C@H]4[C@@H]5C=C(c6ccc(Cl)cn6)C[C@@H]54)no3)c(=O)c21,VILMMYYNTBYFJR-WWGRRREGSA-N
28038812,CHEMBL5735477,B,Cn1cnc2ncn(Cc3nc([C@H]4[C@@H]5C=C(c6ccc(Cl)cn6)C[C@@H]54)no3)c(=O)c21,,CHEMBL5727829,2020,CHEMBL5918650,6.89,=,=,IC50,nM,130.0,IC50,nM,130.0,Cn1cnc2ncn(Cc3nc([C@H]4[C@@H]5C=C(c6ccc(Cl)cn6)C[C@@H]54)no3)c(=O)c21,VILMMYYNTBYFJR-WWGRRREGSA-N
28038815,CHEMBL5735476,B,Cn1cnc2ncn(Cc3nc([C@@H]4[C@H]5C=C(c6ccc(Cl)cn6)C[C@H]54)no3)c(=O)c21,,CHEMBL5727829,2020,CHEMBL6004745,6.53,=,=,IC50,nM,296.0,IC50,nM,296.0,Cn1cnc2ncn(Cc3nc([C@@H]4[C@H]5C=C(c6ccc(Cl)cn6)C[C@H]54)no3)c(=O)c21,VILMMYYNTBYFJR-WOSRLPQWSA-N
28038818,CHEMBL5735477,B,Cn1cnc2ncn(Cc3nc([C@@H]4[C@H]5C=C(c6ccc(Cl)cn6)C[C@H]54)no3)c(=O)c21,,CHEMBL5727829,2020,CHEMBL6004745,6.44,=,=,IC50,nM,360.0,IC50,nM,360.0,Cn1cnc2ncn(Cc3nc([C@@H]4[C@H]5C=C(c6ccc(Cl)cn6)C[C@H]54)no3)c(=O)c21,VILMMYYNTBYFJR-WOSRLPQWSA-N
28038821,CHEMBL5735476,B,Cn1cnc2ncn(Cc3nc([C@@H]4[C@H]5C=C(c6ccc(F)cc6)C[C@H]54)no3)c(=O)c21,,CHEMBL5727829,2020,CHEMBL6040138,7.96,=,=,IC50,nM,10.9,IC50,nM,10.9,Cn1cnc2ncn(Cc3nc([C@@H]4[C@H]5C=C(c6ccc(F)cc6)C[C@H]54)no3)c(=O)c21,DHGRAFMYKRWRSJ-ZMSDIMECSA-N
28038824,CHEMBL5735477,B,Cn1cnc2ncn(Cc3nc([C@@H]4[C@H]5C=C(c6ccc(F)cc6)C[C@H]54)no3)c(=O)c21,,CHEMBL5727829,2020,CHEMBL6040138,8.12,=,=,IC50,nM,7.5,IC50,nM,7.5,Cn1cnc2ncn(Cc3nc([C@@H]4[C@H]5C=C(c6ccc(F)cc6)C[C@H]54)no3)c(=O)c21,DHGRAFMYKRWRSJ-ZMSDIMECSA-N
28038827,CHEMBL5735476,B,Cn1cnc2ncn(Cc3nc([C@H]4[C@@H]5C=C(c6ccc(F)cc6)C[C@@H]54)no3)c(=O)c21,,CHEMBL5727829,2020,CHEMBL5785596,8.13,=,=,IC50,nM,7.48,IC50,nM,7.48,Cn1cnc2ncn(Cc3nc([C@H]4[C@@H]5C=C(c6ccc(F)cc6)C[C@@H]54)no3)c(=O)c21,DHGRAFMYKRWRSJ-VYDXJSESSA-N
28038830,CHEMBL5735477,B,Cn1cnc2ncn(Cc3nc([C@H]4[C@@H]5C=C(c6ccc(F)cc6)C[C@@H]54)no3)c(=O)c21,,CHEMBL5727829,2020,CHEMBL5785596,8.52,=,=,IC50,nM,3.0,IC50,nM,3.0,Cn1cnc2ncn(Cc3nc([C@H]4[C@@H]5C=C(c6ccc(F)cc6)C[C@@H]54)no3)c(=O)c21,DHGRAFMYKRWRSJ-VYDXJSESSA-N
28038833,CHEMBL5735476,B,Cn1cnc2ncn(Cc3nc([C@H]4[C@@H]5C=C(c6ccncc6)C[C@@H]54)no3)c(=O)c21,,CHEMBL5727829,2020,CHEMBL5860004,6.72,=,=,IC50,nM,189.0,IC50,nM,189.0,Cn1cnc2ncn(Cc3nc([C@H]4[C@@H]5C=C(c6ccncc6)C[C@@H]54)no3)c(=O)c21,LMRCGSHKMMSQEV-YCPHGPKFSA-N
28038836,CHEMBL5735477,B,Cn1cnc2ncn(Cc3nc([C@H]4[C@@H]5C=C(c6ccncc6)C[C@@H]54)no3)c(=O)c21,,CHEMBL5727829,2020,CHEMBL5860004,7.02,=,=,IC50,nM,96.0,IC50,nM,96.0,Cn1cnc2ncn(Cc3nc([C@H]4[C@@H]5C=C(c6ccncc6)C[C@@H]54)no3)c(=O)c21,LMRCGSHKMMSQEV-YCPHGPKFSA-N
28038839,CHEMBL5735476,B,Cn1cnc2ncn(Cc3nc([C@@H]4[C@H]5C=C(c6ccncc6)C[C@H]54)no3)c(=O)c21,,CHEMBL5727829,2020,CHEMBL5934623,6.89,=,=,IC50,nM,129.0,IC50,nM,129.0,Cn1cnc2ncn(Cc3nc([C@@H]4[C@H]5C=C(c6ccncc6)C[C@H]54)no3)c(=O)c21,LMRCGSHKMMSQEV-SQWLQELKSA-N
28038842,CHEMBL5735477,B,Cn1cnc2ncn(Cc3nc([C@@H]4[C@H]5C=C(c6ccncc6)C[C@H]54)no3)c(=O)c21,,CHEMBL5727829,2020,CHEMBL5934623,7.07,=,=,IC50,nM,85.0,IC50,nM,85.0,Cn1cnc2ncn(Cc3nc([C@@H]4[C@H]5C=C(c6ccncc6)C[C@H]54)no3)c(=O)c21,LMRCGSHKMMSQEV-SQWLQELKSA-N
28038845,CHEMBL5735476,B,Cn1cnc2ncn(Cc3nc([C@@H]4[C@H]5C=C(c6ccccn6)C[C@H]54)no3)c(=O)c21,,CHEMBL5727829,2020,CHEMBL6037392,6.93,=,=,IC50,nM,118.0,IC50,nM,118.0,Cn1cnc2ncn(Cc3nc([C@@H]4[C@H]5C=C(c6ccccn6)C[C@H]54)no3)c(=O)c21,VMAXALUQDNFBND-WOSRLPQWSA-N
28038848,CHEMBL5735477,B,Cn1cnc2ncn(Cc3nc([C@@H]4[C@H]5C=C(c6ccccn6)C[C@H]54)no3)c(=O)c21,,CHEMBL5727829,2020,CHEMBL6037392,7.11,=,=,IC50,nM,78.0,IC50,nM,78.0,Cn1cnc2ncn(Cc3nc([C@@H]4[C@H]5C=C(c6ccccn6)C[C@H]54)no3)c(=O)c21,VMAXALUQDNFBND-WOSRLPQWSA-N
28038851,CHEMBL5735476,B,Cn1cnc2ncn(Cc3nc([C@H]4[C@@H]5C=C(c6ccccn6)C[C@@H]54)no3)c(=O)c21,,CHEMBL5727829,2020,CHEMBL6043296,6.68,=,=,IC50,nM,209.0,IC50,nM,209.0,Cn1cnc2ncn(Cc3nc([C@H]4[C@@H]5C=C(c6ccccn6)C[C@@H]54)no3)c(=O)c21,VMAXALUQDNFBND-WWGRRREGSA-N
28038854,CHEMBL5735477,B,Cn1cnc2ncn(Cc3nc([C@H]4[C@@H]5C=C(c6ccccn6)C[C@@H]54)no3)c(=O)c21,,CHEMBL5727829,2020,CHEMBL6043296,6.68,=,=,IC50,nM,210.0,IC50,nM,210.0,Cn1cnc2ncn(Cc3nc([C@H]4[C@@H]5C=C(c6ccccn6)C[C@@H]54)no3)c(=O)c21,VMAXALUQDNFBND-WWGRRREGSA-N
28038857,CHEMBL5735476,B,Cn1nnc2ncn(Cc3nc([C@H]4[C@@H]5CN(c6cc(Cl)ccn6)C[C@@H]54)no3)c(=O)c21,,CHEMBL5727829,2020,CHEMBL6015216,7.13,=,=,IC50,nM,74.5,IC50,nM,74.5,Cn1nnc2ncn(Cc3nc([C@H]4[C@@H]5CN(c6cc(Cl)ccn6)C[C@@H]54)no3)c(=O)c21,CPOOXCQPULFHNM-YABSGUDNSA-N
28038860,CHEMBL5735477,B,Cn1nnc2ncn(Cc3nc([C@H]4[C@@H]5CN(c6cc(Cl)ccn6)C[C@@H]54)no3)c(=O)c21,,CHEMBL5727829,2020,CHEMBL6015216,7.36,=,=,IC50,nM,44.0,IC50,nM,44.0,Cn1nnc2ncn(Cc3nc([C@H]4[C@@H]5CN(c6cc(Cl)ccn6)C[C@@H]54)no3)c(=O)c21,CPOOXCQPULFHNM-YABSGUDNSA-N
28038863,CHEMBL5735476,B,Cn1cnc2ncn(Cc3nc([C@H]4[C@@H]5CN(c6ccncc6F)C[C@@H]54)no3)c(=O)c21,,CHEMBL5727829,2020,CHEMBL5957719,6.42,=,=,IC50,nM,383.0,IC50,nM,383.0,Cn1cnc2ncn(Cc3nc([C@H]4[C@@H]5CN(c6ccncc6F)C[C@@H]54)no3)c(=O)c21,IIIJRZXOECPBNK-HBYGRHMLSA-N
28038866,CHEMBL5735477,B,Cn1cnc2ncn(Cc3nc([C@H]4[C@@H]5CN(c6ccncc6F)C[C@@H]54)no3)c(=O)c21,,CHEMBL5727829,2020,CHEMBL5957719,6.96,=,=,IC50,nM,110.0,IC50,nM,110.0,Cn1cnc2ncn(Cc3nc([C@H]4[C@@H]5CN(c6ccncc6F)C[C@@H]54)no3)c(=O)c21,IIIJRZXOECPBNK-HBYGRHMLSA-N
28038869,CHEMBL5735476,B,Cn1cnc2ncn(Cc3nc([C@H]4[C@@H]5CN(c6ncccc6F)C[C@@H]54)no3)c(=O)c21,,CHEMBL5727829,2020,CHEMBL5854314,6.84,=,=,IC50,nM,143.0,IC50,nM,143.0,Cn1cnc2ncn(Cc3nc([C@H]4[C@@H]5CN(c6ncccc6F)C[C@@H]54)no3)c(=O)c21,AIAJJMJAXBVVRD-YABSGUDNSA-N
28038872,CHEMBL5735477,B,Cn1cnc2ncn(Cc3nc([C@H]4[C@@H]5CN(c6ncccc6F)C[C@@H]54)no3)c(=O)c21,,CHEMBL5727829,2020,CHEMBL5854314,6.96,=,=,IC50,nM,110.0,IC50,nM,110.0,Cn1cnc2ncn(Cc3nc([C@H]4[C@@H]5CN(c6ncccc6F)C[C@@H]54)no3)c(=O)c21,AIAJJMJAXBVVRD-YABSGUDNSA-N
28038875,CHEMBL5735476,B,Cn1cnc2ncn(Cc3nc([C@H]4[C@@H]5C=C(c6cccnc6)C[C@@H]54)no3)c(=O)c21,,CHEMBL5727829,2020,CHEMBL6020750,6.75,=,=,IC50,nM,179.0,IC50,nM,179.0,Cn1cnc2ncn(Cc3nc([C@H]4[C@@H]5C=C(c6cccnc6)C[C@@H]54)no3)c(=O)c21,KVVPUULMDPPTDH-YCPHGPKFSA-N
28038878,CHEMBL5735477,B,Cn1cnc2ncn(Cc3nc([C@H]4[C@@H]5C=C(c6cccnc6)C[C@@H]54)no3)c(=O)c21,,CHEMBL5727829,2020,CHEMBL6020750,6.8,=,=,IC50,nM,160.0,IC50,nM,160.0,Cn1cnc2ncn(Cc3nc([C@H]4[C@@H]5C=C(c6cccnc6)C[C@@H]54)no3)c(=O)c21,KVVPUULMDPPTDH-YCPHGPKFSA-N
28038881,CHEMBL5735476,B,Cn1cnc2ncn(Cc3nc([C@@H]4[C@H]5C=C(c6cccnc6)C[C@H]54)no3)c(=O)c21,,CHEMBL5727829,2020,CHEMBL6013511,6.46,=,=,IC50,nM,348.0,IC50,nM,348.0,Cn1cnc2ncn(Cc3nc([C@@H]4[C@H]5C=C(c6cccnc6)C[C@H]54)no3)c(=O)c21,KVVPUULMDPPTDH-SQWLQELKSA-N
28038884,CHEMBL5735477,B,Cn1cnc2ncn(Cc3nc([C@@H]4[C@H]5C=C(c6cccnc6)C[C@H]54)no3)c(=O)c21,,CHEMBL5727829,2020,CHEMBL6013511,6.36,=,=,IC50,nM,440.0,IC50,nM,440.0,Cn1cnc2ncn(Cc3nc([C@@H]4[C@H]5C=C(c6cccnc6)C[C@H]54)no3)c(=O)c21,KVVPUULMDPPTDH-SQWLQELKSA-N
28038887,CHEMBL5735476,B,Cn1cnc2ncn(Cc3nc([C@H]4[C@@H]5C=C(c6ccc7ccncc7c6)C[C@@H]54)no3)c(=O)c21,,CHEMBL5727829,2020,CHEMBL5976855,7.23,=,=,IC50,nM,58.7,IC50,nM,58.7,Cn1cnc2ncn(Cc3nc([C@H]4[C@@H]5C=C(c6ccc7ccncc7c6)C[C@@H]54)no3)c(=O)c21,BAORHIGPTKNHRW-HBFSDRIKSA-N
28038890,CHEMBL5735477,B,Cn1cnc2ncn(Cc3nc([C@H]4[C@@H]5C=C(c6ccc7ccncc7c6)C[C@@H]54)no3)c(=O)c21,,CHEMBL5727829,2020,CHEMBL5976855,7.32,=,=,IC50,nM,48.0,IC50,nM,48.0,Cn1cnc2ncn(Cc3nc([C@H]4[C@@H]5C=C(c6ccc7ccncc7c6)C[C@@H]54)no3)c(=O)c21,BAORHIGPTKNHRW-HBFSDRIKSA-N
28038893,CHEMBL5735476,B,Cn1cnc2ncn(Cc3nc([C@@H]4[C@H]5C=C(c6ccc7ccncc7c6)C[C@H]54)no3)c(=O)c21,,CHEMBL5727829,2020,CHEMBL5761361,7.78,=,=,IC50,nM,16.6,IC50,nM,16.6,Cn1cnc2ncn(Cc3nc([C@@H]4[C@H]5C=C(c6ccc7ccncc7c6)C[C@H]54)no3)c(=O)c21,BAORHIGPTKNHRW-NLWGTHIKSA-N
28038896,CHEMBL5735477,B,Cn1cnc2ncn(Cc3nc([C@@H]4[C@H]5C=C(c6ccc7ccncc7c6)C[C@H]54)no3)c(=O)c21,,CHEMBL5727829,2020,CHEMBL5761361,8.12,=,=,IC50,nM,7.6,IC50,nM,7.6,Cn1cnc2ncn(Cc3nc([C@@H]4[C@H]5C=C(c6ccc7ccncc7c6)C[C@H]54)no3)c(=O)c21,BAORHIGPTKNHRW-NLWGTHIKSA-N
28038899,CHEMBL5735476,B,Cc1nn(C)c2ncn(Cc3nc([C@H]4[C@@H]5CN(c6cc(Cl)ccn6)C[C@@H]54)no3)c(=O)c12,,CHEMBL5727829,2020,CHEMBL5952236,7.23,=,=,IC50,nM,58.5,IC50,nM,58.5,Cc1nn(C)c2ncn(Cc3nc([C@H]4[C@@H]5CN(c6cc(Cl)ccn6)C[C@@H]54)no3)c(=O)c12,HYPBWVFTVULNBT-LAQFHYBYSA-N
28038902,CHEMBL5735477,B,Cc1nn(C)c2ncn(Cc3nc([C@H]4[C@@H]5CN(c6cc(Cl)ccn6)C[C@@H]54)no3)c(=O)c12,,CHEMBL5727829,2020,CHEMBL5952236,7.37,=,=,IC50,nM,43.0,IC50,nM,43.0,Cc1nn(C)c2ncn(Cc3nc([C@H]4[C@@H]5CN(c6cc(Cl)ccn6)C[C@@H]54)no3)c(=O)c12,HYPBWVFTVULNBT-LAQFHYBYSA-N
28038905,CHEMBL5735476,B,Cc1cnn2ncn(Cc3nc([C@H]4[C@@H]5CN(c6cc(Cl)ccn6)C[C@@H]54)no3)c(=O)c12,,CHEMBL5727829,2020,CHEMBL5836096,7.82,=,=,IC50,nM,15.1,IC50,nM,15.1,Cc1cnn2ncn(Cc3nc([C@H]4[C@@H]5CN(c6cc(Cl)ccn6)C[C@@H]54)no3)c(=O)c12,XQGUQUOCTSQNDD-VIKVFOODSA-N
28038908,CHEMBL5735477,B,Cc1cnn2ncn(Cc3nc([C@H]4[C@@H]5CN(c6cc(Cl)ccn6)C[C@@H]54)no3)c(=O)c12,,CHEMBL5727829,2020,CHEMBL5836096,8.26,=,=,IC50,nM,5.5,IC50,nM,5.5,Cc1cnn2ncn(Cc3nc([C@H]4[C@@H]5CN(c6cc(Cl)ccn6)C[C@@H]54)no3)c(=O)c12,XQGUQUOCTSQNDD-VIKVFOODSA-N
28038911,CHEMBL5735476,B,Cn1nnc2ncn(Cc3nc([C@H]4[C@@H]5CN(c6cccc(Cl)c6)C[C@@H]54)no3)c(=O)c21,,CHEMBL5727829,2020,CHEMBL5823394,7.97,=,=,IC50,nM,10.6,IC50,nM,10.6,Cn1nnc2ncn(Cc3nc([C@H]4[C@@H]5CN(c6cccc(Cl)c6)C[C@@H]54)no3)c(=O)c21,ZIKZMIAHXLHIRK-NHAGDIPZSA-N
28038914,CHEMBL5735477,B,Cn1nnc2ncn(Cc3nc([C@H]4[C@@H]5CN(c6cccc(Cl)c6)C[C@@H]54)no3)c(=O)c21,,CHEMBL5727829,2020,CHEMBL5823394,8.44,=,=,IC50,nM,3.6,IC50,nM,3.6,Cn1nnc2ncn(Cc3nc([C@H]4[C@@H]5CN(c6cccc(Cl)c6)C[C@@H]54)no3)c(=O)c21,ZIKZMIAHXLHIRK-NHAGDIPZSA-N
28038917,CHEMBL5735476,B,Cc1ccc(N2C[C@@H]3[C@H](C2)[C@H]3c2noc(Cn3cnc4ncn(C)c4c3=O)n2)nc1,,CHEMBL5727829,2020,CHEMBL6047294,6.65,=,=,IC50,nM,222.0,IC50,nM,222.0,Cc1ccc(N2C[C@@H]3[C@H](C2)[C@H]3c2noc(Cn3cnc4ncn(C)c4c3=O)n2)nc1,NSOSVZCRYQUGJD-VIKVFOODSA-N
28038920,CHEMBL5735477,B,Cc1ccc(N2C[C@@H]3[C@H](C2)[C@H]3c2noc(Cn3cnc4ncn(C)c4c3=O)n2)nc1,,CHEMBL5727829,2020,CHEMBL6047294,6.77,=,=,IC50,nM,170.0,IC50,nM,170.0,Cc1ccc(N2C[C@@H]3[C@H](C2)[C@H]3c2noc(Cn3cnc4ncn(C)c4c3=O)n2)nc1,NSOSVZCRYQUGJD-VIKVFOODSA-N
28038923,CHEMBL5735476,B,Cn1cnc2ncn(Cc3nc([C@H]4[C@@H]5C=C(c6ccc(Cl)cc6)C[C@@H]54)no3)c(=O)c21,,CHEMBL5727829,2020,CHEMBL5972614,8.01,=,=,IC50,nM,9.78,IC50,nM,9.78,Cn1cnc2ncn(Cc3nc([C@H]4[C@@H]5C=C(c6ccc(Cl)cc6)C[C@@H]54)no3)c(=O)c21,OSBWGLVHJYXMNU-VYDXJSESSA-N
28038926,CHEMBL5735477,B,Cn1cnc2ncn(Cc3nc([C@H]4[C@@H]5C=C(c6ccc(Cl)cc6)C[C@@H]54)no3)c(=O)c21,,CHEMBL5727829,2020,CHEMBL5972614,8.29,=,=,IC50,nM,5.1,IC50,nM,5.1,Cn1cnc2ncn(Cc3nc([C@H]4[C@@H]5C=C(c6ccc(Cl)cc6)C[C@@H]54)no3)c(=O)c21,OSBWGLVHJYXMNU-VYDXJSESSA-N
28038929,CHEMBL5735476,B,Cn1cnc2ncn(Cc3nc([C@@H]4[C@H]5C=C(c6ccc(Cl)cc6)C[C@H]54)no3)c(=O)c21,,CHEMBL5727829,2020,CHEMBL5766146,7.82,=,=,IC50,nM,15.2,IC50,nM,15.2,Cn1cnc2ncn(Cc3nc([C@@H]4[C@H]5C=C(c6ccc(Cl)cc6)C[C@H]54)no3)c(=O)c21,OSBWGLVHJYXMNU-ZMSDIMECSA-N
28038932,CHEMBL5735477,B,Cn1cnc2ncn(Cc3nc([C@@H]4[C@H]5C=C(c6ccc(Cl)cc6)C[C@H]54)no3)c(=O)c21,,CHEMBL5727829,2020,CHEMBL5766146,7.92,=,=,IC50,nM,12.0,IC50,nM,12.0,Cn1cnc2ncn(Cc3nc([C@@H]4[C@H]5C=C(c6ccc(Cl)cc6)C[C@H]54)no3)c(=O)c21,OSBWGLVHJYXMNU-ZMSDIMECSA-N
28038935,CHEMBL5735476,B,Cc1ccnc2ncn(Cc3nc([C@H]4C[C@](F)(c5cccc(F)c5)C4)no3)c(=O)c12,,CHEMBL5727829,2020,CHEMBL5879601,7.47,=,=,IC50,nM,33.7,IC50,nM,33.7,Cc1ccnc2ncn(Cc3nc([C@H]4C[C@](F)(c5cccc(F)c5)C4)no3)c(=O)c12,KVMFUOIFKMJGTE-IPVJXJPOSA-N
28038938,CHEMBL5735477,B,Cc1ccnc2ncn(Cc3nc([C@H]4C[C@](F)(c5cccc(F)c5)C4)no3)c(=O)c12,,CHEMBL5727829,2020,CHEMBL5879601,7.55,=,=,IC50,nM,28.0,IC50,nM,28.0,Cc1ccnc2ncn(Cc3nc([C@H]4C[C@](F)(c5cccc(F)c5)C4)no3)c(=O)c12,KVMFUOIFKMJGTE-IPVJXJPOSA-N
28038941,CHEMBL5735476,B,Cn1cnc2ncn(Cc3nc([C@H]4[C@@H]5CN(c6cncc(F)c6)C[C@@H]54)no3)c(=O)c21,,CHEMBL5727829,2020,CHEMBL5815794,6.44,=,=,IC50,nM,363.0,IC50,nM,363.0,Cn1cnc2ncn(Cc3nc([C@H]4[C@@H]5CN(c6cncc(F)c6)C[C@@H]54)no3)c(=O)c21,XQJHSTXORFDHJO-NHAGDIPZSA-N
28038944,CHEMBL5735477,B,Cn1cnc2ncn(Cc3nc([C@H]4[C@@H]5CN(c6cncc(F)c6)C[C@@H]54)no3)c(=O)c21,,CHEMBL5727829,2020,CHEMBL5815794,7.05,=,=,IC50,nM,89.0,IC50,nM,89.0,Cn1cnc2ncn(Cc3nc([C@H]4[C@@H]5CN(c6cncc(F)c6)C[C@@H]54)no3)c(=O)c21,XQJHSTXORFDHJO-NHAGDIPZSA-N
28038947,CHEMBL5735476,B,Cn1cnc2ncn(Cc3nc([C@H]4[C@@H]5CN(c6cncc(C(F)(F)F)c6)C[C@@H]54)no3)c(=O)c21,,CHEMBL5727829,2020,CHEMBL5908556,6.1,=,=,IC50,nM,797.0,IC50,nM,797.0,Cn1cnc2ncn(Cc3nc([C@H]4[C@@H]5CN(c6cncc(C(F)(F)F)c6)C[C@@H]54)no3)c(=O)c21,JWNGUBDEKMTXIP-NHAGDIPZSA-N
28038950,CHEMBL5735477,B,Cn1cnc2ncn(Cc3nc([C@H]4[C@@H]5CN(c6cncc(C(F)(F)F)c6)C[C@@H]54)no3)c(=O)c21,,CHEMBL5727829,2020,CHEMBL5908556,6.32,=,=,IC50,nM,480.0,IC50,nM,480.0,Cn1cnc2ncn(Cc3nc([C@H]4[C@@H]5CN(c6cncc(C(F)(F)F)c6)C[C@@H]54)no3)c(=O)c21,JWNGUBDEKMTXIP-NHAGDIPZSA-N
28038953,CHEMBL5735476,B,Cn1cnc2ncn(Cc3nc([C@H]4[C@@H]5CN(c6ccnc(Cl)c6)C[C@@H]54)no3)c(=O)c21,,CHEMBL5727829,2020,CHEMBL5768249,6.34,=,=,IC50,nM,460.0,IC50,nM,460.0,Cn1cnc2ncn(Cc3nc([C@H]4[C@@H]5CN(c6ccnc(Cl)c6)C[C@@H]54)no3)c(=O)c21,OXKFPUAIKOJQRA-JYAVWHMHSA-N
28038956,CHEMBL5735477,B,Cn1cnc2ncn(Cc3nc([C@H]4[C@@H]5CN(c6ccnc(Cl)c6)C[C@@H]54)no3)c(=O)c21,,CHEMBL5727829,2020,CHEMBL5768249,7.0,=,=,IC50,nM,100.0,IC50,nM,100.0,Cn1cnc2ncn(Cc3nc([C@H]4[C@@H]5CN(c6ccnc(Cl)c6)C[C@@H]54)no3)c(=O)c21,OXKFPUAIKOJQRA-JYAVWHMHSA-N
28038959,CHEMBL5735476,B,O=c1c2cccnc2ncn1Cc1nc([C@H]2C[C@H](Oc3cccc(F)c3)C2)no1,,CHEMBL5727829,2020,CHEMBL5901772,6.63,=,=,IC50,nM,232.0,IC50,nM,232.0,O=c1c2cccnc2ncn1Cc1nc([C@H]2C[C@H](Oc3cccc(F)c3)C2)no1,CMMHGQMDAWNUJF-NNUKFRKNSA-N
28038962,CHEMBL5735477,B,O=c1c2cccnc2ncn1Cc1nc([C@H]2C[C@H](Oc3cccc(F)c3)C2)no1,,CHEMBL5727829,2020,CHEMBL5901772,6.85,=,=,IC50,nM,140.0,IC50,nM,140.0,O=c1c2cccnc2ncn1Cc1nc([C@H]2C[C@H](Oc3cccc(F)c3)C2)no1,CMMHGQMDAWNUJF-NNUKFRKNSA-N
28038965,CHEMBL5735476,B,Cn1cnc2cnn(Cc3nc([C@H]4[C@@H]5CN(c6cncc(Cl)c6)C[C@@H]54)no3)c(=O)c21,,CHEMBL5727829,2020,CHEMBL6060007,6.52,=,=,IC50,nM,305.0,IC50,nM,305.0,Cn1cnc2cnn(Cc3nc([C@H]4[C@@H]5CN(c6cncc(Cl)c6)C[C@@H]54)no3)c(=O)c21,ZWTQJRZNKIYIOA-VIKVFOODSA-N
28038968,CHEMBL5735477,B,Cn1cnc2cnn(Cc3nc([C@H]4[C@@H]5CN(c6cncc(Cl)c6)C[C@@H]54)no3)c(=O)c21,,CHEMBL5727829,2020,CHEMBL6060007,6.82,=,=,IC50,nM,150.0,IC50,nM,150.0,Cn1cnc2cnn(Cc3nc([C@H]4[C@@H]5CN(c6cncc(Cl)c6)C[C@@H]54)no3)c(=O)c21,ZWTQJRZNKIYIOA-VIKVFOODSA-N
28038971,CHEMBL5735476,B,Cn1nnc2ncn(Cc3nc([C@H]4C[C@](F)(c5ccc(Cl)cc5)C4)no3)c(=O)c21,,CHEMBL5727829,2020,CHEMBL6003957,6.6,=,=,IC50,nM,253.0,IC50,nM,253.0,Cn1nnc2ncn(Cc3nc([C@H]4C[C@](F)(c5ccc(Cl)cc5)C4)no3)c(=O)c21,PYCVZEBMKNOBEX-MUWWLHTESA-N
28038974,CHEMBL5735477,B,Cn1nnc2ncn(Cc3nc([C@H]4C[C@](F)(c5ccc(Cl)cc5)C4)no3)c(=O)c21,,CHEMBL5727829,2020,CHEMBL6003957,6.8,=,=,IC50,nM,160.0,IC50,nM,160.0,Cn1nnc2ncn(Cc3nc([C@H]4C[C@](F)(c5ccc(Cl)cc5)C4)no3)c(=O)c21,PYCVZEBMKNOBEX-MUWWLHTESA-N
28038977,CHEMBL5735476,B,Cn1cnc2ncn(Cc3nc([C@H]4[C@@H]5CN(c6ccc(-c7cnco7)cc6)C[C@@H]54)no3)c(=O)c21,,CHEMBL5727829,2020,CHEMBL5794096,6.79,=,=,IC50,nM,162.0,IC50,nM,162.0,Cn1cnc2ncn(Cc3nc([C@H]4[C@@H]5CN(c6ccc(-c7cnco7)cc6)C[C@@H]54)no3)c(=O)c21,WJDFEEOHLQQEHJ-MNZLEMJZSA-N
28038980,CHEMBL5735477,B,Cn1cnc2ncn(Cc3nc([C@H]4[C@@H]5CN(c6ccc(-c7cnco7)cc6)C[C@@H]54)no3)c(=O)c21,,CHEMBL5727829,2020,CHEMBL5794096,7.42,=,=,IC50,nM,38.0,IC50,nM,38.0,Cn1cnc2ncn(Cc3nc([C@H]4[C@@H]5CN(c6ccc(-c7cnco7)cc6)C[C@@H]54)no3)c(=O)c21,WJDFEEOHLQQEHJ-MNZLEMJZSA-N
28038983,CHEMBL5735476,B,O=c1c2cccnc2ncn1Cc1nc([C@H]2[C@@H]3CN(c4ccc(Cl)cn4)C[C@@H]32)no1,,CHEMBL5727829,2020,CHEMBL5965558,7.4,=,=,IC50,nM,40.0,IC50,nM,40.0,O=c1c2cccnc2ncn1Cc1nc([C@H]2[C@@H]3CN(c4ccc(Cl)cn4)C[C@@H]32)no1,HQVRXJTUSZIFBP-HALDLXJZSA-N
28038986,CHEMBL5735477,B,O=c1c2cccnc2ncn1Cc1nc([C@H]2[C@@H]3CN(c4ccc(Cl)cn4)C[C@@H]32)no1,,CHEMBL5727829,2020,CHEMBL5965558,7.42,=,=,IC50,nM,38.0,IC50,nM,38.0,O=c1c2cccnc2ncn1Cc1nc([C@H]2[C@@H]3CN(c4ccc(Cl)cn4)C[C@@H]32)no1,HQVRXJTUSZIFBP-HALDLXJZSA-N
28038989,CHEMBL5735476,B,O=c1c2cccnc2cnn1Cc1nc([C@H]2[C@@H]3CN(c4ccnc(F)c4)C[C@@H]32)no1,,CHEMBL5727829,2020,CHEMBL6028364,7.23,=,=,IC50,nM,58.7,IC50,nM,58.7,O=c1c2cccnc2cnn1Cc1nc([C@H]2[C@@H]3CN(c4ccnc(F)c4)C[C@@H]32)no1,BELXXIWFEWPMCV-UOIKSKOESA-N
28038992,CHEMBL5735477,B,O=c1c2cccnc2cnn1Cc1nc([C@H]2[C@@H]3CN(c4ccnc(F)c4)C[C@@H]32)no1,,CHEMBL5727829,2020,CHEMBL6028364,7.39,=,=,IC50,nM,41.0,IC50,nM,41.0,O=c1c2cccnc2cnn1Cc1nc([C@H]2[C@@H]3CN(c4ccnc(F)c4)C[C@@H]32)no1,BELXXIWFEWPMCV-UOIKSKOESA-N
28038995,CHEMBL5735476,B,O=c1c2cccnc2cnn1Cc1nc([C@H]2[C@@H]3CN(c4cc(F)ccn4)C[C@@H]32)no1,,CHEMBL5727829,2020,CHEMBL5858664,7.02,=,=,IC50,nM,95.7,IC50,nM,95.7,O=c1c2cccnc2cnn1Cc1nc([C@H]2[C@@H]3CN(c4cc(F)ccn4)C[C@@H]32)no1,HUHIIHFGNPALFZ-UOIKSKOESA-N
28038998,CHEMBL5735477,B,O=c1c2cccnc2cnn1Cc1nc([C@H]2[C@@H]3CN(c4cc(F)ccn4)C[C@@H]32)no1,,CHEMBL5727829,2020,CHEMBL5858664,7.22,=,=,IC50,nM,60.0,IC50,nM,60.0,O=c1c2cccnc2cnn1Cc1nc([C@H]2[C@@H]3CN(c4cc(F)ccn4)C[C@@H]32)no1,HUHIIHFGNPALFZ-UOIKSKOESA-N
28039001,CHEMBL5735476,B,O=c1c2cccnc2ncn1Cc1nc([C@H]2[C@@H]3CN(c4cc(F)ccn4)C[C@@H]32)no1,,CHEMBL5727829,2020,CHEMBL5914583,6.71,=,=,IC50,nM,196.0,IC50,nM,196.0,O=c1c2cccnc2ncn1Cc1nc([C@H]2[C@@H]3CN(c4cc(F)ccn4)C[C@@H]32)no1,XSOWZVIQZNTLGC-HALDLXJZSA-N
28039004,CHEMBL5735477,B,O=c1c2cccnc2ncn1Cc1nc([C@H]2[C@@H]3CN(c4cc(F)ccn4)C[C@@H]32)no1,,CHEMBL5727829,2020,CHEMBL5914583,6.89,=,=,IC50,nM,130.0,IC50,nM,130.0,O=c1c2cccnc2ncn1Cc1nc([C@H]2[C@@H]3CN(c4cc(F)ccn4)C[C@@H]32)no1,XSOWZVIQZNTLGC-HALDLXJZSA-N
28039007,CHEMBL5735476,B,Cn1ncc2ncn(Cc3nc([C@H]4[C@@H]5CN(c6cc(Cl)ccn6)C[C@@H]54)no3)c(=O)c21,,CHEMBL5727829,2020,CHEMBL5758234,7.05,=,=,IC50,nM,89.3,IC50,nM,89.3,Cn1ncc2ncn(Cc3nc([C@H]4[C@@H]5CN(c6cc(Cl)ccn6)C[C@@H]54)no3)c(=O)c21,OUKDYRGLICRORO-ATCWAGBWSA-N
28039010,CHEMBL5735477,B,Cn1ncc2ncn(Cc3nc([C@H]4[C@@H]5CN(c6cc(Cl)ccn6)C[C@@H]54)no3)c(=O)c21,,CHEMBL5727829,2020,CHEMBL5758234,7.14,=,=,IC50,nM,73.0,IC50,nM,73.0,Cn1ncc2ncn(Cc3nc([C@H]4[C@@H]5CN(c6cc(Cl)ccn6)C[C@@H]54)no3)c(=O)c21,OUKDYRGLICRORO-ATCWAGBWSA-N
28039013,CHEMBL5735476,B,Cn1cnc2ncn(Cc3nc([C@H]4[C@@H]5CN(C[C@@H](F)c6ccc(Cl)cc6)C[C@@H]54)no3)c(=O)c21,,CHEMBL5727829,2020,CHEMBL5950280,6.07,=,=,IC50,nM,843.0,IC50,nM,843.0,Cn1cnc2ncn(Cc3nc([C@H]4[C@@H]5CN(C[C@@H](F)c6ccc(Cl)cc6)C[C@@H]54)no3)c(=O)c21,NVQMCWJWKHEVQL-HPFXQQBRSA-N
28039016,CHEMBL5735477,B,Cn1cnc2ncn(Cc3nc([C@H]4[C@@H]5CN(C[C@@H](F)c6ccc(Cl)cc6)C[C@@H]54)no3)c(=O)c21,,CHEMBL5727829,2020,CHEMBL5950280,6.07,=,=,IC50,nM,860.0,IC50,nM,860.0,Cn1cnc2ncn(Cc3nc([C@H]4[C@@H]5CN(C[C@@H](F)c6ccc(Cl)cc6)C[C@@H]54)no3)c(=O)c21,NVQMCWJWKHEVQL-HPFXQQBRSA-N
28039019,CHEMBL5735476,B,O=c1c2cccnc2cnn1Cc1nc([C@H]2C[C@](F)(c3ccc(Cl)cc3)C2)no1,,CHEMBL5727829,2020,CHEMBL5927746,7.0,=,=,IC50,nM,98.9,IC50,nM,98.9,O=c1c2cccnc2cnn1Cc1nc([C@H]2C[C@](F)(c3ccc(Cl)cc3)C2)no1,HEJBGQMISSCROI-KWUMSVIQSA-N
28039022,CHEMBL5735477,B,O=c1c2cccnc2cnn1Cc1nc([C@H]2C[C@](F)(c3ccc(Cl)cc3)C2)no1,,CHEMBL5727829,2020,CHEMBL5927746,7.23,=,=,IC50,nM,59.0,IC50,nM,59.0,O=c1c2cccnc2cnn1Cc1nc([C@H]2C[C@](F)(c3ccc(Cl)cc3)C2)no1,HEJBGQMISSCROI-KWUMSVIQSA-N
28039025,CHEMBL5735476,B,Cc1cc(C#N)nc2ncn(Cc3nc([C@H]4C[C@](F)(c5ccc(Cl)cc5)C4)no3)c(=O)c12,,CHEMBL5727829,2020,CHEMBL6053269,7.71,=,=,IC50,nM,19.4,IC50,nM,19.4,Cc1cc(C#N)nc2ncn(Cc3nc([C@H]4C[C@](F)(c5ccc(Cl)cc5)C4)no3)c(=O)c12,ZSIJWXVPDONYJZ-NHPVSCMHSA-N
28039028,CHEMBL5735477,B,Cc1cc(C#N)nc2ncn(Cc3nc([C@H]4C[C@](F)(c5ccc(Cl)cc5)C4)no3)c(=O)c12,,CHEMBL5727829,2020,CHEMBL6053269,8.0,=,=,IC50,nM,10.0,IC50,nM,10.0,Cc1cc(C#N)nc2ncn(Cc3nc([C@H]4C[C@](F)(c5ccc(Cl)cc5)C4)no3)c(=O)c12,ZSIJWXVPDONYJZ-NHPVSCMHSA-N
28039031,CHEMBL5735476,B,Cn1cnc2ncn(Cc3nc([C@@H]4[C@H]5C=C(c6cc(Cl)ccn6)C[C@H]54)no3)c(=O)c21,,CHEMBL5727829,2020,CHEMBL6000988,6.92,=,=,IC50,nM,119.0,IC50,nM,119.0,Cn1cnc2ncn(Cc3nc([C@@H]4[C@H]5C=C(c6cc(Cl)ccn6)C[C@H]54)no3)c(=O)c21,JNKBSIPJIAHQTP-WOSRLPQWSA-N
28039034,CHEMBL5735477,B,Cn1cnc2ncn(Cc3nc([C@@H]4[C@H]5C=C(c6cc(Cl)ccn6)C[C@H]54)no3)c(=O)c21,,CHEMBL5727829,2020,CHEMBL6000988,7.17,=,=,IC50,nM,68.0,IC50,nM,68.0,Cn1cnc2ncn(Cc3nc([C@@H]4[C@H]5C=C(c6cc(Cl)ccn6)C[C@H]54)no3)c(=O)c21,JNKBSIPJIAHQTP-WOSRLPQWSA-N
28039037,CHEMBL5735476,B,Cn1cnc2ncn(Cc3nc([C@H]4[C@@H]5C=C(c6cc(Cl)ccn6)C[C@@H]54)no3)c(=O)c21,,CHEMBL5727829,2020,CHEMBL5804088,7.04,=,=,IC50,nM,91.5,IC50,nM,91.5,Cn1cnc2ncn(Cc3nc([C@H]4[C@@H]5C=C(c6cc(Cl)ccn6)C[C@@H]54)no3)c(=O)c21,JNKBSIPJIAHQTP-WWGRRREGSA-N
28039040,CHEMBL5735477,B,Cn1cnc2ncn(Cc3nc([C@H]4[C@@H]5C=C(c6cc(Cl)ccn6)C[C@@H]54)no3)c(=O)c21,,CHEMBL5727829,2020,CHEMBL5804088,7.51,=,=,IC50,nM,31.0,IC50,nM,31.0,Cn1cnc2ncn(Cc3nc([C@H]4[C@@H]5C=C(c6cc(Cl)ccn6)C[C@@H]54)no3)c(=O)c21,JNKBSIPJIAHQTP-WWGRRREGSA-N
28039043,CHEMBL5735476,B,O=c1c2cccnc2ncn1Cc1nc([C@H]2[C@@H]3C=C(c4cc(Cl)ccn4)C[C@@H]32)no1,,CHEMBL5727829,2020,CHEMBL5853567,6.5,=,=,IC50,nM,315.0,IC50,nM,315.0,O=c1c2cccnc2ncn1Cc1nc([C@H]2[C@@H]3C=C(c4cc(Cl)ccn4)C[C@@H]32)no1,VDBSUBROLBYPGD-VKJFTORMSA-N
28039046,CHEMBL5735477,B,O=c1c2cccnc2ncn1Cc1nc([C@H]2[C@@H]3C=C(c4cc(Cl)ccn4)C[C@@H]32)no1,,CHEMBL5727829,2020,CHEMBL5853567,6.7,=,=,IC50,nM,200.0,IC50,nM,200.0,O=c1c2cccnc2ncn1Cc1nc([C@H]2[C@@H]3C=C(c4cc(Cl)ccn4)C[C@@H]32)no1,VDBSUBROLBYPGD-VKJFTORMSA-N
28039049,CHEMBL5735476,B,O=c1c2cccnc2ncn1Cc1nc([C@@H]2[C@H]3C=C(c4cc(Cl)ccn4)C[C@H]32)no1,,CHEMBL5727829,2020,CHEMBL5810932,6.88,=,=,IC50,nM,132.0,IC50,nM,132.0,O=c1c2cccnc2ncn1Cc1nc([C@@H]2[C@H]3C=C(c4cc(Cl)ccn4)C[C@H]32)no1,VDBSUBROLBYPGD-HDMKZQKVSA-N
28039052,CHEMBL5735477,B,O=c1c2cccnc2ncn1Cc1nc([C@@H]2[C@H]3C=C(c4cc(Cl)ccn4)C[C@H]32)no1,,CHEMBL5727829,2020,CHEMBL5810932,7.06,=,=,IC50,nM,88.0,IC50,nM,88.0,O=c1c2cccnc2ncn1Cc1nc([C@@H]2[C@H]3C=C(c4cc(Cl)ccn4)C[C@H]32)no1,VDBSUBROLBYPGD-HDMKZQKVSA-N
28039055,CHEMBL5735476,B,Cn1cc(-c2cc(Cl)cc(N3C[C@@H]4[C@H](C3)[C@H]4c3noc(Cn4cnc5ncn(C)c5c4=O)n3)c2)cn1,,CHEMBL5727829,2020,CHEMBL5749499,7.15,=,=,IC50,nM,71.3,IC50,nM,71.3,Cn1cc(-c2cc(Cl)cc(N3C[C@@H]4[C@H](C3)[C@H]4c3noc(Cn4cnc5ncn(C)c5c4=O)n3)c2)cn1,WEFIFVXGXRGPEV-RUYXUALKSA-N
28039058,CHEMBL5735477,B,Cn1cc(-c2cc(Cl)cc(N3C[C@@H]4[C@H](C3)[C@H]4c3noc(Cn4cnc5ncn(C)c5c4=O)n3)c2)cn1,,CHEMBL5727829,2020,CHEMBL5749499,7.64,=,=,IC50,nM,23.0,IC50,nM,23.0,Cn1cc(-c2cc(Cl)cc(N3C[C@@H]4[C@H](C3)[C@H]4c3noc(Cn4cnc5ncn(C)c5c4=O)n3)c2)cn1,WEFIFVXGXRGPEV-RUYXUALKSA-N
28039061,CHEMBL5735476,B,Cc1ccnc2ncn(Cc3nc([C@H]4C[C@H](c5ccc(F)cc5)C4)no3)c(=O)c12,,CHEMBL5727829,2020,CHEMBL5901394,7.82,=,=,IC50,nM,15.1,IC50,nM,15.1,Cc1ccnc2ncn(Cc3nc([C@H]4C[C@H](c5ccc(F)cc5)C4)no3)c(=O)c12,RIIXXVBMCUBPDJ-SHTZXODSSA-N
28039064,CHEMBL5735476,B,Cc1ccnc2ncn(Cc3nc([C@H]4[C@@H]5Oc6c(Cl)cccc6[C@@H]54)no3)c(=O)c12,,CHEMBL5727829,2020,CHEMBL5788773,7.65,=,=,IC50,nM,22.2,IC50,nM,22.2,Cc1ccnc2ncn(Cc3nc([C@H]4[C@@H]5Oc6c(Cl)cccc6[C@@H]54)no3)c(=O)c12,XBVPSHSACOJVOQ-BFYDXBDKSA-N
28039067,CHEMBL5735476,B,Cc1cc(C#N)nc2ncn(Cc3nc([C@H]4C[C@](F)(c5ccc(F)cc5)C4)no3)c(=O)c12,,CHEMBL5727829,2020,CHEMBL5753660,7.42,=,=,IC50,nM,37.6,IC50,nM,37.6,Cc1cc(C#N)nc2ncn(Cc3nc([C@H]4C[C@](F)(c5ccc(F)cc5)C4)no3)c(=O)c12,YVRAGDOGHOFVAV-NHPVSCMHSA-N
28039070,CHEMBL5735476,B,O=c1c2cccnc2cnn1Cc1nc([C@H]2[C@@H]3CN(c4cc(Cl)ccn4)C[C@@H]32)no1,,CHEMBL5727829,2020,CHEMBL5092342,7.29,=,=,IC50,nM,51.1,IC50,nM,51.1,O=c1c2cccnc2cnn1Cc1nc([C@H]2[C@@H]3CN(c4cc(Cl)ccn4)C[C@@H]32)no1,UTKNJQPGTMVBMG-UOIKSKOESA-N
28039073,CHEMBL5735477,B,O=c1c2cccnc2cnn1Cc1nc([C@H]2[C@@H]3CN(c4cc(Cl)ccn4)C[C@@H]32)no1,,CHEMBL5727829,2020,CHEMBL5092342,7.34,=,=,IC50,nM,46.0,IC50,nM,46.0,O=c1c2cccnc2cnn1Cc1nc([C@H]2[C@@H]3CN(c4cc(Cl)ccn4)C[C@@H]32)no1,UTKNJQPGTMVBMG-UOIKSKOESA-N
28039076,CHEMBL5735476,B,Cc1ccnc2ncn(Cc3nc([C@H]4[C@@H]5CN(c6cc(Cl)ccn6)C[C@@H]54)no3)c(=O)c12,,CHEMBL5727829,2020,CHEMBL5759535,7.29,=,=,IC50,nM,50.8,IC50,nM,50.8,Cc1ccnc2ncn(Cc3nc([C@H]4[C@@H]5CN(c6cc(Cl)ccn6)C[C@@H]54)no3)c(=O)c12,ZAKRHAFBIBTPAZ-UOIKSKOESA-N
28039079,CHEMBL5735476,B,Cn1cc(-c2cccc(N3C[C@@H]4[C@H](C3)[C@H]4c3noc(Cn4ncc5ncccc5c4=O)n3)c2)cn1,,CHEMBL5727829,2020,CHEMBL5741223,7.37,=,=,IC50,nM,43.0,IC50,nM,43.0,Cn1cc(-c2cccc(N3C[C@@H]4[C@H](C3)[C@H]4c3noc(Cn4ncc5ncccc5c4=O)n3)c2)cn1,FUWTZTWOKOCMSP-NPHXMPSESA-N
28039082,CHEMBL5735477,B,Cn1cc(-c2cccc(N3C[C@@H]4[C@H](C3)[C@H]4c3noc(Cn4ncc5ncccc5c4=O)n3)c2)cn1,,CHEMBL5727829,2020,CHEMBL5741223,7.39,=,=,IC50,nM,41.0,IC50,nM,41.0,Cn1cc(-c2cccc(N3C[C@@H]4[C@H](C3)[C@H]4c3noc(Cn4ncc5ncccc5c4=O)n3)c2)cn1,FUWTZTWOKOCMSP-NPHXMPSESA-N
28039085,CHEMBL5735476,B,Cn1cnc2ncn(Cc3nc([C@H]4[C@@H]5CN(c6cc(Cl)c(F)cn6)C[C@@H]54)no3)c(=O)c21,,CHEMBL5727829,2020,CHEMBL6032016,6.63,=,=,IC50,nM,233.0,IC50,nM,233.0,Cn1cnc2ncn(Cc3nc([C@H]4[C@@H]5CN(c6cc(Cl)c(F)cn6)C[C@@H]54)no3)c(=O)c21,HRMFIOUUYUFIRA-RTUWITSCSA-N
28039088,CHEMBL5735477,B,Cn1cnc2ncn(Cc3nc([C@H]4[C@@H]5CN(c6cc(Cl)c(F)cn6)C[C@@H]54)no3)c(=O)c21,,CHEMBL5727829,2020,CHEMBL6032016,6.89,=,=,IC50,nM,130.0,IC50,nM,130.0,Cn1cnc2ncn(Cc3nc([C@H]4[C@@H]5CN(c6cc(Cl)c(F)cn6)C[C@@H]54)no3)c(=O)c21,HRMFIOUUYUFIRA-RTUWITSCSA-N
28039091,CHEMBL5735476,B,Cn1cnc2ncn(Cc3nc([C@H]4[C@@H]5CN(c6cccc(C#N)n6)C[C@@H]54)no3)c(=O)c21,,CHEMBL5727829,2020,CHEMBL5979384,6.57,=,=,IC50,nM,271.0,IC50,nM,271.0,Cn1cnc2ncn(Cc3nc([C@H]4[C@@H]5CN(c6cccc(C#N)n6)C[C@@H]54)no3)c(=O)c21,XBAHUCXUJNKOON-VIKVFOODSA-N
28039094,CHEMBL5735477,B,Cn1cnc2ncn(Cc3nc([C@H]4[C@@H]5CN(c6cccc(C#N)n6)C[C@@H]54)no3)c(=O)c21,,CHEMBL5727829,2020,CHEMBL5979384,7.05,=,=,IC50,nM,89.0,IC50,nM,89.0,Cn1cnc2ncn(Cc3nc([C@H]4[C@@H]5CN(c6cccc(C#N)n6)C[C@@H]54)no3)c(=O)c21,XBAHUCXUJNKOON-VIKVFOODSA-N
28039097,CHEMBL5735476,B,Cn1cnc2ncn(Cc3nc([C@@H]4CC[C@@H](c5ccc(F)cc5)C4)no3)c(=O)c21,,CHEMBL5727829,2020,CHEMBL5756126,7.58,=,=,IC50,nM,26.6,IC50,nM,26.6,Cn1cnc2ncn(Cc3nc([C@@H]4CC[C@@H](c5ccc(F)cc5)C4)no3)c(=O)c21,IPVHYPMVJBBJGY-ZIAGYGMSSA-N
28039100,CHEMBL5735477,B,Cn1cnc2ncn(Cc3nc([C@@H]4CC[C@@H](c5ccc(F)cc5)C4)no3)c(=O)c21,,CHEMBL5727829,2020,CHEMBL5756126,7.75,=,=,IC50,nM,18.0,IC50,nM,18.0,Cn1cnc2ncn(Cc3nc([C@@H]4CC[C@@H](c5ccc(F)cc5)C4)no3)c(=O)c21,IPVHYPMVJBBJGY-ZIAGYGMSSA-N
28039103,CHEMBL5735476,B,Cn1c(=O)ccc2ncn(Cc3nc([C@H]4[C@@H]5CN(c6cccc(Cl)c6)C[C@@H]54)no3)c(=O)c21,,CHEMBL5727829,2020,CHEMBL5836212,8.4,=,=,IC50,nM,3.97,IC50,nM,3.97,Cn1c(=O)ccc2ncn(Cc3nc([C@H]4[C@@H]5CN(c6cccc(Cl)c6)C[C@@H]54)no3)c(=O)c21,XSFCKBIGLBUTHE-QWHZDKJVSA-N
28039106,CHEMBL5735476,B,Cn1c(=O)ccc2ncn(Cc3nc([C@H]4[C@@H]5CN(c6cc(Cl)ccn6)C[C@@H]54)no3)c(=O)c21,,CHEMBL5727829,2020,CHEMBL5893767,7.22,=,=,IC50,nM,60.6,IC50,nM,60.6,Cn1c(=O)ccc2ncn(Cc3nc([C@H]4[C@@H]5CN(c6cc(Cl)ccn6)C[C@@H]54)no3)c(=O)c21,JTICAAYOYZCRBJ-MCBXIFIFSA-N
28039109,CHEMBL5735477,B,Cn1c(=O)ccc2ncn(Cc3nc([C@H]4[C@@H]5CN(c6cc(Cl)ccn6)C[C@@H]54)no3)c(=O)c21,,CHEMBL5727829,2020,CHEMBL5893767,7.3,=,=,IC50,nM,50.0,IC50,nM,50.0,Cn1c(=O)ccc2ncn(Cc3nc([C@H]4[C@@H]5CN(c6cc(Cl)ccn6)C[C@@H]54)no3)c(=O)c21,JTICAAYOYZCRBJ-MCBXIFIFSA-N
28039112,CHEMBL5735476,B,Cn1cnc2ncn(Cc3nc([C@H]4[C@@H]5CN(c6ccnc(F)c6)C[C@@H]54)no3)c(=O)c21,,CHEMBL5727829,2020,CHEMBL5894388,6.38,=,=,IC50,nM,420.0,IC50,nM,420.0,Cn1cnc2ncn(Cc3nc([C@H]4[C@@H]5CN(c6ccnc(F)c6)C[C@@H]54)no3)c(=O)c21,JOMJJSVRLDEKPU-JYAVWHMHSA-N
28039115,CHEMBL5735477,B,Cn1cnc2ncn(Cc3nc([C@H]4[C@@H]5CN(c6ccnc(F)c6)C[C@@H]54)no3)c(=O)c21,,CHEMBL5727829,2020,CHEMBL5894388,7.14,=,=,IC50,nM,73.0,IC50,nM,73.0,Cn1cnc2ncn(Cc3nc([C@H]4[C@@H]5CN(c6ccnc(F)c6)C[C@@H]54)no3)c(=O)c21,JOMJJSVRLDEKPU-JYAVWHMHSA-N
28039118,CHEMBL5735476,B,Cn1cnc2ncn(Cc3nc([C@H]4C[C@H](Oc5cccc(F)c5)C4)no3)c(=O)c21,,CHEMBL5727829,2020,CHEMBL5947766,7.61,=,=,IC50,nM,24.3,IC50,nM,24.3,Cn1cnc2ncn(Cc3nc([C@H]4C[C@H](Oc5cccc(F)c5)C4)no3)c(=O)c21,HBNRHCPABDWPQN-YEORSEQZSA-N
28039121,CHEMBL5735476,B,Cn1cnc2ncn(Cc3nc([C@H]4C[C@H](Oc5ccc(F)cc5)C4)no3)c(=O)c21,,CHEMBL5727829,2020,CHEMBL5833830,7.4,=,=,IC50,nM,40.1,IC50,nM,40.1,Cn1cnc2ncn(Cc3nc([C@H]4C[C@H](Oc5ccc(F)cc5)C4)no3)c(=O)c21,RAFUPNMBANCSLG-YEORSEQZSA-N
28039124,CHEMBL5735476,B,Cn1cnc2ncn(Cc3nc([C@H]4C[C@H](Oc5cccc(C#N)c5)C4)no3)c(=O)c21,,CHEMBL5727829,2020,CHEMBL5852189,7.09,=,=,IC50,nM,81.5,IC50,nM,81.5,Cn1cnc2ncn(Cc3nc([C@H]4C[C@H](Oc5cccc(C#N)c5)C4)no3)c(=O)c21,BUIYVEPGAGPGLB-CTYIDZIISA-N
28039127,CHEMBL5735476,B,Cn1cc(-c2ccc(N3C[C@@H]4[C@H](C3)[C@H]4c3noc(Cn4cnc5ncn(C)c5c4=O)n3)cc2)cn1,,CHEMBL5727829,2020,CHEMBL5929993,6.87,=,=,IC50,nM,134.0,IC50,nM,134.0,Cn1cc(-c2ccc(N3C[C@@H]4[C@H](C3)[C@H]4c3noc(Cn4cnc5ncn(C)c5c4=O)n3)cc2)cn1,ZTARYRCURIRMNQ-RUYXUALKSA-N
28039130,CHEMBL5735477,B,Cn1cc(-c2ccc(N3C[C@@H]4[C@H](C3)[C@H]4c3noc(Cn4cnc5ncn(C)c5c4=O)n3)cc2)cn1,,CHEMBL5727829,2020,CHEMBL5929993,7.17,=,=,IC50,nM,67.0,IC50,nM,67.0,Cn1cc(-c2ccc(N3C[C@@H]4[C@H](C3)[C@H]4c3noc(Cn4cnc5ncn(C)c5c4=O)n3)cc2)cn1,ZTARYRCURIRMNQ-RUYXUALKSA-N
28039133,CHEMBL5735476,B,O=c1c2cccnc2ncn1Cc1nc([C@H]2[C@@H]3C=C(c4cccc(Cl)c4)C[C@@H]32)no1,,CHEMBL5727829,2020,CHEMBL5878495,7.63,=,=,IC50,nM,23.3,IC50,nM,23.3,O=c1c2cccnc2ncn1Cc1nc([C@H]2[C@@H]3C=C(c4cccc(Cl)c4)C[C@@H]32)no1,JUEWLMSRGBZOJK-AOIWGVFYSA-N
28039136,CHEMBL5735477,B,O=c1c2cccnc2ncn1Cc1nc([C@H]2[C@@H]3C=C(c4cccc(Cl)c4)C[C@@H]32)no1,,CHEMBL5727829,2020,CHEMBL5878495,7.62,=,=,IC50,nM,24.0,IC50,nM,24.0,O=c1c2cccnc2ncn1Cc1nc([C@H]2[C@@H]3C=C(c4cccc(Cl)c4)C[C@@H]32)no1,JUEWLMSRGBZOJK-AOIWGVFYSA-N
28039139,CHEMBL5735476,B,O=c1c2cccnc2ncn1Cc1nc([C@@H]2[C@H]3C=C(c4cccc(Cl)c4)C[C@H]32)no1,,CHEMBL5727829,2020,CHEMBL5743365,7.66,=,=,IC50,nM,21.8,IC50,nM,21.8,O=c1c2cccnc2ncn1Cc1nc([C@@H]2[C@H]3C=C(c4cccc(Cl)c4)C[C@H]32)no1,JUEWLMSRGBZOJK-YQVWRLOYSA-N
28039142,CHEMBL5735477,B,O=c1c2cccnc2ncn1Cc1nc([C@@H]2[C@H]3C=C(c4cccc(Cl)c4)C[C@H]32)no1,,CHEMBL5727829,2020,CHEMBL5743365,7.68,=,=,IC50,nM,21.0,IC50,nM,21.0,O=c1c2cccnc2ncn1Cc1nc([C@@H]2[C@H]3C=C(c4cccc(Cl)c4)C[C@H]32)no1,JUEWLMSRGBZOJK-YQVWRLOYSA-N
28039145,CHEMBL5735476,B,Cn1cnc2ncn(Cc3nc([C@H]4[C@@H]5CN(c6cc(F)ccn6)C[C@@H]54)no3)c(=O)c21,,CHEMBL5727829,2020,CHEMBL5831050,6.71,=,=,IC50,nM,194.0,IC50,nM,194.0,Cn1cnc2ncn(Cc3nc([C@H]4[C@@H]5CN(c6cc(F)ccn6)C[C@@H]54)no3)c(=O)c21,KHZLLVHHICAXLI-JYAVWHMHSA-N
28039148,CHEMBL5735477,B,Cn1cnc2ncn(Cc3nc([C@H]4[C@@H]5CN(c6cc(F)ccn6)C[C@@H]54)no3)c(=O)c21,,CHEMBL5727829,2020,CHEMBL5831050,7.37,=,=,IC50,nM,43.0,IC50,nM,43.0,Cn1cnc2ncn(Cc3nc([C@H]4[C@@H]5CN(c6cc(F)ccn6)C[C@@H]54)no3)c(=O)c21,KHZLLVHHICAXLI-JYAVWHMHSA-N
28039151,CHEMBL5735476,B,O=c1c2cccnc2ncn1Cc1nc([C@H]2[C@@H]3CN(c4cc(Cl)ccn4)C[C@@H]32)no1,,CHEMBL5727829,2020,CHEMBL5084582,7.19,=,=,IC50,nM,65.1,IC50,nM,65.1,O=c1c2cccnc2ncn1Cc1nc([C@H]2[C@@H]3CN(c4cc(Cl)ccn4)C[C@@H]32)no1,XATNITDFSRCWBI-HALDLXJZSA-N
28039154,CHEMBL5735477,B,O=c1c2cccnc2ncn1Cc1nc([C@H]2[C@@H]3CN(c4cc(Cl)ccn4)C[C@@H]32)no1,,CHEMBL5727829,2020,CHEMBL5084582,7.28,=,=,IC50,nM,52.0,IC50,nM,52.0,O=c1c2cccnc2ncn1Cc1nc([C@H]2[C@@H]3CN(c4cc(Cl)ccn4)C[C@@H]32)no1,XATNITDFSRCWBI-HALDLXJZSA-N
28039157,CHEMBL5735476,B,Cn1cnc2ncn(Cc3nc([C@H]4[C@@H]5C=C(c6cccc(Cl)c6)C[C@@H]54)no3)c(=O)c21,,CHEMBL5727829,2020,CHEMBL6065175,8.05,=,=,IC50,nM,8.83,IC50,nM,8.83,Cn1cnc2ncn(Cc3nc([C@H]4[C@@H]5C=C(c6cccc(Cl)c6)C[C@@H]54)no3)c(=O)c21,POOZHORJSHQJIX-VYDXJSESSA-N
28039160,CHEMBL5735477,B,Cn1cnc2ncn(Cc3nc([C@H]4[C@@H]5C=C(c6cccc(Cl)c6)C[C@@H]54)no3)c(=O)c21,,CHEMBL5727829,2020,CHEMBL6065175,8.74,=,=,IC50,nM,1.8,IC50,nM,1.8,Cn1cnc2ncn(Cc3nc([C@H]4[C@@H]5C=C(c6cccc(Cl)c6)C[C@@H]54)no3)c(=O)c21,POOZHORJSHQJIX-VYDXJSESSA-N
28039163,CHEMBL5735476,B,Cn1cnc2ncn(Cc3nc([C@@H]4[C@H]5C=C(c6cccc(Cl)c6)C[C@H]54)no3)c(=O)c21,,CHEMBL5727829,2020,CHEMBL5832611,7.73,=,=,IC50,nM,18.5,IC50,nM,18.5,Cn1cnc2ncn(Cc3nc([C@@H]4[C@H]5C=C(c6cccc(Cl)c6)C[C@H]54)no3)c(=O)c21,POOZHORJSHQJIX-ZMSDIMECSA-N
28039166,CHEMBL5735477,B,Cn1cnc2ncn(Cc3nc([C@@H]4[C@H]5C=C(c6cccc(Cl)c6)C[C@H]54)no3)c(=O)c21,,CHEMBL5727829,2020,CHEMBL5832611,8.11,=,=,IC50,nM,7.8,IC50,nM,7.8,Cn1cnc2ncn(Cc3nc([C@@H]4[C@H]5C=C(c6cccc(Cl)c6)C[C@H]54)no3)c(=O)c21,POOZHORJSHQJIX-ZMSDIMECSA-N
28039169,CHEMBL5735476,B,Cn1cnc2ncn(Cc3nc([C@H]4[C@@H]5Oc6c(Cl)cccc6[C@@H]54)no3)c(=O)c21,,CHEMBL5727829,2020,CHEMBL5897867,7.3,=,=,IC50,nM,49.9,IC50,nM,49.9,Cn1cnc2ncn(Cc3nc([C@H]4[C@@H]5Oc6c(Cl)cccc6[C@@H]54)no3)c(=O)c21,MWVJVARWBHTASX-LALPHHSUSA-N
28039172,CHEMBL5735477,B,Cn1cnc2ncn(Cc3nc([C@H]4[C@@H]5Oc6c(Cl)cccc6[C@@H]54)no3)c(=O)c21,,CHEMBL5727829,2020,CHEMBL5897867,7.34,=,=,IC50,nM,46.0,IC50,nM,46.0,Cn1cnc2ncn(Cc3nc([C@H]4[C@@H]5Oc6c(Cl)cccc6[C@@H]54)no3)c(=O)c21,MWVJVARWBHTASX-LALPHHSUSA-N
28039175,CHEMBL5735476,B,Cn1cnc2ncn(Cc3nc([C@@H]4[C@H]5Oc6c(Cl)cccc6[C@H]54)no3)c(=O)c21,,CHEMBL5727829,2020,CHEMBL5782442,6.12,=,=,IC50,nM,763.0,IC50,nM,763.0,Cn1cnc2ncn(Cc3nc([C@@H]4[C@H]5Oc6c(Cl)cccc6[C@H]54)no3)c(=O)c21,MWVJVARWBHTASX-HUBLWGQQSA-N
28039178,CHEMBL5735476,B,Cn1cnc2ncn(Cc3nc([C@H]4[C@@H]5CN(c6ccc(C#N)c(Cl)c6)C[C@@H]54)no3)c(=O)c21,,CHEMBL5727829,2020,CHEMBL5985433,7.2,=,=,IC50,nM,63.8,IC50,nM,63.8,Cn1cnc2ncn(Cc3nc([C@H]4[C@@H]5CN(c6ccc(C#N)c(Cl)c6)C[C@@H]54)no3)c(=O)c21,GGDWDBYUQOQOCY-HALDLXJZSA-N
28039181,CHEMBL5735477,B,Cn1cnc2ncn(Cc3nc([C@H]4[C@@H]5CN(c6ccc(C#N)c(Cl)c6)C[C@@H]54)no3)c(=O)c21,,CHEMBL5727829,2020,CHEMBL5985433,7.68,=,=,IC50,nM,21.0,IC50,nM,21.0,Cn1cnc2ncn(Cc3nc([C@H]4[C@@H]5CN(c6ccc(C#N)c(Cl)c6)C[C@@H]54)no3)c(=O)c21,GGDWDBYUQOQOCY-HALDLXJZSA-N
28039184,CHEMBL5735476,B,Cn1cnc2ncn(Cc3nc([C@H]4C[C@H](c5cccc(C#N)c5)C4)no3)c(=O)c21,,CHEMBL5727829,2020,CHEMBL5915509,7.17,=,=,IC50,nM,68.2,IC50,nM,68.2,Cn1cnc2ncn(Cc3nc([C@H]4C[C@H](c5cccc(C#N)c5)C4)no3)c(=O)c21,XAQVIFGRTKIRES-SHTZXODSSA-N
28039187,CHEMBL5735476,B,Cn1cnc2ncn(Cc3nc([C@H]4[C@@H]5CN(c6cccc(-c7ncco7)c6)C[C@@H]54)no3)c(=O)c21,,CHEMBL5727829,2020,CHEMBL5892972,7.11,=,=,IC50,nM,78.3,IC50,nM,78.3,Cn1cnc2ncn(Cc3nc([C@H]4[C@@H]5CN(c6cccc(-c7ncco7)c6)C[C@@H]54)no3)c(=O)c21,AXRMPMIEMCXOTJ-VQFNDLOPSA-N
28039190,CHEMBL5735477,B,Cn1cnc2ncn(Cc3nc([C@H]4[C@@H]5CN(c6cccc(-c7ncco7)c6)C[C@@H]54)no3)c(=O)c21,,CHEMBL5727829,2020,CHEMBL5892972,7.14,=,=,IC50,nM,72.0,IC50,nM,72.0,Cn1cnc2ncn(Cc3nc([C@H]4[C@@H]5CN(c6cccc(-c7ncco7)c6)C[C@@H]54)no3)c(=O)c21,AXRMPMIEMCXOTJ-VQFNDLOPSA-N
28039193,CHEMBL5735476,B,Cn1cnc2ncn(Cc3nc([C@H]4C[C@H](c5cccc(F)c5)C4)no3)c(=O)c21,,CHEMBL5727829,2020,CHEMBL5959308,7.08,=,=,IC50,nM,83.0,IC50,nM,83.0,Cn1cnc2ncn(Cc3nc([C@H]4C[C@H](c5cccc(F)c5)C4)no3)c(=O)c21,DNGBHFGCHWZAEK-JOCQHMNTSA-N
28039196,CHEMBL5735476,B,Cn1cnc2ncn(Cc3nc([C@H]4[C@@H]5CN(c6ccc(C#N)cc6)C[C@@H]54)no3)c(=O)c21,,CHEMBL5727829,2020,CHEMBL6028569,7.56,=,=,IC50,nM,27.4,IC50,nM,27.4,Cn1cnc2ncn(Cc3nc([C@H]4[C@@H]5CN(c6ccc(C#N)cc6)C[C@@H]54)no3)c(=O)c21,COWHGJLKSFLNRB-QLPKVWCKSA-N
28039199,CHEMBL5735477,B,Cn1cnc2ncn(Cc3nc([C@H]4[C@@H]5CN(c6ccc(C#N)cc6)C[C@@H]54)no3)c(=O)c21,,CHEMBL5727829,2020,CHEMBL6028569,7.89,=,=,IC50,nM,13.0,IC50,nM,13.0,Cn1cnc2ncn(Cc3nc([C@H]4[C@@H]5CN(c6ccc(C#N)cc6)C[C@@H]54)no3)c(=O)c21,COWHGJLKSFLNRB-QLPKVWCKSA-N
28039202,CHEMBL5735476,B,Cn1cnc2ncn(Cc3nc([C@H]4[C@@H]5CN(c6cc(Cl)cc(C#N)c6)C[C@@H]54)no3)c(=O)c21,,CHEMBL5727829,2020,CHEMBL6054619,7.43,=,=,IC50,nM,37.1,IC50,nM,37.1,Cn1cnc2ncn(Cc3nc([C@H]4[C@@H]5CN(c6cc(Cl)cc(C#N)c6)C[C@@H]54)no3)c(=O)c21,HSUWVFMQRSTCAD-QLPKVWCKSA-N
28039205,CHEMBL5735477,B,Cn1cnc2ncn(Cc3nc([C@H]4[C@@H]5CN(c6cc(Cl)cc(C#N)c6)C[C@@H]54)no3)c(=O)c21,,CHEMBL5727829,2020,CHEMBL6054619,7.5,=,=,IC50,nM,32.0,IC50,nM,32.0,Cn1cnc2ncn(Cc3nc([C@H]4[C@@H]5CN(c6cc(Cl)cc(C#N)c6)C[C@@H]54)no3)c(=O)c21,HSUWVFMQRSTCAD-QLPKVWCKSA-N
28039208,CHEMBL5735476,B,O=c1c2cccnc2ncn1Cc1nc([C@H]2[C@@H]3CN(c4ccccc4)C[C@@H]32)no1,,CHEMBL5727829,2020,CHEMBL5850839,7.7,=,=,IC50,nM,20.1,IC50,nM,20.1,O=c1c2cccnc2ncn1Cc1nc([C@H]2[C@@H]3CN(c4ccccc4)C[C@@H]32)no1,GTLRVPQNDNSVIG-VQFNDLOPSA-N
28039211,CHEMBL5735477,B,O=c1c2cccnc2ncn1Cc1nc([C@H]2[C@@H]3CN(c4ccccc4)C[C@@H]32)no1,,CHEMBL5727829,2020,CHEMBL5850839,7.82,=,=,IC50,nM,15.0,IC50,nM,15.0,O=c1c2cccnc2ncn1Cc1nc([C@H]2[C@@H]3CN(c4ccccc4)C[C@@H]32)no1,GTLRVPQNDNSVIG-VQFNDLOPSA-N
28039214,CHEMBL5735476,B,O=c1c2ccncc2ncn1Cc1nc([C@H]2[C@@H]3CN(c4ccccc4)C[C@@H]32)no1,,CHEMBL5727829,2020,CHEMBL5842749,7.0,=,=,IC50,nM,99.4,IC50,nM,99.4,O=c1c2ccncc2ncn1Cc1nc([C@H]2[C@@H]3CN(c4ccccc4)C[C@@H]32)no1,VLDNGTWOASGEFF-MNZLEMJZSA-N
28039217,CHEMBL5735477,B,O=c1c2ccncc2ncn1Cc1nc([C@H]2[C@@H]3CN(c4ccccc4)C[C@@H]32)no1,,CHEMBL5727829,2020,CHEMBL5842749,6.96,=,=,IC50,nM,110.0,IC50,nM,110.0,O=c1c2ccncc2ncn1Cc1nc([C@H]2[C@@H]3CN(c4ccccc4)C[C@@H]32)no1,VLDNGTWOASGEFF-MNZLEMJZSA-N
28039220,CHEMBL5735476,B,Cc1ccnc2ncn(Cc3nc([C@H]4C[C@](F)(c5ccc(F)cc5)C4)no3)c(=O)c12,,CHEMBL5727829,2020,CHEMBL5832960,7.89,=,=,IC50,nM,13.0,IC50,nM,13.0,Cc1ccnc2ncn(Cc3nc([C@H]4C[C@](F)(c5ccc(F)cc5)C4)no3)c(=O)c12,SPQAQEDLUSSZTH-IPVJXJPOSA-N
28039223,CHEMBL5735477,B,Cc1ccnc2ncn(Cc3nc([C@H]4C[C@](F)(c5ccc(F)cc5)C4)no3)c(=O)c12,,CHEMBL5727829,2020,CHEMBL5832960,7.52,=,=,IC50,nM,30.0,IC50,nM,30.0,Cc1ccnc2ncn(Cc3nc([C@H]4C[C@](F)(c5ccc(F)cc5)C4)no3)c(=O)c12,SPQAQEDLUSSZTH-IPVJXJPOSA-N
28039226,CHEMBL5735476,B,O=c1c2cccnc2ncn1Cc1nc([C@H]2C[C@](F)(c3cccc(F)c3)C2)no1,,CHEMBL5727829,2020,CHEMBL6029313,7.17,=,=,IC50,nM,66.9,IC50,nM,66.9,O=c1c2cccnc2ncn1Cc1nc([C@H]2C[C@](F)(c3cccc(F)c3)C2)no1,XBWKDGVOHTXIQZ-KWUMSVIQSA-N
28039229,CHEMBL5735476,B,O=c1c2cccnc2ncn1Cc1nc([C@H]2C[C@](F)(c3cccc(Cl)c3)C2)no1,,CHEMBL5727829,2020,CHEMBL5816786,7.23,=,=,IC50,nM,58.7,IC50,nM,58.7,O=c1c2cccnc2ncn1Cc1nc([C@H]2C[C@](F)(c3cccc(Cl)c3)C2)no1,SLOODCSWMAVTSP-KWUMSVIQSA-N
28039232,CHEMBL5735476,B,Cn1cnc2ncn(Cc3nc([C@H]4[C@@H]5CN(c6cccc(-c7cnco7)c6)C[C@@H]54)no3)c(=O)c21,,CHEMBL5727829,2020,CHEMBL6007249,7.58,=,=,IC50,nM,26.2,IC50,nM,26.2,Cn1cnc2ncn(Cc3nc([C@H]4[C@@H]5CN(c6cccc(-c7cnco7)c6)C[C@@H]54)no3)c(=O)c21,MBHKUJMCEPPIEW-MNZLEMJZSA-N
28039235,CHEMBL5735477,B,Cn1cnc2ncn(Cc3nc([C@H]4[C@@H]5CN(c6cccc(-c7cnco7)c6)C[C@@H]54)no3)c(=O)c21,,CHEMBL5727829,2020,CHEMBL6007249,7.66,=,=,IC50,nM,22.0,IC50,nM,22.0,Cn1cnc2ncn(Cc3nc([C@H]4[C@@H]5CN(c6cccc(-c7cnco7)c6)C[C@@H]54)no3)c(=O)c21,MBHKUJMCEPPIEW-MNZLEMJZSA-N
28039238,CHEMBL5735476,B,Cn1cc(-c2cccc(N3C[C@@H]4[C@H](C3)[C@H]4c3noc(Cn4cnc5ncn(C)c5c4=O)n3)c2)cn1,,CHEMBL5727829,2020,CHEMBL5939414,7.42,=,=,IC50,nM,38.4,IC50,nM,38.4,Cn1cc(-c2cccc(N3C[C@@H]4[C@H](C3)[C@H]4c3noc(Cn4cnc5ncn(C)c5c4=O)n3)c2)cn1,UDPABTBYLOLUHD-RUYXUALKSA-N
28039241,CHEMBL5735477,B,Cn1cc(-c2cccc(N3C[C@@H]4[C@H](C3)[C@H]4c3noc(Cn4cnc5ncn(C)c5c4=O)n3)c2)cn1,,CHEMBL5727829,2020,CHEMBL5939414,7.77,=,=,IC50,nM,17.0,IC50,nM,17.0,Cn1cc(-c2cccc(N3C[C@@H]4[C@H](C3)[C@H]4c3noc(Cn4cnc5ncn(C)c5c4=O)n3)c2)cn1,UDPABTBYLOLUHD-RUYXUALKSA-N
28039244,CHEMBL5735476,B,Cn1cnc2ncn(Cc3nc([C@H]4[C@@H]5CN(c6cccc(-c7ccncc7)c6)C[C@@H]54)no3)c(=O)c21,,CHEMBL5727829,2020,CHEMBL5933906,7.17,=,=,IC50,nM,67.0,IC50,nM,67.0,Cn1cnc2ncn(Cc3nc([C@H]4[C@@H]5CN(c6cccc(-c7ccncc7)c6)C[C@@H]54)no3)c(=O)c21,ZZJVCNLMLHLBLE-KXTWHKPSSA-N
28039247,CHEMBL5735477,B,Cn1cnc2ncn(Cc3nc([C@H]4[C@@H]5CN(c6cccc(-c7ccncc7)c6)C[C@@H]54)no3)c(=O)c21,,CHEMBL5727829,2020,CHEMBL5933906,7.18,=,=,IC50,nM,66.0,IC50,nM,66.0,Cn1cnc2ncn(Cc3nc([C@H]4[C@@H]5CN(c6cccc(-c7ccncc7)c6)C[C@@H]54)no3)c(=O)c21,ZZJVCNLMLHLBLE-KXTWHKPSSA-N
28039250,CHEMBL5735476,B,Cn1cnc2ncn(Cc3nc([C@H]4[C@@H]5CN(c6cccc(-n7cccn7)c6)C[C@@H]54)no3)c(=O)c21,,CHEMBL5727829,2020,CHEMBL5981941,7.3,=,=,IC50,nM,50.1,IC50,nM,50.1,Cn1cnc2ncn(Cc3nc([C@H]4[C@@H]5CN(c6cccc(-n7cccn7)c6)C[C@@H]54)no3)c(=O)c21,QRBXPSUERQTHLC-DZFIZOCASA-N
28039253,CHEMBL5735476,B,Cn1cnc2ncn(Cc3nc([C@H]4[C@@H]5CN(c6cccc(-c7cccnc7)c6)C[C@@H]54)no3)c(=O)c21,,CHEMBL5727829,2020,CHEMBL6057953,7.33,=,=,IC50,nM,46.3,IC50,nM,46.3,Cn1cnc2ncn(Cc3nc([C@H]4[C@@H]5CN(c6cccc(-c7cccnc7)c6)C[C@@H]54)no3)c(=O)c21,ADVULNQGSUGCCG-KXTWHKPSSA-N
28039256,CHEMBL5735477,B,Cn1cnc2ncn(Cc3nc([C@H]4[C@@H]5CN(c6cccc(-c7cccnc7)c6)C[C@@H]54)no3)c(=O)c21,,CHEMBL5727829,2020,CHEMBL6057953,7.11,=,=,IC50,nM,78.0,IC50,nM,78.0,Cn1cnc2ncn(Cc3nc([C@H]4[C@@H]5CN(c6cccc(-c7cccnc7)c6)C[C@@H]54)no3)c(=O)c21,ADVULNQGSUGCCG-KXTWHKPSSA-N
28039259,CHEMBL5735476,B,C[C@H]1[C@@H]2[C@H](CN1c1cccc(Cl)c1)[C@H]2c1noc(Cn2cnc3ncn(C)c3c2=O)n1,,CHEMBL5727829,2020,CHEMBL5872131,6.47,=,=,IC50,nM,335.0,IC50,nM,335.0,C[C@H]1[C@@H]2[C@H](CN1c1cccc(Cl)c1)[C@H]2c1noc(Cn2cnc3ncn(C)c3c2=O)n1,DNUUOBAPXDXADD-HYEYJGRESA-N
28039262,CHEMBL5735476,B,Cn1cnc2ncn(Cc3nc([C@H]4[C@@H]5CN(c6ccc(Cl)cn6)C[C@@H]54)no3)c(=O)c21,,CHEMBL5727829,2020,CHEMBL5761251,6.3,=,=,IC50,nM,496.0,IC50,nM,496.0,Cn1cnc2ncn(Cc3nc([C@H]4[C@@H]5CN(c6ccc(Cl)cn6)C[C@@H]54)no3)c(=O)c21,IIAWUZTWHPVGRK-JYAVWHMHSA-N
28039265,CHEMBL5735477,B,Cn1cnc2ncn(Cc3nc([C@H]4[C@@H]5CN(c6ccc(Cl)cn6)C[C@@H]54)no3)c(=O)c21,,CHEMBL5727829,2020,CHEMBL5761251,7.07,=,=,IC50,nM,86.0,IC50,nM,86.0,Cn1cnc2ncn(Cc3nc([C@H]4[C@@H]5CN(c6ccc(Cl)cn6)C[C@@H]54)no3)c(=O)c21,IIAWUZTWHPVGRK-JYAVWHMHSA-N
28039268,CHEMBL5735476,B,Cn1cnc2ncn(Cc3nc([C@H]4C[C@](F)(c5ccc(F)cc5)C4)no3)c(=O)c21,,CHEMBL5727829,2020,CHEMBL5858075,6.5,=,=,IC50,nM,313.0,IC50,nM,313.0,Cn1cnc2ncn(Cc3nc([C@H]4C[C@](F)(c5ccc(F)cc5)C4)no3)c(=O)c21,RSEKKORVKIXWHN-BXHXUVEDSA-N
28039271,CHEMBL5735476,B,O=c1c2cccnc2ncn1Cc1nc([C@H]2C[C@](F)(c3ccc(F)cc3)C2)no1,,CHEMBL5727829,2020,CHEMBL5882796,7.02,=,=,IC50,nM,95.0,IC50,nM,95.0,O=c1c2cccnc2ncn1Cc1nc([C@H]2C[C@](F)(c3ccc(F)cc3)C2)no1,TVXKFCWCHZXPPB-KWUMSVIQSA-N
28039274,CHEMBL5735476,B,O=c1c2cccnc2ncn1Cc1nc([C@H]2C[C@H](c3ccc(Cl)cc3)C2)no1,,CHEMBL5727829,2020,CHEMBL5929559,7.11,=,=,IC50,nM,78.5,IC50,nM,78.5,O=c1c2cccnc2ncn1Cc1nc([C@H]2C[C@H](c3ccc(Cl)cc3)C2)no1,RKBDDOAOYHMXHG-HDJSIYSDSA-N
28039277,CHEMBL5735476,B,Cn1cnc2ncn(Cc3nc([C@H]4C[C@H](c5cc(Cl)ccc5F)C4)no3)c(=O)c21,,CHEMBL5727829,2020,CHEMBL5771516,6.05,=,=,IC50,nM,886.0,IC50,nM,886.0,Cn1cnc2ncn(Cc3nc([C@H]4C[C@H](c5cc(Cl)ccc5F)C4)no3)c(=O)c21,UBIGLFMMKSHTCL-XYPYZODXSA-N
28039280,CHEMBL5735476,B,Cc1ccnc2ncn(Cc3nc([C@H]4C[C@](F)(c5cccc(Cl)c5)C4)no3)c(=O)c12,,CHEMBL5727829,2020,CHEMBL5892766,7.82,=,=,IC50,nM,15.1,IC50,nM,15.1,Cc1ccnc2ncn(Cc3nc([C@H]4C[C@](F)(c5cccc(Cl)c5)C4)no3)c(=O)c12,VIGYQGXGPVTFTN-IPVJXJPOSA-N
28039283,CHEMBL5735476,B,Cn1cnc2ncn(Cc3nc([C@H]4[C@@H]5CN(c6ccc7ncsc7c6)C[C@@H]54)no3)c(=O)c21,,CHEMBL5727829,2020,CHEMBL5949303,7.2,=,=,IC50,nM,63.8,IC50,nM,63.8,Cn1cnc2ncn(Cc3nc([C@H]4[C@@H]5CN(c6ccc7ncsc7c6)C[C@@H]54)no3)c(=O)c21,CEHXVBLLORENHV-LAQFHYBYSA-N
28039286,CHEMBL5735477,B,Cn1cnc2ncn(Cc3nc([C@H]4[C@@H]5CN(c6ccc7ncsc7c6)C[C@@H]54)no3)c(=O)c21,,CHEMBL5727829,2020,CHEMBL5949303,8.0,=,=,IC50,nM,10.0,IC50,nM,10.0,Cn1cnc2ncn(Cc3nc([C@H]4[C@@H]5CN(c6ccc7ncsc7c6)C[C@@H]54)no3)c(=O)c21,CEHXVBLLORENHV-LAQFHYBYSA-N
28039289,CHEMBL5735476,B,Cn1cnc2ncn(Cc3nc([C@H]4[C@@H]5CN(c6cc(Cl)ccn6)C[C@@H]54)no3)c(=O)c21,,CHEMBL5727829,2020,CHEMBL5091060,7.07,=,=,IC50,nM,84.7,IC50,nM,84.7,Cn1cnc2ncn(Cc3nc([C@H]4[C@@H]5CN(c6cc(Cl)ccn6)C[C@@H]54)no3)c(=O)c21,VEKRDFXHKYPUDM-JYAVWHMHSA-N
28039292,CHEMBL5735477,B,Cn1cnc2ncn(Cc3nc([C@H]4[C@@H]5CN(c6cc(Cl)ccn6)C[C@@H]54)no3)c(=O)c21,,CHEMBL5727829,2020,CHEMBL5091060,7.6,=,=,IC50,nM,25.0,IC50,nM,25.0,Cn1cnc2ncn(Cc3nc([C@H]4[C@@H]5CN(c6cc(Cl)ccn6)C[C@@H]54)no3)c(=O)c21,VEKRDFXHKYPUDM-JYAVWHMHSA-N
28039295,CHEMBL5735476,B,O=c1c2cccnc2cnn1Cc1nc([C@H]2[C@@H]3CN(c4ccccc4)C[C@@H]32)no1,,CHEMBL5727829,2020,CHEMBL5858382,8.21,=,=,IC50,nM,6.17,IC50,nM,6.17,O=c1c2cccnc2cnn1Cc1nc([C@H]2[C@@H]3CN(c4ccccc4)C[C@@H]32)no1,RQQAWKCHVMJSHO-MNZLEMJZSA-N
28039298,CHEMBL5735477,B,O=c1c2cccnc2cnn1Cc1nc([C@H]2[C@@H]3CN(c4ccccc4)C[C@@H]32)no1,,CHEMBL5727829,2020,CHEMBL5858382,8.29,=,=,IC50,nM,5.1,IC50,nM,5.1,O=c1c2cccnc2cnn1Cc1nc([C@H]2[C@@H]3CN(c4ccccc4)C[C@@H]32)no1,RQQAWKCHVMJSHO-MNZLEMJZSA-N
28039301,CHEMBL5735476,B,O=c1c2cccnc2cnn1Cc1nc([C@H]2[C@@H]3CN(c4cccc(Cl)c4)C[C@@H]32)no1,,CHEMBL5727829,2020,CHEMBL5779299,8.54,=,=,IC50,nM,2.88,IC50,nM,2.88,O=c1c2cccnc2cnn1Cc1nc([C@H]2[C@@H]3CN(c4cccc(Cl)c4)C[C@@H]32)no1,SMIMKERZYSZTRX-MNZLEMJZSA-N
28039304,CHEMBL5735476,B,Cn1c(=O)c2c(ncn2Cc2nc([C@H]3[C@@H]4CN(c5cccc(Cl)c5)C[C@@H]43)no2)n(C)c1=O,,CHEMBL5727829,2020,CHEMBL6033693,7.25,=,=,IC50,nM,56.5,IC50,nM,56.5,Cn1c(=O)c2c(ncn2Cc2nc([C@H]3[C@@H]4CN(c5cccc(Cl)c5)C[C@@H]43)no2)n(C)c1=O,MMEGDRGXGKDKMU-FOLVSLTJSA-N
28039307,CHEMBL5735476,B,O=c1c2cccnc2ncn1Cc1nc([C@H]2[C@@H]3CN(c4cccc(Cl)c4)C[C@@H]32)no1,,CHEMBL5727829,2020,CHEMBL5951749,7.86,=,=,IC50,nM,13.8,IC50,nM,13.8,O=c1c2cccnc2ncn1Cc1nc([C@H]2[C@@H]3CN(c4cccc(Cl)c4)C[C@@H]32)no1,LAMKDCIOIKOTRV-VQFNDLOPSA-N
28039310,CHEMBL5735477,B,O=c1c2cccnc2ncn1Cc1nc([C@H]2[C@@H]3CN(c4cccc(Cl)c4)C[C@@H]32)no1,,CHEMBL5727829,2020,CHEMBL5951749,7.89,=,=,IC50,nM,13.0,IC50,nM,13.0,O=c1c2cccnc2ncn1Cc1nc([C@H]2[C@@H]3CN(c4cccc(Cl)c4)C[C@@H]32)no1,LAMKDCIOIKOTRV-VQFNDLOPSA-N
28039313,CHEMBL5735476,B,Cn1cnc2ncn(Cc3nc([C@H]4C[C@H](Oc5cccc(Cl)c5)C4)no3)c(=O)c21,,CHEMBL5727829,2020,CHEMBL5961356,7.42,=,=,IC50,nM,38.0,IC50,nM,38.0,Cn1cnc2ncn(Cc3nc([C@H]4C[C@H](Oc5cccc(Cl)c5)C4)no3)c(=O)c21,IFCINJLPGSPGOE-YEORSEQZSA-N
28039316,CHEMBL5735476,B,Cn1cnc2ncn(Cc3nc([C@H]4C[C@H](Oc5ccc(Cl)cc5)C4)no3)c(=O)c21,,CHEMBL5727829,2020,CHEMBL5904043,7.6,=,=,IC50,nM,24.9,IC50,nM,24.9,Cn1cnc2ncn(Cc3nc([C@H]4C[C@H](Oc5ccc(Cl)cc5)C4)no3)c(=O)c21,KBGYHCULXCGUTB-YEORSEQZSA-N
28039319,CHEMBL5735477,B,Cn1cnc2ncn(Cc3nc([C@H]4C[C@H](Oc5ccc(Cl)cc5)C4)no3)c(=O)c21,,CHEMBL5727829,2020,CHEMBL5904043,7.89,=,=,IC50,nM,13.0,IC50,nM,13.0,Cn1cnc2ncn(Cc3nc([C@H]4C[C@H](Oc5ccc(Cl)cc5)C4)no3)c(=O)c21,KBGYHCULXCGUTB-YEORSEQZSA-N
28039322,CHEMBL5735476,B,Cn1cnc2ncn(Cc3nc([C@H]4[C@@H]5CN(c6cc(Cl)c(F)cc6F)C[C@@H]54)no3)c(=O)c21,,CHEMBL5727829,2020,CHEMBL5972839,7.53,=,=,IC50,nM,29.3,IC50,nM,29.3,Cn1cnc2ncn(Cc3nc([C@H]4[C@@H]5CN(c6cc(Cl)c(F)cc6F)C[C@@H]54)no3)c(=O)c21,NKQCFZYAGAXSEP-ORMTXKICSA-N
28039325,CHEMBL5735477,B,Cn1cnc2ncn(Cc3nc([C@H]4[C@@H]5CN(c6cc(Cl)c(F)cc6F)C[C@@H]54)no3)c(=O)c21,,CHEMBL5727829,2020,CHEMBL5972839,7.51,=,=,IC50,nM,31.0,IC50,nM,31.0,Cn1cnc2ncn(Cc3nc([C@H]4[C@@H]5CN(c6cc(Cl)c(F)cc6F)C[C@@H]54)no3)c(=O)c21,NKQCFZYAGAXSEP-ORMTXKICSA-N
28039328,CHEMBL5735476,B,Cn1cnc2ncn(Cc3nc([C@H]4C[C@H](c5ccc(F)c(Cl)c5)C4)no3)c(=O)c21,,CHEMBL5727829,2020,CHEMBL5853017,7.26,=,=,IC50,nM,54.6,IC50,nM,54.6,Cn1cnc2ncn(Cc3nc([C@H]4C[C@H](c5ccc(F)c(Cl)c5)C4)no3)c(=O)c21,HZVARVKQUXVYIG-HAQNSBGRSA-N
28039331,CHEMBL5735476,B,Cn1cnc2ncn(Cc3nc([C@H]4[C@@H]5CN(c6ccc7scnc7c6)C[C@@H]54)no3)c(=O)c21,,CHEMBL5727829,2020,CHEMBL6000092,7.03,=,=,IC50,nM,94.0,IC50,nM,94.0,Cn1cnc2ncn(Cc3nc([C@H]4[C@@H]5CN(c6ccc7scnc7c6)C[C@@H]54)no3)c(=O)c21,LYYSCYDFWXHSRF-LAQFHYBYSA-N
28039334,CHEMBL5735477,B,Cn1cnc2ncn(Cc3nc([C@H]4[C@@H]5CN(c6ccc7scnc7c6)C[C@@H]54)no3)c(=O)c21,,CHEMBL5727829,2020,CHEMBL6000092,7.39,=,=,IC50,nM,41.0,IC50,nM,41.0,Cn1cnc2ncn(Cc3nc([C@H]4[C@@H]5CN(c6ccc7scnc7c6)C[C@@H]54)no3)c(=O)c21,LYYSCYDFWXHSRF-LAQFHYBYSA-N
28039337,CHEMBL5735476,B,Cn1cnc2ncn(Cc3nc([C@H]4[C@@H]5CN(c6c(F)ccc(Cl)c6F)C[C@@H]54)no3)c(=O)c21,,CHEMBL5727829,2020,CHEMBL6034527,7.53,=,=,IC50,nM,29.7,IC50,nM,29.7,Cn1cnc2ncn(Cc3nc([C@H]4[C@@H]5CN(c6c(F)ccc(Cl)c6F)C[C@@H]54)no3)c(=O)c21,NQPPCJDUDWGYDN-MSRIBSCDSA-N
28039340,CHEMBL5735477,B,Cn1cnc2ncn(Cc3nc([C@H]4[C@@H]5CN(c6c(F)ccc(Cl)c6F)C[C@@H]54)no3)c(=O)c21,,CHEMBL5727829,2020,CHEMBL6034527,8.17,=,=,IC50,nM,6.7,IC50,nM,6.7,Cn1cnc2ncn(Cc3nc([C@H]4[C@@H]5CN(c6c(F)ccc(Cl)c6F)C[C@@H]54)no3)c(=O)c21,NQPPCJDUDWGYDN-MSRIBSCDSA-N
28039343,CHEMBL5735476,B,Cn1cnc2ncn(Cc3nc([C@H]4CC[C@H](c5ccc(Cl)cc5)C4)no3)c(=O)c21,,CHEMBL5727829,2020,CHEMBL5767078,7.65,=,=,IC50,nM,22.2,IC50,nM,22.2,Cn1cnc2ncn(Cc3nc([C@H]4CC[C@H](c5ccc(Cl)cc5)C4)no3)c(=O)c21,ZPWTWZBWZLSTLF-KBPBESRZSA-N
28039346,CHEMBL5735476,B,Cc1cccc(N2C[C@@H]3[C@H](C2)[C@H]3c2noc(Cn3cnc4ncn(C)c4c3=O)n2)c1,,CHEMBL5727829,2020,CHEMBL5802404,7.14,=,=,IC50,nM,71.6,IC50,nM,71.6,Cc1cccc(N2C[C@@H]3[C@H](C2)[C@H]3c2noc(Cn3cnc4ncn(C)c4c3=O)n2)c1,SZCCBJJJEASGND-QLPKVWCKSA-N
28039349,CHEMBL5735477,B,Cc1cccc(N2C[C@@H]3[C@H](C2)[C@H]3c2noc(Cn3cnc4ncn(C)c4c3=O)n2)c1,,CHEMBL5727829,2020,CHEMBL5802404,7.72,=,=,IC50,nM,19.0,IC50,nM,19.0,Cc1cccc(N2C[C@@H]3[C@H](C2)[C@H]3c2noc(Cn3cnc4ncn(C)c4c3=O)n2)c1,SZCCBJJJEASGND-QLPKVWCKSA-N
28039352,CHEMBL5735476,B,Cn1cnc2ncn(Cc3nc([C@H]4[C@@H]5C=C(c6ccccc6)C[C@@H]54)no3)c(=O)c21,,CHEMBL5727829,2020,CHEMBL5079912,7.86,=,=,IC50,nM,13.8,IC50,nM,13.8,Cn1cnc2ncn(Cc3nc([C@H]4[C@@H]5C=C(c6ccccc6)C[C@@H]54)no3)c(=O)c21,TYJQINOLZPZTBH-VYDXJSESSA-N
28039355,CHEMBL5735477,B,Cn1cnc2ncn(Cc3nc([C@H]4[C@@H]5C=C(c6ccccc6)C[C@@H]54)no3)c(=O)c21,,CHEMBL5727829,2020,CHEMBL5079912,8.77,=,=,IC50,nM,1.7,IC50,nM,1.7,Cn1cnc2ncn(Cc3nc([C@H]4[C@@H]5C=C(c6ccccc6)C[C@@H]54)no3)c(=O)c21,TYJQINOLZPZTBH-VYDXJSESSA-N
28039358,CHEMBL5735476,B,Cn1cnc2ncn(Cc3nc([C@@H]4[C@H]5C=C(c6ccccc6)C[C@H]54)no3)c(=O)c21,,CHEMBL5727829,2020,CHEMBL5987323,7.67,=,=,IC50,nM,21.6,IC50,nM,21.6,Cn1cnc2ncn(Cc3nc([C@@H]4[C@H]5C=C(c6ccccc6)C[C@H]54)no3)c(=O)c21,TYJQINOLZPZTBH-ZMSDIMECSA-N
28039361,CHEMBL5735477,B,Cn1cnc2ncn(Cc3nc([C@@H]4[C@H]5C=C(c6ccccc6)C[C@H]54)no3)c(=O)c21,,CHEMBL5727829,2020,CHEMBL5987323,8.0,=,=,IC50,nM,9.9,IC50,nM,9.9,Cn1cnc2ncn(Cc3nc([C@@H]4[C@H]5C=C(c6ccccc6)C[C@H]54)no3)c(=O)c21,TYJQINOLZPZTBH-ZMSDIMECSA-N
28039364,CHEMBL5735476,B,Cc1ccnc2ncn(Cc3nc([C@@H]4[C@H]5C=C(c6ccccc6)C[C@H]54)no3)c(=O)c12,,CHEMBL5727829,2020,CHEMBL5781313,7.85,=,=,IC50,nM,14.0,IC50,nM,14.0,Cc1ccnc2ncn(Cc3nc([C@@H]4[C@H]5C=C(c6ccccc6)C[C@H]54)no3)c(=O)c12,XWWPJKNCWPEFJS-SQGPQFPESA-N
28039367,CHEMBL5735476,B,Cn1cnc2ncn(Cc3nc([C@H]4[C@@H]5CN(c6ccccn6)C[C@@H]54)no3)c(=O)c21,,CHEMBL5727829,2020,CHEMBL5936920,6.65,=,=,IC50,nM,223.0,IC50,nM,223.0,Cn1cnc2ncn(Cc3nc([C@H]4[C@@H]5CN(c6ccccn6)C[C@@H]54)no3)c(=O)c21,UCJIHDPETWQPQU-JYAVWHMHSA-N
28039370,CHEMBL5735477,B,Cn1cnc2ncn(Cc3nc([C@H]4[C@@H]5CN(c6ccccn6)C[C@@H]54)no3)c(=O)c21,,CHEMBL5727829,2020,CHEMBL5936920,6.89,=,=,IC50,nM,130.0,IC50,nM,130.0,Cn1cnc2ncn(Cc3nc([C@H]4[C@@H]5CN(c6ccccn6)C[C@@H]54)no3)c(=O)c21,UCJIHDPETWQPQU-JYAVWHMHSA-N
28039373,CHEMBL5735476,B,Cn1cnc2ncn(Cc3nc([C@H]4[C@@H]5CN(c6ccc(Cl)c(F)c6)C[C@@H]54)no3)c(=O)c21,,CHEMBL5727829,2020,CHEMBL6001185,7.66,=,=,IC50,nM,21.7,IC50,nM,21.7,Cn1cnc2ncn(Cc3nc([C@H]4[C@@H]5CN(c6ccc(Cl)c(F)c6)C[C@@H]54)no3)c(=O)c21,XCCZAIUWVCKNCM-ATCWAGBWSA-N
28039376,CHEMBL5735477,B,Cn1cnc2ncn(Cc3nc([C@H]4[C@@H]5CN(c6ccc(Cl)c(F)c6)C[C@@H]54)no3)c(=O)c21,,CHEMBL5727829,2020,CHEMBL6001185,8.0,=,=,IC50,nM,10.0,IC50,nM,10.0,Cn1cnc2ncn(Cc3nc([C@H]4[C@@H]5CN(c6ccc(Cl)c(F)c6)C[C@@H]54)no3)c(=O)c21,XCCZAIUWVCKNCM-ATCWAGBWSA-N
28039379,CHEMBL5735476,B,O=c1c2ccncc2ncn1Cc1nc([C@H]2[C@@H]3CN(c4cccc(Cl)c4)C[C@@H]32)no1,,CHEMBL5727829,2020,CHEMBL5844754,7.48,=,=,IC50,nM,33.1,IC50,nM,33.1,O=c1c2ccncc2ncn1Cc1nc([C@H]2[C@@H]3CN(c4cccc(Cl)c4)C[C@@H]32)no1,LHKBWGFVZPWGQN-MNZLEMJZSA-N
28039382,CHEMBL5735476,B,Cn1cnc2ncn(Cc3nc([C@H]4C[C@H](c5ccc6ccccc6c5)C4)no3)c(=O)c21,,CHEMBL5727829,2020,CHEMBL5744019,7.24,=,=,IC50,nM,57.3,IC50,nM,57.3,Cn1cnc2ncn(Cc3nc([C@H]4C[C@H](c5ccc6ccccc6c5)C4)no3)c(=O)c21,GLVKYOVHEGVODM-IYARVYRRSA-N
28039385,CHEMBL5735476,B,Cc1cncc2ncn(Cc3nc([C@H]4C[C@H](c5ccc6ccccc6c5)C4)no3)c(=O)c12,,CHEMBL5727829,2020,CHEMBL5796116,7.84,=,=,IC50,nM,14.5,IC50,nM,14.5,Cc1cncc2ncn(Cc3nc([C@H]4C[C@H](c5ccc6ccccc6c5)C4)no3)c(=O)c12,YJZRVQKJIFHXBP-MXVIHJGJSA-N
28039388,CHEMBL5735476,B,Cc1ccnc2ncn(Cc3nc([C@H]4C[C@H](c5ccc6ccccc6c5)C4)no3)c(=O)c12,,CHEMBL5727829,2020,CHEMBL5741964,7.41,=,=,IC50,nM,38.6,IC50,nM,38.6,Cc1ccnc2ncn(Cc3nc([C@H]4C[C@H](c5ccc6ccccc6c5)C4)no3)c(=O)c12,DWKWGYFSYUEEDC-MXVIHJGJSA-N
28039391,CHEMBL5735476,B,Cn1cnc2ncn(Cc3nc([C@H]4[C@@H]5CN(c6cccc(-c7ccccc7)c6)C[C@@H]54)no3)c(=O)c21,,CHEMBL5727829,2020,CHEMBL5832413,6.47,=,=,IC50,nM,340.0,IC50,nM,340.0,Cn1cnc2ncn(Cc3nc([C@H]4[C@@H]5CN(c6cccc(-c7ccccc7)c6)C[C@@H]54)no3)c(=O)c21,VJONDNDXWADLLZ-XVAYZXCPSA-N
28039394,CHEMBL5735476,B,Cn1cnc2ncn(Cc3nc([C@H]4[C@@H]5CN(c6cccc(C#N)c6)C[C@@H]54)no3)c(=O)c21,,CHEMBL5727829,2020,CHEMBL5976618,7.13,=,=,IC50,nM,73.5,IC50,nM,73.5,Cn1cnc2ncn(Cc3nc([C@H]4[C@@H]5CN(c6cccc(C#N)c6)C[C@@H]54)no3)c(=O)c21,YLCJLPKUVYAFRE-QLPKVWCKSA-N
28039397,CHEMBL5735477,B,Cn1cnc2ncn(Cc3nc([C@H]4[C@@H]5CN(c6cccc(C#N)c6)C[C@@H]54)no3)c(=O)c21,,CHEMBL5727829,2020,CHEMBL5976618,7.77,=,=,IC50,nM,17.0,IC50,nM,17.0,Cn1cnc2ncn(Cc3nc([C@H]4[C@@H]5CN(c6cccc(C#N)c6)C[C@@H]54)no3)c(=O)c21,YLCJLPKUVYAFRE-QLPKVWCKSA-N
28039400,CHEMBL5735476,B,Cn1cnc2ncn(Cc3nc([C@H]4[C@@H]5CN(c6cccc(Cl)c6F)C[C@@H]54)no3)c(=O)c21,,CHEMBL5727829,2020,CHEMBL6005266,7.67,=,=,IC50,nM,21.3,IC50,nM,21.3,Cn1cnc2ncn(Cc3nc([C@H]4[C@@H]5CN(c6cccc(Cl)c6F)C[C@@H]54)no3)c(=O)c21,WZQMWEAVTLSMOF-HBYGRHMLSA-N
28039403,CHEMBL5735477,B,Cn1cnc2ncn(Cc3nc([C@H]4[C@@H]5CN(c6cccc(Cl)c6F)C[C@@H]54)no3)c(=O)c21,,CHEMBL5727829,2020,CHEMBL6005266,8.36,=,=,IC50,nM,4.4,IC50,nM,4.4,Cn1cnc2ncn(Cc3nc([C@H]4[C@@H]5CN(c6cccc(Cl)c6F)C[C@@H]54)no3)c(=O)c21,WZQMWEAVTLSMOF-HBYGRHMLSA-N
28039406,CHEMBL5735476,B,Cn1cnc2ncn(Cc3nc([C@H]4[C@@H]5CN(c6ccc7sncc7c6)C[C@@H]54)no3)c(=O)c21,,CHEMBL5727829,2020,CHEMBL6048418,7.74,=,=,IC50,nM,18.2,IC50,nM,18.2,Cn1cnc2ncn(Cc3nc([C@H]4[C@@H]5CN(c6ccc7sncc7c6)C[C@@H]54)no3)c(=O)c21,WSJBTMAJFBDGCQ-HALDLXJZSA-N
28039409,CHEMBL5735477,B,Cn1cnc2ncn(Cc3nc([C@H]4[C@@H]5CN(c6ccc7sncc7c6)C[C@@H]54)no3)c(=O)c21,,CHEMBL5727829,2020,CHEMBL6048418,8.68,=,=,IC50,nM,2.1,IC50,nM,2.1,Cn1cnc2ncn(Cc3nc([C@H]4[C@@H]5CN(c6ccc7sncc7c6)C[C@@H]54)no3)c(=O)c21,WSJBTMAJFBDGCQ-HALDLXJZSA-N
28039412,CHEMBL5735476,B,Cc1cc(N)nc2ncn(Cc3nc([C@H]4[C@@H]5C=C(c6ccccc6)C[C@@H]54)no3)c(=O)c12,,CHEMBL5727829,2020,CHEMBL5896142,7.95,=,=,IC50,nM,11.3,IC50,nM,11.3,Cc1cc(N)nc2ncn(Cc3nc([C@H]4[C@@H]5C=C(c6ccccc6)C[C@@H]54)no3)c(=O)c12,JWNCZSYHJIVUEU-GUXCAODWSA-N
28039415,CHEMBL5735477,B,Cc1cc(N)nc2ncn(Cc3nc([C@H]4[C@@H]5C=C(c6ccccc6)C[C@@H]54)no3)c(=O)c12,,CHEMBL5727829,2020,CHEMBL5896142,8.82,=,=,IC50,nM,1.5,IC50,nM,1.5,Cc1cc(N)nc2ncn(Cc3nc([C@H]4[C@@H]5C=C(c6ccccc6)C[C@@H]54)no3)c(=O)c12,JWNCZSYHJIVUEU-GUXCAODWSA-N
28039418,CHEMBL5735476,B,Nc1ccc2c(=O)n(Cc3nc([C@H]4[C@@H]5C=C(c6ccccc6)C[C@@H]54)no3)cnc2n1,,CHEMBL5727829,2020,CHEMBL6061542,7.98,=,=,IC50,nM,10.5,IC50,nM,10.5,Nc1ccc2c(=O)n(Cc3nc([C@H]4[C@@H]5C=C(c6ccccc6)C[C@@H]54)no3)cnc2n1,FTOLOGKZFWYVKF-GJYPPUQNSA-N
28039421,CHEMBL5735477,B,Nc1ccc2c(=O)n(Cc3nc([C@H]4[C@@H]5C=C(c6ccccc6)C[C@@H]54)no3)cnc2n1,,CHEMBL5727829,2020,CHEMBL6061542,8.28,=,=,IC50,nM,5.3,IC50,nM,5.3,Nc1ccc2c(=O)n(Cc3nc([C@H]4[C@@H]5C=C(c6ccccc6)C[C@@H]54)no3)cnc2n1,FTOLOGKZFWYVKF-GJYPPUQNSA-N
28039424,CHEMBL5735476,B,Cn1cnc2ncn(Cc3nc([C@@H]4[C@H]5CC[C@H](Oc6ccccc6)[C@H]54)no3)c(=O)c21,,CHEMBL5727829,2020,CHEMBL5826807,6.59,=,=,IC50,nM,254.0,IC50,nM,254.0,Cn1cnc2ncn(Cc3nc([C@@H]4[C@H]5CC[C@H](Oc6ccccc6)[C@H]54)no3)c(=O)c21,LLRCPJPOJWCVFG-NXNVCVFFSA-N
28039427,CHEMBL5735477,B,Cn1cnc2ncn(Cc3nc([C@@H]4[C@H]5CC[C@H](Oc6ccccc6)[C@H]54)no3)c(=O)c21,,CHEMBL5727829,2020,CHEMBL5826807,7.1,=,=,IC50,nM,80.0,IC50,nM,80.0,Cn1cnc2ncn(Cc3nc([C@@H]4[C@H]5CC[C@H](Oc6ccccc6)[C@H]54)no3)c(=O)c21,LLRCPJPOJWCVFG-NXNVCVFFSA-N
28039430,CHEMBL5735476,B,CC(=O)Nc1nc2ncn(Cc3nc([C@H]4[C@@H]5C=C(c6ccccc6)C[C@@H]54)no3)c(=O)c2n1C,,CHEMBL5727829,2020,CHEMBL5941093,7.17,=,=,IC50,nM,66.9,IC50,nM,66.9,CC(=O)Nc1nc2ncn(Cc3nc([C@H]4[C@@H]5C=C(c6ccccc6)C[C@@H]54)no3)c(=O)c2n1C,IRVXOONVSOVGPT-RYRKJORJSA-N
28039433,CHEMBL5735477,B,CC(=O)Nc1nc2ncn(Cc3nc([C@H]4[C@@H]5C=C(c6ccccc6)C[C@@H]54)no3)c(=O)c2n1C,,CHEMBL5727829,2020,CHEMBL5941093,7.75,=,=,IC50,nM,18.0,IC50,nM,18.0,CC(=O)Nc1nc2ncn(Cc3nc([C@H]4[C@@H]5C=C(c6ccccc6)C[C@@H]54)no3)c(=O)c2n1C,IRVXOONVSOVGPT-RYRKJORJSA-N
28039436,CHEMBL5735476,B,Cn1cnc2ncn(Cc3nc([C@@H]4[C@H]5C=C(c6ccc(F)c(F)c6F)C[C@H]54)no3)c(=O)c21,,CHEMBL5727829,2020,CHEMBL5774642,7.72,=,=,IC50,nM,19.1,IC50,nM,19.1,Cn1cnc2ncn(Cc3nc([C@@H]4[C@H]5C=C(c6ccc(F)c(F)c6F)C[C@H]54)no3)c(=O)c21,LDLLVRCAPFWYTL-YWPYICTPSA-N
28039439,CHEMBL5735477,B,Cn1cnc2ncn(Cc3nc([C@@H]4[C@H]5C=C(c6ccc(F)c(F)c6F)C[C@H]54)no3)c(=O)c21,,CHEMBL5727829,2020,CHEMBL5774642,8.2,=,=,IC50,nM,6.3,IC50,nM,6.3,Cn1cnc2ncn(Cc3nc([C@@H]4[C@H]5C=C(c6ccc(F)c(F)c6F)C[C@H]54)no3)c(=O)c21,LDLLVRCAPFWYTL-YWPYICTPSA-N
28039442,CHEMBL5735476,B,Cn1c(NC2COC2)nc2ncn(Cc3nc([C@H]4[C@@H]5C=C(c6ccccc6)C[C@@H]54)no3)c(=O)c21,,CHEMBL5727829,2020,CHEMBL5866386,7.0,=,=,IC50,nM,101.0,IC50,nM,101.0,Cn1c(NC2COC2)nc2ncn(Cc3nc([C@H]4[C@@H]5C=C(c6ccccc6)C[C@@H]54)no3)c(=O)c21,NZKRDROSRYWYIZ-AOIWGVFYSA-N
28039445,CHEMBL5735477,B,Cn1c(NC2COC2)nc2ncn(Cc3nc([C@H]4[C@@H]5C=C(c6ccccc6)C[C@@H]54)no3)c(=O)c21,,CHEMBL5727829,2020,CHEMBL5866386,7.35,=,=,IC50,nM,45.0,IC50,nM,45.0,Cn1c(NC2COC2)nc2ncn(Cc3nc([C@H]4[C@@H]5C=C(c6ccccc6)C[C@@H]54)no3)c(=O)c21,NZKRDROSRYWYIZ-AOIWGVFYSA-N
28039448,CHEMBL5735476,B,CN(C)C(=O)CNc1nc2ncn(Cc3nc([C@H]4[C@@H]5C=C(c6ccccc6)C[C@@H]54)no3)c(=O)c2n1C,,CHEMBL5727829,2020,CHEMBL5872653,7.16,=,=,IC50,nM,68.7,IC50,nM,68.7,CN(C)C(=O)CNc1nc2ncn(Cc3nc([C@H]4[C@@H]5C=C(c6ccccc6)C[C@@H]54)no3)c(=O)c2n1C,DEQOZQHMWLHJLS-UWVAXJGDSA-N
28039451,CHEMBL5735477,B,CN(C)C(=O)CNc1nc2ncn(Cc3nc([C@H]4[C@@H]5C=C(c6ccccc6)C[C@@H]54)no3)c(=O)c2n1C,,CHEMBL5727829,2020,CHEMBL5872653,7.58,=,=,IC50,nM,26.0,IC50,nM,26.0,CN(C)C(=O)CNc1nc2ncn(Cc3nc([C@H]4[C@@H]5C=C(c6ccccc6)C[C@@H]54)no3)c(=O)c2n1C,DEQOZQHMWLHJLS-UWVAXJGDSA-N
28039454,CHEMBL5735476,B,Cn1c(NC2CCOCC2)nc2ncn(Cc3nc([C@H]4[C@@H]5C=C(c6ccccc6)C[C@@H]54)no3)c(=O)c21,,CHEMBL5727829,2020,CHEMBL5899823,7.1,=,=,IC50,nM,79.9,IC50,nM,79.9,Cn1c(NC2CCOCC2)nc2ncn(Cc3nc([C@H]4[C@@H]5C=C(c6ccccc6)C[C@@H]54)no3)c(=O)c21,NNQHKCKPDGQFKO-DYXWJJEUSA-N
28039457,CHEMBL5735477,B,Cn1c(NC2CCOCC2)nc2ncn(Cc3nc([C@H]4[C@@H]5C=C(c6ccccc6)C[C@@H]54)no3)c(=O)c21,,CHEMBL5727829,2020,CHEMBL5899823,7.37,=,=,IC50,nM,43.0,IC50,nM,43.0,Cn1c(NC2CCOCC2)nc2ncn(Cc3nc([C@H]4[C@@H]5C=C(c6ccccc6)C[C@@H]54)no3)c(=O)c21,NNQHKCKPDGQFKO-DYXWJJEUSA-N
28039460,CHEMBL5735476,B,CCNc1nc2ncn(Cc3nc([C@H]4[C@@H]5C=C(c6ccccc6)C[C@@H]54)no3)c(=O)c2n1C,,CHEMBL5727829,2020,CHEMBL5758525,7.27,=,=,IC50,nM,53.9,IC50,nM,53.9,CCNc1nc2ncn(Cc3nc([C@H]4[C@@H]5C=C(c6ccccc6)C[C@@H]54)no3)c(=O)c2n1C,BRBMIYHOFADQNK-RYRKJORJSA-N
28039463,CHEMBL5735477,B,CCNc1nc2ncn(Cc3nc([C@H]4[C@@H]5C=C(c6ccccc6)C[C@@H]54)no3)c(=O)c2n1C,,CHEMBL5727829,2020,CHEMBL5758525,7.54,=,=,IC50,nM,29.0,IC50,nM,29.0,CCNc1nc2ncn(Cc3nc([C@H]4[C@@H]5C=C(c6ccccc6)C[C@@H]54)no3)c(=O)c2n1C,BRBMIYHOFADQNK-RYRKJORJSA-N
28039466,CHEMBL5735476,B,Cn1cnc2ncn(Cc3nc([C@H]4[C@@H]5CN(c6ccc(C#N)cc6F)C[C@@H]54)no3)c(=O)c21,,CHEMBL5727829,2020,CHEMBL6064613,7.24,=,=,IC50,nM,57.9,IC50,nM,57.9,Cn1cnc2ncn(Cc3nc([C@H]4[C@@H]5CN(c6ccc(C#N)cc6F)C[C@@H]54)no3)c(=O)c21,WTULWADTNMDTBI-LAQFHYBYSA-N
28039469,CHEMBL5735477,B,Cn1cnc2ncn(Cc3nc([C@H]4[C@@H]5CN(c6ccc(C#N)cc6F)C[C@@H]54)no3)c(=O)c21,,CHEMBL5727829,2020,CHEMBL6064613,7.64,=,=,IC50,nM,23.0,IC50,nM,23.0,Cn1cnc2ncn(Cc3nc([C@H]4[C@@H]5CN(c6ccc(C#N)cc6F)C[C@@H]54)no3)c(=O)c21,WTULWADTNMDTBI-LAQFHYBYSA-N
28039472,CHEMBL5735476,B,Cn1cnc2ncn(Cc3nc([C@H]4C[C@@H](C(F)(F)c5cccc(F)c5)C4)no3)c(=O)c21,,CHEMBL5727829,2020,CHEMBL6063332,7.96,=,=,IC50,nM,11.1,IC50,nM,11.1,Cn1cnc2ncn(Cc3nc([C@H]4C[C@@H](C(F)(F)c5cccc(F)c5)C4)no3)c(=O)c21,DKSDOKBELUNFIE-BJHJDKERSA-N
28039475,CHEMBL5735477,B,Cn1cnc2ncn(Cc3nc([C@H]4C[C@@H](C(F)(F)c5cccc(F)c5)C4)no3)c(=O)c21,,CHEMBL5727829,2020,CHEMBL6063332,8.26,=,=,IC50,nM,5.5,IC50,nM,5.5,Cn1cnc2ncn(Cc3nc([C@H]4C[C@@H](C(F)(F)c5cccc(F)c5)C4)no3)c(=O)c21,DKSDOKBELUNFIE-BJHJDKERSA-N
28039478,CHEMBL5735476,B,Cn1cnc2ncn(Cc3nc([C@@H]4[C@@H]5C[C@H]4CN(c4ccccc4)C5)no3)c(=O)c21,,CHEMBL5727829,2020,CHEMBL6195964,7.08,=,=,IC50,nM,83.4,IC50,nM,83.4,Cn1cnc2ncn(Cc3nc([C@@H]4[C@@H]5C[C@H]4CN(c4ccccc4)C5)no3)c(=O)c21,SGCZWBXKGMRYGM-XOIINTDNSA-N
28039481,CHEMBL5735477,B,Cn1cnc2ncn(Cc3nc([C@@H]4[C@@H]5C[C@H]4CN(c4ccccc4)C5)no3)c(=O)c21,,CHEMBL5727829,2020,CHEMBL6195964,7.14,=,=,IC50,nM,72.0,IC50,nM,72.0,Cn1cnc2ncn(Cc3nc([C@@H]4[C@@H]5C[C@H]4CN(c4ccccc4)C5)no3)c(=O)c21,SGCZWBXKGMRYGM-XOIINTDNSA-N
28039484,CHEMBL5735476,B,Cn1cnc2ncn(Cc3nc([C@@H]4[C@H]5C=C(c6ccccc6)[C@@H](O)[C@H]54)no3)c(=O)c21,,CHEMBL5727829,2020,CHEMBL5839547,6.51,=,=,IC50,nM,312.0,IC50,nM,312.0,Cn1cnc2ncn(Cc3nc([C@@H]4[C@H]5C=C(c6ccccc6)[C@@H](O)[C@H]54)no3)c(=O)c21,PTCXTLVNQCOOLJ-AAJLLMFJSA-N
28039487,CHEMBL5735477,B,Cn1cnc2ncn(Cc3nc([C@@H]4[C@H]5C=C(c6ccccc6)[C@@H](O)[C@H]54)no3)c(=O)c21,,CHEMBL5727829,2020,CHEMBL5839547,7.4,=,=,IC50,nM,40.0,IC50,nM,40.0,Cn1cnc2ncn(Cc3nc([C@@H]4[C@H]5C=C(c6ccccc6)[C@@H](O)[C@H]54)no3)c(=O)c21,PTCXTLVNQCOOLJ-AAJLLMFJSA-N
28039490,CHEMBL5735476,B,Cn1cnc2ncn(Cc3nc([C@H]4[C@@H]5C=C(c6cc(F)c(F)c(F)c6)C[C@@H]54)no3)c(=O)c21,,CHEMBL5727829,2020,CHEMBL5786064,7.83,=,=,IC50,nM,14.9,IC50,nM,14.9,Cn1cnc2ncn(Cc3nc([C@H]4[C@@H]5C=C(c6cc(F)c(F)c(F)c6)C[C@@H]54)no3)c(=O)c21,COUSNIYNXWRIMA-WQGACYEGSA-N
28039493,CHEMBL5735477,B,Cn1cnc2ncn(Cc3nc([C@H]4[C@@H]5C=C(c6cc(F)c(F)c(F)c6)C[C@@H]54)no3)c(=O)c21,,CHEMBL5727829,2020,CHEMBL5786064,8.7,=,=,IC50,nM,2.0,IC50,nM,2.0,Cn1cnc2ncn(Cc3nc([C@H]4[C@@H]5C=C(c6cc(F)c(F)c(F)c6)C[C@@H]54)no3)c(=O)c21,COUSNIYNXWRIMA-WQGACYEGSA-N
28039496,CHEMBL5735476,B,Cn1c(NCCO)nc2ncn(Cc3nc([C@H]4[C@@H]5C=C(c6ccccc6)C[C@@H]54)no3)c(=O)c21,,CHEMBL5727829,2020,CHEMBL6019586,6.52,=,=,IC50,nM,304.0,IC50,nM,304.0,Cn1c(NCCO)nc2ncn(Cc3nc([C@H]4[C@@H]5C=C(c6ccccc6)C[C@@H]54)no3)c(=O)c21,JYQQTCCLMQYYSB-RYRKJORJSA-N
28039499,CHEMBL5735477,B,Cn1c(NCCO)nc2ncn(Cc3nc([C@H]4[C@@H]5C=C(c6ccccc6)C[C@@H]54)no3)c(=O)c21,,CHEMBL5727829,2020,CHEMBL6019586,7.17,=,=,IC50,nM,68.0,IC50,nM,68.0,Cn1c(NCCO)nc2ncn(Cc3nc([C@H]4[C@@H]5C=C(c6ccccc6)C[C@@H]54)no3)c(=O)c21,JYQQTCCLMQYYSB-RYRKJORJSA-N
28039502,CHEMBL5735476,B,Cc1cnn2ncn(Cc3nc([C@H]4C[C@](F)(c5cccc(Cl)c5)C4)no3)c(=O)c12,,CHEMBL5727829,2020,CHEMBL5900516,7.36,=,=,IC50,nM,43.5,IC50,nM,43.5,Cc1cnn2ncn(Cc3nc([C@H]4C[C@](F)(c5cccc(Cl)c5)C4)no3)c(=O)c12,XOVTWNLGYRCGFO-HHCCDPJTSA-N
28039505,CHEMBL5735477,B,Cc1cnn2ncn(Cc3nc([C@H]4C[C@](F)(c5cccc(Cl)c5)C4)no3)c(=O)c12,,CHEMBL5727829,2020,CHEMBL5900516,7.51,=,=,IC50,nM,31.0,IC50,nM,31.0,Cc1cnn2ncn(Cc3nc([C@H]4C[C@](F)(c5cccc(Cl)c5)C4)no3)c(=O)c12,XOVTWNLGYRCGFO-HHCCDPJTSA-N
28039508,CHEMBL5735476,B,Cn1cnc2ncn(Cc3nc([C@@H]4[C@H]5C=C(c6cccc(F)c6F)C[C@H]54)no3)c(=O)c21,,CHEMBL5727829,2020,CHEMBL5899415,7.91,=,=,IC50,nM,12.3,IC50,nM,12.3,Cn1cnc2ncn(Cc3nc([C@@H]4[C@H]5C=C(c6cccc(F)c6F)C[C@H]54)no3)c(=O)c21,QWJYOLGDDWGWEX-WOSRLPQWSA-N
28039511,CHEMBL5735477,B,Cn1cnc2ncn(Cc3nc([C@@H]4[C@H]5C=C(c6cccc(F)c6F)C[C@H]54)no3)c(=O)c21,,CHEMBL5727829,2020,CHEMBL5899415,8.68,=,=,IC50,nM,2.1,IC50,nM,2.1,Cn1cnc2ncn(Cc3nc([C@@H]4[C@H]5C=C(c6cccc(F)c6F)C[C@H]54)no3)c(=O)c21,QWJYOLGDDWGWEX-WOSRLPQWSA-N
28039514,CHEMBL5735476,B,Cn1c(N)nc2ncn(Cc3nc([C@H]4[C@@H]5C=C(c6ccccc6)C[C@@H]54)no3)c(=O)c21,,CHEMBL5727829,2020,CHEMBL5778028,7.48,=,=,IC50,nM,33.3,IC50,nM,33.3,Cn1c(N)nc2ncn(Cc3nc([C@H]4[C@@H]5C=C(c6ccccc6)C[C@@H]54)no3)c(=O)c21,AHJAJTHWNBFJBF-YCPHGPKFSA-N
28039517,CHEMBL5735477,B,Cn1c(N)nc2ncn(Cc3nc([C@H]4[C@@H]5C=C(c6ccccc6)C[C@@H]54)no3)c(=O)c21,,CHEMBL5727829,2020,CHEMBL5778028,8.42,=,=,IC50,nM,3.8,IC50,nM,3.8,Cn1c(N)nc2ncn(Cc3nc([C@H]4[C@@H]5C=C(c6ccccc6)C[C@@H]54)no3)c(=O)c21,AHJAJTHWNBFJBF-YCPHGPKFSA-N
28039520,CHEMBL5735476,B,Cn1cnc2ncn(Cc3nc([C@H]4[C@@H]5C=C(c6ccc(C#N)cc6)C[C@@H]54)no3)c(=O)c21,,CHEMBL5727829,2020,CHEMBL6034788,7.66,=,=,IC50,nM,21.7,IC50,nM,21.7,Cn1cnc2ncn(Cc3nc([C@H]4[C@@H]5C=C(c6ccc(C#N)cc6)C[C@@H]54)no3)c(=O)c21,CQGSBWGNKKNJCP-RYRKJORJSA-N
28039523,CHEMBL5735477,B,Cn1cnc2ncn(Cc3nc([C@H]4[C@@H]5C=C(c6ccc(C#N)cc6)C[C@@H]54)no3)c(=O)c21,,CHEMBL5727829,2020,CHEMBL6034788,8.18,=,=,IC50,nM,6.6,IC50,nM,6.6,Cn1cnc2ncn(Cc3nc([C@H]4[C@@H]5C=C(c6ccc(C#N)cc6)C[C@@H]54)no3)c(=O)c21,CQGSBWGNKKNJCP-RYRKJORJSA-N
28039526,CHEMBL5735476,B,Cn1cnc2ncn(Cc3nc([C@H]4C[C@H](Cc5cccc(Cl)c5)C4)no3)c(=O)c21,,CHEMBL5727829,2020,CHEMBL5845287,7.78,=,=,IC50,nM,16.6,IC50,nM,16.6,Cn1cnc2ncn(Cc3nc([C@H]4C[C@H](Cc5cccc(Cl)c5)C4)no3)c(=O)c21,UIRWKLHAJGYDII-HDJSIYSDSA-N
28039529,CHEMBL5735477,B,Cn1cnc2ncn(Cc3nc([C@H]4C[C@H](Cc5cccc(Cl)c5)C4)no3)c(=O)c21,,CHEMBL5727829,2020,CHEMBL5845287,7.72,=,=,IC50,nM,19.0,IC50,nM,19.0,Cn1cnc2ncn(Cc3nc([C@H]4C[C@H](Cc5cccc(Cl)c5)C4)no3)c(=O)c21,UIRWKLHAJGYDII-HDJSIYSDSA-N
28039532,CHEMBL5735476,B,Cn1cnc2ncn(Cc3nc([C@H]4[C@@H]5CN(c6cc(F)c(C#N)c(F)c6)C[C@@H]54)no3)c(=O)c21,,CHEMBL5727829,2020,CHEMBL5995388,7.11,=,=,IC50,nM,78.2,IC50,nM,78.2,Cn1cnc2ncn(Cc3nc([C@H]4[C@@H]5CN(c6cc(F)c(C#N)c(F)c6)C[C@@H]54)no3)c(=O)c21,NGORHOBBMAHQFE-LAQFHYBYSA-N
28039535,CHEMBL5735477,B,Cn1cnc2ncn(Cc3nc([C@H]4[C@@H]5CN(c6cc(F)c(C#N)c(F)c6)C[C@@H]54)no3)c(=O)c21,,CHEMBL5727829,2020,CHEMBL5995388,7.75,=,=,IC50,nM,18.0,IC50,nM,18.0,Cn1cnc2ncn(Cc3nc([C@H]4[C@@H]5CN(c6cc(F)c(C#N)c(F)c6)C[C@@H]54)no3)c(=O)c21,NGORHOBBMAHQFE-LAQFHYBYSA-N
28039538,CHEMBL5735476,B,Cn1cnc2nnn(Cc3nc([C@H]4[C@@H]5C=C(c6ccccc6)C[C@@H]54)no3)c(=O)c21,,CHEMBL5727829,2020,CHEMBL5940557,7.6,=,=,IC50,nM,25.1,IC50,nM,25.1,Cn1cnc2nnn(Cc3nc([C@H]4[C@@H]5C=C(c6ccccc6)C[C@@H]54)no3)c(=O)c21,LFJLLZGVJMOKAN-YCPHGPKFSA-N
28039541,CHEMBL5735477,B,Cn1cnc2nnn(Cc3nc([C@H]4[C@@H]5C=C(c6ccccc6)C[C@@H]54)no3)c(=O)c21,,CHEMBL5727829,2020,CHEMBL5940557,7.8,=,=,IC50,nM,16.0,IC50,nM,16.0,Cn1cnc2nnn(Cc3nc([C@H]4[C@@H]5C=C(c6ccccc6)C[C@@H]54)no3)c(=O)c21,LFJLLZGVJMOKAN-YCPHGPKFSA-N
28039544,CHEMBL5735476,B,COCCNc1nc2ncn(Cc3nc([C@@H]4[C@H]5C=C(c6ccccc6)C[C@H]54)no3)c(=O)c2n1C,,CHEMBL5727829,2020,CHEMBL5915480,7.37,=,=,IC50,nM,42.6,IC50,nM,42.6,COCCNc1nc2ncn(Cc3nc([C@@H]4[C@H]5C=C(c6ccccc6)C[C@H]54)no3)c(=O)c2n1C,OMTUXAGTVRSGHC-YQVWRLOYSA-N
28039547,CHEMBL5735477,B,COCCNc1nc2ncn(Cc3nc([C@@H]4[C@H]5C=C(c6ccccc6)C[C@H]54)no3)c(=O)c2n1C,,CHEMBL5727829,2020,CHEMBL5915480,7.46,=,=,IC50,nM,35.0,IC50,nM,35.0,COCCNc1nc2ncn(Cc3nc([C@@H]4[C@H]5C=C(c6ccccc6)C[C@H]54)no3)c(=O)c2n1C,OMTUXAGTVRSGHC-YQVWRLOYSA-N
28039550,CHEMBL5735476,B,Nc1ccc2c(=O)n(Cc3nc([C@H]4[C@@H]5CN(c6cccc(F)c6)C[C@@H]54)no3)cnc2n1,,CHEMBL5727829,2020,CHEMBL5907292,8.01,=,=,IC50,nM,9.73,IC50,nM,9.73,Nc1ccc2c(=O)n(Cc3nc([C@H]4[C@@H]5CN(c6cccc(F)c6)C[C@@H]54)no3)cnc2n1,AIXGIOZVDSOSEU-HWWDLCQESA-N
28039553,CHEMBL5735477,B,Nc1ccc2c(=O)n(Cc3nc([C@H]4[C@@H]5CN(c6cccc(F)c6)C[C@@H]54)no3)cnc2n1,,CHEMBL5727829,2020,CHEMBL5907292,8.37,=,=,IC50,nM,4.3,IC50,nM,4.3,Nc1ccc2c(=O)n(Cc3nc([C@H]4[C@@H]5CN(c6cccc(F)c6)C[C@@H]54)no3)cnc2n1,AIXGIOZVDSOSEU-HWWDLCQESA-N
28039556,CHEMBL5735476,B,CNc1nc2ncn(Cc3nc([C@@H]4[C@H]5C=C(c6ccccc6)C[C@H]54)no3)c(=O)c2n1C,,CHEMBL5727829,2020,CHEMBL5803062,7.47,=,=,IC50,nM,33.5,IC50,nM,33.5,CNc1nc2ncn(Cc3nc([C@@H]4[C@H]5C=C(c6ccccc6)C[C@H]54)no3)c(=O)c2n1C,HGJWNQHCAHMKIG-ZMSDIMECSA-N
28039559,CHEMBL5735477,B,CNc1nc2ncn(Cc3nc([C@@H]4[C@H]5C=C(c6ccccc6)C[C@H]54)no3)c(=O)c2n1C,,CHEMBL5727829,2020,CHEMBL5803062,7.85,=,=,IC50,nM,14.0,IC50,nM,14.0,CNc1nc2ncn(Cc3nc([C@@H]4[C@H]5C=C(c6ccccc6)C[C@H]54)no3)c(=O)c2n1C,HGJWNQHCAHMKIG-ZMSDIMECSA-N
28039562,CHEMBL5735476,B,Cn1c(Cl)nc2ncn(Cc3nc([C@@H]4[C@H]5C=C(c6ccccc6)C[C@H]54)no3)c(=O)c21,,CHEMBL5727829,2020,CHEMBL5888814,7.8,=,=,IC50,nM,15.8,IC50,nM,15.8,Cn1c(Cl)nc2ncn(Cc3nc([C@@H]4[C@H]5C=C(c6ccccc6)C[C@H]54)no3)c(=O)c21,LGMMPJBTYVKDBK-SQWLQELKSA-N
28039565,CHEMBL5735477,B,Cn1c(Cl)nc2ncn(Cc3nc([C@@H]4[C@H]5C=C(c6ccccc6)C[C@H]54)no3)c(=O)c21,,CHEMBL5727829,2020,CHEMBL5888814,8.19,=,=,IC50,nM,6.5,IC50,nM,6.5,Cn1c(Cl)nc2ncn(Cc3nc([C@@H]4[C@H]5C=C(c6ccccc6)C[C@H]54)no3)c(=O)c21,LGMMPJBTYVKDBK-SQWLQELKSA-N
28039568,CHEMBL5735476,B,Cn1cnc2ncn(Cc3nc([C@@H]4[C@H]5C=C(c6ccc7c(cnn7C)c6)C[C@H]54)no3)c(=O)c21,,CHEMBL5727829,2020,CHEMBL5909466,7.54,=,=,IC50,nM,29.0,IC50,nM,29.0,Cn1cnc2ncn(Cc3nc([C@@H]4[C@H]5C=C(c6ccc7c(cnn7C)c6)C[C@H]54)no3)c(=O)c21,CAURCPOFUZVLHO-FRQCXROJSA-N
28039571,CHEMBL5735477,B,Cn1cnc2ncn(Cc3nc([C@@H]4[C@H]5C=C(c6ccc7c(cnn7C)c6)C[C@H]54)no3)c(=O)c21,,CHEMBL5727829,2020,CHEMBL5909466,7.85,=,=,IC50,nM,14.0,IC50,nM,14.0,Cn1cnc2ncn(Cc3nc([C@@H]4[C@H]5C=C(c6ccc7c(cnn7C)c6)C[C@H]54)no3)c(=O)c21,CAURCPOFUZVLHO-FRQCXROJSA-N
28039574,CHEMBL5735476,B,Cn1c(=O)ccc2ncn(Cc3nc([C@@H]4[C@H]5C=C(c6ccccc6)C[C@H]54)no3)c(=O)c21,,CHEMBL5727829,2020,CHEMBL5844475,7.79,=,=,IC50,nM,16.1,IC50,nM,16.1,Cn1c(=O)ccc2ncn(Cc3nc([C@@H]4[C@H]5C=C(c6ccccc6)C[C@H]54)no3)c(=O)c21,OUOJOESQQFDWPE-RZQQEMMASA-N
28039577,CHEMBL5735477,B,Cn1c(=O)ccc2ncn(Cc3nc([C@@H]4[C@H]5C=C(c6ccccc6)C[C@H]54)no3)c(=O)c21,,CHEMBL5727829,2020,CHEMBL5844475,7.92,=,=,IC50,nM,12.0,IC50,nM,12.0,Cn1c(=O)ccc2ncn(Cc3nc([C@@H]4[C@H]5C=C(c6ccccc6)C[C@H]54)no3)c(=O)c21,OUOJOESQQFDWPE-RZQQEMMASA-N
28039580,CHEMBL5735476,B,N#Cc1ccc2c(=O)n(Cc3nc([C@@H]4[C@H]5C=C(c6ccccc6)C[C@H]54)no3)cnc2n1,,CHEMBL5727829,2020,CHEMBL5753774,7.26,=,=,IC50,nM,54.6,IC50,nM,54.6,N#Cc1ccc2c(=O)n(Cc3nc([C@@H]4[C@H]5C=C(c6ccccc6)C[C@H]54)no3)cnc2n1,SXJJZCCFGGSOJB-NLWGTHIKSA-N
28039583,CHEMBL5735477,B,N#Cc1ccc2c(=O)n(Cc3nc([C@@H]4[C@H]5C=C(c6ccccc6)C[C@H]54)no3)cnc2n1,,CHEMBL5727829,2020,CHEMBL5753774,7.41,=,=,IC50,nM,39.0,IC50,nM,39.0,N#Cc1ccc2c(=O)n(Cc3nc([C@@H]4[C@H]5C=C(c6ccccc6)C[C@H]54)no3)cnc2n1,SXJJZCCFGGSOJB-NLWGTHIKSA-N
28039586,CHEMBL5735476,B,Cn1cnc2ncn(Cc3nc([C@@H]4[C@H]5C=C(c6ccc7oncc7c6)C[C@H]54)no3)c(=O)c21,,CHEMBL5727829,2020,CHEMBL5973150,7.86,=,=,IC50,nM,13.9,IC50,nM,13.9,Cn1cnc2ncn(Cc3nc([C@@H]4[C@H]5C=C(c6ccc7oncc7c6)C[C@H]54)no3)c(=O)c21,NOOQUZUAODSSGX-HDMKZQKVSA-N
28039589,CHEMBL5735477,B,Cn1cnc2ncn(Cc3nc([C@@H]4[C@H]5C=C(c6ccc7oncc7c6)C[C@H]54)no3)c(=O)c21,,CHEMBL5727829,2020,CHEMBL5973150,8.36,=,=,IC50,nM,4.4,IC50,nM,4.4,Cn1cnc2ncn(Cc3nc([C@@H]4[C@H]5C=C(c6ccc7oncc7c6)C[C@H]54)no3)c(=O)c21,NOOQUZUAODSSGX-HDMKZQKVSA-N
28039592,CHEMBL5735476,B,Cn1cnc2ncn(Cc3nc([C@H]4[C@@H]5C=C(c6ccc7[nH]ncc7c6)C[C@@H]54)no3)c(=O)c21,,CHEMBL5727829,2020,CHEMBL6054159,7.7,=,=,IC50,nM,20.0,IC50,nM,20.0,Cn1cnc2ncn(Cc3nc([C@H]4[C@@H]5C=C(c6ccc7[nH]ncc7c6)C[C@@H]54)no3)c(=O)c21,LVGJWOUPWIVHGT-VKJFTORMSA-N
28039595,CHEMBL5735477,B,Cn1cnc2ncn(Cc3nc([C@H]4[C@@H]5C=C(c6ccc7[nH]ncc7c6)C[C@@H]54)no3)c(=O)c21,,CHEMBL5727829,2020,CHEMBL6054159,7.92,=,=,IC50,nM,12.0,IC50,nM,12.0,Cn1cnc2ncn(Cc3nc([C@H]4[C@@H]5C=C(c6ccc7[nH]ncc7c6)C[C@@H]54)no3)c(=O)c21,LVGJWOUPWIVHGT-VKJFTORMSA-N
28039598,CHEMBL5735476,B,Cn1cnc2ncn(Cc3nc([C@H]4[C@@H]5C=C(c6ccc(F)cc6F)C[C@@H]54)no3)c(=O)c21,,CHEMBL5727829,2020,CHEMBL6065256,8.16,=,=,IC50,nM,6.96,IC50,nM,6.96,Cn1cnc2ncn(Cc3nc([C@H]4[C@@H]5C=C(c6ccc(F)cc6F)C[C@@H]54)no3)c(=O)c21,HQOTZKAHXGIKLR-KEYYUXOJSA-N
28039601,CHEMBL5735477,B,Cn1cnc2ncn(Cc3nc([C@H]4[C@@H]5C=C(c6ccc(F)cc6F)C[C@@H]54)no3)c(=O)c21,,CHEMBL5727829,2020,CHEMBL6065256,8.34,=,=,IC50,nM,4.6,IC50,nM,4.6,Cn1cnc2ncn(Cc3nc([C@H]4[C@@H]5C=C(c6ccc(F)cc6F)C[C@@H]54)no3)c(=O)c21,HQOTZKAHXGIKLR-KEYYUXOJSA-N
28039604,CHEMBL5735476,B,Cn1cnc2ncn(Cc3nc([C@H]4[C@@H]5C=C(c6cc(F)cc(F)c6)C[C@@H]54)no3)c(=O)c21,,CHEMBL5727829,2020,CHEMBL5969388,7.89,=,=,IC50,nM,13.0,IC50,nM,13.0,Cn1cnc2ncn(Cc3nc([C@H]4[C@@H]5C=C(c6cc(F)cc(F)c6)C[C@@H]54)no3)c(=O)c21,XJDHXLWQTXVSFO-VYDXJSESSA-N
28039607,CHEMBL5735477,B,Cn1cnc2ncn(Cc3nc([C@H]4[C@@H]5C=C(c6cc(F)cc(F)c6)C[C@@H]54)no3)c(=O)c21,,CHEMBL5727829,2020,CHEMBL5969388,8.62,=,=,IC50,nM,2.4,IC50,nM,2.4,Cn1cnc2ncn(Cc3nc([C@H]4[C@@H]5C=C(c6cc(F)cc(F)c6)C[C@@H]54)no3)c(=O)c21,XJDHXLWQTXVSFO-VYDXJSESSA-N
28039610,CHEMBL5735476,B,Cn1cnc2ncn(Cc3nc([C@H]4[C@@H]5CN(c6cc(F)c(Cl)c(F)c6)C[C@@H]54)no3)c(=O)c21,,CHEMBL5727829,2020,CHEMBL5908767,7.46,=,=,IC50,nM,34.7,IC50,nM,34.7,Cn1cnc2ncn(Cc3nc([C@H]4[C@@H]5CN(c6cc(F)c(Cl)c(F)c6)C[C@@H]54)no3)c(=O)c21,ZFDRQUMFPQAQNX-HBYGRHMLSA-N
28039613,CHEMBL5735477,B,Cn1cnc2ncn(Cc3nc([C@H]4[C@@H]5CN(c6cc(F)c(Cl)c(F)c6)C[C@@H]54)no3)c(=O)c21,,CHEMBL5727829,2020,CHEMBL5908767,7.96,=,=,IC50,nM,11.0,IC50,nM,11.0,Cn1cnc2ncn(Cc3nc([C@H]4[C@@H]5CN(c6cc(F)c(Cl)c(F)c6)C[C@@H]54)no3)c(=O)c21,ZFDRQUMFPQAQNX-HBYGRHMLSA-N
28039616,CHEMBL5735476,B,O=c1c2ccc(Cl)nc2ncn1Cc1nc([C@H]2[C@@H]3CN(c4cccc(F)c4)C[C@@H]32)no1,,CHEMBL5727829,2020,CHEMBL5961563,7.23,=,=,IC50,nM,58.3,IC50,nM,58.3,O=c1c2ccc(Cl)nc2ncn1Cc1nc([C@H]2[C@@H]3CN(c4cccc(F)c4)C[C@@H]32)no1,HTAGBOVZPLQUDC-HWWDLCQESA-N
28039619,CHEMBL5735477,B,O=c1c2ccc(Cl)nc2ncn1Cc1nc([C@H]2[C@@H]3CN(c4cccc(F)c4)C[C@@H]32)no1,,CHEMBL5727829,2020,CHEMBL5961563,7.46,=,=,IC50,nM,35.0,IC50,nM,35.0,O=c1c2ccc(Cl)nc2ncn1Cc1nc([C@H]2[C@@H]3CN(c4cccc(F)c4)C[C@@H]32)no1,HTAGBOVZPLQUDC-HWWDLCQESA-N
28039622,CHEMBL5735476,B,Cn1cnc2ncn(Cc3nc([C@H]4[C@@H]5C=C(c6cc(F)c(F)c(F)c6)C[C@@H]54)no3)c(=O)c21,,CHEMBL5727829,2020,CHEMBL5786064,7.83,=,=,IC50,nM,14.9,IC50,nM,14.9,Cn1cnc2ncn(Cc3nc([C@H]4[C@@H]5C=C(c6cc(F)c(F)c(F)c6)C[C@@H]54)no3)c(=O)c21,COUSNIYNXWRIMA-WQGACYEGSA-N
28039625,CHEMBL5735477,B,Cn1cnc2ncn(Cc3nc([C@H]4[C@@H]5C=C(c6cc(F)c(F)c(F)c6)C[C@@H]54)no3)c(=O)c21,,CHEMBL5727829,2020,CHEMBL5786064,8.7,=,=,IC50,nM,2.0,IC50,nM,2.0,Cn1cnc2ncn(Cc3nc([C@H]4[C@@H]5C=C(c6cc(F)c(F)c(F)c6)C[C@@H]54)no3)c(=O)c21,COUSNIYNXWRIMA-WQGACYEGSA-N
28039628,CHEMBL5735476,B,Cn1cnc2ncn(Cc3nc([C@@H]4[C@H]5C=C(c6ccc(F)c(F)c6F)C[C@H]54)no3)c(=O)c21,,CHEMBL5727829,2020,CHEMBL5774642,7.72,=,=,IC50,nM,19.1,IC50,nM,19.1,Cn1cnc2ncn(Cc3nc([C@@H]4[C@H]5C=C(c6ccc(F)c(F)c6F)C[C@H]54)no3)c(=O)c21,LDLLVRCAPFWYTL-YWPYICTPSA-N
28039631,CHEMBL5735477,B,Cn1cnc2ncn(Cc3nc([C@@H]4[C@H]5C=C(c6ccc(F)c(F)c6F)C[C@H]54)no3)c(=O)c21,,CHEMBL5727829,2020,CHEMBL5774642,8.2,=,=,IC50,nM,6.3,IC50,nM,6.3,Cn1cnc2ncn(Cc3nc([C@@H]4[C@H]5C=C(c6ccc(F)c(F)c6F)C[C@H]54)no3)c(=O)c21,LDLLVRCAPFWYTL-YWPYICTPSA-N
28039634,CHEMBL5735476,B,O=c1c2cccc(=O)n2ccn1Cc1nc([C@@H]2[C@H]3C=C(c4ccccc4)C[C@H]32)no1,,CHEMBL5727829,2020,CHEMBL5821169,7.92,=,=,IC50,nM,11.9,IC50,nM,11.9,O=c1c2cccc(=O)n2ccn1Cc1nc([C@@H]2[C@H]3C=C(c4ccccc4)C[C@H]32)no1,IORSMGCJYPRZSZ-CSODHUTKSA-N
28039637,CHEMBL5735477,B,O=c1c2cccc(=O)n2ccn1Cc1nc([C@@H]2[C@H]3C=C(c4ccccc4)C[C@H]32)no1,,CHEMBL5727829,2020,CHEMBL5821169,8.19,=,=,IC50,nM,6.5,IC50,nM,6.5,O=c1c2cccc(=O)n2ccn1Cc1nc([C@@H]2[C@H]3C=C(c4ccccc4)C[C@H]32)no1,IORSMGCJYPRZSZ-CSODHUTKSA-N
28039640,CHEMBL5735476,B,Cn1cnc2ncn(Cc3nc([C@H]4[C@@H]5CN(c6ccc(Cl)cc6F)C[C@@H]54)no3)c(=O)c21,,CHEMBL5727829,2020,CHEMBL5761362,7.82,=,=,IC50,nM,15.0,IC50,nM,15.0,Cn1cnc2ncn(Cc3nc([C@H]4[C@@H]5CN(c6ccc(Cl)cc6F)C[C@@H]54)no3)c(=O)c21,GKDOVEFNAJGSJG-ATCWAGBWSA-N
28039643,CHEMBL5735477,B,Cn1cnc2ncn(Cc3nc([C@H]4[C@@H]5CN(c6ccc(Cl)cc6F)C[C@@H]54)no3)c(=O)c21,,CHEMBL5727829,2020,CHEMBL5761362,8.13,=,=,IC50,nM,7.4,IC50,nM,7.4,Cn1cnc2ncn(Cc3nc([C@H]4[C@@H]5CN(c6ccc(Cl)cc6F)C[C@@H]54)no3)c(=O)c21,GKDOVEFNAJGSJG-ATCWAGBWSA-N
28039646,CHEMBL5735476,B,Cn1cnc2ncn(Cc3nc([C@@H]4[C@H]5C=C(c6cnco6)C[C@H]54)no3)c(=O)c21,,CHEMBL5727829,2020,CHEMBL5909172,7.78,=,=,IC50,nM,16.8,IC50,nM,16.8,Cn1cnc2ncn(Cc3nc([C@@H]4[C@H]5C=C(c6cnco6)C[C@H]54)no3)c(=O)c21,WLIICQUGYWLQHL-MISXGVKJSA-N
28039649,CHEMBL5735477,B,Cn1cnc2ncn(Cc3nc([C@@H]4[C@H]5C=C(c6cnco6)C[C@H]54)no3)c(=O)c21,,CHEMBL5727829,2020,CHEMBL5909172,7.96,=,=,IC50,nM,11.0,IC50,nM,11.0,Cn1cnc2ncn(Cc3nc([C@@H]4[C@H]5C=C(c6cnco6)C[C@H]54)no3)c(=O)c21,WLIICQUGYWLQHL-MISXGVKJSA-N
28039652,CHEMBL5735476,B,Cn1cnc2ncn(Cc3nc([C@H]4[C@@H]5C=C(c6ccc7ncsc7c6)C[C@@H]54)no3)c(=O)c21,,CHEMBL5727829,2020,CHEMBL6010659,7.8,=,=,IC50,nM,15.8,IC50,nM,15.8,Cn1cnc2ncn(Cc3nc([C@H]4[C@@H]5C=C(c6ccc7ncsc7c6)C[C@@H]54)no3)c(=O)c21,AGPQIQSLJAQASS-GLJUWKHASA-N
28039655,CHEMBL5735477,B,Cn1cnc2ncn(Cc3nc([C@H]4[C@@H]5C=C(c6ccc7ncsc7c6)C[C@@H]54)no3)c(=O)c21,,CHEMBL5727829,2020,CHEMBL6010659,8.51,=,=,IC50,nM,3.1,IC50,nM,3.1,Cn1cnc2ncn(Cc3nc([C@H]4[C@@H]5C=C(c6ccc7ncsc7c6)C[C@@H]54)no3)c(=O)c21,AGPQIQSLJAQASS-GLJUWKHASA-N
28039658,CHEMBL5735476,B,O=c1c2cccnc2cnn1Cc1nc([C@H]2[C@@H]3CN(c4ccc5ncsc5c4)C[C@@H]32)no1,,CHEMBL5727829,2020,CHEMBL5826297,7.95,=,=,IC50,nM,11.2,IC50,nM,11.2,O=c1c2cccnc2cnn1Cc1nc([C@H]2[C@@H]3CN(c4ccc5ncsc5c4)C[C@@H]32)no1,PIERVTPSZKKBMN-QVDMIQRCSA-N
28039661,CHEMBL5735477,B,O=c1c2cccnc2cnn1Cc1nc([C@H]2[C@@H]3CN(c4ccc5ncsc5c4)C[C@@H]32)no1,,CHEMBL5727829,2020,CHEMBL5826297,8.25,=,=,IC50,nM,5.6,IC50,nM,5.6,O=c1c2cccnc2cnn1Cc1nc([C@H]2[C@@H]3CN(c4ccc5ncsc5c4)C[C@@H]32)no1,PIERVTPSZKKBMN-QVDMIQRCSA-N
28039664,CHEMBL5735476,B,Cn1cnc2ncn(Cc3nc([C@@H]4[C@H]5C=C(c6cccc(-c7cnco7)c6)C[C@H]54)no3)c(=O)c21,,CHEMBL5727829,2020,CHEMBL5791429,7.34,=,=,IC50,nM,46.1,IC50,nM,46.1,Cn1cnc2ncn(Cc3nc([C@@H]4[C@H]5C=C(c6cccc(-c7cnco7)c6)C[C@H]54)no3)c(=O)c21,KVHIQQZLYJNLIF-SQGPQFPESA-N
28039667,CHEMBL5735477,B,Cn1cnc2ncn(Cc3nc([C@@H]4[C@H]5C=C(c6cccc(-c7cnco7)c6)C[C@H]54)no3)c(=O)c21,,CHEMBL5727829,2020,CHEMBL5791429,7.4,=,=,IC50,nM,40.0,IC50,nM,40.0,Cn1cnc2ncn(Cc3nc([C@@H]4[C@H]5C=C(c6cccc(-c7cnco7)c6)C[C@H]54)no3)c(=O)c21,KVHIQQZLYJNLIF-SQGPQFPESA-N
28039670,CHEMBL5735476,B,Cn1cnc2ncn(Cc3nc([C@@H]4[C@H]5C=C(c6ccc(C(F)F)cc6)C[C@H]54)no3)c(=O)c21,,CHEMBL5727829,2020,CHEMBL5740471,7.17,=,=,IC50,nM,67.9,IC50,nM,67.9,Cn1cnc2ncn(Cc3nc([C@@H]4[C@H]5C=C(c6ccc(C(F)F)cc6)C[C@H]54)no3)c(=O)c21,TYQOZUXGSCBNIH-ZMSDIMECSA-N
28039673,CHEMBL5735477,B,Cn1cnc2ncn(Cc3nc([C@@H]4[C@H]5C=C(c6ccc(C(F)F)cc6)C[C@H]54)no3)c(=O)c21,,CHEMBL5727829,2020,CHEMBL5740471,7.46,=,=,IC50,nM,35.0,IC50,nM,35.0,Cn1cnc2ncn(Cc3nc([C@@H]4[C@H]5C=C(c6ccc(C(F)F)cc6)C[C@H]54)no3)c(=O)c21,TYQOZUXGSCBNIH-ZMSDIMECSA-N
28039676,CHEMBL5735476,B,Cn1cnc2ncn(Cc3nc([C@@H]4[C@H]5C=C(c6cccc(F)c6F)C[C@H]54)no3)c(=O)c21,,CHEMBL5727829,2020,CHEMBL5899415,7.77,=,=,IC50,nM,16.9,IC50,nM,16.9,Cn1cnc2ncn(Cc3nc([C@@H]4[C@H]5C=C(c6cccc(F)c6F)C[C@H]54)no3)c(=O)c21,QWJYOLGDDWGWEX-WOSRLPQWSA-N
28039679,CHEMBL5735477,B,Cn1cnc2ncn(Cc3nc([C@@H]4[C@H]5C=C(c6cccc(F)c6F)C[C@H]54)no3)c(=O)c21,,CHEMBL5727829,2020,CHEMBL5899415,8.51,=,=,IC50,nM,3.1,IC50,nM,3.1,Cn1cnc2ncn(Cc3nc([C@@H]4[C@H]5C=C(c6cccc(F)c6F)C[C@H]54)no3)c(=O)c21,QWJYOLGDDWGWEX-WOSRLPQWSA-N
28039682,CHEMBL5735476,B,Cn1cnc2ncn(Cc3nc([C@@H]4[C@H]5C=C(c6ccc(C#N)c(F)c6)C[C@H]54)no3)c(=O)c21,,CHEMBL5727829,2020,CHEMBL5783225,7.71,=,=,IC50,nM,19.6,IC50,nM,19.6,Cn1cnc2ncn(Cc3nc([C@@H]4[C@H]5C=C(c6ccc(C#N)c(F)c6)C[C@H]54)no3)c(=O)c21,VAMUXLNWFXEYKM-HDMKZQKVSA-N
28039685,CHEMBL5735477,B,Cn1cnc2ncn(Cc3nc([C@@H]4[C@H]5C=C(c6ccc(C#N)c(F)c6)C[C@H]54)no3)c(=O)c21,,CHEMBL5727829,2020,CHEMBL5783225,8.28,=,=,IC50,nM,5.3,IC50,nM,5.3,Cn1cnc2ncn(Cc3nc([C@@H]4[C@H]5C=C(c6ccc(C#N)c(F)c6)C[C@H]54)no3)c(=O)c21,VAMUXLNWFXEYKM-HDMKZQKVSA-N
28107755,CHEMBL5735742,B,O=C(NCc1cn(-c2ccc(C(F)(F)F)cc2)nc1C(F)F)[C@@H]1CC[C@@H]1S(=O)(=O)c1ccc(F)cc1,,CHEMBL5727953,2020,CHEMBL5883435,7.46,=,=,IC50,nM,34.6,IC50,nM,34.6,O=C(NCc1cn(-c2ccc(C(F)(F)F)cc2)nc1C(F)F)[C@@H]1CC[C@@H]1S(=O)(=O)c1ccc(F)cc1,AXVJKWISWYSMEO-MOPGFXCFSA-N
28107758,CHEMBL5735742,B,O=C(Cc1cn(-c2cnc(C(F)(F)F)nc2)nc1C(F)(F)F)N[C@@H]1CC[C@@H]1[S+]([O-])c1ccc(F)cc1,,CHEMBL5727953,2020,CHEMBL5953393,6.3,=,=,IC50,nM,500.0,IC50,nM,500.0,O=C(Cc1cn(-c2cnc(C(F)(F)F)nc2)nc1C(F)(F)F)N[C@@H]1CC[C@@H]1[S+]([O-])c1ccc(F)cc1,ZYJXKCVDCJYPHV-FCRSSCQMSA-N
28107761,CHEMBL5735742,B,O=C(Cc1cn(-c2cnc(C(F)(F)F)nc2)nc1C(F)(F)F)N[C@@H]1CC[C@@H]1S(=O)(=O)c1ccc(F)cc1,,CHEMBL5727953,2020,CHEMBL5742797,8.1,=,=,IC50,nM,7.88,IC50,nM,7.88,O=C(Cc1cn(-c2cnc(C(F)(F)F)nc2)nc1C(F)(F)F)N[C@@H]1CC[C@@H]1S(=O)(=O)c1ccc(F)cc1,HDWOPDWWFVTQFQ-CVEARBPZSA-N
28107764,CHEMBL5735742,B,O=C(NCc1cn(-c2ccc(C(F)(F)F)nc2)nc1C(F)(F)F)[C@@H]1CCC[C@@H]1S(=O)(=O)c1ccc(F)cc1,,CHEMBL5727953,2020,CHEMBL5866810,7.66,=,=,IC50,nM,21.8,IC50,nM,21.8,O=C(NCc1cn(-c2ccc(C(F)(F)F)nc2)nc1C(F)(F)F)[C@@H]1CCC[C@@H]1S(=O)(=O)c1ccc(F)cc1,KCBYJLXRAIWJKQ-MSOLQXFVSA-N
28107767,CHEMBL5735742,B,CC1(C(=O)NCc2cn(-c3ccc(C(F)(F)F)cc3)nc2Cl)CCCC1S(=O)(=O)c1ccc(F)cc1,,CHEMBL5727953,2020,CHEMBL5747523,8.06,=,=,IC50,nM,8.79,IC50,nM,8.79,CC1(C(=O)NCc2cn(-c3ccc(C(F)(F)F)cc3)nc2Cl)CCCC1S(=O)(=O)c1ccc(F)cc1,SSFBTXCTOUIVNI-UHFFFAOYSA-N
28107770,CHEMBL5735742,B,O=C(Cc1cn(-c2cnc(C(F)(F)F)nc2)nc1C1CC1)N[C@@H]1CC[C@@H]1S(=O)(=O)c1ccc(F)cc1,,CHEMBL5727953,2020,CHEMBL5847488,7.33,=,=,IC50,nM,46.9,IC50,nM,46.9,O=C(Cc1cn(-c2cnc(C(F)(F)F)nc2)nc1C1CC1)N[C@@H]1CC[C@@H]1S(=O)(=O)c1ccc(F)cc1,KHKAWXWOIAMQMU-MOPGFXCFSA-N
28107773,CHEMBL5735742,B,O=C(Cc1cn(-c2cnc(C(F)(F)F)nc2)nc1Cl)N[C@@H]1CC[C@@H]1S(=O)(=O)c1ccc(F)cc1,,CHEMBL5727953,2020,CHEMBL5905667,7.39,=,=,IC50,nM,40.3,IC50,nM,40.3,O=C(Cc1cn(-c2cnc(C(F)(F)F)nc2)nc1Cl)N[C@@H]1CC[C@@H]1S(=O)(=O)c1ccc(F)cc1,VSTBRXGRZBGLGG-CVEARBPZSA-N
28107776,CHEMBL5735742,B,COc1nn(-c2cnc(C(F)(F)F)nc2)cc1CC(=O)N[C@@H]1CC[C@@H]1S(=O)(=O)c1ccc(F)cc1,,CHEMBL5727953,2020,CHEMBL5860851,6.61,=,=,IC50,nM,246.0,IC50,nM,246.0,COc1nn(-c2cnc(C(F)(F)F)nc2)cc1CC(=O)N[C@@H]1CC[C@@H]1S(=O)(=O)c1ccc(F)cc1,IUPRZQNBHFNEGC-SJORKVTESA-N
28107779,CHEMBL5735742,B,O=C(Cc1cn(-c2cnc(C(F)(F)F)nc2)nc1C(F)F)N[C@@H]1CC[C@@H]1S(=O)(=O)c1ccc(F)cc1,,CHEMBL5727953,2020,CHEMBL5772246,7.45,=,=,IC50,nM,35.2,IC50,nM,35.2,O=C(Cc1cn(-c2cnc(C(F)(F)F)nc2)nc1C(F)F)N[C@@H]1CC[C@@H]1S(=O)(=O)c1ccc(F)cc1,VTRQWSXLXNAIDP-CVEARBPZSA-N
28107782,CHEMBL5735742,B,COc1nn(-c2ccc(C(F)F)cc2)cc1CC(=O)N[C@@H]1CC[C@@H]1S(=O)(=O)c1ccc(F)cc1,,CHEMBL5727953,2020,CHEMBL5949672,7.36,=,=,IC50,nM,43.6,IC50,nM,43.6,COc1nn(-c2ccc(C(F)F)cc2)cc1CC(=O)N[C@@H]1CC[C@@H]1S(=O)(=O)c1ccc(F)cc1,RYUCFDWWFHXUHD-UXHICEINSA-N
28107785,CHEMBL5735742,B,O=C(Cn1cc(-c2ccc(C(F)(F)F)cc2)cn1)N[C@@H]1CC[C@@H]1S(=O)(=O)c1ccc(F)cc1,,CHEMBL5727953,2020,CHEMBL5998282,6.7,=,=,IC50,nM,200.0,IC50,nM,200.0,O=C(Cn1cc(-c2ccc(C(F)(F)F)cc2)cn1)N[C@@H]1CC[C@@H]1S(=O)(=O)c1ccc(F)cc1,NCCUKKILHUYRJX-UXHICEINSA-N
28107788,CHEMBL5735742,B,COc1nn(-c2ccc(C(F)(F)F)nc2)cc1CC(=O)NC1CCC1S(=O)(=O)c1ccc(F)cc1,,CHEMBL5727953,2020,CHEMBL5833223,6.67,=,=,IC50,nM,213.0,IC50,nM,213.0,COc1nn(-c2ccc(C(F)(F)F)nc2)cc1CC(=O)NC1CCC1S(=O)(=O)c1ccc(F)cc1,MJYWLKTXRPVKEZ-UHFFFAOYSA-N
28107791,CHEMBL5735742,B,COc1nn(-c2ccc(C(F)(F)F)nc2)cc1CC(=O)N[C@@H]1CC[C@@H]1S(=O)(=O)c1ccc(F)cc1,,CHEMBL5727953,2020,CHEMBL5984897,7.73,=,=,IC50,nM,18.5,IC50,nM,18.5,COc1nn(-c2ccc(C(F)(F)F)nc2)cc1CC(=O)N[C@@H]1CC[C@@H]1S(=O)(=O)c1ccc(F)cc1,MJYWLKTXRPVKEZ-MSOLQXFVSA-N
28107794,CHEMBL5735742,B,COc1nn(-c2ccc(C(F)(F)F)cc2)cc1CC(=O)N[C@@H]1CC[C@@H]1S(=O)(=O)c1ccc(F)cc1,,CHEMBL5727953,2020,CHEMBL5753999,8.28,=,=,IC50,nM,5.2,IC50,nM,5.2,COc1nn(-c2ccc(C(F)(F)F)cc2)cc1CC(=O)N[C@@H]1CC[C@@H]1S(=O)(=O)c1ccc(F)cc1,WHMQPBBEQUUJIS-UXHICEINSA-N
28107797,CHEMBL5735742,B,O=C(NCc1cc(-c2ccc(C(F)(F)F)nc2)ncc1Cl)[C@@H]1CC[C@@H]1S(=O)(=O)c1ccc(F)cc1,,CHEMBL5727953,2020,CHEMBL6007194,6.85,=,=,IC50,nM,140.0,IC50,nM,140.0,O=C(NCc1cc(-c2ccc(C(F)(F)F)nc2)ncc1Cl)[C@@H]1CC[C@@H]1S(=O)(=O)c1ccc(F)cc1,HFOXGYXSDJIWDB-XLIONFOSSA-N
28107800,CHEMBL5735742,B,O=C(NCc1cn(-c2cnc(C(F)(F)F)nc2)nc1C(F)F)[C@@H]1CC[C@@H]1S(=O)(=O)c1ccc(F)cc1,,CHEMBL5727953,2020,CHEMBL5984284,6.79,=,=,IC50,nM,162.0,IC50,nM,162.0,O=C(NCc1cn(-c2cnc(C(F)(F)F)nc2)nc1C(F)F)[C@@H]1CC[C@@H]1S(=O)(=O)c1ccc(F)cc1,VIKBLYZHPHWKGJ-CVEARBPZSA-N
28107803,CHEMBL5735742,B,O=C(NCc1cn(-c2ccc(C(F)(F)F)cc2)nc1C(F)F)[C@@H]1CC[C@@H]1S(=O)(=O)c1ccc(F)cc1,,CHEMBL5727953,2020,CHEMBL5883435,7.62,=,=,IC50,nM,24.2,IC50,nM,24.2,O=C(NCc1cn(-c2ccc(C(F)(F)F)cc2)nc1C(F)F)[C@@H]1CC[C@@H]1S(=O)(=O)c1ccc(F)cc1,AXVJKWISWYSMEO-MOPGFXCFSA-N
28107806,CHEMBL5735742,B,O=C(NCc1cn(-c2ccc(C(F)(F)F)cc2)nc1C(F)F)C1CCC1S(=O)(=O)c1ccc(F)cc1,,CHEMBL5727953,2020,CHEMBL6009891,7.02,=,=,IC50,nM,96.0,IC50,nM,96.0,O=C(NCc1cn(-c2ccc(C(F)(F)F)cc2)nc1C(F)F)C1CCC1S(=O)(=O)c1ccc(F)cc1,AXVJKWISWYSMEO-UHFFFAOYSA-N
28107809,CHEMBL5735742,B,O=C(NCc1ccc(F)c(-c2cnc(C(F)(F)F)nc2)c1)[C@@H]1CC[C@@H]1S(=O)(=O)c1ccc(F)cc1,,CHEMBL5727953,2020,CHEMBL5930880,6.8,=,=,IC50,nM,159.0,IC50,nM,159.0,O=C(NCc1ccc(F)c(-c2cnc(C(F)(F)F)nc2)c1)[C@@H]1CC[C@@H]1S(=O)(=O)c1ccc(F)cc1,KBZMFUUCCJSHOG-XLIONFOSSA-N
28107812,CHEMBL5735742,B,O=C(NCc1cn(-c2ccc(C(F)(F)F)nc2)nc1C(F)F)[C@@H]1CC[C@@H]1S(=O)(=O)c1ccc(F)cc1,,CHEMBL5727953,2020,CHEMBL5760074,7.01,=,=,IC50,nM,98.4,IC50,nM,98.4,O=C(NCc1cn(-c2ccc(C(F)(F)F)nc2)nc1C(F)F)[C@@H]1CC[C@@H]1S(=O)(=O)c1ccc(F)cc1,TVZRIJSXZCQZFN-SJORKVTESA-N
28107815,CHEMBL5735742,B,O=C(NCc1cc(-c2cccc(C(F)(F)F)c2)ncn1)[C@@H]1CC[C@@H]1S(=O)(=O)c1ccc(F)cc1,,CHEMBL5727953,2020,CHEMBL5968237,6.41,=,=,IC50,nM,386.0,IC50,nM,386.0,O=C(NCc1cc(-c2cccc(C(F)(F)F)c2)ncn1)[C@@H]1CC[C@@H]1S(=O)(=O)c1ccc(F)cc1,MSLUZYJVJCAREX-CTNGQTDRSA-N
28107818,CHEMBL5735742,B,COc1nn(-c2ccc(C(F)(F)F)cc2)cc1CNC(=O)C1CCC1(C)S(=O)(=O)c1ccc(F)cc1,,CHEMBL5727953,2020,CHEMBL5888715,7.14,=,=,IC50,nM,71.7,IC50,nM,71.7,COc1nn(-c2ccc(C(F)(F)F)cc2)cc1CNC(=O)C1CCC1(C)S(=O)(=O)c1ccc(F)cc1,VBECZLUYZDGVPW-UHFFFAOYSA-N
28107821,CHEMBL5735742,B,COc1nn(-c2ccc(C(F)(F)F)cc2)cc1CNC(=O)C1CCC1(C)S(=O)(=O)c1ccc(F)cc1,,CHEMBL5727953,2020,CHEMBL5888715,7.42,=,=,IC50,nM,38.0,IC50,nM,38.0,COc1nn(-c2ccc(C(F)(F)F)cc2)cc1CNC(=O)C1CCC1(C)S(=O)(=O)c1ccc(F)cc1,VBECZLUYZDGVPW-UHFFFAOYSA-N
28107824,CHEMBL5735742,B,O=C(NCc1cn(-c2ccc(C(F)(F)F)nc2)nc1C(F)(F)F)[C@@H]1CC[C@@H]1S(=O)(=O)c1ccc(F)cc1,,CHEMBL5727953,2020,CHEMBL5931223,7.38,=,=,IC50,nM,41.5,IC50,nM,41.5,O=C(NCc1cn(-c2ccc(C(F)(F)F)nc2)nc1C(F)(F)F)[C@@H]1CC[C@@H]1S(=O)(=O)c1ccc(F)cc1,CERUYKDYVULSDG-SJORKVTESA-N
28107827,CHEMBL5735742,B,O=C(NCc1cn(-c2ccc(C(F)(F)F)nc2)nc1C(F)(F)F)C1CCC1S(=O)(=O)c1ccc(F)cc1,,CHEMBL5727953,2020,CHEMBL5788146,6.72,=,=,IC50,nM,192.0,IC50,nM,192.0,O=C(NCc1cn(-c2ccc(C(F)(F)F)nc2)nc1C(F)(F)F)C1CCC1S(=O)(=O)c1ccc(F)cc1,CERUYKDYVULSDG-UHFFFAOYSA-N
28107830,CHEMBL5735742,B,O=C(NCc1cn(-c2ccc(C(F)(F)F)nc2)nc1C(F)(F)F)C1CCC1S(=O)(=O)c1ccc(F)cc1,,CHEMBL5727953,2020,CHEMBL5788146,7.04,=,=,IC50,nM,90.2,IC50,nM,90.2,O=C(NCc1cn(-c2ccc(C(F)(F)F)nc2)nc1C(F)(F)F)C1CCC1S(=O)(=O)c1ccc(F)cc1,CERUYKDYVULSDG-UHFFFAOYSA-N
28107833,CHEMBL5735742,B,O=C(NCc1cc(-c2ccc(C(F)(F)F)cc2)ncn1)[C@@H]1CC[C@@H]1S(=O)(=O)c1ccc(F)cc1,,CHEMBL5727953,2020,CHEMBL5799192,6.95,=,=,IC50,nM,113.0,IC50,nM,113.0,O=C(NCc1cc(-c2ccc(C(F)(F)F)cc2)ncn1)[C@@H]1CC[C@@H]1S(=O)(=O)c1ccc(F)cc1,PXSJGBKABVHIIW-CTNGQTDRSA-N
28107836,CHEMBL5735742,B,O=C(NCc1cn(-c2ccc(C(F)(F)F)cc2)nc1Cl)[C@@H]1CC[C@@H]1S(=O)(=O)c1ccc(F)cc1,,CHEMBL5727953,2020,CHEMBL5877044,7.71,=,=,IC50,nM,19.4,IC50,nM,19.4,O=C(NCc1cn(-c2ccc(C(F)(F)F)cc2)nc1Cl)[C@@H]1CC[C@@H]1S(=O)(=O)c1ccc(F)cc1,MALXQNURGIETDN-MOPGFXCFSA-N
28107839,CHEMBL5735742,B,O=C(NCc1cn(-c2ccc(C(F)(F)F)cc2)nc1Cl)C1CCC1S(=O)(=O)c1ccc(F)cc1,,CHEMBL5727953,2020,CHEMBL6008445,7.18,=,=,IC50,nM,65.8,IC50,nM,65.8,O=C(NCc1cn(-c2ccc(C(F)(F)F)cc2)nc1Cl)C1CCC1S(=O)(=O)c1ccc(F)cc1,MALXQNURGIETDN-UHFFFAOYSA-N
28107842,CHEMBL5735742,B,O=C(NCc1cn(-c2ccc(C(F)(F)F)cc2)nc1Cl)C1CCC1S(=O)(=O)c1ccc(F)cc1,,CHEMBL5727953,2020,CHEMBL6008445,7.25,=,=,IC50,nM,56.7,IC50,nM,56.7,O=C(NCc1cn(-c2ccc(C(F)(F)F)cc2)nc1Cl)C1CCC1S(=O)(=O)c1ccc(F)cc1,MALXQNURGIETDN-UHFFFAOYSA-N
28107845,CHEMBL5735742,B,CC1(C(=O)NCc2cn(-c3ccc(C(F)(F)F)nc3)nc2Cl)CCCC1S(=O)(=O)c1ccc(F)cc1,,CHEMBL5727953,2020,CHEMBL6057116,7.41,=,=,IC50,nM,39.2,IC50,nM,39.2,CC1(C(=O)NCc2cn(-c3ccc(C(F)(F)F)nc3)nc2Cl)CCCC1S(=O)(=O)c1ccc(F)cc1,WLLMEIDDRLNDDG-UHFFFAOYSA-N
28107848,CHEMBL5735742,B,CC1(C(=O)NCc2cn(-c3ccc(C(F)(F)F)nc3)nc2Cl)CCCC1S(=O)(=O)c1ccc(F)cc1,,CHEMBL5727953,2020,CHEMBL6057116,7.07,=,=,IC50,nM,85.7,IC50,nM,85.7,CC1(C(=O)NCc2cn(-c3ccc(C(F)(F)F)nc3)nc2Cl)CCCC1S(=O)(=O)c1ccc(F)cc1,WLLMEIDDRLNDDG-UHFFFAOYSA-N
28107851,CHEMBL5735742,B,CC1(C(=O)NCc2cn(-c3ccc(C(F)(F)F)nc3)nc2Cl)CCCC1S(=O)(=O)c1ccc(F)cc1,,CHEMBL5727953,2020,CHEMBL6057116,7.05,=,=,IC50,nM,88.5,IC50,nM,88.5,CC1(C(=O)NCc2cn(-c3ccc(C(F)(F)F)nc3)nc2Cl)CCCC1S(=O)(=O)c1ccc(F)cc1,WLLMEIDDRLNDDG-UHFFFAOYSA-N
28107854,CHEMBL5735742,B,COc1nn(-c2ccc(C(F)(F)F)nc2)cc1CNC(=O)C1(C)CCCC1S(=O)(=O)c1ccc(F)cc1,,CHEMBL5727953,2020,CHEMBL5754580,7.48,=,=,IC50,nM,33.1,IC50,nM,33.1,COc1nn(-c2ccc(C(F)(F)F)nc2)cc1CNC(=O)C1(C)CCCC1S(=O)(=O)c1ccc(F)cc1,HRAPYHSCUKKKMN-UHFFFAOYSA-N
28107857,CHEMBL5735742,B,COc1nn(-c2ccc(C(F)(F)F)nc2)cc1CNC(=O)C1(C)CCCC1S(=O)(=O)c1ccc(F)cc1,,CHEMBL5727953,2020,CHEMBL5754580,6.7,=,=,IC50,nM,199.0,IC50,nM,199.0,COc1nn(-c2ccc(C(F)(F)F)nc2)cc1CNC(=O)C1(C)CCCC1S(=O)(=O)c1ccc(F)cc1,HRAPYHSCUKKKMN-UHFFFAOYSA-N
28107860,CHEMBL5735742,B,COc1nn(-c2ccc(C(F)(F)F)nc2)cc1CNC(=O)C1(C)CCCC1S(=O)(=O)c1ccc(F)cc1,,CHEMBL5727953,2020,CHEMBL5754580,7.21,=,=,IC50,nM,62.2,IC50,nM,62.2,COc1nn(-c2ccc(C(F)(F)F)nc2)cc1CNC(=O)C1(C)CCCC1S(=O)(=O)c1ccc(F)cc1,HRAPYHSCUKKKMN-UHFFFAOYSA-N
28107863,CHEMBL5735742,B,CC1(C(=O)NCc2cn(-c3ccc(C(F)(F)F)cc3)nc2Cl)CCCC1S(=O)(=O)c1ccc(F)cc1,,CHEMBL5727953,2020,CHEMBL5747523,7.62,=,=,IC50,nM,23.9,IC50,nM,23.9,CC1(C(=O)NCc2cn(-c3ccc(C(F)(F)F)cc3)nc2Cl)CCCC1S(=O)(=O)c1ccc(F)cc1,SSFBTXCTOUIVNI-UHFFFAOYSA-N
28107866,CHEMBL5735742,B,CC1(C(=O)NCc2cn(-c3ccc(C(F)(F)F)cc3)nc2Cl)CCCC1S(=O)(=O)c1ccc(F)cc1,,CHEMBL5727953,2020,CHEMBL5747523,7.33,=,=,IC50,nM,47.1,IC50,nM,47.1,CC1(C(=O)NCc2cn(-c3ccc(C(F)(F)F)cc3)nc2Cl)CCCC1S(=O)(=O)c1ccc(F)cc1,SSFBTXCTOUIVNI-UHFFFAOYSA-N
28107869,CHEMBL5735742,B,COc1nn(-c2ccc(C(F)(F)F)nc2)cc1CNC(=O)C1CCCC1S(=O)(=O)c1ccc(F)cc1,,CHEMBL5727953,2020,CHEMBL5835247,6.66,=,=,IC50,nM,218.0,IC50,nM,218.0,COc1nn(-c2ccc(C(F)(F)F)nc2)cc1CNC(=O)C1CCCC1S(=O)(=O)c1ccc(F)cc1,ULYAWZCWOGWOHO-UHFFFAOYSA-N
28107872,CHEMBL5735742,B,COc1nn(-c2ccc(C(F)(F)F)nc2)cc1CNC(=O)[C@@H]1CCC[C@@H]1S(=O)(=O)c1ccc(F)cc1,,CHEMBL5727953,2020,CHEMBL5827645,6.8,=,=,IC50,nM,159.0,IC50,nM,159.0,COc1nn(-c2ccc(C(F)(F)F)nc2)cc1CNC(=O)[C@@H]1CCC[C@@H]1S(=O)(=O)c1ccc(F)cc1,ULYAWZCWOGWOHO-MOPGFXCFSA-N
28107875,CHEMBL5735742,B,O=C(NCc1cn(-c2ccc(C(F)(F)F)nc2)nc1C(F)(F)F)[C@@H]1CCCC1S(=O)(=O)c1ccc(F)cc1,,CHEMBL5727953,2020,CHEMBL5767216,7.39,=,=,IC50,nM,40.4,IC50,nM,40.4,O=C(NCc1cn(-c2ccc(C(F)(F)F)nc2)nc1C(F)(F)F)[C@@H]1CCCC1S(=O)(=O)c1ccc(F)cc1,KCBYJLXRAIWJKQ-QNSVNVJESA-N
28107878,CHEMBL5735742,B,O=C(NCc1cn(-c2ccc(C(F)(F)F)cc2)nc1Cl)C1CCCC1S(=O)(=O)c1ccc(F)cc1,,CHEMBL5727953,2020,CHEMBL5941790,7.34,=,=,IC50,nM,45.5,IC50,nM,45.5,O=C(NCc1cn(-c2ccc(C(F)(F)F)cc2)nc1Cl)C1CCCC1S(=O)(=O)c1ccc(F)cc1,LGVSQHZAKUBGAR-UHFFFAOYSA-N
28107881,CHEMBL5735742,B,O=C(NCc1cn(-c2ccc(C(F)(F)F)cc2)nc1Cl)[C@@H]1CCC[C@@H]1S(=O)(=O)c1ccc(F)cc1,,CHEMBL5727953,2020,CHEMBL5963594,7.41,=,=,IC50,nM,38.9,IC50,nM,38.9,O=C(NCc1cn(-c2ccc(C(F)(F)F)cc2)nc1Cl)[C@@H]1CCC[C@@H]1S(=O)(=O)c1ccc(F)cc1,LGVSQHZAKUBGAR-UXHICEINSA-N
28113182,CHEMBL5735742,B,COc1nn(-c2ccc(C(F)(F)F)cc2)cc1CC(=O)N[C@@H]1CC[C@@H]1S(=O)(=O)c1ccc(F)cc1,,CHEMBL5727953,2020,CHEMBL5753999,8.28,=,=,IC50,nM,5.2,IC50,nM,5.2,COc1nn(-c2ccc(C(F)(F)F)cc2)cc1CC(=O)N[C@@H]1CC[C@@H]1S(=O)(=O)c1ccc(F)cc1,WHMQPBBEQUUJIS-UXHICEINSA-N
28113185,CHEMBL5735742,B,O=C(Cc1cn(-c2cnc(C(F)(F)F)nc2)nc1C(F)(F)F)N[C@@H]1CC[C@@H]1S(=O)(=O)c1ccc(F)cc1,,CHEMBL5727953,2020,CHEMBL5742797,8.1,=,=,IC50,nM,7.88,IC50,nM,7.88,O=C(Cc1cn(-c2cnc(C(F)(F)F)nc2)nc1C(F)(F)F)N[C@@H]1CC[C@@H]1S(=O)(=O)c1ccc(F)cc1,HDWOPDWWFVTQFQ-CVEARBPZSA-N
28113188,CHEMBL5735742,B,CC1(C(=O)NCc2cn(-c3ccc(C(F)(F)F)cc3)nc2Cl)CCCC1S(=O)(=O)c1ccc(F)cc1,,CHEMBL5727953,2020,CHEMBL5747523,8.06,=,=,IC50,nM,8.79,IC50,nM,8.79,CC1(C(=O)NCc2cn(-c3ccc(C(F)(F)F)cc3)nc2Cl)CCCC1S(=O)(=O)c1ccc(F)cc1,SSFBTXCTOUIVNI-UHFFFAOYSA-N
28113191,CHEMBL5735742,B,COc1nn(-c2ccc(C(F)(F)F)nc2)cc1CC(=O)N[C@@H]1CC[C@@H]1S(=O)(=O)c1ccc(F)cc1,,CHEMBL5727953,2020,CHEMBL5984897,7.73,=,=,IC50,nM,18.5,IC50,nM,18.5,COc1nn(-c2ccc(C(F)(F)F)nc2)cc1CC(=O)N[C@@H]1CC[C@@H]1S(=O)(=O)c1ccc(F)cc1,MJYWLKTXRPVKEZ-MSOLQXFVSA-N
28113194,CHEMBL5735742,B,O=C(NCc1cn(-c2ccc(C(F)(F)F)cc2)nc1Cl)[C@@H]1CC[C@@H]1S(=O)(=O)c1ccc(F)cc1,,CHEMBL5727953,2020,CHEMBL5877044,7.71,=,=,IC50,nM,19.4,IC50,nM,19.4,O=C(NCc1cn(-c2ccc(C(F)(F)F)cc2)nc1Cl)[C@@H]1CC[C@@H]1S(=O)(=O)c1ccc(F)cc1,MALXQNURGIETDN-MOPGFXCFSA-N
28113197,CHEMBL5735742,B,O=C(NCc1cn(-c2ccc(C(F)(F)F)nc2)nc1C(F)(F)F)[C@@H]1CCC[C@@H]1S(=O)(=O)c1ccc(F)cc1,,CHEMBL5727953,2020,CHEMBL5866810,7.66,=,=,IC50,nM,21.8,IC50,nM,21.8,O=C(NCc1cn(-c2ccc(C(F)(F)F)nc2)nc1C(F)(F)F)[C@@H]1CCC[C@@H]1S(=O)(=O)c1ccc(F)cc1,KCBYJLXRAIWJKQ-MSOLQXFVSA-N
28113200,CHEMBL5735742,B,CC1(C(=O)NCc2cn(-c3ccc(C(F)(F)F)cc3)nc2Cl)CCCC1S(=O)(=O)c1ccc(F)cc1,,CHEMBL5727953,2020,CHEMBL5747523,7.62,=,=,IC50,nM,23.9,IC50,nM,23.9,CC1(C(=O)NCc2cn(-c3ccc(C(F)(F)F)cc3)nc2Cl)CCCC1S(=O)(=O)c1ccc(F)cc1,SSFBTXCTOUIVNI-UHFFFAOYSA-N
28113203,CHEMBL5735742,B,O=C(NCc1cn(-c2ccc(C(F)(F)F)cc2)nc1C(F)F)[C@@H]1CC[C@@H]1S(=O)(=O)c1ccc(F)cc1,,CHEMBL5727953,2020,CHEMBL5883435,7.62,=,=,IC50,nM,24.2,IC50,nM,24.2,O=C(NCc1cn(-c2ccc(C(F)(F)F)cc2)nc1C(F)F)[C@@H]1CC[C@@H]1S(=O)(=O)c1ccc(F)cc1,AXVJKWISWYSMEO-MOPGFXCFSA-N
28113206,CHEMBL5735742,B,COc1nn(-c2ccc(C(F)(F)F)nc2)cc1CNC(=O)C1(C)CCCC1S(=O)(=O)c1ccc(F)cc1,,CHEMBL5727953,2020,CHEMBL5754580,7.48,=,=,IC50,nM,33.1,IC50,nM,33.1,COc1nn(-c2ccc(C(F)(F)F)nc2)cc1CNC(=O)C1(C)CCCC1S(=O)(=O)c1ccc(F)cc1,HRAPYHSCUKKKMN-UHFFFAOYSA-N
28113209,CHEMBL5735742,B,O=C(NCc1cn(-c2ccc(C(F)(F)F)cc2)nc1C(F)F)[C@@H]1CC[C@@H]1S(=O)(=O)c1ccc(F)cc1,,CHEMBL5727953,2020,CHEMBL5883435,7.46,=,=,IC50,nM,34.6,IC50,nM,34.6,O=C(NCc1cn(-c2ccc(C(F)(F)F)cc2)nc1C(F)F)[C@@H]1CC[C@@H]1S(=O)(=O)c1ccc(F)cc1,AXVJKWISWYSMEO-MOPGFXCFSA-N
28113212,CHEMBL5735742,B,O=C(Cc1cn(-c2cnc(C(F)(F)F)nc2)nc1C(F)F)N[C@@H]1CC[C@@H]1S(=O)(=O)c1ccc(F)cc1,,CHEMBL5727953,2020,CHEMBL5772246,7.45,=,=,IC50,nM,35.2,IC50,nM,35.2,O=C(Cc1cn(-c2cnc(C(F)(F)F)nc2)nc1C(F)F)N[C@@H]1CC[C@@H]1S(=O)(=O)c1ccc(F)cc1,VTRQWSXLXNAIDP-CVEARBPZSA-N
28113215,CHEMBL5735742,B,COc1nn(-c2ccc(C(F)(F)F)cc2)cc1CNC(=O)C1CCC1(C)S(=O)(=O)c1ccc(F)cc1,,CHEMBL5727953,2020,CHEMBL5888715,7.42,=,=,IC50,nM,38.0,IC50,nM,38.0,COc1nn(-c2ccc(C(F)(F)F)cc2)cc1CNC(=O)C1CCC1(C)S(=O)(=O)c1ccc(F)cc1,VBECZLUYZDGVPW-UHFFFAOYSA-N
28113218,CHEMBL5735742,B,O=C(NCc1cn(-c2ccc(C(F)(F)F)cc2)nc1Cl)[C@@H]1CCC[C@@H]1S(=O)(=O)c1ccc(F)cc1,,CHEMBL5727953,2020,CHEMBL5963594,7.41,=,=,IC50,nM,38.9,IC50,nM,38.9,O=C(NCc1cn(-c2ccc(C(F)(F)F)cc2)nc1Cl)[C@@H]1CCC[C@@H]1S(=O)(=O)c1ccc(F)cc1,LGVSQHZAKUBGAR-UXHICEINSA-N
28113221,CHEMBL5735742,B,CC1(C(=O)NCc2cn(-c3ccc(C(F)(F)F)nc3)nc2Cl)CCCC1S(=O)(=O)c1ccc(F)cc1,,CHEMBL5727953,2020,CHEMBL6057116,7.41,=,=,IC50,nM,39.2,IC50,nM,39.2,CC1(C(=O)NCc2cn(-c3ccc(C(F)(F)F)nc3)nc2Cl)CCCC1S(=O)(=O)c1ccc(F)cc1,WLLMEIDDRLNDDG-UHFFFAOYSA-N
28113224,CHEMBL5735742,B,O=C(Cc1cn(-c2cnc(C(F)(F)F)nc2)nc1Cl)N[C@@H]1CC[C@@H]1S(=O)(=O)c1ccc(F)cc1,,CHEMBL5727953,2020,CHEMBL5905667,7.39,=,=,IC50,nM,40.3,IC50,nM,40.3,O=C(Cc1cn(-c2cnc(C(F)(F)F)nc2)nc1Cl)N[C@@H]1CC[C@@H]1S(=O)(=O)c1ccc(F)cc1,VSTBRXGRZBGLGG-CVEARBPZSA-N
28113227,CHEMBL5735742,B,O=C(NCc1cn(-c2ccc(C(F)(F)F)nc2)nc1C(F)(F)F)[C@@H]1CCC[C@@H]1S(=O)(=O)c1ccc(F)cc1,,CHEMBL5727953,2020,CHEMBL5866810,7.39,=,=,IC50,nM,40.4,IC50,nM,40.4,O=C(NCc1cn(-c2ccc(C(F)(F)F)nc2)nc1C(F)(F)F)[C@@H]1CCC[C@@H]1S(=O)(=O)c1ccc(F)cc1,KCBYJLXRAIWJKQ-MSOLQXFVSA-N
28113230,CHEMBL5735742,B,O=C(NCc1cn(-c2ccc(C(F)(F)F)nc2)nc1C(F)(F)F)[C@@H]1CC[C@@H]1S(=O)(=O)c1ccc(F)cc1,,CHEMBL5727953,2020,CHEMBL5931223,7.38,=,=,IC50,nM,41.5,IC50,nM,41.5,O=C(NCc1cn(-c2ccc(C(F)(F)F)nc2)nc1C(F)(F)F)[C@@H]1CC[C@@H]1S(=O)(=O)c1ccc(F)cc1,CERUYKDYVULSDG-SJORKVTESA-N
28113233,CHEMBL5735742,B,O=C(NCc1cn(-c2ccc(C(F)(F)F)cc2)nc1Cl)C1CCCC1S(=O)(=O)c1ccc(F)cc1,,CHEMBL5727953,2020,CHEMBL5941790,7.34,=,=,IC50,nM,45.5,IC50,nM,45.5,O=C(NCc1cn(-c2ccc(C(F)(F)F)cc2)nc1Cl)C1CCCC1S(=O)(=O)c1ccc(F)cc1,LGVSQHZAKUBGAR-UHFFFAOYSA-N
28113236,CHEMBL5735742,B,O=C(Cc1cn(-c2cnc(C(F)(F)F)nc2)nc1C1CC1)N[C@@H]1CC[C@@H]1S(=O)(=O)c1ccc(F)cc1,,CHEMBL5727953,2020,CHEMBL5847488,7.33,=,=,IC50,nM,46.9,IC50,nM,46.9,O=C(Cc1cn(-c2cnc(C(F)(F)F)nc2)nc1C1CC1)N[C@@H]1CC[C@@H]1S(=O)(=O)c1ccc(F)cc1,KHKAWXWOIAMQMU-MOPGFXCFSA-N
28113239,CHEMBL5735742,B,CC1(C(=O)NCc2cn(-c3ccc(C(F)(F)F)cc3)nc2Cl)CCCC1S(=O)(=O)c1ccc(F)cc1,,CHEMBL5727953,2020,CHEMBL5747523,7.33,=,=,IC50,nM,47.1,IC50,nM,47.1,CC1(C(=O)NCc2cn(-c3ccc(C(F)(F)F)cc3)nc2Cl)CCCC1S(=O)(=O)c1ccc(F)cc1,SSFBTXCTOUIVNI-UHFFFAOYSA-N
28242287,CHEMBL5736402,B,Cn1cnc2ncn(Cc3nn(CCc4ccc(Cl)cc4)c(=O)o3)c(=O)c21,,CHEMBL5728262,2021,CHEMBL5805790,7.02,=,=,IC50,nM,95.0,IC50,nM,95.0,Cn1cnc2ncn(Cc3nn(CCc4ccc(Cl)cc4)c(=O)o3)c(=O)c21,HABYZPQFFRMXCH-UHFFFAOYSA-N
28242290,CHEMBL5736402,B,Cn1cnc2ncn(Cc3nn(CCc4ccc(OC(F)F)cc4)c(=O)o3)c(=O)c21,,CHEMBL5728262,2021,CHEMBL5815789,6.68,=,=,IC50,nM,211.0,IC50,nM,211.0,Cn1cnc2ncn(Cc3nn(CCc4ccc(OC(F)F)cc4)c(=O)o3)c(=O)c21,RBQDBKBBFFUJHV-UHFFFAOYSA-N
28242293,CHEMBL5736402,B,Cn1cnc2ncn(Cc3nn(CCc4ccc(Br)cc4)c(=O)o3)c(=O)c21,,CHEMBL5728262,2021,CHEMBL5947600,7.36,=,=,IC50,nM,44.0,IC50,nM,44.0,Cn1cnc2ncn(Cc3nn(CCc4ccc(Br)cc4)c(=O)o3)c(=O)c21,FVVAJPFKOPGRKI-UHFFFAOYSA-N
28242296,CHEMBL5736402,B,Cn1cnc2ncn(Cc3nn(CCc4ccccc4)c(=O)o3)c(=O)c21,,CHEMBL5728262,2021,CHEMBL5918599,5.98,=,=,IC50,nM,1055.0,IC50,nM,1055.0,Cn1cnc2ncn(Cc3nn(CCc4ccccc4)c(=O)o3)c(=O)c21,OSIHVFBKSGLNSB-UHFFFAOYSA-N
28242299,CHEMBL5736402,B,Cn1cnc2ncn(Cc3nn(CCc4ccc(C#N)cc4)c(=O)o3)c(=O)c21,,CHEMBL5728262,2021,CHEMBL6035547,5.93,=,=,IC50,nM,1172.0,IC50,nM,1172.0,Cn1cnc2ncn(Cc3nn(CCc4ccc(C#N)cc4)c(=O)o3)c(=O)c21,LJNZMPRTKUDPDS-UHFFFAOYSA-N
28242302,CHEMBL5736402,B,Cc1cncc2ncn(Cc3nn(CCc4ccc(Cl)cc4)c(=O)o3)c(=O)c12,,CHEMBL5728262,2021,CHEMBL5985158,7.89,=,=,IC50,nM,13.0,IC50,nM,13.0,Cc1cncc2ncn(Cc3nn(CCc4ccc(Cl)cc4)c(=O)o3)c(=O)c12,KMNAEBCIGPEECD-UHFFFAOYSA-N
28242305,CHEMBL5736402,B,Cc1ccnc2ncn(Cc3nn(CCc4ccc(Cl)cc4)c(=O)o3)c(=O)c12,,CHEMBL5728262,2021,CHEMBL6022767,7.92,=,=,IC50,nM,12.0,IC50,nM,12.0,Cc1ccnc2ncn(Cc3nn(CCc4ccc(Cl)cc4)c(=O)o3)c(=O)c12,QOENQLQNUIKJBK-UHFFFAOYSA-N
28242308,CHEMBL5736402,B,Cc1ccnc2ncn(Cc3nn(CCc4ccc(C#N)cc4)c(=O)o3)c(=O)c12,,CHEMBL5728262,2021,CHEMBL5782777,6.78,=,=,IC50,nM,166.0,IC50,nM,166.0,Cc1ccnc2ncn(Cc3nn(CCc4ccc(C#N)cc4)c(=O)o3)c(=O)c12,FWEQDPBXQWFBRT-UHFFFAOYSA-N
28242311,CHEMBL5736402,B,Cn1cnc2ncn(Cc3nn(CCc4ccc(C(F)(F)F)cc4)c(=O)o3)c(=O)c21,,CHEMBL5728262,2021,CHEMBL5907774,6.24,=,=,IC50,nM,582.0,IC50,nM,582.0,Cn1cnc2ncn(Cc3nn(CCc4ccc(C(F)(F)F)cc4)c(=O)o3)c(=O)c21,NLWIALKJQZYZKG-UHFFFAOYSA-N
28242314,CHEMBL5736402,B,Cn1cnc2ncn(Cc3nn(CCc4ccc(OC(F)(F)F)cc4)c(=O)o3)c(=O)c21,,CHEMBL5728262,2021,CHEMBL6035619,7.07,=,=,IC50,nM,86.0,IC50,nM,86.0,Cn1cnc2ncn(Cc3nn(CCc4ccc(OC(F)(F)F)cc4)c(=O)o3)c(=O)c21,YAAQSQALFNFFQV-UHFFFAOYSA-N
28242317,CHEMBL5736402,B,COc1ccc(CCn2nc(Cn3cnc4ncn(C)c4c3=O)oc2=O)cc1,,CHEMBL5728262,2021,CHEMBL5953819,6.56,=,=,IC50,nM,278.0,IC50,nM,278.0,COc1ccc(CCn2nc(Cn3cnc4ncn(C)c4c3=O)oc2=O)cc1,XQVDMHKTSFSEMQ-UHFFFAOYSA-N
28242320,CHEMBL5736402,B,Cn1cnc2ncn(Cc3nn(CCc4ccc5ccccc5c4)c(=O)o3)c(=O)c21,,CHEMBL5728262,2021,CHEMBL5791721,7.39,=,=,IC50,nM,41.0,IC50,nM,41.0,Cn1cnc2ncn(Cc3nn(CCc4ccc5ccccc5c4)c(=O)o3)c(=O)c21,XWVQRBZZRNONCK-UHFFFAOYSA-N
28242323,CHEMBL5736402,B,Cc1nc(C)n2ncn(Cc3nn(CCc4ccc(Cl)cc4)c(=O)o3)c(=O)c12,,CHEMBL5728262,2021,CHEMBL5975142,6.58,=,=,IC50,nM,265.0,IC50,nM,265.0,Cc1nc(C)n2ncn(Cc3nn(CCc4ccc(Cl)cc4)c(=O)o3)c(=O)c12,GYHYZGTVOXUSCN-UHFFFAOYSA-N
28242326,CHEMBL5736402,B,Cn1cnc2ncn(Cc3nn(C[C@H](F)c4ccc(Cl)cc4)c(=O)o3)c(=O)c21,,CHEMBL5728262,2021,CHEMBL4863686,7.47,=,=,IC50,nM,34.0,IC50,nM,34.0,Cn1cnc2ncn(Cc3nn(C[C@H](F)c4ccc(Cl)cc4)c(=O)o3)c(=O)c21,RSSHXKVUURRAKX-LBPRGKRZSA-N
28242329,CHEMBL5736402,B,Cn1cnc2ncn(Cc3nn(C[C@@H](F)c4ccc(Cl)cc4)c(=O)o3)c(=O)c21,,CHEMBL5728262,2021,CHEMBL5958280,5.42,=,=,IC50,nM,3831.0,IC50,nM,3831.0,Cn1cnc2ncn(Cc3nn(C[C@@H](F)c4ccc(Cl)cc4)c(=O)o3)c(=O)c21,RSSHXKVUURRAKX-GFCCVEGCSA-N
28242332,CHEMBL5736402,B,Cn1cnc2ncn(Cc3nn(CCc4ccc(C5CC5)cc4)c(=O)o3)c(=O)c21,,CHEMBL5728262,2021,CHEMBL5842262,6.45,=,=,IC50,nM,356.0,IC50,nM,356.0,Cn1cnc2ncn(Cc3nn(CCc4ccc(C5CC5)cc4)c(=O)o3)c(=O)c21,XYLBMXMFEPAIDX-UHFFFAOYSA-N
28242335,CHEMBL5736402,B,CN(C)c1ccc(CCn2nc(Cn3cnc4ncn(C)c4c3=O)oc2=O)cc1,,CHEMBL5728262,2021,CHEMBL6029706,6.79,=,=,IC50,nM,164.0,IC50,nM,164.0,CN(C)c1ccc(CCn2nc(Cn3cnc4ncn(C)c4c3=O)oc2=O)cc1,BSXZECKVHWDHMU-UHFFFAOYSA-N
28242338,CHEMBL5736402,B,Cn1cnc2ncn(Cc3nn(CCc4ccc(C(F)F)cc4)c(=O)o3)c(=O)c21,,CHEMBL5728262,2021,CHEMBL5748156,6.29,=,=,IC50,nM,509.0,IC50,nM,509.0,Cn1cnc2ncn(Cc3nn(CCc4ccc(C(F)F)cc4)c(=O)o3)c(=O)c21,WSCIGUKLFPKXFX-UHFFFAOYSA-N
28242341,CHEMBL5736402,B,C[C@H](Cn1nc(Cn2cnc3ncn(C)c3c2=O)oc1=O)c1ccc(Cl)cc1,,CHEMBL5728262,2021,CHEMBL6026829,7.47,=,=,IC50,nM,34.0,IC50,nM,34.0,C[C@H](Cn1nc(Cn2cnc3ncn(C)c3c2=O)oc1=O)c1ccc(Cl)cc1,KBDWUWKNXJLWES-LLVKDONJSA-N
28242344,CHEMBL5736402,B,C[C@@H](Cn1nc(Cn2cnc3ncn(C)c3c2=O)oc1=O)c1ccc(Cl)cc1,,CHEMBL5728262,2021,CHEMBL5910054,6.09,=,=,IC50,nM,812.0,IC50,nM,812.0,C[C@@H](Cn1nc(Cn2cnc3ncn(C)c3c2=O)oc1=O)c1ccc(Cl)cc1,KBDWUWKNXJLWES-NSHDSACASA-N
28242347,CHEMBL5736402,B,Cn1cnc2ncn(Cc3nn(CCc4ccc(Cl)s4)c(=O)o3)c(=O)c21,,CHEMBL5728262,2021,CHEMBL6004771,6.54,=,=,IC50,nM,286.0,IC50,nM,286.0,Cn1cnc2ncn(Cc3nn(CCc4ccc(Cl)s4)c(=O)o3)c(=O)c21,OCTMHUCXAOCKDH-UHFFFAOYSA-N
28242350,CHEMBL5736402,B,Cn1cnc2c(C#N)nn(Cc3nn(CCc4ccc(Cl)cc4)c(=O)o3)c2c1=O,,CHEMBL5728262,2021,CHEMBL5848100,7.85,=,=,IC50,nM,14.0,IC50,nM,14.0,Cn1cnc2c(C#N)nn(Cc3nn(CCc4ccc(Cl)cc4)c(=O)o3)c2c1=O,ZJLYAVZPZQXDIQ-UHFFFAOYSA-N
28242353,CHEMBL5736402,B,Cn1nc(C#N)c2ncn(Cc3nn(CCc4ccc(Cl)cc4)c(=O)o3)c(=O)c21,,CHEMBL5728262,2021,CHEMBL5871945,7.0,=,=,IC50,nM,100.0,IC50,nM,100.0,Cn1nc(C#N)c2ncn(Cc3nn(CCc4ccc(Cl)cc4)c(=O)o3)c(=O)c21,PVJKXHORDRYXDV-UHFFFAOYSA-N
28242356,CHEMBL5736402,B,Cn1cnc2ncn(Cc3nn(CCc4cccc(-c5ccccc5)c4)c(=O)o3)c(=O)c21,,CHEMBL5728262,2021,CHEMBL5827756,6.47,=,=,IC50,nM,338.0,IC50,nM,338.0,Cn1cnc2ncn(Cc3nn(CCc4cccc(-c5ccccc5)c4)c(=O)o3)c(=O)c21,QJUQOEKFYBXEIS-UHFFFAOYSA-N
28242359,CHEMBL5736402,B,Cn1cnc2ncn(Cc3nn(CCc4ccc(Br)c(Cl)c4)c(=O)o3)c(=O)c21,,CHEMBL5728262,2021,CHEMBL5848142,6.88,=,=,IC50,nM,132.0,IC50,nM,132.0,Cn1cnc2ncn(Cc3nn(CCc4ccc(Br)c(Cl)c4)c(=O)o3)c(=O)c21,BGXHQWBKFTYLMO-UHFFFAOYSA-N
28242362,CHEMBL5736402,B,Cn1cnc2ncn(Cc3nn(CCc4ccc(Cl)cc4)c(=O)o3)c2c1=O,,CHEMBL5728262,2021,CHEMBL6029511,6.13,=,=,IC50,nM,737.0,IC50,nM,737.0,Cn1cnc2ncn(Cc3nn(CCc4ccc(Cl)cc4)c(=O)o3)c2c1=O,HGVCMBRPRZORGD-UHFFFAOYSA-N
28242365,CHEMBL5736402,B,Cc1cnnc2ncn(Cc3nn(CCc4ccc(Cl)cc4)c(=O)o3)c(=O)c12,,CHEMBL5728262,2021,CHEMBL5951573,7.31,=,=,IC50,nM,49.0,IC50,nM,49.0,Cc1cnnc2ncn(Cc3nn(CCc4ccc(Cl)cc4)c(=O)o3)c(=O)c12,YLWILSVEXGUUFP-UHFFFAOYSA-N
28242368,CHEMBL5736402,B,Cc1cc(C#N)nc2ncn(Cc3nn(CCc4ccc(Cl)cc4)c(=O)o3)c(=O)c12,,CHEMBL5728262,2021,CHEMBL5809373,8.05,=,=,IC50,nM,9.0,IC50,nM,9.0,Cc1cc(C#N)nc2ncn(Cc3nn(CCc4ccc(Cl)cc4)c(=O)o3)c(=O)c12,PZLMINJQTMOPFT-UHFFFAOYSA-N
28242371,CHEMBL5736402,B,Cn1ccc2cc(CCn3nc(Cn4cnc5ncn(C)c5c4=O)oc3=O)ccc21,,CHEMBL5728262,2021,CHEMBL5962544,7.06,=,=,IC50,nM,87.0,IC50,nM,87.0,Cn1ccc2cc(CCn3nc(Cn4cnc5ncn(C)c5c4=O)oc3=O)ccc21,FYADCMMDOVGCKC-UHFFFAOYSA-N
28242374,CHEMBL5736402,B,Cn1cnc2c(C#N)nn(Cc3nc(CCc4ccc(Cl)cc4)no3)c2c1=O,,CHEMBL5728262,2021,CHEMBL6053904,7.58,=,=,IC50,nM,26.6,IC50,nM,26.6,Cn1cnc2c(C#N)nn(Cc3nc(CCc4ccc(Cl)cc4)no3)c2c1=O,CXQKCYMIGNQZOZ-UHFFFAOYSA-N
28242377,CHEMBL5736402,B,Cc1ccc(CCn2nc(Cn3cnc4ncn(C)c4c3=O)oc2=O)cc1,,CHEMBL5728262,2021,CHEMBL5878226,6.9,=,=,IC50,nM,126.0,IC50,nM,126.0,Cc1ccc(CCn2nc(Cn3cnc4ncn(C)c4c3=O)oc2=O)cc1,VAQHWBGAUVOQKD-UHFFFAOYSA-N
28242380,CHEMBL5736402,B,Cn1cnc2c(C#N)nn(Cc3nn(CCc4ccc(OC(F)F)cc4)c(=O)o3)c2c1=O,,CHEMBL5728262,2021,CHEMBL6036513,7.44,=,=,IC50,nM,36.0,IC50,nM,36.0,Cn1cnc2c(C#N)nn(Cc3nn(CCc4ccc(OC(F)F)cc4)c(=O)o3)c2c1=O,ZNZNLOPOYMLSDO-UHFFFAOYSA-N
28242383,CHEMBL5736402,B,Cc1ccnc2ncn(Cc3nn(C[C@@H](F)c4ccc(Cl)cc4)c(=O)o3)c(=O)c12,,CHEMBL5728262,2021,CHEMBL5966117,6.75,=,=,IC50,nM,180.0,IC50,nM,180.0,Cc1ccnc2ncn(Cc3nn(C[C@@H](F)c4ccc(Cl)cc4)c(=O)o3)c(=O)c12,LGDQCKVOXHGGTO-CQSZACIVSA-N
28242386,CHEMBL5736402,B,Cc1ccnc2ncn(Cc3nn(C[C@H](F)c4ccc(Cl)cc4)c(=O)o3)c(=O)c12,,CHEMBL5728262,2021,CHEMBL6022425,8.3,=,=,IC50,nM,5.0,IC50,nM,5.0,Cc1ccnc2ncn(Cc3nn(C[C@H](F)c4ccc(Cl)cc4)c(=O)o3)c(=O)c12,LGDQCKVOXHGGTO-AWEZNQCLSA-N
28242389,CHEMBL5736402,B,Cn1cnc2cnn(Cc3nn(CCc4ccc(Cl)cc4)c(=O)o3)c(=O)c21,,CHEMBL5728262,2021,CHEMBL5997962,7.02,=,=,IC50,nM,96.0,IC50,nM,96.0,Cn1cnc2cnn(Cc3nn(CCc4ccc(Cl)cc4)c(=O)o3)c(=O)c21,PJLJDPJGWGMDSJ-UHFFFAOYSA-N
28242392,CHEMBL5736402,B,Cn1cnc2ncn(Cc3nn(CCc4ccc5ccc(C#N)cc5c4)c(=O)o3)c(=O)c21,,CHEMBL5728262,2021,CHEMBL6013187,6.92,=,=,IC50,nM,120.0,IC50,nM,120.0,Cn1cnc2ncn(Cc3nn(CCc4ccc5ccc(C#N)cc5c4)c(=O)o3)c(=O)c21,WHIUHQPWEZUUHM-UHFFFAOYSA-N
28242395,CHEMBL5736402,B,Cn1cnc2ncn(Cc3nn(C[C@@H](F)c4ccc5ccccc5c4)c(=O)o3)c(=O)c21,,CHEMBL5728262,2021,CHEMBL5809345,6.48,=,=,IC50,nM,332.0,IC50,nM,332.0,Cn1cnc2ncn(Cc3nn(C[C@@H](F)c4ccc5ccccc5c4)c(=O)o3)c(=O)c21,VSBSCGNEPYTOEU-MRXNPFEDSA-N
28242398,CHEMBL5736402,B,Cn1cnc2ncn(Cc3nn(C[C@H](F)c4ccc5ccccc5c4)c(=O)o3)c(=O)c21,,CHEMBL5728262,2021,CHEMBL5994081,8.15,=,=,IC50,nM,7.0,IC50,nM,7.0,Cn1cnc2ncn(Cc3nn(C[C@H](F)c4ccc5ccccc5c4)c(=O)o3)c(=O)c21,VSBSCGNEPYTOEU-INIZCTEOSA-N
28242401,CHEMBL5736402,B,Cc1cc(CCn2nc(Cn3cnc4ncn(C)c4c3=O)oc2=O)ccc1Cl,,CHEMBL5728262,2021,CHEMBL6058971,6.95,=,=,IC50,nM,113.0,IC50,nM,113.0,Cc1cc(CCn2nc(Cn3cnc4ncn(C)c4c3=O)oc2=O)ccc1Cl,XRUHRUNQTJHPBY-UHFFFAOYSA-N
28242404,CHEMBL5736402,B,Cc1cnc(Cl)c2ncn(Cc3nn(CCc4ccc(Cl)cc4)c(=O)o3)c(=O)c12,,CHEMBL5728262,2021,CHEMBL5841138,7.75,=,=,IC50,nM,18.0,IC50,nM,18.0,Cc1cnc(Cl)c2ncn(Cc3nn(CCc4ccc(Cl)cc4)c(=O)o3)c(=O)c12,AIWIRRGSGOLMQX-UHFFFAOYSA-N
28242407,CHEMBL5736402,B,Cn1cnc2ncn(Cc3nn(CCc4ccc(Cl)cc4F)c(=O)o3)c(=O)c21,,CHEMBL5728262,2021,CHEMBL5855877,6.31,=,=,IC50,nM,492.0,IC50,nM,492.0,Cn1cnc2ncn(Cc3nn(CCc4ccc(Cl)cc4F)c(=O)o3)c(=O)c21,CNXACZHZGCZDBO-UHFFFAOYSA-N
28242410,CHEMBL5736402,B,Cn1cnc2ncn(Cc3nn(CCc4ccc(Cl)c(-c5ccccc5)c4)c(=O)o3)c(=O)c21,,CHEMBL5728262,2021,CHEMBL5848207,7.01,=,=,IC50,nM,98.0,IC50,nM,98.0,Cn1cnc2ncn(Cc3nn(CCc4ccc(Cl)c(-c5ccccc5)c4)c(=O)o3)c(=O)c21,OUFMSVRFVDNVAQ-UHFFFAOYSA-N
28242413,CHEMBL5736402,B,Cc1cnc(C#N)c2ncn(Cc3nn(CCc4ccc(Cl)cc4)c(=O)o3)c(=O)c12,,CHEMBL5728262,2021,CHEMBL5771716,7.75,=,=,IC50,nM,18.0,IC50,nM,18.0,Cc1cnc(C#N)c2ncn(Cc3nn(CCc4ccc(Cl)cc4)c(=O)o3)c(=O)c12,HEEMVJMUZDPBFI-UHFFFAOYSA-N
28242416,CHEMBL5736402,B,Cn1cnc2ncn(Cc3nn(C[C@H](F)c4ccc(Br)cc4)c(=O)o3)c(=O)c21,,CHEMBL5728262,2021,CHEMBL5979543,8.0,=,=,IC50,nM,10.0,IC50,nM,10.0,Cn1cnc2ncn(Cc3nn(C[C@H](F)c4ccc(Br)cc4)c(=O)o3)c(=O)c21,ILDMVQZTNFZDID-LBPRGKRZSA-N
28242419,CHEMBL5736402,B,Cn1cnc2ncn(Cc3nn(C[C@@H](F)c4ccc(Br)cc4)c(=O)o3)c(=O)c21,,CHEMBL5728262,2021,CHEMBL5822420,5.92,=,=,IC50,nM,1200.0,IC50,nM,1200.0,Cn1cnc2ncn(Cc3nn(C[C@@H](F)c4ccc(Br)cc4)c(=O)o3)c(=O)c21,ILDMVQZTNFZDID-GFCCVEGCSA-N
28242422,CHEMBL5736402,B,Cc1ncnc2ncn(Cc3nn(CCc4ccc(Cl)cc4)c(=O)o3)c(=O)c12,,CHEMBL5728262,2021,CHEMBL5882285,6.97,=,=,IC50,nM,107.0,IC50,nM,107.0,Cc1ncnc2ncn(Cc3nn(CCc4ccc(Cl)cc4)c(=O)o3)c(=O)c12,MZVLUJKMPFKSCI-UHFFFAOYSA-N
28242425,CHEMBL5736402,B,Cc1csc2ncc(Cc3nn(CCc4ccc(Cl)cc4)c(=O)o3)c(=O)n12,,CHEMBL5728262,2021,CHEMBL6058290,7.19,=,=,IC50,nM,65.0,IC50,nM,65.0,Cc1csc2ncc(Cc3nn(CCc4ccc(Cl)cc4)c(=O)o3)c(=O)n12,RVDABDCXJORPND-UHFFFAOYSA-N
28242428,CHEMBL5736402,B,Cn1cnc2ncn(Cc3nn(C[C@@H]4CCc5ccc(Cl)cc54)c(=O)o3)c(=O)c21,,CHEMBL5728262,2021,CHEMBL6006997,6.71,=,=,IC50,nM,196.0,IC50,nM,196.0,Cn1cnc2ncn(Cc3nn(C[C@@H]4CCc5ccc(Cl)cc54)c(=O)o3)c(=O)c21,JYTFGJCBRILOIU-LBPRGKRZSA-N
28242431,CHEMBL5736402,B,Cn1cnc2ncn(Cc3nn(C[C@@H]4CCc5cc(Cl)ccc54)c(=O)o3)c(=O)c21,,CHEMBL5728262,2021,CHEMBL5752721,7.21,=,=,IC50,nM,61.0,IC50,nM,61.0,Cn1cnc2ncn(Cc3nn(C[C@@H]4CCc5cc(Cl)ccc54)c(=O)o3)c(=O)c21,NKUUKWCBPOPJIO-LBPRGKRZSA-N
28242434,CHEMBL5736402,B,Cn1cnc2ncn(Cc3nn([C@H]4C[C@H](c5ccc(Cl)cc5)C4)c(=O)o3)c(=O)c21,,CHEMBL5728262,2021,CHEMBL4865298,7.85,=,=,IC50,nM,14.0,IC50,nM,14.0,Cn1cnc2ncn(Cc3nn([C@H]4C[C@H](c5ccc(Cl)cc5)C4)c(=O)o3)c(=O)c21,CYWFSLKYTRCPPA-MQMHXKEQSA-N
28242437,CHEMBL5736402,B,Cn1cnc2ncn(Cc3nn([C@H]4C[C@H](c5ccccc5)C4)c(=O)o3)c(=O)c21,,CHEMBL5728262,2021,CHEMBL5093753,6.78,=,=,IC50,nM,168.0,IC50,nM,168.0,Cn1cnc2ncn(Cc3nn([C@H]4C[C@H](c5ccccc5)C4)c(=O)o3)c(=O)c21,BVMBHIKCHPFTIX-HDJSIYSDSA-N
28242440,CHEMBL5736402,B,Cn1cnc2ncn(Cc3nn([C@H]4C[C@H](c5ccc(Br)cc5)C4)c(=O)o3)c(=O)c21,,CHEMBL5728262,2021,CHEMBL6012536,7.7,=,=,IC50,nM,20.0,IC50,nM,20.0,Cn1cnc2ncn(Cc3nn([C@H]4C[C@H](c5ccc(Br)cc5)C4)c(=O)o3)c(=O)c21,PJSGHCYHFOHJAO-MQMHXKEQSA-N
28242443,CHEMBL5736402,B,Cn1cnc2ncn(Cc3nn([C@H]4C[C@H](c5cccc(Cl)c5)C4)c(=O)o3)c(=O)c21,,CHEMBL5728262,2021,CHEMBL5938119,7.36,=,=,IC50,nM,44.0,IC50,nM,44.0,Cn1cnc2ncn(Cc3nn([C@H]4C[C@H](c5cccc(Cl)c5)C4)c(=O)o3)c(=O)c21,FCFCSZPQFJTENQ-MQMHXKEQSA-N
28242446,CHEMBL5736402,B,COc1ccc([C@H]2C[C@H](n3nc(Cn4cnc5ncn(C)c5c4=O)oc3=O)C2)cc1,,CHEMBL5728262,2021,CHEMBL5801295,6.98,=,=,IC50,nM,105.0,IC50,nM,105.0,COc1ccc([C@H]2C[C@H](n3nc(Cn4cnc5ncn(C)c5c4=O)oc3=O)C2)cc1,ALPYZNHKWLPYPM-HDJSIYSDSA-N
28242449,CHEMBL5736402,B,Cn1cnc2ncn(Cc3nn(CCc4ccc(-c5ccccc5)cc4)c(=O)o3)c(=O)c21,,CHEMBL5728262,2021,CHEMBL5799314,6.6,=,=,IC50,nM,251.0,IC50,nM,251.0,Cn1cnc2ncn(Cc3nn(CCc4ccc(-c5ccccc5)cc4)c(=O)o3)c(=O)c21,SCDFLVQWVCBTRY-UHFFFAOYSA-N
28242452,CHEMBL5736402,B,Cn1cc(C#N)c2ncn(Cc3nn(CCc4ccc(Cl)cc4)c(=O)o3)c(=O)c21,,CHEMBL5728262,2021,CHEMBL5931002,6.78,=,=,IC50,nM,168.0,IC50,nM,168.0,Cn1cc(C#N)c2ncn(Cc3nn(CCc4ccc(Cl)cc4)c(=O)o3)c(=O)c21,RFXWMKXVVDBBLS-UHFFFAOYSA-N
28242455,CHEMBL5736402,B,Cc1ccc(=O)n2ccn(Cc3nn([C@H]4C[C@H](c5ccc(Cl)cc5)C4)c(=O)o3)c(=O)c12,,CHEMBL5728262,2021,CHEMBL5958693,7.39,=,=,IC50,nM,40.3,IC50,nM,40.3,Cc1ccc(=O)n2ccn(Cc3nn([C@H]4C[C@H](c5ccc(Cl)cc5)C4)c(=O)o3)c(=O)c12,YSAHIYORNYLDMN-JCNLHEQBSA-N
28242458,CHEMBL5736402,B,Cn1cnc2ncn(Cc3nn([C@H]4C[C@H](c5ccc(Cl)cc5)C4)c(=O)o3)c(=O)c21,,CHEMBL5728262,2021,CHEMBL4865298,7.65,=,=,IC50,nM,22.6,IC50,nM,22.6,Cn1cnc2ncn(Cc3nn([C@H]4C[C@H](c5ccc(Cl)cc5)C4)c(=O)o3)c(=O)c21,CYWFSLKYTRCPPA-MQMHXKEQSA-N
28242461,CHEMBL5736402,B,Cn1cnc2ncn(Cc3nn([C@H]4C[C@H](c5ccc(Cl)cc5)C4)c(=O)o3)c(=O)c21,,CHEMBL5728262,2021,CHEMBL4865298,7.55,=,=,IC50,nM,28.4,IC50,nM,28.4,Cn1cnc2ncn(Cc3nn([C@H]4C[C@H](c5ccc(Cl)cc5)C4)c(=O)o3)c(=O)c21,CYWFSLKYTRCPPA-MQMHXKEQSA-N
28242464,CHEMBL5736402,B,Cc1cc(C#N)nc2ncn(Cc3nn([C@H]4C[C@](F)(c5ccc(F)cc5)C4)c(=O)o3)c(=O)c12,,CHEMBL5728262,2021,CHEMBL5994261,7.95,=,=,IC50,nM,11.2,IC50,nM,11.2,Cc1cc(C#N)nc2ncn(Cc3nn([C@H]4C[C@](F)(c5ccc(F)cc5)C4)c(=O)o3)c(=O)c12,OXBAGLABLAJOLY-MIRVZWSXSA-N
28242467,CHEMBL5736402,B,Cn1cnc2ncn(Cc3nn([C@H]4C[C@H](Oc5cccc(C#N)c5)C4)c(=O)o3)c(=O)c21,,CHEMBL5728262,2021,CHEMBL5751371,7.34,=,=,IC50,nM,45.5,IC50,nM,45.5,Cn1cnc2ncn(Cc3nn([C@H]4C[C@H](Oc5cccc(C#N)c5)C4)c(=O)o3)c(=O)c21,WPTBYMVYHGHIDZ-CTYIDZIISA-N
28242470,CHEMBL5736402,B,Cn1cnc2ncn(Cc3nn([C@H]4C[C@H](Oc5cccc(F)c5)C4)c(=O)o3)c(=O)c21,,CHEMBL5728262,2021,CHEMBL5928205,7.94,=,=,IC50,nM,11.5,IC50,nM,11.5,Cn1cnc2ncn(Cc3nn([C@H]4C[C@H](Oc5cccc(F)c5)C4)c(=O)o3)c(=O)c21,MNWQVIWMYZQBRS-MQMHXKEQSA-N
28242473,CHEMBL5736402,B,Cn1nnc2ncn(Cc3nn([C@H]4C[C@H](c5ccc(Cl)cc5)C4)c(=O)o3)c(=O)c21,,CHEMBL5728262,2021,CHEMBL5889320,7.11,=,=,IC50,nM,76.9,IC50,nM,76.9,Cn1nnc2ncn(Cc3nn([C@H]4C[C@H](c5ccc(Cl)cc5)C4)c(=O)o3)c(=O)c21,AXIFMPBHMMMIKY-AULYBMBSSA-N
28242476,CHEMBL5736402,B,O=c1c2cccc(=O)n2ccn1Cc1nn([C@H]2C[C@H](c3ccc(Cl)cc3)C2)c(=O)o1,,CHEMBL5728262,2021,CHEMBL5748980,7.68,=,=,IC50,nM,21.1,IC50,nM,21.1,O=c1c2cccc(=O)n2ccn1Cc1nn([C@H]2C[C@H](c3ccc(Cl)cc3)C2)c(=O)o1,LNHYIPIWVZDRTE-KOMQPUFPSA-N
28242479,CHEMBL5736402,B,Cc1ccnc2ncn(Cc3nn([C@H]4C[C@H](c5ccc6ncccc6c5)C4)c(=O)o3)c(=O)c12,,CHEMBL5728262,2021,CHEMBL6024036,7.9,=,=,IC50,nM,12.5,IC50,nM,12.5,Cc1ccnc2ncn(Cc3nn([C@H]4C[C@H](c5ccc6ncccc6c5)C4)c(=O)o3)c(=O)c12,DHGUOHDVYXFMFQ-IYARVYRRSA-N
28242482,CHEMBL5736402,B,Cc1ccnc2ncn(Cc3nn([C@@H]4CC[C@@H](c5ccc(F)cc5)C4)c(=O)o3)c(=O)c12,,CHEMBL5728262,2021,CHEMBL6057251,8.32,=,=,IC50,nM,4.76,IC50,nM,4.76,Cc1ccnc2ncn(Cc3nn([C@@H]4CC[C@@H](c5ccc(F)cc5)C4)c(=O)o3)c(=O)c12,ZESGFLRFTSROCX-NVXWUHKLSA-N
28242485,CHEMBL5736402,B,Cn1cnc2ncn(Cc3nn([C@H]4C[C@H](Oc5ccccc5)C4)c(=O)o3)c(=O)c21,,CHEMBL5728262,2021,CHEMBL5772230,7.25,=,=,IC50,nM,56.9,IC50,nM,56.9,Cn1cnc2ncn(Cc3nn([C@H]4C[C@H](Oc5ccccc5)C4)c(=O)o3)c(=O)c21,NMXYAUFQQIWAEC-MQMHXKEQSA-N
28242488,CHEMBL5736402,B,Cn1cnc2ncn(Cc3nn([C@H]4C[C@H](Oc5ccc(Cl)cc5)C4)c(=O)o3)c(=O)c21,,CHEMBL5728262,2021,CHEMBL5999476,6.11,=,=,IC50,nM,785.0,IC50,nM,785.0,Cn1cnc2ncn(Cc3nn([C@H]4C[C@H](Oc5ccc(Cl)cc5)C4)c(=O)o3)c(=O)c21,YCPKIIGXUMZROC-MQMHXKEQSA-N
28242491,CHEMBL5736402,B,Cn1cnc2ncn(Cc3nn([C@H]4C[C@H](Oc5cccc(Cl)c5)C4)c(=O)o3)c(=O)c21,,CHEMBL5728262,2021,CHEMBL5076999,7.75,=,=,IC50,nM,17.7,IC50,nM,17.7,Cn1cnc2ncn(Cc3nn([C@H]4C[C@H](Oc5cccc(Cl)c5)C4)c(=O)o3)c(=O)c21,ZXZGHARNRVRJPP-MQMHXKEQSA-N
28242494,CHEMBL5736402,B,Cn1cnc2ncn(Cc3nn([C@H]4C[C@H](c5ccc(C#N)cc5)C4)c(=O)o3)c(=O)c21,,CHEMBL5728262,2021,CHEMBL5819322,7.22,=,=,IC50,nM,59.7,IC50,nM,59.7,Cn1cnc2ncn(Cc3nn([C@H]4C[C@H](c5ccc(C#N)cc5)C4)c(=O)o3)c(=O)c21,SSKORUNHYXULOP-SHTZXODSSA-N
28242497,CHEMBL5736402,B,O=c1c2c(Cl)ccnc2ncn1Cc1nn([C@H]2C[C@H](c3ccc(Cl)cc3)C2)c(=O)o1,,CHEMBL5728262,2021,CHEMBL5957350,8.23,=,=,IC50,nM,5.88,IC50,nM,5.88,O=c1c2c(Cl)ccnc2ncn1Cc1nn([C@H]2C[C@H](c3ccc(Cl)cc3)C2)c(=O)o1,VMPWGDIXDVYPGX-MQMHXKEQSA-N
28242500,CHEMBL5736402,B,Cn1cnc2ncn(Cc3nn(CCCOc4cccc(F)c4)c(=O)o3)c(=O)c21,,CHEMBL5728262,2021,CHEMBL6031550,7.11,=,=,IC50,nM,77.5,IC50,nM,77.5,Cn1cnc2ncn(Cc3nn(CCCOc4cccc(F)c4)c(=O)o3)c(=O)c21,UENMERGMSLVGMM-UHFFFAOYSA-N
28242503,CHEMBL5736402,B,Cc1ccnc2ncn(Cc3nn([C@H]4C[C@](F)(c5cccc(F)c5)C4)c(=O)o3)c(=O)c12,,CHEMBL5728262,2021,CHEMBL5926714,7.39,=,=,IC50,nM,40.5,IC50,nM,40.5,Cc1ccnc2ncn(Cc3nn([C@H]4C[C@](F)(c5cccc(F)c5)C4)c(=O)o3)c(=O)c12,CZSWXNBPJXPCFZ-GGYDESQDSA-N
28242506,CHEMBL5736402,B,Cn1cnc2ncn(Cc3nn([C@@H]4CC[C@@H](c5cccc(F)c5)C4)c(=O)o3)c(=O)c21,,CHEMBL5728262,2021,CHEMBL6035319,7.12,=,=,IC50,nM,75.8,IC50,nM,75.8,Cn1cnc2ncn(Cc3nn([C@@H]4CC[C@@H](c5cccc(F)c5)C4)c(=O)o3)c(=O)c21,UXBMNEVNXIVWQJ-UKRRQHHQSA-N
28242509,CHEMBL5736402,B,Cc1ccnc2ncn(Cc3nn([C@H]4C[C@](F)(c5ccc(C#N)cc5)C4)c(=O)o3)c(=O)c12,,CHEMBL5728262,2021,CHEMBL5867419,7.67,=,=,IC50,nM,21.4,IC50,nM,21.4,Cc1ccnc2ncn(Cc3nn([C@H]4C[C@](F)(c5ccc(C#N)cc5)C4)c(=O)o3)c(=O)c12,NMCHHCFFFJAHSG-MIRVZWSXSA-N
28242512,CHEMBL5736402,B,O=c1c2cccnc2ncn1Cc1nn([C@@H]2CC[C@@H](c3ccc(F)cc3)C2)c(=O)o1,,CHEMBL5728262,2021,CHEMBL5771488,7.39,=,=,IC50,nM,40.6,IC50,nM,40.6,O=c1c2cccnc2ncn1Cc1nn([C@@H]2CC[C@@H](c3ccc(F)cc3)C2)c(=O)o1,LPLVBOWGFAEFOE-GDBMZVCRSA-N
28242515,CHEMBL5736402,B,Cc1ccnc2ncn(Cc3nn([C@H]4C[C@H](c5ccc(C#N)cc5)C4)c(=O)o3)c(=O)c12,,CHEMBL5728262,2021,CHEMBL5788874,8.59,=,=,IC50,nM,2.58,IC50,nM,2.58,Cc1ccnc2ncn(Cc3nn([C@H]4C[C@H](c5ccc(C#N)cc5)C4)c(=O)o3)c(=O)c12,WJZXCEKQIHMNMF-QAQDUYKDSA-N
28242518,CHEMBL5736402,B,Cc1ccnc2ncn(Cc3nn(C[C@H](F)c4ccc(OC(F)F)cc4)c(=O)o3)c(=O)c12,,CHEMBL5728262,2021,CHEMBL5758289,7.92,=,=,IC50,nM,11.9,IC50,nM,11.9,Cc1ccnc2ncn(Cc3nn(C[C@H](F)c4ccc(OC(F)F)cc4)c(=O)o3)c(=O)c12,IGOGZZUWJQNUTI-AWEZNQCLSA-N
28242521,CHEMBL5736402,B,O=c1c2cccnc2ncn1Cc1nn(C[C@H](F)c2ccc(OC(F)F)cc2)c(=O)o1,,CHEMBL5728262,2021,CHEMBL5790786,7.3,=,=,IC50,nM,50.0,IC50,nM,50.0,O=c1c2cccnc2ncn1Cc1nn(C[C@H](F)c2ccc(OC(F)F)cc2)c(=O)o1,GUGRIVXZTJXLBP-AWEZNQCLSA-N
28242524,CHEMBL5736402,B,Cn1cnc2ncn(Cc3nn([C@@H]4C[C@@H](F)[C@@H](c5ccc(Cl)cc5)C4)c(=O)o3)c(=O)c21,,CHEMBL5728262,2021,CHEMBL6051649,7.36,=,=,IC50,nM,43.9,IC50,nM,43.9,Cn1cnc2ncn(Cc3nn([C@@H]4C[C@@H](F)[C@@H](c5ccc(Cl)cc5)C4)c(=O)o3)c(=O)c21,CIYDGMDZVSRZAF-RRFJBIMHSA-N
28242527,CHEMBL5736402,B,Cn1c(=O)ccc2ncn(Cc3nn([C@H]4C[C@H](c5ccc(Cl)cc5)C4)c(=O)o3)c(=O)c21,,CHEMBL5728262,2021,CHEMBL5771685,7.82,=,=,IC50,nM,15.2,IC50,nM,15.2,Cn1c(=O)ccc2ncn(Cc3nn([C@H]4C[C@H](c5ccc(Cl)cc5)C4)c(=O)o3)c(=O)c21,JOVMFRRSFHVPLP-CTYIDZIISA-N
28242530,CHEMBL5736402,B,Cn1cnc2ncn(Cc3nn(C[C@H](F)c4cccc(Cl)c4)c(=O)o3)c(=O)c21,,CHEMBL5728262,2021,CHEMBL5875272,6.78,=,=,IC50,nM,166.0,IC50,nM,166.0,Cn1cnc2ncn(Cc3nn(C[C@H](F)c4cccc(Cl)c4)c(=O)o3)c(=O)c21,IXARYBWPLJADQF-LBPRGKRZSA-N
28242533,CHEMBL5736402,B,Cc1ccnc2ncn(Cc3nn(CCCOc4cccc(Cl)c4)c(=O)o3)c(=O)c12,,CHEMBL5728262,2021,CHEMBL5907284,8.2,=,=,IC50,nM,6.34,IC50,nM,6.34,Cc1ccnc2ncn(Cc3nn(CCCOc4cccc(Cl)c4)c(=O)o3)c(=O)c12,USDCLRVAPBYPTA-UHFFFAOYSA-N
28242536,CHEMBL5736402,B,Cn1cnc2ncn(Cc3nn(CCCOc4cccc(Cl)c4)c(=O)o3)c(=O)c21,,CHEMBL5728262,2021,CHEMBL5093218,7.65,=,=,IC50,nM,22.6,IC50,nM,22.6,Cn1cnc2ncn(Cc3nn(CCCOc4cccc(Cl)c4)c(=O)o3)c(=O)c21,LFVOFPFXYXXTEY-UHFFFAOYSA-N
28242539,CHEMBL5736402,B,Cn1c(=O)ccc2ncn(Cc3nn(C[C@H](F)c4ccc(Cl)cc4)c(=O)o3)c(=O)c21,,CHEMBL5728262,2021,CHEMBL5807741,7.36,=,=,IC50,nM,43.8,IC50,nM,43.8,Cn1c(=O)ccc2ncn(Cc3nn(C[C@H](F)c4ccc(Cl)cc4)c(=O)o3)c(=O)c21,LFYAILSQQZVGPM-ZDUSSCGKSA-N
28242542,CHEMBL5736402,B,Cc1ccnc2ncn(Cc3nn([C@H]4C[C@H](c5ccc(F)cc5)C4)c(=O)o3)c(=O)c12,,CHEMBL5728262,2021,CHEMBL6005929,8.24,=,=,IC50,nM,5.76,IC50,nM,5.76,Cc1ccnc2ncn(Cc3nn([C@H]4C[C@H](c5ccc(F)cc5)C4)c(=O)o3)c(=O)c12,HBBABCXLFVDQFV-KOMQPUFPSA-N
28242545,CHEMBL5736402,B,Cn1cnc2cnn(Cc3nn([C@H]4C[C@H](c5ccc(Cl)cc5)C4)c(=O)o3)c(=O)c21,,CHEMBL5728262,2021,CHEMBL5953423,7.34,=,=,IC50,nM,45.7,IC50,nM,45.7,Cn1cnc2cnn(Cc3nn([C@H]4C[C@H](c5ccc(Cl)cc5)C4)c(=O)o3)c(=O)c21,SILAPDUQPMKZOP-MQMHXKEQSA-N
28242548,CHEMBL5736402,B,O=c1c2cccnc2cnn1Cc1nn([C@H]2C[C@H](c3ccc(Cl)cc3)C2)c(=O)o1,,CHEMBL5728262,2021,CHEMBL5875208,7.1,=,=,IC50,nM,79.9,IC50,nM,79.9,O=c1c2cccnc2cnn1Cc1nn([C@H]2C[C@H](c3ccc(Cl)cc3)C2)c(=O)o1,RONHBRICLKDFKA-CTYIDZIISA-N
28242551,CHEMBL5736402,B,Cc1noc2ncn(Cc3nn([C@H]4C[C@H](c5ccc(Cl)cc5)C4)c(=O)o3)c(=O)c12,,CHEMBL5728262,2021,CHEMBL5925924,7.44,=,=,IC50,nM,36.2,IC50,nM,36.2,Cc1noc2ncn(Cc3nn([C@H]4C[C@H](c5ccc(Cl)cc5)C4)c(=O)o3)c(=O)c12,ANROYDNBUBEGHC-MQMHXKEQSA-N
28242554,CHEMBL5736402,B,Cn1cnc2ncn(Cc3nn([C@@H]4CC[C@@H](c5ccc(F)cc5)C4)c(=O)o3)c(=O)c21,,CHEMBL5728262,2021,CHEMBL5907744,8.08,=,=,IC50,nM,8.26,IC50,nM,8.26,Cn1cnc2ncn(Cc3nn([C@@H]4CC[C@@H](c5ccc(F)cc5)C4)c(=O)o3)c(=O)c21,WRJCSDBKLNHRAA-UKRRQHHQSA-N
28242557,CHEMBL5736402,B,Cc1cc(C#N)nc2ncn(Cc3nn([C@H]4C[C@H](c5ccc(Cl)cc5)C4)c(=O)o3)c(=O)c12,,CHEMBL5728262,2021,CHEMBL5821016,8.31,=,=,IC50,nM,4.84,IC50,nM,4.84,Cc1cc(C#N)nc2ncn(Cc3nn([C@H]4C[C@H](c5ccc(Cl)cc5)C4)c(=O)o3)c(=O)c12,WANOURMQWPDLQC-CZIWCDLHSA-N
28242560,CHEMBL5736402,B,O=c1c2cccnc2ncn1Cc1nn([C@H]2C[C@](F)(c3ccc(Cl)cc3)C2)c(=O)o1,,CHEMBL5728262,2021,CHEMBL5944119,7.78,=,=,IC50,nM,16.8,IC50,nM,16.8,O=c1c2cccnc2ncn1Cc1nn([C@H]2C[C@](F)(c3ccc(Cl)cc3)C2)c(=O)o1,GNNUMLYAKUEIDE-LDTOLXSISA-N
28242563,CHEMBL5736402,B,O=c1c2cccnc2ncn1Cc1nn(C[C@H](F)c2ccc(Cl)cc2)c(=O)o1,,CHEMBL5728262,2021,CHEMBL5752077,7.31,=,=,IC50,nM,48.5,IC50,nM,48.5,O=c1c2cccnc2ncn1Cc1nn(C[C@H](F)c2ccc(Cl)cc2)c(=O)o1,UNDOEYISHOZRKE-AWEZNQCLSA-N
28242566,CHEMBL5736402,B,Cc1ccnc2ncn(Cc3nn([C@H]4C[C@](F)(c5ccc(F)cc5)C4)c(=O)o3)c(=O)c12,,CHEMBL5728262,2021,CHEMBL5962477,7.75,=,=,IC50,nM,18.0,IC50,nM,18.0,Cc1ccnc2ncn(Cc3nn([C@H]4C[C@](F)(c5ccc(F)cc5)C4)c(=O)o3)c(=O)c12,BLKRXSROXNOPPY-GGYDESQDSA-N
28242569,CHEMBL5736402,B,Cn1cnc2ncn(Cc3nn([C@H]4C[C@](F)(c5ccc(F)cc5)C4)c(=O)o3)c(=O)c21,,CHEMBL5728262,2021,CHEMBL5773844,7.1,=,=,IC50,nM,80.2,IC50,nM,80.2,Cn1cnc2ncn(Cc3nn([C@H]4C[C@](F)(c5ccc(F)cc5)C4)c(=O)o3)c(=O)c21,AKZZSBPAHSIOBC-XVDXERDNSA-N
28242572,CHEMBL5736402,B,O=c1c2cccnc2ncn1Cc1nn([C@H]2C[C@H](c3ccc(Cl)cc3)C2)c(=O)o1,,CHEMBL5728262,2021,CHEMBL5779407,7.79,=,=,IC50,nM,16.2,IC50,nM,16.2,O=c1c2cccnc2ncn1Cc1nn([C@H]2C[C@H](c3ccc(Cl)cc3)C2)c(=O)o1,SFQUEYCZYVQMRY-CTYIDZIISA-N
28242575,CHEMBL5736402,B,Cc1ccnc2ncn(Cc3nn([C@H]4C[C@@](F)(c5ccc(C(F)(F)F)cc5)C4)c(=O)o3)c(=O)c12,,CHEMBL5728262,2021,CHEMBL5766397,7.24,=,=,IC50,nM,57.3,IC50,nM,57.3,Cc1ccnc2ncn(Cc3nn([C@H]4C[C@@](F)(c5ccc(C(F)(F)F)cc5)C4)c(=O)o3)c(=O)c12,GKROVECUBNNFBQ-WEHONNDLSA-N
28242578,CHEMBL5736402,B,Cn1cnc2ncn(Cc3nn([C@@H]4CC[C@@H](c5ccc(Cl)cc5)C4)c(=O)o3)c(=O)c21,,CHEMBL5728262,2021,CHEMBL5091195,8.02,=,=,IC50,nM,9.59,IC50,nM,9.59,Cn1cnc2ncn(Cc3nn([C@@H]4CC[C@@H](c5ccc(Cl)cc5)C4)c(=O)o3)c(=O)c21,INRPAICZXVSURJ-UKRRQHHQSA-N
28242581,CHEMBL5736402,B,Cn1cnc2ncn(Cc3nn([C@@H]4CC[C@@H](c5cccc(Cl)c5)C4)c(=O)o3)c(=O)c21,,CHEMBL5728262,2021,CHEMBL6060769,7.44,=,=,IC50,nM,36.1,IC50,nM,36.1,Cn1cnc2ncn(Cc3nn([C@@H]4CC[C@@H](c5cccc(Cl)c5)C4)c(=O)o3)c(=O)c21,SKLLQNALHJGISD-UKRRQHHQSA-N
28242584,CHEMBL5736402,B,Cn1cnc2ncn(Cc3nn([C@H]4C[C@H](c5ccc(OC(F)F)cc5)C4)c(=O)o3)c(=O)c21,,CHEMBL5728262,2021,CHEMBL5987810,7.58,=,=,IC50,nM,26.0,IC50,nM,26.0,Cn1cnc2ncn(Cc3nn([C@H]4C[C@H](c5ccc(OC(F)F)cc5)C4)c(=O)o3)c(=O)c21,ZOHYTOOFZMTKLL-JOCQHMNTSA-N
28242587,CHEMBL5736402,B,Cc1ccnc2ncn(Cc3nn([C@H]4C[C@](F)(c5ccc(Cl)cc5)C4)c(=O)o3)c(=O)c12,,CHEMBL5728262,2021,CHEMBL5755565,7.53,=,=,IC50,nM,29.6,IC50,nM,29.6,Cc1ccnc2ncn(Cc3nn([C@H]4C[C@](F)(c5ccc(Cl)cc5)C4)c(=O)o3)c(=O)c12,AOZCJXPKMNJCQR-GGYDESQDSA-N
28242590,CHEMBL5736402,B,Cn1cnc2ncn(Cc3nn([C@H]4C[C@](F)(c5ccc(Cl)cc5)C4)c(=O)o3)c(=O)c21,,CHEMBL5728262,2021,CHEMBL5780362,7.19,=,=,IC50,nM,64.0,IC50,nM,64.0,Cn1cnc2ncn(Cc3nn([C@H]4C[C@](F)(c5ccc(Cl)cc5)C4)c(=O)o3)c(=O)c21,HBROHCUKWVIOIZ-XVDXERDNSA-N
28242593,CHEMBL5736402,B,Cn1cnc2ncn(Cc3nn([C@H]4C[C@H](c5ccc(Cl)c(F)c5)C4)c(=O)o3)c(=O)c21,,CHEMBL5728262,2021,CHEMBL5891586,7.52,=,=,IC50,nM,29.9,IC50,nM,29.9,Cn1cnc2ncn(Cc3nn([C@H]4C[C@H](c5ccc(Cl)c(F)c5)C4)c(=O)o3)c(=O)c21,XGTNKOQJOGMILW-HAQNSBGRSA-N
28242596,CHEMBL5736402,B,Cc1ccnc2ncn(Cc3nn([C@H]4C[C@H](c5ccc(Cl)cc5)C4)c(=O)o3)c(=O)c12,,CHEMBL5728262,2021,CHEMBL6041401,8.2,=,=,IC50,nM,6.3,IC50,nM,6.3,Cc1ccnc2ncn(Cc3nn([C@H]4C[C@H](c5ccc(Cl)cc5)C4)c(=O)o3)c(=O)c12,RXBHBVLYZQAGOZ-KOMQPUFPSA-N
28242599,CHEMBL5736402,B,Cn1cnc2ncn(Cc3nn([C@H]4CC[C@H](c5ccccc5)C4)c(=O)o3)c(=O)c21,,CHEMBL5728262,2021,CHEMBL5953252,6.81,=,=,IC50,nM,156.0,IC50,nM,156.0,Cn1cnc2ncn(Cc3nn([C@H]4CC[C@H](c5ccccc5)C4)c(=O)o3)c(=O)c21,ABOASBRALGFDPQ-GJZGRUSLSA-N
28242602,CHEMBL5736402,B,Cn1cnc2ncn(Cc3nn(C[C@H](F)c4ccc(OC(F)(F)F)cc4)c(=O)o3)c(=O)c21,,CHEMBL5728262,2021,CHEMBL5795787,7.72,=,=,IC50,nM,19.1,IC50,nM,19.1,Cn1cnc2ncn(Cc3nn(C[C@H](F)c4ccc(OC(F)(F)F)cc4)c(=O)o3)c(=O)c21,CRMCPZOEWQJMFS-LBPRGKRZSA-N
28242605,CHEMBL5736402,B,Cn1cnc2ncn(Cc3nn(C[C@H](F)c4ccc(OC(F)F)cc4)c(=O)o3)c(=O)c21,,CHEMBL5728262,2021,CHEMBL6033089,7.09,=,=,IC50,nM,81.3,IC50,nM,81.3,Cn1cnc2ncn(Cc3nn(C[C@H](F)c4ccc(OC(F)F)cc4)c(=O)o3)c(=O)c21,VOMFXUVVWBXJSA-LBPRGKRZSA-N
28242608,CHEMBL5736402,B,Cn1cnc2ncn(Cc3nn([C@H]4C[C@H](c5ccc(C(F)(F)F)cc5)C4)c(=O)o3)c(=O)c21,,CHEMBL5728262,2021,CHEMBL6049509,7.05,=,=,IC50,nM,90.0,IC50,nM,90.0,Cn1cnc2ncn(Cc3nn([C@H]4C[C@H](c5ccc(C(F)(F)F)cc5)C4)c(=O)o3)c(=O)c21,JUUGPJIRMPHSLY-MQMHXKEQSA-N
28242611,CHEMBL5736402,B,Cn1cnc2ncn(Cc3nn([C@H]4C[C@H](c5ccc(F)cc5)C4)c(=O)o3)c(=O)c21,,CHEMBL5728262,2021,CHEMBL6053766,7.19,=,=,IC50,nM,64.8,IC50,nM,64.8,Cn1cnc2ncn(Cc3nn([C@H]4C[C@H](c5ccc(F)cc5)C4)c(=O)o3)c(=O)c21,SJYUOIRAPYIRKY-MQMHXKEQSA-N
28242614,CHEMBL5736402,B,Cn1cnc2ncn(Cc3nn([C@H]4C[C@H](c5ccc6ccccc6c5)C4)c(=O)o3)c(=O)c21,,CHEMBL5728262,2021,CHEMBL5952845,7.75,=,=,IC50,nM,17.8,IC50,nM,17.8,Cn1cnc2ncn(Cc3nn([C@H]4C[C@H](c5ccc6ccccc6c5)C4)c(=O)o3)c(=O)c21,CANXPAGDHYDXAS-IYARVYRRSA-N
28522514,CHEMBL5737447,B,Cc1noc(Cn2c(=O)[nH]c3ncn(C(C)C(=O)Nc4cccc(-c5cnc(C(F)(F)F)nc5)n4)c3c2=O)n1,,CHEMBL5728782,2021,CHEMBL5955772,6.25,=,=,IC50,nM,559.0,IC50,nM,559.0,Cc1noc(Cn2c(=O)[nH]c3ncn(C(C)C(=O)Nc4cccc(-c5cnc(C(F)(F)F)nc5)n4)c3c2=O)n1,QUPNHARNJUEBBN-UHFFFAOYSA-N
28522517,CHEMBL5737447,B,CC(=O)NC(=O)Cn1c(=O)c2c(ncn2[C@@H](C)C(=O)Nc2cncc(-c3cnc(C(F)(F)F)nc3)n2)n(C)c1=O,,CHEMBL5728782,2021,CHEMBL5817995,6.76,=,=,IC50,nM,172.0,IC50,nM,172.0,CC(=O)NC(=O)Cn1c(=O)c2c(ncn2[C@@H](C)C(=O)Nc2cncc(-c3cnc(C(F)(F)F)nc3)n2)n(C)c1=O,SVCDWQHTFLFQMQ-JTQLQIEISA-N
28522520,CHEMBL5737447,B,CC(=O)NC(=O)Cn1c(=O)c2c(ncn2[C@@H](C)C(=O)Nc2cccc(-c3cnc(C(F)(F)F)nc3)n2)n(C)c1=O,,CHEMBL5728782,2021,CHEMBL5763205,7.32,=,=,IC50,nM,47.6,IC50,nM,47.6,CC(=O)NC(=O)Cn1c(=O)c2c(ncn2[C@@H](C)C(=O)Nc2cccc(-c3cnc(C(F)(F)F)nc3)n2)n(C)c1=O,JBIXZNRRVYTXMJ-NSHDSACASA-N
28522523,CHEMBL5737447,B,C[C@@H](C(=O)Nc1cncc(-c2cnc(C(F)(F)F)nc2)n1)n1cnc2c1c(=O)n(CC(N)=O)c(=O)n2C,,CHEMBL5728782,2021,CHEMBL5904170,5.15,=,=,IC50,nM,7090.0,IC50,nM,7090.0,C[C@@H](C(=O)Nc1cncc(-c2cnc(C(F)(F)F)nc2)n1)n1cnc2c1c(=O)n(CC(N)=O)c(=O)n2C,IISOYMVRUVZMSW-VIFPVBQESA-N
28522526,CHEMBL5737447,B,C[C@@H](C(=O)Nc1cccc(-c2cnc(C(F)(F)F)nc2)n1)n1cnc2c1c(=O)n(CC(N)=O)c(=O)n2C,,CHEMBL5728782,2021,CHEMBL5918372,6.25,=,=,IC50,nM,566.0,IC50,nM,566.0,C[C@@H](C(=O)Nc1cccc(-c2cnc(C(F)(F)F)nc2)n1)n1cnc2c1c(=O)n(CC(N)=O)c(=O)n2C,AXPFEEJMCXUHQD-JTQLQIEISA-N
28530209,CHEMBL5737489,B,Cc1c(C(N)=O)sc2ncn(Cc3nc(C[C@H](O)c4ccc(Cl)cc4)no3)c(=O)c12,,CHEMBL5728802,2021,CHEMBL4869839,7.89,=,=,IC50,nM,13.0,IC50,nM,13.0,Cc1c(C(N)=O)sc2ncn(Cc3nc(C[C@H](O)c4ccc(Cl)cc4)no3)c(=O)c12,RVGJWMWMMBRESO-LBPRGKRZSA-N
28530212,CHEMBL5737489,B,Cc1ccc([C@@H](O)Cc2noc(Cn3cnc4sc(C(N)=O)c(C)c4c3=O)n2)cc1,,CHEMBL5728802,2021,CHEMBL5901314,7.7,=,=,IC50,nM,20.0,IC50,nM,20.0,Cc1ccc([C@@H](O)Cc2noc(Cn3cnc4sc(C(N)=O)c(C)c4c3=O)n2)cc1,VULWTIVIQWVISE-ZDUSSCGKSA-N
28530215,CHEMBL5737489,B,Cc1c(C(N)=O)sc2ncn(Cc3nc(C[C@H](O)c4cc5ccccc5o4)no3)c(=O)c12,,CHEMBL5728802,2021,CHEMBL4848827,7.72,=,=,IC50,nM,19.0,IC50,nM,19.0,Cc1c(C(N)=O)sc2ncn(Cc3nc(C[C@H](O)c4cc5ccccc5o4)no3)c(=O)c12,UFPYGNKXLRNGEZ-LBPRGKRZSA-N
28530218,CHEMBL5737489,B,Cc1c(C(N)=O)sc2ncn(Cc3nc(C[C@H](O)c4ccc(F)cc4)no3)c(=O)c12,,CHEMBL5728802,2021,CHEMBL5777540,7.48,=,=,IC50,nM,33.0,IC50,nM,33.0,Cc1c(C(N)=O)sc2ncn(Cc3nc(C[C@H](O)c4ccc(F)cc4)no3)c(=O)c12,JCPXMGFJZJLKIN-LBPRGKRZSA-N
28530221,CHEMBL5737489,B,Cc1c(C(N)=O)sc2ncn(Cc3nc(C[C@H](O)c4ccc(F)c(F)c4)no3)c(=O)c12,,CHEMBL5728802,2021,CHEMBL5951464,7.32,=,=,IC50,nM,48.0,IC50,nM,48.0,Cc1c(C(N)=O)sc2ncn(Cc3nc(C[C@H](O)c4ccc(F)c(F)c4)no3)c(=O)c12,TUAFGKSMMBBDOF-LBPRGKRZSA-N
28530224,CHEMBL5737489,B,Cc1c(C(N)=O)sc2ncn(Cc3nc(C[C@H](O)c4cc(F)cc(F)c4)no3)c(=O)c12,,CHEMBL5728802,2021,CHEMBL4851706,7.32,=,=,IC50,nM,48.0,IC50,nM,48.0,Cc1c(C(N)=O)sc2ncn(Cc3nc(C[C@H](O)c4cc(F)cc(F)c4)no3)c(=O)c12,UTHLYYCFCKJWHC-LBPRGKRZSA-N
28530227,CHEMBL5737489,B,Cc1c(C(N)=O)sc2ncn(Cc3nc(C[C@H](O)c4ccc5c(c4)OC(F)(F)O5)no3)c(=O)c12,,CHEMBL5728802,2021,CHEMBL5785827,7.47,=,=,IC50,nM,34.0,IC50,nM,34.0,Cc1c(C(N)=O)sc2ncn(Cc3nc(C[C@H](O)c4ccc5c(c4)OC(F)(F)O5)no3)c(=O)c12,NSPJVTHVINFJSX-JTQLQIEISA-N
28530230,CHEMBL5737489,B,Cc1c(C(N)=O)sc2ncn(Cc3nc(C[C@H](O)c4ccc5c(c4)OCO5)no3)c(=O)c12,,CHEMBL5728802,2021,CHEMBL4868010,7.25,=,=,IC50,nM,56.0,IC50,nM,56.0,Cc1c(C(N)=O)sc2ncn(Cc3nc(C[C@H](O)c4ccc5c(c4)OCO5)no3)c(=O)c12,JGFBRLGZGJYISU-NSHDSACASA-N
28530233,CHEMBL5737489,B,CNC(=O)c1sc2ncn(Cc3nc(C[C@H](O)c4ccc5c(c4)OCO5)no3)c(=O)c2c1C,,CHEMBL5728802,2021,CHEMBL4854825,7.11,=,=,IC50,nM,78.0,IC50,nM,78.0,CNC(=O)c1sc2ncn(Cc3nc(C[C@H](O)c4ccc5c(c4)OCO5)no3)c(=O)c2c1C,FOXGCOKYWRDUFO-LBPRGKRZSA-N
28530236,CHEMBL5737489,B,CNC(=O)c1sc2ncn(Cc3nc(C[C@H](O)c4ccc(F)cc4)no3)c(=O)c2c1C,,CHEMBL5728802,2021,CHEMBL5982169,7.28,=,=,IC50,nM,52.0,IC50,nM,52.0,CNC(=O)c1sc2ncn(Cc3nc(C[C@H](O)c4ccc(F)cc4)no3)c(=O)c2c1C,LWPXBBRIJUTOEP-ZDUSSCGKSA-N
28530239,CHEMBL5737489,B,CNC(=O)c1sc2ncn(Cc3nc(C[C@H](O)c4ccc(Cl)cc4)no3)c(=O)c2c1C,,CHEMBL5728802,2021,CHEMBL4866216,8.0,=,=,IC50,nM,10.0,IC50,nM,10.0,CNC(=O)c1sc2ncn(Cc3nc(C[C@H](O)c4ccc(Cl)cc4)no3)c(=O)c2c1C,KEABNWALVFPWDZ-ZDUSSCGKSA-N
28530242,CHEMBL5737489,B,Cc1c(C(=O)NCC(F)F)sc2ncn(Cc3nc(C[C@H](O)c4ccc(Cl)cc4)no3)c(=O)c12,,CHEMBL5728802,2021,CHEMBL4859608,7.82,=,=,IC50,nM,15.0,IC50,nM,15.0,Cc1c(C(=O)NCC(F)F)sc2ncn(Cc3nc(C[C@H](O)c4ccc(Cl)cc4)no3)c(=O)c12,CBZINAVQQWCRAE-ZDUSSCGKSA-N
28530245,CHEMBL5737489,B,Cc1c(C(=O)NCC(C)(C)O)sc2ncn(Cc3nc(C[C@H](O)c4ccc(Cl)cc4)no3)c(=O)c12,,CHEMBL5728802,2021,CHEMBL4847955,7.43,=,=,IC50,nM,37.0,IC50,nM,37.0,Cc1c(C(=O)NCC(C)(C)O)sc2ncn(Cc3nc(C[C@H](O)c4ccc(Cl)cc4)no3)c(=O)c12,RUDSKJYIDUAKKF-HNNXBMFYSA-N
28530248,CHEMBL5737489,B,CNC(=O)c1sc2ncn(Cc3nc(C[C@H](O)c4ccc(F)c(F)c4)no3)c(=O)c2c1C,,CHEMBL5728802,2021,CHEMBL5774582,7.48,=,=,IC50,nM,33.0,IC50,nM,33.0,CNC(=O)c1sc2ncn(Cc3nc(C[C@H](O)c4ccc(F)c(F)c4)no3)c(=O)c2c1C,WYUJVHUKAKUWIA-ZDUSSCGKSA-N
28530251,CHEMBL5737489,B,O=C1NCCc2c1sc1ncn(Cc3nc(C[C@H](O)c4ccc(Cl)cc4)no3)c(=O)c21,,CHEMBL5728802,2021,CHEMBL4848526,8.05,=,=,IC50,nM,9.0,IC50,nM,9.0,O=C1NCCc2c1sc1ncn(Cc3nc(C[C@H](O)c4ccc(Cl)cc4)no3)c(=O)c21,AGKMZNQCTOWDFF-ZDUSSCGKSA-N
28530254,CHEMBL5737489,B,NC(=O)c1sc2ncn(Cc3nc(C[C@H](O)c4ccc(Cl)cc4)no3)c(=O)c2c1Cl,,CHEMBL5728802,2021,CHEMBL4850616,7.8,=,=,IC50,nM,16.0,IC50,nM,16.0,NC(=O)c1sc2ncn(Cc3nc(C[C@H](O)c4ccc(Cl)cc4)no3)c(=O)c2c1Cl,SOBJXYFMGNTIEM-JTQLQIEISA-N
28530257,CHEMBL5737489,B,Cn1cnc2ncn(Cc3nc(CC(O)c4ccc(Cl)cc4)no3)c(=O)c21,,CHEMBL5728802,2021,CHEMBL5815220,7.44,=,=,IC50,nM,36.0,IC50,nM,36.0,Cn1cnc2ncn(Cc3nc(CC(O)c4ccc(Cl)cc4)no3)c(=O)c21,FELFYFLOCBXASZ-UHFFFAOYSA-N
28530260,CHEMBL5737489,B,Cc1nc(Br)n2ncn(Cc3nc(CC(O)c4ccc(Cl)cc4)no3)c(=O)c12,,CHEMBL5728802,2021,CHEMBL5825265,7.85,=,=,IC50,nM,14.0,IC50,nM,14.0,Cc1nc(Br)n2ncn(Cc3nc(CC(O)c4ccc(Cl)cc4)no3)c(=O)c12,KCBWYEIWBIVYQK-UHFFFAOYSA-N
28530263,CHEMBL5737489,B,Cc1nc(C)n2ncn(Cc3nc(CC(O)c4ccc(Cl)cc4)no3)c(=O)c12,,CHEMBL5728802,2021,CHEMBL5838104,7.46,=,=,IC50,nM,35.0,IC50,nM,35.0,Cc1nc(C)n2ncn(Cc3nc(CC(O)c4ccc(Cl)cc4)no3)c(=O)c12,GDJFZHALVYTABE-UHFFFAOYSA-N
28530266,CHEMBL5737489,B,Cn1c(=O)n(C)c2c(=O)n(Cc3nc(CC(O)c4ccc(Cl)cc4)no3)cnc21,,CHEMBL5728802,2021,CHEMBL5899412,7.17,=,=,IC50,nM,67.0,IC50,nM,67.0,Cn1c(=O)n(C)c2c(=O)n(Cc3nc(CC(O)c4ccc(Cl)cc4)no3)cnc21,GBZVFJQASGJXPD-UHFFFAOYSA-N
28530269,CHEMBL5737489,B,Cc1c2c(=O)n(Cc3nc(CC(O)c4ccc(Cl)cc4)no3)cnc2nn1C(C)C,,CHEMBL5728802,2021,CHEMBL5826757,7.39,=,=,IC50,nM,41.0,IC50,nM,41.0,Cc1c2c(=O)n(Cc3nc(CC(O)c4ccc(Cl)cc4)no3)cnc2nn1C(C)C,XWWLYDGDHPKEFD-UHFFFAOYSA-N
28530272,CHEMBL5737489,B,O=c1c2cccnc2ncn1Cc1nc(CC(O)c2ccc(Cl)cc2)no1,,CHEMBL5728802,2021,CHEMBL3786639,7.28,=,=,IC50,nM,52.0,IC50,nM,52.0,O=c1c2cccnc2ncn1Cc1nc(CC(O)c2ccc(Cl)cc2)no1,PIMAYQFCABRHBK-UHFFFAOYSA-N
28601582,CHEMBL5737786,B,C[C@@]1(C(=O)NCc2cc(-c3ccc(C(F)(F)F)nc3)ncn2)CCCN1S(=O)(=O)c1ccc(F)cc1,,CHEMBL5728946,2022,CHEMBL6001878,7.29,=,=,IC50,nM,51.0,IC50,nM,51.0,C[C@@]1(C(=O)NCc2cc(-c3ccc(C(F)(F)F)nc3)ncn2)CCCN1S(=O)(=O)c1ccc(F)cc1,SNLKVSGXSRSUAR-QFIPXVFZSA-N
28601585,CHEMBL5737786,B,C[C@@]1(C(=O)NCc2cc(-c3ccc(C(F)(F)F)nc3)ncn2)CCN1S(=O)(=O)c1ccc(F)cc1,,CHEMBL5728946,2022,CHEMBL6042547,7.23,=,=,IC50,nM,59.0,IC50,nM,59.0,C[C@@]1(C(=O)NCc2cc(-c3ccc(C(F)(F)F)nc3)ncn2)CCN1S(=O)(=O)c1ccc(F)cc1,SZBPQYFWTGZAMC-NRFANRHFSA-N
28601588,CHEMBL5737786,B,O=C(NCc1cc(-c2ccc(C(F)(F)F)nc2)ncn1)[C@@H]1C[C@H](F)CN1S(=O)(=O)c1ccc(F)cc1,,CHEMBL5728946,2022,CHEMBL4096004,6.09,=,=,IC50,nM,819.0,IC50,nM,819.0,O=C(NCc1cc(-c2ccc(C(F)(F)F)nc2)ncn1)[C@@H]1C[C@H](F)CN1S(=O)(=O)c1ccc(F)cc1,KISLLAVVUQSKFA-KXBFYZLASA-N
28601591,CHEMBL5737786,B,O=C(NCc1cc(-c2ccc(C(F)(F)F)nc2)ncn1)[C@@H]1C[C@@H](F)CN1S(=O)(=O)c1ccc(F)cc1,,CHEMBL5728946,2022,CHEMBL4066996,7.01,=,=,IC50,nM,97.0,IC50,nM,97.0,O=C(NCc1cc(-c2ccc(C(F)(F)F)nc2)ncn1)[C@@H]1C[C@@H](F)CN1S(=O)(=O)c1ccc(F)cc1,KISLLAVVUQSKFA-BEFAXECRSA-N
28601594,CHEMBL5737786,B,O=C(NCc1cc(-c2ccc(C(F)(F)F)cc2)ncn1)[C@@H]1C[C@@H](F)CN1S(=O)(=O)c1ccc(F)cc1,,CHEMBL5728946,2022,CHEMBL5841668,7.82,=,=,IC50,nM,15.0,IC50,nM,15.0,O=C(NCc1cc(-c2ccc(C(F)(F)F)cc2)ncn1)[C@@H]1C[C@@H](F)CN1S(=O)(=O)c1ccc(F)cc1,KNPPROPWZGMELQ-UTKZUKDTSA-N
28601597,CHEMBL5737786,B,O=C(NCc1cc(-c2ccc(C(F)(F)F)cc2)ncn1)[C@@H]1C[C@@H](F)CN1S(=O)(=O)c1cccc(F)c1,,CHEMBL5728946,2022,CHEMBL5993133,7.64,=,=,IC50,nM,23.0,IC50,nM,23.0,O=C(NCc1cc(-c2ccc(C(F)(F)F)cc2)ncn1)[C@@H]1C[C@@H](F)CN1S(=O)(=O)c1cccc(F)c1,OIMOSWUWUIXKEC-UTKZUKDTSA-N
28601600,CHEMBL5737786,B,C[C@@]1(C(=O)NCc2cc(-c3ccc(C(F)(F)F)cn3)ncn2)CCCN1S(=O)(=O)c1ccc(F)cc1,,CHEMBL5728946,2022,CHEMBL5903265,6.57,=,=,IC50,nM,268.0,IC50,nM,268.0,C[C@@]1(C(=O)NCc2cc(-c3ccc(C(F)(F)F)cn3)ncn2)CCCN1S(=O)(=O)c1ccc(F)cc1,HFJZCGUXBLVWRY-QFIPXVFZSA-N
28601603,CHEMBL5737786,B,O=C(NCc1cc(-c2ccc(C(F)(F)F)nc2)ncn1)[C@]1(CO)CCCN1S(=O)(=O)c1ccc(F)cc1,,CHEMBL5728946,2022,CHEMBL5925329,6.55,=,=,IC50,nM,284.0,IC50,nM,284.0,O=C(NCc1cc(-c2ccc(C(F)(F)F)nc2)ncn1)[C@]1(CO)CCCN1S(=O)(=O)c1ccc(F)cc1,CMKRUJONJACVHU-JOCHJYFZSA-N
28601606,CHEMBL5737786,B,O=C(NCc1cc(-c2ccc(C(F)(F)F)nc2)c(F)cn1)[C@@H]1C[C@@H](F)CN1S(=O)(=O)c1ccc(F)cc1,,CHEMBL5728946,2022,CHEMBL6024166,7.7,=,=,IC50,nM,20.0,IC50,nM,20.0,O=C(NCc1cc(-c2ccc(C(F)(F)F)nc2)c(F)cn1)[C@@H]1C[C@@H](F)CN1S(=O)(=O)c1ccc(F)cc1,ZXWITAARDYYKLO-QRWLVFNGSA-N
28601609,CHEMBL5737786,B,O=C(NCc1cc(-c2ccc(C(F)(F)F)nc2)ncc1F)[C@@H]1C[C@@H](F)CN1S(=O)(=O)c1ccc(F)cc1,,CHEMBL5728946,2022,CHEMBL5989168,7.77,=,=,IC50,nM,17.0,IC50,nM,17.0,O=C(NCc1cc(-c2ccc(C(F)(F)F)nc2)ncc1F)[C@@H]1C[C@@H](F)CN1S(=O)(=O)c1ccc(F)cc1,XSCCGKSIBNQWIP-UZLBHIALSA-N
28601612,CHEMBL5737786,B,O=C(NCc1cn(-c2ccc(C(F)(F)F)nc2)nc1C1CC1)[C@@H]1C[C@@H](F)CN1S(=O)(=O)c1ccc(F)cc1,,CHEMBL5728946,2022,CHEMBL5881244,7.26,=,=,IC50,nM,55.0,IC50,nM,55.0,O=C(NCc1cn(-c2ccc(C(F)(F)F)nc2)nc1C1CC1)[C@@H]1C[C@@H](F)CN1S(=O)(=O)c1ccc(F)cc1,OSASTMYQPFYXAS-XLIONFOSSA-N
28601615,CHEMBL5737786,B,O=C(NCc1cn(-c2ccc(C(F)(F)F)nc2)nc1Cl)[C@@H]1C[C@@H](F)CN1S(=O)(=O)c1ccc(F)cc1,,CHEMBL5728946,2022,CHEMBL5938880,7.52,=,=,IC50,nM,30.0,IC50,nM,30.0,O=C(NCc1cn(-c2ccc(C(F)(F)F)nc2)nc1Cl)[C@@H]1C[C@@H](F)CN1S(=O)(=O)c1ccc(F)cc1,OCPANKWZNDYWSE-PBHICJAKSA-N
28601618,CHEMBL5737786,B,O=C(NCc1cn(-c2ccc(C(F)(F)F)cc2)nc1Cl)[C@@H]1C[C@@H](F)CN1S(=O)(=O)c1ccc(F)cc1,,CHEMBL5728946,2022,CHEMBL6063051,8.1,=,=,IC50,nM,8.0,IC50,nM,8.0,O=C(NCc1cn(-c2ccc(C(F)(F)F)cc2)nc1Cl)[C@@H]1C[C@@H](F)CN1S(=O)(=O)c1ccc(F)cc1,AFCFNPKLZQLKPK-APWZRJJASA-N
28601621,CHEMBL5737786,B,N#Cc1ccc(S(=O)(=O)N2C[C@H](F)C[C@H]2C(=O)NCc2cn(-c3ccc(C(F)(F)F)cc3)nc2Cl)cc1,,CHEMBL5728946,2022,CHEMBL5920085,7.31,=,=,IC50,nM,49.0,IC50,nM,49.0,N#Cc1ccc(S(=O)(=O)N2C[C@H](F)C[C@H]2C(=O)NCc2cn(-c3ccc(C(F)(F)F)cc3)nc2Cl)cc1,SLNROIPXLUPVIJ-XLIONFOSSA-N
28601624,CHEMBL5737786,B,C[C@@]1(C(=O)NCc2cc(-c3ccc(C(F)(F)F)nc3)ncn2)C[C@@H](F)CN1S(=O)(=O)c1ccc(F)cc1,,CHEMBL5728946,2022,CHEMBL6000992,7.8,=,=,IC50,nM,16.0,IC50,nM,16.0,C[C@@]1(C(=O)NCc2cc(-c3ccc(C(F)(F)F)nc3)ncn2)C[C@@H](F)CN1S(=O)(=O)c1ccc(F)cc1,NSMVPLGFGKOGBJ-ZHRRBRCNSA-N
28601627,CHEMBL5737786,B,O=C(NCc1cc(-c2ccc(C3CC3)cc2)ncn1)[C@@H]1C[C@@H](F)CN1S(=O)(=O)c1ccc(F)cc1,,CHEMBL5728946,2022,CHEMBL6028461,6.97,=,=,IC50,nM,107.0,IC50,nM,107.0,O=C(NCc1cc(-c2ccc(C3CC3)cc2)ncn1)[C@@H]1C[C@@H](F)CN1S(=O)(=O)c1ccc(F)cc1,JFLCWGRYMUUJRW-YKSBVNFPSA-N
28601630,CHEMBL5737786,B,O=C(NCc1cc(N2CCC(C(F)(F)F)CC2)ncn1)[C@@H]1C[C@@H](F)CN1S(=O)(=O)c1ccc(F)cc1,,CHEMBL5728946,2022,CHEMBL5936132,6.36,=,=,IC50,nM,434.0,IC50,nM,434.0,O=C(NCc1cc(N2CCC(C(F)(F)F)CC2)ncn1)[C@@H]1C[C@@H](F)CN1S(=O)(=O)c1ccc(F)cc1,PUOGINDCHOJOMG-APWZRJJASA-N
28601633,CHEMBL5737786,B,C[C@@]1(C(=O)NCc2cc(-c3ccc(C(F)(F)F)cc3)ncn2)C[C@@H](F)CN1S(=O)(=O)c1ccc(F)cc1,,CHEMBL5728946,2022,CHEMBL5879759,8.15,=,=,IC50,nM,7.0,IC50,nM,7.0,C[C@@]1(C(=O)NCc2cc(-c3ccc(C(F)(F)F)cc3)ncn2)C[C@@H](F)CN1S(=O)(=O)c1ccc(F)cc1,NWSIRYGEZSHVOK-JPYJTQIMSA-N
28601636,CHEMBL5737786,B,O=C(NCc1cc(-c2ccc(OC(F)(F)F)cc2)ncn1)[C@@H]1C[C@@H](F)CN1S(=O)(=O)c1ccc(F)cc1,,CHEMBL5728946,2022,CHEMBL6048359,7.68,=,=,IC50,nM,21.0,IC50,nM,21.0,O=C(NCc1cc(-c2ccc(OC(F)(F)F)cc2)ncn1)[C@@H]1C[C@@H](F)CN1S(=O)(=O)c1ccc(F)cc1,SMMFPASDMNZEDG-IERDGZPVSA-N
28601639,CHEMBL5737786,B,Cc1nc(CNC(=O)[C@@H]2C[C@@H](F)CN2S(=O)(=O)c2ccc(F)cc2)cc(-c2ccc(C(F)(F)F)nc2)n1,,CHEMBL5728946,2022,CHEMBL5895656,7.06,=,=,IC50,nM,87.0,IC50,nM,87.0,Cc1nc(CNC(=O)[C@@H]2C[C@@H](F)CN2S(=O)(=O)c2ccc(F)cc2)cc(-c2ccc(C(F)(F)F)nc2)n1,GLDSELZUQFTHCX-UZLBHIALSA-N
28601642,CHEMBL5737786,B,O=C(NCc1cc(-c2ccc(C3CC3)nc2)ncn1)[C@@H]1C[C@@H](F)CN1S(=O)(=O)c1ccc(F)cc1,,CHEMBL5728946,2022,CHEMBL5754338,5.57,=,=,IC50,nM,2700.0,IC50,nM,2700.0,O=C(NCc1cc(-c2ccc(C3CC3)nc2)ncn1)[C@@H]1C[C@@H](F)CN1S(=O)(=O)c1ccc(F)cc1,XEQNNSKBWZVZOZ-JPYJTQIMSA-N
28601645,CHEMBL5737786,B,O=C(NCc1cc(-c2ccc(C(F)(F)F)nc2)ncn1)[C@@H]1C[C@@H](F)CN1S(=O)(=O)c1ccc(Cl)s1,,CHEMBL5728946,2022,CHEMBL5848515,7.57,=,=,IC50,nM,27.0,IC50,nM,27.0,O=C(NCc1cc(-c2ccc(C(F)(F)F)nc2)ncn1)[C@@H]1C[C@@H](F)CN1S(=O)(=O)c1ccc(Cl)s1,ZQDXHKPYPKVBFP-DOMZBBRYSA-N
28601648,CHEMBL5737786,B,O=C(NCc1cc(-c2ccc(C(F)(F)F)nc2)ncn1)[C@@H]1C[C@@H](F)CN1S(=O)(=O)c1ccc(F)c(F)c1,,CHEMBL5728946,2022,CHEMBL6015925,6.9,=,=,IC50,nM,126.0,IC50,nM,126.0,O=C(NCc1cc(-c2ccc(C(F)(F)F)nc2)ncn1)[C@@H]1C[C@@H](F)CN1S(=O)(=O)c1ccc(F)c(F)c1,FVEVYUOVLKEWMT-YJYMSZOUSA-N
28601651,CHEMBL5737786,B,O=C(NCc1cc(-c2ccc(C(F)(F)F)cc2)ncn1)[C@@H]1C[C@@H](F)CN1S(=O)(=O)c1ccc(F)c(F)c1,,CHEMBL5728946,2022,CHEMBL5814964,7.52,=,=,IC50,nM,30.0,IC50,nM,30.0,O=C(NCc1cc(-c2ccc(C(F)(F)F)cc2)ncn1)[C@@H]1C[C@@H](F)CN1S(=O)(=O)c1ccc(F)c(F)c1,CSUMASYLFZPZKR-VFNWGFHPSA-N
28601654,CHEMBL5737786,B,O=C(NCc1cc(-c2ccc(C(F)(F)F)nc2)ncn1)[C@@H]1C[C@@H](F)CN1S(=O)(=O)c1cncc(F)c1,,CHEMBL5728946,2022,CHEMBL5871116,5.52,=,=,IC50,nM,3000.0,IC50,nM,3000.0,O=C(NCc1cc(-c2ccc(C(F)(F)F)nc2)ncn1)[C@@H]1C[C@@H](F)CN1S(=O)(=O)c1cncc(F)c1,SUQAOTIMESBARL-KDOFPFPSSA-N
28601657,CHEMBL5737786,B,O=C(NCc1cc(-c2ccc(C(F)(F)F)cc2)ncn1)[C@@H]1C[C@@H](F)CN1S(=O)(=O)c1cncc(F)c1,,CHEMBL5728946,2022,CHEMBL6033433,6.64,=,=,IC50,nM,229.0,IC50,nM,229.0,O=C(NCc1cc(-c2ccc(C(F)(F)F)cc2)ncn1)[C@@H]1C[C@@H](F)CN1S(=O)(=O)c1cncc(F)c1,WHNBDATYZDNLNU-UZLBHIALSA-N
28601660,CHEMBL5737786,B,O=C(NCc1cc(-c2ccc(SC(F)(F)F)cc2)ncn1)[C@@H]1C[C@@H](F)CN1S(=O)(=O)c1ccc(F)cc1,,CHEMBL5728946,2022,CHEMBL5812704,7.5,=,=,IC50,nM,32.0,IC50,nM,32.0,O=C(NCc1cc(-c2ccc(SC(F)(F)F)cc2)ncn1)[C@@H]1C[C@@H](F)CN1S(=O)(=O)c1ccc(F)cc1,OXJIXZHGSZCNBP-IERDGZPVSA-N
28601663,CHEMBL5737786,B,O=C(NCc1cc(C2=CCC(C(F)(F)F)CC2)ncn1)[C@@H]1C[C@@H](F)CN1S(=O)(=O)c1ccc(F)cc1,,CHEMBL5728946,2022,CHEMBL6017794,7.52,=,=,IC50,nM,30.0,IC50,nM,30.0,O=C(NCc1cc(C2=CCC(C(F)(F)F)CC2)ncn1)[C@@H]1C[C@@H](F)CN1S(=O)(=O)c1ccc(F)cc1,JHXOWAOGHMUCFO-IDLMPWNNSA-N
28601666,CHEMBL5737786,B,O=C(NCc1cc([C@H]2CC[C@@H](C(F)(F)F)CC2)ncn1)[C@@H]1C[C@@H](F)CN1S(=O)(=O)c1ccc(F)cc1,,CHEMBL5728946,2022,CHEMBL5997536,6.51,=,=,IC50,nM,308.0,IC50,nM,308.0,O=C(NCc1cc([C@H]2CC[C@@H](C(F)(F)F)CC2)ncn1)[C@@H]1C[C@@H](F)CN1S(=O)(=O)c1ccc(F)cc1,DUKDOQAYUAMVIA-QJLMEOIESA-N
28601669,CHEMBL5737786,B,O=C(NCc1cc([C@H]2CC[C@H](C(F)(F)F)CC2)ncn1)[C@@H]1C[C@@H](F)CN1S(=O)(=O)c1ccc(F)cc1,,CHEMBL5728946,2022,CHEMBL5774901,7.54,=,=,IC50,nM,29.0,IC50,nM,29.0,O=C(NCc1cc([C@H]2CC[C@H](C(F)(F)F)CC2)ncn1)[C@@H]1C[C@@H](F)CN1S(=O)(=O)c1ccc(F)cc1,DUKDOQAYUAMVIA-SZUSHISOSA-N
28601672,CHEMBL5737786,B,COC[C@@]1(C(=O)NCc2cc(-c3ccc(C(F)(F)F)nc3)ncn2)CCCN1S(=O)(=O)c1ccc(F)cc1,,CHEMBL5728946,2022,CHEMBL5797246,6.6,=,=,IC50,nM,252.0,IC50,nM,252.0,COC[C@@]1(C(=O)NCc2cc(-c3ccc(C(F)(F)F)nc3)ncn2)CCCN1S(=O)(=O)c1ccc(F)cc1,MQUKIMHLRYIAML-HSZRJFAPSA-N
28601675,CHEMBL5737786,B,O=C(NCc1cc(-c2ccc(C(F)(F)F)nc2)ncn1)[C@]1(C(F)F)CCCN1S(=O)(=O)c1ccc(F)cc1,,CHEMBL5728946,2022,CHEMBL5891287,7.54,=,=,IC50,nM,29.0,IC50,nM,29.0,O=C(NCc1cc(-c2ccc(C(F)(F)F)nc2)ncn1)[C@]1(C(F)F)CCCN1S(=O)(=O)c1ccc(F)cc1,CMPQQCSDOGJLLR-JOCHJYFZSA-N
28601678,CHEMBL5737786,B,N#C[C@@]1(C(=O)NCc2cc(-c3ccc(C(F)(F)F)nc3)ncn2)CCCN1S(=O)(=O)c1ccc(F)cc1,,CHEMBL5728946,2022,CHEMBL6062166,6.06,=,=,IC50,nM,867.0,IC50,nM,867.0,N#C[C@@]1(C(=O)NCc2cc(-c3ccc(C(F)(F)F)nc3)ncn2)CCCN1S(=O)(=O)c1ccc(F)cc1,CDLPZSXOJZPUNZ-JOCHJYFZSA-N
28601681,CHEMBL5737786,B,O=C(NCc1cc(-c2ccc(C(F)(F)F)nc2)ncn1)[C@@H]1[C@@H](F)CCN1S(=O)(=O)c1ccc(F)cc1,,CHEMBL5728946,2022,CHEMBL6056755,7.64,=,=,IC50,nM,23.0,IC50,nM,23.0,O=C(NCc1cc(-c2ccc(C(F)(F)F)nc2)ncn1)[C@@H]1[C@@H](F)CCN1S(=O)(=O)c1ccc(F)cc1,UEHUSIYUKHFKRV-PXNSSMCTSA-N
28601684,CHEMBL5737786,B,O=C(NCc1cc(-c2ccc(C(F)(F)F)cc2)ncn1)[C@@H]1[C@H]2CC[C@H](C2)N1S(=O)(=O)c1ccc(F)cc1,,CHEMBL5728946,2022,CHEMBL6035953,7.64,=,=,IC50,nM,23.0,IC50,nM,23.0,O=C(NCc1cc(-c2ccc(C(F)(F)F)cc2)ncn1)[C@@H]1[C@H]2CC[C@H](C2)N1S(=O)(=O)c1ccc(F)cc1,QNSDSXCPSVTCKK-YBVWCTEOSA-N
28601687,CHEMBL5737786,B,O=C(NCc1cc(-c2ccc(C(F)(F)F)nc2)ncn1)[C@@H]1[C@H]2CC[C@H](C2)N1S(=O)(=O)c1ccc(F)cc1,,CHEMBL5728946,2022,CHEMBL5821210,7.4,=,=,IC50,nM,40.0,IC50,nM,40.0,O=C(NCc1cc(-c2ccc(C(F)(F)F)nc2)ncn1)[C@@H]1[C@H]2CC[C@H](C2)N1S(=O)(=O)c1ccc(F)cc1,OBEVBOOBEWVPJL-OHOGDBNVSA-N
28601690,CHEMBL5737786,B,O=C(NCc1cc(-c2ccc(C(F)(F)F)nc2)ncn1)[C@@H]1[C@H](F)CCN1S(=O)(=O)c1ccc(F)cc1,,CHEMBL5728946,2022,CHEMBL5791120,6.92,=,=,IC50,nM,120.0,IC50,nM,120.0,O=C(NCc1cc(-c2ccc(C(F)(F)F)nc2)ncn1)[C@@H]1[C@H](F)CCN1S(=O)(=O)c1ccc(F)cc1,UEHUSIYUKHFKRV-XLIONFOSSA-N
28601693,CHEMBL5737786,B,O=C(NCc1cc(N2CCC(C(F)(F)F)CC2)c(F)cn1)[C@@H]1C[C@@H](F)CN1S(=O)(=O)c1ccc(F)cc1,,CHEMBL5728946,2022,CHEMBL6020384,7.68,=,=,IC50,nM,21.0,IC50,nM,21.0,O=C(NCc1cc(N2CCC(C(F)(F)F)CC2)c(F)cn1)[C@@H]1C[C@@H](F)CN1S(=O)(=O)c1ccc(F)cc1,RFVGHGUGSAAXTQ-IERDGZPVSA-N
28601696,CHEMBL5737786,B,N#Cc1ccc(-c2cnc(C(F)(F)F)nc2)cc1CNC(=O)[C@@H]1[C@@H](F)CCN1S(=O)(=O)c1ccc(F)cc1,,CHEMBL5728946,2022,CHEMBL5995767,7.85,=,=,IC50,nM,14.0,IC50,nM,14.0,N#Cc1ccc(-c2cnc(C(F)(F)F)nc2)cc1CNC(=O)[C@@H]1[C@@H](F)CCN1S(=O)(=O)c1ccc(F)cc1,ZKTUMHFHLXSNAM-SFTDATJTSA-N
28601699,CHEMBL5737786,B,C[C@@H]1CC[C@@H](C(=O)NCc2cc(-c3ccc(C(F)(F)F)nc3)ncn2)N1S(=O)(=O)c1ccc(F)cc1,,CHEMBL5728946,2022,CHEMBL4083847,7.35,=,=,IC50,nM,45.0,IC50,nM,45.0,C[C@@H]1CC[C@@H](C(=O)NCc2cc(-c3ccc(C(F)(F)F)nc3)ncn2)N1S(=O)(=O)c1ccc(F)cc1,BBCFRTHODCIVDP-VLIAUNLRSA-N
28601702,CHEMBL5737786,B,O=C(NCc1cc(-c2ccc(C(F)(F)F)nc2)ncn1)[C@@H]1C[C@@](F)(CF)CN1S(=O)(=O)c1ccc(F)cc1,,CHEMBL5728946,2022,CHEMBL5830399,6.54,=,=,IC50,nM,291.0,IC50,nM,291.0,O=C(NCc1cc(-c2ccc(C(F)(F)F)nc2)ncn1)[C@@H]1C[C@@](F)(CF)CN1S(=O)(=O)c1ccc(F)cc1,QIJQKBGRRGZXRH-SIKLNZKXSA-N
28601705,CHEMBL5737786,B,C[C@H]1CC[C@@H](C(=O)NCc2cc(-c3ccc(C(F)(F)F)nc3)ncn2)N1S(=O)(=O)c1ccc(F)cc1,,CHEMBL5728946,2022,CHEMBL4077957,8.3,=,=,IC50,nM,5.0,IC50,nM,5.0,C[C@H]1CC[C@@H](C(=O)NCc2cc(-c3ccc(C(F)(F)F)nc3)ncn2)N1S(=O)(=O)c1ccc(F)cc1,BBCFRTHODCIVDP-XOBRGWDASA-N
28601708,CHEMBL5737786,B,O=C(NCc1cc(-c2cnc(C(F)(F)F)nc2)ncn1)[C@@H]1C[C@@H](F)CN1S(=O)(=O)c1ccc(F)cc1,,CHEMBL5728946,2022,CHEMBL5850003,6.6,=,=,IC50,nM,251.0,IC50,nM,251.0,O=C(NCc1cc(-c2cnc(C(F)(F)F)nc2)ncn1)[C@@H]1C[C@@H](F)CN1S(=O)(=O)c1ccc(F)cc1,GMDDHFLYGBSDDB-KDOFPFPSSA-N
28601711,CHEMBL5737786,B,Cc1cc(CNC(=O)[C@@H]2C[C@@H](F)CN2S(=O)(=O)c2ccc(F)cc2)cc(-c2cnc(C(F)(F)F)nc2)n1,,CHEMBL5728946,2022,CHEMBL6043336,7.33,=,=,IC50,nM,47.0,IC50,nM,47.0,Cc1cc(CNC(=O)[C@@H]2C[C@@H](F)CN2S(=O)(=O)c2ccc(F)cc2)cc(-c2cnc(C(F)(F)F)nc2)n1,HEUHRRGJNWTVSE-XLIONFOSSA-N
28601714,CHEMBL5737786,B,COc1nc(C(F)(F)F)ccc1-c1cc(F)cc(CNC(=O)[C@@H]2C[C@@H](F)CN2S(=O)(=O)c2ccc(F)cc2)c1,,CHEMBL5728946,2022,CHEMBL5945949,7.32,=,=,IC50,nM,48.0,IC50,nM,48.0,COc1nc(C(F)(F)F)ccc1-c1cc(F)cc(CNC(=O)[C@@H]2C[C@@H](F)CN2S(=O)(=O)c2ccc(F)cc2)c1,YHGYDTGBMKTLPH-NQIIRXRSSA-N
28601717,CHEMBL5737786,B,C[C@@]1(F)C[C@@H](C(=O)NCc2cc(F)cc(-c3ccc(C(F)(F)F)nn3)c2)N(S(=O)(=O)c2ccc(F)cc2)C1,,CHEMBL5728946,2022,CHEMBL5746459,7.62,=,=,IC50,nM,24.0,IC50,nM,24.0,C[C@@]1(F)C[C@@H](C(=O)NCc2cc(F)cc(-c3ccc(C(F)(F)F)nn3)c2)N(S(=O)(=O)c2ccc(F)cc2)C1,FZPRJLYAQRPNJX-NZQKXSOJSA-N
28601720,CHEMBL5737786,B,CC1(F)C[C@@H](C(=O)NCc2cc(-c3ccc(OC(F)(F)F)cc3)ncn2)N(S(=O)(=O)c2ccc(F)cc2)C1,,CHEMBL5728946,2022,CHEMBL5975639,7.7,=,=,IC50,nM,20.0,IC50,nM,20.0,CC1(F)C[C@@H](C(=O)NCc2cc(-c3ccc(OC(F)(F)F)cc3)ncn2)N(S(=O)(=O)c2ccc(F)cc2)C1,YFHGTPYEYFYGAH-BBQAJUCSSA-N
28601723,CHEMBL5737786,B,C[C@@]1(F)C[C@@H](C(=O)NCc2cc(F)cc(-c3cnc(C(F)(F)F)cn3)c2)N(S(=O)(=O)c2ccc(F)cc2)C1,,CHEMBL5728946,2022,CHEMBL5796956,7.96,=,=,IC50,nM,11.0,IC50,nM,11.0,C[C@@]1(F)C[C@@H](C(=O)NCc2cc(F)cc(-c3cnc(C(F)(F)F)cn3)c2)N(S(=O)(=O)c2ccc(F)cc2)C1,QLZXIMYXMVOVAQ-NZQKXSOJSA-N
28601726,CHEMBL5737786,B,Cc1cc(-c2cnc(C(F)(F)F)nc2)cc(CNC(=O)[C@@H]2C[C@@H](F)CN2S(=O)(=O)c2ccc(F)cc2)n1,,CHEMBL5728946,2022,CHEMBL5827893,6.82,=,=,IC50,nM,152.0,IC50,nM,152.0,Cc1cc(-c2cnc(C(F)(F)F)nc2)cc(CNC(=O)[C@@H]2C[C@@H](F)CN2S(=O)(=O)c2ccc(F)cc2)n1,QBWAUZYYCCITQO-XLIONFOSSA-N
28601729,CHEMBL5737786,B,O=C(NCc1cc(-c2ccc(C(F)(F)F)cn2)cc(F)n1)[C@@H]1C[C@@H](F)CN1S(=O)(=O)c1ccc(F)cc1,,CHEMBL5728946,2022,CHEMBL6040428,8.05,=,=,IC50,nM,9.0,IC50,nM,9.0,O=C(NCc1cc(-c2ccc(C(F)(F)F)cn2)cc(F)n1)[C@@H]1C[C@@H](F)CN1S(=O)(=O)c1ccc(F)cc1,KZXZMTYISMCMQC-UZLBHIALSA-N
28601732,CHEMBL5737786,B,N#Cc1nn(-c2ccc(C(F)(F)F)cc2)cc1CNC(=O)[C@@H]1C[C@@H](F)CN1S(=O)(=O)c1ccc(F)cc1,,CHEMBL5728946,2022,CHEMBL5855830,7.22,=,=,IC50,nM,60.0,IC50,nM,60.0,N#Cc1nn(-c2ccc(C(F)(F)F)cc2)cc1CNC(=O)[C@@H]1C[C@@H](F)CN1S(=O)(=O)c1ccc(F)cc1,FHTOBCAUNVYQCW-UTKZUKDTSA-N
28601735,CHEMBL5737786,B,O=C(NCc1cc(-c2ccc(C(F)(F)F)nc2)ncn1)C1C2CC(CC2F)N1S(=O)(=O)c1ccc(F)cc1,,CHEMBL5728946,2022,CHEMBL5923850,7.28,=,=,IC50,nM,52.0,IC50,nM,52.0,O=C(NCc1cc(-c2ccc(C(F)(F)F)nc2)ncn1)C1C2CC(CC2F)N1S(=O)(=O)c1ccc(F)cc1,BKTFMVDMGYGHGU-UHFFFAOYSA-N
28601738,CHEMBL5737786,B,C[C@@]1(F)C[C@@H](C(=O)NCc2cc(F)cc(-c3cnc(C(F)(F)F)nc3)c2)N(S(=O)(=O)c2ccc(F)cc2)C1,,CHEMBL5728946,2022,CHEMBL5880664,7.8,=,=,IC50,nM,16.0,IC50,nM,16.0,C[C@@]1(F)C[C@@H](C(=O)NCc2cc(F)cc(-c3cnc(C(F)(F)F)nc3)c2)N(S(=O)(=O)c2ccc(F)cc2)C1,HOZKRSNDULRMQU-NZQKXSOJSA-N
28601741,CHEMBL5737786,B,O=C(NCc1cc(-c2cnc(C(F)(F)F)nc2)ccn1)[C@@H]1C[C@@H](F)CN1S(=O)(=O)c1ccc(F)cc1,,CHEMBL5728946,2022,CHEMBL5794445,6.39,=,=,IC50,nM,411.0,IC50,nM,411.0,O=C(NCc1cc(-c2cnc(C(F)(F)F)nc2)ccn1)[C@@H]1C[C@@H](F)CN1S(=O)(=O)c1ccc(F)cc1,BSJPLCMGLSAERZ-APWZRJJASA-N
28601744,CHEMBL5737786,B,O=C(NCc1cc(-c2cnc(C(F)(F)F)cn2)ccc1F)[C@@H]1C[C@@H](F)CN1S(=O)(=O)c1ccc(F)cc1,,CHEMBL5728946,2022,CHEMBL6026305,7.89,=,=,IC50,nM,13.0,IC50,nM,13.0,O=C(NCc1cc(-c2cnc(C(F)(F)F)cn2)ccc1F)[C@@H]1C[C@@H](F)CN1S(=O)(=O)c1ccc(F)cc1,PYUVYRLBAXWGIL-UZLBHIALSA-N
28601747,CHEMBL5737786,B,O=C(NCc1cc(-c2ccc(C(F)F)cc2)ncn1)[C@@H]1[C@@H](F)CCN1S(=O)(=O)c1ccc(F)cc1,,CHEMBL5728946,2022,CHEMBL5746190,7.48,=,=,IC50,nM,33.0,IC50,nM,33.0,O=C(NCc1cc(-c2ccc(C(F)F)cc2)ncn1)[C@@H]1[C@@H](F)CCN1S(=O)(=O)c1ccc(F)cc1,PGPPQKVBZGTYCD-FPOVZHCZSA-N
28601750,CHEMBL5737786,B,O=C(NCc1cc(-c2cnc(C(F)(F)F)nc2)ccc1F)[C@@H]1C[C@@H](F)CN1S(=O)(=O)c1ccc(F)cc1,,CHEMBL5728946,2022,CHEMBL5834801,7.96,=,=,IC50,nM,11.0,IC50,nM,11.0,O=C(NCc1cc(-c2cnc(C(F)(F)F)nc2)ccc1F)[C@@H]1C[C@@H](F)CN1S(=O)(=O)c1ccc(F)cc1,LCVAKFVAVVYVKP-XLIONFOSSA-N
28601753,CHEMBL5737786,B,O=C(NCc1ccnc(-c2ccc(C(F)(F)F)cc2O)c1)[C@@H]1C[C@@H](F)CN1S(=O)(=O)c1ccc(F)cc1,,CHEMBL5728946,2022,CHEMBL5959228,8.3,=,=,IC50,nM,5.0,IC50,nM,5.0,O=C(NCc1ccnc(-c2ccc(C(F)(F)F)cc2O)c1)[C@@H]1C[C@@H](F)CN1S(=O)(=O)c1ccc(F)cc1,SUOFUNIWBNOTLX-UTKZUKDTSA-N
28601756,CHEMBL5737786,B,COc1nn(-c2cnc(C(F)(F)F)cn2)cc1CNC(=O)[C@@H]1C[C@@H](F)CN1S(=O)(=O)c1ccc(F)cc1,,CHEMBL5728946,2022,CHEMBL6042049,7.85,=,=,IC50,nM,14.0,IC50,nM,14.0,COc1nn(-c2cnc(C(F)(F)F)cn2)cc1CNC(=O)[C@@H]1C[C@@H](F)CN1S(=O)(=O)c1ccc(F)cc1,FMAWUSSXGHYEJS-ZBFHGGJFSA-N
28601759,CHEMBL5737786,B,O=C(NCc1cc(-c2ccc(C(F)F)c(F)c2)ncn1)[C@@H]1C[C@@H](F)CN1S(=O)(=O)c1ccc(F)cc1,,CHEMBL5728946,2022,CHEMBL5993442,7.54,=,=,IC50,nM,29.0,IC50,nM,29.0,O=C(NCc1cc(-c2ccc(C(F)F)c(F)c2)ncn1)[C@@H]1C[C@@H](F)CN1S(=O)(=O)c1ccc(F)cc1,SXUKBNBSHRPWJJ-VFNWGFHPSA-N
28601762,CHEMBL5737786,B,O=C(NCc1cc(Cl)nc(-c2ccc(C(F)F)nc2)c1)[C@@H]1C[C@@H](F)CN1S(=O)(=O)c1ccc(F)cc1,,CHEMBL5728946,2022,CHEMBL6054973,7.26,=,=,IC50,nM,55.0,IC50,nM,55.0,O=C(NCc1cc(Cl)nc(-c2ccc(C(F)F)nc2)c1)[C@@H]1C[C@@H](F)CN1S(=O)(=O)c1ccc(F)cc1,MOCHTZHSWMIZAF-UZLBHIALSA-N
28601765,CHEMBL5737786,B,O=C(NCc1cc(-c2cnc(C(F)(F)F)nc2)nc(-c2cnc(C(F)(F)F)nc2)c1)[C@@H]1C[C@@H](F)CN1S(=O)(=O)c1ccc(F)cc1,,CHEMBL5728946,2022,CHEMBL5753985,7.15,=,=,IC50,nM,71.0,IC50,nM,71.0,O=C(NCc1cc(-c2cnc(C(F)(F)F)nc2)nc(-c2cnc(C(F)(F)F)nc2)c1)[C@@H]1C[C@@H](F)CN1S(=O)(=O)c1ccc(F)cc1,ZSDKCIXPAMDTMA-GCJKJVERSA-N
28601768,CHEMBL5737786,B,O=C(NCc1cc(Cl)nc(-c2cnc(C(F)(F)F)nc2)c1)[C@@H]1C[C@@H](F)CN1S(=O)(=O)c1ccc(F)cc1,,CHEMBL5728946,2022,CHEMBL6018102,7.85,=,=,IC50,nM,14.0,IC50,nM,14.0,O=C(NCc1cc(Cl)nc(-c2cnc(C(F)(F)F)nc2)c1)[C@@H]1C[C@@H](F)CN1S(=O)(=O)c1ccc(F)cc1,VTNRBCCGYCMWJN-QAPCUYQASA-N
28601771,CHEMBL5737786,B,O=C(NCc1cc(-c2ccc(C(F)F)cc2)ncn1)[C@@H]1C[C@@H](F)CN1S(=O)(=O)c1ccc(F)cc1,,CHEMBL5728946,2022,CHEMBL5946528,6.5,=,=,IC50,nM,318.0,IC50,nM,318.0,O=C(NCc1cc(-c2ccc(C(F)F)cc2)ncn1)[C@@H]1C[C@@H](F)CN1S(=O)(=O)c1ccc(F)cc1,CXKWWEBSUNFLIN-UTKZUKDTSA-N
28601774,CHEMBL5737786,B,O=C(NCc1cc(-c2ccc(OC(F)F)cc2)ncn1)[C@@H]1C[C@@H](F)CN1S(=O)(=O)c1ccc(F)cc1,,CHEMBL5728946,2022,CHEMBL5930514,7.39,=,=,IC50,nM,41.0,IC50,nM,41.0,O=C(NCc1cc(-c2ccc(OC(F)F)cc2)ncn1)[C@@H]1C[C@@H](F)CN1S(=O)(=O)c1ccc(F)cc1,IPVJLUUYKAZERW-IERDGZPVSA-N
28601777,CHEMBL5737786,B,O=C(NCc1cc(-c2cnc(C(F)(F)F)c(F)c2)c(F)cn1)[C@@H]1C[C@@H](F)CN1S(=O)(=O)c1ccc(F)cc1,,CHEMBL5728946,2022,CHEMBL5925221,7.4,=,=,IC50,nM,40.0,IC50,nM,40.0,O=C(NCc1cc(-c2cnc(C(F)(F)F)c(F)c2)c(F)cn1)[C@@H]1C[C@@H](F)CN1S(=O)(=O)c1ccc(F)cc1,DMLDAUYAJBPNMF-VLIAUNLRSA-N
28601783,CHEMBL5737786,B,O=C(NCc1ccnc(-c2cnc(C(F)(F)F)cn2)c1)[C@@H]1C[C@@H](F)CN1S(=O)(=O)c1ccc(F)cc1,,CHEMBL5728946,2022,CHEMBL5881703,6.54,=,=,IC50,nM,290.0,IC50,nM,290.0,O=C(NCc1ccnc(-c2cnc(C(F)(F)F)cn2)c1)[C@@H]1C[C@@H](F)CN1S(=O)(=O)c1ccc(F)cc1,VPYNPZTUFWXLRA-BEFAXECRSA-N
28601786,CHEMBL5737786,B,O=C(NCc1cc(F)cc(-c2cnc(C(F)(F)F)nc2)c1)[C@@H]1[C@@H](F)CCN1S(=O)(=O)c1ccc(F)cc1,,CHEMBL5728946,2022,CHEMBL5911563,8.15,=,=,IC50,nM,7.0,IC50,nM,7.0,O=C(NCc1cc(F)cc(-c2cnc(C(F)(F)F)nc2)c1)[C@@H]1[C@@H](F)CCN1S(=O)(=O)c1ccc(F)cc1,LORGNQOYVLGAGP-PMACEKPBSA-N
28601789,CHEMBL5737786,B,O=C(NCc1cc(N2CCC3(CC2)CC3(F)F)c(F)cn1)[C@@H]1C[C@@H](F)CN1S(=O)(=O)c1ccc(F)cc1,,CHEMBL5728946,2022,CHEMBL5979860,7.85,=,=,IC50,nM,14.0,IC50,nM,14.0,O=C(NCc1cc(N2CCC3(CC2)CC3(F)F)c(F)cn1)[C@@H]1C[C@@H](F)CN1S(=O)(=O)c1ccc(F)cc1,GVDCWIWNLLLASC-IERDGZPVSA-N
28601792,CHEMBL5737786,B,N#Cc1cnc(CNC(=O)[C@@H]2C[C@@H](F)CN2S(=O)(=O)c2ccc(F)cc2)cc1-c1ccc(C(F)(F)F)cc1,,CHEMBL5728946,2022,CHEMBL6011652,7.64,=,=,IC50,nM,23.0,IC50,nM,23.0,N#Cc1cnc(CNC(=O)[C@@H]2C[C@@H](F)CN2S(=O)(=O)c2ccc(F)cc2)cc1-c1ccc(C(F)(F)F)cc1,ULPYOGCEDACOBS-XXBNENTESA-N
28601795,CHEMBL5737786,B,N#Cc1cnc(CNC(=O)[C@@H]2C[C@@H](F)CN2S(=O)(=O)c2ccc(F)cc2)cc1-c1ccc(C(F)(F)F)nc1,,CHEMBL5728946,2022,CHEMBL5805553,6.75,=,=,IC50,nM,176.0,IC50,nM,176.0,N#Cc1cnc(CNC(=O)[C@@H]2C[C@@H](F)CN2S(=O)(=O)c2ccc(F)cc2)cc1-c1ccc(C(F)(F)F)nc1,QCPBLUBTTYBKFC-UTKZUKDTSA-N
28601798,CHEMBL5737786,B,O=C(NCc1cc(-c2ccc(C(F)(F)F)cn2)ccn1)[C@@H]1[C@@H](F)CCN1S(=O)(=O)c1ccc(F)cc1,,CHEMBL5728946,2022,CHEMBL5928967,8.15,=,=,IC50,nM,7.0,IC50,nM,7.0,O=C(NCc1cc(-c2ccc(C(F)(F)F)cn2)ccn1)[C@@H]1[C@@H](F)CCN1S(=O)(=O)c1ccc(F)cc1,ZPXMWXHOFAMXMI-FPOVZHCZSA-N
28601801,CHEMBL5737786,B,O=C(NCc1ccnc(-c2cnc(C(F)(F)F)nc2)c1)[C@@H]1C[C@@H](F)CN1S(=O)(=O)c1ccc(F)cc1,,CHEMBL5728946,2022,CHEMBL6001429,6.89,=,=,IC50,nM,129.0,IC50,nM,129.0,O=C(NCc1ccnc(-c2cnc(C(F)(F)F)nc2)c1)[C@@H]1C[C@@H](F)CN1S(=O)(=O)c1ccc(F)cc1,SWYFCGPPXKEKNP-APWZRJJASA-N
28601804,CHEMBL5737786,B,O=C(NCc1cc(F)cc(C2CCC(C(F)(F)F)CN2)c1)[C@@H]1C[C@@H](F)CN1S(=O)(=O)c1ccc(F)cc1,,CHEMBL5728946,2022,CHEMBL6015648,6.72,=,=,IC50,nM,192.0,IC50,nM,192.0,O=C(NCc1cc(F)cc(C2CCC(C(F)(F)F)CN2)c1)[C@@H]1C[C@@H](F)CN1S(=O)(=O)c1ccc(F)cc1,QACBGXXAWHQEGV-CYGMFBECSA-N
28601807,CHEMBL5737786,B,O=C(NCc1cc(F)cc(-c2ccc(C(F)F)cn2)c1)[C@@H]1C[C@@H](F)CN1S(=O)(=O)c1ccc(F)cc1,,CHEMBL5728946,2022,CHEMBL5964721,7.51,=,=,IC50,nM,31.0,IC50,nM,31.0,O=C(NCc1cc(F)cc(-c2ccc(C(F)F)cn2)c1)[C@@H]1C[C@@H](F)CN1S(=O)(=O)c1ccc(F)cc1,AZGCRXQGLDQGTA-KNQAVFIVSA-N
28601810,CHEMBL5737786,B,O=C(NCc1cc(F)cc(-c2ccc(OC(F)F)nc2)c1)[C@@H]1C[C@@H](F)CN1S(=O)(=O)c1ccc(F)cc1,,CHEMBL5728946,2022,CHEMBL5836672,7.41,=,=,IC50,nM,39.0,IC50,nM,39.0,O=C(NCc1cc(F)cc(-c2ccc(OC(F)F)nc2)c1)[C@@H]1C[C@@H](F)CN1S(=O)(=O)c1ccc(F)cc1,PXMFTABUBQFGMP-CTNGQTDRSA-N
28601813,CHEMBL5737786,B,O=C(NCc1cc(-c2ccc(OC(F)F)cc2)c(F)cn1)[C@@H]1C[C@@H](F)CN1S(=O)(=O)c1ccc(F)cc1,,CHEMBL5728946,2022,CHEMBL5842604,7.28,=,=,IC50,nM,53.0,IC50,nM,53.0,O=C(NCc1cc(-c2ccc(OC(F)F)cc2)c(F)cn1)[C@@H]1C[C@@H](F)CN1S(=O)(=O)c1ccc(F)cc1,PYVKWHMGOQLKRH-ZHRRBRCNSA-N
28601816,CHEMBL5737786,B,N#Cc1cnc(-c2ccc(C(F)(F)F)cc2)cc1CNC(=O)[C@@H]1C[C@@H](F)CN1S(=O)(=O)c1ccc(F)cc1,,CHEMBL5728946,2022,CHEMBL6027882,8.15,=,=,IC50,nM,7.0,IC50,nM,7.0,N#Cc1cnc(-c2ccc(C(F)(F)F)cc2)cc1CNC(=O)[C@@H]1C[C@@H](F)CN1S(=O)(=O)c1ccc(F)cc1,ZKGVGSMPJCRCOI-OFNKIYASSA-N
28601819,CHEMBL5737786,B,N#Cc1cnc(-c2ccc(C(F)(F)F)nc2)cc1CNC(=O)[C@@H]1C[C@@H](F)CN1S(=O)(=O)c1ccc(F)cc1,,CHEMBL5728946,2022,CHEMBL5806117,8.05,=,=,IC50,nM,9.0,IC50,nM,9.0,N#Cc1cnc(-c2ccc(C(F)(F)F)nc2)cc1CNC(=O)[C@@H]1C[C@@H](F)CN1S(=O)(=O)c1ccc(F)cc1,TUFNPZJUMAECBK-NQIIRXRSSA-N
28601822,CHEMBL5737786,B,O=C(NCc1cc(-c2ccc(C(F)(F)F)nc2)ncn1)[C@@H]1CC2(CC2)CN1S(=O)(=O)c1ccc(F)cc1,,CHEMBL5728946,2022,CHEMBL5809858,7.36,=,=,IC50,nM,44.0,IC50,nM,44.0,O=C(NCc1cc(-c2ccc(C(F)(F)F)nc2)ncn1)[C@@H]1CC2(CC2)CN1S(=O)(=O)c1ccc(F)cc1,UGNITJJEQSWNLC-FQEVSTJZSA-N
28601825,CHEMBL5737786,B,O=C(NCc1cc(-c2ccc(C(F)(F)F)nc2)ccn1)[C@@H]1C[C@@H](F)CN1S(=O)(=O)c1ccc(F)cc1,,CHEMBL5728946,2022,CHEMBL6030689,6.73,=,=,IC50,nM,187.0,IC50,nM,187.0,O=C(NCc1cc(-c2ccc(C(F)(F)F)nc2)ccn1)[C@@H]1C[C@@H](F)CN1S(=O)(=O)c1ccc(F)cc1,BCKUYDODOWTDPH-XLIONFOSSA-N
28601828,CHEMBL5737786,B,O=C(NCc1cc(-c2cnc(C(F)(F)F)cn2)ccn1)[C@@H]1C[C@@H](F)CN1S(=O)(=O)c1ccc(F)cc1,,CHEMBL5728946,2022,CHEMBL5910523,6.72,=,=,IC50,nM,189.0,IC50,nM,189.0,O=C(NCc1cc(-c2cnc(C(F)(F)F)cn2)ccn1)[C@@H]1C[C@@H](F)CN1S(=O)(=O)c1ccc(F)cc1,FCSBJUCLEMSROM-BEFAXECRSA-N
28601831,CHEMBL5737786,B,O=C(NCc1cc(-c2ccc(C(F)(F)F)nc2)nc(-c2ccc(C(F)(F)F)nc2)c1)[C@@H]1C[C@@H](F)CN1S(=O)(=O)c1ccc(F)cc1,,CHEMBL5728946,2022,CHEMBL5944010,7.26,=,=,IC50,nM,54.6,IC50,nM,54.6,O=C(NCc1cc(-c2ccc(C(F)(F)F)nc2)nc(-c2ccc(C(F)(F)F)nc2)c1)[C@@H]1C[C@@H](F)CN1S(=O)(=O)c1ccc(F)cc1,GAFGPIYXBBLFJI-YKSBVNFPSA-N
28601834,CHEMBL5737786,B,O=C(NCc1cc(Cl)nc(-c2ccc(C(F)(F)F)nc2)c1)[C@@H]1C[C@@H](F)CN1S(=O)(=O)c1ccc(F)cc1,,CHEMBL5728946,2022,CHEMBL5768639,7.85,=,=,IC50,nM,14.0,IC50,nM,14.0,O=C(NCc1cc(Cl)nc(-c2ccc(C(F)(F)F)nc2)c1)[C@@H]1C[C@@H](F)CN1S(=O)(=O)c1ccc(F)cc1,SOXPNOPOIIHWLL-APWZRJJASA-N
28601837,CHEMBL5737786,B,O=C(NCc1cc(F)cc(-n2ccc(C(F)(F)F)cc2=O)c1)[C@@H]1C[C@@H](F)CN1S(=O)(=O)c1ccc(F)cc1,,CHEMBL5728946,2022,CHEMBL5829848,6.11,=,=,IC50,nM,771.0,IC50,nM,771.0,O=C(NCc1cc(F)cc(-n2ccc(C(F)(F)F)cc2=O)c1)[C@@H]1C[C@@H](F)CN1S(=O)(=O)c1ccc(F)cc1,VPKMJOYLVJNYJL-NQIIRXRSSA-N
28601840,CHEMBL5737786,B,O=C(NCc1cc(F)cc(-n2cc(C(F)(F)F)cn2)c1)[C@@H]1C[C@@H](F)CN1S(=O)(=O)c1ccc(F)cc1,,CHEMBL5728946,2022,CHEMBL5863445,6.92,=,=,IC50,nM,119.0,IC50,nM,119.0,O=C(NCc1cc(F)cc(-n2cc(C(F)(F)F)cn2)c1)[C@@H]1C[C@@H](F)CN1S(=O)(=O)c1ccc(F)cc1,CYNMROYWBACHTQ-XLIONFOSSA-N
28601843,CHEMBL5737786,B,O=C(NCc1cc(F)cc(-n2ccc(C(F)(F)F)n2)c1)[C@@H]1C[C@@H](F)CN1S(=O)(=O)c1ccc(F)cc1,,CHEMBL5728946,2022,CHEMBL5796135,6.99,=,=,IC50,nM,103.0,IC50,nM,103.0,O=C(NCc1cc(F)cc(-n2ccc(C(F)(F)F)n2)c1)[C@@H]1C[C@@H](F)CN1S(=O)(=O)c1ccc(F)cc1,RPYNGOUXKHDDOG-APWZRJJASA-N
28601846,CHEMBL5737786,B,O=C(NCc1cc(-c2ccc(C(F)F)cc2)c(F)cn1)[C@@H]1C[C@@H](F)CN1S(=O)(=O)c1ccc(F)cc1,,CHEMBL5728946,2022,CHEMBL5978964,7.39,=,=,IC50,nM,41.0,IC50,nM,41.0,O=C(NCc1cc(-c2ccc(C(F)F)cc2)c(F)cn1)[C@@H]1C[C@@H](F)CN1S(=O)(=O)c1ccc(F)cc1,PLLCCTINGQUQCK-VGSWGCGISA-N
28601849,CHEMBL5737786,B,O=C(NCc1cc(F)cc(-c2ccc(C(F)(F)F)nn2)c1)[C@@H]1C[C@@H](F)CN1S(=O)(=O)c1ccc(F)cc1,,CHEMBL5728946,2022,CHEMBL5866870,7.7,=,=,IC50,nM,20.0,IC50,nM,20.0,O=C(NCc1cc(F)cc(-c2ccc(C(F)(F)F)nn2)c1)[C@@H]1C[C@@H](F)CN1S(=O)(=O)c1ccc(F)cc1,SCMGPSOKSOKBBN-XLIONFOSSA-N
28601852,CHEMBL5737786,B,O=C(NCc1cc(F)cc(-c2cnc(C(F)F)cn2)c1)[C@@H]1C[C@@H](F)CN1S(=O)(=O)c1ccc(F)cc1,,CHEMBL5728946,2022,CHEMBL5801316,7.21,=,=,IC50,nM,62.0,IC50,nM,62.0,O=C(NCc1cc(F)cc(-c2cnc(C(F)F)cn2)c1)[C@@H]1C[C@@H](F)CN1S(=O)(=O)c1ccc(F)cc1,TVVQCFOIOIBUOF-UTKZUKDTSA-N
28601855,CHEMBL5737786,B,O=C(NCc1cc(F)cc(-c2cnc(C(F)(F)F)nc2)c1)[C@@H]1C[C@@H](F)CN1S(=O)(=O)c1ccc(F)cc1,,CHEMBL5728946,2022,CHEMBL5817946,7.85,=,=,IC50,nM,14.0,IC50,nM,14.0,O=C(NCc1cc(F)cc(-c2cnc(C(F)(F)F)nc2)c1)[C@@H]1C[C@@H](F)CN1S(=O)(=O)c1ccc(F)cc1,RQNFZQNZWILBEE-QUCCMNQESA-N
28601858,CHEMBL5737786,B,O=C(NCc1cc(-c2ccc3c(c2)OC(F)(F)O3)ncn1)[C@@H]1C[C@@H](F)CN1S(=O)(=O)c1ccc(F)cc1,,CHEMBL5728946,2022,CHEMBL5975679,7.06,=,=,IC50,nM,87.0,IC50,nM,87.0,O=C(NCc1cc(-c2ccc3c(c2)OC(F)(F)O3)ncn1)[C@@H]1C[C@@H](F)CN1S(=O)(=O)c1ccc(F)cc1,FMQCHWYYJNLQTD-BEFAXECRSA-N
28601861,CHEMBL5737786,B,O=C(NCc1cc(-c2ccc(C(F)(F)F)c(F)c2)ncn1)[C@@H]1[C@@H](F)CCN1S(=O)(=O)c1ccc(F)cc1,,CHEMBL5728946,2022,CHEMBL5999508,7.85,=,=,IC50,nM,14.0,IC50,nM,14.0,O=C(NCc1cc(-c2ccc(C(F)(F)F)c(F)c2)ncn1)[C@@H]1[C@@H](F)CCN1S(=O)(=O)c1ccc(F)cc1,GXYVIPVHFLYGMR-RXVVDRJESA-N
28601864,CHEMBL5737786,B,O=C(NCc1cc(F)cc(-c2ccc(C(F)F)nc2)c1)[C@@H]1C[C@@H](F)CN1S(=O)(=O)c1ccc(F)cc1,,CHEMBL5728946,2022,CHEMBL5997255,7.54,=,=,IC50,nM,29.0,IC50,nM,29.0,O=C(NCc1cc(F)cc(-c2ccc(C(F)F)nc2)c1)[C@@H]1C[C@@H](F)CN1S(=O)(=O)c1ccc(F)cc1,XHJBOXFNVSPYJI-KNQAVFIVSA-N
28601867,CHEMBL5737786,B,O=C(NCc1cc(F)cc(-c2ccc(C(F)(F)F)cn2)c1)[C@@H]1C[C@@H](F)CN1S(=O)(=O)c1ccc(F)cc1,,CHEMBL5728946,2022,CHEMBL5850661,7.92,=,=,IC50,nM,12.0,IC50,nM,12.0,O=C(NCc1cc(F)cc(-c2ccc(C(F)(F)F)cn2)c1)[C@@H]1C[C@@H](F)CN1S(=O)(=O)c1ccc(F)cc1,UUNIDFJRGJIJRR-KNQAVFIVSA-N
28601870,CHEMBL5737786,B,Cc1cnc(CNC(=O)[C@@H]2C[C@@H](F)CN2S(=O)(=O)c2ccc(F)cc2)cc1-c1ccc(C(F)(F)F)nc1,,CHEMBL5728946,2022,CHEMBL5751255,6.79,=,=,IC50,nM,162.0,IC50,nM,162.0,Cc1cnc(CNC(=O)[C@@H]2C[C@@H](F)CN2S(=O)(=O)c2ccc(F)cc2)cc1-c1ccc(C(F)(F)F)nc1,HWNSMCOQLBDRFN-UTKZUKDTSA-N
28601873,CHEMBL5737786,B,O=C(NCc1ccc(F)c(-c2cnc(C(F)(F)F)cn2)c1)[C@@H]1[C@@H](F)CCN1S(=O)(=O)c1ccc(F)cc1,,CHEMBL5728946,2022,CHEMBL5798773,7.62,=,=,IC50,nM,24.0,IC50,nM,24.0,O=C(NCc1ccc(F)c(-c2cnc(C(F)(F)F)cn2)c1)[C@@H]1[C@@H](F)CCN1S(=O)(=O)c1ccc(F)cc1,QQQXKVCQXDRDNX-RXVVDRJESA-N
28601876,CHEMBL5737786,B,O=C(NCc1cc(F)cc(-c2cnc(C(F)(F)F)cn2)c1)[C@@H]1[C@@H](F)CCN1S(=O)(=O)c1ccc(F)cc1,,CHEMBL5728946,2022,CHEMBL5754611,8.4,=,=,IC50,nM,4.0,IC50,nM,4.0,O=C(NCc1cc(F)cc(-c2cnc(C(F)(F)F)cn2)c1)[C@@H]1[C@@H](F)CCN1S(=O)(=O)c1ccc(F)cc1,GGXOOEKRZGSFIG-RXVVDRJESA-N
28601879,CHEMBL5737786,B,O=C(NCc1cc(-c2ccc(C(F)(F)F)cc2)ncn1)[C@@H]1C[C@@H]2COC[C@@H]2N1S(=O)(=O)c1ccc(F)cc1,,CHEMBL5728946,2022,CHEMBL6048913,6.37,=,=,IC50,nM,428.0,IC50,nM,428.0,O=C(NCc1cc(-c2ccc(C(F)(F)F)cc2)ncn1)[C@@H]1C[C@@H]2COC[C@@H]2N1S(=O)(=O)c1ccc(F)cc1,SEGWTDQQCHLCHX-XARZLDAJSA-N
28601882,CHEMBL5737786,B,O=C(NCc1cc(-c2ccc(C(F)(F)F)cc2)ncn1)[C@@H]1C[C@H]2COC[C@H]2N1S(=O)(=O)c1ccc(F)cc1,,CHEMBL5728946,2022,CHEMBL5761294,6.35,=,=,IC50,nM,449.0,IC50,nM,449.0,O=C(NCc1cc(-c2ccc(C(F)(F)F)cc2)ncn1)[C@@H]1C[C@H]2COC[C@H]2N1S(=O)(=O)c1ccc(F)cc1,SEGWTDQQCHLCHX-IRBZQWRBSA-N
28601885,CHEMBL5737786,B,O=C(NCc1cc(-c2ccc(C(F)(F)F)nc2)c(Cl)cn1)[C@@H]1C[C@@H](F)CN1S(=O)(=O)c1ccc(F)cc1,,CHEMBL5728946,2022,CHEMBL5925385,7.48,=,=,IC50,nM,33.0,IC50,nM,33.0,O=C(NCc1cc(-c2ccc(C(F)(F)F)nc2)c(Cl)cn1)[C@@H]1C[C@@H](F)CN1S(=O)(=O)c1ccc(F)cc1,WHRUWUNTYKZUED-QRWLVFNGSA-N
28601888,CHEMBL5737786,B,O=C(NCc1cc(-c2cnc(C(F)(F)F)cn2)c(F)cn1)[C@@H]1C[C@@H](F)CN1S(=O)(=O)c1ccc(F)cc1,,CHEMBL5728946,2022,CHEMBL5926872,7.18,=,=,IC50,nM,66.0,IC50,nM,66.0,O=C(NCc1cc(-c2cnc(C(F)(F)F)cn2)c(F)cn1)[C@@H]1C[C@@H](F)CN1S(=O)(=O)c1ccc(F)cc1,DOCJPRPOCLIJRE-YJYMSZOUSA-N
28601891,CHEMBL5737786,B,COc1nn(-c2ccc(C(F)(F)F)nc2)cc1CNC(=O)[C@@H]1[C@@H](F)CCN1S(=O)(=O)c1ccc(F)cc1,,CHEMBL5728946,2022,CHEMBL6059844,7.58,=,=,IC50,nM,26.0,IC50,nM,26.0,COc1nn(-c2ccc(C(F)(F)F)nc2)cc1CNC(=O)[C@@H]1[C@@H](F)CCN1S(=O)(=O)c1ccc(F)cc1,VKWXCYKBWXMGFK-HKUYNNGSSA-N
28601894,CHEMBL5737786,B,O=C(NCc1cc(-c2ccc(OC(F)(F)F)c(F)c2)ncn1)[C@@H]1C[C@@H](F)CN1S(=O)(=O)c1ccc(F)cc1,,CHEMBL5728946,2022,CHEMBL5831696,7.14,=,=,IC50,nM,72.0,IC50,nM,72.0,O=C(NCc1cc(-c2ccc(OC(F)(F)F)c(F)c2)ncn1)[C@@H]1C[C@@H](F)CN1S(=O)(=O)c1ccc(F)cc1,OJPPDEXGRGOSGZ-QRWLVFNGSA-N
28601897,CHEMBL5737786,B,CNc1nc(CNC(=O)[C@@H]2C[C@@H](F)CN2S(=O)(=O)c2ccc(F)cc2)cc(-c2ccc(C(F)(F)F)cc2)n1,,CHEMBL5728946,2022,CHEMBL5840662,6.89,=,=,IC50,nM,128.0,IC50,nM,128.0,CNc1nc(CNC(=O)[C@@H]2C[C@@H](F)CN2S(=O)(=O)c2ccc(F)cc2)cc(-c2ccc(C(F)(F)F)cc2)n1,GHLWCNVHSZFICN-UTKZUKDTSA-N
28601900,CHEMBL5737786,B,C[C@@H]1[C@@H](C(=O)NCc2cc(-c3ccc(C(F)(F)F)nc3)ncn2)N(S(=O)(=O)c2ccc(F)cc2)C[C@@H]1F,,CHEMBL5728946,2022,CHEMBL5959815,6.55,=,=,IC50,nM,280.0,IC50,nM,280.0,C[C@@H]1[C@@H](C(=O)NCc2cc(-c3ccc(C(F)(F)F)nc3)ncn2)N(S(=O)(=O)c2ccc(F)cc2)C[C@@H]1F,GYNDNTOIPROUCH-FPSMJMQUSA-N
28601903,CHEMBL5737786,B,C[C@@]1(F)C[C@@H](C(=O)NCc2cc(-c3ccc(C(F)(F)F)nc3)ncn2)N(S(=O)(=O)c2ccc(F)cc2)C1,,CHEMBL5728946,2022,CHEMBL5786059,7.05,=,=,IC50,nM,90.0,IC50,nM,90.0,C[C@@]1(F)C[C@@H](C(=O)NCc2cc(-c3ccc(C(F)(F)F)nc3)ncn2)N(S(=O)(=O)c2ccc(F)cc2)C1,RMLPFNIHAZOFIL-SIKLNZKXSA-N
28601906,CHEMBL5737786,B,COc1cnc(CNC(=O)[C@@H]2C[C@@H](F)CN2S(=O)(=O)c2ccc(F)cc2)cc1-c1ccc(C(F)(F)F)nc1,,CHEMBL5728946,2022,CHEMBL5776787,6.59,=,=,IC50,nM,256.0,IC50,nM,256.0,COc1cnc(CNC(=O)[C@@H]2C[C@@H](F)CN2S(=O)(=O)c2ccc(F)cc2)cc1-c1ccc(C(F)(F)F)nc1,UBMSHZLMEPQAEO-UZLBHIALSA-N
28601909,CHEMBL5737786,B,COc1cnc(CNC(=O)[C@]2(C)C[C@@H](F)CN2S(=O)(=O)c2ccc(F)cc2)cc1-c1ccc(C(F)(F)F)nc1,,CHEMBL5728946,2022,CHEMBL5919198,6.79,=,=,IC50,nM,164.0,IC50,nM,164.0,COc1cnc(CNC(=O)[C@]2(C)C[C@@H](F)CN2S(=O)(=O)c2ccc(F)cc2)cc1-c1ccc(C(F)(F)F)nc1,GASNKOLBLYALAK-OSPHWJPCSA-N
28601912,CHEMBL5737786,B,COc1nn(-c2ccc(C(F)(F)F)cc2)cc1CNC(=O)[C@@H]1C[C@@H](C#N)CN1S(=O)(=O)c1ccc(F)cc1,,CHEMBL5728946,2022,CHEMBL5807552,6.78,=,=,IC50,nM,165.0,IC50,nM,165.0,COc1nn(-c2ccc(C(F)(F)F)cc2)cc1CNC(=O)[C@@H]1C[C@@H](C#N)CN1S(=O)(=O)c1ccc(F)cc1,DIIQAMTUZXBVMZ-BTYIYWSLSA-N
28601915,CHEMBL5737786,B,O=C(NCc1cc(-c2ccc(OC(F)(F)F)cc2)ncn1)[C@@H]1[C@@H](F)CCN1S(=O)(=O)c1ccc(F)cc1,,CHEMBL5728946,2022,CHEMBL5784868,8.15,=,=,IC50,nM,7.0,IC50,nM,7.0,O=C(NCc1cc(-c2ccc(OC(F)(F)F)cc2)ncn1)[C@@H]1[C@@H](F)CCN1S(=O)(=O)c1ccc(F)cc1,GMVVWDBILLJHLA-FPOVZHCZSA-N
28601918,CHEMBL5737786,B,N#Cc1cc(CNC(=O)[C@@H]2C[C@@H](F)CN2S(=O)(=O)c2ccc(F)cc2)cc(-c2ccc(C(F)(F)F)nc2)c1,,CHEMBL5728946,2022,CHEMBL5985526,7.32,=,=,IC50,nM,48.0,IC50,nM,48.0,N#Cc1cc(CNC(=O)[C@@H]2C[C@@H](F)CN2S(=O)(=O)c2ccc(F)cc2)cc(-c2ccc(C(F)(F)F)nc2)c1,LHZDFHPXUSASSO-IRLDBZIGSA-N
28601921,CHEMBL5737786,B,O=C(NCc1cc(-c2ccc(C(F)(F)F)cc2F)ncn1)[C@@H]1C[C@@H](F)CN1S(=O)(=O)c1ccc(F)cc1,,CHEMBL5728946,2022,CHEMBL5791679,6.79,=,=,IC50,nM,161.0,IC50,nM,161.0,O=C(NCc1cc(-c2ccc(C(F)(F)F)cc2F)ncn1)[C@@H]1C[C@@H](F)CN1S(=O)(=O)c1ccc(F)cc1,TUTNHPYHAJGPKX-VFNWGFHPSA-N
28601924,CHEMBL5737786,B,O=C(NCc1cc(-c2ccc(C(F)(F)F)c(F)c2)ncn1)[C@@H]1C[C@@H](F)CN1S(=O)(=O)c1ccc(F)cc1,,CHEMBL5728946,2022,CHEMBL6060151,7.58,=,=,IC50,nM,26.0,IC50,nM,26.0,O=C(NCc1cc(-c2ccc(C(F)(F)F)c(F)c2)ncn1)[C@@H]1C[C@@H](F)CN1S(=O)(=O)c1ccc(F)cc1,ORDBIMJXWQFKSA-VFNWGFHPSA-N
28601927,CHEMBL5737786,B,O=C(NCc1cc(-c2ccc(C(F)(F)F)nc2)c(F)cn1)[C@@H]1[C@@H](F)CCN1S(=O)(=O)c1ccc(F)cc1,,CHEMBL5728946,2022,CHEMBL5786702,7.89,=,=,IC50,nM,13.0,IC50,nM,13.0,O=C(NCc1cc(-c2ccc(C(F)(F)F)nc2)c(F)cn1)[C@@H]1[C@@H](F)CCN1S(=O)(=O)c1ccc(F)cc1,HXWIASAQIZZSJV-RXVVDRJESA-N
28601930,CHEMBL5737786,B,COc1cc(CNC(=O)[C@@H]2C[C@@H](F)CN2S(=O)(=O)c2ccc(F)cc2)cc(-c2ccc(C(F)(F)F)nc2)c1,,CHEMBL5728946,2022,CHEMBL6022546,7.33,=,=,IC50,nM,47.0,IC50,nM,47.0,COc1cc(CNC(=O)[C@@H]2C[C@@H](F)CN2S(=O)(=O)c2ccc(F)cc2)cc(-c2ccc(C(F)(F)F)nc2)c1,JNFFYUYSPBYAOR-KNQAVFIVSA-N
28601933,CHEMBL5737786,B,O=C(NCc1ncc(F)c(-c2ccc(C(F)(F)F)nc2)c1F)[C@@H]1C[C@@H](F)CN1S(=O)(=O)c1ccc(F)cc1,,CHEMBL5728946,2022,CHEMBL5795181,6.65,=,=,IC50,nM,224.0,IC50,nM,224.0,O=C(NCc1ncc(F)c(-c2ccc(C(F)(F)F)nc2)c1F)[C@@H]1C[C@@H](F)CN1S(=O)(=O)c1ccc(F)cc1,VBAQWZDXFYJLPZ-KDOFPFPSSA-N
28601936,CHEMBL5737786,B,COc1cc(-c2ccc(C(F)(F)F)nc2)cc(CNC(=O)[C@@H]2C[C@@H](F)CN2S(=O)(=O)c2ccc(F)cc2)n1,,CHEMBL5728946,2022,CHEMBL5934758,7.43,=,=,IC50,nM,37.0,IC50,nM,37.0,COc1cc(-c2ccc(C(F)(F)F)nc2)cc(CNC(=O)[C@@H]2C[C@@H](F)CN2S(=O)(=O)c2ccc(F)cc2)n1,RKGSVRATVWYWQZ-XLIONFOSSA-N
28601939,CHEMBL5737786,B,O=C(NCc1cc(F)nc(-c2ccc(C(F)(F)F)nc2)c1)[C@@H]1C[C@@H](F)CN1S(=O)(=O)c1ccc(F)cc1,,CHEMBL5728946,2022,CHEMBL6057466,7.28,=,=,IC50,nM,52.0,IC50,nM,52.0,O=C(NCc1cc(F)nc(-c2ccc(C(F)(F)F)nc2)c1)[C@@H]1C[C@@H](F)CN1S(=O)(=O)c1ccc(F)cc1,IDLSECJBDCJDSS-APWZRJJASA-N
28601942,CHEMBL5737786,B,O=C(NCc1cc(-c2ccc(C(F)(F)F)nc2)cc(F)n1)[C@@H]1C[C@@H](F)CN1S(=O)(=O)c1ccc(F)cc1,,CHEMBL5728946,2022,CHEMBL5917293,7.31,=,=,IC50,nM,49.0,IC50,nM,49.0,O=C(NCc1cc(-c2ccc(C(F)(F)F)nc2)cc(F)n1)[C@@H]1C[C@@H](F)CN1S(=O)(=O)c1ccc(F)cc1,IKWFTJKUSSBLMW-APWZRJJASA-N
28601945,CHEMBL5737786,B,O=C(NCc1cc(N2C3CCC2CC(C(F)(F)F)C3)c(F)cn1)[C@@H]1C[C@@H](F)CN1S(=O)(=O)c1ccc(F)cc1,,CHEMBL5728946,2022,CHEMBL5943879,6.13,=,=,IC50,nM,741.0,IC50,nM,741.0,O=C(NCc1cc(N2C3CCC2CC(C(F)(F)F)C3)c(F)cn1)[C@@H]1C[C@@H](F)CN1S(=O)(=O)c1ccc(F)cc1,GHKCXTRPFPXNAI-YMHHLACNSA-N
28601948,CHEMBL5737786,B,O=C(NCc1cc(F)cc(-c2cnc(C(F)(F)F)cn2)c1)[C@@H]1C[C@@H](F)CN1S(=O)(=O)c1ccc(F)cc1,,CHEMBL5728946,2022,CHEMBL6055139,7.85,=,=,IC50,nM,14.0,IC50,nM,14.0,O=C(NCc1cc(F)cc(-c2cnc(C(F)(F)F)cn2)c1)[C@@H]1C[C@@H](F)CN1S(=O)(=O)c1ccc(F)cc1,ASRRTOJJNKDPOE-XLIONFOSSA-N
28601951,CHEMBL5737786,B,O=C(NCc1cc(-c2ccc(C(F)(F)F)nc2)ncn1)[C@@H]1C[C@H]2C[C@H]2N1S(=O)(=O)c1ccc(F)cc1,,CHEMBL5728946,2022,CHEMBL5916202,6.81,=,=,IC50,nM,156.0,IC50,nM,156.0,O=C(NCc1cc(-c2ccc(C(F)(F)F)nc2)ncn1)[C@@H]1C[C@H]2C[C@H]2N1S(=O)(=O)c1ccc(F)cc1,SCPVZTYGMSQVAC-XMCHAPAWSA-N
28601954,CHEMBL5737786,B,O=C(NCc1cc(-c2ccc(C(F)(F)F)nc2)ncn1)[C@@H]1C[C@]2(CN1S(=O)(=O)c1ccc(F)cc1)CC2(F)F,,CHEMBL5728946,2022,CHEMBL5797642,6.95,=,=,IC50,nM,113.0,IC50,nM,113.0,O=C(NCc1cc(-c2ccc(C(F)(F)F)nc2)ncn1)[C@@H]1C[C@]2(CN1S(=O)(=O)c1ccc(F)cc1)CC2(F)F,RTYUVVPWNPBAAI-SIKLNZKXSA-N
28601957,CHEMBL5737786,B,COc1nn(-c2ccc(C(F)(F)F)nc2)cc1CNC(=O)[C@]1(C)C[C@@H](F)CN1S(=O)(=O)c1ccc(F)cc1,,CHEMBL5728946,2022,CHEMBL5993004,8.05,=,=,IC50,nM,9.0,IC50,nM,9.0,COc1nn(-c2ccc(C(F)(F)F)nc2)cc1CNC(=O)[C@]1(C)C[C@@H](F)CN1S(=O)(=O)c1ccc(F)cc1,DCVSFXIYOAFCQQ-ZHRRBRCNSA-N
28601960,CHEMBL5737786,B,C[C@@]1(C(=O)NCc2cc(-c3ccc(C(F)(F)F)nc3)c(F)cn2)C[C@@H](F)CN1S(=O)(=O)c1ccc(F)cc1,,CHEMBL5728946,2022,CHEMBL5759252,7.6,=,=,IC50,nM,25.0,IC50,nM,25.0,C[C@@]1(C(=O)NCc2cc(-c3ccc(C(F)(F)F)nc3)c(F)cn2)C[C@@H](F)CN1S(=O)(=O)c1ccc(F)cc1,VPDMFKCWLDVZER-MWTRTKDXSA-N
28601963,CHEMBL5737786,B,COc1nc(CNC(=O)[C@@H]2C[C@@H](F)CN2S(=O)(=O)c2ccc(F)cc2)cc(-c2ccc(C(F)(F)F)nc2)n1,,CHEMBL5728946,2022,CHEMBL5741375,7.01,=,=,IC50,nM,97.0,IC50,nM,97.0,COc1nc(CNC(=O)[C@@H]2C[C@@H](F)CN2S(=O)(=O)c2ccc(F)cc2)cc(-c2ccc(C(F)(F)F)nc2)n1,ZPYIDLJKUISUIE-BEFAXECRSA-N
28601966,CHEMBL5737786,B,O=C(NCc1cc(N2CCC(F)(F)CC2)c(F)cn1)[C@@H]1C[C@@H](F)CN1S(=O)(=O)c1ccc(F)cc1,,CHEMBL5728946,2022,CHEMBL5901467,6.39,=,=,IC50,nM,404.0,IC50,nM,404.0,O=C(NCc1cc(N2CCC(F)(F)CC2)c(F)cn1)[C@@H]1C[C@@H](F)CN1S(=O)(=O)c1ccc(F)cc1,KUZQVDWAFOZJOE-QRWLVFNGSA-N
28601969,CHEMBL5737786,B,O=C(NCc1cc(N2CCC3(CC2)CC3)c(F)cn1)[C@@H]1C[C@@H](F)CN1S(=O)(=O)c1ccc(F)cc1,,CHEMBL5728946,2022,CHEMBL5821689,7.0,=,=,IC50,nM,99.0,IC50,nM,99.0,O=C(NCc1cc(N2CCC3(CC2)CC3)c(F)cn1)[C@@H]1C[C@@H](F)CN1S(=O)(=O)c1ccc(F)cc1,HGFRMZTUAVGPGZ-VGSWGCGISA-N
28601972,CHEMBL5737786,B,O=C(NCc1cc(N2CCC(C(F)(F)F)CC2)c(C(F)(F)F)cn1)[C@@H]1C[C@@H](F)CN1S(=O)(=O)c1ccc(F)cc1,,CHEMBL5728946,2022,CHEMBL5873284,7.28,=,=,IC50,nM,52.0,IC50,nM,52.0,O=C(NCc1cc(N2CCC(C(F)(F)F)CC2)c(C(F)(F)F)cn1)[C@@H]1C[C@@H](F)CN1S(=O)(=O)c1ccc(F)cc1,LOEVTFQCTSNTAC-IERDGZPVSA-N
28601975,CHEMBL5737786,B,O=C(NCc1cc(-c2ccc(C(F)(F)F)cn2)ccn1)[C@@H]1C[C@@H](F)CN1S(=O)(=O)c1ccc(F)cc1,,CHEMBL5728946,2022,CHEMBL5796833,6.99,=,=,IC50,nM,102.0,IC50,nM,102.0,O=C(NCc1cc(-c2ccc(C(F)(F)F)cn2)ccn1)[C@@H]1C[C@@H](F)CN1S(=O)(=O)c1ccc(F)cc1,HQNAZTYNJXEWDA-UTKZUKDTSA-N
28601978,CHEMBL5737786,B,COc1nn(-c2cnc(C(F)(F)F)nc2)cc1CNC(=O)[C@@H]1C[C@@H](F)CN1S(=O)(=O)c1ccc(F)cc1,,CHEMBL5728946,2022,CHEMBL5881840,6.9,=,=,IC50,nM,126.0,IC50,nM,126.0,COc1nn(-c2cnc(C(F)(F)F)nc2)cc1CNC(=O)[C@@H]1C[C@@H](F)CN1S(=O)(=O)c1ccc(F)cc1,PDCHRYNMRDSNLJ-PBHICJAKSA-N
28601981,CHEMBL5737786,B,O=C(NCc1cc(C23CCC(C(F)F)(CC2)CC3)ncn1)[C@@H]1C[C@@H](F)CN1S(=O)(=O)c1ccc(F)cc1,,CHEMBL5728946,2022,CHEMBL5745404,7.23,=,=,IC50,nM,59.0,IC50,nM,59.0,O=C(NCc1cc(C23CCC(C(F)F)(CC2)CC3)ncn1)[C@@H]1C[C@@H](F)CN1S(=O)(=O)c1ccc(F)cc1,ZKMARFBVNODTEA-MULNXWOJSA-N
28601984,CHEMBL5737786,B,COc1nn(-c2ccc(C(F)(F)F)cc2)cc1CNC(=O)[C@@H]1C[C@@H](F)CN1S(=O)(=O)c1cccc(F)c1,,CHEMBL5728946,2022,CHEMBL5870252,7.64,=,=,IC50,nM,23.0,IC50,nM,23.0,COc1nn(-c2ccc(C(F)(F)F)cc2)cc1CNC(=O)[C@@H]1C[C@@H](F)CN1S(=O)(=O)c1cccc(F)c1,WDMXXUBLSSBLHB-XLIONFOSSA-N
28601987,CHEMBL5737786,B,COc1nn(-c2ccc(C(F)(F)F)cc2)cc1CNC(=O)[C@@H]1C[C@@H](F)CN1S(=O)(=O)c1ccc(F)cc1,,CHEMBL5728946,2022,CHEMBL5799363,7.96,=,=,IC50,nM,11.0,IC50,nM,11.0,COc1nn(-c2ccc(C(F)(F)F)cc2)cc1CNC(=O)[C@@H]1C[C@@H](F)CN1S(=O)(=O)c1ccc(F)cc1,QWTRKWBGKUSEGF-XLIONFOSSA-N
28601990,CHEMBL5737786,B,O=C(NCc1cc(-c2ccc(C(F)(F)F)nc2)ncn1)[C@@H]1[C@@H](F)CCN1S(=O)(=O)c1ccc(F)cc1,,CHEMBL5728946,2022,CHEMBL6056755,7.68,=,=,IC50,nM,21.0,IC50,nM,21.0,O=C(NCc1cc(-c2ccc(C(F)(F)F)nc2)ncn1)[C@@H]1[C@@H](F)CCN1S(=O)(=O)c1ccc(F)cc1,UEHUSIYUKHFKRV-PXNSSMCTSA-N
28601993,CHEMBL5737786,B,O=C(NCc1cn(-c2ccc(C(F)(F)F)cc2)nc1Cl)[C@@H]1C[C@@H](F)CN1S(=O)(=O)c1ccc(F)cc1,,CHEMBL5728946,2022,CHEMBL6063051,7.11,=,=,IC50,nM,78.0,IC50,nM,78.0,O=C(NCc1cn(-c2ccc(C(F)(F)F)cc2)nc1Cl)[C@@H]1C[C@@H](F)CN1S(=O)(=O)c1ccc(F)cc1,AFCFNPKLZQLKPK-APWZRJJASA-N
28601996,CHEMBL5737786,B,C[C@@]1(C(=O)NCc2cc(-c3ccc(C(F)(F)F)cc3)ncn2)C[C@@H](F)CN1S(=O)(=O)c1ccc(F)cc1,,CHEMBL5728946,2022,CHEMBL5879759,7.6,=,=,IC50,nM,25.0,IC50,nM,25.0,C[C@@]1(C(=O)NCc2cc(-c3ccc(C(F)(F)F)cc3)ncn2)C[C@@H](F)CN1S(=O)(=O)c1ccc(F)cc1,NWSIRYGEZSHVOK-JPYJTQIMSA-N
28601999,CHEMBL5737786,B,O=C(NCc1cc(F)cc(-c2ccc(C(F)(F)F)nc2)c1)[C@@H]1C[C@@H](F)CN1S(=O)(=O)c1ccc(F)cc1,,CHEMBL5728946,2022,CHEMBL6057342,7.8,=,=,IC50,nM,16.0,IC50,nM,16.0,O=C(NCc1cc(F)cc(-c2ccc(C(F)(F)F)nc2)c1)[C@@H]1C[C@@H](F)CN1S(=O)(=O)c1ccc(F)cc1,QJJFPLPNPVMYFT-CTNGQTDRSA-N
28602002,CHEMBL5737786,B,O=C(NCc1cc(-c2ccc(C(F)(F)F)nc2)c(F)cn1)[C@@H]1C[C@@H](F)CN1S(=O)(=O)c1ccc(F)cc1,,CHEMBL5728946,2022,CHEMBL6024166,7.7,=,=,IC50,nM,20.0,IC50,nM,20.0,O=C(NCc1cc(-c2ccc(C(F)(F)F)nc2)c(F)cn1)[C@@H]1C[C@@H](F)CN1S(=O)(=O)c1ccc(F)cc1,ZXWITAARDYYKLO-QRWLVFNGSA-N
28602005,CHEMBL5737786,B,O=C(NCc1cc(-c2ccc(C(F)(F)F)nc2)ncc1F)[C@@H]1C[C@@H](F)CN1S(=O)(=O)c1ccc(F)cc1,,CHEMBL5728946,2022,CHEMBL5989168,7.17,=,=,IC50,nM,68.0,IC50,nM,68.0,O=C(NCc1cc(-c2ccc(C(F)(F)F)nc2)ncc1F)[C@@H]1C[C@@H](F)CN1S(=O)(=O)c1ccc(F)cc1,XSCCGKSIBNQWIP-UZLBHIALSA-N
28602008,CHEMBL5737786,B,C[C@@]1(C(=O)NCc2cc(-c3ccc(C(F)(F)F)nc3)ncn2)C[C@@H](F)CN1S(=O)(=O)c1ccc(F)cc1,,CHEMBL5728946,2022,CHEMBL6000992,7.04,=,=,IC50,nM,92.0,IC50,nM,92.0,C[C@@]1(C(=O)NCc2cc(-c3ccc(C(F)(F)F)nc3)ncn2)C[C@@H](F)CN1S(=O)(=O)c1ccc(F)cc1,NSMVPLGFGKOGBJ-ZHRRBRCNSA-N
28602011,CHEMBL5737786,B,O=C(NCc1cc(-c2ccc(C(F)(F)F)cc2)ncn1)[C@@H]1C[C@@H](F)CN1S(=O)(=O)c1ccc(F)cc1,,CHEMBL5728946,2022,CHEMBL5841668,7.82,=,=,IC50,nM,15.0,IC50,nM,15.0,O=C(NCc1cc(-c2ccc(C(F)(F)F)cc2)ncn1)[C@@H]1C[C@@H](F)CN1S(=O)(=O)c1ccc(F)cc1,KNPPROPWZGMELQ-UTKZUKDTSA-N
28602014,CHEMBL5737786,B,O=C(NCc1cc(N2CCC(C(F)(F)F)CC2)c(F)cn1)[C@@H]1C[C@@H](F)CN1S(=O)(=O)c1ccc(F)cc1,,CHEMBL5728946,2022,CHEMBL6020384,7.25,=,=,IC50,nM,56.0,IC50,nM,56.0,O=C(NCc1cc(N2CCC(C(F)(F)F)CC2)c(F)cn1)[C@@H]1C[C@@H](F)CN1S(=O)(=O)c1ccc(F)cc1,RFVGHGUGSAAXTQ-IERDGZPVSA-N
28602017,CHEMBL5737786,B,O=C(NCc1cc(-c2ccc(OC(F)(F)F)cc2)ncn1)[C@@H]1C[C@@H](F)CN1S(=O)(=O)c1ccc(F)cc1,,CHEMBL5728946,2022,CHEMBL6048359,7.68,=,=,IC50,nM,21.0,IC50,nM,21.0,O=C(NCc1cc(-c2ccc(OC(F)(F)F)cc2)ncn1)[C@@H]1C[C@@H](F)CN1S(=O)(=O)c1ccc(F)cc1,SMMFPASDMNZEDG-IERDGZPVSA-N
28602020,CHEMBL5737786,B,O=C(NCc1cn(-c2ccc(C(F)(F)F)nc2)nc1Cl)[C@@H]1C[C@@H](F)CN1S(=O)(=O)c1ccc(F)cc1,,CHEMBL5728946,2022,CHEMBL5938880,7.11,=,=,IC50,nM,78.0,IC50,nM,78.0,O=C(NCc1cn(-c2ccc(C(F)(F)F)nc2)nc1Cl)[C@@H]1C[C@@H](F)CN1S(=O)(=O)c1ccc(F)cc1,OCPANKWZNDYWSE-PBHICJAKSA-N
28602023,CHEMBL5737786,B,O=C(NCc1cc(-c2ccc(SC(F)(F)F)cc2)ncn1)[C@@H]1C[C@@H](F)CN1S(=O)(=O)c1ccc(F)cc1,,CHEMBL5728946,2022,CHEMBL5812704,7.31,=,=,IC50,nM,49.0,IC50,nM,49.0,O=C(NCc1cc(-c2ccc(SC(F)(F)F)cc2)ncn1)[C@@H]1C[C@@H](F)CN1S(=O)(=O)c1ccc(F)cc1,OXJIXZHGSZCNBP-IERDGZPVSA-N
28602026,CHEMBL5737786,B,O=C(NCc1cc(C2=CCC(C(F)(F)F)CC2)ncn1)[C@@H]1C[C@@H](F)CN1S(=O)(=O)c1ccc(F)cc1,,CHEMBL5728946,2022,CHEMBL6017794,7.34,=,=,IC50,nM,46.0,IC50,nM,46.0,O=C(NCc1cc(C2=CCC(C(F)(F)F)CC2)ncn1)[C@@H]1C[C@@H](F)CN1S(=O)(=O)c1ccc(F)cc1,JHXOWAOGHMUCFO-IDLMPWNNSA-N
28602029,CHEMBL5737786,B,O=C(NCc1cc([C@H]2CC[C@H](C(F)(F)F)CC2)ncn1)[C@@H]1C[C@@H](F)CN1S(=O)(=O)c1ccc(F)cc1,,CHEMBL5728946,2022,CHEMBL5774901,7.47,=,=,IC50,nM,34.0,IC50,nM,34.0,O=C(NCc1cc([C@H]2CC[C@H](C(F)(F)F)CC2)ncn1)[C@@H]1C[C@@H](F)CN1S(=O)(=O)c1ccc(F)cc1,DUKDOQAYUAMVIA-SZUSHISOSA-N
28602032,CHEMBL5737786,B,O=C(NCc1cc(-c2ccc(C(F)(F)F)cc2)ncn1)[C@@H]1C[C@@H](F)CN1S(=O)(=O)c1ccc(F)c(F)c1,,CHEMBL5728946,2022,CHEMBL5814964,7.34,=,=,IC50,nM,46.0,IC50,nM,46.0,O=C(NCc1cc(-c2ccc(C(F)(F)F)cc2)ncn1)[C@@H]1C[C@@H](F)CN1S(=O)(=O)c1ccc(F)c(F)c1,CSUMASYLFZPZKR-VFNWGFHPSA-N
28602035,CHEMBL5737786,B,O=C(NCc1cn(-c2ccc(C(F)(F)F)nc2)nc1C1CC1)[C@@H]1C[C@@H](F)CN1S(=O)(=O)c1ccc(F)cc1,,CHEMBL5728946,2022,CHEMBL5881244,6.79,=,=,IC50,nM,161.0,IC50,nM,161.0,O=C(NCc1cn(-c2ccc(C(F)(F)F)nc2)nc1C1CC1)[C@@H]1C[C@@H](F)CN1S(=O)(=O)c1ccc(F)cc1,OSASTMYQPFYXAS-XLIONFOSSA-N
28602038,CHEMBL5737786,B,Cc1nc(CNC(=O)[C@@H]2C[C@@H](F)CN2S(=O)(=O)c2ccc(F)cc2)cc(-c2ccc(C(F)(F)F)nc2)n1,,CHEMBL5728946,2022,CHEMBL5895656,6.79,=,=,IC50,nM,163.0,IC50,nM,163.0,Cc1nc(CNC(=O)[C@@H]2C[C@@H](F)CN2S(=O)(=O)c2ccc(F)cc2)cc(-c2ccc(C(F)(F)F)nc2)n1,GLDSELZUQFTHCX-UZLBHIALSA-N
28602041,CHEMBL5737786,B,COc1nn(-c2ccc(C(F)(F)F)nc2)cc1CNC(=O)[C@@H]1C[C@@H](F)CN1S(=O)(=O)c1ccc(F)cc1,,CHEMBL5728946,2022,CHEMBL5899705,7.17,=,=,IC50,nM,68.0,IC50,nM,68.0,COc1nn(-c2ccc(C(F)(F)F)nc2)cc1CNC(=O)[C@@H]1C[C@@H](F)CN1S(=O)(=O)c1ccc(F)cc1,LXYWSBOWXXFXME-QAPCUYQASA-N
28602044,CHEMBL5737786,B,O=C(NCc1cc(-c2ccc(C(F)(F)F)nc2)ncn1)[C@@H]1C[C@@H](F)CN1S(=O)(=O)c1ccc(F)cc1,,CHEMBL5728946,2022,CHEMBL4066996,7.01,=,=,IC50,nM,97.0,IC50,nM,97.0,O=C(NCc1cc(-c2ccc(C(F)(F)F)nc2)ncn1)[C@@H]1C[C@@H](F)CN1S(=O)(=O)c1ccc(F)cc1,KISLLAVVUQSKFA-BEFAXECRSA-N
28602047,CHEMBL5737786,B,O=C(NCc1cc(-c2ccc(C3CC3)cc2)ncn1)[C@@H]1C[C@@H](F)CN1S(=O)(=O)c1ccc(F)cc1,,CHEMBL5728946,2022,CHEMBL6028461,6.87,=,=,IC50,nM,134.0,IC50,nM,134.0,O=C(NCc1cc(-c2ccc(C3CC3)cc2)ncn1)[C@@H]1C[C@@H](F)CN1S(=O)(=O)c1ccc(F)cc1,JFLCWGRYMUUJRW-YKSBVNFPSA-N
28602050,CHEMBL5737786,B,O=C(NCc1cc(-c2ccc(C(F)(F)F)nc2)ncn1)[C@@H]1C[C@@H](F)CN1S(=O)(=O)c1ccc(F)c(F)c1,,CHEMBL5728946,2022,CHEMBL6015925,6.96,=,=,IC50,nM,109.0,IC50,nM,109.0,O=C(NCc1cc(-c2ccc(C(F)(F)F)nc2)ncn1)[C@@H]1C[C@@H](F)CN1S(=O)(=O)c1ccc(F)c(F)c1,FVEVYUOVLKEWMT-YJYMSZOUSA-N
28602053,CHEMBL5737786,B,O=C(NCc1cc(-c2cnc(C(F)(F)F)nc2)ccn1)[C@@H]1[C@@H](F)CCN1S(=O)(=O)c1ccc(F)cc1,,CHEMBL5728946,2022,CHEMBL5879812,6.99,=,=,IC50,nM,103.0,IC50,nM,103.0,O=C(NCc1cc(-c2cnc(C(F)(F)F)nc2)ccn1)[C@@H]1[C@@H](F)CCN1S(=O)(=O)c1ccc(F)cc1,XQDBJRZGDIFZFV-OALUTQOASA-N
28602056,CHEMBL5737786,B,O=C(NCc1cc(-c2cnc(C(F)(F)F)nc2)ccc1Cl)[C@@H]1C[C@@H](F)CN1S(=O)(=O)c1ccc(F)cc1,,CHEMBL5728946,2022,CHEMBL5844737,8.4,=,=,IC50,nM,4.0,IC50,nM,4.0,O=C(NCc1cc(-c2cnc(C(F)(F)F)nc2)ccc1Cl)[C@@H]1C[C@@H](F)CN1S(=O)(=O)c1ccc(F)cc1,AOHQOEYOFNJJNZ-XLIONFOSSA-N
28602059,CHEMBL5737786,B,O=C(NCc1ccnc(-c2ccc(OC(F)(F)F)cc2)c1)[C@@H]1C[C@@H](F)CN1S(=O)(=O)c1ccc(F)cc1,,CHEMBL5728946,2022,CHEMBL5765240,7.75,=,=,IC50,nM,18.0,IC50,nM,18.0,O=C(NCc1ccnc(-c2ccc(OC(F)(F)F)cc2)c1)[C@@H]1C[C@@H](F)CN1S(=O)(=O)c1ccc(F)cc1,KAVXLDFMUNWDLX-GCJKJVERSA-N
28602062,CHEMBL5737786,B,O=C(NCc1ccnc(-c2ccc(OC(F)F)cc2)c1)[C@@H]1C[C@@H](F)CN1S(=O)(=O)c1ccc(F)cc1,,CHEMBL5728946,2022,CHEMBL5908217,7.07,=,=,IC50,nM,86.0,IC50,nM,86.0,O=C(NCc1ccnc(-c2ccc(OC(F)F)cc2)c1)[C@@H]1C[C@@H](F)CN1S(=O)(=O)c1ccc(F)cc1,WVPZXHRZPLFNOG-GCJKJVERSA-N
28602065,CHEMBL5737786,B,O=C(NCc1cc(-c2ccc(C(F)(F)F)nc2)ccc1F)[C@@H]1C[C@@H](F)CN1S(=O)(=O)c1ccc(F)cc1,,CHEMBL5728946,2022,CHEMBL6031447,8.05,=,=,IC50,nM,9.0,IC50,nM,9.0,O=C(NCc1cc(-c2ccc(C(F)(F)F)nc2)ccc1F)[C@@H]1C[C@@H](F)CN1S(=O)(=O)c1ccc(F)cc1,IMLKLPZAGJFMRK-NQIIRXRSSA-N
28602068,CHEMBL5737786,B,O=C(NCc1cc(-c2ccc(C(F)(F)F)cn2)ccc1F)[C@@H]1C[C@@H](F)CN1S(=O)(=O)c1ccc(F)cc1,,CHEMBL5728946,2022,CHEMBL5838629,7.96,=,=,IC50,nM,11.0,IC50,nM,11.0,O=C(NCc1cc(-c2ccc(C(F)(F)F)cn2)ccc1F)[C@@H]1C[C@@H](F)CN1S(=O)(=O)c1ccc(F)cc1,CNYDIRYGXDXINR-GCJKJVERSA-N
28602071,CHEMBL5737786,B,O=C(NCc1cc(-c2ccc(C(F)(F)F)nn2)ccc1F)[C@@H]1C[C@@H](F)CN1S(=O)(=O)c1ccc(F)cc1,,CHEMBL5728946,2022,CHEMBL6054677,7.37,=,=,IC50,nM,43.0,IC50,nM,43.0,O=C(NCc1cc(-c2ccc(C(F)(F)F)nn2)ccc1F)[C@@H]1C[C@@H](F)CN1S(=O)(=O)c1ccc(F)cc1,SIHRXNYLUBLFFN-UZLBHIALSA-N
28602074,CHEMBL5737786,B,N#Cc1ccc(-c2cnc(C(F)(F)F)nc2)cc1CNC(=O)[C@@H]1C[C@@H](F)CN1S(=O)(=O)c1ccc(F)cc1,,CHEMBL5728946,2022,CHEMBL5871660,7.5,=,=,IC50,nM,32.0,IC50,nM,32.0,N#Cc1ccc(-c2cnc(C(F)(F)F)nc2)cc1CNC(=O)[C@@H]1C[C@@H](F)CN1S(=O)(=O)c1ccc(F)cc1,UBUXWCVQTXCIQO-CTNGQTDRSA-N
28602077,CHEMBL5737786,B,O=C(NCc1cc(Cl)nc(-c2ccc(OC(F)F)cc2)c1)[C@@H]1C[C@@H](F)CN1S(=O)(=O)c1ccc(F)cc1,,CHEMBL5728946,2022,CHEMBL5774162,7.18,=,=,IC50,nM,66.0,IC50,nM,66.0,O=C(NCc1cc(Cl)nc(-c2ccc(OC(F)F)cc2)c1)[C@@H]1C[C@@H](F)CN1S(=O)(=O)c1ccc(F)cc1,YXJXMUOKXGOJSX-UTKZUKDTSA-N
28602080,CHEMBL5737786,B,N#Cc1cnc(-c2ccc(C(F)(F)F)nc2)cc1CNC(=O)[C@@H]1[C@@H](F)CCN1S(=O)(=O)c1ccc(F)cc1,,CHEMBL5728946,2022,CHEMBL5990009,7.89,=,=,IC50,nM,13.0,IC50,nM,13.0,N#Cc1cnc(-c2ccc(C(F)(F)F)nc2)cc1CNC(=O)[C@@H]1[C@@H](F)CCN1S(=O)(=O)c1ccc(F)cc1,JJXVVDMOIHAKHG-UGKGYDQZSA-N
28602083,CHEMBL5737786,B,O=C(NCc1cc(-c2cnc(C(F)(F)F)nc2)c(F)cn1)[C@@H]1C[C@@H](F)CN1S(=O)(=O)c1ccc(F)cc1,,CHEMBL5728946,2022,CHEMBL5967837,7.42,=,=,IC50,nM,38.0,IC50,nM,38.0,O=C(NCc1cc(-c2cnc(C(F)(F)F)nc2)c(F)cn1)[C@@H]1C[C@@H](F)CN1S(=O)(=O)c1ccc(F)cc1,RKBSUEKOOGJZRP-KUHUBIRLSA-N
28602086,CHEMBL5737786,B,O=C(NCc1ccnc(-c2cnc(C(F)(F)F)nc2)c1)[C@@H]1[C@@H](F)CCN1S(=O)(=O)c1ccc(F)cc1,,CHEMBL5728946,2022,CHEMBL5930181,7.12,=,=,IC50,nM,75.0,IC50,nM,75.0,O=C(NCc1ccnc(-c2cnc(C(F)(F)F)nc2)c1)[C@@H]1[C@@H](F)CCN1S(=O)(=O)c1ccc(F)cc1,DZZBEGYUYXZHDF-HKUYNNGSSA-N
28602089,CHEMBL5737786,B,Cc1cnc(-c2cnc(C(F)(F)F)nc2)cc1CNC(=O)[C@@H]1C[C@@H](F)CN1S(=O)(=O)c1ccc(F)cc1,,CHEMBL5728946,2022,CHEMBL5927467,6.94,=,=,IC50,nM,116.0,IC50,nM,116.0,Cc1cnc(-c2cnc(C(F)(F)F)nc2)cc1CNC(=O)[C@@H]1C[C@@H](F)CN1S(=O)(=O)c1ccc(F)cc1,OOILCLJLPGNGBY-XLIONFOSSA-N
28602092,CHEMBL5737786,B,COCCOc1cc(-c2ccc(C(F)(F)F)nc2)cc(CNC(=O)[C@@H]2C[C@@H](F)CN2S(=O)(=O)c2ccc(F)cc2)n1,,CHEMBL5728946,2022,CHEMBL5868532,7.05,=,=,IC50,nM,89.0,IC50,nM,89.0,COCCOc1cc(-c2ccc(C(F)(F)F)nc2)cc(CNC(=O)[C@@H]2C[C@@H](F)CN2S(=O)(=O)c2ccc(F)cc2)n1,GNCGEPOTGKGMLT-KNQAVFIVSA-N
28602095,CHEMBL5737786,B,O=C(NCc1cc(-c2cnc(C(F)(F)F)nc2)cnc1F)[C@@H]1C[C@@H](F)CN1S(=O)(=O)c1ccc(F)cc1,,CHEMBL5728946,2022,CHEMBL5913737,6.68,=,=,IC50,nM,211.0,IC50,nM,211.0,O=C(NCc1cc(-c2cnc(C(F)(F)F)nc2)cnc1F)[C@@H]1C[C@@H](F)CN1S(=O)(=O)c1ccc(F)cc1,DDBRUPZDWAODIC-AEFFLSMTSA-N
28602098,CHEMBL5737786,B,O=C(NCc1ccnc(-c2cnc(C(F)(F)F)nc2)c1)[C@@H]1[C@H]2C[C@H]2CN1S(=O)(=O)c1ccc(F)cc1,,CHEMBL5728946,2022,CHEMBL5798618,7.42,=,=,IC50,nM,38.0,IC50,nM,38.0,O=C(NCc1ccnc(-c2cnc(C(F)(F)F)nc2)c1)[C@@H]1[C@H]2C[C@H]2CN1S(=O)(=O)c1ccc(F)cc1,MHCWTBFSBKNAMQ-DCPHZVHLSA-N
28602101,CHEMBL5737786,B,O=C(NCc1cc(F)cc(-c2csc(C(F)(F)F)n2)c1)[C@@H]1C[C@@H](F)CN1S(=O)(=O)c1ccc(F)cc1,,CHEMBL5728946,2022,CHEMBL5875068,6.96,=,=,IC50,nM,111.0,IC50,nM,111.0,O=C(NCc1cc(F)cc(-c2csc(C(F)(F)F)n2)c1)[C@@H]1C[C@@H](F)CN1S(=O)(=O)c1ccc(F)cc1,LRLWBLKHOSPXAN-APWZRJJASA-N
28602104,CHEMBL5737786,B,O=C(NCc1cc(F)cc(-c2cnc(C(F)(F)F)s2)c1)[C@@H]1C[C@@H](F)CN1S(=O)(=O)c1ccc(F)cc1,,CHEMBL5728946,2022,CHEMBL5929664,7.92,=,=,IC50,nM,12.0,IC50,nM,12.0,O=C(NCc1cc(F)cc(-c2cnc(C(F)(F)F)s2)c1)[C@@H]1C[C@@H](F)CN1S(=O)(=O)c1ccc(F)cc1,AVMYOZBHUDFCJI-AEFFLSMTSA-N
28602107,CHEMBL5737786,B,O=C(NCc1cc(F)cc(-c2nc(C(F)(F)F)cs2)c1)[C@@H]1C[C@@H](F)CN1S(=O)(=O)c1ccc(F)cc1,,CHEMBL5728946,2022,CHEMBL6004449,7.07,=,=,IC50,nM,86.0,IC50,nM,86.0,O=C(NCc1cc(F)cc(-c2nc(C(F)(F)F)cs2)c1)[C@@H]1C[C@@H](F)CN1S(=O)(=O)c1ccc(F)cc1,NETQTTFOIRBCDZ-AEFFLSMTSA-N
28602110,CHEMBL5737786,B,N#Cc1ccc(-c2cnc(C(F)(F)F)nc2)cc1CNC(=O)[C@@H]1[C@H]2C[C@H]2CN1S(=O)(=O)c1ccc(F)cc1,,CHEMBL5728946,2022,CHEMBL5944951,8.1,=,=,IC50,nM,8.0,IC50,nM,8.0,N#Cc1ccc(-c2cnc(C(F)(F)F)nc2)cc1CNC(=O)[C@@H]1[C@H]2C[C@H]2CN1S(=O)(=O)c1ccc(F)cc1,WWXUELOIDKMRSB-HSQYWUDLSA-N
28602113,CHEMBL5737786,B,O=C(NCc1cc(-c2ccc(C(F)(F)F)cc2)ccc1F)[C@@H]1C[C@@H](F)CN1S(=O)(=O)c1ccc(F)cc1,,CHEMBL5728946,2022,CHEMBL5960015,8.3,=,=,IC50,nM,5.0,IC50,nM,5.0,O=C(NCc1cc(-c2ccc(C(F)(F)F)cc2)ccc1F)[C@@H]1C[C@@H](F)CN1S(=O)(=O)c1ccc(F)cc1,CDIBRYDRWDNHKR-OFNKIYASSA-N
28602116,CHEMBL5737786,B,Nc1nc(C(F)(F)F)ccc1-c1cc(CNC(=O)[C@@H]2C[C@@H](F)CN2S(=O)(=O)c2ccc(F)cc2)ccn1,,CHEMBL5728946,2022,CHEMBL5886590,6.76,=,=,IC50,nM,175.0,IC50,nM,175.0,Nc1nc(C(F)(F)F)ccc1-c1cc(CNC(=O)[C@@H]2C[C@@H](F)CN2S(=O)(=O)c2ccc(F)cc2)ccn1,PLOIHNZHFPANMY-BEFAXECRSA-N
28602119,CHEMBL5737786,B,CNc1nc(C(F)(F)F)ccc1-c1cc(CNC(=O)C2C[C@@H](F)CN2S(=O)(=O)c2ccc(F)cc2)ccn1,,CHEMBL5728946,2022,CHEMBL5761513,7.21,=,=,IC50,nM,62.0,IC50,nM,62.0,CNc1nc(C(F)(F)F)ccc1-c1cc(CNC(=O)C2C[C@@H](F)CN2S(=O)(=O)c2ccc(F)cc2)ccn1,OUIWGZWQOLEJRB-QRIPLOBPSA-N
28602122,CHEMBL5737786,B,O=C(NCc1cc(-c2cnc(C(F)(F)F)nc2)ncc1F)[C@@H]1C[C@@H](F)CN1S(=O)(=O)c1ccc(F)cc1,,CHEMBL5728946,2022,CHEMBL5898404,7.58,=,=,IC50,nM,26.0,IC50,nM,26.0,O=C(NCc1cc(-c2cnc(C(F)(F)F)nc2)ncc1F)[C@@H]1C[C@@H](F)CN1S(=O)(=O)c1ccc(F)cc1,MYASRSUUBFDVPB-BEFAXECRSA-N
28602125,CHEMBL5737786,B,O=C(NCc1cc(F)cc(-c2cnc(C(F)(F)F)nc2)c1)[C@]12C[C@H]1CCN2S(=O)(=O)c1ccc(F)cc1,,CHEMBL5728946,2022,CHEMBL5899272,8.0,=,=,IC50,nM,10.0,IC50,nM,10.0,O=C(NCc1cc(F)cc(-c2cnc(C(F)(F)F)nc2)c1)[C@]12C[C@H]1CCN2S(=O)(=O)c1ccc(F)cc1,PRCKQIDYJROCLA-HXOBKFHXSA-N
28602128,CHEMBL5737786,B,O=C(NCc1cc(-c2cnc(C(F)(F)F)nc2)ccc1F)[C@]12C[C@H]1CCN2S(=O)(=O)c1ccc(F)cc1,,CHEMBL5728946,2022,CHEMBL5985376,7.68,=,=,IC50,nM,21.0,IC50,nM,21.0,O=C(NCc1cc(-c2cnc(C(F)(F)F)nc2)ccc1F)[C@]12C[C@H]1CCN2S(=O)(=O)c1ccc(F)cc1,SNXTZGQKRRAGHG-HXOBKFHXSA-N
28602131,CHEMBL5737786,B,O=C(NCc1cc(-c2cnc(C(F)(F)F)nc2)ccc1F)[C@@H]1[C@H]2C[C@H]2CN1S(=O)(=O)c1ccc(F)cc1,,CHEMBL5728946,2022,CHEMBL5979559,8.52,=,=,IC50,nM,3.0,IC50,nM,3.0,O=C(NCc1cc(-c2cnc(C(F)(F)F)nc2)ccc1F)[C@@H]1[C@H]2C[C@H]2CN1S(=O)(=O)c1ccc(F)cc1,PXSQFGAZGBJIGE-ZRCAFCQKSA-N
28602134,CHEMBL5737786,B,O=C(NCc1cc(-c2cnc(C(F)(F)F)nc2)ncc1Cl)[C@@H]1C[C@@H](F)CN1S(=O)(=O)c1ccc(F)cc1,,CHEMBL5728946,2022,CHEMBL5770614,8.0,=,=,IC50,nM,10.0,IC50,nM,10.0,O=C(NCc1cc(-c2cnc(C(F)(F)F)nc2)ncc1Cl)[C@@H]1C[C@@H](F)CN1S(=O)(=O)c1ccc(F)cc1,LNPOPNHAJSGXPH-BEFAXECRSA-N
28602137,CHEMBL5737786,B,O=C(NCc1cc(-c2cnc(C(F)(F)F)nc2)ncc1F)C1C2CC(CC2F)N1S(=O)(=O)c1ccc(F)cc1,,CHEMBL5728946,2022,CHEMBL5819721,6.81,=,=,IC50,nM,155.0,IC50,nM,155.0,O=C(NCc1cc(-c2cnc(C(F)(F)F)nc2)ncc1F)C1C2CC(CC2F)N1S(=O)(=O)c1ccc(F)cc1,FVXQEVATGMMNBT-UHFFFAOYSA-N
28602140,CHEMBL5737786,B,C[C@H]1CC[C@@H](C(=O)NCc2ccnc(-c3cnc(C(F)(F)F)nc3)c2)N1S(=O)(=O)c1ccc(F)cc1,,CHEMBL5728946,2022,CHEMBL5835103,8.4,=,=,IC50,nM,4.0,IC50,nM,4.0,C[C@H]1CC[C@@H](C(=O)NCc2ccnc(-c3cnc(C(F)(F)F)nc3)c2)N1S(=O)(=O)c1ccc(F)cc1,GFSKJMFCKOFCET-XOBRGWDASA-N
28602143,CHEMBL5737786,B,C[C@@]1(F)C[C@@H](C(=O)NCc2cc(-c3cnc(C(F)(F)F)nc3)ccc2F)N(S(=O)(=O)c2ccc(F)cc2)C1,,CHEMBL5728946,2022,CHEMBL5921909,8.22,=,=,IC50,nM,6.0,IC50,nM,6.0,C[C@@]1(F)C[C@@H](C(=O)NCc2cc(-c3cnc(C(F)(F)F)nc3)ccc2F)N(S(=O)(=O)c2ccc(F)cc2)C1,KDMQTXGHOYJLOQ-NZQKXSOJSA-N
28602146,CHEMBL5737786,B,COc1cc(CNC(=O)[C@@H]2C[C@@H](F)CN2S(=O)(=O)c2ccc(F)cc2)cc(-c2cnc(C(F)(F)F)nc2)n1,,CHEMBL5728946,2022,CHEMBL5891925,8.1,=,=,IC50,nM,8.0,IC50,nM,8.0,COc1cc(CNC(=O)[C@@H]2C[C@@H](F)CN2S(=O)(=O)c2ccc(F)cc2)cc(-c2cnc(C(F)(F)F)nc2)n1,HLNQWCKWTOEBQE-APWZRJJASA-N
28602149,CHEMBL5737786,B,N#Cc1cnc(-c2cnc(C(F)(F)F)nc2)cc1CNC(=O)[C@@H]1C[C@@H](F)CN1S(=O)(=O)c1ccc(F)cc1,,CHEMBL5728946,2022,CHEMBL5964951,7.26,=,=,IC50,nM,55.0,IC50,nM,55.0,N#Cc1cnc(-c2cnc(C(F)(F)F)nc2)cc1CNC(=O)[C@@H]1C[C@@H](F)CN1S(=O)(=O)c1ccc(F)cc1,UMPKQOIERIFEBI-XLIONFOSSA-N
28602152,CHEMBL5737786,B,COCCOc1nc(C(F)(F)F)ccc1-c1cc(F)cc(CNC(=O)[C@@H]2C[C@@H](F)CN2S(=O)(=O)c2ccc(F)cc2)c1,,CHEMBL5728946,2022,CHEMBL5946763,7.28,=,=,IC50,nM,52.0,IC50,nM,52.0,COCCOc1nc(C(F)(F)F)ccc1-c1cc(F)cc(CNC(=O)[C@@H]2C[C@@H](F)CN2S(=O)(=O)c2ccc(F)cc2)c1,LAZQLGQFJPMZPC-OFNKIYASSA-N
28602155,CHEMBL5737786,B,Cc1cc(-c2cnc(C(F)(F)F)nc2)cc(CNC(=O)[C@@H]2[C@@H](F)CCN2S(=O)(=O)c2ccc(F)cc2)n1,,CHEMBL5728946,2022,CHEMBL5762746,7.57,=,=,IC50,nM,27.0,IC50,nM,27.0,Cc1cc(-c2cnc(C(F)(F)F)nc2)cc(CNC(=O)[C@@H]2[C@@H](F)CCN2S(=O)(=O)c2ccc(F)cc2)n1,BITJIBOQHOBSEQ-PMACEKPBSA-N
28602158,CHEMBL5737786,B,O=C(NCc1cc(-c2cnc(C(F)(F)F)nc2)c(Cl)cn1)[C@@H]1C[C@@H](F)CN1S(=O)(=O)c1ccc(F)cc1,,CHEMBL5728946,2022,CHEMBL5986156,7.38,=,=,IC50,nM,42.0,IC50,nM,42.0,O=C(NCc1cc(-c2cnc(C(F)(F)F)nc2)c(Cl)cn1)[C@@H]1C[C@@H](F)CN1S(=O)(=O)c1ccc(F)cc1,YEACVWXJCVFKBH-KUHUBIRLSA-N
28602161,CHEMBL5737786,B,C[C@H]1[C@H](F)C[C@@H](C(=O)NCc2ccnc(-c3cnc(C(F)(F)F)nc3)c2)N1S(=O)(=O)c1ccc(F)cc1,,CHEMBL5728946,2022,CHEMBL4103225,7.82,=,=,IC50,nM,15.0,IC50,nM,15.0,C[C@H]1[C@H](F)C[C@@H](C(=O)NCc2ccnc(-c3cnc(C(F)(F)F)nc3)c2)N1S(=O)(=O)c1ccc(F)cc1,AARVTENEMZRJQO-VIZZQPHQSA-N
28602164,CHEMBL5737786,B,CC1(C)CC[C@@H](C(=O)NCc2cc(-c3ccc(C(F)(F)F)nc3)ncn2)N1S(=O)(=O)c1ccc(F)cc1,,CHEMBL5728946,2022,CHEMBL5980242,6.42,=,=,IC50,nM,381.0,IC50,nM,381.0,CC1(C)CC[C@@H](C(=O)NCc2cc(-c3ccc(C(F)(F)F)nc3)ncn2)N1S(=O)(=O)c1ccc(F)cc1,CMQWFYBXZLEOMA-FQEVSTJZSA-N
28602167,CHEMBL5737786,B,O=C(NCc1cncc(-c2cnc(C(F)(F)F)nc2)c1)[C@@H]1C[C@@H](F)CN1S(=O)(=O)c1ccc(F)cc1,,CHEMBL5728946,2022,CHEMBL5881088,6.1,=,=,IC50,nM,795.0,IC50,nM,795.0,O=C(NCc1cncc(-c2cnc(C(F)(F)F)nc2)c1)[C@@H]1C[C@@H](F)CN1S(=O)(=O)c1ccc(F)cc1,HIDRCJZHDJXUMQ-MJGOQNOKSA-N
28602170,CHEMBL5737786,B,COc1cnc(-c2cnc(C(F)(F)F)nc2)cc1CNC(=O)[C@@H]1C[C@@H](F)CN1S(=O)(=O)c1ccc(F)cc1,,CHEMBL5728946,2022,CHEMBL5981962,6.87,=,=,IC50,nM,134.0,IC50,nM,134.0,COc1cnc(-c2cnc(C(F)(F)F)nc2)cc1CNC(=O)[C@@H]1C[C@@H](F)CN1S(=O)(=O)c1ccc(F)cc1,FJBYXALKFQSAGN-APWZRJJASA-N
28602173,CHEMBL5737786,B,O=C(NCc1cn(-c2ccc(C(F)(F)F)cc2)nc1Cl)[C@@H]1CCN1S(=O)(=O)c1ccc(F)cc1,,CHEMBL5728946,2022,CHEMBL5971236,7.82,=,=,IC50,nM,15.0,IC50,nM,15.0,O=C(NCc1cn(-c2ccc(C(F)(F)F)cc2)nc1Cl)[C@@H]1CCN1S(=O)(=O)c1ccc(F)cc1,GKKQZEPQVLEGEB-SFHVURJKSA-N
28602176,CHEMBL5737786,B,C[C@@]1(C(=O)NCc2cc(-c3ccc(C(F)(F)F)nc3)ncn2)CCN1S(=O)(=O)c1ccc(F)cc1,,CHEMBL5728946,2022,CHEMBL6042547,7.23,=,=,IC50,nM,59.0,IC50,nM,59.0,C[C@@]1(C(=O)NCc2cc(-c3ccc(C(F)(F)F)nc3)ncn2)CCN1S(=O)(=O)c1ccc(F)cc1,SZBPQYFWTGZAMC-NRFANRHFSA-N
28602179,CHEMBL5737786,B,O=C(NCc1cn(-c2ccc(C(F)(F)F)nc2)nc1Cl)[C@@H]1CCN1S(=O)(=O)c1ccc(F)cc1,,CHEMBL5728946,2022,CHEMBL5781242,6.86,=,=,IC50,nM,138.0,IC50,nM,138.0,O=C(NCc1cn(-c2ccc(C(F)(F)F)nc2)nc1Cl)[C@@H]1CCN1S(=O)(=O)c1ccc(F)cc1,MQWVXCFLFCEROX-INIZCTEOSA-N
28602182,CHEMBL5737786,B,C[C@@H]1C[C@@H](C(=O)NCc2cc(-c3ccc(C(F)(F)F)nc3)ncn2)N1S(=O)(=O)c1ccc(F)cc1,,CHEMBL5728946,2022,CHEMBL6013772,6.48,=,=,IC50,nM,333.0,IC50,nM,333.0,C[C@@H]1C[C@@H](C(=O)NCc2cc(-c3ccc(C(F)(F)F)nc3)ncn2)N1S(=O)(=O)c1ccc(F)cc1,WYXGQTJNYMMMLO-YJYMSZOUSA-N
28602185,CHEMBL5737786,B,O=C(NCc1cc(-c2ccc(C(F)(F)F)nc2)ncn1)[C@@H]1CCN1S(=O)(=O)c1ccc(F)cc1,,CHEMBL5728946,2022,CHEMBL4080418,6.57,=,=,IC50,nM,268.0,IC50,nM,268.0,O=C(NCc1cc(-c2ccc(C(F)(F)F)nc2)ncn1)[C@@H]1CCN1S(=O)(=O)c1ccc(F)cc1,ZPQGIOXLLCZONP-SFHVURJKSA-N
28945334,CHEMBL5739043,B,Cc1c(C(N)=O)sc2ncn(Cc3nnn(C[C@H](O)c4ccc(Cl)cc4)n3)c(=O)c12,,CHEMBL5729590,2023,CHEMBL5781657,7.96,=,=,IC50,nM,11.0,IC50,nM,11.0,Cc1c(C(N)=O)sc2ncn(Cc3nnn(C[C@H](O)c4ccc(Cl)cc4)n3)c(=O)c12,DTPJIPPQGPABTK-LBPRGKRZSA-N
28945337,CHEMBL5739043,B,Cc1c(C(N)=O)sc2ncn(Cc3nnn(C[C@H](O)c4ccc(Br)cc4)n3)c(=O)c12,,CHEMBL5729590,2023,CHEMBL5990048,7.92,=,=,IC50,nM,12.0,IC50,nM,12.0,Cc1c(C(N)=O)sc2ncn(Cc3nnn(C[C@H](O)c4ccc(Br)cc4)n3)c(=O)c12,QPCKSJFZJVXDFA-LBPRGKRZSA-N
28945340,CHEMBL5739043,B,Cc1c(C(N)=O)sc2ncn(Cc3nnn(C[C@H](O)c4cc5cc(Cl)ccc5o4)n3)c(=O)c12,,CHEMBL5729590,2023,CHEMBL5884309,7.92,=,=,IC50,nM,12.0,IC50,nM,12.0,Cc1c(C(N)=O)sc2ncn(Cc3nnn(C[C@H](O)c4cc5cc(Cl)ccc5o4)n3)c(=O)c12,IFFMKKPSJXPRPX-LBPRGKRZSA-N
28945343,CHEMBL5739043,B,Cc1c(C(N)=O)sc2ncn(Cc3nnn(C[C@H](O)c4ccc(Cl)s4)n3)c(=O)c12,,CHEMBL5729590,2023,CHEMBL5790299,7.92,=,=,IC50,nM,12.0,IC50,nM,12.0,Cc1c(C(N)=O)sc2ncn(Cc3nnn(C[C@H](O)c4ccc(Cl)s4)n3)c(=O)c12,PIMPOWDMRUXOBB-QMMMGPOBSA-N
28945346,CHEMBL5739043,B,Cc1c(C(N)=O)sc2ncn(Cc3nnn(C[C@H](O)c4ccc(F)c(F)c4)n3)c(=O)c12,,CHEMBL5729590,2023,CHEMBL5909702,7.13,=,=,IC50,nM,74.0,IC50,nM,74.0,Cc1c(C(N)=O)sc2ncn(Cc3nnn(C[C@H](O)c4ccc(F)c(F)c4)n3)c(=O)c12,GFHCUBYZXBYPMA-LBPRGKRZSA-N
28945349,CHEMBL5739043,B,O=C1NCCc2c1sc1ncn(Cc3nnn(C[C@H](O)c4ccc(Cl)cc4)n3)c(=O)c21,,CHEMBL5729590,2023,CHEMBL5981644,7.96,=,=,IC50,nM,11.0,IC50,nM,11.0,O=C1NCCc2c1sc1ncn(Cc3nnn(C[C@H](O)c4ccc(Cl)cc4)n3)c(=O)c21,BXWRYHWVMJYQDS-ZDUSSCGKSA-N
28945352,CHEMBL5739043,B,CN1CCc2c(sc3ncn(Cc4nnn(C[C@H](O)c5ccc(Cl)cc5)n4)c(=O)c23)C1=O,,CHEMBL5729590,2023,CHEMBL6008415,7.8,=,=,IC50,nM,16.0,IC50,nM,16.0,CN1CCc2c(sc3ncn(Cc4nnn(C[C@H](O)c5ccc(Cl)cc5)n4)c(=O)c23)C1=O,BXAPLRVODFEIFT-AWEZNQCLSA-N
28945355,CHEMBL5739043,B,Cc1c(C(N)=O)sc2ncn(Cc3nnn(C[C@H](O)c4cc5ccc(Cl)cc5o4)n3)c(=O)c12,,CHEMBL5729590,2023,CHEMBL6045448,7.82,=,=,IC50,nM,15.0,IC50,nM,15.0,Cc1c(C(N)=O)sc2ncn(Cc3nnn(C[C@H](O)c4cc5ccc(Cl)cc5o4)n3)c(=O)c12,BMJPYMNIGZKPLS-LBPRGKRZSA-N
28945358,CHEMBL5739043,B,Cc1ccc([C@@H](O)Cn2nnc(Cn3cnc4sc(C(N)=O)c(C)c4c3=O)n2)cc1,,CHEMBL5729590,2023,CHEMBL5942880,7.68,=,=,IC50,nM,21.0,IC50,nM,21.0,Cc1ccc([C@@H](O)Cn2nnc(Cn3cnc4sc(C(N)=O)c(C)c4c3=O)n2)cc1,GDLXALGRTUYOFU-ZDUSSCGKSA-N
28945361,CHEMBL5739043,B,Cc1c(C(N)=O)sc2ncn(Cc3nnn(C[C@H](O)c4ccc5c(c4)OCO5)n3)c(=O)c12,,CHEMBL5729590,2023,CHEMBL5874780,7.55,=,=,IC50,nM,28.0,IC50,nM,28.0,Cc1c(C(N)=O)sc2ncn(Cc3nnn(C[C@H](O)c4ccc5c(c4)OCO5)n3)c(=O)c12,MZGUKCQKDCDZDA-NSHDSACASA-N
28945364,CHEMBL5739043,B,Cc1c(C(N)=O)sc2ncn(Cc3nnn(C[C@H](O)c4cc5cc(F)ccc5o4)n3)c(=O)c12,,CHEMBL5729590,2023,CHEMBL5816259,7.6,=,=,IC50,nM,25.0,IC50,nM,25.0,Cc1c(C(N)=O)sc2ncn(Cc3nnn(C[C@H](O)c4cc5cc(F)ccc5o4)n3)c(=O)c12,CLCRTUFFZNMHLS-LBPRGKRZSA-N
28945367,CHEMBL5739043,B,Cc1c(C(N)=O)sc2ncn(Cc3nnn(C[C@H](O)c4cc5ccc(F)cc5o4)n3)c(=O)c12,,CHEMBL5729590,2023,CHEMBL5993418,7.77,=,=,IC50,nM,17.0,IC50,nM,17.0,Cc1c(C(N)=O)sc2ncn(Cc3nnn(C[C@H](O)c4cc5ccc(F)cc5o4)n3)c(=O)c12,UAFOQTDIOJYBAK-LBPRGKRZSA-N
28945370,CHEMBL5739043,B,CNC(=O)c1sc2ncn(Cc3nnn(C[C@H](O)c4ccc(Cl)cc4)n3)c(=O)c2c1C,,CHEMBL5729590,2023,CHEMBL5919578,7.7,=,=,IC50,nM,20.0,IC50,nM,20.0,CNC(=O)c1sc2ncn(Cc3nnn(C[C@H](O)c4ccc(Cl)cc4)n3)c(=O)c2c1C,WOKJMDDDXREZDG-ZDUSSCGKSA-N
28945373,CHEMBL5739043,B,CNC(=O)c1sc2ncn(Cc3nnn(C[C@H](O)c4ccc5c(c4)OCO5)n3)c(=O)c2c1C,,CHEMBL5729590,2023,CHEMBL5819923,7.12,=,=,IC50,nM,76.0,IC50,nM,76.0,CNC(=O)c1sc2ncn(Cc3nnn(C[C@H](O)c4ccc5c(c4)OCO5)n3)c(=O)c2c1C,VKGALBIMDXIQFI-LBPRGKRZSA-N
28945376,CHEMBL5739043,B,CNC(=O)c1sc2ncn(Cc3nnn(C[C@H](O)c4ccc(C)cc4)n3)c(=O)c2c1C,,CHEMBL5729590,2023,CHEMBL6049924,7.42,=,=,IC50,nM,38.0,IC50,nM,38.0,CNC(=O)c1sc2ncn(Cc3nnn(C[C@H](O)c4ccc(C)cc4)n3)c(=O)c2c1C,NGVRXPJMFITBJX-AWEZNQCLSA-N
28945379,CHEMBL5739043,B,CNC(=O)c1sc2ncn(Cc3nnn(C[C@H](O)c4ccc(Cl)s4)n3)c(=O)c2c1C,,CHEMBL5729590,2023,CHEMBL5823575,7.43,=,=,IC50,nM,37.0,IC50,nM,37.0,CNC(=O)c1sc2ncn(Cc3nnn(C[C@H](O)c4ccc(Cl)s4)n3)c(=O)c2c1C,GDMOZMAHCFBQEV-VIFPVBQESA-N
28945382,CHEMBL5739043,B,O=C1NCCc2c1sc1ncn(Cc3nnn(C[C@H](O)c4ccc(Cl)s4)n3)c(=O)c21,,CHEMBL5729590,2023,CHEMBL5807015,7.85,=,=,IC50,nM,14.0,IC50,nM,14.0,O=C1NCCc2c1sc1ncn(Cc3nnn(C[C@H](O)c4ccc(Cl)s4)n3)c(=O)c21,HQKQCVCHHUAYQS-VIFPVBQESA-N
28945385,CHEMBL5739043,B,O=C1NCCc2c1sc1ncn(Cc3nnn(C[C@H](O)c4cc5cc(Cl)ccc5o4)n3)c(=O)c21,,CHEMBL5729590,2023,CHEMBL5909234,7.85,=,=,IC50,nM,14.0,IC50,nM,14.0,O=C1NCCc2c1sc1ncn(Cc3nnn(C[C@H](O)c4cc5cc(Cl)ccc5o4)n3)c(=O)c21,ROWLJZVZKLFWIP-ZDUSSCGKSA-N
28945388,CHEMBL5739043,B,O=C1NCCc2c1sc1ncn(Cc3nnn(C[C@H](O)c4cc5cc(F)ccc5o4)n3)c(=O)c21,,CHEMBL5729590,2023,CHEMBL5895713,7.51,=,=,IC50,nM,31.0,IC50,nM,31.0,O=C1NCCc2c1sc1ncn(Cc3nnn(C[C@H](O)c4cc5cc(F)ccc5o4)n3)c(=O)c21,GNPIZTIQDCGSLH-ZDUSSCGKSA-N
28945391,CHEMBL5739043,B,Cc1ccc([C@@H](O)Cn2nnc(Cn3cnc4sc5c(c4c3=O)CCNC5=O)n2)cc1,,CHEMBL5729590,2023,CHEMBL6037822,7.85,=,=,IC50,nM,14.0,IC50,nM,14.0,Cc1ccc([C@@H](O)Cn2nnc(Cn3cnc4sc5c(c4c3=O)CCNC5=O)n2)cc1,FCOSPAMFCZKOMI-AWEZNQCLSA-N
28945394,CHEMBL5739043,B,N#Cc1ccc([C@@H](O)Cn2nnc(Cn3cnc4sc5c(c4c3=O)CCNC5=O)n2)s1,,CHEMBL5729590,2023,CHEMBL5885215,7.1,=,=,IC50,nM,80.0,IC50,nM,80.0,N#Cc1ccc([C@@H](O)Cn2nnc(Cn3cnc4sc5c(c4c3=O)CCNC5=O)n2)s1,LFLLGOFAJPSJPA-NSHDSACASA-N
28945397,CHEMBL5739043,B,Cc1c(C(N)=O)sc2ncn(Cc3nnn(C[C@H](O)c4cc5ccccc5s4)n3)c(=O)c12,,CHEMBL5729590,2023,CHEMBL5993359,8.15,=,=,IC50,nM,7.0,IC50,nM,7.0,Cc1c(C(N)=O)sc2ncn(Cc3nnn(C[C@H](O)c4cc5ccccc5s4)n3)c(=O)c12,HENUOPIBZLPYCJ-LBPRGKRZSA-N
28945400,CHEMBL5739043,B,NC(=O)c1sc2ncn(Cc3nnn(C[C@H](O)c4ccc(Cl)cc4)n3)c(=O)c2c1Cl,,CHEMBL5729590,2023,CHEMBL5759882,8.22,=,=,IC50,nM,6.0,IC50,nM,6.0,NC(=O)c1sc2ncn(Cc3nnn(C[C@H](O)c4ccc(Cl)cc4)n3)c(=O)c2c1Cl,KRWUIYYMASCNIU-JTQLQIEISA-N
29014280,CHEMBL5739380,B,Cc1ccc([C@@H](O)Cn2nnc(Cn3cnc4oc(C)c(C(N)=O)c4c3=O)n2)cc1,,CHEMBL5729732,2023,CHEMBL5878746,7.62,=,=,IC50,nM,24.0,IC50,nM,24.0,Cc1ccc([C@@H](O)Cn2nnc(Cn3cnc4oc(C)c(C(N)=O)c4c3=O)n2)cc1,YUJMTTVCSDSBRX-ZDUSSCGKSA-N
29014283,CHEMBL5739380,B,Cc1c(C(N)=O)oc2ncn(Cc3nnn(C[C@H](O)c4cc5ccccc5s4)n3)c(=O)c12,,CHEMBL5729732,2023,CHEMBL5170316,8.0,=,=,IC50,nM,10.0,IC50,nM,10.0,Cc1c(C(N)=O)oc2ncn(Cc3nnn(C[C@H](O)c4cc5ccccc5s4)n3)c(=O)c12,FKCJHLWKMWRKBM-LBPRGKRZSA-N
29014286,CHEMBL5739380,B,Cc1c(C(N)=O)oc2ncn(Cc3nnn(C[C@H](O)c4ccc(Cl)s4)n3)c(=O)c12,,CHEMBL5729732,2023,CHEMBL5196336,8.0,=,=,IC50,nM,10.0,IC50,nM,10.0,Cc1c(C(N)=O)oc2ncn(Cc3nnn(C[C@H](O)c4ccc(Cl)s4)n3)c(=O)c12,JTULPMHYGMMBHH-QMMMGPOBSA-N
29014289,CHEMBL5739380,B,Cc1oc2ncn(Cc3nnn(C[C@H](O)c4cc5ccc(F)cc5s4)n3)c(=O)c2c1C(N)=O,,CHEMBL5729732,2023,CHEMBL5176405,8.0,=,=,IC50,nM,10.0,IC50,nM,10.0,Cc1oc2ncn(Cc3nnn(C[C@H](O)c4cc5ccc(F)cc5s4)n3)c(=O)c2c1C(N)=O,WHEWGFMWWBERPN-LBPRGKRZSA-N
29014292,CHEMBL5739380,B,Cc1oc2ncn(Cc3nnn(C[C@H](O)c4cc5ccccc5s4)n3)c(=O)c2c1C(N)=O,,CHEMBL5729732,2023,CHEMBL5187441,7.96,=,=,IC50,nM,11.0,IC50,nM,11.0,Cc1oc2ncn(Cc3nnn(C[C@H](O)c4cc5ccccc5s4)n3)c(=O)c2c1C(N)=O,PXDPFFKXKJQMBY-LBPRGKRZSA-N
29014295,CHEMBL5739380,B,Cc1c(C(N)=O)oc2ncn(Cc3nnn(C[C@H](O)c4cc5cc(Cl)ccc5o4)n3)c(=O)c12,,CHEMBL5729732,2023,CHEMBL5209855,7.89,=,=,IC50,nM,13.0,IC50,nM,13.0,Cc1c(C(N)=O)oc2ncn(Cc3nnn(C[C@H](O)c4cc5cc(Cl)ccc5o4)n3)c(=O)c12,QNZGMOZJDBNRKF-LBPRGKRZSA-N
29014298,CHEMBL5739380,B,Cc1oc2ncn(Cc3nnn(C[C@H](O)c4ccc(Cl)s4)n3)c(=O)c2c1C(N)=O,,CHEMBL5729732,2023,CHEMBL5995435,7.7,=,=,IC50,nM,20.0,IC50,nM,20.0,Cc1oc2ncn(Cc3nnn(C[C@H](O)c4ccc(Cl)s4)n3)c(=O)c2c1C(N)=O,VAYDAGLRIHWYGW-QMMMGPOBSA-N
29014301,CHEMBL5739380,B,Cc1ccc([C@@H](O)Cn2nnc(Cn3cnc4oc(C(N)=O)c(C)c4c3=O)n2)cc1,,CHEMBL5729732,2023,CHEMBL6026591,7.68,=,=,IC50,nM,21.0,IC50,nM,21.0,Cc1ccc([C@@H](O)Cn2nnc(Cn3cnc4oc(C(N)=O)c(C)c4c3=O)n2)cc1,CRVXZKHWEUVJFA-ZDUSSCGKSA-N
29014304,CHEMBL5739380,B,Cc1oc2ncn(Cc3nnn(C[C@H](O)c4ccc(Cl)cc4)n3)c(=O)c2c1C(N)=O,,CHEMBL5729732,2023,CHEMBL5992526,7.64,=,=,IC50,nM,23.0,IC50,nM,23.0,Cc1oc2ncn(Cc3nnn(C[C@H](O)c4ccc(Cl)cc4)n3)c(=O)c2c1C(N)=O,XYHIUESBFSVNAX-LBPRGKRZSA-N
29014307,CHEMBL5739380,B,Cc1c(C(N)=O)oc2ncn(Cc3nnn(C[C@H](O)c4ccc(Cl)cc4)n3)c(=O)c12,,CHEMBL5729732,2023,CHEMBL6015636,7.64,=,=,IC50,nM,23.0,IC50,nM,23.0,Cc1c(C(N)=O)oc2ncn(Cc3nnn(C[C@H](O)c4ccc(Cl)cc4)n3)c(=O)c12,WRZHLIPHQKQFBS-LBPRGKRZSA-N
29014310,CHEMBL5739380,B,Cc1oc2ncn(Cc3nnn(C[C@H](O)c4cc5ccccc5o4)n3)c(=O)c2c1C(N)=O,,CHEMBL5729732,2023,CHEMBL5843670,7.58,=,=,IC50,nM,26.0,IC50,nM,26.0,Cc1oc2ncn(Cc3nnn(C[C@H](O)c4cc5ccccc5o4)n3)c(=O)c2c1C(N)=O,DGUJPXZEBMKLMM-LBPRGKRZSA-N
29014313,CHEMBL5739380,B,Cc1oc2ncn(Cc3nnn(C[C@H](O)c4ccc(Br)cc4)n3)c(=O)c2c1C(N)=O,,CHEMBL5729732,2023,CHEMBL5948751,7.54,=,=,IC50,nM,29.0,IC50,nM,29.0,Cc1oc2ncn(Cc3nnn(C[C@H](O)c4ccc(Br)cc4)n3)c(=O)c2c1C(N)=O,JKSIUQSXQUJUQN-LBPRGKRZSA-N
29014316,CHEMBL5739380,B,Cc1oc2ncn(Cc3nnn(C[C@H](O)c4cc5cccc(F)c5o4)n3)c(=O)c2c1C(N)=O,,CHEMBL5729732,2023,CHEMBL6018787,7.31,=,=,IC50,nM,49.0,IC50,nM,49.0,Cc1oc2ncn(Cc3nnn(C[C@H](O)c4cc5cccc(F)c5o4)n3)c(=O)c2c1C(N)=O,ISXARGDWFYMWFH-LBPRGKRZSA-N
29014319,CHEMBL5739380,B,Cc1oc2ncn(Cc3nnn(C[C@H](O)c4cc5cc(Cl)ccc5o4)n3)c(=O)c2c1C(N)=O,,CHEMBL5729732,2023,CHEMBL5171677,7.92,=,=,IC50,nM,12.0,IC50,nM,12.0,Cc1oc2ncn(Cc3nnn(C[C@H](O)c4cc5cc(Cl)ccc5o4)n3)c(=O)c2c1C(N)=O,IPJMGIPUWRMURN-LBPRGKRZSA-N
29014322,CHEMBL5739380,B,Cc1oc2ncn(Cc3nnn(C[C@H](O)c4cc5cc(F)ccc5o4)n3)c(=O)c2c1C(N)=O,,CHEMBL5729732,2023,CHEMBL5766384,7.75,=,=,IC50,nM,18.0,IC50,nM,18.0,Cc1oc2ncn(Cc3nnn(C[C@H](O)c4cc5cc(F)ccc5o4)n3)c(=O)c2c1C(N)=O,VDIXOYLZZZHDQJ-LBPRGKRZSA-N
29014325,CHEMBL5739380,B,CC1NN(C)c2ncn(Cc3nnn(CCc4ccc(Cl)cc4)n3)c(=O)c21,,CHEMBL5729732,2023,CHEMBL5757346,6.44,=,=,IC50,nM,366.0,IC50,nM,366.0,CC1NN(C)c2ncn(Cc3nnn(CCc4ccc(Cl)cc4)n3)c(=O)c21,FPWZCPBCLPFHEF-UHFFFAOYSA-N
29014328,CHEMBL5739380,B,Cn1nnc2ncn(Cc3nnn(CCc4ccc(Cl)cc4)n3)c(=O)c21,,CHEMBL5729732,2023,CHEMBL5891037,5.95,=,=,IC50,nM,1120.0,IC50,nM,1120.0,Cn1nnc2ncn(Cc3nnn(CCc4ccc(Cl)cc4)n3)c(=O)c21,VEMZHLOZTPSJFN-UHFFFAOYSA-N
29014331,CHEMBL5739380,B,O=c1c2cccnc2ncn1Cc1nc(CC(O)c2ccc(Cl)cc2)no1,,CHEMBL5729732,2023,CHEMBL3786639,7.28,=,=,IC50,nM,52.0,IC50,nM,52.0,O=c1c2cccnc2ncn1Cc1nc(CC(O)c2ccc(Cl)cc2)no1,PIMAYQFCABRHBK-UHFFFAOYSA-N
29154314,CHEMBL6104158,B,CCN(c1cccc(C)c1)S(=O)(=O)c1nnc(NC(=O)c2ccccc2)s1,,CHEMBL6103546,2025,CHEMBL6143379,6.89,=,=,IC50,nM,130.0,IC50,uM,0.13,CCN(c1cccc(C)c1)S(=O)(=O)c1nnc(NC(=O)c2ccccc2)s1,OPWGCVSCPKEDAN-UHFFFAOYSA-N
29154315,CHEMBL6104159,B,C[C@H]1[C@H](F)C[C@@H](C(=O)NCc2cc(-c3cnc(C(F)(F)F)nc3)ncc2C(F)(F)F)N1S(=O)(=O)c1ccc(F)cc1,,CHEMBL6103546,2025,CHEMBL4865238,8.77,=,=,IC50,nM,1.7,IC50,nM,1.7,C[C@H]1[C@H](F)C[C@@H](C(=O)NCc2cc(-c3cnc(C(F)(F)F)nc3)ncc2C(F)(F)F)N1S(=O)(=O)c1ccc(F)cc1,RGXNECXVRZKGGH-UOXRKKOCSA-N
